date,product_id,product_name,scope,metric,revenue,units,transactions,z_score,roll_mean,is_anomaly,severity,direction,iqr_flag
2011-10-11,21843,smashed,product,price,10.2,32,,-5.295,10.92,True,Critical,Drop,False
2011-07-11,22625,,product,price,4.25,4,,-5.18,8.31,True,Critical,Drop,True
2011-03-10,22726,,product,price,3.4166666666666665,108,,-5.004,3.74,True,Critical,Drop,True
2011-12-01,21621,,product,price,7.470588235294118,102,,-4.761,8.49,True,Critical,Drop,True
2012-02-13,C2,,product,price,48.4,22,,-4.601,49.98,True,Critical,Drop,False
2011-07-12,22727,ALARM CLOCK BAKELIKE RED ,product,price,3.03714069591528,661,,-4.461,3.7,True,Critical,Drop,True
2011-04-07,48194,DOORMAT HEARTS,product,price,4.58,300,,-4.449,7.76,True,Critical,Drop,True
2011-02-06,22727,ALARM CLOCK BAKELIKE RED ,product,price,3.55,18,,-4.364,3.74,True,Critical,Drop,False
2011-03-02,22727,ALARM CLOCK BAKELIKE RED ,product,price,3.4166666666666665,54,,-4.265,3.73,True,Critical,Drop,True
2011-04-07,48187,DOORMAT NEW ENGLAND,product,price,4.602317880794702,302,,-4.248,7.7,True,Critical,Drop,True
2011-03-03,21621,,product,price,7.002463054187192,203,,-4.247,8.41,True,Critical,Drop,True
2011-11-08,21843,smashed,product,price,9.95,24,,-4.196,10.89,True,Critical,Drop,True
2011-07-06,23284,,product,price,4.7404761904761905,210,,-4.086,7.45,True,Critical,Drop,True
2011-04-07,21523,DOORMAT FANCY FONT HOME SWEET HOME,product,price,4.58,300,,-4.022,7.68,True,Critical,Drop,True
2011-04-05,23298,"BUNTING , SPOTTY ",product,price,4.170779220779221,154,,-4.007,4.91,True,Critical,Drop,True
2013-11-29,23298,"BUNTING , SPOTTY ",product,revenue,422.0,83,,4.005,79.0,True,Critical,Spike,True
2012-09-17,48187,DOORMAT NEW ENGLAND,product,revenue,497.49,65,,4.007,75.97,True,Critical,Spike,True
2014-02-18,M,Manual,product,revenue,8750.07,63,,4.017,1565.1,True,Critical,Spike,True
2014-10-10,85123A,CREAM HANGING HEART T-LIGHT HOLDER,product,revenue,389.66,133,,4.019,66.42,True,Critical,Spike,True
2013-12-02,22960,JAM MAKING SET WITH JARS,product,revenue,289.31,68,,4.02,63.19,True,Critical,Spike,True
2014-12-08,22847,,product,revenue,747.3,47,,4.021,138.24,True,Critical,Spike,True
2012-04-17,22086,PAPER CHAIN KIT 50'S CHRISTMAS ,product,revenue,272.6,94,,4.024,46.45,True,Critical,Spike,True
2015-03-04,22139,amazon,product,revenue,290.68,57,,4.024,58.07,True,Critical,Spike,True
2015-01-07,21843,smashed,product,revenue,1026.63,99,,4.025,157.21,True,Critical,Spike,True
2015-12-19,22457,NATURAL SLATE HEART CHALKBOARD ,product,revenue,255.26,88,,4.027,48.27,True,Critical,Spike,True
2015-06-06,21523,DOORMAT FANCY FONT HOME SWEET HOME,product,revenue,442.18,58,,4.029,85.23,True,Critical,Spike,True
2015-02-23,22086,PAPER CHAIN KIT 50'S CHRISTMAS ,product,revenue,287.0,100,,4.033,53.22,True,Critical,Spike,True
2011-11-08,M,Manual,product,price,2500.0,1,,4.033,199.78,True,Critical,Spike,True
2011-05-12,22720,,product,price,6.073076923076923,26,,4.034,4.89,True,Critical,Spike,True
2012-11-08,22727,ALARM CLOCK BAKELIKE RED ,product,revenue,330.15,87,,4.035,57.38,True,Critical,Spike,True
2012-04-16,22423,damages,product,revenue,1544.04,120,,4.041,307.46,True,Critical,Spike,True
2013-04-03,47566,PARTY BUNTING,product,revenue,333.11,69,,4.042,80.57,True,Critical,Spike,True
2014-12-29,22086,PAPER CHAIN KIT 50'S CHRISTMAS ,product,revenue,332.48,113,,4.043,62.42,True,Critical,Spike,True
2013-03-30,20685,DOORMAT RED RETROSPOT,product,revenue,552.08,70,,4.046,115.6,True,Critical,Spike,True
2015-04-17,48187,DOORMAT NEW ENGLAND,product,revenue,588.53,72,,4.048,115.78,True,Critical,Spike,True
2013-05-02,79321,,product,revenue,336.93,63,,4.055,63.77,True,Critical,Spike,True
2012-11-13,48138,DOORMAT UNION FLAG,product,revenue,820.33,103,,4.056,120.28,True,Critical,Spike,True
2013-11-26,21523,DOORMAT FANCY FONT HOME SWEET HOME,product,revenue,548.83,71,,4.072,98.06,True,Critical,Spike,True
2011-06-09,22624,IVORY KITCHEN SCALES,product,revenue,268.6,34,,4.072,58.33,True,Critical,Spike,False
2014-02-19,21621,,product,revenue,468.63,57,,4.075,108.76,True,Critical,Spike,True
2011-10-10,22139,amazon,product,price,6.172325581395349,43,,4.075,4.89,True,Critical,Spike,True
2012-12-13,48194,DOORMAT HEARTS,product,revenue,716.93,94,,4.077,123.82,True,Critical,Spike,True
2013-12-13,23284,,product,revenue,930.28,116,,4.081,141.85,True,Critical,Spike,True
2013-05-20,22112,CHOCOLATE HOT WATER BOTTLE,product,revenue,500.91,101,,4.089,83.06,True,Critical,Spike,True
2013-07-30,21621,,product,revenue,798.07,91,,4.091,128.79,True,Critical,Spike,True
2012-01-05,22776,SWEETHEART 3 TIER CAKE STAND ,product,revenue,338.71,35,,4.095,54.81,True,Critical,Spike,True
2015-08-06,22193,RED DINER WALL CLOCK,product,revenue,398.56,47,,4.097,84.53,True,Critical,Spike,True
2014-11-27,22487,WHITE WOOD GARDEN PLANT LADDER,product,revenue,593.46,63,,4.099,112.03,True,Critical,Spike,True
2014-06-16,22624,IVORY KITCHEN SCALES,product,revenue,859.79,101,,4.1,147.34,True,Critical,Spike,True
2012-05-05,22111,SCOTTIE DOG HOT WATER BOTTLE,product,revenue,284.48,56,,4.103,60.56,True,Critical,Spike,True
2012-11-02,84879,damaged,product,revenue,177.5,107,,4.103,32.06,True,Critical,Spike,True
2012-10-20,22086,PAPER CHAIN KIT 50'S CHRISTMAS ,product,revenue,268.28,88,,4.107,44.96,True,Critical,Spike,True
2014-02-10,22727,ALARM CLOCK BAKELIKE RED ,product,revenue,348.53,91,,4.121,63.1,True,Critical,Spike,True
2013-09-02,M,Manual,product,revenue,6420.5,50,,4.121,1236.48,True,Critical,Spike,True
2013-03-02,22727,ALARM CLOCK BAKELIKE RED ,product,revenue,209.45,55,,4.123,46.82,True,Critical,Spike,True
2013-10-26,22138,BAKING SET 9 PIECE RETROSPOT ,product,revenue,484.0,100,,4.127,88.16,True,Critical,Spike,True
2011-03-03,22960,JAM MAKING SET WITH JARS,product,revenue,535.0,140,,4.127,100.04,True,Critical,Spike,True
2015-10-02,84879,damaged,product,revenue,208.42,120,,4.13,37.38,True,Critical,Spike,True
2014-07-24,22727,ALARM CLOCK BAKELIKE RED ,product,revenue,234.69,63,,4.132,48.0,True,Critical,Spike,True
2014-09-18,85099B,JUMBO BAG RED RETROSPOT,product,revenue,213.15,109,,4.138,42.72,True,Critical,Spike,True
2015-12-02,22720,,product,revenue,397.98,81,,4.141,82.38,True,Critical,Spike,True
2015-05-13,23298,"BUNTING , SPOTTY ",product,revenue,334.56,71,,4.146,67.11,True,Critical,Spike,True
2013-07-22,47566,PARTY BUNTING,product,revenue,521.56,103,,4.146,103.74,True,Critical,Spike,True
2012-04-12,82484,WOOD BLACK BOARD ANT WHITE FINISH,product,revenue,600.4,79,,4.149,105.57,True,Critical,Spike,True
2013-12-18,22111,SCOTTIE DOG HOT WATER BOTTLE,product,revenue,571.02,112,,4.152,91.51,True,Critical,Spike,True
2014-06-23,84879,damaged,product,revenue,157.14,90,,4.152,29.21,True,Critical,Spike,True
2013-11-13,22086,PAPER CHAIN KIT 50'S CHRISTMAS ,product,revenue,237.07,78,,4.167,48.77,True,Critical,Spike,True
2015-09-08,22726,,product,revenue,294.54,77,,4.171,60.35,True,Critical,Spike,True
2011-08-04,M,Manual,product,price,1867.86,1,,4.172,150.23,True,Critical,Spike,True
2013-04-30,22624,IVORY KITCHEN SCALES,product,revenue,817.0,100,,4.175,152.97,True,Critical,Spike,True
2015-01-15,21621,,product,revenue,794.36,97,,4.202,133.99,True,Critical,Spike,True
2014-04-16,23245,SET OF 3 REGENCY CAKE TINS,product,revenue,276.37,55,,4.205,60.8,True,Critical,Spike,True
2012-06-20,22605,WOODEN CROQUET GARDEN SET,product,revenue,669.95,45,,4.21,110.81,True,Critical,Spike,True
2015-08-18,79321,,product,revenue,333.99,64,,4.215,61.6,True,Critical,Spike,True
2014-07-12,79321,,product,revenue,541.78,103,,4.221,96.98,True,Critical,Spike,True
2015-01-03,22139,amazon,product,revenue,503.88,104,,4.223,99.81,True,Critical,Spike,True
2014-01-28,48187,DOORMAT NEW ENGLAND,product,revenue,845.96,112,,4.241,144.43,True,Critical,Spike,True
2011-09-06,21523,DOORMAT FANCY FONT HOME SWEET HOME,product,revenue,1381.95,301,,4.245,140.51,True,Critical,Spike,True
2014-04-26,22138,BAKING SET 9 PIECE RETROSPOT ,product,revenue,296.5,57,,4.247,62.86,True,Critical,Spike,True
2014-03-07,22720,,product,revenue,507.0,100,,4.25,77.41,True,Critical,Spike,True
2015-04-30,48194,DOORMAT HEARTS,product,revenue,484.51,60,,4.254,99.93,True,Critical,Spike,True
2012-01-04,22193,RED DINER WALL CLOCK,product,revenue,330.63,40,,4.258,52.83,True,Critical,Spike,True
2011-09-06,20685,DOORMAT RED RETROSPOT,product,revenue,1405.8,304,,4.26,161.49,True,Critical,Spike,True
2011-03-03,21621,,product,revenue,1421.5,203,,4.264,117.83,True,Critical,Spike,True
2014-03-27,47566,PARTY BUNTING,product,revenue,532.0,113,,4.266,100.7,True,Critical,Spike,True
2011-11-10,22193,RED DINER WALL CLOCK,product,revenue,200.6,26,,4.268,42.66,True,Critical,Spike,False
2012-10-09,85099B,JUMBO BAG RED RETROSPOT,product,revenue,217.72,108,,4.272,42.85,True,Critical,Spike,True
2013-08-26,22655,damages/showroom etc,product,revenue,6217.77,39,,4.273,1286.73,True,Critical,Spike,True
2012-01-31,22847,,product,revenue,710.44,42,,4.276,107.64,True,Critical,Spike,True
2012-11-09,21755,LOVE BUILDING BLOCK WORD,product,revenue,319.77,51,,4.277,51.99,True,Critical,Spike,True
2011-10-10,22138,BAKING SET 9 PIECE RETROSPOT ,product,price,6.618571428571428,21,,4.278,4.85,True,Critical,Spike,True
2014-02-15,23284,,product,revenue,884.12,117,,4.282,133.7,True,Critical,Spike,True
2014-11-28,22776,SWEETHEART 3 TIER CAKE STAND ,product,revenue,690.3,70,,4.286,132.27,True,Critical,Spike,True
2014-06-13,DOT,,product,revenue,61841.0,100,,4.288,6871.22,True,Critical,Spike,True
2013-03-05,M,Manual,product,revenue,6109.4,44,,4.289,1098.06,True,Critical,Spike,True
2012-11-24,21755,LOVE BUILDING BLOCK WORD,product,revenue,494.36,81,,4.294,68.5,True,Critical,Spike,True
2012-02-25,22960,JAM MAKING SET WITH JARS,product,revenue,438.27,103,,4.295,68.49,True,Critical,Spike,True
2014-09-13,21754,HOME BUILDING BLOCK WORD,product,revenue,402.97,67,,4.298,69.83,True,Critical,Spike,True
2015-03-19,22139,amazon,product,revenue,513.08,106,,4.304,72.39,True,Critical,Spike,True
2012-11-24,22960,JAM MAKING SET WITH JARS,product,revenue,316.8,75,,4.305,45.3,True,Critical,Spike,True
2011-09-06,48138,DOORMAT UNION FLAG,product,revenue,1413.75,305,,4.305,136.36,True,Critical,Spike,True
2014-08-13,22727,ALARM CLOCK BAKELIKE RED ,product,revenue,368.0,100,,4.306,57.56,True,Critical,Spike,True
2011-09-06,48194,DOORMAT HEARTS,product,revenue,1389.9,302,,4.307,129.0,True,Critical,Spike,True
2012-09-27,M,Manual,product,revenue,6835.0,50,,4.308,1184.59,True,Critical,Spike,True
2011-05-12,21755,LOVE BUILDING BLOCK WORD,product,price,7.492,5,,4.31,6.0,True,Critical,Spike,True
2012-07-25,22139,amazon,product,revenue,397.45,79,,4.314,65.13,True,Critical,Spike,True
2015-08-25,22727,ALARM CLOCK BAKELIKE RED ,product,revenue,467.34,124,,4.32,69.38,True,Critical,Spike,True
2014-12-22,48138,DOORMAT UNION FLAG,product,revenue,582.6,74,,4.32,101.18,True,Critical,Spike,True
2015-10-24,23355,HOT WATER BOTTLE KEEP CALM,product,revenue,401.12,82,,4.324,76.28,True,Critical,Spike,True
2015-09-04,20685,DOORMAT RED RETROSPOT,product,revenue,894.15,112,,4.326,124.54,True,Critical,Spike,True
2012-10-27,22624,IVORY KITCHEN SCALES,product,revenue,1028.05,119,,4.327,148.83,True,Critical,Spike,True
2015-12-28,21843,smashed,product,revenue,825.48,73,,4.328,133.04,True,Critical,Spike,True
2012-01-09,22846,BREAD BIN DINER STYLE RED ,product,revenue,238.39,14,,4.328,53.2,True,Critical,Spike,False
2014-11-10,79321,,product,revenue,418.96,77,,4.331,66.43,True,Critical,Spike,True
2015-05-08,85123A,CREAM HANGING HEART T-LIGHT HOLDER,product,revenue,450.5,157,,4.333,81.01,True,Critical,Spike,True
2011-06-12,22111,SCOTTIE DOG HOT WATER BOTTLE,product,revenue,658.5,150,,4.342,96.9,True,Critical,Spike,True
2011-08-06,22424,ENAMEL BREAD BIN CREAM,product,revenue,226.2,20,,4.342,40.51,True,Critical,Spike,False
2015-12-14,82484,WOOD BLACK BOARD ANT WHITE FINISH,product,revenue,732.3,98,,4.343,119.5,True,Critical,Spike,True
2013-12-13,22112,CHOCOLATE HOT WATER BOTTLE,product,revenue,629.35,126,,4.344,96.51,True,Critical,Spike,True
2014-05-23,48138,DOORMAT UNION FLAG,product,revenue,563.74,71,,4.345,94.67,True,Critical,Spike,True
2012-04-10,84078A,SET/4 WHITE RETRO STORAGE CUBES ,product,revenue,1621.2,42,,4.348,243.49,True,Critical,Spike,True
2015-12-15,22625,,product,revenue,719.66,87,,4.353,135.64,True,Critical,Spike,True
2014-12-29,23355,HOT WATER BOTTLE KEEP CALM,product,revenue,410.75,84,,4.357,73.46,True,Critical,Spike,True
2015-10-07,M,Manual,product,revenue,7279.8,55,,4.357,1480.66,True,Critical,Spike,True
2011-07-02,82484,WOOD BLACK BOARD ANT WHITE FINISH,product,revenue,996.93,207,,4.36,136.43,True,Critical,Spike,True
2012-06-27,C2,,product,revenue,3317.6,65,,4.364,358.41,True,Critical,Spike,True
2015-04-29,22487,WHITE WOOD GARDEN PLANT LADDER,product,revenue,646.53,69,,4.365,111.01,True,Critical,Spike,True
2013-05-08,21843,smashed,product,revenue,803.69,73,,4.372,138.25,True,Critical,Spike,True
2011-10-11,21843,smashed,product,revenue,326.4,32,,4.374,53.95,True,Critical,Spike,False
2014-11-29,48187,DOORMAT NEW ENGLAND,product,revenue,766.42,95,,4.375,132.53,True,Critical,Spike,True
2013-05-04,22423,damages,product,revenue,1581.0,126,,4.382,265.74,True,Critical,Spike,True
2014-07-30,22960,JAM MAKING SET WITH JARS,product,revenue,438.27,108,,4.382,77.5,True,Critical,Spike,True
2013-03-21,22086,PAPER CHAIN KIT 50'S CHRISTMAS ,product,revenue,333.98,117,,4.385,48.72,True,Critical,Spike,True
2013-10-24,22605,WOODEN CROQUET GARDEN SET,product,revenue,857.06,58,,4.39,130.92,True,Critical,Spike,True
2011-04-08,22139,amazon,product,revenue,263.4,60,,4.391,51.1,True,Critical,Spike,True
2013-05-22,22086,PAPER CHAIN KIT 50'S CHRISTMAS ,product,revenue,301.03,101,,4.395,60.25,True,Critical,Spike,True
2015-08-21,22624,IVORY KITCHEN SCALES,product,revenue,1189.0,142,,4.399,174.99,True,Critical,Spike,True
2012-06-13,22423,damages,product,revenue,1811.07,143,,4.4,390.36,True,Critical,Spike,True
2012-04-02,23355,HOT WATER BOTTLE KEEP CALM,product,revenue,288.49,57,,4.401,49.56,True,Critical,Spike,True
2011-09-06,48187,DOORMAT NEW ENGLAND,product,revenue,1437.6,308,,4.407,130.27,True,Critical,Spike,True
2011-04-07,20685,DOORMAT RED RETROSPOT,product,revenue,916.0,200,,4.412,103.42,True,Critical,Spike,True
2015-02-26,21754,HOME BUILDING BLOCK WORD,product,revenue,624.0,100,,4.413,90.51,True,Critical,Spike,True
2012-12-28,22720,,product,revenue,448.65,92,,4.417,84.14,True,Critical,Spike,True
2012-09-17,84078A,SET/4 WHITE RETRO STORAGE CUBES ,product,revenue,3259.85,82,,4.427,459.17,True,Critical,Spike,True
2011-11-02,22624,IVORY KITCHEN SCALES,product,revenue,367.2,48,,4.44,68.74,True,Critical,Spike,True
2014-12-12,22720,,product,revenue,547.51,111,,4.44,106.5,True,Critical,Spike,True
2013-10-01,23284,,product,revenue,745.85,94,,4.448,111.68,True,Critical,Spike,True
2014-04-16,22424,ENAMEL BREAD BIN CREAM,product,revenue,1205.4,98,,4.452,176.3,True,Critical,Spike,True
2012-04-26,23355,HOT WATER BOTTLE KEEP CALM,product,revenue,530.21,109,,4.454,70.46,True,Critical,Spike,True
2015-06-08,22138,BAKING SET 9 PIECE RETROSPOT ,product,revenue,465.85,90,,4.458,75.97,True,Critical,Spike,True
2014-04-12,22112,CHOCOLATE HOT WATER BOTTLE,product,revenue,466.16,95,,4.46,70.14,True,Critical,Spike,True
2011-03-11,22086,PAPER CHAIN KIT 50'S CHRISTMAS ,product,revenue,2763.25,1075,,4.474,347.34,True,Critical,Spike,True
2012-06-11,21621,,product,revenue,516.2,58,,4.476,92.05,True,Critical,Spike,True
2012-11-09,22625,,product,revenue,873.14,101,,4.484,127.38,True,Critical,Spike,True
2013-12-26,48194,DOORMAT HEARTS,product,revenue,506.35,65,,4.487,78.71,True,Critical,Spike,True
2011-12-05,22423,damages,product,revenue,1830.15,165,,4.489,414.67,True,Critical,Spike,True
2014-02-19,85123A,CREAM HANGING HEART T-LIGHT HOLDER,product,revenue,420.7,144,,4.489,66.01,True,Critical,Spike,True
2014-12-17,22605,WOODEN CROQUET GARDEN SET,product,revenue,1409.8,100,,4.49,200.32,True,Critical,Spike,True
2015-01-15,85066,CREAM SWEETHEART MINI CHEST,product,revenue,985.37,80,,4.49,173.74,True,Critical,Spike,True
2013-04-08,48187,DOORMAT NEW ENGLAND,product,revenue,637.53,83,,4.491,103.12,True,Critical,Spike,True
2015-12-04,84879,damaged,product,revenue,197.15,117,,4.493,35.69,True,Critical,Spike,True
2015-04-22,22111,SCOTTIE DOG HOT WATER BOTTLE,product,revenue,236.5,50,,4.494,48.11,True,Critical,Spike,True
2012-01-30,22424,ENAMEL BREAD BIN CREAM,product,revenue,692.64,52,,4.495,95.74,True,Critical,Spike,True
2014-05-23,22847,,product,revenue,1864.85,115,,4.495,269.64,True,Critical,Spike,True
2011-10-10,48194,DOORMAT HEARTS,product,price,15.79,2,,4.502,7.9,True,Critical,Spike,True
2015-04-30,22111,SCOTTIE DOG HOT WATER BOTTLE,product,revenue,428.92,89,,4.528,60.12,True,Critical,Spike,True
2011-10-11,21523,DOORMAT FANCY FONT HOME SWEET HOME,product,price,15.79,1,,4.538,7.71,True,Critical,Spike,True
2014-09-01,48138,DOORMAT UNION FLAG,product,revenue,762.03,96,,4.544,125.29,True,Critical,Spike,True
2013-08-21,22726,,product,revenue,419.12,107,,4.545,72.66,True,Critical,Spike,True
2012-10-20,22193,RED DINER WALL CLOCK,product,revenue,937.84,110,,4.548,135.52,True,Critical,Spike,True
2015-05-06,21755,LOVE BUILDING BLOCK WORD,product,revenue,445.0,77,,4.555,81.26,True,Critical,Spike,True
2015-10-19,21621,,product,revenue,581.07,68,,4.556,97.17,True,Critical,Spike,True
2013-01-07,82483,crushed,product,revenue,644.0,100,,4.562,102.65,True,Critical,Spike,True
2011-03-11,85066,CREAM SWEETHEART MINI CHEST,product,revenue,1153.2,104,,4.566,132.28,True,Critical,Spike,True
2012-01-17,22625,,product,revenue,570.52,68,,4.577,76.9,True,Critical,Spike,True
2011-10-10,22624,IVORY KITCHEN SCALES,product,price,10.306666666666667,9,,4.594,8.5,True,Critical,Spike,True
2011-06-10,85099B,JUMBO BAG RED RETROSPOT,product,revenue,2721.8,1480,,4.602,363.26,True,Critical,Spike,True
2014-08-08,22457,NATURAL SLATE HEART CHALKBOARD ,product,revenue,335.4,110,,4.604,47.87,True,Critical,Spike,True
2012-04-12,C2,,product,revenue,2027.6,40,,4.615,215.02,True,Critical,Spike,True
2013-11-29,48138,DOORMAT UNION FLAG,product,revenue,978.07,123,,4.62,112.32,True,Critical,Spike,True
2011-05-10,23245,SET OF 3 REGENCY CAKE TINS,product,revenue,1215.0,292,,4.621,134.17,True,Critical,Spike,True
2013-03-06,22487,WHITE WOOD GARDEN PLANT LADDER,product,revenue,764.61,77,,4.63,116.75,True,Critical,Spike,True
2012-06-14,82484,WOOD BLACK BOARD ANT WHITE FINISH,product,revenue,696.79,92,,4.635,106.43,True,Critical,Spike,True
2015-01-02,22727,ALARM CLOCK BAKELIKE RED ,product,revenue,514.62,134,,4.636,77.0,True,Critical,Spike,True
2012-07-03,22424,ENAMEL BREAD BIN CREAM,product,revenue,1683.48,138,,4.639,238.6,True,Critical,Spike,True
2012-09-14,22423,damages,product,revenue,1138.39,91,,4.641,213.31,True,Critical,Spike,True
2013-05-07,85066,CREAM SWEETHEART MINI CHEST,product,revenue,923.04,72,,4.643,178.69,True,Critical,Spike,True
2014-11-14,22846,BREAD BIN DINER STYLE RED ,product,revenue,1154.16,70,,4.654,162.2,True,Critical,Spike,True
2011-05-12,22424,ENAMEL BREAD BIN CREAM,product,price,18.855,2,,4.668,12.71,True,Critical,Spike,True
2014-05-03,22193,RED DINER WALL CLOCK,product,revenue,612.0,72,,4.682,82.05,True,Critical,Spike,True
2013-03-29,21621,,product,revenue,783.58,92,,4.686,99.23,True,Critical,Spike,True
2011-10-10,22193,RED DINER WALL CLOCK,product,price,9.51625,8,,4.7,8.52,True,Critical,Spike,True
2011-04-07,21523,DOORMAT FANCY FONT HOME SWEET HOME,product,revenue,1374.0,300,,4.701,107.02,True,Critical,Spike,True
2011-05-12,22138,BAKING SET 9 PIECE RETROSPOT ,product,price,7.383333333333333,12,,4.702,5.04,True,Critical,Spike,True
2011-07-06,48138,DOORMAT UNION FLAG,product,revenue,939.85,203,,4.704,102.07,True,Critical,Spike,True
2011-05-01,79321,,product,revenue,2270.85,563,,4.711,227.59,True,Critical,Spike,True
2015-08-15,22112,CHOCOLATE HOT WATER BOTTLE,product,revenue,479.43,101,,4.713,76.22,True,Critical,Spike,True
2013-12-21,84879,damaged,product,revenue,253.27,149,,4.715,42.17,True,Critical,Spike,True
2012-11-27,22457,NATURAL SLATE HEART CHALKBOARD ,product,revenue,398.92,136,,4.724,59.39,True,Critical,Spike,True
2011-05-12,22960,JAM MAKING SET WITH JARS,product,price,6.086363636363636,11,,4.731,4.19,True,Critical,Spike,True
2012-02-06,48187,DOORMAT NEW ENGLAND,product,revenue,875.22,111,,4.741,105.41,True,Critical,Spike,True
2013-04-18,22138,BAKING SET 9 PIECE RETROSPOT ,product,revenue,380.5,77,,4.743,58.4,True,Critical,Spike,True
2011-05-04,22726,,product,revenue,1024.5,302,,4.763,116.58,True,Critical,Spike,True
2012-10-06,85066,CREAM SWEETHEART MINI CHEST,product,revenue,1269.4,100,,4.765,181.64,True,Critical,Spike,True
2014-06-13,,,overall,revenue,81500.45,6575,677.0,4.774,19868.52,True,Critical,Spike,True
2012-01-09,22487,WHITE WOOD GARDEN PLANT LADDER,product,revenue,314.03,31,,4.783,41.9,True,Critical,Spike,True
2012-03-31,22720,,product,revenue,782.85,157,,4.786,115.76,True,Critical,Spike,True
2011-09-12,,,overall,revenue,184198.67,90465,600.0,4.792,31662.45,True,Critical,Spike,True
2011-05-12,22726,,product,price,4.852972972972973,37,,4.811,3.76,True,Critical,Spike,True
2013-10-16,23245,SET OF 3 REGENCY CAKE TINS,product,revenue,580.82,117,,4.846,57.23,True,Critical,Spike,True
2014-05-02,21843,smashed,product,revenue,946.8,90,,4.849,131.83,True,Critical,Spike,True
2012-01-03,21755,LOVE BUILDING BLOCK WORD,product,revenue,496.47,86,,4.852,58.29,True,Critical,Spike,True
2012-03-23,21523,DOORMAT FANCY FONT HOME SWEET HOME,product,revenue,564.34,73,,4.86,75.24,True,Critical,Spike,True
2015-05-02,22727,ALARM CLOCK BAKELIKE RED ,product,revenue,422.66,113,,4.866,55.63,True,Critical,Spike,True
2015-09-21,22625,,product,revenue,740.88,90,,4.873,102.52,True,Critical,Spike,True
2015-04-13,20685,DOORMAT RED RETROSPOT,product,revenue,909.96,124,,4.897,103.83,True,Critical,Spike,True
2011-03-10,22139,amazon,product,price,7.6045454545454545,11,,4.923,5.0,True,Critical,Spike,True
2011-03-10,22457,NATURAL SLATE HEART CHALKBOARD ,product,price,4.1925,16,,4.926,2.97,True,Critical,Spike,True
2015-04-18,22605,WOODEN CROQUET GARDEN SET,product,revenue,1408.0,100,,4.947,160.17,True,Critical,Spike,True
2011-09-11,84879,damaged,product,revenue,1929.28,1312,,5.0,195.25,True,Critical,Spike,True
2012-06-05,47566,PARTY BUNTING,product,revenue,901.16,184,,5.002,111.16,True,Critical,Spike,True
2015-11-11,22624,IVORY KITCHEN SCALES,product,revenue,1197.76,144,,5.03,120.56,True,Critical,Spike,True
2011-06-01,22720,,product,revenue,1158.6,268,,5.042,119.54,True,Critical,Spike,True
2011-11-01,21621,,product,revenue,1649.82,186,,5.06,124.44,True,Critical,Spike,True
2014-06-13,22625,,product,revenue,990.73,117,,5.074,114.54,True,Critical,Spike,True
2011-03-05,POST,,product,revenue,8290.75,9,,5.077,515.02,True,Critical,Spike,True
2011-03-05,POST,,product,price,921.1944444444445,9,,5.095,54.84,True,Critical,Spike,True
2013-02-16,22139,amazon,product,revenue,730.34,150,,5.103,71.24,True,Critical,Spike,True
2011-05-04,22727,ALARM CLOCK BAKELIKE RED ,product,revenue,1702.5,502,,5.118,140.1,True,Critical,Spike,True
2011-07-12,22457,NATURAL SLATE HEART CHALKBOARD ,product,revenue,1687.2,656,,5.144,135.75,True,Critical,Spike,True
2011-04-07,48187,DOORMAT NEW ENGLAND,product,revenue,1389.9,302,,5.154,91.82,True,Critical,Spike,True
2011-05-12,21754,HOME BUILDING BLOCK WORD,product,price,11.63,1,,5.156,6.17,True,Critical,Spike,True
2011-04-08,84879,damaged,product,revenue,4868.15,3335,,5.207,303.0,True,Critical,Spike,True
2011-03-10,22624,IVORY KITCHEN SCALES,product,price,16.63,3,,5.22,8.66,True,Critical,Spike,True
2012-02-13,C2,,product,revenue,1064.8,22,,5.241,97.25,True,Critical,Spike,True
2011-04-07,48194,DOORMAT HEARTS,product,revenue,1374.0,300,,5.262,81.05,True,Critical,Spike,True
2011-11-01,85123A,CREAM HANGING HEART T-LIGHT HOLDER,product,revenue,8656.0,3114,,5.276,491.99,True,Critical,Spike,True
2011-10-10,22726,,product,price,4.1033333333333335,21,,5.295,3.76,True,Critical,Spike,True
2012-01-30,C2,,product,price,50.93,3,,5.295,50.03,True,Critical,Spike,False
2011-04-07,20685,DOORMAT RED RETROSPOT,product,price,4.58,200,,-3.873,7.52,True,High,Drop,True
2011-07-06,48138,DOORMAT UNION FLAG,product,price,4.629802955665024,203,,-3.854,7.62,True,High,Drop,True
2011-05-04,22726,,product,price,3.392384105960265,302,,-3.815,3.73,True,High,Drop,True
2011-02-02,21621,,product,price,8.15,3,,-3.75,8.48,True,High,Drop,False
2011-04-08,22424,ENAMEL BREAD BIN CREAM,product,price,10.95,8,,-3.679,12.63,True,High,Drop,True
2011-10-02,22424,ENAMEL BREAD BIN CREAM,product,price,11.31,10,,-3.679,12.65,True,High,Drop,True
2011-03-10,22727,ALARM CLOCK BAKELIKE RED ,product,price,3.400485436893204,103,,-3.466,3.72,True,High,Drop,True
2011-04-08,84879,damaged,product,price,1.4597151424287855,3335,,-3.403,1.67,True,High,Drop,True
2011-08-03,22776,SWEETHEART 3 TIER CAKE STAND ,product,price,8.661111111111111,18,,-3.347,9.84,True,High,Drop,True
2011-11-10,22193,RED DINER WALL CLOCK,product,price,7.7153846153846155,26,,-3.325,8.51,True,High,Drop,True
2011-03-06,22457,NATURAL SLATE HEART CHALKBOARD ,product,price,2.63,60,,-3.264,2.93,True,High,Drop,True
2011-07-08,84879,damaged,product,price,1.4514906832298138,161,,-3.218,1.66,True,High,Drop,True
2011-09-06,48187,DOORMAT NEW ENGLAND,product,price,4.667532467532467,308,,-3.209,7.57,True,High,Drop,True
2011-07-06,21523,DOORMAT FANCY FONT HOME SWEET HOME,product,price,4.596766169154229,201,,-3.199,7.61,True,High,Drop,True
2011-02-06,85066,CREAM SWEETHEART MINI CHEST,product,price,11.35,9,,-3.196,12.61,True,High,Drop,True
2011-09-06,23284,,product,price,4.733018867924528,318,,-3.189,7.4,True,High,Drop,True
2011-09-06,48194,DOORMAT HEARTS,product,price,4.602317880794702,302,,-3.188,7.61,True,High,Drop,True
2011-10-03,22424,ENAMEL BREAD BIN CREAM,product,price,11.15,9,,-3.179,12.6,True,High,Drop,True
2011-01-09,22193,RED DINER WALL CLOCK,product,price,7.65,24,,-3.175,8.43,True,High,Drop,True
2011-09-06,48138,DOORMAT UNION FLAG,product,price,4.635245901639344,305,,-3.158,7.59,True,High,Drop,True
2011-07-06,48187,DOORMAT NEW ENGLAND,product,price,4.613366336633663,202,,-3.153,7.48,True,High,Drop,True
2011-07-06,48194,DOORMAT HEARTS,product,price,4.613366336633663,202,,-3.14,7.66,True,High,Drop,True
2011-02-12,85066,CREAM SWEETHEART MINI CHEST,product,price,10.95,22,,-3.131,12.55,True,High,Drop,True
2011-12-09,21843,smashed,product,price,9.99,25,,-3.13,10.86,True,High,Drop,True
2011-04-11,82484,WOOD BLACK BOARD ANT WHITE FINISH,product,price,4.851639344262295,122,,-3.121,7.47,True,High,Drop,True
2011-09-06,21523,DOORMAT FANCY FONT HOME SWEET HOME,product,price,4.591196013289037,301,,-3.098,7.51,True,High,Drop,True
2011-05-10,21843,smashed,product,price,9.99,25,,-3.048,10.86,True,High,Drop,True
2011-10-06,23298,"BUNTING , SPOTTY ",product,price,4.165686274509804,51,,-3.029,4.85,True,High,Drop,True
2011-01-08,85066,CREAM SWEETHEART MINI CHEST,product,price,11.824285714285715,35,,-3.015,12.67,True,High,Drop,False
2013-07-29,21843,smashed,product,revenue,684.54,66,,3.001,143.98,True,High,Spike,True
2013-07-05,22776,SWEETHEART 3 TIER CAKE STAND ,product,revenue,451.88,44,,3.001,110.31,True,High,Spike,True
2013-10-05,22624,IVORY KITCHEN SCALES,product,revenue,435.8,50,,3.002,131.79,True,High,Spike,True
2015-06-30,85066,CREAM SWEETHEART MINI CHEST,product,revenue,377.87,29,,3.004,108.44,True,High,Spike,False
2015-07-08,21754,HOME BUILDING BLOCK WORD,product,revenue,353.24,59,,3.005,99.79,True,High,Spike,True
2013-09-30,22111,SCOTTIE DOG HOT WATER BOTTLE,product,revenue,289.65,58,,3.005,82.42,True,High,Spike,True
2014-11-17,85123A,CREAM HANGING HEART T-LIGHT HOLDER,product,revenue,236.82,81,,3.005,77.9,True,High,Spike,False
2012-11-02,22423,damages,product,revenue,1141.13,92,,3.007,318.51,True,High,Spike,True
2014-04-15,20685,DOORMAT RED RETROSPOT,product,revenue,441.28,59,,3.009,122.18,True,High,Spike,True
2013-10-28,22111,SCOTTIE DOG HOT WATER BOTTLE,product,revenue,326.96,67,,3.01,83.25,True,High,Spike,True
2011-01-12,22457,NATURAL SLATE HEART CHALKBOARD ,product,revenue,274.35,93,,3.01,88.92,True,High,Spike,True
2014-06-06,79321,,product,revenue,211.34,39,,3.01,57.91,True,High,Spike,True
2012-05-25,22720,,product,revenue,240.2,49,,3.011,72.08,True,High,Spike,True
2015-07-08,23298,"BUNTING , SPOTTY ",product,revenue,186.41,38,,3.012,56.04,True,High,Spike,False
2015-09-21,84879,damaged,product,revenue,100.01,60,,3.014,29.97,True,High,Spike,False
2011-10-11,22960,JAM MAKING SET WITH JARS,product,revenue,264.16,64,,3.015,75.59,True,High,Spike,True
2015-05-19,82486,3 DRAWER ANTIQUE WHITE WOOD CABINET,product,revenue,350.5,40,,3.015,99.35,True,High,Spike,True
2014-11-29,22457,NATURAL SLATE HEART CHALKBOARD ,product,revenue,213.7,71,,3.017,61.16,True,High,Spike,True
2012-04-20,47566,PARTY BUNTING,product,revenue,420.6,85,,3.018,102.26,True,High,Spike,True
2014-06-07,22487,WHITE WOOD GARDEN PLANT LADDER,product,revenue,385.5,40,,3.019,116.16,True,High,Spike,True
2014-09-30,21843,smashed,product,revenue,527.59,50,,3.025,130.27,True,High,Spike,True
2014-12-19,23284,,product,revenue,447.26,56,,3.025,144.44,True,High,Spike,True
2015-11-12,22086,PAPER CHAIN KIT 50'S CHRISTMAS ,product,revenue,284.61,94,,3.026,76.16,True,High,Spike,True
2014-05-26,79321,,product,revenue,194.87,37,,3.027,53.39,True,High,Spike,False
2015-02-10,22487,WHITE WOOD GARDEN PLANT LADDER,product,revenue,598.66,59,,3.028,137.77,True,High,Spike,True
2012-04-10,21754,HOME BUILDING BLOCK WORD,product,revenue,332.05,55,,3.029,83.22,True,High,Spike,True
2011-08-09,22625,,product,revenue,176.8,22,,3.029,43.86,True,High,Spike,False
2011-03-05,47566,PARTY BUNTING,product,revenue,632.6,148,,3.029,149.26,True,High,Spike,True
2015-04-03,22457,NATURAL SLATE HEART CHALKBOARD ,product,revenue,164.55,57,,3.03,41.76,True,High,Spike,True
2013-05-24,20685,DOORMAT RED RETROSPOT,product,revenue,469.2,60,,3.031,112.33,True,High,Spike,True
2013-01-10,22138,BAKING SET 9 PIECE RETROSPOT ,product,revenue,358.36,71,,3.031,72.14,True,High,Spike,True
2013-10-02,23355,HOT WATER BOTTLE KEEP CALM,product,revenue,268.41,57,,3.031,65.7,True,High,Spike,True
2012-08-30,POST,,product,revenue,2431.44,57,,3.032,675.03,True,High,Spike,True
2012-04-13,20685,DOORMAT RED RETROSPOT,product,revenue,346.15,43,,3.036,94.92,True,High,Spike,True
2013-04-04,21755,LOVE BUILDING BLOCK WORD,product,revenue,264.42,43,,3.037,74.91,True,High,Spike,True
2012-02-03,48194,DOORMAT HEARTS,product,revenue,343.26,42,,3.039,80.93,True,High,Spike,True
2015-06-27,22086,PAPER CHAIN KIT 50'S CHRISTMAS ,product,revenue,231.04,78,,3.04,63.42,True,High,Spike,True
2012-04-27,22111,SCOTTIE DOG HOT WATER BOTTLE,product,revenue,177.06,36,,3.041,56.58,True,High,Spike,False
2014-02-13,22624,IVORY KITCHEN SCALES,product,revenue,357.52,41,,3.041,110.54,True,High,Spike,True
2013-09-26,85066,CREAM SWEETHEART MINI CHEST,product,revenue,639.02,51,,3.042,153.56,True,High,Spike,True
2011-03-10,23284,,product,revenue,1702.31,237,,3.044,293.41,True,High,Spike,True
2015-03-05,85123A,CREAM HANGING HEART T-LIGHT HOLDER,product,revenue,261.55,91,,3.044,68.74,True,High,Spike,True
2014-07-14,22726,,product,revenue,298.04,80,,3.046,77.79,True,High,Spike,True
2015-08-01,21755,LOVE BUILDING BLOCK WORD,product,revenue,279.11,46,,3.047,80.05,True,High,Spike,True
2011-04-11,23355,HOT WATER BOTTLE KEEP CALM,product,revenue,1597.95,381,,3.047,351.05,True,High,Spike,True
2012-04-14,20685,DOORMAT RED RETROSPOT,product,revenue,413.26,54,,3.048,107.43,True,High,Spike,True
2014-06-07,22720,,product,revenue,455.67,89,,3.052,115.72,True,High,Spike,True
2014-06-21,85066,CREAM SWEETHEART MINI CHEST,product,revenue,750.48,59,,3.054,185.07,True,High,Spike,True
2011-10-11,22112,CHOCOLATE HOT WATER BOTTLE,product,revenue,561.45,127,,3.055,115.34,True,High,Spike,True
2015-06-12,23245,SET OF 3 REGENCY CAKE TINS,product,revenue,295.8,62,,3.055,71.63,True,High,Spike,True
2014-05-09,22605,WOODEN CROQUET GARDEN SET,product,revenue,797.5,55,,3.057,206.69,True,High,Spike,True
2012-04-28,21754,HOME BUILDING BLOCK WORD,product,revenue,365.93,62,,3.058,86.09,True,High,Spike,True
2015-05-22,23284,,product,revenue,560.0,70,,3.058,140.06,True,High,Spike,True
2014-08-15,23245,SET OF 3 REGENCY CAKE TINS,product,revenue,301.88,62,,3.059,77.0,True,High,Spike,True
2013-03-13,22727,ALARM CLOCK BAKELIKE RED ,product,revenue,200.8,53,,3.065,51.71,True,High,Spike,True
2012-08-06,23245,SET OF 3 REGENCY CAKE TINS,product,revenue,344.4,70,,3.065,68.0,True,High,Spike,True
2015-12-28,22138,BAKING SET 9 PIECE RETROSPOT ,product,revenue,366.34,74,,3.066,84.2,True,High,Spike,True
2014-04-24,22138,BAKING SET 9 PIECE RETROSPOT ,product,revenue,157.15,32,,3.067,53.31,True,High,Spike,False
2012-04-12,22086,PAPER CHAIN KIT 50'S CHRISTMAS ,product,revenue,151.44,52,,3.07,36.87,True,High,Spike,False
2014-05-16,22111,SCOTTIE DOG HOT WATER BOTTLE,product,revenue,243.78,51,,3.071,73.01,True,High,Spike,True
2013-08-22,23355,HOT WATER BOTTLE KEEP CALM,product,revenue,201.65,41,,3.071,53.31,True,High,Spike,False
2014-05-23,82484,WOOD BLACK BOARD ANT WHITE FINISH,product,revenue,368.26,48,,3.071,95.76,True,High,Spike,True
2013-01-12,22086,PAPER CHAIN KIT 50'S CHRISTMAS ,product,revenue,235.5,80,,3.073,67.55,True,High,Spike,True
2012-09-13,22138,BAKING SET 9 PIECE RETROSPOT ,product,revenue,427.5,90,,3.073,92.24,True,High,Spike,True
2012-02-13,22624,IVORY KITCHEN SCALES,product,revenue,396.07,46,,3.078,97.76,True,High,Spike,True
2015-11-14,48138,DOORMAT UNION FLAG,product,revenue,573.1,72,,3.079,125.35,True,High,Spike,True
2012-06-21,22720,,product,revenue,365.41,74,,3.081,99.34,True,High,Spike,True
2014-05-19,22727,ALARM CLOCK BAKELIKE RED ,product,revenue,293.83,78,,3.081,76.32,True,High,Spike,True
2013-10-26,23298,"BUNTING , SPOTTY ",product,revenue,243.24,49,,3.084,67.29,True,High,Spike,False
2012-01-31,22423,damages,product,revenue,1078.04,85,,3.085,326.47,True,High,Spike,True
2014-03-20,21754,HOME BUILDING BLOCK WORD,product,revenue,360.68,58,,3.086,75.32,True,High,Spike,True
2015-09-22,21843,smashed,product,revenue,731.27,66,,3.086,168.83,True,High,Spike,True
2013-03-11,22111,SCOTTIE DOG HOT WATER BOTTLE,product,revenue,264.48,55,,3.087,69.93,True,High,Spike,True
2014-06-05,22720,,product,revenue,378.49,76,,3.087,101.72,True,High,Spike,True
2014-01-29,21755,LOVE BUILDING BLOCK WORD,product,revenue,223.36,37,,3.088,60.02,True,High,Spike,True
2012-01-12,22625,,product,revenue,212.5,25,,3.089,55.86,True,High,Spike,False
2012-08-11,23298,"BUNTING , SPOTTY ",product,revenue,326.96,68,,3.091,90.27,True,High,Spike,True
2014-04-23,22846,BREAD BIN DINER STYLE RED ,product,revenue,610.28,37,,3.092,155.63,True,High,Spike,True
2012-09-19,82486,3 DRAWER ANTIQUE WHITE WOOD CABINET,product,revenue,477.68,56,,3.092,143.97,True,High,Spike,True
2015-12-02,48194,DOORMAT HEARTS,product,revenue,347.27,43,,3.093,92.47,True,High,Spike,True
2015-01-08,22960,JAM MAKING SET WITH JARS,product,revenue,354.16,88,,3.096,90.64,True,High,Spike,True
2013-06-08,22960,JAM MAKING SET WITH JARS,product,revenue,335.72,77,,3.097,78.13,True,High,Spike,True
2014-06-18,20685,DOORMAT RED RETROSPOT,product,revenue,476.8,60,,3.099,134.73,True,High,Spike,True
2014-05-28,22726,,product,revenue,201.44,54,,3.099,59.26,True,High,Spike,True
2012-03-24,23298,"BUNTING , SPOTTY ",product,revenue,318.06,67,,3.099,80.68,True,High,Spike,True
2015-05-22,82486,3 DRAWER ANTIQUE WHITE WOOD CABINET,product,revenue,542.95,62,,3.1,129.6,True,High,Spike,True
2015-05-25,23298,"BUNTING , SPOTTY ",product,revenue,352.6,75,,3.106,85.32,True,High,Spike,True
2012-06-04,21843,smashed,product,revenue,747.32,68,,3.113,178.4,True,High,Spike,True
2011-10-11,22624,IVORY KITCHEN SCALES,product,price,9.978181818181818,11,,3.113,8.57,True,High,Spike,True
2013-05-16,22720,,product,revenue,387.2,80,,3.116,108.39,True,High,Spike,True
2013-06-20,85123A,CREAM HANGING HEART T-LIGHT HOLDER,product,revenue,336.3,118,,3.116,93.72,True,High,Spike,True
2011-01-04,POST,,product,price,59.5,8,,3.117,23.15,True,High,Spike,True
2015-11-16,21621,,product,revenue,560.12,67,,3.118,123.45,True,High,Spike,True
2014-03-12,84879,damaged,product,revenue,140.35,85,,3.124,38.7,True,High,Spike,True
2014-10-07,22720,,product,revenue,264.72,54,,3.127,74.81,True,High,Spike,True
2011-11-11,22139,amazon,product,revenue,327.75,73,,3.128,77.92,True,High,Spike,True
2015-06-30,48138,DOORMAT UNION FLAG,product,revenue,382.86,50,,3.128,90.19,True,High,Spike,True
2014-06-03,21755,LOVE BUILDING BLOCK WORD,product,revenue,252.56,44,,3.133,74.22,True,High,Spike,True
2015-10-22,48187,DOORMAT NEW ENGLAND,product,revenue,301.18,37,,3.133,88.14,True,High,Spike,True
2012-03-30,22457,NATURAL SLATE HEART CHALKBOARD ,product,revenue,131.85,45,,3.136,39.3,True,High,Spike,False
2013-03-30,22720,,product,revenue,204.5,43,,3.136,52.42,True,High,Spike,False
2014-09-12,21621,,product,revenue,589.23,71,,3.137,139.19,True,High,Spike,True
2013-07-03,22138,BAKING SET 9 PIECE RETROSPOT ,product,revenue,297.96,58,,3.138,80.9,True,High,Spike,True
2011-10-10,82483,crushed,product,price,8.386,5,,3.138,6.77,True,High,Spike,True
2015-06-30,22726,,product,revenue,248.72,68,,3.139,67.84,True,High,Spike,True
2015-08-28,22457,NATURAL SLATE HEART CHALKBOARD ,product,revenue,214.47,72,,3.146,52.44,True,High,Spike,True
2014-02-24,22720,,product,revenue,241.67,50,,3.146,58.72,True,High,Spike,True
2013-06-04,21523,DOORMAT FANCY FONT HOME SWEET HOME,product,revenue,282.3,36,,3.149,80.48,True,High,Spike,True
2013-01-10,22727,ALARM CLOCK BAKELIKE RED ,product,revenue,209.36,55,,3.15,58.42,True,High,Spike,True
2012-02-29,23298,"BUNTING , SPOTTY ",product,revenue,257.05,52,,3.154,66.79,True,High,Spike,False
2013-07-30,22487,WHITE WOOD GARDEN PLANT LADDER,product,revenue,645.48,66,,3.155,134.28,True,High,Spike,True
2013-10-25,21843,smashed,product,revenue,422.76,39,,3.156,114.73,True,High,Spike,True
2015-10-20,22111,SCOTTIE DOG HOT WATER BOTTLE,product,revenue,203.45,40,,3.158,53.63,True,High,Spike,False
2015-10-19,22457,NATURAL SLATE HEART CHALKBOARD ,product,revenue,251.46,84,,3.159,59.8,True,High,Spike,True
2014-10-29,22960,JAM MAKING SET WITH JARS,product,revenue,277.83,67,,3.159,83.44,True,High,Spike,True
2012-10-03,85066,CREAM SWEETHEART MINI CHEST,product,revenue,458.28,36,,3.161,143.11,True,High,Spike,True
2012-01-18,21755,LOVE BUILDING BLOCK WORD,product,revenue,486.37,79,,3.162,89.37,True,High,Spike,True
2015-12-02,23245,SET OF 3 REGENCY CAKE TINS,product,revenue,250.9,50,,3.164,73.51,True,High,Spike,True
2013-11-11,22112,CHOCOLATE HOT WATER BOTTLE,product,revenue,313.77,65,,3.165,83.73,True,High,Spike,True
2012-12-27,22826,LOVE SEAT ANTIQUE WHITE METAL,product,revenue,3858.26,31,,3.169,982.47,True,High,Spike,True
2012-01-30,M,Manual,product,revenue,3313.78,25,,3.169,472.22,True,High,Spike,True
2014-01-27,POST,,product,revenue,2803.08,68,,3.172,778.14,True,High,Spike,True
2011-10-10,22112,CHOCOLATE HOT WATER BOTTLE,product,price,5.598888888888889,9,,3.172,4.89,True,High,Spike,True
2015-10-05,21621,,product,revenue,272.43,31,,3.174,89.07,True,High,Spike,False
2015-01-22,82486,3 DRAWER ANTIQUE WHITE WOOD CABINET,product,revenue,743.06,83,,3.181,171.32,True,High,Spike,True
2013-12-13,22487,WHITE WOOD GARDEN PLANT LADDER,product,revenue,441.88,45,,3.182,111.7,True,High,Spike,True
2013-07-13,22111,SCOTTIE DOG HOT WATER BOTTLE,product,revenue,295.72,61,,3.184,76.83,True,High,Spike,True
2014-07-01,22726,,product,revenue,250.1,66,,3.184,64.52,True,High,Spike,True
2012-08-08,23284,,product,revenue,429.99,53,,3.186,125.05,True,High,Spike,True
2013-10-18,82484,WOOD BLACK BOARD ANT WHITE FINISH,product,revenue,380.68,52,,3.186,87.81,True,High,Spike,True
2012-02-21,23298,"BUNTING , SPOTTY ",product,revenue,217.35,45,,3.189,58.59,True,High,Spike,False
2013-05-14,85123A,CREAM HANGING HEART T-LIGHT HOLDER,product,revenue,301.87,101,,3.189,73.77,True,High,Spike,True
2014-05-21,22487,WHITE WOOD GARDEN PLANT LADDER,product,revenue,343.0,35,,3.192,107.72,True,High,Spike,True
2015-08-07,48194,DOORMAT HEARTS,product,revenue,396.8,48,,3.194,102.86,True,High,Spike,True
2013-02-18,22776,SWEETHEART 3 TIER CAKE STAND ,product,revenue,526.83,51,,3.195,142.21,True,High,Spike,True
2012-06-01,22846,BREAD BIN DINER STYLE RED ,product,revenue,608.3,37,,3.196,171.48,True,High,Spike,True
2012-02-04,22846,BREAD BIN DINER STYLE RED ,product,revenue,355.14,22,,3.197,89.21,True,High,Spike,False
2014-03-08,85099B,JUMBO BAG RED RETROSPOT,product,revenue,137.71,70,,3.2,33.43,True,High,Spike,False
2015-04-18,47566,PARTY BUNTING,product,revenue,377.93,77,,3.202,99.84,True,High,Spike,True
2012-08-07,84879,damaged,product,revenue,147.19,86,,3.203,36.65,True,High,Spike,True
2013-05-31,22139,amazon,product,revenue,326.05,67,,3.205,92.63,True,High,Spike,True
2014-12-06,20685,DOORMAT RED RETROSPOT,product,revenue,543.36,72,,3.207,127.52,True,High,Spike,True
2015-06-08,22487,WHITE WOOD GARDEN PLANT LADDER,product,revenue,640.36,67,,3.208,138.94,True,High,Spike,True
2013-04-27,22720,,product,revenue,310.41,63,,3.209,80.21,True,High,Spike,True
2014-11-21,21755,LOVE BUILDING BLOCK WORD,product,revenue,467.21,76,,3.212,105.61,True,High,Spike,True
2014-05-07,85066,CREAM SWEETHEART MINI CHEST,product,revenue,795.32,64,,3.216,175.53,True,High,Spike,True
2012-06-05,,,overall,revenue,38495.81,11298,1208.0,3.218,18696.18,True,High,Spike,True
2013-04-12,48138,DOORMAT UNION FLAG,product,revenue,321.8,42,,3.222,88.91,True,High,Spike,True
2011-06-01,22457,NATURAL SLATE HEART CHALKBOARD ,product,revenue,327.4,124,,3.225,82.48,True,High,Spike,True
2015-08-11,48138,DOORMAT UNION FLAG,product,revenue,469.7,62,,3.227,109.71,True,High,Spike,True
2013-06-27,23355,HOT WATER BOTTLE KEEP CALM,product,revenue,324.97,67,,3.236,76.36,True,High,Spike,True
2012-01-30,C2,,product,revenue,152.79,3,,3.241,65.09,True,High,Spike,False
2015-06-27,82484,WOOD BLACK BOARD ANT WHITE FINISH,product,revenue,434.66,57,,3.242,115.69,True,High,Spike,True
2012-01-26,82483,crushed,product,revenue,237.83,36,,3.244,60.67,True,High,Spike,True
2013-02-12,82484,WOOD BLACK BOARD ANT WHITE FINISH,product,revenue,356.3,49,,3.244,84.27,True,High,Spike,True
2015-07-07,22457,NATURAL SLATE HEART CHALKBOARD ,product,revenue,219.96,78,,3.245,56.03,True,High,Spike,True
2011-02-06,22624,IVORY KITCHEN SCALES,product,revenue,304.3,39,,3.245,71.71,True,High,Spike,False
2015-08-22,22487,WHITE WOOD GARDEN PLANT LADDER,product,revenue,507.57,52,,3.246,115.2,True,High,Spike,True
2013-03-14,21754,HOME BUILDING BLOCK WORD,product,revenue,386.73,62,,3.249,99.02,True,High,Spike,True
2013-03-29,21523,DOORMAT FANCY FONT HOME SWEET HOME,product,revenue,289.25,37,,3.251,86.2,True,High,Spike,True
2015-09-26,21523,DOORMAT FANCY FONT HOME SWEET HOME,product,revenue,364.94,47,,3.251,100.36,True,High,Spike,True
2014-10-01,47566,PARTY BUNTING,product,revenue,366.36,76,,3.251,85.0,True,High,Spike,True
2013-06-29,23355,HOT WATER BOTTLE KEEP CALM,product,revenue,412.36,88,,3.254,89.9,True,High,Spike,True
2015-09-12,22826,LOVE SEAT ANTIQUE WHITE METAL,product,revenue,8407.0,70,,3.255,1675.83,True,High,Spike,True
2014-01-28,82486,3 DRAWER ANTIQUE WHITE WOOD CABINET,product,revenue,588.57,69,,3.257,125.56,True,High,Spike,True
2011-12-05,21754,HOME BUILDING BLOCK WORD,product,revenue,267.6,48,,3.258,61.98,True,High,Spike,True
2014-06-11,48187,DOORMAT NEW ENGLAND,product,revenue,324.22,43,,3.258,82.64,True,High,Spike,True
2015-05-20,22139,amazon,product,revenue,407.43,83,,3.259,95.25,True,High,Spike,True
2013-10-12,22727,ALARM CLOCK BAKELIKE RED ,product,revenue,167.7,46,,3.259,47.23,True,High,Spike,False
2015-08-14,47566,PARTY BUNTING,product,revenue,322.13,64,,3.259,97.1,True,High,Spike,True
2012-05-14,82483,crushed,product,revenue,242.14,36,,3.26,74.32,True,High,Spike,True
2013-02-09,85123A,CREAM HANGING HEART T-LIGHT HOLDER,product,revenue,298.53,105,,3.263,70.72,True,High,Spike,True
2015-07-09,22139,amazon,product,revenue,356.24,73,,3.264,79.17,True,High,Spike,True
2012-02-09,22605,WOODEN CROQUET GARDEN SET,product,revenue,349.4,24,,3.266,84.07,True,High,Spike,False
2012-06-22,22112,CHOCOLATE HOT WATER BOTTLE,product,revenue,509.45,107,,3.268,102.76,True,High,Spike,True
2015-06-23,85123A,CREAM HANGING HEART T-LIGHT HOLDER,product,revenue,347.31,119,,3.268,86.85,True,High,Spike,True
2013-10-08,82483,crushed,product,revenue,497.28,78,,3.272,111.56,True,High,Spike,True
2013-11-16,85123A,CREAM HANGING HEART T-LIGHT HOLDER,product,revenue,258.58,88,,3.272,87.01,True,High,Spike,True
2013-07-05,22457,NATURAL SLATE HEART CHALKBOARD ,product,revenue,156.29,51,,3.273,43.54,True,High,Spike,False
2013-06-05,POST,,product,revenue,4785.72,110,,3.273,1230.99,True,High,Spike,True
2014-08-29,21843,smashed,product,revenue,535.8,47,,3.274,136.34,True,High,Spike,True
2015-11-17,22112,CHOCOLATE HOT WATER BOTTLE,product,revenue,370.13,77,,3.274,74.49,True,High,Spike,True
2013-10-24,21621,,product,revenue,471.15,54,,3.276,90.15,True,High,Spike,True
2012-08-21,85099B,JUMBO BAG RED RETROSPOT,product,revenue,135.12,66,,3.276,34.99,True,High,Spike,False
2014-11-01,22193,RED DINER WALL CLOCK,product,revenue,458.25,54,,3.28,98.62,True,High,Spike,True
2013-05-16,84879,damaged,product,revenue,130.39,79,,3.28,35.96,True,High,Spike,True
2012-02-17,82483,crushed,product,revenue,280.74,43,,3.282,70.02,True,High,Spike,True
2015-01-15,21754,HOME BUILDING BLOCK WORD,product,revenue,274.12,44,,3.285,70.64,True,High,Spike,True
2013-06-11,22726,,product,revenue,185.05,49,,3.285,53.68,True,High,Spike,True
2012-02-25,C2,,product,price,52.31,3,,3.285,50.13,True,High,Spike,False
2012-08-22,22960,JAM MAKING SET WITH JARS,product,revenue,175.09,42,,3.286,48.88,True,High,Spike,False
2014-09-18,23284,,product,revenue,367.68,48,,3.288,100.8,True,High,Spike,True
2014-10-20,POST,,product,revenue,1992.34,49,,3.288,529.98,True,High,Spike,False
2014-08-26,,,overall,revenue,37478.02,10552,1157.0,3.29,18463.11,True,High,Spike,True
2013-09-09,23284,,product,revenue,300.34,39,,3.295,79.22,True,High,Spike,False
2014-09-12,23298,"BUNTING , SPOTTY ",product,revenue,289.56,58,,3.296,67.39,True,High,Spike,True
2012-12-11,22726,,product,revenue,196.89,51,,3.298,62.49,True,High,Spike,True
2011-11-07,82486,3 DRAWER ANTIQUE WHITE WOOD CABINET,product,revenue,213.5,26,,3.299,56.99,True,High,Spike,False
2013-12-23,22727,ALARM CLOCK BAKELIKE RED ,product,revenue,366.44,101,,3.305,78.47,True,High,Spike,True
2015-05-16,22776,SWEETHEART 3 TIER CAKE STAND ,product,revenue,475.07,48,,3.305,122.05,True,High,Spike,True
2014-01-20,82486,3 DRAWER ANTIQUE WHITE WOOD CABINET,product,revenue,383.56,43,,3.306,86.21,True,High,Spike,True
2012-05-12,85099B,JUMBO BAG RED RETROSPOT,product,revenue,221.7,111,,3.306,50.08,True,High,Spike,True
2013-03-09,22960,JAM MAKING SET WITH JARS,product,revenue,340.67,82,,3.31,80.56,True,High,Spike,True
2014-11-04,79321,,product,revenue,215.18,40,,3.311,54.68,True,High,Spike,True
2013-02-08,22193,RED DINER WALL CLOCK,product,revenue,293.7,33,,3.312,89.48,True,High,Spike,True
2012-10-15,22086,PAPER CHAIN KIT 50'S CHRISTMAS ,product,revenue,144.23,50,,3.314,34.37,True,High,Spike,False
2014-08-20,22139,amazon,product,revenue,361.39,71,,3.315,89.57,True,High,Spike,True
2014-12-09,22605,WOODEN CROQUET GARDEN SET,product,revenue,637.2,45,,3.315,161.38,True,High,Spike,True
2013-02-05,22624,IVORY KITCHEN SCALES,product,revenue,520.6,64,,3.317,119.22,True,High,Spike,True
2012-05-15,22605,WOODEN CROQUET GARDEN SET,product,revenue,418.5,30,,3.319,105.43,True,High,Spike,True
2013-09-07,21754,HOME BUILDING BLOCK WORD,product,revenue,474.11,78,,3.325,94.91,True,High,Spike,True
2012-11-08,82484,WOOD BLACK BOARD ANT WHITE FINISH,product,revenue,432.45,59,,3.325,109.97,True,High,Spike,True
2015-03-11,22138,BAKING SET 9 PIECE RETROSPOT ,product,revenue,332.36,66,,3.328,69.9,True,High,Spike,True
2012-08-20,22726,,product,revenue,242.82,66,,3.328,56.13,True,High,Spike,True
2013-05-01,23355,HOT WATER BOTTLE KEEP CALM,product,revenue,210.64,43,,3.328,50.65,True,High,Spike,True
2012-08-09,22138,BAKING SET 9 PIECE RETROSPOT ,product,revenue,329.64,67,,3.33,85.29,True,High,Spike,True
2012-01-07,22193,RED DINER WALL CLOCK,product,revenue,341.38,40,,3.332,63.92,True,High,Spike,True
2014-10-13,22487,WHITE WOOD GARDEN PLANT LADDER,product,revenue,364.53,36,,3.332,96.24,True,High,Spike,True
2014-05-31,21754,HOME BUILDING BLOCK WORD,product,revenue,349.41,57,,3.333,88.85,True,High,Spike,True
2013-10-01,22625,,product,revenue,433.22,53,,3.335,109.68,True,High,Spike,True
2014-11-24,84078A,SET/4 WHITE RETRO STORAGE CUBES ,product,revenue,2078.18,52,,3.335,485.73,True,High,Spike,True
2014-01-15,22726,,product,revenue,414.39,107,,3.337,87.51,True,High,Spike,True
2015-07-08,22624,IVORY KITCHEN SCALES,product,revenue,621.02,71,,3.34,136.38,True,High,Spike,True
2012-02-16,POST,,product,revenue,3333.84,78,,3.34,815.92,True,High,Spike,True
2013-05-17,23284,,product,revenue,493.52,65,,3.341,138.62,True,High,Spike,True
2015-06-11,22720,,product,revenue,451.68,91,,3.342,98.98,True,High,Spike,True
2012-01-17,22727,ALARM CLOCK BAKELIKE RED ,product,revenue,233.46,62,,3.342,63.21,True,High,Spike,True
2013-11-02,22776,SWEETHEART 3 TIER CAKE STAND ,product,revenue,682.44,70,,3.343,150.88,True,High,Spike,True
2011-12-05,POST,,product,price,43.1,20,,3.347,21.17,True,High,Spike,False
2013-09-03,23298,"BUNTING , SPOTTY ",product,revenue,290.13,57,,3.348,73.39,True,High,Spike,True
2012-05-18,22726,,product,revenue,230.68,63,,3.349,51.36,True,High,Spike,True
2015-07-06,22826,LOVE SEAT ANTIQUE WHITE METAL,product,revenue,7025.54,58,,3.349,1419.08,True,High,Spike,True
2015-10-14,23355,HOT WATER BOTTLE KEEP CALM,product,revenue,210.5,43,,3.349,62.61,True,High,Spike,True
2014-10-23,22112,CHOCOLATE HOT WATER BOTTLE,product,revenue,248.24,51,,3.35,62.94,True,High,Spike,True
2014-12-12,22138,BAKING SET 9 PIECE RETROSPOT ,product,revenue,217.3,45,,3.351,63.44,True,High,Spike,True
2015-10-31,22138,BAKING SET 9 PIECE RETROSPOT ,product,revenue,231.99,47,,3.352,69.44,True,High,Spike,True
2014-02-18,22847,,product,revenue,866.8,55,,3.355,213.82,True,High,Spike,True
2012-08-01,79321,,product,revenue,220.4,40,,3.356,52.8,True,High,Spike,True
2015-06-03,21843,smashed,product,revenue,446.47,41,,3.358,107.2,True,High,Spike,True
2014-12-27,22138,BAKING SET 9 PIECE RETROSPOT ,product,revenue,317.05,63,,3.358,81.6,True,High,Spike,True
2012-04-11,84879,damaged,product,revenue,151.36,86,,3.359,38.36,True,High,Spike,True
2012-06-14,22624,IVORY KITCHEN SCALES,product,revenue,607.05,71,,3.363,144.23,True,High,Spike,True
2013-07-30,21843,smashed,product,revenue,951.52,89,,3.367,168.35,True,High,Spike,True
2014-09-18,22624,IVORY KITCHEN SCALES,product,revenue,411.39,49,,3.367,105.62,True,High,Spike,True
2014-10-30,22193,RED DINER WALL CLOCK,product,revenue,375.91,44,,3.368,86.02,True,High,Spike,True
2013-01-12,22112,CHOCOLATE HOT WATER BOTTLE,product,revenue,343.17,69,,3.369,81.9,True,High,Spike,True
2011-10-06,22138,BAKING SET 9 PIECE RETROSPOT ,product,revenue,452.55,105,,3.369,94.13,True,High,Spike,True
2011-03-10,22727,ALARM CLOCK BAKELIKE RED ,product,revenue,350.25,103,,3.37,79.83,True,High,Spike,True
2013-09-04,84879,damaged,product,revenue,109.44,66,,3.371,29.46,True,High,Spike,False
2011-10-01,21754,HOME BUILDING BLOCK WORD,product,revenue,187.35,33,,3.372,47.74,True,High,Spike,False
2012-11-08,21754,HOME BUILDING BLOCK WORD,product,revenue,438.45,74,,3.373,108.41,True,High,Spike,True
2015-09-15,21843,smashed,product,revenue,678.13,64,,3.374,165.41,True,High,Spike,True
2014-11-25,48194,DOORMAT HEARTS,product,revenue,529.9,70,,3.374,123.7,True,High,Spike,True
2013-01-19,85099B,JUMBO BAG RED RETROSPOT,product,revenue,190.12,98,,3.374,47.14,True,High,Spike,True
2014-04-10,22424,ENAMEL BREAD BIN CREAM,product,revenue,612.0,48,,3.378,144.59,True,High,Spike,True
2012-08-03,22720,,product,revenue,356.52,73,,3.378,83.34,True,High,Spike,True
2015-07-11,23298,"BUNTING , SPOTTY ",product,revenue,254.57,50,,3.378,63.36,True,High,Spike,False
2012-04-30,21755,LOVE BUILDING BLOCK WORD,product,revenue,192.0,32,,3.379,50.04,True,High,Spike,False
2013-08-14,22487,WHITE WOOD GARDEN PLANT LADDER,product,revenue,860.0,86,,3.381,156.28,True,High,Spike,True
2014-11-25,M,Manual,product,revenue,7852.31,59,,3.383,1841.37,True,High,Spike,True
2013-02-05,22625,,product,revenue,285.38,33,,3.384,82.8,True,High,Spike,True
2012-03-23,85099B,JUMBO BAG RED RETROSPOT,product,revenue,215.04,105,,3.384,46.96,True,High,Spike,True
2015-11-07,22727,ALARM CLOCK BAKELIKE RED ,product,revenue,148.29,38,,3.386,41.85,True,High,Spike,False
2013-02-14,22625,,product,revenue,408.0,48,,3.387,101.76,True,High,Spike,True
2015-04-16,22193,RED DINER WALL CLOCK,product,revenue,438.15,52,,3.388,91.04,True,High,Spike,True
2015-12-21,48194,DOORMAT HEARTS,product,revenue,478.69,63,,3.389,119.92,True,High,Spike,True
2012-04-30,22193,RED DINER WALL CLOCK,product,revenue,477.12,56,,3.39,115.5,True,High,Spike,True
2011-02-09,M,Manual,product,price,852.8,1,,3.391,80.71,True,High,Spike,True
2012-08-22,22111,SCOTTIE DOG HOT WATER BOTTLE,product,revenue,339.3,70,,3.396,80.14,True,High,Spike,True
2014-01-10,79321,,product,revenue,315.64,59,,3.403,71.56,True,High,Spike,True
2015-08-21,21754,HOME BUILDING BLOCK WORD,product,revenue,458.8,74,,3.404,103.04,True,High,Spike,True
2013-02-13,22139,amazon,product,revenue,165.83,34,,3.407,49.08,True,High,Spike,False
2015-04-16,22960,JAM MAKING SET WITH JARS,product,revenue,268.7,63,,3.407,65.47,True,High,Spike,True
2011-11-03,M,Manual,product,revenue,1697.17,2,,3.407,166.77,True,High,Spike,False
2014-10-25,22138,BAKING SET 9 PIECE RETROSPOT ,product,revenue,270.82,55,,3.412,62.99,True,High,Spike,True
2012-06-07,22727,ALARM CLOCK BAKELIKE RED ,product,revenue,240.38,67,,3.413,56.49,True,High,Spike,True
2013-04-24,47566,PARTY BUNTING,product,revenue,433.26,87,,3.413,101.1,True,High,Spike,True
2012-01-23,22112,CHOCOLATE HOT WATER BOTTLE,product,revenue,604.67,123,,3.415,111.59,True,High,Spike,True
2013-06-18,21621,,product,revenue,422.34,50,,3.416,106.46,True,High,Spike,True
2014-08-30,22457,NATURAL SLATE HEART CHALKBOARD ,product,revenue,350.78,113,,3.416,66.16,True,High,Spike,True
2015-11-03,47566,PARTY BUNTING,product,revenue,300.91,61,,3.421,78.5,True,High,Spike,False
2013-12-24,22960,JAM MAKING SET WITH JARS,product,revenue,333.84,78,,3.422,66.8,True,High,Spike,True
2014-11-24,22726,,product,revenue,369.0,100,,3.423,66.76,True,High,Spike,True
2015-02-28,82483,crushed,product,revenue,287.04,42,,3.428,78.7,True,High,Spike,True
2011-11-11,POST,,product,revenue,678.0,34,,3.428,206.63,True,High,Spike,False
2013-09-14,22960,JAM MAKING SET WITH JARS,product,revenue,310.8,77,,3.431,76.56,True,High,Spike,True
2012-06-28,85066,CREAM SWEETHEART MINI CHEST,product,revenue,544.32,42,,3.431,131.58,True,High,Spike,True
2015-10-19,,,overall,revenue,33121.47,10210,1029.0,3.434,15478.6,True,High,Spike,True
2012-12-29,21621,,product,revenue,451.76,52,,3.434,113.69,True,High,Spike,True
2012-01-10,82486,3 DRAWER ANTIQUE WHITE WOOD CABINET,product,revenue,280.17,33,,3.434,69.35,True,High,Spike,False
2012-10-25,85123A,CREAM HANGING HEART T-LIGHT HOLDER,product,revenue,248.08,86,,3.435,62.27,True,High,Spike,False
2013-05-04,POST,,product,revenue,2512.06,61,,3.437,697.65,True,High,Spike,True
2012-11-08,20685,DOORMAT RED RETROSPOT,product,revenue,674.78,87,,3.438,150.57,True,High,Spike,True
2014-10-07,21755,LOVE BUILDING BLOCK WORD,product,revenue,243.0,39,,3.438,60.22,True,High,Spike,True
2012-07-25,22457,NATURAL SLATE HEART CHALKBOARD ,product,revenue,155.65,55,,3.438,50.31,True,High,Spike,False
2015-05-20,82486,3 DRAWER ANTIQUE WHITE WOOD CABINET,product,revenue,488.93,55,,3.44,112.07,True,High,Spike,True
2013-09-04,22846,BREAD BIN DINER STYLE RED ,product,revenue,913.12,55,,3.441,215.43,True,High,Spike,True
2014-06-11,21843,smashed,product,revenue,1071.93,101,,3.442,190.2,True,High,Spike,True
2013-08-03,21755,LOVE BUILDING BLOCK WORD,product,revenue,406.41,69,,3.444,106.53,True,High,Spike,True
2015-09-12,22139,amazon,product,revenue,455.68,89,,3.445,81.7,True,High,Spike,True
2014-06-23,22138,BAKING SET 9 PIECE RETROSPOT ,product,revenue,275.91,56,,3.447,70.36,True,High,Spike,True
2013-07-09,22086,PAPER CHAIN KIT 50'S CHRISTMAS ,product,revenue,202.86,69,,3.448,55.44,True,High,Spike,True
2014-10-09,22138,BAKING SET 9 PIECE RETROSPOT ,product,revenue,216.43,43,,3.448,61.71,True,High,Spike,True
2014-03-31,22139,amazon,product,revenue,366.25,71,,3.451,78.28,True,High,Spike,True
2015-09-02,22138,BAKING SET 9 PIECE RETROSPOT ,product,revenue,244.74,51,,3.454,56.94,True,High,Spike,True
2013-11-16,22727,ALARM CLOCK BAKELIKE RED ,product,revenue,286.06,77,,3.454,70.84,True,High,Spike,True
2014-08-26,22727,ALARM CLOCK BAKELIKE RED ,product,revenue,460.38,120,,3.454,91.53,True,High,Spike,True
2015-04-04,POST,,product,revenue,2783.85,65,,3.454,624.04,True,High,Spike,True
2013-04-25,22424,ENAMEL BREAD BIN CREAM,product,revenue,508.48,39,,3.455,115.23,True,High,Spike,True
2012-10-20,22487,WHITE WOOD GARDEN PLANT LADDER,product,revenue,584.34,60,,3.458,147.13,True,High,Spike,True
2011-12-05,POST,,product,revenue,862.0,20,,3.458,221.56,True,High,Spike,False
2012-08-17,23298,"BUNTING , SPOTTY ",product,revenue,449.72,89,,3.46,107.9,True,High,Spike,True
2015-10-28,82483,crushed,product,revenue,338.0,53,,3.46,91.89,True,High,Spike,True
2013-12-17,22111,SCOTTIE DOG HOT WATER BOTTLE,product,revenue,322.7,65,,3.462,74.25,True,High,Spike,True
2014-09-30,85066,CREAM SWEETHEART MINI CHEST,product,revenue,675.95,55,,3.462,169.86,True,High,Spike,True
2015-10-12,85066,CREAM SWEETHEART MINI CHEST,product,revenue,542.96,44,,3.462,134.48,True,High,Spike,True
2013-06-08,22487,WHITE WOOD GARDEN PLANT LADDER,product,revenue,465.17,46,,3.463,111.92,True,High,Spike,True
2013-03-20,22086,PAPER CHAIN KIT 50'S CHRISTMAS ,product,revenue,165.32,56,,3.465,38.09,True,High,Spike,False
2013-02-20,23245,SET OF 3 REGENCY CAKE TINS,product,revenue,219.57,45,,3.466,53.55,True,High,Spike,True
2014-06-02,82483,crushed,product,revenue,374.66,56,,3.466,70.31,True,High,Spike,True
2011-07-06,20685,DOORMAT RED RETROSPOT,product,revenue,931.9,202,,3.467,138.92,True,High,Spike,True
2015-11-05,22457,NATURAL SLATE HEART CHALKBOARD ,product,revenue,351.14,119,,3.468,66.04,True,High,Spike,True
2012-11-29,22776,SWEETHEART 3 TIER CAKE STAND ,product,revenue,444.83,44,,3.469,105.48,True,High,Spike,True
2013-04-30,23245,SET OF 3 REGENCY CAKE TINS,product,revenue,370.57,76,,3.469,70.33,True,High,Spike,True
2013-04-12,22846,BREAD BIN DINER STYLE RED ,product,revenue,710.62,43,,3.471,162.7,True,High,Spike,True
2012-11-09,POST,,product,revenue,4049.11,94,,3.471,926.93,True,High,Spike,True
2015-05-25,21621,,product,revenue,314.05,37,,3.476,76.91,True,High,Spike,True
2015-12-10,22605,WOODEN CROQUET GARDEN SET,product,revenue,501.34,34,,3.476,123.51,True,High,Spike,True
2013-10-15,M,Manual,product,revenue,7826.67,57,,3.477,1581.02,True,High,Spike,True
2014-06-14,22111,SCOTTIE DOG HOT WATER BOTTLE,product,revenue,374.5,74,,3.479,89.24,True,High,Spike,True
2012-10-24,22111,SCOTTIE DOG HOT WATER BOTTLE,product,revenue,308.78,62,,3.481,75.88,True,High,Spike,True
2012-12-01,23245,SET OF 3 REGENCY CAKE TINS,product,revenue,257.61,53,,3.481,62.1,True,High,Spike,True
2012-09-04,22138,BAKING SET 9 PIECE RETROSPOT ,product,revenue,389.62,77,,3.489,79.24,True,High,Spike,True
2012-01-17,22776,SWEETHEART 3 TIER CAKE STAND ,product,revenue,385.01,39,,3.491,70.37,True,High,Spike,True
2014-02-27,84078A,SET/4 WHITE RETRO STORAGE CUBES ,product,revenue,3000.75,75,,3.491,618.92,True,High,Spike,True
2013-07-05,48138,DOORMAT UNION FLAG,product,revenue,570.75,75,,3.495,138.1,True,High,Spike,True
2013-12-13,POST,,product,revenue,2211.16,53,,3.495,519.34,True,High,Spike,True
2014-11-17,22086,PAPER CHAIN KIT 50'S CHRISTMAS ,product,revenue,266.25,91,,3.498,59.88,True,High,Spike,True
2013-03-25,82486,3 DRAWER ANTIQUE WHITE WOOD CABINET,product,revenue,646.09,77,,3.501,122.64,True,High,Spike,True
2013-02-04,85099B,JUMBO BAG RED RETROSPOT,product,revenue,196.0,100,,3.513,34.28,True,High,Spike,True
2015-05-20,47566,PARTY BUNTING,product,revenue,530.77,106,,3.518,121.01,True,High,Spike,True
2014-03-04,85066,CREAM SWEETHEART MINI CHEST,product,revenue,665.68,53,,3.521,181.93,True,High,Spike,True
2011-03-10,22138,BAKING SET 9 PIECE RETROSPOT ,product,price,6.011818181818182,11,,3.522,4.93,True,High,Spike,True
2011-10-11,85066,CREAM SWEETHEART MINI CHEST,product,revenue,629.55,57,,3.528,94.2,True,High,Spike,True
2013-02-21,22847,,product,revenue,632.43,39,,3.529,177.18,True,High,Spike,True
2015-10-24,22776,SWEETHEART 3 TIER CAKE STAND ,product,revenue,556.74,54,,3.53,115.77,True,High,Spike,True
2012-08-04,22457,NATURAL SLATE HEART CHALKBOARD ,product,revenue,214.18,70,,3.531,52.47,True,High,Spike,True
2012-08-11,48194,DOORMAT HEARTS,product,revenue,369.98,46,,3.531,87.65,True,High,Spike,True
2015-01-03,POST,,product,revenue,3508.87,85,,3.532,710.8,True,High,Spike,True
2013-03-19,22086,PAPER CHAIN KIT 50'S CHRISTMAS ,product,revenue,132.76,44,,3.533,34.19,True,High,Spike,False
2011-06-09,22847,,product,revenue,273.1,18,,3.538,67.19,True,High,Spike,False
2014-02-06,23245,SET OF 3 REGENCY CAKE TINS,product,revenue,194.0,40,,3.539,48.76,True,High,Spike,False
2013-03-02,23284,,product,revenue,250.33,31,,3.539,64.97,True,High,Spike,False
2014-01-13,22960,JAM MAKING SET WITH JARS,product,revenue,462.32,108,,3.54,79.93,True,High,Spike,True
2012-05-17,22776,SWEETHEART 3 TIER CAKE STAND ,product,revenue,645.37,65,,3.546,123.63,True,High,Spike,True
2013-01-25,47566,PARTY BUNTING,product,revenue,396.47,84,,3.546,92.43,True,High,Spike,True
2014-08-29,21621,,product,revenue,533.38,61,,3.548,132.3,True,High,Spike,True
2014-02-06,48138,DOORMAT UNION FLAG,product,revenue,418.74,53,,3.55,77.45,True,High,Spike,True
2014-04-23,22423,damages,product,revenue,1410.11,111,,3.551,314.56,True,High,Spike,True
2014-12-03,22112,CHOCOLATE HOT WATER BOTTLE,product,revenue,378.41,75,,3.552,81.51,True,High,Spike,True
2012-11-01,22138,BAKING SET 9 PIECE RETROSPOT ,product,revenue,312.31,63,,3.553,68.28,True,High,Spike,True
2014-10-29,82486,3 DRAWER ANTIQUE WHITE WOOD CABINET,product,revenue,454.68,54,,3.556,93.5,True,High,Spike,True
2013-12-28,85099B,JUMBO BAG RED RETROSPOT,product,revenue,205.71,102,,3.56,53.17,True,High,Spike,True
2012-05-09,22112,CHOCOLATE HOT WATER BOTTLE,product,revenue,373.03,75,,3.561,70.5,True,High,Spike,True
2013-04-22,23245,SET OF 3 REGENCY CAKE TINS,product,revenue,318.84,66,,3.561,66.79,True,High,Spike,True
2013-01-05,23284,,product,revenue,501.39,64,,3.561,142.75,True,High,Spike,True
2012-11-07,79321,,product,revenue,319.94,62,,3.565,58.88,True,High,Spike,True
2012-03-31,22655,damages/showroom etc,product,revenue,1476.45,9,,3.567,307.91,True,High,Spike,False
2013-04-19,22726,,product,revenue,298.07,82,,3.569,62.12,True,High,Spike,True
2013-01-01,22846,BREAD BIN DINER STYLE RED ,product,revenue,831.92,51,,3.569,177.56,True,High,Spike,True
2015-05-01,23355,HOT WATER BOTTLE KEEP CALM,product,revenue,386.26,82,,3.569,84.7,True,High,Spike,True
2013-10-08,22139,amazon,product,revenue,440.07,88,,3.57,76.94,True,High,Spike,True
2015-06-30,22138,BAKING SET 9 PIECE RETROSPOT ,product,revenue,511.0,100,,3.572,97.11,True,High,Spike,True
2015-06-01,82486,3 DRAWER ANTIQUE WHITE WOOD CABINET,product,revenue,796.72,92,,3.572,151.19,True,High,Spike,True
2012-01-13,22487,WHITE WOOD GARDEN PLANT LADDER,product,revenue,326.4,34,,3.573,52.45,True,High,Spike,True
2011-12-05,22847,,product,revenue,290.05,19,,3.574,68.89,True,High,Spike,False
2014-02-17,22139,amazon,product,revenue,263.67,51,,3.575,64.67,True,High,Spike,True
2014-02-13,22776,SWEETHEART 3 TIER CAKE STAND ,product,revenue,977.0,100,,3.579,166.67,True,High,Spike,True
2013-07-22,84879,damaged,product,revenue,181.16,103,,3.579,42.85,True,High,Spike,True
2013-10-31,20685,DOORMAT RED RETROSPOT,product,revenue,485.72,61,,3.582,93.09,True,High,Spike,True
2015-09-03,82484,WOOD BLACK BOARD ANT WHITE FINISH,product,revenue,377.79,49,,3.583,95.13,True,High,Spike,True
2014-08-11,85099B,JUMBO BAG RED RETROSPOT,product,revenue,214.12,104,,3.584,60.66,True,High,Spike,True
2014-10-11,,,overall,revenue,30465.2,6026,650.0,3.587,15227.06,True,High,Spike,False
2014-11-06,22826,LOVE SEAT ANTIQUE WHITE METAL,product,revenue,5278.9,46,,3.587,998.67,True,High,Spike,True
2012-01-05,48187,DOORMAT NEW ENGLAND,product,revenue,315.93,41,,3.587,72.16,True,High,Spike,True
2014-12-22,22960,JAM MAKING SET WITH JARS,product,revenue,345.74,82,,3.59,82.63,True,High,Spike,True
2012-02-04,82486,3 DRAWER ANTIQUE WHITE WOOD CABINET,product,revenue,519.79,59,,3.593,98.53,True,High,Spike,True
2014-06-20,POST,,product,revenue,4218.0,100,,3.594,938.31,True,High,Spike,True
2011-11-10,22960,JAM MAKING SET WITH JARS,product,revenue,321.0,84,,3.595,76.1,True,High,Spike,True
2015-12-25,22727,ALARM CLOCK BAKELIKE RED ,product,revenue,251.69,69,,3.597,58.81,True,High,Spike,True
2013-09-21,82483,crushed,product,revenue,383.26,59,,3.598,88.88,True,High,Spike,True
2014-04-25,22139,amazon,product,revenue,474.72,97,,3.6,85.44,True,High,Spike,True
2012-05-29,22624,IVORY KITCHEN SCALES,product,revenue,495.2,60,,3.6,118.93,True,High,Spike,True
2011-07-07,47566,PARTY BUNTING,product,revenue,1240.45,291,,3.601,242.95,True,High,Spike,True
2015-04-20,84879,damaged,product,revenue,105.46,60,,3.607,23.36,True,High,Spike,False
2014-12-18,22624,IVORY KITCHEN SCALES,product,revenue,401.48,48,,3.608,94.32,True,High,Spike,True
2014-12-17,82484,WOOD BLACK BOARD ANT WHITE FINISH,product,revenue,463.11,62,,3.608,112.49,True,High,Spike,True
2013-06-25,22193,RED DINER WALL CLOCK,product,revenue,473.4,56,,3.61,111.73,True,High,Spike,True
2013-10-24,48138,DOORMAT UNION FLAG,product,revenue,449.03,59,,3.61,105.34,True,High,Spike,True
2011-02-03,21621,,product,revenue,297.5,35,,3.611,49.44,True,High,Spike,True
2012-02-01,21754,HOME BUILDING BLOCK WORD,product,revenue,324.5,54,,3.612,66.08,True,High,Spike,True
2015-10-19,22846,BREAD BIN DINER STYLE RED ,product,revenue,918.77,56,,3.612,197.28,True,High,Spike,True
2015-06-22,84879,damaged,product,revenue,178.55,107,,3.613,43.26,True,High,Spike,True
2013-07-19,21754,HOME BUILDING BLOCK WORD,product,revenue,474.31,76,,3.615,113.18,True,High,Spike,True
2011-05-12,79321,,product,price,7.986666666666666,6,,3.617,5.42,True,High,Spike,True
2015-08-05,22086,PAPER CHAIN KIT 50'S CHRISTMAS ,product,revenue,307.74,106,,3.619,67.24,True,High,Spike,True
2012-11-06,22139,amazon,product,revenue,292.78,58,,3.62,64.7,True,High,Spike,True
2015-09-23,48138,DOORMAT UNION FLAG,product,revenue,627.02,81,,3.62,135.2,True,High,Spike,True
2015-04-01,79321,,product,revenue,258.06,46,,3.621,52.45,True,High,Spike,True
2013-07-05,22625,,product,revenue,429.3,52,,3.623,98.22,True,High,Spike,True
2011-03-11,22960,JAM MAKING SET WITH JARS,product,revenue,601.25,157,,3.627,101.77,True,High,Spike,True
2015-05-20,22624,IVORY KITCHEN SCALES,product,revenue,559.5,63,,3.628,127.53,True,High,Spike,True
2015-05-11,22726,,product,revenue,246.33,63,,3.628,58.23,True,High,Spike,True
2014-12-15,22847,,product,revenue,943.92,57,,3.628,179.36,True,High,Spike,True
2011-10-06,82483,crushed,product,revenue,190.4,32,,3.628,40.62,True,High,Spike,False
2012-02-09,22138,BAKING SET 9 PIECE RETROSPOT ,product,revenue,277.19,57,,3.636,64.36,True,High,Spike,True
2014-11-14,22111,SCOTTIE DOG HOT WATER BOTTLE,product,revenue,292.64,62,,3.637,66.76,True,High,Spike,True
2012-12-08,23245,SET OF 3 REGENCY CAKE TINS,product,revenue,422.84,86,,3.639,83.61,True,High,Spike,True
2014-12-22,79321,,product,revenue,631.84,114,,3.639,118.49,True,High,Spike,True
2015-03-14,85099B,JUMBO BAG RED RETROSPOT,product,revenue,156.74,77,,3.64,38.51,True,High,Spike,False
2012-02-07,85099B,JUMBO BAG RED RETROSPOT,product,revenue,171.51,84,,3.643,42.2,True,High,Spike,True
2011-11-08,M,Manual,product,revenue,2500.0,1,,3.645,242.71,True,High,Spike,False
2014-03-11,22625,,product,revenue,354.4,43,,3.646,92.9,True,High,Spike,True
2013-12-21,22726,,product,revenue,356.78,91,,3.647,83.88,True,High,Spike,True
2011-04-05,23298,"BUNTING , SPOTTY ",product,revenue,642.3,154,,3.649,126.16,True,High,Spike,True
2012-04-28,48138,DOORMAT UNION FLAG,product,revenue,375.73,49,,3.652,83.19,True,High,Spike,True
2014-07-28,22112,CHOCOLATE HOT WATER BOTTLE,product,revenue,380.58,78,,3.655,81.58,True,High,Spike,True
2015-12-01,22487,WHITE WOOD GARDEN PLANT LADDER,product,revenue,533.45,55,,3.657,102.61,True,High,Spike,True
2012-09-20,82484,WOOD BLACK BOARD ANT WHITE FINISH,product,revenue,451.84,64,,3.66,87.62,True,High,Spike,True
2012-11-28,23298,"BUNTING , SPOTTY ",product,revenue,468.24,92,,3.661,91.84,True,High,Spike,True
2015-12-26,23355,HOT WATER BOTTLE KEEP CALM,product,revenue,180.08,37,,3.663,46.08,True,High,Spike,False
2015-06-26,21843,smashed,product,revenue,702.24,66,,3.665,130.74,True,High,Spike,True
2013-07-08,22726,,product,revenue,388.21,102,,3.665,84.2,True,High,Spike,True
2014-01-15,84078A,SET/4 WHITE RETRO STORAGE CUBES ,product,revenue,2399.7,60,,3.669,494.86,True,High,Spike,True
2014-11-03,23298,"BUNTING , SPOTTY ",product,revenue,425.84,83,,3.67,78.5,True,High,Spike,True
2011-11-01,21621,,product,price,8.87,186,,3.679,8.52,True,High,Spike,False
2014-08-26,22139,amazon,product,revenue,526.02,105,,3.68,108.41,True,High,Spike,True
2015-11-06,22111,SCOTTIE DOG HOT WATER BOTTLE,product,revenue,297.73,62,,3.683,62.18,True,High,Spike,True
2012-11-12,22139,amazon,product,revenue,397.14,82,,3.684,80.14,True,High,Spike,True
2012-01-05,POST,,product,revenue,1385.85,33,,3.684,302.25,True,High,Spike,False
2015-10-12,23284,,product,revenue,546.97,69,,3.685,128.16,True,High,Spike,True
2015-08-28,47566,PARTY BUNTING,product,revenue,473.74,97,,3.686,112.57,True,High,Spike,True
2011-02-09,22086,PAPER CHAIN KIT 50'S CHRISTMAS ,product,price,4.37,2,,3.687,2.84,True,High,Spike,True
2014-01-21,20685,DOORMAT RED RETROSPOT,product,revenue,548.66,70,,3.689,136.5,True,High,Spike,True
2015-04-25,22112,CHOCOLATE HOT WATER BOTTLE,product,revenue,216.6,44,,3.692,62.88,True,High,Spike,True
2015-04-01,23284,,product,revenue,502.87,63,,3.698,88.8,True,High,Spike,True
2014-04-08,23298,"BUNTING , SPOTTY ",product,revenue,465.36,94,,3.703,109.95,True,High,Spike,True
2013-08-14,21755,LOVE BUILDING BLOCK WORD,product,revenue,572.22,99,,3.704,118.95,True,High,Spike,True
2013-12-02,22720,,product,revenue,459.11,93,,3.704,78.74,True,High,Spike,True
2014-05-13,85099B,JUMBO BAG RED RETROSPOT,product,revenue,208.38,104,,3.704,48.16,True,High,Spike,True
2011-03-10,M,Manual,product,revenue,3177.9,14,,3.705,313.84,True,High,Spike,False
2011-03-11,22138,BAKING SET 9 PIECE RETROSPOT ,product,revenue,389.4,88,,3.706,70.0,True,High,Spike,True
2014-11-24,85123A,CREAM HANGING HEART T-LIGHT HOLDER,product,revenue,385.43,131,,3.712,94.74,True,High,Spike,True
2011-10-10,22487,WHITE WOOD GARDEN PLANT LADDER,product,price,12.4525,4,,3.712,9.79,True,High,Spike,True
2015-05-05,22846,BREAD BIN DINER STYLE RED ,product,revenue,571.55,35,,3.715,120.41,True,High,Spike,True
2015-07-31,22424,ENAMEL BREAD BIN CREAM,product,revenue,720.39,59,,3.716,126.57,True,High,Spike,True
2015-09-07,22193,RED DINER WALL CLOCK,product,revenue,484.83,58,,3.719,99.12,True,High,Spike,True
2012-05-10,22457,NATURAL SLATE HEART CHALKBOARD ,product,revenue,264.6,90,,3.723,59.12,True,High,Spike,True
2011-04-05,47566,PARTY BUNTING,product,revenue,936.25,215,,3.723,174.3,True,High,Spike,True
2015-05-04,23245,SET OF 3 REGENCY CAKE TINS,product,revenue,219.83,44,,3.728,61.47,True,High,Spike,True
2013-09-24,22424,ENAMEL BREAD BIN CREAM,product,revenue,628.7,50,,3.729,141.9,True,High,Spike,True
2012-06-21,22846,BREAD BIN DINER STYLE RED ,product,revenue,918.62,56,,3.733,180.85,True,High,Spike,True
2011-09-09,21754,HOME BUILDING BLOCK WORD,product,revenue,173.1,30,,3.736,48.19,True,High,Spike,False
2012-06-13,22727,ALARM CLOCK BAKELIKE RED ,product,revenue,371.98,96,,3.736,69.51,True,High,Spike,True
2012-01-25,48194,DOORMAT HEARTS,product,revenue,336.27,42,,3.737,71.09,True,High,Spike,True
2014-10-13,20685,DOORMAT RED RETROSPOT,product,revenue,488.45,66,,3.741,98.96,True,High,Spike,True
2014-10-10,82486,3 DRAWER ANTIQUE WHITE WOOD CABINET,product,revenue,362.06,43,,3.743,81.48,True,High,Spike,True
2012-05-15,22625,,product,revenue,614.84,76,,3.748,131.27,True,High,Spike,True
2012-08-20,22111,SCOTTIE DOG HOT WATER BOTTLE,product,revenue,290.94,61,,3.75,70.12,True,High,Spike,True
2013-10-09,84879,damaged,product,revenue,218.38,128,,3.753,42.2,True,High,Spike,True
2012-06-16,22960,JAM MAKING SET WITH JARS,product,revenue,238.34,58,,3.754,57.01,True,High,Spike,True
2012-05-14,22139,amazon,product,revenue,313.34,65,,3.756,75.29,True,High,Spike,True
2015-04-29,48187,DOORMAT NEW ENGLAND,product,revenue,763.34,98,,3.756,143.67,True,High,Spike,True
2012-12-04,23355,HOT WATER BOTTLE KEEP CALM,product,revenue,307.37,65,,3.758,70.03,True,High,Spike,True
2012-05-17,22138,BAKING SET 9 PIECE RETROSPOT ,product,revenue,288.42,57,,3.759,75.06,True,High,Spike,True
2012-01-07,22139,amazon,product,revenue,495.16,102,,3.76,85.96,True,High,Spike,True
2013-06-24,22776,SWEETHEART 3 TIER CAKE STAND ,product,revenue,461.09,47,,3.76,105.83,True,High,Spike,True
2012-01-30,POST,,product,revenue,2488.7,60,,3.769,545.98,True,High,Spike,True
2013-12-19,48194,DOORMAT HEARTS,product,revenue,273.43,33,,3.771,67.78,True,High,Spike,True
2015-02-18,84879,damaged,product,revenue,138.2,82,,3.771,26.91,True,High,Spike,True
2013-01-22,20685,DOORMAT RED RETROSPOT,product,revenue,602.38,79,,3.775,102.12,True,High,Spike,True
2014-10-29,22086,PAPER CHAIN KIT 50'S CHRISTMAS ,product,revenue,210.86,70,,3.775,47.03,True,High,Spike,True
2014-10-09,21755,LOVE BUILDING BLOCK WORD,product,revenue,359.49,59,,3.776,69.2,True,High,Spike,True
2015-06-01,82483,crushed,product,revenue,258.1,39,,3.777,57.05,True,High,Spike,True
2015-06-30,23245,SET OF 3 REGENCY CAKE TINS,product,revenue,484.0,100,,3.787,88.24,True,High,Spike,True
2011-05-12,22605,WOODEN CROQUET GARDEN SET,product,price,19.955,2,,3.788,14.27,True,High,Spike,True
2015-12-01,22846,BREAD BIN DINER STYLE RED ,product,revenue,1097.52,68,,3.789,176.38,True,High,Spike,True
2014-06-19,22423,damages,product,revenue,1448.46,116,,3.791,348.13,True,High,Spike,True
2013-03-09,POST,,product,revenue,3044.95,73,,3.791,702.4,True,High,Spike,True
2012-07-17,23245,SET OF 3 REGENCY CAKE TINS,product,revenue,347.07,71,,3.792,64.79,True,High,Spike,True
2015-11-05,23298,"BUNTING , SPOTTY ",product,revenue,334.02,67,,3.792,81.86,True,High,Spike,True
2012-12-01,47566,PARTY BUNTING,product,revenue,345.57,70,,3.793,77.33,True,High,Spike,True
2011-10-10,22457,NATURAL SLATE HEART CHALKBOARD ,product,price,3.4663636363636363,11,,3.795,2.94,True,High,Spike,True
2012-01-25,22424,ENAMEL BREAD BIN CREAM,product,revenue,342.16,26,,3.797,73.5,True,High,Spike,False
2013-10-09,21621,,product,revenue,429.5,50,,3.8,82.74,True,High,Spike,True
2014-10-31,23355,HOT WATER BOTTLE KEEP CALM,product,revenue,274.18,56,,3.8,60.83,True,High,Spike,True
2012-12-13,22960,JAM MAKING SET WITH JARS,product,revenue,426.96,101,,3.801,71.04,True,High,Spike,True
2013-12-02,22625,,product,revenue,567.22,67,,3.804,120.53,True,High,Spike,True
2012-02-11,22776,SWEETHEART 3 TIER CAKE STAND ,product,revenue,679.01,71,,3.804,121.02,True,High,Spike,True
2015-12-12,20685,DOORMAT RED RETROSPOT,product,revenue,442.9,60,,3.806,99.95,True,High,Spike,True
2014-02-14,48138,DOORMAT UNION FLAG,product,revenue,617.33,82,,3.806,94.1,True,High,Spike,True
2014-01-27,22457,NATURAL SLATE HEART CHALKBOARD ,product,revenue,273.11,95,,3.81,48.59,True,High,Spike,True
2012-05-18,48138,DOORMAT UNION FLAG,product,revenue,553.48,69,,3.815,104.14,True,High,Spike,True
2015-05-13,22960,JAM MAKING SET WITH JARS,product,revenue,334.08,81,,3.816,69.07,True,High,Spike,True
2014-07-02,22826,LOVE SEAT ANTIQUE WHITE METAL,product,revenue,4542.12,36,,3.82,880.02,True,High,Spike,True
2013-09-26,79321,,product,revenue,305.01,58,,3.821,72.85,True,High,Spike,True
2013-11-06,22720,,product,revenue,385.77,78,,3.826,74.74,True,High,Spike,True
2012-02-21,82484,WOOD BLACK BOARD ANT WHITE FINISH,product,revenue,370.56,48,,3.828,81.46,True,High,Spike,True
2013-05-14,23298,"BUNTING , SPOTTY ",product,revenue,532.24,107,,3.829,111.67,True,High,Spike,True
2014-05-01,22193,RED DINER WALL CLOCK,product,revenue,254.19,30,,3.831,59.66,True,High,Spike,True
2013-03-02,23355,HOT WATER BOTTLE KEEP CALM,product,revenue,279.63,57,,3.835,63.93,True,High,Spike,True
2015-06-11,22847,,product,revenue,1090.15,65,,3.836,233.99,True,High,Spike,True
2013-10-30,82486,3 DRAWER ANTIQUE WHITE WOOD CABINET,product,revenue,461.2,54,,3.838,103.88,True,High,Spike,True
2011-06-05,22138,BAKING SET 9 PIECE RETROSPOT ,product,revenue,467.4,108,,3.841,72.35,True,High,Spike,True
2012-01-03,22826,LOVE SEAT ANTIQUE WHITE METAL,product,revenue,2458.6,20,,3.844,302.56,True,High,Spike,False
2011-10-11,85099B,JUMBO BAG RED RETROSPOT,product,revenue,1948.02,1074,,3.845,313.67,True,High,Spike,True
2012-08-07,20685,DOORMAT RED RETROSPOT,product,revenue,502.51,68,,3.847,116.62,True,High,Spike,True
2014-06-24,22139,amazon,product,revenue,544.14,106,,3.85,111.69,True,High,Spike,True
2012-05-10,21843,smashed,product,revenue,598.13,53,,3.853,128.06,True,High,Spike,True
2014-09-26,82484,WOOD BLACK BOARD ANT WHITE FINISH,product,revenue,433.91,60,,3.854,101.28,True,High,Spike,True
2012-10-25,48138,DOORMAT UNION FLAG,product,revenue,596.95,76,,3.86,115.74,True,High,Spike,True
2014-12-10,48187,DOORMAT NEW ENGLAND,product,revenue,989.19,128,,3.865,154.44,True,High,Spike,True
2014-02-17,22720,,product,revenue,216.08,45,,3.866,44.01,True,High,Spike,False
2012-02-13,21843,smashed,product,revenue,636.84,61,,3.867,110.87,True,High,Spike,True
2013-04-27,21754,HOME BUILDING BLOCK WORD,product,revenue,702.41,115,,3.871,114.78,True,High,Spike,True
2014-11-17,21754,HOME BUILDING BLOCK WORD,product,revenue,419.88,68,,3.876,97.09,True,High,Spike,True
2012-09-06,22112,CHOCOLATE HOT WATER BOTTLE,product,revenue,321.6,67,,3.877,70.35,True,High,Spike,True
2012-07-13,22487,WHITE WOOD GARDEN PLANT LADDER,product,revenue,555.7,56,,3.877,114.36,True,High,Spike,True
2015-07-21,85066,CREAM SWEETHEART MINI CHEST,product,revenue,927.1,74,,3.877,152.72,True,High,Spike,True
2013-06-14,20685,DOORMAT RED RETROSPOT,product,revenue,639.62,80,,3.883,119.66,True,High,Spike,True
2011-05-10,22423,damages,product,revenue,2505.45,227,,3.885,480.9,True,High,Spike,True
2012-06-05,22655,damages/showroom etc,product,revenue,3479.44,23,,3.888,551.17,True,High,Spike,True
2014-05-26,82483,crushed,product,revenue,318.3,48,,3.89,56.43,True,High,Spike,True
2012-04-20,22112,CHOCOLATE HOT WATER BOTTLE,product,revenue,303.55,65,,3.893,57.15,True,High,Spike,True
2013-04-06,22457,NATURAL SLATE HEART CHALKBOARD ,product,revenue,299.43,101,,3.894,58.4,True,High,Spike,True
2014-12-20,22624,IVORY KITCHEN SCALES,product,revenue,597.39,69,,3.894,116.8,True,High,Spike,True
2015-01-06,23245,SET OF 3 REGENCY CAKE TINS,product,revenue,329.01,68,,3.894,65.03,True,High,Spike,True
2011-09-03,21621,,product,revenue,425.76,48,,3.898,75.38,True,High,Spike,True
2012-04-25,POST,,product,revenue,4664.94,112,,3.898,915.65,True,High,Spike,True
2015-09-11,22139,amazon,product,revenue,391.14,75,,3.902,69.31,True,High,Spike,True
2011-05-04,M,Manual,product,price,1136.3,1,,3.902,101.1,True,High,Spike,True
2015-11-03,22776,SWEETHEART 3 TIER CAKE STAND ,product,revenue,868.56,88,,3.914,140.32,True,High,Spike,True
2012-12-19,85123A,CREAM HANGING HEART T-LIGHT HOLDER,product,revenue,338.8,118,,3.916,85.99,True,High,Spike,True
2015-01-02,21843,smashed,product,revenue,677.49,61,,3.918,120.83,True,High,Spike,True
2014-03-31,,,overall,revenue,38883.12,6766,760.0,3.919,13777.1,True,High,Spike,True
2011-07-12,22727,ALARM CLOCK BAKELIKE RED ,product,revenue,2007.55,661,,3.923,206.11,True,High,Spike,True
2013-10-12,85099B,JUMBO BAG RED RETROSPOT,product,revenue,202.09,100,,3.928,42.79,True,High,Spike,True
2014-10-11,22726,,product,revenue,350.24,90,,3.932,59.71,True,High,Spike,True
2013-09-20,22086,PAPER CHAIN KIT 50'S CHRISTMAS ,product,revenue,301.11,104,,3.933,56.54,True,High,Spike,True
2015-09-23,85099B,JUMBO BAG RED RETROSPOT,product,revenue,225.73,114,,3.933,48.12,True,High,Spike,True
2015-02-04,84078A,SET/4 WHITE RETRO STORAGE CUBES ,product,revenue,2880.75,75,,3.935,485.29,True,High,Spike,True
2013-10-31,21755,LOVE BUILDING BLOCK WORD,product,revenue,343.03,57,,3.938,64.89,True,High,Spike,True
2013-01-03,22138,BAKING SET 9 PIECE RETROSPOT ,product,revenue,406.48,82,,3.94,73.71,True,High,Spike,True
2015-07-04,85066,CREAM SWEETHEART MINI CHEST,product,revenue,651.0,50,,3.943,129.26,True,High,Spike,True
2015-12-04,POST,,product,revenue,4731.98,110,,3.948,838.84,True,High,Spike,True
2013-06-08,48194,DOORMAT HEARTS,product,revenue,401.09,49,,3.951,83.8,True,High,Spike,True
2014-02-01,22776,SWEETHEART 3 TIER CAKE STAND ,product,revenue,822.92,84,,3.953,146.44,True,High,Spike,True
2013-02-16,22193,RED DINER WALL CLOCK,product,revenue,477.58,54,,3.957,105.2,True,High,Spike,True
2015-11-09,22424,ENAMEL BREAD BIN CREAM,product,revenue,762.66,58,,3.958,128.51,True,High,Spike,True
2014-08-30,21523,DOORMAT FANCY FONT HOME SWEET HOME,product,revenue,387.5,50,,3.96,85.51,True,High,Spike,True
2013-05-23,POST,,product,revenue,4176.69,99,,3.961,888.14,True,High,Spike,True
2015-06-02,82483,crushed,product,revenue,386.08,60,,3.967,67.56,True,High,Spike,True
2015-01-19,23245,SET OF 3 REGENCY CAKE TINS,product,revenue,435.21,89,,3.969,74.43,True,High,Spike,True
2012-06-18,21523,DOORMAT FANCY FONT HOME SWEET HOME,product,revenue,794.0,100,,3.97,133.58,True,High,Spike,True
2012-08-17,21523,DOORMAT FANCY FONT HOME SWEET HOME,product,revenue,1045.37,129,,3.97,130.48,True,High,Spike,True
2012-04-20,82486,3 DRAWER ANTIQUE WHITE WOOD CABINET,product,revenue,674.34,75,,3.97,115.54,True,High,Spike,True
2015-06-13,23284,,product,revenue,811.05,105,,3.974,144.66,True,High,Spike,True
2012-06-01,84879,damaged,product,revenue,226.33,136,,3.974,42.66,True,High,Spike,True
2015-01-06,22457,NATURAL SLATE HEART CHALKBOARD ,product,revenue,396.07,130,,3.983,71.38,True,High,Spike,True
2013-09-17,22424,ENAMEL BREAD BIN CREAM,product,revenue,488.0,40,,3.988,115.79,True,High,Spike,True
2012-06-16,22086,PAPER CHAIN KIT 50'S CHRISTMAS ,product,revenue,278.5,98,,3.989,59.04,True,High,Spike,True
2013-06-18,82484,WOOD BLACK BOARD ANT WHITE FINISH,product,revenue,653.82,88,,3.99,122.68,True,High,Spike,True
2012-02-16,C2,,product,price,52.13,3,,3.99,50.05,True,High,Spike,False
2013-07-13,22457,NATURAL SLATE HEART CHALKBOARD ,product,revenue,296.47,99,,3.991,59.0,True,High,Spike,True
2012-01-25,22846,BREAD BIN DINER STYLE RED ,product,revenue,337.6,20,,3.991,69.25,True,High,Spike,False
2013-07-15,48194,DOORMAT HEARTS,product,revenue,661.34,85,,3.991,101.1,True,High,Spike,True
2011-09-06,20685,DOORMAT RED RETROSPOT,product,price,4.624342105263158,304,,-2.999,7.37,True,Medium,Drop,True
2011-07-06,20685,DOORMAT RED RETROSPOT,product,price,4.613366336633663,202,,-2.979,7.41,True,Medium,Drop,True
2011-05-04,22424,ENAMEL BREAD BIN CREAM,product,price,10.95,8,,-2.95,12.57,True,Medium,Drop,True
2011-09-11,22776,SWEETHEART 3 TIER CAKE STAND ,product,price,8.611538461538462,13,,-2.948,9.8,True,Medium,Drop,True
2011-09-08,22776,SWEETHEART 3 TIER CAKE STAND ,product,price,8.8625,16,,-2.926,9.84,True,Medium,Drop,True
2011-05-09,22111,SCOTTIE DOG HOT WATER BOTTLE,product,price,4.278,75,,-2.894,4.85,True,Medium,Drop,True
2011-09-02,47566,PARTY BUNTING,product,price,3.796153846153846,104,,-2.871,4.73,True,Medium,Drop,True
2011-04-05,22111,SCOTTIE DOG HOT WATER BOTTLE,product,price,4.39,30,,-2.855,4.87,True,Medium,Drop,True
2011-05-07,23298,"BUNTING , SPOTTY ",product,price,4.254347826086956,115,,-2.834,4.87,True,Medium,Drop,True
2011-11-03,84879,damaged,product,price,1.5122222222222221,216,,-2.805,1.67,True,Medium,Drop,True
2011-03-08,85066,CREAM SWEETHEART MINI CHEST,product,price,10.95,12,,-2.788,12.52,True,Medium,Drop,True
2015-12-01,85099B,JUMBO BAG RED RETROSPOT,product,price,1.9291666666666667,12,,-2.756,2.02,True,Medium,Drop,False
2011-09-08,22720,,product,price,4.31,35,,-2.734,4.86,True,Medium,Drop,True
2011-05-10,23245,SET OF 3 REGENCY CAKE TINS,product,price,4.160958904109589,292,,-2.725,4.83,True,Medium,Drop,True
2011-03-04,21843,smashed,product,price,9.95,24,,-2.723,10.81,True,Medium,Drop,True
2011-10-01,82486,3 DRAWER ANTIQUE WHITE WOOD CABINET,product,price,7.95,6,,-2.719,8.83,True,Medium,Drop,False
2011-11-08,84879,damaged,product,price,1.4595238095238094,1008,,-2.709,1.66,True,Medium,Drop,True
2013-10-11,22423,damages,product,price,11.92,8,,-2.69,12.5,True,Medium,Drop,False
2011-07-03,84879,damaged,product,price,1.49,192,,-2.678,1.67,True,Medium,Drop,True
2011-08-03,85066,CREAM SWEETHEART MINI CHEST,product,price,10.95,6,,-2.673,12.52,True,Medium,Drop,True
2011-09-08,22457,NATURAL SLATE HEART CHALKBOARD ,product,price,2.659090909090909,66,,-2.652,2.92,True,Medium,Drop,True
2011-06-01,82486,3 DRAWER ANTIQUE WHITE WOOD CABINET,product,price,7.318421052631579,19,,-2.651,8.64,True,Medium,Drop,True
2011-03-11,23245,SET OF 3 REGENCY CAKE TINS,product,price,4.31,40,,-2.611,4.85,True,Medium,Drop,True
2011-05-04,22727,ALARM CLOCK BAKELIKE RED ,product,price,3.391434262948207,502,,-2.593,3.7,True,Medium,Drop,True
2013-06-28,,,overall,revenue,8761.95,3309,406.0,-2.572,20703.68,True,Medium,Drop,False
2011-05-12,21843,smashed,product,price,9.99,25,,-2.571,10.83,True,Medium,Drop,True
2013-12-05,22139,amazon,product,price,4.77,26,,-2.569,5.03,True,Medium,Drop,False
2011-02-06,22424,ENAMEL BREAD BIN CREAM,product,price,10.95,11,,-2.562,12.52,True,Medium,Drop,True
2013-10-03,22423,damages,product,price,12.0308,25,,-2.544,12.52,True,Medium,Drop,False
2011-02-06,21755,LOVE BUILDING BLOCK WORD,product,price,5.45,14,,-2.527,5.91,True,Medium,Drop,True
2011-10-11,85066,CREAM SWEETHEART MINI CHEST,product,price,11.044736842105264,57,,-2.521,12.52,True,Medium,Drop,True
2011-06-12,84879,damaged,product,price,1.53,240,,-2.509,1.67,True,Medium,Drop,True
2011-05-07,22424,ENAMEL BREAD BIN CREAM,product,price,10.95,8,,-2.507,12.51,True,Medium,Drop,True
2011-11-07,22776,SWEETHEART 3 TIER CAKE STAND ,product,price,8.707142857142857,14,,-2.506,9.78,True,Medium,Drop,True
2012-02-10,,,overall,revenue,4662.15,1845,201.0,-2.501,15110.03,True,Medium,Drop,False
2012-03-29,C2,,product,price,47.89,8,,-2.5,50.05,True,Medium,Drop,False
2015-09-10,21755,LOVE BUILDING BLOCK WORD,product,price,5.73,5,,-2.481,6.04,True,Medium,Drop,False
2012-06-07,22727,ALARM CLOCK BAKELIKE RED ,product,price,3.587761194029851,67,,-2.48,3.76,True,Medium,Drop,False
2011-01-12,22111,SCOTTIE DOG HOT WATER BOTTLE,product,price,4.495945945945946,37,,-2.476,4.87,True,Medium,Drop,True
2015-05-28,85123A,CREAM HANGING HEART T-LIGHT HOLDER,product,price,2.76,4,,-2.475,2.89,True,Medium,Drop,False
2013-07-22,22424,ENAMEL BREAD BIN CREAM,product,price,12.1575,8,,-2.471,12.84,True,Medium,Drop,False
2011-05-01,47566,PARTY BUNTING,product,price,3.75,50,,-2.463,4.74,True,Medium,Drop,True
2011-11-01,84879,damaged,product,price,1.5351612903225806,248,,-2.459,1.67,True,Medium,Drop,True
2011-06-09,22625,,product,price,7.933333333333334,18,,-2.458,8.42,True,Medium,Drop,False
2015-07-17,22086,PAPER CHAIN KIT 50'S CHRISTMAS ,product,price,2.79,1,,-2.455,2.94,True,Medium,Drop,False
2011-05-04,22776,SWEETHEART 3 TIER CAKE STAND ,product,price,8.707142857142857,14,,-2.454,9.78,True,Medium,Drop,True
2012-03-07,85123A,CREAM HANGING HEART T-LIGHT HOLDER,product,price,2.75,3,,-2.436,2.89,True,Medium,Drop,False
2014-09-27,22960,JAM MAKING SET WITH JARS,product,price,4.0,12,,-2.435,4.22,True,Medium,Drop,False
2015-06-20,23245,SET OF 3 REGENCY CAKE TINS,product,price,4.68,2,,-2.431,4.95,True,Medium,Drop,False
2013-05-18,85099B,JUMBO BAG RED RETROSPOT,product,price,1.93,1,,-2.43,2.02,True,Medium,Drop,False
2011-05-10,22193,RED DINER WALL CLOCK,product,price,7.933333333333334,18,,-2.427,8.43,True,Medium,Drop,False
2011-09-12,22720,,product,price,4.25,16,,-2.427,4.82,True,Medium,Drop,True
2011-12-05,22424,ENAMEL BREAD BIN CREAM,product,price,11.31,10,,-2.425,12.55,True,Medium,Drop,True
2014-02-25,23298,"BUNTING , SPOTTY ",product,price,4.69,13,,-2.424,4.94,True,Medium,Drop,False
2012-11-20,85123A,CREAM HANGING HEART T-LIGHT HOLDER,product,price,2.7805263157894737,19,,-2.424,2.9,True,Medium,Drop,False
2011-03-11,22727,ALARM CLOCK BAKELIKE RED ,product,price,3.4596774193548385,62,,-2.423,3.71,True,Medium,Drop,True
2014-04-29,22726,,product,price,3.6,11,,-2.42,3.82,True,Medium,Drop,False
2015-05-15,82486,3 DRAWER ANTIQUE WHITE WOOD CABINET,product,price,8.25,6,,-2.413,8.74,True,Medium,Drop,False
2014-07-22,85123A,CREAM HANGING HEART T-LIGHT HOLDER,product,price,2.7675,16,,-2.407,2.89,True,Medium,Drop,False
2011-01-08,21843,smashed,product,price,9.95,30,,-2.406,10.76,True,Medium,Drop,True
2011-04-01,47566,PARTY BUNTING,product,price,3.819230769230769,65,,-2.4,4.77,True,Medium,Drop,True
2011-11-02,47566,PARTY BUNTING,product,price,3.838888888888889,108,,-2.399,4.69,True,Medium,Drop,True
2015-02-24,85099B,JUMBO BAG RED RETROSPOT,product,price,1.91,9,,-2.398,2.02,True,Medium,Drop,False
2015-12-15,48138,DOORMAT UNION FLAG,product,price,7.36,5,,-2.394,7.81,True,Medium,Drop,False
2011-05-08,82484,WOOD BLACK BOARD ANT WHITE FINISH,product,price,4.926,50,,-2.391,7.3,True,Medium,Drop,True
2012-11-09,23355,HOT WATER BOTTLE KEEP CALM,product,price,4.62,2,,-2.389,4.91,True,Medium,Drop,False
2011-11-01,82484,WOOD BLACK BOARD ANT WHITE FINISH,product,price,5.814705882352941,17,,-2.386,7.52,True,Medium,Drop,True
2014-08-22,85099B,JUMBO BAG RED RETROSPOT,product,price,1.9223076923076923,13,,-2.385,2.02,True,Medium,Drop,False
2015-06-13,22423,damages,product,price,11.9516,50,,-2.384,12.51,True,Medium,Drop,False
2011-09-01,22111,SCOTTIE DOG HOT WATER BOTTLE,product,price,4.335365853658536,82,,-2.373,4.85,True,Medium,Drop,True
2011-04-08,21621,,product,price,7.545454545454546,110,,-2.372,8.38,True,Medium,Drop,True
2011-11-09,85066,CREAM SWEETHEART MINI CHEST,product,price,11.15,18,,-2.372,12.53,True,Medium,Drop,True
2011-09-08,23298,"BUNTING , SPOTTY ",product,price,4.288842975206611,121,,-2.362,4.83,True,Medium,Drop,True
2011-05-05,22193,RED DINER WALL CLOCK,product,price,7.65,12,,-2.358,8.37,True,Medium,Drop,True
2011-04-05,21621,,product,price,7.637931034482759,58,,-2.357,8.4,True,Medium,Drop,True
2015-09-05,82486,3 DRAWER ANTIQUE WHITE WOOD CABINET,product,price,8.27,3,,-2.354,8.74,True,Medium,Drop,False
2012-12-31,,,overall,revenue,8118.96,2776,290.0,-2.346,20223.58,True,Medium,Drop,False
2012-05-05,21754,HOME BUILDING BLOCK WORD,product,price,5.725555555555555,9,,-2.336,6.06,True,Medium,Drop,False
2011-08-03,22487,WHITE WOOD GARDEN PLANT LADDER,product,price,8.5,4,,-2.336,9.7,True,Medium,Drop,True
2011-10-07,22487,WHITE WOOD GARDEN PLANT LADDER,product,price,8.5,4,,-2.336,9.7,True,Medium,Drop,True
2015-07-16,,,overall,revenue,8182.44,2779,305.0,-2.332,18533.74,True,Medium,Drop,False
2011-11-05,84879,damaged,product,price,1.5185714285714287,448,,-2.332,1.67,True,Medium,Drop,True
2015-06-05,22727,ALARM CLOCK BAKELIKE RED ,product,price,3.58,36,,-2.328,3.77,True,Medium,Drop,False
2011-04-10,23245,SET OF 3 REGENCY CAKE TINS,product,price,4.31,20,,-2.322,4.84,True,Medium,Drop,True
2011-09-11,84879,damaged,product,price,1.4704878048780488,1312,,-2.321,1.65,True,Medium,Drop,True
2011-11-05,22846,BREAD BIN DINER STYLE RED ,product,price,14.95,4,,-2.317,16.55,True,Medium,Drop,False
2011-01-06,22960,JAM MAKING SET WITH JARS,product,price,3.75,12,,-2.315,4.1,True,Medium,Drop,True
2015-09-18,23298,"BUNTING , SPOTTY ",product,price,4.67,6,,-2.315,4.94,True,Medium,Drop,False
2011-12-05,21754,HOME BUILDING BLOCK WORD,product,price,5.575,48,,-2.312,5.98,True,Medium,Drop,False
2014-07-25,22720,,product,price,4.718,5,,-2.308,4.94,True,Medium,Drop,False
2014-03-01,23298,"BUNTING , SPOTTY ",product,price,4.68,2,,-2.308,4.95,True,Medium,Drop,False
2012-02-25,22423,damages,product,price,11.9,6,,-2.302,12.5,True,Medium,Drop,False
2011-04-02,21755,LOVE BUILDING BLOCK WORD,product,price,5.45,18,,-2.297,5.92,True,Medium,Drop,True
2014-03-25,79321,,product,price,5.12,6,,-2.297,5.42,True,Medium,Drop,False
2012-01-02,22625,,product,price,8.09,1,,-2.293,8.45,True,Medium,Drop,False
2014-10-30,22727,ALARM CLOCK BAKELIKE RED ,product,price,3.57,2,,-2.288,3.78,True,Medium,Drop,False
2011-02-06,22138,BAKING SET 9 PIECE RETROSPOT ,product,price,4.29,35,,-2.287,4.84,True,Medium,Drop,True
2014-12-09,22720,,product,price,4.716666666666667,9,,-2.282,4.98,True,Medium,Drop,False
2011-03-06,48194,DOORMAT HEARTS,product,price,6.75,10,,-2.275,7.8,True,Medium,Drop,True
2014-07-04,85066,CREAM SWEETHEART MINI CHEST,product,price,11.99,6,,-2.273,12.73,True,Medium,Drop,False
2010-08-12,21755,LOVE BUILDING BLOCK WORD,product,price,5.65,30,,-2.268,5.91,True,Medium,Drop,False
2010-08-12,22111,SCOTTIE DOG HOT WATER BOTTLE,product,price,4.679032258064516,62,,-2.268,4.91,True,Medium,Drop,False
2011-01-12,22138,BAKING SET 9 PIECE RETROSPOT ,product,price,4.495945945945946,37,,-2.268,4.89,True,Medium,Drop,True
2013-07-22,21755,LOVE BUILDING BLOCK WORD,product,price,5.73,21,,-2.266,6.04,True,Medium,Drop,False
2011-04-01,82486,3 DRAWER ANTIQUE WHITE WOOD CABINET,product,price,7.283333333333333,18,,-2.264,8.49,True,Medium,Drop,True
2014-07-07,82483,crushed,product,price,6.33,3,,-2.261,6.69,True,Medium,Drop,False
2011-06-09,23245,SET OF 3 REGENCY CAKE TINS,product,price,4.211538461538462,52,,-2.258,4.82,True,Medium,Drop,True
2014-02-26,22193,RED DINER WALL CLOCK,product,price,8.14875,8,,-2.257,8.65,True,Medium,Drop,False
2012-08-07,82484,WOOD BLACK BOARD ANT WHITE FINISH,product,price,7.15,17,,-2.256,7.45,True,Medium,Drop,False
2015-01-17,85123A,CREAM HANGING HEART T-LIGHT HOLDER,product,price,2.7675,12,,-2.256,2.89,True,Medium,Drop,False
2011-01-11,22193,RED DINER WALL CLOCK,product,price,7.65,12,,-2.253,8.37,True,Medium,Drop,True
2014-03-01,22112,CHOCOLATE HOT WATER BOTTLE,product,price,4.64,5,,-2.252,4.85,True,Medium,Drop,False
2014-06-10,22720,,product,price,4.7,9,,-2.239,4.94,True,Medium,Drop,False
2014-10-23,22423,damages,product,price,11.93578947368421,19,,-2.237,12.59,True,Medium,Drop,False
2011-03-02,22776,SWEETHEART 3 TIER CAKE STAND ,product,price,8.5,12,,-2.237,9.68,True,Medium,Drop,True
2014-05-30,22138,BAKING SET 9 PIECE RETROSPOT ,product,price,4.75,13,,-2.236,5.02,True,Medium,Drop,False
2011-03-11,85066,CREAM SWEETHEART MINI CHEST,product,price,11.088461538461539,104,,-2.234,12.47,True,Medium,Drop,True
2013-02-14,22112,CHOCOLATE HOT WATER BOTTLE,product,price,4.67,1,,-2.23,4.89,True,Medium,Drop,False
2014-01-28,47566,PARTY BUNTING,product,price,4.62,7,,-2.226,4.89,True,Medium,Drop,False
2013-08-09,22424,ENAMEL BREAD BIN CREAM,product,price,12.18,3,,-2.224,12.82,True,Medium,Drop,False
2011-05-10,22720,,product,price,4.39,40,,-2.222,4.83,True,Medium,Drop,True
2011-07-10,23245,SET OF 3 REGENCY CAKE TINS,product,price,4.197058823529412,68,,-2.222,4.82,True,Medium,Drop,True
2014-10-02,22457,NATURAL SLATE HEART CHALKBOARD ,product,price,2.82,6,,-2.217,2.98,True,Medium,Drop,False
2012-06-11,23298,"BUNTING , SPOTTY ",product,price,4.68,48,,-2.217,4.91,True,Medium,Drop,False
2011-10-11,22111,SCOTTIE DOG HOT WATER BOTTLE,product,price,4.513636363636364,77,,-2.214,4.89,True,Medium,Drop,False
2015-09-05,21755,LOVE BUILDING BLOCK WORD,product,price,5.79,13,,-2.21,6.06,True,Medium,Drop,False
2012-02-23,82483,crushed,product,price,6.32,1,,-2.21,6.7,True,Medium,Drop,False
2014-09-01,22138,BAKING SET 9 PIECE RETROSPOT ,product,price,4.74,23,,-2.206,5.0,True,Medium,Drop,False
2013-01-16,22487,WHITE WOOD GARDEN PLANT LADDER,product,price,9.47,10,,-2.205,9.96,True,Medium,Drop,False
2014-01-15,22423,damages,product,price,11.952173913043477,23,,-2.197,12.49,True,Medium,Drop,False
2014-07-14,21843,smashed,product,price,10.37,2,,-2.195,10.82,True,Medium,Drop,False
2011-08-04,47566,PARTY BUNTING,product,price,4.239940828402367,169,,-2.195,4.79,True,Medium,Drop,True
2012-03-19,84879,damaged,product,price,1.61,9,,-2.195,1.7,True,Medium,Drop,False
2015-12-09,22727,ALARM CLOCK BAKELIKE RED ,product,price,3.57,11,,-2.194,3.77,True,Medium,Drop,False
2013-02-15,,,overall,revenue,4219.1,1499,187.0,-2.193,13897.45,True,Medium,Drop,False
2011-07-02,82484,WOOD BLACK BOARD ANT WHITE FINISH,product,price,4.8160869565217395,207,,-2.189,7.11,True,Medium,Drop,True
2013-12-04,21755,LOVE BUILDING BLOCK WORD,product,price,5.76,9,,-2.188,6.03,True,Medium,Drop,False
2015-08-10,23355,HOT WATER BOTTLE KEEP CALM,product,price,4.64,45,,-2.187,4.86,True,Medium,Drop,False
2014-06-21,22727,ALARM CLOCK BAKELIKE RED ,product,price,3.63,5,,-2.186,3.79,True,Medium,Drop,False
2015-01-17,84879,damaged,product,price,1.6,7,,-2.184,1.69,True,Medium,Drop,False
2015-01-06,22720,,product,price,4.69,13,,-2.182,4.92,True,Medium,Drop,False
2014-11-17,85099B,JUMBO BAG RED RETROSPOT,product,price,1.928,5,,-2.179,2.02,True,Medium,Drop,False
2014-08-15,22457,NATURAL SLATE HEART CHALKBOARD ,product,price,2.84,9,,-2.178,2.99,True,Medium,Drop,False
2012-03-13,22487,WHITE WOOD GARDEN PLANT LADDER,product,price,9.36,4,,-2.176,9.9,True,Medium,Drop,False
2011-11-01,82486,3 DRAWER ANTIQUE WHITE WOOD CABINET,product,price,7.95,2,,-2.176,8.75,True,Medium,Drop,False
2014-07-03,85123A,CREAM HANGING HEART T-LIGHT HOLDER,product,price,2.79,2,,-2.175,2.89,True,Medium,Drop,False
2011-06-12,22111,SCOTTIE DOG HOT WATER BOTTLE,product,price,4.39,150,,-2.174,4.85,True,Medium,Drop,True
2014-07-02,22086,PAPER CHAIN KIT 50'S CHRISTMAS ,product,price,2.79,23,,-2.171,2.93,True,Medium,Drop,False
2011-02-02,22624,IVORY KITCHEN SCALES,product,price,7.771428571428571,14,,-2.17,8.37,True,Medium,Drop,True
2012-08-18,82484,WOOD BLACK BOARD ANT WHITE FINISH,product,price,7.11,3,,-2.17,7.43,True,Medium,Drop,False
2013-02-12,22720,,product,price,4.72,3,,-2.169,4.95,True,Medium,Drop,False
2015-12-10,47566,PARTY BUNTING,product,price,4.63,19,,-2.167,4.87,True,Medium,Drop,False
2012-04-11,85123A,CREAM HANGING HEART T-LIGHT HOLDER,product,price,2.7529166666666667,24,,-2.167,2.87,True,Medium,Drop,False
2013-08-22,,,overall,revenue,8056.09,3111,345.0,-2.166,17473.33,True,Medium,Drop,False
2011-10-01,21754,HOME BUILDING BLOCK WORD,product,price,5.677272727272728,33,,-2.166,6.03,True,Medium,Drop,False
2011-05-01,79321,,product,price,4.03348134991119,563,,-2.16,5.16,True,Medium,Drop,True
2011-06-07,85066,CREAM SWEETHEART MINI CHEST,product,price,10.95,12,,-2.157,12.42,True,Medium,Drop,True
2012-12-01,85099B,JUMBO BAG RED RETROSPOT,product,price,1.9169565217391304,23,,-2.157,2.02,True,Medium,Drop,False
2011-01-05,,,overall,revenue,6921.11,3792,442.0,-2.156,29694.32,True,Medium,Drop,False
2012-11-01,22727,ALARM CLOCK BAKELIKE RED ,product,price,3.59,6,,-2.155,3.76,True,Medium,Drop,False
2014-09-03,23284,,product,price,7.52,1,,-2.15,7.95,True,Medium,Drop,False
2013-04-16,22423,damages,product,price,11.92,21,,-2.149,12.51,True,Medium,Drop,False
2014-12-17,22457,NATURAL SLATE HEART CHALKBOARD ,product,price,2.83,10,,-2.149,2.97,True,Medium,Drop,False
2011-07-12,22457,NATURAL SLATE HEART CHALKBOARD ,product,price,2.571951219512195,656,,-2.148,2.93,True,Medium,Drop,True
2014-01-20,22726,,product,price,3.61,19,,-2.148,3.78,True,Medium,Drop,False
2011-02-02,84879,damaged,product,price,1.5185714285714287,224,,-2.148,1.66,True,Medium,Drop,True
2014-12-12,22112,CHOCOLATE HOT WATER BOTTLE,product,price,4.65,15,,-2.147,4.9,True,Medium,Drop,False
2011-11-10,22960,JAM MAKING SET WITH JARS,product,price,3.8214285714285716,84,,-2.146,4.14,True,Medium,Drop,True
2014-05-29,47566,PARTY BUNTING,product,price,4.63,3,,-2.144,4.86,True,Medium,Drop,False
2013-03-08,85123A,CREAM HANGING HEART T-LIGHT HOLDER,product,price,2.756521739130435,46,,-2.144,2.89,True,Medium,Drop,False
2014-06-04,22112,CHOCOLATE HOT WATER BOTTLE,product,price,4.66,11,,-2.142,4.95,True,Medium,Drop,False
2015-07-11,22960,JAM MAKING SET WITH JARS,product,price,3.98,3,,-2.141,4.18,True,Medium,Drop,False
2011-05-01,85099B,JUMBO BAG RED RETROSPOT,product,price,1.674770642201835,436,,-2.136,1.96,True,Medium,Drop,True
2012-02-27,22625,,product,price,8.01,10,,-2.135,8.45,True,Medium,Drop,False
2015-05-16,82486,3 DRAWER ANTIQUE WHITE WOOD CABINET,product,price,8.27,4,,-2.135,8.73,True,Medium,Drop,False
2012-03-17,POST,,product,price,40.28,3,,-2.133,42.5,True,Medium,Drop,False
2014-02-19,22111,SCOTTIE DOG HOT WATER BOTTLE,product,price,4.68,13,,-2.132,4.92,True,Medium,Drop,False
2015-11-06,79321,,product,price,5.1,2,,-2.131,5.4,True,Medium,Drop,False
2012-11-12,85099B,JUMBO BAG RED RETROSPOT,product,price,1.9370588235294117,85,,-2.131,2.02,True,Medium,Drop,False
2012-04-26,22846,BREAD BIN DINER STYLE RED ,product,price,15.7,7,,-2.13,16.59,True,Medium,Drop,False
2015-11-16,22847,,product,price,15.7,4,,-2.13,16.54,True,Medium,Drop,False
2011-02-12,22111,SCOTTIE DOG HOT WATER BOTTLE,product,price,4.540243902439024,41,,-2.127,4.87,True,Medium,Drop,False
2012-01-06,22726,,product,price,3.6,3,,-2.127,3.77,True,Medium,Drop,False
2013-06-17,22847,,product,price,15.73,27,,-2.126,16.56,True,Medium,Drop,False
2014-06-25,22727,ALARM CLOCK BAKELIKE RED ,product,price,3.62,2,,-2.125,3.79,True,Medium,Drop,False
2012-04-12,85123A,CREAM HANGING HEART T-LIGHT HOLDER,product,price,2.74,4,,-2.125,2.87,True,Medium,Drop,False
2012-08-14,22423,damages,product,price,11.99,13,,-2.124,12.58,True,Medium,Drop,False
2013-08-22,22112,CHOCOLATE HOT WATER BOTTLE,product,price,4.66,2,,-2.123,4.93,True,Medium,Drop,False
2013-01-01,84879,damaged,product,price,1.612857142857143,7,,-2.122,1.69,True,Medium,Drop,False
2012-09-28,21754,HOME BUILDING BLOCK WORD,product,price,5.73,49,,-2.121,6.06,True,Medium,Drop,False
2012-06-06,22111,SCOTTIE DOG HOT WATER BOTTLE,product,price,4.68,5,,-2.119,4.93,True,Medium,Drop,False
2013-06-06,23284,,product,price,7.5,2,,-2.118,7.91,True,Medium,Drop,False
2015-12-10,23355,HOT WATER BOTTLE KEEP CALM,product,price,4.64,21,,-2.118,4.85,True,Medium,Drop,False
2014-02-28,,,overall,revenue,5375.23,1976,235.0,-2.116,14223.9,True,Medium,Drop,False
2014-05-19,82484,WOOD BLACK BOARD ANT WHITE FINISH,product,price,7.03,2,,-2.116,7.41,True,Medium,Drop,False
2013-08-20,22424,ENAMEL BREAD BIN CREAM,product,price,12.19,15,,-2.112,12.85,True,Medium,Drop,False
2013-05-02,23355,HOT WATER BOTTLE KEEP CALM,product,price,4.63,15,,-2.106,4.89,True,Medium,Drop,False
2012-08-04,22720,,product,price,4.74,5,,-2.105,4.95,True,Medium,Drop,False
2013-07-27,23298,"BUNTING , SPOTTY ",product,price,4.67,6,,-2.102,4.92,True,Medium,Drop,False
2014-04-19,22139,amazon,product,price,4.75,4,,-2.099,5.01,True,Medium,Drop,False
2014-11-11,22086,PAPER CHAIN KIT 50'S CHRISTMAS ,product,price,2.81,2,,-2.098,2.95,True,Medium,Drop,False
2014-01-14,22423,damages,product,price,12.04,12,,-2.098,12.51,True,Medium,Drop,False
2013-11-19,85123A,CREAM HANGING HEART T-LIGHT HOLDER,product,price,2.7552631578947366,38,,-2.098,2.88,True,Medium,Drop,False
2011-05-10,22726,,product,price,3.519230769230769,78,,-2.097,3.72,True,Medium,Drop,False
2012-03-06,C2,,product,price,48.56,3,,-2.097,50.08,True,Medium,Drop,False
2013-01-28,22727,ALARM CLOCK BAKELIKE RED ,product,price,3.6,4,,-2.096,3.75,True,Medium,Drop,False
2013-06-08,23298,"BUNTING , SPOTTY ",product,price,4.68,2,,-2.094,4.92,True,Medium,Drop,False
2014-12-15,22457,NATURAL SLATE HEART CHALKBOARD ,product,price,2.85,14,,-2.092,2.98,True,Medium,Drop,False
2015-01-02,22138,BAKING SET 9 PIECE RETROSPOT ,product,price,4.77,6,,-2.091,5.01,True,Medium,Drop,False
2012-06-11,22720,,product,price,4.71,12,,-2.091,4.95,True,Medium,Drop,False
2015-02-12,23284,,product,price,7.51,5,,-2.091,7.86,True,Medium,Drop,False
2014-03-05,23298,"BUNTING , SPOTTY ",product,price,4.68,21,,-2.09,4.94,True,Medium,Drop,False
2011-11-02,79321,,product,price,4.483333333333333,72,,-2.089,5.38,True,Medium,Drop,True
2011-11-01,22457,NATURAL SLATE HEART CHALKBOARD ,product,price,2.607142857142857,56,,-2.086,2.93,True,Medium,Drop,True
2012-07-16,47566,PARTY BUNTING,product,price,4.64,10,,-2.085,4.86,True,Medium,Drop,False
2014-11-05,85066,CREAM SWEETHEART MINI CHEST,product,price,12.03,9,,-2.085,12.72,True,Medium,Drop,False
2012-10-15,84879,damaged,product,price,1.6,2,,-2.083,1.68,True,Medium,Drop,False
2013-03-19,85099B,JUMBO BAG RED RETROSPOT,product,price,1.92,8,,-2.083,2.01,True,Medium,Drop,False
2013-02-28,22112,CHOCOLATE HOT WATER BOTTLE,product,price,4.66,9,,-2.082,4.88,True,Medium,Drop,False
2015-01-15,79321,,product,price,5.1,11,,-2.082,5.4,True,Medium,Drop,False
2013-04-25,82484,WOOD BLACK BOARD ANT WHITE FINISH,product,price,7.05,1,,-2.082,7.4,True,Medium,Drop,False
2011-09-01,82486,3 DRAWER ANTIQUE WHITE WOOD CABINET,product,price,7.95,5,,-2.08,8.79,True,Medium,Drop,False
2014-07-14,22193,RED DINER WALL CLOCK,product,price,8.12,38,,-2.079,8.6,True,Medium,Drop,False
2015-03-13,22423,damages,product,price,11.88,4,,-2.078,12.51,True,Medium,Drop,False
2012-02-07,84879,damaged,product,price,1.61,12,,-2.077,1.69,True,Medium,Drop,False
2015-07-27,,,overall,revenue,8087.36,3197,378.0,-2.076,17437.13,True,Medium,Drop,False
2014-08-21,22720,,product,price,4.7,7,,-2.076,4.94,True,Medium,Drop,False
2015-08-01,23355,HOT WATER BOTTLE KEEP CALM,product,price,4.68,13,,-2.075,4.87,True,Medium,Drop,False
2014-04-07,48138,DOORMAT UNION FLAG,product,price,7.35,4,,-2.075,7.77,True,Medium,Drop,False
2015-08-13,22086,PAPER CHAIN KIT 50'S CHRISTMAS ,product,price,2.8,1,,-2.073,2.94,True,Medium,Drop,False
2011-07-12,22487,WHITE WOOD GARDEN PLANT LADDER,product,price,8.79,5,,-2.073,9.75,True,Medium,Drop,True
2011-08-06,22487,WHITE WOOD GARDEN PLANT LADDER,product,price,8.5,4,,-2.072,9.65,True,Medium,Drop,True
2014-08-30,23284,,product,price,7.6,20,,-2.071,7.96,True,Medium,Drop,False
2014-05-14,22726,,product,price,3.59,6,,-2.07,3.8,True,Medium,Drop,False
2011-08-12,85066,CREAM SWEETHEART MINI CHEST,product,price,11.15,18,,-2.07,12.47,True,Medium,Drop,True
2011-09-12,22138,BAKING SET 9 PIECE RETROSPOT ,product,price,4.3277777777777775,27,,-2.068,4.8,True,Medium,Drop,True
2013-03-30,79321,,product,price,5.11,4,,-2.068,5.39,True,Medium,Drop,False
2012-08-11,22487,WHITE WOOD GARDEN PLANT LADDER,product,price,9.35,12,,-2.067,9.86,True,Medium,Drop,False
2015-11-13,22139,amazon,product,price,4.749375,16,,-2.065,5.01,True,Medium,Drop,False
2012-04-24,22086,PAPER CHAIN KIT 50'S CHRISTMAS ,product,price,2.79,2,,-2.064,2.94,True,Medium,Drop,False
2015-12-21,47566,PARTY BUNTING,product,price,4.62,1,,-2.064,4.86,True,Medium,Drop,False
2012-08-23,82484,WOOD BLACK BOARD ANT WHITE FINISH,product,price,7.05,7,,-2.063,7.4,True,Medium,Drop,False
2011-03-11,21843,smashed,product,price,10.122413793103448,29,,-2.061,10.8,True,Medium,Drop,False
2011-11-10,22112,CHOCOLATE HOT WATER BOTTLE,product,price,4.370689655172414,29,,-2.061,4.87,True,Medium,Drop,True
2013-12-17,22138,BAKING SET 9 PIECE RETROSPOT ,product,price,4.74,5,,-2.061,4.97,True,Medium,Drop,False
2014-07-24,22138,BAKING SET 9 PIECE RETROSPOT ,product,price,4.76,11,,-2.061,4.97,True,Medium,Drop,False
2012-10-22,48138,DOORMAT UNION FLAG,product,price,7.3966666666666665,12,,-2.06,7.76,True,Medium,Drop,False
2015-07-09,84879,damaged,product,price,1.6,2,,-2.059,1.66,True,Medium,Drop,False
2015-09-08,22720,,product,price,4.69,30,,-2.057,4.93,True,Medium,Drop,False
2015-10-31,22457,NATURAL SLATE HEART CHALKBOARD ,product,price,2.84,6,,-2.054,2.99,True,Medium,Drop,False
2011-08-06,22624,IVORY KITCHEN SCALES,product,price,7.9,17,,-2.053,8.39,True,Medium,Drop,False
2014-01-04,,,overall,revenue,7161.21,2750,302.0,-2.051,18831.01,True,Medium,Drop,False
2013-08-30,20685,DOORMAT RED RETROSPOT,product,price,7.34,8,,-2.05,7.73,True,Medium,Drop,False
2012-08-23,22720,,product,price,4.71,16,,-2.05,4.95,True,Medium,Drop,False
2013-02-09,22720,,product,price,4.76,7,,-2.048,4.96,True,Medium,Drop,False
2013-03-11,21754,HOME BUILDING BLOCK WORD,product,price,5.73,3,,-2.047,6.06,True,Medium,Drop,False
2015-10-26,22423,damages,product,price,12.11,13,,-2.046,12.56,True,Medium,Drop,False
2014-01-28,85123A,CREAM HANGING HEART T-LIGHT HOLDER,product,price,2.77,2,,-2.046,2.89,True,Medium,Drop,False
2011-05-07,22487,WHITE WOOD GARDEN PLANT LADDER,product,price,8.5,4,,-2.044,9.67,True,Medium,Drop,True
2012-06-18,23298,"BUNTING , SPOTTY ",product,price,4.72,11,,-2.042,4.93,True,Medium,Drop,False
2015-08-01,85123A,CREAM HANGING HEART T-LIGHT HOLDER,product,price,2.756666666666667,6,,-2.042,2.89,True,Medium,Drop,False
2013-02-04,22727,ALARM CLOCK BAKELIKE RED ,product,price,3.59,4,,-2.041,3.75,True,Medium,Drop,False
2015-10-23,22846,BREAD BIN DINER STYLE RED ,product,price,15.68,7,,-2.038,16.61,True,Medium,Drop,False
2012-04-13,22846,BREAD BIN DINER STYLE RED ,product,price,15.78,8,,-2.037,16.54,True,Medium,Drop,False
2012-06-14,22086,PAPER CHAIN KIT 50'S CHRISTMAS ,product,price,2.79,4,,-2.036,2.94,True,Medium,Drop,False
2015-03-18,,,overall,revenue,4314.83,1777,217.0,-2.035,12911.92,True,Medium,Drop,False
2014-03-14,82484,WOOD BLACK BOARD ANT WHITE FINISH,product,price,7.05,15,,-2.035,7.45,True,Medium,Drop,False
2011-06-05,23298,"BUNTING , SPOTTY ",product,price,4.3513605442176875,147,,-2.033,4.84,True,Medium,Drop,True
2015-02-19,22111,SCOTTIE DOG HOT WATER BOTTLE,product,price,4.6814285714285715,56,,-2.032,4.92,True,Medium,Drop,False
2013-08-05,22193,RED DINER WALL CLOCK,product,price,8.12,3,,-2.032,8.63,True,Medium,Drop,False
2014-01-25,22726,,product,price,3.6,28,,-2.032,3.78,True,Medium,Drop,False
2011-02-12,23245,SET OF 3 REGENCY CAKE TINS,product,price,4.55,32,,-2.032,4.87,True,Medium,Drop,False
2015-04-14,47566,PARTY BUNTING,product,price,4.672,15,,-2.032,4.88,True,Medium,Drop,False
2015-09-11,21755,LOVE BUILDING BLOCK WORD,product,price,5.76,3,,-2.031,6.03,True,Medium,Drop,False
2011-11-03,22846,BREAD BIN DINER STYLE RED ,product,price,15.35,5,,-2.03,16.62,True,Medium,Drop,False
2015-05-13,84879,damaged,product,price,1.6,6,,-2.03,1.68,True,Medium,Drop,False
2013-01-11,85066,CREAM SWEETHEART MINI CHEST,product,price,11.99,7,,-2.03,12.67,True,Medium,Drop,False
2014-05-08,22726,,product,price,3.612,10,,-2.029,3.81,True,Medium,Drop,False
2011-10-06,82486,3 DRAWER ANTIQUE WHITE WOOD CABINET,product,price,8.15,12,,-2.029,8.81,True,Medium,Drop,False
2014-09-02,23355,HOT WATER BOTTLE KEEP CALM,product,price,4.66,7,,-2.026,4.88,True,Medium,Drop,False
2011-12-01,79321,,product,price,4.3427710843373495,83,,-2.026,5.28,True,Medium,Drop,True
2014-08-11,22726,,product,price,3.6,3,,-2.025,3.78,True,Medium,Drop,False
2013-10-25,22193,RED DINER WALL CLOCK,product,price,8.15,7,,-2.024,8.6,True,Medium,Drop,False
2013-12-31,23298,"BUNTING , SPOTTY ",product,price,4.67,6,,-2.024,4.92,True,Medium,Drop,False
2015-05-04,22112,CHOCOLATE HOT WATER BOTTLE,product,price,4.68,7,,-2.023,4.89,True,Medium,Drop,False
2015-01-05,22423,damages,product,price,11.94,10,,-2.023,12.5,True,Medium,Drop,False
2012-11-24,85099B,JUMBO BAG RED RETROSPOT,product,price,1.94,13,,-2.023,2.03,True,Medium,Drop,False
2011-08-09,22457,NATURAL SLATE HEART CHALKBOARD ,product,price,2.6676470588235293,68,,-2.022,2.91,True,Medium,Drop,True
2014-05-02,22625,,product,price,8.03,9,,-2.022,8.44,True,Medium,Drop,False
2015-04-14,82484,WOOD BLACK BOARD ANT WHITE FINISH,product,price,7.05,2,,-2.021,7.43,True,Medium,Drop,False
2012-10-12,22457,NATURAL SLATE HEART CHALKBOARD ,product,price,2.8233333333333333,12,,-2.02,2.97,True,Medium,Drop,False
2011-12-01,22847,,product,price,14.95,4,,-2.02,16.46,True,Medium,Drop,False
2014-12-29,82486,3 DRAWER ANTIQUE WHITE WOOD CABINET,product,price,8.27,3,,-2.02,8.69,True,Medium,Drop,False
2014-12-25,POST,,product,price,40.2,4,,-2.019,42.28,True,Medium,Drop,False
2014-01-06,21843,smashed,product,price,10.35,9,,-2.018,10.89,True,Medium,Drop,False
2014-02-12,22086,PAPER CHAIN KIT 50'S CHRISTMAS ,product,price,2.79,3,,-2.017,2.94,True,Medium,Drop,False
2015-09-09,48194,DOORMAT HEARTS,product,price,7.59,3,,-2.017,8.02,True,Medium,Drop,False
2014-04-05,84879,damaged,product,price,1.61,5,,-2.016,1.69,True,Medium,Drop,False
2013-06-12,85123A,CREAM HANGING HEART T-LIGHT HOLDER,product,price,2.753,10,,-2.015,2.89,True,Medium,Drop,False
2014-06-21,22112,CHOCOLATE HOT WATER BOTTLE,product,price,4.65,5,,-2.014,4.93,True,Medium,Drop,False
2013-06-12,85099B,JUMBO BAG RED RETROSPOT,product,price,1.92,3,,-2.014,2.0,True,Medium,Drop,False
2013-03-18,79321,,product,price,5.13,9,,-2.013,5.4,True,Medium,Drop,False
2014-12-18,22720,,product,price,4.722,5,,-2.012,4.96,True,Medium,Drop,False
2011-10-05,21754,HOME BUILDING BLOCK WORD,product,price,5.66875,32,,-2.011,6.01,True,Medium,Drop,False
2014-01-01,22423,damages,product,price,12.043302752293577,109,,-2.01,12.53,True,Medium,Drop,False
2014-07-10,22960,JAM MAKING SET WITH JARS,product,price,3.99,27,,-2.01,4.21,True,Medium,Drop,False
2014-11-25,48194,DOORMAT HEARTS,product,price,7.57,70,,-2.008,7.98,True,Medium,Drop,False
2015-05-09,85123A,CREAM HANGING HEART T-LIGHT HOLDER,product,price,2.790967741935484,31,,-2.008,2.89,True,Medium,Drop,False
2011-11-07,23298,"BUNTING , SPOTTY ",product,price,4.378571428571429,70,,-2.007,4.83,True,Medium,Drop,True
2015-04-25,47566,PARTY BUNTING,product,price,4.653333333333333,15,,-2.007,4.86,True,Medium,Drop,False
2011-11-03,22457,NATURAL SLATE HEART CHALKBOARD ,product,price,2.63,60,,-2.006,2.93,True,Medium,Drop,True
2012-06-21,48187,DOORMAT NEW ENGLAND,product,price,7.462916666666667,24,,-2.005,7.86,True,Medium,Drop,False
2014-05-28,48194,DOORMAT HEARTS,product,price,7.6,6,,-2.005,8.04,True,Medium,Drop,False
2013-04-19,82484,WOOD BLACK BOARD ANT WHITE FINISH,product,price,7.1025,16,,-2.005,7.42,True,Medium,Drop,False
2012-12-19,22086,PAPER CHAIN KIT 50'S CHRISTMAS ,product,price,2.79,25,,-2.004,2.93,True,Medium,Drop,False
2013-11-28,22624,IVORY KITCHEN SCALES,product,price,8.18,16,,-2.004,8.63,True,Medium,Drop,False
2012-02-29,22139,amazon,product,price,4.75,2,,-2.002,5.0,True,Medium,Drop,False
2012-06-18,23355,HOT WATER BOTTLE KEEP CALM,product,price,4.65,12,,-2.002,4.87,True,Medium,Drop,False
2011-02-12,84879,damaged,product,price,1.5351612903225806,496,,-2.002,1.66,True,Medium,Drop,True
2015-05-30,,,overall,revenue,7782.99,2454,305.0,-2.001,17602.7,True,Medium,Drop,False
2012-08-20,82484,WOOD BLACK BOARD ANT WHITE FINISH,product,price,7.1,5,,-2.001,7.42,True,Medium,Drop,False
2014-05-30,47566,PARTY BUNTING,product,price,4.62,9,,-2.0,4.85,True,Medium,Drop,False
2015-05-09,21621,,product,revenue,181.65,21,,2.0,67.33,True,Medium,Spike,False
2012-05-21,21523,DOORMAT FANCY FONT HOME SWEET HOME,product,revenue,356.73,47,,2.001,105.58,True,Medium,Spike,True
2015-12-10,22138,BAKING SET 9 PIECE RETROSPOT ,product,revenue,222.55,45,,2.001,75.58,True,Medium,Spike,True
2012-03-15,85066,CREAM SWEETHEART MINI CHEST,product,revenue,334.74,27,,2.001,124.08,True,Medium,Spike,False
2014-04-23,20685,DOORMAT RED RETROSPOT,product,price,8.07,4,,2.001,7.71,True,Medium,Spike,False
2013-01-05,22138,BAKING SET 9 PIECE RETROSPOT ,product,price,5.23,4,,2.001,4.98,True,Medium,Spike,False
2014-07-08,21523,DOORMAT FANCY FONT HOME SWEET HOME,product,revenue,225.1,29,,2.002,85.07,True,Medium,Spike,False
2013-11-16,22423,damages,product,revenue,824.6,66,,2.002,346.26,True,Medium,Spike,False
2014-07-31,20685,DOORMAT RED RETROSPOT,product,price,8.08,4,,2.002,7.69,True,Medium,Spike,False
2012-07-19,22727,ALARM CLOCK BAKELIKE RED ,product,price,3.93,11,,2.002,3.75,True,Medium,Spike,False
2013-11-09,85123A,CREAM HANGING HEART T-LIGHT HOLDER,product,price,2.9966666666666666,9,,2.003,2.88,True,Medium,Spike,False
2014-11-06,20685,DOORMAT RED RETROSPOT,product,revenue,332.09,42,,2.004,101.09,True,Medium,Spike,True
2013-10-02,22193,RED DINER WALL CLOCK,product,revenue,461.55,56,,2.004,150.88,True,Medium,Spike,True
2014-06-30,82483,crushed,product,revenue,279.27,42,,2.004,86.24,True,Medium,Spike,True
2015-06-24,22111,SCOTTIE DOG HOT WATER BOTTLE,product,revenue,197.6,40,,2.005,84.11,True,Medium,Spike,False
2013-05-20,79321,,product,price,5.57,6,,2.005,5.28,True,Medium,Spike,False
2012-11-07,21621,,product,revenue,281.06,33,,2.006,109.42,True,Medium,Spike,True
2015-08-28,21755,LOVE BUILDING BLOCK WORD,product,revenue,277.37,46,,2.006,94.01,True,Medium,Spike,True
2014-12-09,23284,,product,revenue,284.81,37,,2.006,114.91,True,Medium,Spike,False
2014-01-06,79321,,product,revenue,196.22,37,,2.006,74.13,True,Medium,Spike,False
2010-10-12,79321,,product,price,4.95,14,,2.006,4.41,True,Medium,Spike,False
2014-01-10,22846,BREAD BIN DINER STYLE RED ,product,revenue,733.28,44,,2.007,239.9,True,Medium,Spike,True
2012-12-03,22111,SCOTTIE DOG HOT WATER BOTTLE,product,price,5.15,7,,2.007,4.88,True,Medium,Spike,False
2014-06-09,85099B,JUMBO BAG RED RETROSPOT,product,price,2.11,4,,2.007,2.02,True,Medium,Spike,False
2014-05-26,21523,DOORMAT FANCY FONT HOME SWEET HOME,product,revenue,212.49,27,,2.008,80.38,True,Medium,Spike,False
2014-03-17,22605,WOODEN CROQUET GARDEN SET,product,revenue,424.39,31,,2.008,149.52,True,Medium,Spike,True
2013-05-08,21755,LOVE BUILDING BLOCK WORD,product,revenue,217.56,37,,2.009,84.57,True,Medium,Spike,True
2013-03-13,22111,SCOTTIE DOG HOT WATER BOTTLE,product,price,5.15,7,,2.009,4.89,True,Medium,Spike,False
2014-11-11,,,overall,revenue,30853.0,7678,865.0,2.01,17575.9,True,Medium,Spike,False
2014-12-19,84879,damaged,product,revenue,88.64,53,,2.01,36.44,True,Medium,Spike,False
2012-06-13,85123A,CREAM HANGING HEART T-LIGHT HOLDER,product,price,2.98,10,,2.01,2.88,True,Medium,Spike,False
2013-05-23,85123A,CREAM HANGING HEART T-LIGHT HOLDER,product,revenue,242.66,84,,2.011,93.16,True,Medium,Spike,False
2013-03-09,22424,ENAMEL BREAD BIN CREAM,product,price,13.34,4,,2.011,12.62,True,Medium,Spike,False
2014-02-13,85099B,JUMBO BAG RED RETROSPOT,product,price,2.1,2,,2.011,2.01,True,Medium,Spike,False
2014-07-03,48138,DOORMAT UNION FLAG,product,revenue,438.11,55,,2.012,150.9,True,Medium,Spike,True
2015-04-08,82484,WOOD BLACK BOARD ANT WHITE FINISH,product,revenue,270.42,37,,2.012,83.69,True,Medium,Spike,False
2014-02-03,22423,damages,product,price,13.05,15,,2.012,12.49,True,Medium,Spike,False
2013-03-04,22847,,product,price,17.24,12,,2.012,16.29,True,Medium,Spike,False
2015-08-22,22139,amazon,product,price,5.21,4,,2.013,4.95,True,Medium,Spike,False
2015-09-07,22457,NATURAL SLATE HEART CHALKBOARD ,product,price,3.11,1,,2.013,2.95,True,Medium,Spike,False
2014-10-21,22727,ALARM CLOCK BAKELIKE RED ,product,price,3.94,7,,2.013,3.77,True,Medium,Spike,False
2014-05-15,22086,PAPER CHAIN KIT 50'S CHRISTMAS ,product,revenue,144.73,48,,2.014,58.13,True,Medium,Spike,False
2013-04-12,47566,PARTY BUNTING,product,revenue,210.06,43,,2.014,79.34,True,Medium,Spike,False
2012-12-29,22846,BREAD BIN DINER STYLE RED ,product,revenue,427.56,26,,2.015,150.93,True,Medium,Spike,False
2013-02-27,22423,damages,product,price,13.1,3,,2.015,12.44,True,Medium,Spike,False
2014-10-16,22624,IVORY KITCHEN SCALES,product,price,8.88,8,,2.015,8.5,True,Medium,Spike,False
2013-11-04,48194,DOORMAT HEARTS,product,price,8.35,2,,2.015,7.95,True,Medium,Spike,False
2014-01-08,82484,WOOD BLACK BOARD ANT WHITE FINISH,product,revenue,234.04,31,,2.016,101.31,True,Medium,Spike,False
2014-09-13,85099B,JUMBO BAG RED RETROSPOT,product,price,2.1,38,,2.016,2.02,True,Medium,Spike,False
2012-02-10,22720,,product,revenue,143.4,30,,2.017,60.53,True,Medium,Spike,False
2014-04-10,47566,PARTY BUNTING,product,revenue,349.99,73,,2.017,111.29,True,Medium,Spike,True
2013-10-21,85099B,JUMBO BAG RED RETROSPOT,product,price,2.11,12,,2.017,2.01,True,Medium,Spike,False
2014-08-01,21523,DOORMAT FANCY FONT HOME SWEET HOME,product,revenue,172.23,23,,2.018,69.32,True,Medium,Spike,False
2015-12-02,47566,PARTY BUNTING,product,revenue,255.87,52,,2.018,101.81,True,Medium,Spike,False
2013-06-27,48138,DOORMAT UNION FLAG,product,revenue,336.15,45,,2.018,130.48,True,Medium,Spike,True
2015-06-23,48194,DOORMAT HEARTS,product,revenue,305.82,37,,2.018,96.27,True,Medium,Spike,True
2012-08-03,21755,LOVE BUILDING BLOCK WORD,product,price,6.27,6,,2.018,5.99,True,Medium,Spike,False
2015-07-27,20685,DOORMAT RED RETROSPOT,product,revenue,374.2,49,,2.019,130.48,True,Medium,Spike,True
2015-09-05,22457,NATURAL SLATE HEART CHALKBOARD ,product,revenue,169.12,57,,2.019,55.68,True,Medium,Spike,True
2013-08-15,21755,LOVE BUILDING BLOCK WORD,product,price,6.3,3,,2.019,6.01,True,Medium,Spike,False
2012-01-05,POST,,product,price,41.99545454545454,33,,2.019,23.72,True,Medium,Spike,False
2015-08-10,22727,ALARM CLOCK BAKELIKE RED ,product,revenue,161.46,44,,2.021,54.88,True,Medium,Spike,False
2013-07-08,22457,NATURAL SLATE HEART CHALKBOARD ,product,revenue,128.46,44,,2.022,50.64,True,Medium,Spike,False
2013-11-04,23245,SET OF 3 REGENCY CAKE TINS,product,revenue,299.14,62,,2.022,72.16,True,Medium,Spike,True
2014-03-14,22727,ALARM CLOCK BAKELIKE RED ,product,revenue,241.07,63,,2.025,76.34,True,Medium,Spike,True
2014-11-05,47566,PARTY BUNTING,product,revenue,281.64,56,,2.025,95.58,True,Medium,Spike,False
2012-02-06,82486,3 DRAWER ANTIQUE WHITE WOOD CABINET,product,revenue,361.81,41,,2.026,105.54,True,Medium,Spike,True
2013-06-24,21754,HOME BUILDING BLOCK WORD,product,revenue,260.63,45,,2.027,95.93,True,Medium,Spike,True
2014-08-01,22423,damages,product,revenue,993.12,78,,2.027,342.41,True,Medium,Spike,True
2014-08-21,22726,,product,revenue,233.6,64,,2.027,81.22,True,Medium,Spike,True
2015-08-10,21621,,product,price,8.88,13,,2.027,8.45,True,Medium,Spike,False
2014-06-23,84879,damaged,product,price,1.746,90,,2.027,1.66,True,Medium,Spike,False
2013-10-18,21843,smashed,product,revenue,352.16,32,,2.028,120.13,True,Medium,Spike,False
2014-06-18,22423,damages,product,revenue,821.14,67,,2.028,333.79,True,Medium,Spike,False
2015-01-06,22423,damages,product,price,13.12,4,,2.028,12.52,True,Medium,Spike,False
2012-11-13,22726,,product,price,3.97,8,,2.028,3.78,True,Medium,Spike,False
2012-07-30,85099B,JUMBO BAG RED RETROSPOT,product,price,2.09,1,,2.028,1.99,True,Medium,Spike,False
2013-06-29,POST,,product,price,44.04,8,,2.028,42.03,True,Medium,Spike,False
2015-05-18,22139,amazon,product,revenue,238.95,48,,2.029,84.67,True,Medium,Spike,True
2012-11-22,21523,DOORMAT FANCY FONT HOME SWEET HOME,product,price,8.16,4,,2.029,7.78,True,Medium,Spike,False
2014-06-11,82486,3 DRAWER ANTIQUE WHITE WOOD CABINET,product,revenue,388.98,46,,2.03,130.75,True,Medium,Spike,True
2012-08-22,79321,,product,revenue,165.4,31,,2.031,56.19,True,Medium,Spike,False
2012-05-12,22424,ENAMEL BREAD BIN CREAM,product,revenue,501.56,40,,2.032,161.91,True,Medium,Spike,True
2012-09-10,22720,,product,revenue,246.95,51,,2.032,82.81,True,Medium,Spike,True
2013-05-13,POST,,product,revenue,1776.01,42,,2.032,724.42,True,Medium,Spike,False
2014-03-14,22112,CHOCOLATE HOT WATER BOTTLE,product,price,5.08,7,,2.032,4.86,True,Medium,Spike,False
2014-08-20,22111,SCOTTIE DOG HOT WATER BOTTLE,product,revenue,224.19,47,,2.033,83.11,True,Medium,Spike,True
2015-06-27,22423,damages,product,revenue,913.44,74,,2.033,378.17,True,Medium,Spike,False
2013-11-20,22111,SCOTTIE DOG HOT WATER BOTTLE,product,price,5.16,6,,2.034,4.87,True,Medium,Spike,False
2015-01-17,22960,JAM MAKING SET WITH JARS,product,price,4.37,7,,2.034,4.14,True,Medium,Spike,False
2014-07-15,22487,WHITE WOOD GARDEN PLANT LADDER,product,revenue,369.0,36,,2.035,135.93,True,Medium,Spike,True
2013-01-10,82484,WOOD BLACK BOARD ANT WHITE FINISH,product,revenue,281.8,39,,2.035,93.92,True,Medium,Spike,True
2013-11-14,85066,CREAM SWEETHEART MINI CHEST,product,revenue,468.39,39,,2.035,166.2,True,Medium,Spike,True
2015-11-17,21754,HOME BUILDING BLOCK WORD,product,revenue,304.84,50,,2.037,106.0,True,Medium,Spike,True
2011-04-08,22193,RED DINER WALL CLOCK,product,revenue,142.8,18,,2.037,44.99,True,Medium,Spike,False
2014-08-05,22423,damages,product,revenue,1085.12,86,,2.037,387.65,True,Medium,Spike,True
2015-06-16,22625,,product,revenue,251.85,30,,2.037,96.73,True,Medium,Spike,False
2014-11-04,82483,crushed,product,revenue,235.72,36,,2.037,84.85,True,Medium,Spike,True
2012-08-06,22193,RED DINER WALL CLOCK,product,price,8.97,6,,2.037,8.53,True,Medium,Spike,False
2014-09-10,85123A,CREAM HANGING HEART T-LIGHT HOLDER,product,price,3.02,21,,2.037,2.89,True,Medium,Spike,False
2015-12-26,22960,JAM MAKING SET WITH JARS,product,revenue,162.2,39,,2.038,59.68,True,Medium,Spike,False
2013-07-25,22624,IVORY KITCHEN SCALES,product,revenue,343.99,41,,2.039,127.46,True,Medium,Spike,True
2015-10-20,23245,SET OF 3 REGENCY CAKE TINS,product,revenue,144.42,29,,2.039,48.01,True,Medium,Spike,False
2012-12-01,23355,HOT WATER BOTTLE KEEP CALM,product,revenue,153.09,32,,2.039,59.56,True,Medium,Spike,False
2013-02-20,82483,crushed,product,price,6.97,2,,2.039,6.6,True,Medium,Spike,False
2011-10-10,82484,WOOD BLACK BOARD ANT WHITE FINISH,product,price,8.914444444444445,9,,2.039,7.59,True,Medium,Spike,True
2013-06-07,22139,amazon,product,revenue,230.91,46,,2.04,89.03,True,Medium,Spike,True
2014-05-13,22960,JAM MAKING SET WITH JARS,product,revenue,140.95,35,,2.04,51.99,True,Medium,Spike,False
2014-03-29,48194,DOORMAT HEARTS,product,revenue,278.28,34,,2.04,92.16,True,Medium,Spike,True
2015-11-13,22138,BAKING SET 9 PIECE RETROSPOT ,product,price,5.23,1,,2.04,4.97,True,Medium,Spike,False
2012-03-23,22776,SWEETHEART 3 TIER CAKE STAND ,product,price,10.34,7,,2.04,9.82,True,Medium,Spike,False
2011-05-07,23298,"BUNTING , SPOTTY ",product,revenue,489.25,115,,2.041,159.21,True,Medium,Spike,True
2014-06-27,22086,PAPER CHAIN KIT 50'S CHRISTMAS ,product,price,3.07,3,,2.041,2.93,True,Medium,Spike,False
2012-08-11,20685,DOORMAT RED RETROSPOT,product,price,8.02,23,,2.042,7.69,True,Medium,Spike,False
2012-02-09,22625,,product,revenue,344.17,41,,2.043,96.87,True,Medium,Spike,True
2011-02-09,79321,,product,revenue,831.6,168,,2.043,241.12,True,Medium,Spike,True
2014-12-16,22193,RED DINER WALL CLOCK,product,price,8.91,3,,2.043,8.51,True,Medium,Spike,False
2012-08-07,22624,IVORY KITCHEN SCALES,product,revenue,382.97,45,,2.044,142.32,True,Medium,Spike,True
2015-05-11,82484,WOOD BLACK BOARD ANT WHITE FINISH,product,revenue,233.6,32,,2.044,84.0,True,Medium,Spike,False
2013-11-04,82486,3 DRAWER ANTIQUE WHITE WOOD CABINET,product,revenue,336.86,39,,2.044,123.53,True,Medium,Spike,True
2012-08-21,22625,,product,price,8.82,8,,2.044,8.36,True,Medium,Spike,False
2015-07-17,22960,JAM MAKING SET WITH JARS,product,revenue,181.52,43,,2.045,64.74,True,Medium,Spike,False
2014-11-05,48187,DOORMAT NEW ENGLAND,product,revenue,289.67,37,,2.045,98.24,True,Medium,Spike,True
2013-01-30,82486,3 DRAWER ANTIQUE WHITE WOOD CABINET,product,revenue,395.12,44,,2.045,132.78,True,Medium,Spike,True
2013-12-28,,,overall,revenue,29822.88,8406,934.0,2.046,19671.14,True,Medium,Spike,False
2012-05-24,22423,damages,product,revenue,785.82,64,,2.046,316.07,True,Medium,Spike,False
2012-02-03,82483,crushed,product,revenue,170.82,26,,2.046,61.44,True,Medium,Spike,False
2013-09-23,21754,HOME BUILDING BLOCK WORD,product,price,6.31,7,,2.046,6.01,True,Medium,Spike,False
2013-08-12,22624,IVORY KITCHEN SCALES,product,price,8.96,6,,2.046,8.51,True,Medium,Spike,False
2014-06-26,C2,,product,revenue,1377.69,27,,2.047,500.8,True,Medium,Spike,True
2013-04-26,22193,RED DINER WALL CLOCK,product,price,8.93,13,,2.047,8.52,True,Medium,Spike,False
2014-04-03,22846,BREAD BIN DINER STYLE RED ,product,price,17.3,14,,2.047,16.58,True,Medium,Spike,False
2011-05-06,23298,"BUNTING , SPOTTY ",product,revenue,455.0,100,,2.049,146.52,True,Medium,Spike,True
2015-05-02,21523,DOORMAT FANCY FONT HOME SWEET HOME,product,revenue,204.66,27,,2.05,85.01,True,Medium,Spike,False
2012-10-02,22138,BAKING SET 9 PIECE RETROSPOT ,product,price,5.18,12,,2.05,4.94,True,Medium,Spike,False
2014-07-25,23245,SET OF 3 REGENCY CAKE TINS,product,revenue,187.34,37,,2.052,69.88,True,Medium,Spike,False
2013-05-14,23355,HOT WATER BOTTLE KEEP CALM,product,revenue,163.2,32,,2.053,59.42,True,Medium,Spike,False
2012-09-12,22457,NATURAL SLATE HEART CHALKBOARD ,product,price,3.11,1,,2.053,2.98,True,Medium,Spike,False
2012-11-15,20685,DOORMAT RED RETROSPOT,product,revenue,499.02,64,,2.054,160.65,True,Medium,Spike,True
2015-06-23,22086,PAPER CHAIN KIT 50'S CHRISTMAS ,product,revenue,153.27,53,,2.054,58.63,True,Medium,Spike,False
2014-11-10,22624,IVORY KITCHEN SCALES,product,price,8.946428571428571,14,,2.054,8.5,True,Medium,Spike,False
2012-04-19,22457,NATURAL SLATE HEART CHALKBOARD ,product,revenue,129.98,44,,2.055,48.17,True,Medium,Spike,False
2014-05-20,22111,SCOTTIE DOG HOT WATER BOTTLE,product,price,5.13,3,,2.055,4.9,True,Medium,Spike,False
2015-05-20,22720,,product,revenue,221.73,45,,2.056,69.82,True,Medium,Spike,False
2015-08-04,47566,PARTY BUNTING,product,revenue,245.93,52,,2.056,97.45,True,Medium,Spike,False
2014-01-18,48187,DOORMAT NEW ENGLAND,product,revenue,344.86,43,,2.056,125.89,True,Medium,Spike,True
2014-10-30,48194,DOORMAT HEARTS,product,revenue,316.52,41,,2.056,102.13,True,Medium,Spike,True
2014-11-06,,,overall,revenue,28865.13,6969,759.0,2.057,16594.71,True,Medium,Spike,False
2014-06-17,22424,ENAMEL BREAD BIN CREAM,product,revenue,734.04,57,,2.057,224.86,True,Medium,Spike,True
2012-12-29,23284,,product,revenue,277.12,35,,2.057,121.94,True,Medium,Spike,False
2012-07-11,47566,PARTY BUNTING,product,price,5.042,10,,2.057,4.86,True,Medium,Spike,False
2013-07-22,84879,damaged,product,price,1.7588349514563106,103,,2.057,1.68,True,Medium,Spike,False
2014-11-01,82484,WOOD BLACK BOARD ANT WHITE FINISH,product,revenue,319.88,44,,2.058,113.95,True,Medium,Spike,True
2012-08-29,22139,amazon,product,price,5.23,5,,2.058,4.96,True,Medium,Spike,False
2014-01-01,84879,damaged,product,price,1.74,12,,2.058,1.68,True,Medium,Spike,False
2015-04-09,82486,3 DRAWER ANTIQUE WHITE WOOD CABINET,product,price,9.12,21,,2.059,8.66,True,Medium,Spike,False
2014-08-16,48187,DOORMAT NEW ENGLAND,product,revenue,350.01,45,,2.06,116.14,True,Medium,Spike,True
2015-02-14,22776,SWEETHEART 3 TIER CAKE STAND ,product,price,10.29,11,,2.06,9.7,True,Medium,Spike,False
2012-01-25,20685,DOORMAT RED RETROSPOT,product,revenue,242.47,31,,2.061,84.55,True,Medium,Spike,False
2011-07-12,22625,,product,revenue,125.8,16,,2.061,44.48,True,Medium,Spike,False
2014-11-13,22720,,product,revenue,186.66,37,,2.062,72.64,True,Medium,Spike,False
2013-09-07,85123A,CREAM HANGING HEART T-LIGHT HOLDER,product,price,3.0,5,,2.062,2.88,True,Medium,Spike,False
2015-05-30,85123A,CREAM HANGING HEART T-LIGHT HOLDER,product,price,3.01,4,,2.062,2.89,True,Medium,Spike,False
2015-09-30,22086,PAPER CHAIN KIT 50'S CHRISTMAS ,product,revenue,163.44,57,,2.063,51.95,True,Medium,Spike,False
2013-09-02,82483,crushed,product,revenue,188.16,28,,2.063,72.5,True,Medium,Spike,False
2011-07-10,POST,,product,revenue,687.0,36,,2.063,275.3,True,Medium,Spike,False
2014-12-30,22423,damages,product,revenue,835.11,67,,2.064,323.83,True,Medium,Spike,False
2015-11-11,23298,"BUNTING , SPOTTY ",product,revenue,225.86,46,,2.064,86.18,True,Medium,Spike,False
2013-05-24,85066,CREAM SWEETHEART MINI CHEST,product,revenue,547.2,45,,2.064,178.07,True,Medium,Spike,True
2014-11-11,22112,CHOCOLATE HOT WATER BOTTLE,product,revenue,187.85,39,,2.065,69.52,True,Medium,Spike,False
2013-05-07,82483,crushed,product,revenue,217.6,34,,2.065,82.12,True,Medium,Spike,True
2013-01-08,22625,,product,price,8.83,6,,2.065,8.36,True,Medium,Spike,False
2013-07-19,22423,damages,product,revenue,956.84,75,,2.066,414.65,True,Medium,Spike,True
2015-11-14,,,overall,revenue,26414.48,9199,1003.0,2.067,15998.79,True,Medium,Spike,False
2015-01-12,21754,HOME BUILDING BLOCK WORD,product,revenue,163.52,28,,2.067,63.2,True,Medium,Spike,False
2013-12-14,22624,IVORY KITCHEN SCALES,product,revenue,332.42,40,,2.067,123.18,True,Medium,Spike,False
2012-06-23,23355,HOT WATER BOTTLE KEEP CALM,product,revenue,170.65,36,,2.067,68.72,True,Medium,Spike,False
2015-07-18,22139,amazon,product,revenue,259.04,52,,2.068,75.55,True,Medium,Spike,True
2014-04-28,85099B,JUMBO BAG RED RETROSPOT,product,price,2.1,3,,2.068,2.0,True,Medium,Spike,False
2014-03-21,22605,WOODEN CROQUET GARDEN SET,product,revenue,465.84,34,,2.069,158.64,True,Medium,Spike,True
2014-07-11,22720,,product,revenue,359.93,72,,2.069,120.06,True,Medium,Spike,True
2013-12-26,48187,DOORMAT NEW ENGLAND,product,revenue,318.11,42,,2.069,107.81,True,Medium,Spike,True
2015-04-11,POST,,product,price,44.27,24,,2.07,42.18,True,Medium,Spike,False
2015-02-28,23298,"BUNTING , SPOTTY ",product,revenue,240.75,51,,2.071,90.67,True,Medium,Spike,False
2015-06-23,85066,CREAM SWEETHEART MINI CHEST,product,revenue,308.5,25,,2.071,114.6,True,Medium,Spike,False
2012-10-31,22423,damages,product,price,13.081428571428571,14,,2.071,12.51,True,Medium,Spike,False
2015-12-07,22720,,product,price,5.18,10,,2.071,4.93,True,Medium,Spike,False
2013-11-27,84879,damaged,product,revenue,66.64,39,,2.072,27.01,True,Medium,Spike,False
2015-09-09,POST,,product,revenue,2079.79,48,,2.072,806.62,True,Medium,Spike,True
2013-05-28,22423,damages,product,revenue,1177.03,93,,2.073,357.83,True,Medium,Spike,True
2013-09-14,23298,"BUNTING , SPOTTY ",product,revenue,224.67,45,,2.073,82.89,True,Medium,Spike,False
2013-02-19,48187,DOORMAT NEW ENGLAND,product,revenue,245.48,31,,2.073,87.49,True,Medium,Spike,False
2013-10-15,82486,3 DRAWER ANTIQUE WHITE WOOD CABINET,product,revenue,211.28,24,,2.073,84.77,True,Medium,Spike,False
2014-12-06,22139,amazon,product,price,5.22,9,,2.073,4.97,True,Medium,Spike,False
2012-08-20,22624,IVORY KITCHEN SCALES,product,price,8.95,8,,2.073,8.49,True,Medium,Spike,False
2012-08-31,22424,ENAMEL BREAD BIN CREAM,product,revenue,890.87,69,,2.074,216.48,True,Medium,Spike,True
2013-10-07,22086,PAPER CHAIN KIT 50'S CHRISTMAS ,product,price,3.07,8,,2.074,2.91,True,Medium,Spike,False
2014-10-16,22111,SCOTTIE DOG HOT WATER BOTTLE,product,revenue,192.7,41,,2.075,71.16,True,Medium,Spike,False
2014-06-11,22960,JAM MAKING SET WITH JARS,product,price,4.38,12,,2.075,4.17,True,Medium,Spike,False
2015-12-25,22487,WHITE WOOD GARDEN PLANT LADDER,product,revenue,397.24,41,,2.076,131.78,True,Medium,Spike,True
2014-05-08,22960,JAM MAKING SET WITH JARS,product,price,4.36,7,,2.076,4.17,True,Medium,Spike,False
2012-05-14,22112,CHOCOLATE HOT WATER BOTTLE,product,revenue,269.3,55,,2.077,79.39,True,Medium,Spike,True
2013-07-20,84078A,SET/4 WHITE RETRO STORAGE CUBES ,product,revenue,1101.8,28,,2.077,367.35,True,Medium,Spike,False
2014-08-23,84879,damaged,product,revenue,79.28,47,,2.077,33.91,True,Medium,Spike,False
2013-10-16,22720,,product,revenue,222.02,45,,2.078,75.98,True,Medium,Spike,False
2012-06-01,,,overall,revenue,28630.22,9718,1071.0,2.079,17859.15,True,Medium,Spike,False
2015-03-04,22625,,product,revenue,341.34,40,,2.079,121.03,True,Medium,Spike,True
2011-05-10,23355,HOT WATER BOTTLE KEEP CALM,product,revenue,1333.8,316,,2.079,389.6,True,Medium,Spike,True
2013-05-10,85099B,JUMBO BAG RED RETROSPOT,product,revenue,120.41,60,,2.079,45.27,True,Medium,Spike,False
2013-07-15,22457,NATURAL SLATE HEART CHALKBOARD ,product,revenue,198.73,65,,2.081,64.4,True,Medium,Spike,True
2014-03-22,22624,IVORY KITCHEN SCALES,product,revenue,289.5,34,,2.081,115.86,True,Medium,Spike,False
2015-11-30,22727,ALARM CLOCK BAKELIKE RED ,product,revenue,139.32,36,,2.081,58.75,True,Medium,Spike,False
2014-01-23,85099B,JUMBO BAG RED RETROSPOT,product,revenue,140.39,71,,2.081,48.18,True,Medium,Spike,False
2014-12-31,22960,JAM MAKING SET WITH JARS,product,price,4.38,2,,2.081,4.15,True,Medium,Spike,False
2013-10-16,22112,CHOCOLATE HOT WATER BOTTLE,product,revenue,174.93,36,,2.082,69.99,True,Medium,Spike,False
2014-05-21,22960,JAM MAKING SET WITH JARS,product,price,4.36,8,,2.082,4.16,True,Medium,Spike,False
2015-04-20,22624,IVORY KITCHEN SCALES,product,revenue,349.05,39,,2.083,117.78,True,Medium,Spike,True
2014-07-30,48138,DOORMAT UNION FLAG,product,revenue,349.36,45,,2.083,127.19,True,Medium,Spike,True
2013-11-21,22727,ALARM CLOCK BAKELIKE RED ,product,price,3.92,3,,2.083,3.75,True,Medium,Spike,False
2014-09-12,22138,BAKING SET 9 PIECE RETROSPOT ,product,revenue,164.56,34,,2.084,63.59,True,Medium,Spike,False
2015-11-18,82484,WOOD BLACK BOARD ANT WHITE FINISH,product,revenue,304.08,42,,2.084,125.44,True,Medium,Spike,True
2013-04-25,85123A,CREAM HANGING HEART T-LIGHT HOLDER,product,revenue,158.46,55,,2.084,55.32,True,Medium,Spike,False
2014-04-24,85099B,JUMBO BAG RED RETROSPOT,product,revenue,90.96,46,,2.085,37.11,True,Medium,Spike,False
2015-12-01,22720,,product,price,5.17,6,,2.085,4.93,True,Medium,Spike,False
2015-07-18,22625,,product,revenue,322.49,37,,2.086,114.4,True,Medium,Spike,True
2014-04-14,22846,BREAD BIN DINER STYLE RED ,product,revenue,457.24,29,,2.086,160.9,True,Medium,Spike,True
2014-10-08,48194,DOORMAT HEARTS,product,revenue,316.29,39,,2.086,105.92,True,Medium,Spike,True
2012-07-02,85123A,CREAM HANGING HEART T-LIGHT HOLDER,product,revenue,235.02,81,,2.086,94.36,True,Medium,Spike,False
2015-05-18,22112,CHOCOLATE HOT WATER BOTTLE,product,price,5.12,11,,2.086,4.88,True,Medium,Spike,False
2014-05-13,22776,SWEETHEART 3 TIER CAKE STAND ,product,revenue,581.94,61,,2.087,146.04,True,Medium,Spike,True
2015-04-24,22086,PAPER CHAIN KIT 50'S CHRISTMAS ,product,revenue,127.96,44,,2.088,48.91,True,Medium,Spike,False
2015-02-12,85066,CREAM SWEETHEART MINI CHEST,product,revenue,596.43,47,,2.088,181.81,True,Medium,Spike,True
2014-06-21,23245,SET OF 3 REGENCY CAKE TINS,product,revenue,207.24,44,,2.089,72.13,True,Medium,Spike,True
2014-07-04,82483,crushed,product,revenue,314.88,48,,2.089,99.08,True,Medium,Spike,True
2012-07-28,22112,CHOCOLATE HOT WATER BOTTLE,product,price,5.12,2,,2.089,4.87,True,Medium,Spike,False
2014-06-05,M,Manual,product,revenue,5503.21,40,,2.091,1498.7,True,Medium,Spike,True
2013-09-16,POST,,product,revenue,2052.92,47,,2.091,774.19,True,Medium,Spike,True
2013-12-13,21843,smashed,product,revenue,408.41,38,,2.093,144.18,True,Medium,Spike,True
2011-03-11,82486,3 DRAWER ANTIQUE WHITE WOOD CABINET,product,revenue,231.4,28,,2.093,77.76,True,Medium,Spike,False
2014-01-30,85123A,CREAM HANGING HEART T-LIGHT HOLDER,product,revenue,197.34,69,,2.093,76.32,True,Medium,Spike,False
2012-10-23,22605,WOODEN CROQUET GARDEN SET,product,revenue,364.06,26,,2.094,128.1,True,Medium,Spike,False
2013-08-03,22776,SWEETHEART 3 TIER CAKE STAND ,product,revenue,401.38,40,,2.094,130.24,True,Medium,Spike,True
2015-07-20,84879,damaged,product,revenue,112.47,66,,2.094,34.88,True,Medium,Spike,False
2014-08-08,22720,,product,price,5.17,5,,2.094,4.94,True,Medium,Spike,False
2013-05-08,22193,RED DINER WALL CLOCK,product,revenue,264.6,30,,2.095,105.4,True,Medium,Spike,True
2012-03-24,23245,SET OF 3 REGENCY CAKE TINS,product,revenue,199.57,40,,2.095,73.39,True,Medium,Spike,False
2015-07-08,85123A,CREAM HANGING HEART T-LIGHT HOLDER,product,revenue,279.66,96,,2.096,97.0,True,Medium,Spike,True
2015-01-27,23245,SET OF 3 REGENCY CAKE TINS,product,price,5.17,7,,2.096,4.91,True,Medium,Spike,False
2012-03-13,,,overall,revenue,22317.67,6915,774.0,2.097,12708.38,True,Medium,Spike,False
2014-12-31,22847,,product,revenue,748.71,47,,2.098,235.86,True,Medium,Spike,True
2013-03-29,22457,NATURAL SLATE HEART CHALKBOARD ,product,price,3.1,28,,2.098,2.96,True,Medium,Spike,False
2011-07-03,22960,JAM MAKING SET WITH JARS,product,revenue,276.0,72,,2.099,101.2,True,Medium,Spike,True
2012-05-09,22655,damages/showroom etc,product,revenue,1222.08,8,,2.1,389.45,True,Medium,Spike,False
2015-11-21,22726,,product,revenue,159.68,41,,2.1,61.91,True,Medium,Spike,False
2011-08-11,22138,BAKING SET 9 PIECE RETROSPOT ,product,revenue,332.7,74,,2.101,108.43,True,Medium,Spike,True
2015-09-10,84879,damaged,product,revenue,63.9,39,,2.101,27.54,True,Medium,Spike,False
2015-12-29,22193,RED DINER WALL CLOCK,product,revenue,246.2,29,,2.102,89.6,True,Medium,Spike,False
2013-08-15,82483,crushed,product,revenue,208.72,32,,2.102,71.94,True,Medium,Spike,False
2012-04-11,23284,,product,price,8.27,3,,2.102,7.8,True,Medium,Spike,False
2015-04-29,,,overall,revenue,26670.27,8265,920.0,2.103,15032.41,True,Medium,Spike,False
2013-05-23,22624,IVORY KITCHEN SCALES,product,revenue,567.09,65,,2.103,171.41,True,Medium,Spike,True
2011-11-09,22847,,product,revenue,195.4,12,,2.103,70.88,True,Medium,Spike,False
2013-11-01,22424,ENAMEL BREAD BIN CREAM,product,price,13.25,10,,2.103,12.58,True,Medium,Spike,False
2012-10-08,22727,ALARM CLOCK BAKELIKE RED ,product,price,3.931,10,,2.103,3.77,True,Medium,Spike,False
2012-06-25,POST,,product,price,44.29555555555556,18,,2.103,42.19,True,Medium,Spike,False
2011-11-04,22487,WHITE WOOD GARDEN PLANT LADDER,product,revenue,69.65,7,,2.104,29.83,True,Medium,Spike,False
2014-08-20,22727,ALARM CLOCK BAKELIKE RED ,product,revenue,230.89,60,,2.105,66.83,True,Medium,Spike,True
2014-05-19,23355,HOT WATER BOTTLE KEEP CALM,product,revenue,241.28,52,,2.105,83.0,True,Medium,Spike,True
2012-01-05,22625,,product,price,8.79,6,,2.105,8.48,True,Medium,Spike,False
2015-09-01,22720,,product,price,5.15,5,,2.105,4.92,True,Medium,Spike,False
2012-01-16,22424,ENAMEL BREAD BIN CREAM,product,revenue,148.2,12,,2.106,53.66,True,Medium,Spike,False
2012-11-09,85099B,JUMBO BAG RED RETROSPOT,product,revenue,147.66,74,,2.106,52.79,True,Medium,Spike,False
2015-06-04,85099B,JUMBO BAG RED RETROSPOT,product,price,2.11,7,,2.106,2.02,True,Medium,Spike,False
2012-09-04,21755,LOVE BUILDING BLOCK WORD,product,revenue,202.33,33,,2.107,61.43,True,Medium,Spike,False
2012-06-06,48187,DOORMAT NEW ENGLAND,product,revenue,278.19,35,,2.107,109.96,True,Medium,Spike,True
2015-01-05,22605,WOODEN CROQUET GARDEN SET,product,revenue,860.73,63,,2.108,245.69,True,Medium,Spike,True
2015-08-28,22847,,product,revenue,596.88,36,,2.108,174.95,True,Medium,Spike,True
2012-01-20,48138,DOORMAT UNION FLAG,product,revenue,255.45,33,,2.108,101.41,True,Medium,Spike,False
2012-05-12,85066,CREAM SWEETHEART MINI CHEST,product,revenue,359.45,28,,2.108,138.7,True,Medium,Spike,False
2015-06-13,POST,,product,revenue,2906.27,67,,2.108,1031.89,True,Medium,Spike,True
2012-08-09,21754,HOME BUILDING BLOCK WORD,product,price,6.3,3,,2.108,5.97,True,Medium,Spike,False
2015-06-15,48138,DOORMAT UNION FLAG,product,price,8.068461538461538,13,,2.108,7.65,True,Medium,Spike,False
2015-06-04,21523,DOORMAT FANCY FONT HOME SWEET HOME,product,revenue,194.22,26,,2.109,73.42,True,Medium,Spike,False
2015-07-02,22139,amazon,product,revenue,272.27,54,,2.109,81.55,True,Medium,Spike,True
2015-07-22,22424,ENAMEL BREAD BIN CREAM,product,revenue,356.95,29,,2.109,112.76,True,Medium,Spike,False
2012-10-25,82484,WOOD BLACK BOARD ANT WHITE FINISH,product,revenue,297.86,40,,2.109,103.99,True,Medium,Spike,True
2014-04-15,22487,WHITE WOOD GARDEN PLANT LADDER,product,price,10.262,5,,2.109,9.77,True,Medium,Spike,False
2013-03-25,22423,damages,product,revenue,556.77,45,,2.11,194.11,True,Medium,Spike,False
2014-12-25,22423,damages,product,revenue,805.34,63,,2.11,315.83,True,Medium,Spike,False
2012-07-26,POST,,product,revenue,2220.95,51,,2.11,729.48,True,Medium,Spike,True
2015-11-12,22138,BAKING SET 9 PIECE RETROSPOT ,product,revenue,205.15,41,,2.111,79.74,True,Medium,Spike,True
2013-11-16,22457,NATURAL SLATE HEART CHALKBOARD ,product,revenue,176.04,58,,2.111,50.54,True,Medium,Spike,True
2011-10-10,22727,ALARM CLOCK BAKELIKE RED ,product,price,4.035384615384616,13,,2.112,3.74,True,Medium,Spike,True
2012-10-29,22826,LOVE SEAT ANTIQUE WHITE METAL,product,revenue,2244.47,19,,2.113,710.22,True,Medium,Spike,False
2013-09-23,21523,DOORMAT FANCY FONT HOME SWEET HOME,product,price,8.19,6,,2.113,7.75,True,Medium,Spike,False
2012-11-03,22960,JAM MAKING SET WITH JARS,product,price,4.38,2,,2.114,4.15,True,Medium,Spike,False
2013-08-01,C2,,product,revenue,1279.0,25,,2.116,454.69,True,Medium,Spike,True
2015-07-03,22457,NATURAL SLATE HEART CHALKBOARD ,product,price,3.11,18,,2.116,2.94,True,Medium,Spike,False
2014-05-01,,,overall,revenue,29589.11,8473,968.0,2.117,17068.19,True,Medium,Spike,False
2015-04-16,,,overall,revenue,24740.33,7989,939.0,2.117,13048.59,True,Medium,Spike,False
2015-12-23,21755,LOVE BUILDING BLOCK WORD,product,revenue,277.26,45,,2.117,102.93,True,Medium,Spike,True
2013-06-04,22727,ALARM CLOCK BAKELIKE RED ,product,revenue,184.75,50,,2.117,60.51,True,Medium,Spike,True
2014-07-26,23245,SET OF 3 REGENCY CAKE TINS,product,revenue,206.0,41,,2.117,76.4,True,Medium,Spike,True
2013-11-15,48187,DOORMAT NEW ENGLAND,product,revenue,318.94,42,,2.117,116.69,True,Medium,Spike,True
2013-11-29,48187,DOORMAT NEW ENGLAND,product,revenue,297.73,38,,2.117,105.2,True,Medium,Spike,True
2013-11-08,22720,,product,price,5.14,9,,2.117,4.88,True,Medium,Spike,False
2013-07-27,22138,BAKING SET 9 PIECE RETROSPOT ,product,revenue,231.42,46,,2.118,88.22,True,Medium,Spike,True
2011-05-09,22111,SCOTTIE DOG HOT WATER BOTTLE,product,revenue,320.85,75,,2.12,115.41,True,Medium,Spike,True
2014-05-10,79321,,product,revenue,131.87,25,,2.12,48.31,True,Medium,Spike,False
2011-02-06,85123A,CREAM HANGING HEART T-LIGHT HOLDER,product,revenue,907.45,351,,2.12,355.38,True,Medium,Spike,True
2015-04-29,22423,damages,product,revenue,903.0,72,,2.121,336.59,True,Medium,Spike,False
2014-12-26,23284,,product,revenue,404.03,52,,2.121,167.28,True,Medium,Spike,True
2011-04-08,23298,"BUNTING , SPOTTY ",product,revenue,469.85,103,,2.121,142.23,True,Medium,Spike,True
2014-07-04,48194,DOORMAT HEARTS,product,revenue,341.42,43,,2.121,132.86,True,Medium,Spike,True
2015-09-25,22086,PAPER CHAIN KIT 50'S CHRISTMAS ,product,price,3.04,2,,2.121,2.9,True,Medium,Spike,False
2015-05-25,22086,PAPER CHAIN KIT 50'S CHRISTMAS ,product,revenue,152.29,53,,2.122,52.89,True,Medium,Spike,False
2013-11-18,23355,HOT WATER BOTTLE KEEP CALM,product,revenue,221.02,47,,2.122,72.12,True,Medium,Spike,True
2012-08-23,22139,amazon,product,price,5.22,7,,2.122,4.94,True,Medium,Spike,False
2015-11-24,48194,DOORMAT HEARTS,product,price,8.34,11,,2.122,7.95,True,Medium,Spike,False
2015-07-14,21621,,product,price,8.92,4,,2.123,8.46,True,Medium,Spike,False
2013-06-20,21754,HOME BUILDING BLOCK WORD,product,price,6.22,10,,2.123,5.95,True,Medium,Spike,False
2012-06-22,22846,BREAD BIN DINER STYLE RED ,product,revenue,655.88,38,,2.125,201.06,True,Medium,Spike,True
2014-12-04,84879,damaged,product,revenue,106.92,63,,2.125,36.93,True,Medium,Spike,False
2012-11-28,22086,PAPER CHAIN KIT 50'S CHRISTMAS ,product,price,3.07,9,,2.125,2.92,True,Medium,Spike,False
2013-10-02,84879,damaged,product,revenue,108.18,67,,2.126,36.39,True,Medium,Spike,False
2015-11-23,22727,ALARM CLOCK BAKELIKE RED ,product,price,3.93,2,,2.126,3.76,True,Medium,Spike,False
2012-10-18,84879,damaged,product,price,1.76,4,,2.126,1.68,True,Medium,Spike,False
2012-04-07,21754,HOME BUILDING BLOCK WORD,product,revenue,205.1,34,,2.127,69.27,True,Medium,Spike,False
2014-12-18,47566,PARTY BUNTING,product,price,5.05,42,,2.127,4.85,True,Medium,Spike,False
2015-02-12,48194,DOORMAT HEARTS,product,revenue,343.38,44,,2.128,124.09,True,Medium,Spike,True
2012-02-03,20685,DOORMAT RED RETROSPOT,product,revenue,296.4,40,,2.129,100.84,True,Medium,Spike,False
2014-05-19,22776,SWEETHEART 3 TIER CAKE STAND ,product,revenue,448.15,45,,2.129,124.61,True,Medium,Spike,True
2015-02-12,22086,PAPER CHAIN KIT 50'S CHRISTMAS ,product,revenue,195.7,67,,2.131,58.95,True,Medium,Spike,True
2011-03-10,47566,PARTY BUNTING,product,price,5.598888888888889,27,,2.131,4.76,True,Medium,Spike,True
2014-01-20,22086,PAPER CHAIN KIT 50'S CHRISTMAS ,product,revenue,135.83,45,,2.132,48.82,True,Medium,Spike,False
2014-03-06,22086,PAPER CHAIN KIT 50'S CHRISTMAS ,product,revenue,151.0,50,,2.132,50.69,True,Medium,Spike,False
2015-02-11,85123A,CREAM HANGING HEART T-LIGHT HOLDER,product,price,3.01,4,,2.132,2.89,True,Medium,Spike,False
2013-10-08,22720,,product,revenue,239.69,50,,2.133,76.22,True,Medium,Spike,True
2013-09-30,22846,BREAD BIN DINER STYLE RED ,product,revenue,621.06,39,,2.133,208.02,True,Medium,Spike,True
2013-06-05,47566,PARTY BUNTING,product,revenue,253.88,51,,2.133,98.21,True,Medium,Spike,False
2012-02-03,22138,BAKING SET 9 PIECE RETROSPOT ,product,price,5.22,5,,2.133,4.96,True,Medium,Spike,False
2013-08-02,82484,WOOD BLACK BOARD ANT WHITE FINISH,product,price,7.74,13,,2.133,7.33,True,Medium,Spike,False
2012-05-26,22193,RED DINER WALL CLOCK,product,price,8.97,1,,2.134,8.5,True,Medium,Spike,False
2014-10-09,82483,crushed,product,revenue,236.16,36,,2.135,80.81,True,Medium,Spike,True
2015-08-08,22139,amazon,product,price,5.23,6,,2.135,4.94,True,Medium,Spike,False
2014-06-24,22138,BAKING SET 9 PIECE RETROSPOT ,product,revenue,213.16,42,,2.137,74.31,True,Medium,Spike,True
2014-07-07,22605,WOODEN CROQUET GARDEN SET,product,revenue,690.16,48,,2.137,206.25,True,Medium,Spike,True
2013-03-30,22423,damages,product,revenue,596.24,46,,2.138,201.78,True,Medium,Spike,False
2013-05-27,85099B,JUMBO BAG RED RETROSPOT,product,revenue,170.25,86,,2.138,61.97,True,Medium,Spike,True
2015-01-29,85099B,JUMBO BAG RED RETROSPOT,product,revenue,169.82,85,,2.138,60.56,True,Medium,Spike,True
2011-06-12,22138,BAKING SET 9 PIECE RETROSPOT ,product,revenue,332.7,74,,2.139,88.37,True,Medium,Spike,True
2015-01-06,48138,DOORMAT UNION FLAG,product,revenue,370.5,50,,2.14,110.43,True,Medium,Spike,True
2013-09-26,82483,crushed,product,revenue,286.58,44,,2.14,98.55,True,Medium,Spike,True
2015-07-09,82486,3 DRAWER ANTIQUE WHITE WOOD CABINET,product,revenue,724.78,82,,2.14,227.11,True,Medium,Spike,True
2012-12-06,23245,SET OF 3 REGENCY CAKE TINS,product,price,5.13,8,,2.14,4.89,True,Medium,Spike,False
2014-02-18,84879,damaged,product,price,1.76,10,,2.14,1.68,True,Medium,Spike,False
2015-07-29,21621,,product,revenue,319.2,38,,2.141,107.73,True,Medium,Spike,True
2015-11-05,22423,damages,product,revenue,825.8,64,,2.141,298.95,True,Medium,Spike,False
2015-03-02,22138,BAKING SET 9 PIECE RETROSPOT ,product,price,5.23,7,,2.141,4.96,True,Medium,Spike,False
2014-02-21,23245,SET OF 3 REGENCY CAKE TINS,product,price,5.14,4,,2.141,4.89,True,Medium,Spike,False
2014-08-27,22776,SWEETHEART 3 TIER CAKE STAND ,product,revenue,382.68,39,,2.142,122.58,True,Medium,Spike,True
2013-02-16,48187,DOORMAT NEW ENGLAND,product,revenue,232.47,30,,2.142,82.25,True,Medium,Spike,False
2011-07-01,85123A,CREAM HANGING HEART T-LIGHT HOLDER,product,revenue,872.5,334,,2.142,282.55,True,Medium,Spike,True
2013-07-10,22625,,product,price,8.8,3,,2.142,8.37,True,Medium,Spike,False
2014-05-13,22423,damages,product,revenue,1018.25,84,,2.143,352.63,True,Medium,Spike,True
2011-03-05,85123A,CREAM HANGING HEART T-LIGHT HOLDER,product,revenue,829.8,316,,2.143,306.08,True,Medium,Spike,True
2014-02-18,POST,,product,revenue,2764.01,65,,2.143,966.95,True,Medium,Spike,True
2013-08-27,M,Manual,product,revenue,2746.28,20,,2.144,1040.15,True,Medium,Spike,False
2015-08-21,22487,WHITE WOOD GARDEN PLANT LADDER,product,price,10.2,8,,2.144,9.7,True,Medium,Spike,False
2014-12-09,21755,LOVE BUILDING BLOCK WORD,product,revenue,356.69,61,,2.145,114.67,True,Medium,Spike,True
2013-09-07,85099B,JUMBO BAG RED RETROSPOT,product,revenue,107.16,55,,2.145,38.21,True,Medium,Spike,False
2012-01-10,22727,ALARM CLOCK BAKELIKE RED ,product,price,3.94,3,,2.145,3.78,True,Medium,Spike,False
2013-04-17,20685,DOORMAT RED RETROSPOT,product,revenue,392.65,51,,2.146,124.5,True,Medium,Spike,True
2015-03-02,23298,"BUNTING , SPOTTY ",product,revenue,266.26,53,,2.146,98.74,True,Medium,Spike,True
2013-05-08,22624,IVORY KITCHEN SCALES,product,revenue,539.77,64,,2.147,173.78,True,Medium,Spike,True
2011-06-01,21755,LOVE BUILDING BLOCK WORD,product,revenue,169.5,30,,2.148,60.33,True,Medium,Spike,False
2015-04-02,23284,,product,revenue,361.84,45,,2.148,99.29,True,Medium,Spike,False
2013-06-27,48187,DOORMAT NEW ENGLAND,product,revenue,336.82,43,,2.148,117.28,True,Medium,Spike,True
2012-03-29,22720,,product,revenue,226.68,45,,2.15,96.74,True,Medium,Spike,False
2014-04-25,23245,SET OF 3 REGENCY CAKE TINS,product,revenue,180.93,38,,2.15,67.06,True,Medium,Spike,False
2011-04-11,22726,,product,revenue,266.25,71,,2.151,87.42,True,Medium,Spike,True
2011-10-08,85099B,JUMBO BAG RED RETROSPOT,product,revenue,999.0,550,,2.151,292.01,True,Medium,Spike,True
2015-03-14,85123A,CREAM HANGING HEART T-LIGHT HOLDER,product,revenue,248.86,84,,2.151,84.5,True,Medium,Spike,False
2013-07-30,20685,DOORMAT RED RETROSPOT,product,revenue,471.0,60,,2.152,153.14,True,Medium,Spike,True
2011-01-06,47566,PARTY BUNTING,product,revenue,533.8,124,,2.152,168.54,True,Medium,Spike,True
2012-02-03,82484,WOOD BLACK BOARD ANT WHITE FINISH,product,revenue,187.15,25,,2.152,81.05,True,Medium,Spike,False
2013-08-02,22605,WOODEN CROQUET GARDEN SET,product,revenue,303.26,22,,2.153,109.67,True,Medium,Spike,False
2014-01-03,POST,,product,revenue,1848.26,42,,2.153,714.45,True,Medium,Spike,False
2014-07-22,22720,,product,revenue,363.14,73,,2.154,127.74,True,Medium,Spike,True
2014-06-17,48194,DOORMAT HEARTS,product,revenue,323.64,42,,2.154,124.7,True,Medium,Spike,True
2012-11-10,85099B,JUMBO BAG RED RETROSPOT,product,revenue,162.27,81,,2.154,57.94,True,Medium,Spike,True
2015-09-14,22139,amazon,product,revenue,346.5,70,,2.155,90.38,True,Medium,Spike,True
2011-03-11,85099B,JUMBO BAG RED RETROSPOT,product,revenue,810.48,451,,2.155,245.76,True,Medium,Spike,True
2015-11-24,22727,ALARM CLOCK BAKELIKE RED ,product,revenue,132.75,36,,2.156,54.97,True,Medium,Spike,False
2012-07-07,85123A,CREAM HANGING HEART T-LIGHT HOLDER,product,revenue,270.39,94,,2.156,107.74,True,Medium,Spike,True
2011-02-09,M,Manual,product,revenue,852.8,1,,2.156,162.02,True,Medium,Spike,False
2014-03-11,84879,damaged,product,revenue,92.07,53,,2.157,34.19,True,Medium,Spike,False
2015-08-21,22112,CHOCOLATE HOT WATER BOTTLE,product,revenue,279.23,56,,2.158,77.2,True,Medium,Spike,True
2012-12-08,22726,,product,revenue,127.63,33,,2.159,58.45,True,Medium,Spike,False
2011-04-08,85099B,JUMBO BAG RED RETROSPOT,product,revenue,849.0,450,,2.159,256.74,True,Medium,Spike,True
2011-05-12,22457,NATURAL SLATE HEART CHALKBOARD ,product,price,3.5673913043478263,46,,2.159,2.99,True,Medium,Spike,True
2013-10-15,,,overall,revenue,27074.98,6967,786.0,2.16,16587.72,True,Medium,Spike,False
2011-01-12,22193,RED DINER WALL CLOCK,product,revenue,183.6,24,,2.161,54.04,True,Medium,Spike,False
2013-12-09,22960,JAM MAKING SET WITH JARS,product,revenue,190.07,45,,2.161,64.02,True,Medium,Spike,True
2013-05-11,85099B,JUMBO BAG RED RETROSPOT,product,revenue,134.02,66,,2.161,48.71,True,Medium,Spike,False
2014-07-24,22720,,product,price,5.16,6,,2.161,4.94,True,Medium,Spike,False
2015-06-02,84879,damaged,product,price,1.76,8,,2.161,1.68,True,Medium,Spike,False
2011-04-01,21754,HOME BUILDING BLOCK WORD,product,revenue,220.0,40,,2.162,82.71,True,Medium,Spike,False
2012-03-03,21754,HOME BUILDING BLOCK WORD,product,revenue,228.49,37,,2.162,74.26,True,Medium,Spike,False
2014-11-25,22139,amazon,product,revenue,200.67,40,,2.162,68.11,True,Medium,Spike,False
2013-10-16,,,overall,revenue,28342.36,8710,962.0,2.163,17190.66,True,Medium,Spike,False
2014-06-18,22193,RED DINER WALL CLOCK,product,revenue,392.48,44,,2.163,110.44,True,Medium,Spike,True
2015-08-25,82486,3 DRAWER ANTIQUE WHITE WOOD CABINET,product,revenue,521.42,58,,2.163,145.89,True,Medium,Spike,True
2012-01-31,M,Manual,product,revenue,2525.51,19,,2.163,494.14,True,Medium,Spike,False
2012-05-16,82483,crushed,product,revenue,187.59,27,,2.164,73.18,True,Medium,Spike,False
2013-07-18,22193,RED DINER WALL CLOCK,product,revenue,375.06,42,,2.165,126.42,True,Medium,Spike,True
2015-05-16,22457,NATURAL SLATE HEART CHALKBOARD ,product,revenue,192.81,63,,2.165,63.65,True,Medium,Spike,True
2012-12-08,22776,SWEETHEART 3 TIER CAKE STAND ,product,revenue,357.16,36,,2.165,122.08,True,Medium,Spike,True
2013-05-13,79321,,product,revenue,233.85,43,,2.165,74.25,True,Medium,Spike,True
2014-08-26,POST,,product,revenue,2015.22,49,,2.165,678.13,True,Medium,Spike,False
2014-05-01,82486,3 DRAWER ANTIQUE WHITE WOOD CABINET,product,price,9.036666666666667,12,,2.165,8.58,True,Medium,Spike,False
2012-12-26,22605,WOODEN CROQUET GARDEN SET,product,revenue,382.3,27,,2.166,127.64,True,Medium,Spike,True
2013-06-17,21523,DOORMAT FANCY FONT HOME SWEET HOME,product,revenue,240.58,30,,2.167,87.52,True,Medium,Spike,False
2011-06-09,22625,,product,revenue,142.8,18,,2.167,49.98,True,Medium,Spike,False
2012-08-08,23298,"BUNTING , SPOTTY ",product,revenue,209.62,43,,2.167,77.98,True,Medium,Spike,False
2013-09-26,22086,PAPER CHAIN KIT 50'S CHRISTMAS ,product,price,3.07,30,,2.167,2.91,True,Medium,Spike,False
2014-02-20,21621,,product,revenue,323.52,39,,2.168,114.51,True,Medium,Spike,True
2015-11-20,22139,amazon,product,revenue,279.24,54,,2.168,97.86,True,Medium,Spike,True
2015-05-07,84879,damaged,product,revenue,75.1,44,,2.168,25.34,True,Medium,Spike,False
2014-10-02,20685,DOORMAT RED RETROSPOT,product,revenue,318.23,41,,2.169,103.02,True,Medium,Spike,True
2015-06-06,22423,damages,product,revenue,1049.66,82,,2.169,415.67,True,Medium,Spike,True
2012-05-14,22424,ENAMEL BREAD BIN CREAM,product,revenue,573.3,45,,2.169,175.89,True,Medium,Spike,True
2013-08-29,85099B,JUMBO BAG RED RETROSPOT,product,revenue,92.43,46,,2.169,33.14,True,Medium,Spike,False
2014-08-06,POST,,product,revenue,2276.81,53,,2.169,639.94,True,Medium,Spike,True
2014-05-09,22423,damages,product,price,13.07,4,,2.169,12.44,True,Medium,Spike,False
2013-05-14,22720,,product,price,5.17475,40,,2.169,4.93,True,Medium,Spike,False
2013-05-08,,,overall,revenue,31646.51,8241,947.0,2.17,18474.61,True,Medium,Spike,False
2015-08-28,,,overall,revenue,28783.84,9283,1050.0,2.17,17389.41,True,Medium,Spike,False
2015-12-23,21843,smashed,product,revenue,308.85,29,,2.17,101.78,True,Medium,Spike,False
2012-02-14,22138,BAKING SET 9 PIECE RETROSPOT ,product,revenue,207.1,42,,2.17,68.3,True,Medium,Spike,True
2012-03-27,22487,WHITE WOOD GARDEN PLANT LADDER,product,revenue,325.71,33,,2.17,110.09,True,Medium,Spike,True
2012-10-06,82483,crushed,product,revenue,217.71,34,,2.17,81.26,True,Medium,Spike,True
2014-12-16,22847,,product,revenue,699.35,43,,2.171,201.03,True,Medium,Spike,True
2014-07-26,21621,,product,price,8.94,5,,2.172,8.52,True,Medium,Spike,False
2013-09-23,22138,BAKING SET 9 PIECE RETROSPOT ,product,revenue,198.65,39,,2.174,64.1,True,Medium,Spike,True
2013-12-16,79321,,product,revenue,163.5,30,,2.174,63.07,True,Medium,Spike,False
2012-03-02,22720,,product,revenue,193.42,38,,2.175,82.1,True,Medium,Spike,False
2013-06-04,22726,,product,revenue,119.41,32,,2.175,50.88,True,Medium,Spike,False
2015-12-23,23245,SET OF 3 REGENCY CAKE TINS,product,price,5.17,2,,2.175,4.91,True,Medium,Spike,False
2013-12-12,21754,HOME BUILDING BLOCK WORD,product,revenue,310.08,51,,2.176,97.94,True,Medium,Spike,True
2015-05-09,22086,PAPER CHAIN KIT 50'S CHRISTMAS ,product,revenue,153.37,53,,2.176,52.47,True,Medium,Spike,False
2015-04-24,23355,HOT WATER BOTTLE KEEP CALM,product,revenue,217.4,44,,2.176,73.07,True,Medium,Spike,True
2012-11-20,82484,WOOD BLACK BOARD ANT WHITE FINISH,product,price,7.7,5,,2.176,7.35,True,Medium,Spike,False
2014-08-23,47566,PARTY BUNTING,product,revenue,342.65,73,,2.177,121.36,True,Medium,Spike,True
2015-09-25,84879,damaged,product,revenue,86.46,51,,2.177,32.51,True,Medium,Spike,False
2012-12-08,20685,DOORMAT RED RETROSPOT,product,price,8.1,14,,2.177,7.71,True,Medium,Spike,False
2014-03-08,,,overall,revenue,23499.56,6335,661.0,2.178,13760.93,True,Medium,Spike,False
2015-10-06,47566,PARTY BUNTING,product,price,5.1,4,,2.178,4.83,True,Medium,Spike,False
2013-02-01,22624,IVORY KITCHEN SCALES,product,revenue,373.0,45,,2.179,124.79,True,Medium,Spike,True
2015-12-19,POST,,product,price,44.17,7,,2.179,42.2,True,Medium,Spike,False
2014-09-15,48187,DOORMAT NEW ENGLAND,product,revenue,382.58,47,,2.181,116.83,True,Medium,Spike,True
2014-06-11,POST,,product,revenue,2235.51,54,,2.181,826.19,True,Medium,Spike,True
2014-03-07,22112,CHOCOLATE HOT WATER BOTTLE,product,price,5.07,14,,2.181,4.86,True,Medium,Spike,False
2014-12-05,85099B,JUMBO BAG RED RETROSPOT,product,price,2.0863636363636364,11,,2.181,2.01,True,Medium,Spike,False
2015-04-02,,,overall,revenue,22861.34,7828,919.0,2.182,12723.22,True,Medium,Spike,False
2014-04-22,22826,LOVE SEAT ANTIQUE WHITE METAL,product,revenue,2821.44,24,,2.182,920.3,True,Medium,Spike,False
2012-03-12,21621,,product,price,8.93,17,,2.182,8.5,True,Medium,Spike,False
2013-06-13,,,overall,revenue,30613.23,8552,991.0,2.186,19703.5,True,Medium,Spike,False
2014-12-24,22624,IVORY KITCHEN SCALES,product,revenue,442.09,53,,2.186,136.6,True,Medium,Spike,True
2012-02-09,22846,BREAD BIN DINER STYLE RED ,product,revenue,317.49,19,,2.186,108.11,True,Medium,Spike,False
2010-09-12,22847,,product,revenue,239.2,16,,2.186,88.99,True,Medium,Spike,False
2012-11-17,22193,RED DINER WALL CLOCK,product,price,8.97,11,,2.187,8.5,True,Medium,Spike,False
2012-06-21,,,overall,revenue,33721.92,11544,1302.0,2.189,20390.18,True,Medium,Spike,True
2015-05-22,21755,LOVE BUILDING BLOCK WORD,product,revenue,271.9,45,,2.189,80.13,True,Medium,Spike,True
2013-04-06,22727,ALARM CLOCK BAKELIKE RED ,product,revenue,187.28,48,,2.189,63.49,True,Medium,Spike,True
2015-07-30,85099B,JUMBO BAG RED RETROSPOT,product,revenue,112.14,56,,2.189,44.16,True,Medium,Spike,False
2014-03-31,22423,damages,product,revenue,803.58,64,,2.19,271.91,True,Medium,Spike,False
2013-10-31,22423,damages,product,price,13.06,6,,2.19,12.48,True,Medium,Spike,False
2013-03-25,85123A,CREAM HANGING HEART T-LIGHT HOLDER,product,price,3.02,6,,2.19,2.89,True,Medium,Spike,False
2014-07-10,22138,BAKING SET 9 PIECE RETROSPOT ,product,revenue,248.08,51,,2.191,84.35,True,Medium,Spike,True
2012-05-09,85123A,CREAM HANGING HEART T-LIGHT HOLDER,product,revenue,243.68,84,,2.191,88.02,True,Medium,Spike,False
2014-07-21,22726,,product,revenue,244.09,63,,2.192,79.01,True,Medium,Spike,True
2014-04-03,22086,PAPER CHAIN KIT 50'S CHRISTMAS ,product,revenue,153.46,51,,2.193,54.35,True,Medium,Spike,False
2014-08-19,22424,ENAMEL BREAD BIN CREAM,product,revenue,529.62,42,,2.193,151.67,True,Medium,Spike,True
2012-09-29,22139,amazon,product,revenue,150.8,30,,2.194,55.6,True,Medium,Spike,False
2014-06-17,82484,WOOD BLACK BOARD ANT WHITE FINISH,product,revenue,320.76,44,,2.194,112.78,True,Medium,Spike,True
2012-06-18,47566,PARTY BUNTING,product,price,4.99,11,,2.194,4.83,True,Medium,Spike,False
2013-06-20,21523,DOORMAT FANCY FONT HOME SWEET HOME,product,revenue,276.34,36,,2.195,100.43,True,Medium,Spike,True
2014-05-02,48194,DOORMAT HEARTS,product,revenue,242.44,29,,2.195,91.49,True,Medium,Spike,False
2014-06-26,79321,,product,revenue,193.14,37,,2.195,68.45,True,Medium,Spike,False
2012-05-03,23245,SET OF 3 REGENCY CAKE TINS,product,price,5.16,10,,2.195,4.93,True,Medium,Spike,False
2013-01-28,47566,PARTY BUNTING,product,price,5.082,5,,2.195,4.86,True,Medium,Spike,False
2013-07-19,22624,IVORY KITCHEN SCALES,product,revenue,319.26,38,,2.196,109.12,True,Medium,Spike,False
2012-04-30,,,overall,revenue,26920.3,8068,886.0,2.197,15987.72,True,Medium,Spike,False
2013-07-11,22139,amazon,product,revenue,225.16,45,,2.197,84.3,True,Medium,Spike,True
2014-03-19,20685,DOORMAT RED RETROSPOT,product,revenue,234.99,30,,2.198,80.61,True,Medium,Spike,False
2014-07-31,21755,LOVE BUILDING BLOCK WORD,product,revenue,312.75,51,,2.198,95.4,True,Medium,Spike,True
2014-08-30,48194,DOORMAT HEARTS,product,revenue,352.96,46,,2.198,123.08,True,Medium,Spike,True
2012-11-08,48187,DOORMAT NEW ENGLAND,product,revenue,326.36,41,,2.199,91.57,True,Medium,Spike,True
2013-12-12,22727,ALARM CLOCK BAKELIKE RED ,product,price,3.94,12,,2.199,3.75,True,Medium,Spike,False
2012-10-27,,,overall,revenue,30450.15,9723,1100.0,2.2,16543.75,True,Medium,Spike,False
2013-04-17,22776,SWEETHEART 3 TIER CAKE STAND ,product,revenue,473.82,49,,2.2,153.51,True,Medium,Spike,True
2011-01-05,82484,WOOD BLACK BOARD ANT WHITE FINISH,product,price,7.95,6,,2.2,6.2,True,Medium,Spike,False
2012-09-14,48194,DOORMAT HEARTS,product,revenue,327.63,42,,2.201,108.48,True,Medium,Spike,True
2014-06-07,84879,damaged,product,revenue,73.11,44,,2.201,26.94,True,Medium,Spike,False
2015-01-12,85066,CREAM SWEETHEART MINI CHEST,product,revenue,360.18,28,,2.201,148.68,True,Medium,Spike,False
2014-04-21,22624,IVORY KITCHEN SCALES,product,revenue,422.09,49,,2.202,121.77,True,Medium,Spike,True
2011-02-03,22960,JAM MAKING SET WITH JARS,product,revenue,243.0,60,,2.202,91.21,True,Medium,Spike,True
2012-03-15,79321,,product,revenue,335.49,63,,2.202,100.61,True,Medium,Spike,True
2014-04-01,84879,damaged,product,revenue,115.26,67,,2.202,38.91,True,Medium,Spike,False
2015-12-15,79321,,product,revenue,204.07,39,,2.203,70.25,True,Medium,Spike,False
2011-01-12,82483,crushed,product,revenue,282.85,43,,2.203,105.27,True,Medium,Spike,True
2012-01-03,POST,,product,price,41.5325,12,,2.203,22.83,True,Medium,Spike,False
2011-10-11,82483,crushed,product,revenue,144.08,22,,2.204,45.43,True,Medium,Spike,False
2014-09-03,22423,damages,product,price,12.964,25,,2.204,12.41,True,Medium,Spike,False
2014-06-18,22960,JAM MAKING SET WITH JARS,product,revenue,148.0,34,,2.205,54.17,True,Medium,Spike,False
2014-04-28,48138,DOORMAT UNION FLAG,product,revenue,210.29,27,,2.205,74.47,True,Medium,Spike,False
2013-10-05,82483,crushed,product,revenue,302.11,47,,2.205,96.08,True,Medium,Spike,True
2014-01-09,48187,DOORMAT NEW ENGLAND,product,revenue,339.06,44,,2.206,115.64,True,Medium,Spike,True
2015-08-29,22423,damages,product,price,13.05,6,,2.207,12.45,True,Medium,Spike,False
2013-04-12,85066,CREAM SWEETHEART MINI CHEST,product,revenue,316.5,25,,2.208,139.02,True,Medium,Spike,False
2013-08-23,22457,NATURAL SLATE HEART CHALKBOARD ,product,revenue,239.87,84,,2.209,87.07,True,Medium,Spike,True
2012-10-01,22960,JAM MAKING SET WITH JARS,product,revenue,142.51,35,,2.209,52.89,True,Medium,Spike,False
2013-11-29,22086,PAPER CHAIN KIT 50'S CHRISTMAS ,product,revenue,171.3,58,,2.211,50.86,True,Medium,Spike,False
2015-08-11,22457,NATURAL SLATE HEART CHALKBOARD ,product,revenue,175.46,62,,2.211,56.54,True,Medium,Spike,True
2014-02-19,23298,"BUNTING , SPOTTY ",product,revenue,238.77,49,,2.212,81.76,True,Medium,Spike,False
2013-12-26,85123A,CREAM HANGING HEART T-LIGHT HOLDER,product,revenue,196.66,68,,2.212,79.28,True,Medium,Spike,False
2015-01-27,23355,HOT WATER BOTTLE KEEP CALM,product,price,5.09,3,,2.212,4.84,True,Medium,Spike,False
2014-07-01,79321,,product,revenue,229.28,44,,2.214,85.74,True,Medium,Spike,True
2013-05-28,82484,WOOD BLACK BOARD ANT WHITE FINISH,product,revenue,307.05,43,,2.214,112.48,True,Medium,Spike,True
2014-01-24,85099B,JUMBO BAG RED RETROSPOT,product,revenue,160.16,77,,2.214,52.59,True,Medium,Spike,True
2013-10-28,20685,DOORMAT RED RETROSPOT,product,revenue,267.3,33,,2.215,85.5,True,Medium,Spike,False
2015-11-21,POST,,product,revenue,2395.01,57,,2.215,763.28,True,Medium,Spike,True
2015-08-05,23284,,product,revenue,527.26,66,,2.216,139.06,True,Medium,Spike,True
2014-11-11,47566,PARTY BUNTING,product,revenue,326.13,66,,2.216,110.7,True,Medium,Spike,True
2014-09-25,82483,crushed,product,revenue,233.64,36,,2.216,71.28,True,Medium,Spike,True
2012-03-06,22624,IVORY KITCHEN SCALES,product,revenue,333.99,40,,2.217,107.0,True,Medium,Spike,True
2014-03-21,23355,HOT WATER BOTTLE KEEP CALM,product,revenue,189.61,39,,2.217,64.19,True,Medium,Spike,False
2013-10-16,48138,DOORMAT UNION FLAG,product,revenue,216.88,29,,2.217,82.73,True,Medium,Spike,False
2012-04-02,48194,DOORMAT HEARTS,product,revenue,312.01,41,,2.217,95.29,True,Medium,Spike,True
2014-11-21,79321,,product,revenue,290.91,53,,2.217,85.35,True,Medium,Spike,True
2013-06-24,22138,BAKING SET 9 PIECE RETROSPOT ,product,revenue,215.35,44,,2.218,79.43,True,Medium,Spike,True
2014-05-05,22726,,product,revenue,144.41,38,,2.218,58.55,True,Medium,Spike,False
2015-02-09,22423,damages,product,revenue,1031.67,82,,2.219,361.89,True,Medium,Spike,True
2012-08-22,85099B,JUMBO BAG RED RETROSPOT,product,revenue,112.13,54,,2.219,38.46,True,Medium,Spike,False
2013-03-21,21523,DOORMAT FANCY FONT HOME SWEET HOME,product,revenue,172.14,22,,2.221,69.89,True,Medium,Spike,False
2010-10-12,22423,damages,product,revenue,3494.55,317,,2.221,1314.52,True,Medium,Spike,True
2013-05-15,79321,,product,revenue,261.3,51,,2.221,81.68,True,Medium,Spike,True
2015-05-22,22086,PAPER CHAIN KIT 50'S CHRISTMAS ,product,price,3.06,12,,2.221,2.91,True,Medium,Spike,False
2012-08-04,48194,DOORMAT HEARTS,product,revenue,217.4,27,,2.222,82.85,True,Medium,Spike,False
2013-10-08,85099B,JUMBO BAG RED RETROSPOT,product,revenue,96.92,48,,2.222,35.92,True,Medium,Spike,False
2014-05-26,23245,SET OF 3 REGENCY CAKE TINS,product,revenue,198.66,39,,2.223,70.64,True,Medium,Spike,False
2015-11-21,23245,SET OF 3 REGENCY CAKE TINS,product,revenue,168.29,35,,2.223,64.64,True,Medium,Spike,False
2013-10-26,48187,DOORMAT NEW ENGLAND,product,revenue,314.83,39,,2.225,119.94,True,Medium,Spike,True
2014-05-30,21523,DOORMAT FANCY FONT HOME SWEET HOME,product,revenue,253.58,31,,2.226,88.95,True,Medium,Spike,False
2014-05-02,22111,SCOTTIE DOG HOT WATER BOTTLE,product,revenue,164.34,33,,2.227,63.85,True,Medium,Spike,False
2015-01-13,48138,DOORMAT UNION FLAG,product,revenue,422.3,54,,2.227,127.38,True,Medium,Spike,True
2014-09-20,85099B,JUMBO BAG RED RETROSPOT,product,price,2.11,15,,2.227,2.01,True,Medium,Spike,False
2014-07-11,48187,DOORMAT NEW ENGLAND,product,revenue,320.11,40,,2.228,104.66,True,Medium,Spike,True
2015-12-12,22960,JAM MAKING SET WITH JARS,product,revenue,150.07,35,,2.23,54.71,True,Medium,Spike,False
2013-05-08,85099B,JUMBO BAG RED RETROSPOT,product,revenue,119.45,59,,2.23,43.88,True,Medium,Spike,False
2014-11-21,22605,WOODEN CROQUET GARDEN SET,product,revenue,411.6,30,,2.231,146.16,True,Medium,Spike,True
2015-07-29,23298,"BUNTING , SPOTTY ",product,revenue,275.53,58,,2.231,98.98,True,Medium,Spike,True
2012-07-11,85123A,CREAM HANGING HEART T-LIGHT HOLDER,product,revenue,300.0,100,,2.231,113.35,True,Medium,Spike,True
2013-04-27,22138,BAKING SET 9 PIECE RETROSPOT ,product,revenue,231.79,47,,2.233,66.66,True,Medium,Spike,True
2013-07-15,22624,IVORY KITCHEN SCALES,product,revenue,298.35,36,,2.233,105.01,True,Medium,Spike,False
2014-08-04,47566,PARTY BUNTING,product,revenue,304.38,64,,2.233,110.73,True,Medium,Spike,False
2013-06-11,48194,DOORMAT HEARTS,product,revenue,282.41,35,,2.233,88.08,True,Medium,Spike,True
2012-12-13,85099B,JUMBO BAG RED RETROSPOT,product,revenue,177.68,90,,2.234,57.55,True,Medium,Spike,True
2013-04-03,20685,DOORMAT RED RETROSPOT,product,revenue,359.16,46,,2.235,113.71,True,Medium,Spike,True
2013-02-28,22111,SCOTTIE DOG HOT WATER BOTTLE,product,price,5.15,4,,2.235,4.89,True,Medium,Spike,False
2013-04-15,22193,RED DINER WALL CLOCK,product,price,8.93,5,,2.235,8.53,True,Medium,Spike,False
2015-09-23,22423,damages,product,revenue,975.19,77,,2.236,340.37,True,Medium,Spike,True
2014-05-05,82484,WOOD BLACK BOARD ANT WHITE FINISH,product,revenue,313.04,43,,2.236,104.42,True,Medium,Spike,True
2013-05-01,85099B,JUMBO BAG RED RETROSPOT,product,revenue,135.13,65,,2.236,47.58,True,Medium,Spike,False
2014-06-10,22726,,product,revenue,153.63,40,,2.237,50.0,True,Medium,Spike,False
2013-12-11,21523,DOORMAT FANCY FONT HOME SWEET HOME,product,revenue,367.01,49,,2.238,101.82,True,Medium,Spike,True
2012-02-04,22960,JAM MAKING SET WITH JARS,product,revenue,165.16,39,,2.238,53.57,True,Medium,Spike,False
2014-09-19,23355,HOT WATER BOTTLE KEEP CALM,product,revenue,164.4,34,,2.238,63.91,True,Medium,Spike,False
2013-06-24,82483,crushed,product,revenue,232.61,35,,2.238,93.24,True,Medium,Spike,True
2014-05-23,22112,CHOCOLATE HOT WATER BOTTLE,product,revenue,291.08,58,,2.239,75.28,True,Medium,Spike,True
2013-08-20,22487,WHITE WOOD GARDEN PLANT LADDER,product,revenue,796.8,80,,2.24,199.33,True,Medium,Spike,True
2015-03-19,22960,JAM MAKING SET WITH JARS,product,revenue,148.19,34,,2.24,45.72,True,Medium,Spike,False
2011-06-12,22423,damages,product,revenue,1682.1,150,,2.241,487.99,True,Medium,Spike,True
2011-10-11,22487,WHITE WOOD GARDEN PLANT LADDER,product,revenue,63.85,7,,2.241,27.84,True,Medium,Spike,False
2013-09-02,48187,DOORMAT NEW ENGLAND,product,revenue,286.65,35,,2.241,94.84,True,Medium,Spike,True
2012-06-05,82483,crushed,product,revenue,200.85,30,,2.241,71.34,True,Medium,Spike,False
2012-08-10,21754,HOME BUILDING BLOCK WORD,product,revenue,185.34,31,,2.242,60.32,True,Medium,Spike,False
2014-08-11,23245,SET OF 3 REGENCY CAKE TINS,product,revenue,220.61,44,,2.243,76.58,True,Medium,Spike,True
2014-06-05,85099B,JUMBO BAG RED RETROSPOT,product,price,2.11,4,,2.243,2.01,True,Medium,Spike,False
2014-12-20,22111,SCOTTIE DOG HOT WATER BOTTLE,product,revenue,255.46,53,,2.244,89.82,True,Medium,Spike,True
2014-08-29,21843,smashed,product,price,11.4,47,,2.244,10.76,True,Medium,Spike,False
2015-12-09,22138,BAKING SET 9 PIECE RETROSPOT ,product,revenue,225.71,44,,2.245,72.0,True,Medium,Spike,True
2015-04-29,22457,NATURAL SLATE HEART CHALKBOARD ,product,revenue,178.42,59,,2.245,55.7,True,Medium,Spike,True
2015-06-17,22726,,product,revenue,187.84,48,,2.245,63.3,True,Medium,Spike,True
2014-11-27,22960,JAM MAKING SET WITH JARS,product,revenue,219.73,54,,2.245,76.73,True,Medium,Spike,True
2012-01-27,47566,PARTY BUNTING,product,revenue,590.76,124,,2.245,173.25,True,Medium,Spike,True
2011-07-12,,,overall,revenue,68218.85,40341,2073.0,2.246,30032.27,True,Medium,Spike,True
2012-04-21,22727,ALARM CLOCK BAKELIKE RED ,product,revenue,196.45,51,,2.246,72.58,True,Medium,Spike,True
2014-11-03,POST,,product,revenue,1616.48,38,,2.247,561.92,True,Medium,Spike,False
2014-03-07,21523,DOORMAT FANCY FONT HOME SWEET HOME,product,revenue,216.27,27,,2.248,81.94,True,Medium,Spike,False
2011-08-05,47566,PARTY BUNTING,product,revenue,874.95,201,,2.248,227.93,True,Medium,Spike,True
2015-11-19,48187,DOORMAT NEW ENGLAND,product,revenue,280.24,36,,2.248,94.18,True,Medium,Spike,True
2013-12-20,C2,,product,revenue,1582.68,33,,2.248,560.59,True,Medium,Spike,True
2015-01-28,22424,ENAMEL BREAD BIN CREAM,product,revenue,425.37,33,,2.249,170.69,True,Medium,Spike,True
2012-10-13,47566,PARTY BUNTING,product,revenue,220.68,46,,2.249,81.73,True,Medium,Spike,False
2013-06-11,22111,SCOTTIE DOG HOT WATER BOTTLE,product,revenue,221.32,44,,2.25,72.02,True,Medium,Spike,True
2013-08-02,22726,,product,price,3.94,31,,2.25,3.76,True,Medium,Spike,False
2014-05-13,,,overall,revenue,28170.55,8795,921.0,2.252,17411.34,True,Medium,Spike,False
2014-08-27,22423,damages,product,revenue,1319.39,109,,2.252,474.39,True,Medium,Spike,True
2011-10-11,22605,WOODEN CROQUET GARDEN SET,product,revenue,142.45,11,,2.252,55.12,True,Medium,Spike,False
2014-04-01,47566,PARTY BUNTING,product,revenue,353.23,74,,2.252,105.56,True,Medium,Spike,True
2013-12-20,85099B,JUMBO BAG RED RETROSPOT,product,revenue,119.49,59,,2.253,44.77,True,Medium,Spike,False
2011-05-12,21843,smashed,product,revenue,249.75,25,,2.254,73.82,True,Medium,Spike,False
2015-02-26,23298,"BUNTING , SPOTTY ",product,revenue,237.58,48,,2.254,81.69,True,Medium,Spike,False
2015-02-26,22605,WOODEN CROQUET GARDEN SET,product,price,14.97,2,,2.254,14.16,True,Medium,Spike,False
2013-05-06,22423,damages,product,revenue,1039.56,86,,2.256,291.35,True,Medium,Spike,True
2012-07-28,22605,WOODEN CROQUET GARDEN SET,product,revenue,477.51,33,,2.256,135.33,True,Medium,Spike,True
2014-02-04,22086,PAPER CHAIN KIT 50'S CHRISTMAS ,product,revenue,154.58,54,,2.257,51.12,True,Medium,Spike,False
2013-01-05,85123A,CREAM HANGING HEART T-LIGHT HOLDER,product,revenue,247.44,88,,2.257,88.25,True,Medium,Spike,False
2012-09-26,22457,NATURAL SLATE HEART CHALKBOARD ,product,revenue,152.36,52,,2.258,44.89,True,Medium,Spike,False
2015-01-07,47566,PARTY BUNTING,product,revenue,390.61,77,,2.258,155.99,True,Medium,Spike,True
2014-11-21,85099B,JUMBO BAG RED RETROSPOT,product,revenue,132.16,64,,2.258,49.11,True,Medium,Spike,False
2015-07-23,85123A,CREAM HANGING HEART T-LIGHT HOLDER,product,revenue,292.51,100,,2.258,91.1,True,Medium,Spike,True
2012-11-14,85066,CREAM SWEETHEART MINI CHEST,product,revenue,795.84,61,,2.259,201.93,True,Medium,Spike,True
2014-09-04,22624,IVORY KITCHEN SCALES,product,price,8.89,11,,2.259,8.5,True,Medium,Spike,False
2012-07-23,20685,DOORMAT RED RETROSPOT,product,revenue,274.33,35,,2.26,102.56,True,Medium,Spike,False
2013-05-09,85123A,CREAM HANGING HEART T-LIGHT HOLDER,product,price,3.03,2,,2.26,2.9,True,Medium,Spike,False
2014-05-05,82486,3 DRAWER ANTIQUE WHITE WOOD CABINET,product,revenue,440.16,51,,2.261,131.05,True,Medium,Spike,True
2013-03-05,22424,ENAMEL BREAD BIN CREAM,product,price,13.35,8,,2.261,12.57,True,Medium,Spike,False
2012-02-27,85123A,CREAM HANGING HEART T-LIGHT HOLDER,product,price,3.02,11,,2.261,2.9,True,Medium,Spike,False
2013-03-08,23284,,product,revenue,202.57,25,,2.262,71.41,True,Medium,Spike,False
2013-10-02,48187,DOORMAT NEW ENGLAND,product,revenue,302.28,38,,2.262,116.4,True,Medium,Spike,True
2015-05-22,82483,crushed,product,revenue,169.9,26,,2.262,59.91,True,Medium,Spike,False
2013-07-10,22726,,product,price,3.95,1,,2.262,3.77,True,Medium,Spike,False
2013-07-12,84879,damaged,product,revenue,105.31,63,,2.263,38.91,True,Medium,Spike,False
2014-02-11,85066,CREAM SWEETHEART MINI CHEST,product,revenue,353.58,27,,2.263,132.96,True,Medium,Spike,False
2011-01-03,M,Manual,product,revenue,927.7,3,,2.263,149.07,True,Medium,Spike,False
2012-12-28,22624,IVORY KITCHEN SCALES,product,revenue,342.03,41,,2.264,109.91,True,Medium,Spike,True
2015-06-05,22847,,product,revenue,552.3,35,,2.264,199.98,True,Medium,Spike,True
2013-11-09,23298,"BUNTING , SPOTTY ",product,revenue,198.01,40,,2.265,65.47,True,Medium,Spike,False
2014-08-30,84879,damaged,product,revenue,93.66,57,,2.265,36.25,True,Medium,Spike,False
2011-01-03,M,Manual,product,price,309.23333333333335,3,,2.265,47.15,True,Medium,Spike,True
2015-04-09,22457,NATURAL SLATE HEART CHALKBOARD ,product,revenue,145.32,49,,2.266,46.76,True,Medium,Spike,False
2014-05-24,22625,,product,revenue,179.34,21,,2.266,88.2,True,Medium,Spike,False
2014-04-09,22960,JAM MAKING SET WITH JARS,product,revenue,127.39,31,,2.266,41.69,True,Medium,Spike,False
2011-10-05,47566,PARTY BUNTING,product,revenue,1196.3,274,,2.266,333.32,True,Medium,Spike,True
2013-11-11,85123A,CREAM HANGING HEART T-LIGHT HOLDER,product,price,3.0238636363636364,44,,2.266,2.88,True,Medium,Spike,False
2015-09-04,21755,LOVE BUILDING BLOCK WORD,product,revenue,354.21,60,,2.267,115.63,True,Medium,Spike,True
2013-11-04,22726,,product,revenue,153.14,39,,2.267,56.39,True,Medium,Spike,False
2011-06-12,85066,CREAM SWEETHEART MINI CHEST,product,revenue,642.3,58,,2.268,124.98,True,Medium,Spike,True
2012-07-07,22112,CHOCOLATE HOT WATER BOTTLE,product,price,5.08,3,,2.269,4.84,True,Medium,Spike,False
2015-09-21,POST,,product,revenue,2234.72,53,,2.27,764.89,True,Medium,Spike,True
2014-05-23,22138,BAKING SET 9 PIECE RETROSPOT ,product,revenue,214.69,43,,2.271,77.61,True,Medium,Spike,True
2012-08-17,85099B,JUMBO BAG RED RETROSPOT,product,revenue,86.79,42,,2.271,31.68,True,Medium,Spike,False
2013-08-06,22727,ALARM CLOCK BAKELIKE RED ,product,revenue,203.84,52,,2.272,75.06,True,Medium,Spike,True
2013-03-30,22847,,product,revenue,525.08,32,,2.272,187.66,True,Medium,Spike,True
2015-12-14,21755,LOVE BUILDING BLOCK WORD,product,revenue,268.96,46,,2.273,94.32,True,Medium,Spike,True
2013-10-14,22847,,product,revenue,647.9,38,,2.273,241.58,True,Medium,Spike,True
2012-09-27,23298,"BUNTING , SPOTTY ",product,revenue,336.54,66,,2.273,103.22,True,Medium,Spike,True
2013-06-18,21754,HOME BUILDING BLOCK WORD,product,revenue,256.21,43,,2.274,87.74,True,Medium,Spike,True
2014-05-09,22139,amazon,product,revenue,362.39,74,,2.274,98.15,True,Medium,Spike,True
2012-11-29,85099B,JUMBO BAG RED RETROSPOT,product,revenue,166.88,85,,2.274,52.22,True,Medium,Spike,True
2012-08-08,48138,DOORMAT UNION FLAG,product,price,8.1,27,,2.274,7.68,True,Medium,Spike,False
2015-03-24,21523,DOORMAT FANCY FONT HOME SWEET HOME,product,revenue,203.0,25,,2.275,68.81,True,Medium,Spike,False
2015-01-30,85123A,CREAM HANGING HEART T-LIGHT HOLDER,product,price,3.0,5,,2.276,2.88,True,Medium,Spike,False
2011-03-11,,,overall,revenue,56253.58,32213,1883.0,2.277,25945.85,True,Medium,Spike,True
2012-09-05,22625,,product,revenue,317.08,39,,2.277,104.5,True,Medium,Spike,True
2011-12-09,21843,smashed,product,revenue,249.75,25,,2.278,66.22,True,Medium,Spike,False
2012-04-02,22424,ENAMEL BREAD BIN CREAM,product,revenue,582.3,45,,2.278,171.7,True,Medium,Spike,True
2014-04-16,22624,IVORY KITCHEN SCALES,product,revenue,393.36,47,,2.278,112.83,True,Medium,Spike,True
2015-07-31,22457,NATURAL SLATE HEART CHALKBOARD ,product,price,3.1,2,,2.278,2.93,True,Medium,Spike,False
2015-04-10,22727,ALARM CLOCK BAKELIKE RED ,product,revenue,139.23,39,,2.279,51.92,True,Medium,Spike,False
2013-10-05,22776,SWEETHEART 3 TIER CAKE STAND ,product,revenue,452.14,47,,2.279,144.23,True,Medium,Spike,True
2014-01-09,22727,ALARM CLOCK BAKELIKE RED ,product,price,3.95,3,,2.279,3.75,True,Medium,Spike,False
2012-12-08,21843,smashed,product,revenue,522.17,47,,2.28,143.69,True,Medium,Spike,True
2012-07-10,85099B,JUMBO BAG RED RETROSPOT,product,revenue,152.58,74,,2.28,52.34,True,Medium,Spike,False
2012-07-03,POST,,product,revenue,2384.39,57,,2.281,760.83,True,Medium,Spike,True
2012-07-23,22625,,product,revenue,276.72,34,,2.282,82.85,True,Medium,Spike,False
2012-01-17,48187,DOORMAT NEW ENGLAND,product,revenue,248.08,32,,2.284,84.23,True,Medium,Spike,False
2012-11-02,22846,BREAD BIN DINER STYLE RED ,product,revenue,459.07,29,,2.285,148.62,True,Medium,Spike,True
2014-11-24,23245,SET OF 3 REGENCY CAKE TINS,product,revenue,227.19,46,,2.285,78.08,True,Medium,Spike,True
2011-04-01,21755,LOVE BUILDING BLOCK WORD,product,revenue,193.3,34,,2.286,65.76,True,Medium,Spike,False
2013-06-04,84879,damaged,product,revenue,128.92,75,,2.286,45.55,True,Medium,Spike,True
2013-12-02,,,overall,revenue,28751.41,10158,1097.0,2.287,17574.78,True,Medium,Spike,False
2014-08-15,M,Manual,product,revenue,4730.08,34,,2.287,1480.37,True,Medium,Spike,True
2014-12-17,21843,smashed,product,revenue,454.99,43,,2.289,127.75,True,Medium,Spike,True
2013-04-15,22624,IVORY KITCHEN SCALES,product,revenue,326.8,40,,2.289,114.96,True,Medium,Spike,False
2015-11-06,22138,BAKING SET 9 PIECE RETROSPOT ,product,revenue,196.39,40,,2.29,75.08,True,Medium,Spike,True
2013-12-07,22776,SWEETHEART 3 TIER CAKE STAND ,product,revenue,500.78,49,,2.291,136.04,True,Medium,Spike,True
2012-03-30,23355,HOT WATER BOTTLE KEEP CALM,product,revenue,111.07,23,,2.291,42.4,True,Medium,Spike,False
2013-12-18,POST,,product,revenue,1821.06,43,,2.292,589.34,True,Medium,Spike,False
2012-05-04,23245,SET OF 3 REGENCY CAKE TINS,product,revenue,179.84,38,,2.293,64.24,True,Medium,Spike,False
2012-01-07,22727,ALARM CLOCK BAKELIKE RED ,product,price,3.93,3,,2.294,3.77,True,Medium,Spike,False
2014-02-10,,,overall,revenue,23408.79,7297,798.0,2.295,14251.17,True,Medium,Spike,False
2014-09-03,22193,RED DINER WALL CLOCK,product,revenue,390.11,47,,2.295,136.11,True,Medium,Spike,True
2012-10-08,23355,HOT WATER BOTTLE KEEP CALM,product,revenue,188.2,38,,2.295,67.89,True,Medium,Spike,False
2013-12-23,47566,PARTY BUNTING,product,revenue,353.65,73,,2.296,116.63,True,Medium,Spike,True
2011-09-11,82486,3 DRAWER ANTIQUE WHITE WOOD CABINET,product,revenue,116.35,13,,2.297,43.47,True,Medium,Spike,False
2015-05-08,22423,damages,product,revenue,1017.07,82,,2.3,378.68,True,Medium,Spike,True
2012-10-10,22846,BREAD BIN DINER STYLE RED ,product,revenue,392.24,23,,2.3,134.6,True,Medium,Spike,False
2012-12-05,POST,,product,revenue,3069.66,72,,2.3,939.65,True,Medium,Spike,True
2013-06-25,21754,HOME BUILDING BLOCK WORD,product,price,6.3,8,,2.301,5.97,True,Medium,Spike,False
2015-10-12,22457,NATURAL SLATE HEART CHALKBOARD ,product,revenue,191.36,64,,2.302,60.83,True,Medium,Spike,True
2015-11-07,22086,PAPER CHAIN KIT 50'S CHRISTMAS ,product,revenue,197.65,65,,2.303,65.18,True,Medium,Spike,True
2015-12-10,22960,JAM MAKING SET WITH JARS,product,revenue,140.08,34,,2.303,51.17,True,Medium,Spike,False
2014-01-18,23298,"BUNTING , SPOTTY ",product,revenue,277.56,54,,2.304,93.37,True,Medium,Spike,True
2011-03-11,85123A,CREAM HANGING HEART T-LIGHT HOLDER,product,revenue,842.65,271,,2.304,276.09,True,Medium,Spike,True
2013-08-07,POST,,product,revenue,2062.35,48,,2.304,710.29,True,Medium,Spike,True
2014-04-29,22193,RED DINER WALL CLOCK,product,revenue,134.7,16,,2.305,53.55,True,Medium,Spike,False
2013-06-15,85066,CREAM SWEETHEART MINI CHEST,product,revenue,657.18,54,,2.305,189.37,True,Medium,Spike,True
2015-09-25,21754,HOME BUILDING BLOCK WORD,product,revenue,338.14,58,,2.306,99.71,True,Medium,Spike,True
2015-11-27,23298,"BUNTING , SPOTTY ",product,revenue,298.01,63,,2.306,98.63,True,Medium,Spike,True
2014-05-29,85123A,CREAM HANGING HEART T-LIGHT HOLDER,product,revenue,220.66,75,,2.306,83.59,True,Medium,Spike,False
2015-06-06,21621,,product,revenue,269.44,32,,2.307,87.32,True,Medium,Spike,False
2013-11-28,22846,BREAD BIN DINER STYLE RED ,product,revenue,734.12,43,,2.308,211.7,True,Medium,Spike,True
2012-02-29,79321,,product,revenue,377.4,68,,2.309,107.57,True,Medium,Spike,True
2012-06-16,85123A,CREAM HANGING HEART T-LIGHT HOLDER,product,revenue,214.27,73,,2.309,86.15,True,Medium,Spike,False
2012-01-05,22424,ENAMEL BREAD BIN CREAM,product,revenue,145.64,11,,2.311,47.94,True,Medium,Spike,False
2015-07-15,23298,"BUNTING , SPOTTY ",product,revenue,211.73,43,,2.311,67.26,True,Medium,Spike,False
2014-10-29,20685,DOORMAT RED RETROSPOT,product,revenue,340.56,43,,2.312,89.35,True,Medium,Spike,True
2015-09-11,84879,damaged,product,revenue,73.64,43,,2.312,29.27,True,Medium,Spike,False
2012-08-22,22826,LOVE SEAT ANTIQUE WHITE METAL,product,revenue,2193.12,18,,2.313,626.25,True,Medium,Spike,False
2014-11-10,23284,,product,revenue,277.23,36,,2.313,92.95,True,Medium,Spike,False
2013-06-12,23284,,product,revenue,419.39,53,,2.314,131.44,True,Medium,Spike,True
2014-02-20,22457,NATURAL SLATE HEART CHALKBOARD ,product,revenue,181.09,64,,2.315,49.15,True,Medium,Spike,True
2012-05-01,21621,,product,revenue,214.96,26,,2.316,83.98,True,Medium,Spike,False
2014-01-31,22138,BAKING SET 9 PIECE RETROSPOT ,product,revenue,185.83,38,,2.316,70.16,True,Medium,Spike,False
2014-11-26,79321,,product,revenue,332.56,62,,2.316,95.5,True,Medium,Spike,True
2015-12-05,21621,,product,revenue,500.64,58,,2.317,147.68,True,Medium,Spike,True
2015-12-30,22138,BAKING SET 9 PIECE RETROSPOT ,product,revenue,329.97,67,,2.317,95.84,True,Medium,Spike,True
2015-11-19,22423,damages,product,revenue,1035.25,82,,2.317,343.08,True,Medium,Spike,True
2014-05-14,22605,WOODEN CROQUET GARDEN SET,product,revenue,722.02,50,,2.317,228.39,True,Medium,Spike,True
2014-08-23,48194,DOORMAT HEARTS,product,revenue,332.56,41,,2.318,117.88,True,Medium,Spike,True
2013-03-30,21755,LOVE BUILDING BLOCK WORD,product,revenue,194.72,32,,2.319,73.37,True,Medium,Spike,False
2015-06-03,23245,SET OF 3 REGENCY CAKE TINS,product,revenue,176.47,35,,2.319,59.08,True,Medium,Spike,False
2013-08-12,48138,DOORMAT UNION FLAG,product,revenue,459.42,57,,2.319,140.28,True,Medium,Spike,True
2012-05-04,21843,smashed,product,revenue,310.04,29,,2.32,113.37,True,Medium,Spike,False
2013-04-09,22138,BAKING SET 9 PIECE RETROSPOT ,product,revenue,132.21,27,,2.32,47.76,True,Medium,Spike,False
2014-12-11,48138,DOORMAT UNION FLAG,product,revenue,221.08,28,,2.32,85.98,True,Medium,Spike,False
2011-10-11,22139,amazon,product,price,5.728666666666666,15,,2.32,4.92,True,Medium,Spike,True
2012-10-20,22624,IVORY KITCHEN SCALES,product,revenue,422.79,51,,2.321,119.88,True,Medium,Spike,True
2011-08-04,M,Manual,product,revenue,1867.86,1,,2.321,276.63,True,Medium,Spike,False
2015-07-21,84879,damaged,product,price,1.7458823529411764,17,,2.321,1.67,True,Medium,Spike,False
2012-06-21,22960,JAM MAKING SET WITH JARS,product,revenue,186.76,43,,2.323,62.1,True,Medium,Spike,False
2015-06-09,48138,DOORMAT UNION FLAG,product,price,8.06,9,,2.323,7.63,True,Medium,Spike,False
2011-12-09,22776,SWEETHEART 3 TIER CAKE STAND ,product,revenue,161.7,18,,2.324,47.84,True,Medium,Spike,False
2011-12-05,22487,WHITE WOOD GARDEN PLANT LADDER,product,revenue,87.9,10,,2.325,32.56,True,Medium,Spike,False
2015-05-04,22776,SWEETHEART 3 TIER CAKE STAND ,product,revenue,360.17,36,,2.325,121.55,True,Medium,Spike,True
2015-04-23,22423,damages,product,revenue,844.62,68,,2.326,293.62,True,Medium,Spike,False
2014-06-28,22776,SWEETHEART 3 TIER CAKE STAND ,product,revenue,456.31,47,,2.326,130.32,True,Medium,Spike,True
2015-05-14,82484,WOOD BLACK BOARD ANT WHITE FINISH,product,revenue,280.66,38,,2.328,91.21,True,Medium,Spike,False
2014-02-28,85099B,JUMBO BAG RED RETROSPOT,product,price,2.11,2,,2.328,2.0,True,Medium,Spike,False
2012-06-27,23245,SET OF 3 REGENCY CAKE TINS,product,revenue,220.02,44,,2.329,69.66,True,Medium,Spike,True
2013-04-01,23245,SET OF 3 REGENCY CAKE TINS,product,revenue,181.64,38,,2.329,53.38,True,Medium,Spike,False
2011-05-07,47566,PARTY BUNTING,product,revenue,875.35,193,,2.329,240.74,True,Medium,Spike,True
2014-12-11,47566,PARTY BUNTING,product,price,5.07,41,,2.329,4.85,True,Medium,Spike,False
2012-12-14,22424,ENAMEL BREAD BIN CREAM,product,revenue,434.7,35,,2.331,130.68,True,Medium,Spike,True
2011-01-11,21755,LOVE BUILDING BLOCK WORD,product,price,6.25,6,,2.331,5.92,True,Medium,Spike,False
2014-11-21,22423,damages,product,price,13.12,6,,2.332,12.53,True,Medium,Spike,False
2014-12-20,21621,,product,revenue,340.08,40,,2.333,111.06,True,Medium,Spike,True
2012-09-18,22112,CHOCOLATE HOT WATER BOTTLE,product,revenue,233.52,48,,2.334,71.29,True,Medium,Spike,True
2013-07-01,22423,damages,product,revenue,920.68,73,,2.336,358.35,True,Medium,Spike,False
2014-10-01,22457,NATURAL SLATE HEART CHALKBOARD ,product,revenue,233.28,80,,2.336,61.67,True,Medium,Spike,True
2012-09-11,23284,,product,revenue,455.45,58,,2.336,153.9,True,Medium,Spike,True
2013-11-15,22111,SCOTTIE DOG HOT WATER BOTTLE,product,price,5.16,10,,2.336,4.86,True,Medium,Spike,False
2014-11-17,47566,PARTY BUNTING,product,revenue,331.69,69,,2.337,115.65,True,Medium,Spike,True
2013-05-04,22847,,product,revenue,727.99,43,,2.338,250.18,True,Medium,Spike,True
2015-09-22,22605,WOODEN CROQUET GARDEN SET,product,revenue,364.5,25,,2.34,121.27,True,Medium,Spike,False
2015-10-23,22720,,product,revenue,199.35,42,,2.34,70.39,True,Medium,Spike,False
2013-01-31,23245,SET OF 3 REGENCY CAKE TINS,product,revenue,133.86,27,,2.34,50.49,True,Medium,Spike,False
2011-04-08,21621,,product,revenue,830.0,110,,2.341,144.46,True,Medium,Spike,True
2014-03-20,22423,damages,product,revenue,684.61,54,,2.341,237.07,True,Medium,Spike,False
2013-12-04,22625,,product,revenue,437.4,51,,2.341,139.36,True,Medium,Spike,True
2015-06-09,85123A,CREAM HANGING HEART T-LIGHT HOLDER,product,revenue,298.66,107,,2.343,86.59,True,Medium,Spike,True
2013-10-15,21523,DOORMAT FANCY FONT HOME SWEET HOME,product,revenue,227.32,30,,2.344,68.86,True,Medium,Spike,False
2013-07-08,48194,DOORMAT HEARTS,product,revenue,310.42,39,,2.344,85.26,True,Medium,Spike,True
2013-03-26,22112,CHOCOLATE HOT WATER BOTTLE,product,revenue,207.87,41,,2.345,65.23,True,Medium,Spike,True
2015-01-23,22423,damages,product,revenue,973.03,79,,2.345,348.94,True,Medium,Spike,True
2014-01-13,22726,,product,revenue,263.68,69,,2.345,79.02,True,Medium,Spike,True
2012-05-05,48194,DOORMAT HEARTS,product,revenue,273.6,36,,2.345,91.45,True,Medium,Spike,True
2014-05-10,85099B,JUMBO BAG RED RETROSPOT,product,revenue,115.21,55,,2.345,41.67,True,Medium,Spike,False
2013-07-25,22423,damages,product,revenue,1151.51,89,,2.346,441.22,True,Medium,Spike,True
2013-05-31,22625,,product,revenue,236.11,29,,2.346,91.87,True,Medium,Spike,False
2015-08-21,21523,DOORMAT FANCY FONT HOME SWEET HOME,product,revenue,241.4,32,,2.347,90.14,True,Medium,Spike,False
2012-09-14,22457,NATURAL SLATE HEART CHALKBOARD ,product,revenue,171.41,59,,2.347,49.13,True,Medium,Spike,True
2015-07-08,22846,BREAD BIN DINER STYLE RED ,product,revenue,551.25,35,,2.347,174.02,True,Medium,Spike,True
2015-02-10,,,overall,revenue,25741.93,8692,1006.0,2.349,15163.84,True,Medium,Spike,False
2011-09-11,,,overall,revenue,58154.14,35104,2089.0,2.35,26312.12,True,Medium,Spike,True
2014-04-23,22727,ALARM CLOCK BAKELIKE RED ,product,revenue,206.68,56,,2.351,61.39,True,Medium,Spike,True
2015-12-01,22847,,product,revenue,796.0,50,,2.351,251.19,True,Medium,Spike,True
2014-10-27,22727,ALARM CLOCK BAKELIKE RED ,product,revenue,208.22,56,,2.352,71.52,True,Medium,Spike,True
2011-08-05,22776,SWEETHEART 3 TIER CAKE STAND ,product,revenue,159.2,16,,2.352,47.15,True,Medium,Spike,False
2013-04-08,23298,"BUNTING , SPOTTY ",product,revenue,199.26,41,,2.352,63.21,True,Medium,Spike,False
2014-04-07,20685,DOORMAT RED RETROSPOT,product,revenue,312.75,41,,2.353,102.87,True,Medium,Spike,True
2011-12-04,22457,NATURAL SLATE HEART CHALKBOARD ,product,revenue,265.45,103,,2.353,82.83,True,Medium,Spike,True
2013-07-13,22624,IVORY KITCHEN SCALES,product,revenue,286.18,33,,2.353,100.09,True,Medium,Spike,False
2011-08-03,22776,SWEETHEART 3 TIER CAKE STAND ,product,revenue,155.9,18,,2.353,48.48,True,Medium,Spike,False
2014-11-25,,,overall,revenue,35486.29,9468,1036.0,2.354,19878.56,True,Medium,Spike,True
2014-11-14,22776,SWEETHEART 3 TIER CAKE STAND ,product,revenue,324.13,32,,2.354,113.07,True,Medium,Spike,False
2012-01-20,22847,,product,revenue,273.19,17,,2.354,82.23,True,Medium,Spike,False
2012-07-23,82484,WOOD BLACK BOARD ANT WHITE FINISH,product,revenue,465.81,62,,2.354,123.15,True,Medium,Spike,True
2014-11-03,48187,DOORMAT NEW ENGLAND,product,revenue,294.5,38,,2.355,89.84,True,Medium,Spike,True
2013-04-30,79321,,product,revenue,177.48,33,,2.355,58.33,True,Medium,Spike,False
2015-01-30,21754,HOME BUILDING BLOCK WORD,product,revenue,223.2,36,,2.356,68.74,True,Medium,Spike,False
2013-09-07,23284,,product,revenue,194.96,25,,2.356,70.78,True,Medium,Spike,False
2015-05-14,84078A,SET/4 WHITE RETRO STORAGE CUBES ,product,revenue,2112.36,57,,2.356,508.24,True,Medium,Spike,True
2015-12-16,22138,BAKING SET 9 PIECE RETROSPOT ,product,revenue,276.08,55,,2.357,82.77,True,Medium,Spike,True
2013-09-06,22720,,product,revenue,244.51,49,,2.358,72.52,True,Medium,Spike,True
2013-04-27,23284,,product,revenue,288.41,36,,2.358,111.75,True,Medium,Spike,False
2013-07-30,POST,,product,revenue,2152.8,49,,2.358,745.61,True,Medium,Spike,True
2013-10-12,,,overall,revenue,26688.58,9357,1047.0,2.359,15754.5,True,Medium,Spike,False
2014-10-29,,,overall,revenue,26629.0,8612,957.0,2.359,15169.49,True,Medium,Spike,False
2012-08-15,47566,PARTY BUNTING,product,revenue,312.13,63,,2.359,111.32,True,Medium,Spike,True
2015-10-29,48194,DOORMAT HEARTS,product,revenue,297.5,38,,2.359,95.64,True,Medium,Spike,True
2012-12-11,22423,damages,product,price,13.06,52,,2.359,12.52,True,Medium,Spike,False
2015-05-05,79321,,product,revenue,189.71,35,,2.36,54.05,True,Medium,Spike,False
2013-09-06,22139,amazon,product,revenue,326.84,66,,2.364,98.15,True,Medium,Spike,True
2015-11-11,22139,amazon,product,revenue,271.59,55,,2.364,86.87,True,Medium,Spike,True
2015-03-05,22624,IVORY KITCHEN SCALES,product,revenue,400.51,46,,2.365,133.91,True,Medium,Spike,True
2014-06-06,22086,PAPER CHAIN KIT 50'S CHRISTMAS ,product,revenue,171.8,57,,2.366,61.98,True,Medium,Spike,False
2012-06-21,22111,SCOTTIE DOG HOT WATER BOTTLE,product,revenue,260.36,55,,2.366,94.49,True,Medium,Spike,True
2015-10-19,22423,damages,product,revenue,971.55,77,,2.366,330.38,True,Medium,Spike,True
2013-11-16,22726,,product,revenue,203.31,54,,2.366,69.77,True,Medium,Spike,True
2014-10-15,22112,CHOCOLATE HOT WATER BOTTLE,product,revenue,169.57,36,,2.367,60.43,True,Medium,Spike,False
2014-05-22,22111,SCOTTIE DOG HOT WATER BOTTLE,product,revenue,210.27,43,,2.368,67.49,True,Medium,Spike,False
2015-06-01,84879,damaged,product,revenue,119.22,70,,2.368,41.31,True,Medium,Spike,False
2014-12-30,21843,smashed,product,revenue,337.84,32,,2.369,104.27,True,Medium,Spike,False
2015-10-07,22112,CHOCOLATE HOT WATER BOTTLE,product,revenue,250.49,52,,2.369,81.83,True,Medium,Spike,True
2013-11-06,22138,BAKING SET 9 PIECE RETROSPOT ,product,revenue,380.27,80,,2.369,112.85,True,Medium,Spike,True
2011-11-03,22487,WHITE WOOD GARDEN PLANT LADDER,product,revenue,69.65,7,,2.369,28.5,True,Medium,Spike,False
2013-06-19,22720,,product,revenue,366.15,72,,2.369,114.26,True,Medium,Spike,True
2014-11-22,20685,DOORMAT RED RETROSPOT,product,revenue,421.11,53,,2.37,116.63,True,Medium,Spike,True
2013-10-12,22112,CHOCOLATE HOT WATER BOTTLE,product,revenue,170.92,35,,2.373,59.95,True,Medium,Spike,False
2013-04-05,22625,,product,revenue,384.04,48,,2.373,105.22,True,Medium,Spike,True
2015-11-20,23298,"BUNTING , SPOTTY ",product,revenue,272.52,54,,2.373,92.56,True,Medium,Spike,True
2012-05-09,23245,SET OF 3 REGENCY CAKE TINS,product,revenue,211.99,43,,2.374,72.85,True,Medium,Spike,True
2012-01-27,20685,DOORMAT RED RETROSPOT,product,revenue,295.2,40,,2.375,91.61,True,Medium,Spike,False
2014-07-04,22846,BREAD BIN DINER STYLE RED ,product,revenue,530.72,31,,2.375,157.03,True,Medium,Spike,True
2012-11-10,21523,DOORMAT FANCY FONT HOME SWEET HOME,product,revenue,310.76,40,,2.376,109.48,True,Medium,Spike,True
2012-05-04,,,overall,revenue,29762.23,10010,1101.0,2.377,16385.51,True,Medium,Spike,False
2013-07-15,21523,DOORMAT FANCY FONT HOME SWEET HOME,product,revenue,352.17,46,,2.377,117.62,True,Medium,Spike,True
2015-08-04,21755,LOVE BUILDING BLOCK WORD,product,revenue,259.76,43,,2.377,84.73,True,Medium,Spike,True
2015-04-27,22625,,product,revenue,273.67,32,,2.377,78.39,True,Medium,Spike,False
2012-03-05,22726,,product,revenue,187.51,50,,2.377,54.49,True,Medium,Spike,True
2013-09-24,21754,HOME BUILDING BLOCK WORD,product,revenue,375.86,61,,2.378,106.62,True,Medium,Spike,True
2014-08-14,23298,"BUNTING , SPOTTY ",product,revenue,179.82,37,,2.378,60.87,True,Medium,Spike,False
2011-01-03,82483,crushed,product,price,6.95,6,,2.378,5.62,True,Medium,Spike,False
2015-03-06,22776,SWEETHEART 3 TIER CAKE STAND ,product,revenue,440.36,44,,2.379,162.04,True,Medium,Spike,True
2014-03-31,22847,,product,revenue,698.47,41,,2.379,198.29,True,Medium,Spike,True
2012-11-14,84879,damaged,product,revenue,123.32,72,,2.379,33.84,True,Medium,Spike,True
2012-11-09,22457,NATURAL SLATE HEART CHALKBOARD ,product,revenue,126.96,42,,2.38,45.39,True,Medium,Spike,False
2015-05-20,85099B,JUMBO BAG RED RETROSPOT,product,revenue,116.31,60,,2.38,41.95,True,Medium,Spike,False
2015-02-12,85123A,CREAM HANGING HEART T-LIGHT HOLDER,product,revenue,215.78,73,,2.38,66.47,True,Medium,Spike,False
2013-03-21,23284,,product,revenue,264.57,33,,2.381,84.61,True,Medium,Spike,False
2013-09-12,21523,DOORMAT FANCY FONT HOME SWEET HOME,product,price,8.2,2,,2.381,7.73,True,Medium,Spike,False
2014-03-24,20685,DOORMAT RED RETROSPOT,product,revenue,275.22,36,,2.382,88.02,True,Medium,Spike,False
2014-04-07,22457,NATURAL SLATE HEART CHALKBOARD ,product,revenue,203.94,66,,2.383,62.66,True,Medium,Spike,True
2015-07-14,23355,HOT WATER BOTTLE KEEP CALM,product,revenue,225.9,47,,2.383,68.74,True,Medium,Spike,True
2014-06-30,POST,,product,revenue,3335.36,81,,2.383,1015.68,True,Medium,Spike,True
2015-07-02,22846,BREAD BIN DINER STYLE RED ,product,revenue,492.67,30,,2.384,151.57,True,Medium,Spike,True
2013-08-05,20685,DOORMAT RED RETROSPOT,product,revenue,418.7,53,,2.385,139.42,True,Medium,Spike,True
2012-02-24,22193,RED DINER WALL CLOCK,product,revenue,338.25,41,,2.385,105.75,True,Medium,Spike,True
2013-04-27,48194,DOORMAT HEARTS,product,revenue,210.68,26,,2.385,77.45,True,Medium,Spike,False
2012-01-17,POST,,product,revenue,1135.41,26,,2.385,354.84,True,Medium,Spike,False
2015-11-27,23284,,product,revenue,490.82,64,,2.389,159.85,True,Medium,Spike,True
2013-07-26,48187,DOORMAT NEW ENGLAND,product,revenue,329.28,42,,2.39,90.98,True,Medium,Spike,True
2013-10-09,48194,DOORMAT HEARTS,product,revenue,398.5,50,,2.39,123.97,True,Medium,Spike,True
2013-11-01,21755,LOVE BUILDING BLOCK WORD,product,revenue,260.92,44,,2.392,71.48,True,Medium,Spike,True
2014-07-01,21755,LOVE BUILDING BLOCK WORD,product,revenue,264.96,46,,2.392,86.86,True,Medium,Spike,True
2013-02-05,85123A,CREAM HANGING HEART T-LIGHT HOLDER,product,price,3.02,3,,2.392,2.89,True,Medium,Spike,False
2011-01-04,79321,,product,price,5.75,5,,2.395,4.63,True,Medium,Spike,False
2014-07-08,21755,LOVE BUILDING BLOCK WORD,product,revenue,294.22,47,,2.396,90.39,True,Medium,Spike,True
2015-02-11,22424,ENAMEL BREAD BIN CREAM,product,revenue,487.5,39,,2.396,177.81,True,Medium,Spike,True
2015-10-19,POST,,product,revenue,2480.85,60,,2.396,811.36,True,Medium,Spike,True
2015-12-09,85099B,JUMBO BAG RED RETROSPOT,product,price,2.11,6,,2.396,2.03,True,Medium,Spike,False
2012-06-23,22726,,product,revenue,242.82,66,,2.398,71.06,True,Medium,Spike,True
2013-08-17,22776,SWEETHEART 3 TIER CAKE STAND ,product,revenue,493.92,50,,2.398,143.81,True,Medium,Spike,True
2015-01-13,22625,,product,revenue,376.2,45,,2.399,121.8,True,Medium,Spike,True
2012-12-24,22605,WOODEN CROQUET GARDEN SET,product,revenue,385.02,27,,2.4,126.84,True,Medium,Spike,True
2012-11-05,82483,crushed,product,revenue,232.87,36,,2.4,75.02,True,Medium,Spike,True
2013-12-30,22086,PAPER CHAIN KIT 50'S CHRISTMAS ,product,revenue,159.25,56,,2.401,50.75,True,Medium,Spike,False
2014-08-26,M,Manual,product,revenue,5450.08,40,,2.401,1679.74,True,Medium,Spike,True
2014-04-17,48187,DOORMAT NEW ENGLAND,product,revenue,221.77,29,,2.402,85.26,True,Medium,Spike,False
2014-04-08,21621,,product,revenue,370.02,42,,2.403,101.18,True,Medium,Spike,True
2013-07-03,22720,,product,revenue,311.19,62,,2.404,89.68,True,Medium,Spike,True
2015-08-10,23355,HOT WATER BOTTLE KEEP CALM,product,revenue,208.8,45,,2.404,68.28,True,Medium,Spike,True
2014-04-23,22655,damages/showroom etc,product,revenue,4607.52,29,,2.405,1451.35,True,Medium,Spike,True
2015-08-28,20685,DOORMAT RED RETROSPOT,product,revenue,345.66,44,,2.408,93.27,True,Medium,Spike,True
2012-09-04,85123A,CREAM HANGING HEART T-LIGHT HOLDER,product,revenue,259.99,93,,2.408,89.73,True,Medium,Spike,True
2012-10-05,22960,JAM MAKING SET WITH JARS,product,revenue,163.0,38,,2.409,57.35,True,Medium,Spike,False
2014-11-05,84879,damaged,product,revenue,147.16,86,,2.409,44.39,True,Medium,Spike,True
2015-07-28,23355,HOT WATER BOTTLE KEEP CALM,product,price,5.09,12,,2.41,4.86,True,Medium,Spike,False
2013-12-28,22423,damages,product,revenue,1061.51,84,,2.411,418.71,True,Medium,Spike,True
2011-03-10,,,overall,revenue,54999.15,22357,1656.0,2.412,25365.32,True,Medium,Spike,True
2015-03-07,85123A,CREAM HANGING HEART T-LIGHT HOLDER,product,revenue,246.46,88,,2.412,74.58,True,Medium,Spike,False
2015-04-01,23355,HOT WATER BOTTLE KEEP CALM,product,revenue,211.5,45,,2.413,68.63,True,Medium,Spike,True
2014-11-18,21523,DOORMAT FANCY FONT HOME SWEET HOME,product,revenue,359.1,45,,2.414,111.68,True,Medium,Spike,True
2014-09-01,82484,WOOD BLACK BOARD ANT WHITE FINISH,product,revenue,250.9,34,,2.414,86.23,True,Medium,Spike,False
2011-01-03,82486,3 DRAWER ANTIQUE WHITE WOOD CABINET,product,price,8.95,3,,2.414,7.9,True,Medium,Spike,False
2015-06-17,22086,PAPER CHAIN KIT 50'S CHRISTMAS ,product,revenue,168.54,58,,2.417,56.7,True,Medium,Spike,False
2014-05-14,22720,,product,revenue,277.3,56,,2.417,102.01,True,Medium,Spike,True
2011-10-11,22086,PAPER CHAIN KIT 50'S CHRISTMAS ,product,price,3.2381159420289856,138,,2.417,2.86,True,Medium,Spike,True
2011-07-10,22193,RED DINER WALL CLOCK,product,revenue,151.3,19,,2.418,56.43,True,Medium,Spike,False
2013-07-12,85123A,CREAM HANGING HEART T-LIGHT HOLDER,product,revenue,305.82,105,,2.418,100.37,True,Medium,Spike,True
2014-02-13,82483,crushed,product,revenue,322.42,47,,2.419,108.07,True,Medium,Spike,True
2014-02-28,22625,,product,revenue,240.47,28,,2.42,83.97,True,Medium,Spike,False
2012-01-14,22726,,product,revenue,175.35,47,,2.42,56.16,True,Medium,Spike,False
2012-11-07,85123A,CREAM HANGING HEART T-LIGHT HOLDER,product,price,3.03,4,,2.42,2.9,True,Medium,Spike,False
2012-11-08,22112,CHOCOLATE HOT WATER BOTTLE,product,revenue,270.65,57,,2.421,71.93,True,Medium,Spike,True
2013-02-12,22726,,product,revenue,198.39,51,,2.422,61.64,True,Medium,Spike,True
2015-11-12,82483,crushed,product,revenue,291.81,45,,2.422,88.42,True,Medium,Spike,True
2012-07-04,85066,CREAM SWEETHEART MINI CHEST,product,revenue,471.99,38,,2.424,144.23,True,Medium,Spike,True
2012-02-23,M,Manual,product,revenue,3199.2,24,,2.425,657.23,True,Medium,Spike,False
2012-03-02,21523,DOORMAT FANCY FONT HOME SWEET HOME,product,revenue,170.77,22,,2.426,64.08,True,Medium,Spike,False
2010-10-12,20685,DOORMAT RED RETROSPOT,product,revenue,563.85,83,,2.429,184.9,True,Medium,Spike,True
2014-06-06,22112,CHOCOLATE HOT WATER BOTTLE,product,revenue,245.62,50,,2.429,73.16,True,Medium,Spike,True
2011-01-08,22605,WOODEN CROQUET GARDEN SET,product,revenue,218.95,17,,2.429,62.35,True,Medium,Spike,False
2014-03-08,22487,WHITE WOOD GARDEN PLANT LADDER,product,price,10.243076923076924,13,,2.431,9.74,True,Medium,Spike,False
2014-06-04,21843,smashed,product,revenue,632.33,57,,2.432,157.54,True,Medium,Spike,True
2013-08-02,22139,amazon,product,revenue,283.68,57,,2.432,91.47,True,Medium,Spike,True
2013-09-16,21523,DOORMAT FANCY FONT HOME SWEET HOME,product,revenue,282.21,35,,2.435,87.13,True,Medium,Spike,True
2015-04-01,47566,PARTY BUNTING,product,revenue,242.68,50,,2.435,82.05,True,Medium,Spike,False
2013-09-19,82483,crushed,product,revenue,216.28,32,,2.435,72.09,True,Medium,Spike,True
2012-02-17,85066,CREAM SWEETHEART MINI CHEST,product,revenue,312.2,25,,2.435,97.46,True,Medium,Spike,False
2015-05-20,22138,BAKING SET 9 PIECE RETROSPOT ,product,revenue,176.21,35,,2.436,60.8,True,Medium,Spike,False
2015-07-25,22776,SWEETHEART 3 TIER CAKE STAND ,product,revenue,377.52,39,,2.436,138.12,True,Medium,Spike,True
2012-01-19,21843,smashed,product,revenue,312.02,29,,2.438,84.01,True,Medium,Spike,False
2015-03-07,22193,RED DINER WALL CLOCK,product,revenue,332.67,39,,2.44,108.13,True,Medium,Spike,True
2015-10-07,22193,RED DINER WALL CLOCK,product,revenue,401.97,48,,2.44,109.13,True,Medium,Spike,True
2013-08-05,22624,IVORY KITCHEN SCALES,product,revenue,411.65,49,,2.44,139.66,True,Medium,Spike,True
2012-08-31,48138,DOORMAT UNION FLAG,product,revenue,278.12,36,,2.44,102.21,True,Medium,Spike,True
2013-05-17,48194,DOORMAT HEARTS,product,revenue,227.64,28,,2.44,80.28,True,Medium,Spike,False
2013-12-30,23355,HOT WATER BOTTLE KEEP CALM,product,revenue,255.79,53,,2.441,78.09,True,Medium,Spike,True
2014-06-19,M,Manual,product,revenue,5096.88,38,,2.441,1429.85,True,Medium,Spike,True
2015-07-17,22726,,product,revenue,234.6,64,,2.443,74.67,True,Medium,Spike,True
2012-04-25,22847,,product,revenue,792.58,46,,2.443,222.31,True,Medium,Spike,True
2012-04-07,22457,NATURAL SLATE HEART CHALKBOARD ,product,revenue,140.28,49,,2.444,47.13,True,Medium,Spike,False
2014-12-17,85099B,JUMBO BAG RED RETROSPOT,product,revenue,187.8,93,,2.444,60.22,True,Medium,Spike,True
2014-05-19,23284,,product,revenue,301.4,37,,2.445,111.15,True,Medium,Spike,False
2010-10-12,48138,DOORMAT UNION FLAG,product,revenue,424.95,61,,2.445,111.23,True,Medium,Spike,True
2012-04-06,DOT,,product,revenue,12360.0,20,,2.445,2222.06,True,Medium,Spike,False
2015-07-28,POST,,product,revenue,2021.82,49,,2.445,702.27,True,Medium,Spike,False
2014-09-17,22720,,product,revenue,223.29,45,,2.446,71.33,True,Medium,Spike,False
2012-10-26,23245,SET OF 3 REGENCY CAKE TINS,product,revenue,202.26,42,,2.447,69.07,True,Medium,Spike,False
2015-06-18,22086,PAPER CHAIN KIT 50'S CHRISTMAS ,product,price,3.0523076923076924,13,,2.448,2.92,True,Medium,Spike,False
2015-07-02,48194,DOORMAT HEARTS,product,revenue,294.42,38,,2.451,89.99,True,Medium,Spike,True
2013-06-11,82486,3 DRAWER ANTIQUE WHITE WOOD CABINET,product,revenue,547.78,61,,2.451,162.58,True,Medium,Spike,True
2015-02-09,22112,CHOCOLATE HOT WATER BOTTLE,product,revenue,214.71,45,,2.452,62.98,True,Medium,Spike,True
2015-11-24,47566,PARTY BUNTING,product,revenue,255.11,53,,2.453,93.32,True,Medium,Spike,False
2013-09-30,48187,DOORMAT NEW ENGLAND,product,revenue,293.89,37,,2.453,106.86,True,Medium,Spike,True
2012-06-11,22726,,product,revenue,191.28,51,,2.457,53.05,True,Medium,Spike,True
2013-11-14,22111,SCOTTIE DOG HOT WATER BOTTLE,product,revenue,247.48,52,,2.458,71.44,True,Medium,Spike,True
2015-05-25,22847,,product,revenue,569.2,35,,2.46,196.4,True,Medium,Spike,True
2011-09-06,23284,,product,revenue,1505.1,318,,2.46,364.64,True,Medium,Spike,True
2012-06-23,21755,LOVE BUILDING BLOCK WORD,product,revenue,261.45,42,,2.462,95.29,True,Medium,Spike,True
2014-11-03,22625,,product,revenue,488.24,57,,2.462,144.89,True,Medium,Spike,True
2011-02-06,22424,ENAMEL BREAD BIN CREAM,product,revenue,120.45,11,,2.463,40.1,True,Medium,Spike,False
2013-09-20,23284,,product,revenue,287.69,36,,2.463,87.21,True,Medium,Spike,False
2012-10-20,47566,PARTY BUNTING,product,revenue,264.4,55,,2.463,92.94,True,Medium,Spike,False
2012-12-13,23284,,product,revenue,284.89,36,,2.464,106.35,True,Medium,Spike,False
2015-06-22,22846,BREAD BIN DINER STYLE RED ,product,revenue,475.1,29,,2.465,142.49,True,Medium,Spike,True
2013-04-09,82483,crushed,product,revenue,212.83,32,,2.467,68.06,True,Medium,Spike,False
2011-04-08,,,overall,revenue,62413.07,40254,1474.0,2.468,26545.27,True,Medium,Spike,True
2012-07-26,23355,HOT WATER BOTTLE KEEP CALM,product,revenue,223.92,46,,2.468,77.76,True,Medium,Spike,True
2015-08-26,22423,damages,product,revenue,928.56,75,,2.469,276.58,True,Medium,Spike,False
2013-06-07,22847,,product,revenue,841.74,52,,2.469,270.26,True,Medium,Spike,True
2014-06-11,48138,DOORMAT UNION FLAG,product,revenue,432.55,57,,2.469,125.33,True,Medium,Spike,True
2014-01-31,82484,WOOD BLACK BOARD ANT WHITE FINISH,product,revenue,309.48,42,,2.469,109.59,True,Medium,Spike,True
2013-07-08,82483,crushed,product,revenue,241.95,36,,2.47,83.6,True,Medium,Spike,True
2014-12-20,22138,BAKING SET 9 PIECE RETROSPOT ,product,revenue,200.52,40,,2.471,72.16,True,Medium,Spike,True
2013-04-08,21754,HOME BUILDING BLOCK WORD,product,revenue,346.32,59,,2.472,107.13,True,Medium,Spike,True
2011-09-11,85099B,JUMBO BAG RED RETROSPOT,product,revenue,1146.68,621,,2.473,339.31,True,Medium,Spike,True
2013-08-16,22720,,product,price,5.17,6,,2.474,4.92,True,Medium,Spike,False
2012-11-07,22720,,product,revenue,267.92,54,,2.476,83.45,True,Medium,Spike,True
2013-03-07,22111,SCOTTIE DOG HOT WATER BOTTLE,product,revenue,190.0,40,,2.477,62.3,True,Medium,Spike,False
2012-09-12,22726,,product,revenue,204.08,53,,2.477,57.75,True,Medium,Spike,True
2012-07-04,82486,3 DRAWER ANTIQUE WHITE WOOD CABINET,product,revenue,408.24,48,,2.477,145.77,True,Medium,Spike,True
2013-09-28,23355,HOT WATER BOTTLE KEEP CALM,product,revenue,195.41,42,,2.478,60.18,True,Medium,Spike,False
2014-11-01,22625,,product,revenue,445.74,52,,2.479,136.38,True,Medium,Spike,True
2013-04-03,82486,3 DRAWER ANTIQUE WHITE WOOD CABINET,product,revenue,597.18,68,,2.479,153.07,True,Medium,Spike,True
2015-06-01,20685,DOORMAT RED RETROSPOT,product,revenue,663.17,83,,2.48,162.45,True,Medium,Spike,True
2012-04-14,23284,,product,revenue,391.92,48,,2.48,116.72,True,Medium,Spike,True
2012-12-25,82483,crushed,product,revenue,236.09,36,,2.481,79.54,True,Medium,Spike,True
2013-11-07,21843,smashed,product,revenue,418.38,38,,2.482,129.06,True,Medium,Spike,True
2011-06-01,22776,SWEETHEART 3 TIER CAKE STAND ,product,revenue,181.6,20,,2.483,49.51,True,Medium,Spike,False
2015-03-17,48187,DOORMAT NEW ENGLAND,product,revenue,308.0,39,,2.483,90.31,True,Medium,Spike,True
2011-10-10,22720,,product,price,5.4809090909090905,22,,2.483,4.86,True,Medium,Spike,True
2013-05-01,,,overall,revenue,31019.46,9106,914.0,2.484,18163.74,True,Medium,Spike,False
2015-01-03,22138,BAKING SET 9 PIECE RETROSPOT ,product,revenue,285.61,58,,2.484,91.11,True,Medium,Spike,True
2011-11-03,22605,WOODEN CROQUET GARDEN SET,product,revenue,167.95,13,,2.484,59.72,True,Medium,Spike,False
2013-01-10,85066,CREAM SWEETHEART MINI CHEST,product,revenue,657.39,51,,2.486,191.42,True,Medium,Spike,True
2014-07-25,85099B,JUMBO BAG RED RETROSPOT,product,revenue,110.18,55,,2.487,46.11,True,Medium,Spike,False
2014-07-23,22423,damages,product,price,13.09,5,,2.487,12.47,True,Medium,Spike,False
2013-08-31,22138,BAKING SET 9 PIECE RETROSPOT ,product,revenue,231.62,47,,2.488,72.82,True,Medium,Spike,True
2013-09-13,22193,RED DINER WALL CLOCK,product,revenue,429.24,49,,2.488,130.03,True,Medium,Spike,True
2014-06-21,23284,,product,revenue,331.02,43,,2.488,126.2,True,Medium,Spike,False
2012-07-04,21754,HOME BUILDING BLOCK WORD,product,revenue,233.6,40,,2.489,81.14,True,Medium,Spike,False
2012-02-07,22138,BAKING SET 9 PIECE RETROSPOT ,product,revenue,162.72,33,,2.489,56.11,True,Medium,Spike,False
2015-05-12,84879,damaged,product,revenue,98.07,58,,2.49,31.41,True,Medium,Spike,False
2014-07-16,22111,SCOTTIE DOG HOT WATER BOTTLE,product,revenue,286.52,58,,2.491,87.11,True,Medium,Spike,True
2013-05-10,23284,,product,revenue,326.58,42,,2.491,123.45,True,Medium,Spike,False
2013-01-12,82486,3 DRAWER ANTIQUE WHITE WOOD CABINET,product,revenue,476.55,55,,2.491,148.45,True,Medium,Spike,True
2014-09-23,21754,HOME BUILDING BLOCK WORD,product,revenue,294.41,48,,2.492,77.65,True,Medium,Spike,True
2015-05-08,23298,"BUNTING , SPOTTY ",product,revenue,161.0,34,,2.492,57.28,True,Medium,Spike,False
2012-07-23,79321,,product,revenue,149.8,28,,2.492,51.85,True,Medium,Spike,False
2012-06-23,POST,,product,revenue,2552.59,60,,2.492,782.19,True,Medium,Spike,True
2014-12-20,84879,damaged,product,revenue,112.06,68,,2.493,39.73,True,Medium,Spike,False
2015-05-09,POST,,product,revenue,2491.75,61,,2.493,771.26,True,Medium,Spike,True
2013-01-16,23298,"BUNTING , SPOTTY ",product,revenue,267.51,53,,2.494,91.41,True,Medium,Spike,True
2014-03-29,23355,HOT WATER BOTTLE KEEP CALM,product,revenue,247.86,51,,2.494,74.74,True,Medium,Spike,True
2015-06-30,C2,,product,revenue,776.55,15,,2.494,260.79,True,Medium,Spike,False
2013-09-18,82486,3 DRAWER ANTIQUE WHITE WOOD CABINET,product,revenue,288.64,32,,2.496,83.99,True,Medium,Spike,False
2012-07-17,POST,,product,revenue,2299.46,55,,2.496,672.0,True,Medium,Spike,True
2012-04-24,21755,LOVE BUILDING BLOCK WORD,product,revenue,124.86,20,,2.497,45.84,True,Medium,Spike,False
2013-12-02,23355,HOT WATER BOTTLE KEEP CALM,product,revenue,213.35,43,,2.497,66.27,True,Medium,Spike,True
2012-01-23,48194,DOORMAT HEARTS,product,revenue,191.65,25,,2.498,63.72,True,Medium,Spike,False
2013-09-07,84879,damaged,product,revenue,102.04,62,,2.498,33.89,True,Medium,Spike,False
2014-02-10,84879,damaged,product,revenue,76.21,45,,2.498,25.08,True,Medium,Spike,False
2012-04-19,85123A,CREAM HANGING HEART T-LIGHT HOLDER,product,revenue,204.39,73,,2.499,68.82,True,Medium,Spike,False
2011-01-12,82486,3 DRAWER ANTIQUE WHITE WOOD CABINET,product,revenue,293.4,36,,2.5,78.19,True,Medium,Spike,False
2014-11-25,22720,,product,revenue,222.61,45,,2.503,80.6,True,Medium,Spike,False
2012-10-12,22846,BREAD BIN DINER STYLE RED ,product,revenue,464.28,29,,2.504,147.43,True,Medium,Spike,True
2013-03-30,85099B,JUMBO BAG RED RETROSPOT,product,revenue,124.67,63,,2.504,43.53,True,Medium,Spike,False
2014-04-15,85099B,JUMBO BAG RED RETROSPOT,product,revenue,122.34,61,,2.504,38.89,True,Medium,Spike,False
2011-02-12,85099B,JUMBO BAG RED RETROSPOT,product,revenue,903.2,490,,2.505,282.19,True,Medium,Spike,True
2011-11-08,21843,smashed,product,revenue,238.8,24,,2.506,61.91,True,Medium,Spike,False
2013-03-15,22847,,product,revenue,562.65,33,,2.506,198.46,True,Medium,Spike,True
2012-05-25,48187,DOORMAT NEW ENGLAND,product,revenue,264.25,35,,2.506,93.1,True,Medium,Spike,False
2013-08-05,22847,,product,revenue,734.39,45,,2.507,241.44,True,Medium,Spike,True
2015-09-08,21523,DOORMAT FANCY FONT HOME SWEET HOME,product,revenue,254.75,34,,2.51,92.41,True,Medium,Spike,False
2013-03-14,22086,PAPER CHAIN KIT 50'S CHRISTMAS ,product,revenue,83.16,27,,2.51,30.06,True,Medium,Spike,False
2011-02-03,22846,BREAD BIN DINER STYLE RED ,product,revenue,195.4,12,,2.51,52.17,True,Medium,Spike,False
2012-11-30,82484,WOOD BLACK BOARD ANT WHITE FINISH,product,revenue,449.94,63,,2.511,124.24,True,Medium,Spike,True
2014-03-11,C2,,product,revenue,1715.35,35,,2.511,534.93,True,Medium,Spike,True
2013-02-09,22457,NATURAL SLATE HEART CHALKBOARD ,product,revenue,130.14,45,,2.512,44.51,True,Medium,Spike,False
2011-05-10,21843,smashed,product,revenue,249.75,25,,2.513,69.87,True,Medium,Spike,False
2014-12-02,22139,amazon,product,revenue,214.54,42,,2.513,68.55,True,Medium,Spike,False
2014-05-14,21754,HOME BUILDING BLOCK WORD,product,revenue,182.99,31,,2.514,63.66,True,Medium,Spike,False
2013-10-28,22457,NATURAL SLATE HEART CHALKBOARD ,product,revenue,196.2,68,,2.514,48.59,True,Medium,Spike,True
2014-11-14,22605,WOODEN CROQUET GARDEN SET,product,revenue,407.12,28,,2.514,132.57,True,Medium,Spike,True
2012-10-27,POST,,product,revenue,2576.72,62,,2.514,873.09,True,Medium,Spike,True
2015-01-02,POST,,product,revenue,2097.61,51,,2.514,613.38,True,Medium,Spike,True
2014-06-11,21754,HOME BUILDING BLOCK WORD,product,revenue,337.66,56,,2.515,106.04,True,Medium,Spike,True
2013-08-15,22720,,product,revenue,282.96,57,,2.515,92.26,True,Medium,Spike,True
2014-05-06,23298,"BUNTING , SPOTTY ",product,revenue,341.3,69,,2.516,102.17,True,Medium,Spike,True
2015-02-24,47566,PARTY BUNTING,product,revenue,237.69,50,,2.516,89.17,True,Medium,Spike,False
2012-03-21,22423,damages,product,revenue,795.17,65,,2.518,262.45,True,Medium,Spike,False
2014-12-20,22423,damages,product,revenue,843.31,67,,2.52,290.05,True,Medium,Spike,False
2015-11-23,85066,CREAM SWEETHEART MINI CHEST,product,revenue,500.52,39,,2.52,156.25,True,Medium,Spike,True
2012-05-21,22720,,product,revenue,180.32,37,,2.521,63.9,True,Medium,Spike,False
2013-10-08,22457,NATURAL SLATE HEART CHALKBOARD ,product,revenue,214.02,75,,2.526,53.62,True,Medium,Spike,True
2012-12-20,22726,,product,revenue,187.37,49,,2.528,64.47,True,Medium,Spike,True
2012-02-13,22846,BREAD BIN DINER STYLE RED ,product,revenue,411.0,25,,2.529,127.76,True,Medium,Spike,False
2015-07-22,22727,ALARM CLOCK BAKELIKE RED ,product,revenue,187.77,50,,2.53,53.87,True,Medium,Spike,True
2012-10-08,22847,,product,revenue,660.36,41,,2.531,210.68,True,Medium,Spike,True
2015-11-11,85066,CREAM SWEETHEART MINI CHEST,product,revenue,446.26,34,,2.531,143.22,True,Medium,Spike,True
2015-12-28,21523,DOORMAT FANCY FONT HOME SWEET HOME,product,revenue,389.26,49,,2.536,122.74,True,Medium,Spike,True
2012-10-04,22720,,product,revenue,278.13,56,,2.536,87.29,True,Medium,Spike,True
2013-10-25,22625,,product,revenue,398.09,47,,2.537,116.22,True,Medium,Spike,True
2013-03-13,22776,SWEETHEART 3 TIER CAKE STAND ,product,revenue,489.36,48,,2.538,151.84,True,Medium,Spike,True
2012-02-17,47566,PARTY BUNTING,product,revenue,475.01,101,,2.539,122.5,True,Medium,Spike,True
2012-01-02,POST,,product,price,41.74,12,,2.539,22.05,True,Medium,Spike,False
2014-01-24,21755,LOVE BUILDING BLOCK WORD,product,revenue,190.7,32,,2.54,58.6,True,Medium,Spike,False
2011-04-10,22086,PAPER CHAIN KIT 50'S CHRISTMAS ,product,revenue,1892.7,730,,2.54,393.71,True,Medium,Spike,True
2012-06-16,47566,PARTY BUNTING,product,revenue,570.92,118,,2.54,120.32,True,Medium,Spike,True
2014-12-22,22727,ALARM CLOCK BAKELIKE RED ,product,revenue,172.69,47,,2.541,56.73,True,Medium,Spike,False
2014-02-17,POST,,product,revenue,2856.0,65,,2.541,882.18,True,Medium,Spike,True
2014-02-25,22423,damages,product,revenue,698.63,57,,2.542,252.95,True,Medium,Spike,False
2014-06-26,21755,LOVE BUILDING BLOCK WORD,product,revenue,247.56,40,,2.543,81.55,True,Medium,Spike,True
2012-08-31,22624,IVORY KITCHEN SCALES,product,revenue,423.4,48,,2.543,130.77,True,Medium,Spike,True
2014-02-24,84879,damaged,product,revenue,93.7,57,,2.543,29.38,True,Medium,Spike,False
2013-08-12,85066,CREAM SWEETHEART MINI CHEST,product,revenue,687.99,57,,2.543,173.47,True,Medium,Spike,True
2012-01-04,21755,LOVE BUILDING BLOCK WORD,product,revenue,329.4,54,,2.544,67.49,True,Medium,Spike,True
2011-12-10,POST,,product,revenue,780.5,27,,2.545,246.11,True,Medium,Spike,False
2015-10-30,22457,NATURAL SLATE HEART CHALKBOARD ,product,revenue,218.77,75,,2.546,59.18,True,Medium,Spike,True
2012-10-17,22605,WOODEN CROQUET GARDEN SET,product,revenue,384.98,27,,2.547,115.93,True,Medium,Spike,True
2013-12-30,22846,BREAD BIN DINER STYLE RED ,product,revenue,796.94,49,,2.547,220.02,True,Medium,Spike,True
2014-04-02,79321,,product,revenue,148.84,28,,2.547,50.08,True,Medium,Spike,False
2011-01-08,85066,CREAM SWEETHEART MINI CHEST,product,revenue,413.85,35,,2.547,115.28,True,Medium,Spike,True
2014-03-18,22086,PAPER CHAIN KIT 50'S CHRISTMAS ,product,revenue,171.41,61,,2.548,47.83,True,Medium,Spike,False
2014-10-01,82483,crushed,product,revenue,223.41,33,,2.549,67.09,True,Medium,Spike,True
2011-11-09,22720,,product,revenue,274.6,60,,2.55,103.32,True,Medium,Spike,True
2014-04-07,POST,,product,revenue,2699.8,62,,2.551,694.31,True,Medium,Spike,True
2013-04-20,22111,SCOTTIE DOG HOT WATER BOTTLE,product,revenue,355.6,70,,2.552,107.2,True,Medium,Spike,True
2013-08-26,22720,,product,revenue,255.68,53,,2.552,80.96,True,Medium,Spike,True
2013-05-04,23298,"BUNTING , SPOTTY ",product,revenue,297.76,60,,2.552,95.0,True,Medium,Spike,True
2012-12-15,22111,SCOTTIE DOG HOT WATER BOTTLE,product,revenue,300.69,63,,2.553,88.92,True,Medium,Spike,True
2015-12-29,23284,,product,revenue,508.29,66,,2.553,162.93,True,Medium,Spike,True
2014-07-26,82486,3 DRAWER ANTIQUE WHITE WOOD CABINET,product,revenue,362.8,40,,2.553,110.48,True,Medium,Spike,True
2012-02-28,85099B,JUMBO BAG RED RETROSPOT,product,revenue,165.86,80,,2.554,52.02,True,Medium,Spike,True
2014-10-31,85066,CREAM SWEETHEART MINI CHEST,product,revenue,549.11,43,,2.555,170.25,True,Medium,Spike,True
2015-05-13,POST,,product,revenue,2844.94,69,,2.555,840.35,True,Medium,Spike,True
2011-05-12,22139,amazon,product,price,6.542727272727273,22,,2.555,5.06,True,Medium,Spike,True
2012-06-09,22193,RED DINER WALL CLOCK,product,revenue,443.37,51,,2.558,123.91,True,Medium,Spike,True
2011-07-11,22112,CHOCOLATE HOT WATER BOTTLE,product,revenue,484.2,108,,2.559,113.49,True,Medium,Spike,True
2013-02-16,22487,WHITE WOOD GARDEN PLANT LADDER,product,revenue,293.19,29,,2.559,96.42,True,Medium,Spike,True
2012-10-23,21754,HOME BUILDING BLOCK WORD,product,revenue,302.76,51,,2.56,87.4,True,Medium,Spike,True
2012-02-18,85066,CREAM SWEETHEART MINI CHEST,product,revenue,364.56,28,,2.56,106.64,True,Medium,Spike,False
2012-11-19,22111,SCOTTIE DOG HOT WATER BOTTLE,product,revenue,279.07,59,,2.561,89.38,True,Medium,Spike,True
2012-06-29,85099B,JUMBO BAG RED RETROSPOT,product,revenue,159.26,81,,2.561,56.93,True,Medium,Spike,True
2013-04-19,22847,,product,revenue,655.48,40,,2.562,202.77,True,Medium,Spike,True
2014-06-23,22086,PAPER CHAIN KIT 50'S CHRISTMAS ,product,revenue,194.97,67,,2.567,64.77,True,Medium,Spike,True
2014-03-05,22727,ALARM CLOCK BAKELIKE RED ,product,revenue,262.08,72,,2.567,63.88,True,Medium,Spike,True
2011-06-05,23298,"BUNTING , SPOTTY ",product,revenue,639.65,147,,2.568,186.22,True,Medium,Spike,True
2012-08-10,48138,DOORMAT UNION FLAG,product,revenue,290.16,36,,2.569,95.13,True,Medium,Spike,True
2014-01-31,21754,HOME BUILDING BLOCK WORD,product,revenue,343.75,55,,2.57,101.65,True,Medium,Spike,True
2012-08-10,82483,crushed,product,revenue,262.76,38,,2.57,82.82,True,Medium,Spike,True
2014-09-27,82486,3 DRAWER ANTIQUE WHITE WOOD CABINET,product,revenue,209.76,24,,2.57,73.12,True,Medium,Spike,False
2011-02-09,82484,WOOD BLACK BOARD ANT WHITE FINISH,product,revenue,1681.5,334,,2.571,267.72,True,Medium,Spike,True
2014-01-22,84879,damaged,product,price,1.76,24,,2.571,1.68,True,Medium,Spike,False
2012-12-04,22423,damages,product,revenue,1224.65,95,,2.572,354.35,True,Medium,Spike,True
2015-08-05,22193,RED DINER WALL CLOCK,product,revenue,200.16,23,,2.573,74.62,True,Medium,Spike,False
2013-02-13,85099B,JUMBO BAG RED RETROSPOT,product,revenue,185.26,90,,2.573,44.86,True,Medium,Spike,True
2014-10-13,22423,damages,product,revenue,708.88,56,,2.574,261.35,True,Medium,Spike,False
2012-06-12,22847,,product,revenue,712.81,44,,2.575,201.24,True,Medium,Spike,True
2012-09-26,22624,IVORY KITCHEN SCALES,product,revenue,447.06,51,,2.578,119.03,True,Medium,Spike,True
2012-01-20,22726,,product,revenue,203.17,53,,2.578,64.51,True,Medium,Spike,True
2014-01-31,21755,LOVE BUILDING BLOCK WORD,product,revenue,223.11,37,,2.579,64.68,True,Medium,Spike,True
2015-02-21,22112,CHOCOLATE HOT WATER BOTTLE,product,revenue,178.02,35,,2.579,46.83,True,Medium,Spike,False
2013-01-09,22727,ALARM CLOCK BAKELIKE RED ,product,revenue,152.32,41,,2.579,52.76,True,Medium,Spike,False
2014-12-17,21755,LOVE BUILDING BLOCK WORD,product,price,6.32,5,,2.579,5.97,True,Medium,Spike,False
2013-01-03,22112,CHOCOLATE HOT WATER BOTTLE,product,revenue,273.12,54,,2.58,80.57,True,Medium,Spike,True
2014-06-05,POST,,product,revenue,2173.83,53,,2.58,714.8,True,Medium,Spike,True
2014-07-01,22086,PAPER CHAIN KIT 50'S CHRISTMAS ,product,revenue,209.58,73,,2.581,68.37,True,Medium,Spike,True
2014-06-20,48187,DOORMAT NEW ENGLAND,product,revenue,329.54,43,,2.581,97.69,True,Medium,Spike,True
2015-06-08,22720,,product,revenue,298.52,62,,2.582,85.23,True,Medium,Spike,True
2014-03-21,22423,damages,product,revenue,823.52,66,,2.586,257.06,True,Medium,Spike,False
2015-06-26,22847,,product,revenue,932.25,55,,2.586,254.27,True,Medium,Spike,True
2012-12-20,21754,HOME BUILDING BLOCK WORD,product,revenue,367.6,60,,2.587,105.76,True,Medium,Spike,True
2012-05-04,22086,PAPER CHAIN KIT 50'S CHRISTMAS ,product,revenue,230.1,77,,2.587,54.15,True,Medium,Spike,True
2014-01-16,22112,CHOCOLATE HOT WATER BOTTLE,product,revenue,415.07,86,,2.587,89.31,True,Medium,Spike,True
2013-12-19,22847,,product,revenue,644.19,39,,2.587,203.44,True,Medium,Spike,True
2012-04-21,84879,damaged,product,revenue,145.3,87,,2.59,42.3,True,Medium,Spike,True
2015-01-27,22726,,product,revenue,252.7,70,,2.591,75.3,True,Medium,Spike,True
2012-12-07,23245,SET OF 3 REGENCY CAKE TINS,product,revenue,247.0,52,,2.591,70.69,True,Medium,Spike,True
2015-08-26,22139,amazon,product,revenue,225.04,46,,2.592,58.49,True,Medium,Spike,True
2014-07-14,47566,PARTY BUNTING,product,revenue,336.1,67,,2.592,125.35,True,Medium,Spike,True
2013-05-20,85099B,JUMBO BAG RED RETROSPOT,product,revenue,174.39,87,,2.592,55.38,True,Medium,Spike,True
2015-06-09,21621,,product,revenue,329.94,39,,2.595,99.21,True,Medium,Spike,True
2014-02-15,21843,smashed,product,revenue,376.56,36,,2.596,127.39,True,Medium,Spike,True
2013-12-13,23298,"BUNTING , SPOTTY ",product,revenue,331.07,68,,2.596,93.95,True,Medium,Spike,True
2013-03-18,85123A,CREAM HANGING HEART T-LIGHT HOLDER,product,revenue,201.08,72,,2.596,76.49,True,Medium,Spike,False
2012-11-02,22139,amazon,product,revenue,176.86,37,,2.597,53.69,True,Medium,Spike,False
2013-06-13,22726,,product,revenue,169.34,46,,2.598,54.76,True,Medium,Spike,False
2012-09-28,21754,HOME BUILDING BLOCK WORD,product,revenue,280.77,49,,2.6,73.91,True,Medium,Spike,True
2012-11-12,48187,DOORMAT NEW ENGLAND,product,revenue,441.62,56,,2.6,113.41,True,Medium,Spike,True
2013-01-29,22457,NATURAL SLATE HEART CHALKBOARD ,product,revenue,125.48,43,,2.601,42.57,True,Medium,Spike,False
2014-08-20,85123A,CREAM HANGING HEART T-LIGHT HOLDER,product,revenue,219.07,78,,2.603,74.44,True,Medium,Spike,False
2013-11-07,21523,DOORMAT FANCY FONT HOME SWEET HOME,product,revenue,290.54,39,,2.604,84.26,True,Medium,Spike,True
2011-11-08,22487,WHITE WOOD GARDEN PLANT LADDER,product,revenue,87.9,10,,2.604,32.42,True,Medium,Spike,False
2012-08-30,21754,HOME BUILDING BLOCK WORD,product,revenue,259.56,42,,2.607,72.09,True,Medium,Spike,True
2011-05-10,23284,,product,revenue,1498.5,210,,2.607,319.78,True,Medium,Spike,True
2015-02-06,82484,WOOD BLACK BOARD ANT WHITE FINISH,product,revenue,435.68,57,,2.607,139.93,True,Medium,Spike,True
2015-10-03,POST,,product,revenue,2344.98,58,,2.607,673.48,True,Medium,Spike,True
2012-12-28,23284,,product,revenue,297.6,37,,2.608,115.24,True,Medium,Spike,False
2013-03-05,84879,damaged,product,revenue,93.81,56,,2.608,26.58,True,Medium,Spike,False
2012-06-07,21523,DOORMAT FANCY FONT HOME SWEET HOME,product,price,8.17,12,,2.608,7.7,True,Medium,Spike,False
2011-05-10,,,overall,revenue,73238.32,45597,2058.0,2.609,30301.32,True,Medium,Spike,True
2015-02-19,22111,SCOTTIE DOG HOT WATER BOTTLE,product,revenue,262.16,56,,2.609,86.67,True,Medium,Spike,True
2012-02-29,22457,NATURAL SLATE HEART CHALKBOARD ,product,revenue,114.76,38,,2.609,39.88,True,Medium,Spike,False
2013-08-03,47566,PARTY BUNTING,product,revenue,401.58,81,,2.609,109.97,True,Medium,Spike,True
2014-02-25,85066,CREAM SWEETHEART MINI CHEST,product,revenue,436.23,35,,2.609,158.83,True,Medium,Spike,True
2013-12-27,22424,ENAMEL BREAD BIN CREAM,product,revenue,389.18,31,,2.61,135.86,True,Medium,Spike,True
2013-07-01,85066,CREAM SWEETHEART MINI CHEST,product,revenue,805.13,64,,2.61,200.33,True,Medium,Spike,True
2012-07-17,22086,PAPER CHAIN KIT 50'S CHRISTMAS ,product,revenue,272.13,96,,2.611,83.16,True,Medium,Spike,True
2015-11-03,22112,CHOCOLATE HOT WATER BOTTLE,product,revenue,248.43,49,,2.611,63.35,True,Medium,Spike,True
2013-06-22,22726,,product,revenue,220.04,59,,2.611,68.23,True,Medium,Spike,True
2013-11-08,20685,DOORMAT RED RETROSPOT,product,revenue,464.08,60,,2.612,120.68,True,Medium,Spike,True
2013-08-02,22960,JAM MAKING SET WITH JARS,product,revenue,247.99,62,,2.612,71.16,True,Medium,Spike,True
2012-10-20,23298,"BUNTING , SPOTTY ",product,revenue,299.14,60,,2.614,79.04,True,Medium,Spike,True
2015-07-29,22846,BREAD BIN DINER STYLE RED ,product,revenue,604.84,36,,2.616,183.95,True,Medium,Spike,True
2013-04-24,82483,crushed,product,revenue,259.67,39,,2.616,80.83,True,Medium,Spike,True
2013-12-21,22487,WHITE WOOD GARDEN PLANT LADDER,product,revenue,443.97,45,,2.617,129.19,True,Medium,Spike,True
2015-02-09,22720,,product,revenue,404.48,83,,2.617,103.4,True,Medium,Spike,True
2015-11-07,85099B,JUMBO BAG RED RETROSPOT,product,revenue,125.13,61,,2.618,41.67,True,Medium,Spike,False
2014-02-27,22139,amazon,product,revenue,232.87,47,,2.619,68.54,True,Medium,Spike,True
2014-01-18,22424,ENAMEL BREAD BIN CREAM,product,revenue,424.19,33,,2.619,133.8,True,Medium,Spike,True
2013-10-31,23284,,product,revenue,561.6,70,,2.619,138.41,True,Medium,Spike,True
2012-10-03,,,overall,revenue,31178.17,5009,528.0,2.62,15324.24,True,Medium,Spike,False
2014-12-12,85099B,JUMBO BAG RED RETROSPOT,product,revenue,176.99,85,,2.62,55.79,True,Medium,Spike,True
2014-05-15,85123A,CREAM HANGING HEART T-LIGHT HOLDER,product,revenue,216.99,74,,2.62,73.61,True,Medium,Spike,False
2014-08-28,22423,damages,product,revenue,1646.78,136,,2.621,518.76,True,Medium,Spike,True
2011-02-12,22112,CHOCOLATE HOT WATER BOTTLE,product,revenue,539.7,126,,2.622,177.19,True,Medium,Spike,True
2015-12-21,22960,JAM MAKING SET WITH JARS,product,revenue,185.58,44,,2.622,61.81,True,Medium,Spike,False
2015-10-09,82483,crushed,product,revenue,220.32,34,,2.622,80.47,True,Medium,Spike,True
2011-10-05,21621,,product,revenue,306.0,36,,2.623,73.98,True,Medium,Spike,True
2012-03-30,21523,DOORMAT FANCY FONT HOME SWEET HOME,product,revenue,387.09,51,,2.624,82.05,True,Medium,Spike,True
2014-11-06,85099B,JUMBO BAG RED RETROSPOT,product,revenue,149.17,75,,2.624,48.6,True,Medium,Spike,False
2015-09-12,85123A,CREAM HANGING HEART T-LIGHT HOLDER,product,revenue,269.35,92,,2.624,103.62,True,Medium,Spike,True
2015-12-16,23298,"BUNTING , SPOTTY ",product,revenue,372.71,76,,2.625,117.51,True,Medium,Spike,True
2013-06-24,21523,DOORMAT FANCY FONT HOME SWEET HOME,product,revenue,350.21,45,,2.626,111.02,True,Medium,Spike,True
2012-09-07,79321,,product,revenue,213.54,38,,2.626,60.52,True,Medium,Spike,True
2012-01-18,22139,amazon,product,revenue,437.14,88,,2.627,104.45,True,Medium,Spike,True
2012-09-13,48138,DOORMAT UNION FLAG,product,revenue,339.47,43,,2.628,107.4,True,Medium,Spike,True
2015-11-17,22423,damages,product,revenue,1040.06,84,,2.631,332.3,True,Medium,Spike,True
2014-12-09,POST,,product,revenue,2478.99,59,,2.631,832.86,True,Medium,Spike,True
2015-06-08,,,overall,revenue,32165.16,11270,1217.0,2.632,18066.99,True,Medium,Spike,False
2014-08-05,82483,crushed,product,revenue,335.48,50,,2.632,92.34,True,Medium,Spike,True
2015-11-03,85099B,JUMBO BAG RED RETROSPOT,product,revenue,108.72,53,,2.635,36.63,True,Medium,Spike,False
2015-03-11,POST,,product,revenue,1655.26,39,,2.637,489.48,True,Medium,Spike,False
2015-08-19,22720,,product,revenue,321.74,65,,2.638,94.62,True,Medium,Spike,True
2014-11-28,22111,SCOTTIE DOG HOT WATER BOTTLE,product,revenue,275.08,56,,2.639,88.07,True,Medium,Spike,True
2013-05-01,82486,3 DRAWER ANTIQUE WHITE WOOD CABINET,product,revenue,653.96,74,,2.641,150.39,True,Medium,Spike,True
2011-02-12,84879,damaged,product,revenue,761.44,496,,2.642,206.44,True,Medium,Spike,True
2013-09-19,84879,damaged,product,revenue,115.24,67,,2.642,33.85,True,Medium,Spike,False
2012-11-16,82484,WOOD BLACK BOARD ANT WHITE FINISH,product,revenue,420.36,56,,2.643,119.12,True,Medium,Spike,True
2012-07-12,79321,,product,revenue,142.62,27,,2.644,50.54,True,Medium,Spike,False
2012-06-27,22847,,product,revenue,799.9,47,,2.645,216.68,True,Medium,Spike,True
2012-08-21,48194,DOORMAT HEARTS,product,revenue,328.7,41,,2.645,97.4,True,Medium,Spike,True
2015-09-04,22960,JAM MAKING SET WITH JARS,product,revenue,214.44,50,,2.648,73.1,True,Medium,Spike,True
2014-09-15,85123A,CREAM HANGING HEART T-LIGHT HOLDER,product,revenue,274.39,97,,2.65,78.77,True,Medium,Spike,True
2013-09-07,22625,,product,revenue,274.0,32,,2.651,88.54,True,Medium,Spike,False
2013-12-28,M,Manual,product,revenue,6010.91,45,,2.651,1579.24,True,Medium,Spike,True
2014-05-14,POST,,product,revenue,2548.16,61,,2.651,770.09,True,Medium,Spike,True
2014-06-17,22960,JAM MAKING SET WITH JARS,product,revenue,153.47,36,,2.652,50.06,True,Medium,Spike,False
2012-06-30,82483,crushed,product,revenue,256.62,39,,2.652,79.92,True,Medium,Spike,True
2015-11-20,79321,,product,revenue,189.72,34,,2.654,53.88,True,Medium,Spike,False
2012-11-16,22138,BAKING SET 9 PIECE RETROSPOT ,product,revenue,266.76,54,,2.655,72.21,True,Medium,Spike,True
2012-11-24,23298,"BUNTING , SPOTTY ",product,revenue,282.49,58,,2.656,82.01,True,Medium,Spike,True
2013-05-01,23245,SET OF 3 REGENCY CAKE TINS,product,revenue,345.63,69,,2.658,81.2,True,Medium,Spike,True
2015-04-14,48138,DOORMAT UNION FLAG,product,revenue,312.56,40,,2.658,84.35,True,Medium,Spike,True
2012-12-21,79321,,product,revenue,320.11,60,,2.658,84.03,True,Medium,Spike,True
2015-08-18,22423,damages,product,revenue,862.51,70,,2.661,244.48,True,Medium,Spike,False
2013-11-07,22726,,product,revenue,194.74,52,,2.661,60.34,True,Medium,Spike,True
2014-09-30,84879,damaged,product,revenue,123.84,72,,2.662,39.74,True,Medium,Spike,True
2015-04-06,22720,,product,revenue,275.21,58,,2.663,80.9,True,Medium,Spike,True
2014-01-14,82484,WOOD BLACK BOARD ANT WHITE FINISH,product,revenue,291.23,39,,2.663,102.72,True,Medium,Spike,True
2015-06-23,82483,crushed,product,revenue,329.36,50,,2.665,82.3,True,Medium,Spike,True
2015-01-22,79321,,product,revenue,448.12,86,,2.666,99.08,True,Medium,Spike,True
2012-07-28,22139,amazon,product,revenue,310.7,62,,2.667,77.13,True,Medium,Spike,True
2012-03-26,22720,,product,revenue,243.74,49,,2.672,94.13,True,Medium,Spike,True
2014-01-06,47566,PARTY BUNTING,product,revenue,440.76,88,,2.672,107.51,True,Medium,Spike,True
2014-07-16,48187,DOORMAT NEW ENGLAND,product,revenue,412.96,52,,2.674,118.85,True,Medium,Spike,True
2013-12-04,21754,HOME BUILDING BLOCK WORD,product,revenue,330.52,57,,2.675,94.9,True,Medium,Spike,True
2014-12-04,22193,RED DINER WALL CLOCK,product,revenue,447.81,55,,2.675,127.4,True,Medium,Spike,True
2012-05-21,22457,NATURAL SLATE HEART CHALKBOARD ,product,revenue,227.6,78,,2.675,64.63,True,Medium,Spike,True
2013-03-25,84879,damaged,product,revenue,104.19,61,,2.675,29.74,True,Medium,Spike,False
2012-12-28,22424,ENAMEL BREAD BIN CREAM,product,revenue,555.14,45,,2.677,152.63,True,Medium,Spike,True
2011-10-05,21754,HOME BUILDING BLOCK WORD,product,revenue,181.4,32,,2.679,53.38,True,Medium,Spike,False
2015-04-16,22726,,product,revenue,136.08,36,,2.679,47.4,True,Medium,Spike,False
2013-03-30,48138,DOORMAT UNION FLAG,product,revenue,229.33,30,,2.679,79.24,True,Medium,Spike,False
2013-07-18,22086,PAPER CHAIN KIT 50'S CHRISTMAS ,product,revenue,192.6,65,,2.681,60.51,True,Medium,Spike,True
2013-06-21,22726,,product,revenue,198.96,53,,2.682,63.27,True,Medium,Spike,True
2012-10-11,20685,DOORMAT RED RETROSPOT,product,revenue,416.9,55,,2.683,137.54,True,Medium,Spike,True
2012-05-12,48194,DOORMAT HEARTS,product,revenue,349.2,45,,2.683,105.17,True,Medium,Spike,True
2014-06-27,82484,WOOD BLACK BOARD ANT WHITE FINISH,product,revenue,380.46,51,,2.683,115.8,True,Medium,Spike,True
2014-07-11,22193,RED DINER WALL CLOCK,product,revenue,412.07,47,,2.685,114.45,True,Medium,Spike,True
2011-07-06,48187,DOORMAT NEW ENGLAND,product,revenue,931.9,202,,2.686,146.75,True,Medium,Spike,True
2014-03-24,23298,"BUNTING , SPOTTY ",product,revenue,287.94,58,,2.687,85.99,True,Medium,Spike,True
2013-10-18,22423,damages,product,revenue,918.96,73,,2.688,326.43,True,Medium,Spike,False
2015-03-23,47566,PARTY BUNTING,product,revenue,257.94,52,,2.688,87.21,True,Medium,Spike,False
2012-05-23,48187,DOORMAT NEW ENGLAND,product,revenue,248.71,32,,2.688,86.93,True,Medium,Spike,False
2014-09-05,POST,,product,revenue,2703.36,64,,2.689,792.41,True,Medium,Spike,True
2013-03-25,,,overall,revenue,27742.02,8171,884.0,2.69,13448.89,True,Medium,Spike,False
2013-03-15,22111,SCOTTIE DOG HOT WATER BOTTLE,product,revenue,272.18,53,,2.69,75.2,True,Medium,Spike,True
2013-04-29,85123A,CREAM HANGING HEART T-LIGHT HOLDER,product,revenue,212.24,72,,2.69,61.13,True,Medium,Spike,False
2015-11-07,48187,DOORMAT NEW ENGLAND,product,revenue,291.93,37,,2.691,85.68,True,Medium,Spike,True
2012-11-01,79321,,product,revenue,195.3,37,,2.692,50.53,True,Medium,Spike,False
2014-03-26,23355,HOT WATER BOTTLE KEEP CALM,product,revenue,245.37,51,,2.693,72.37,True,Medium,Spike,True
2014-07-25,21754,HOME BUILDING BLOCK WORD,product,revenue,331.88,54,,2.694,84.7,True,Medium,Spike,True
2013-07-02,22625,,product,revenue,268.15,32,,2.694,87.68,True,Medium,Spike,False
2013-08-13,20685,DOORMAT RED RETROSPOT,product,revenue,507.86,67,,2.696,145.2,True,Medium,Spike,True
2015-09-10,48194,DOORMAT HEARTS,product,revenue,363.68,45,,2.696,110.55,True,Medium,Spike,True
2015-11-18,85123A,CREAM HANGING HEART T-LIGHT HOLDER,product,revenue,266.45,94,,2.699,87.93,True,Medium,Spike,True
2015-12-12,22726,,product,revenue,161.47,43,,2.7,52.54,True,Medium,Spike,False
2015-09-12,22847,,product,revenue,590.82,36,,2.7,164.22,True,Medium,Spike,True
2011-08-06,47566,PARTY BUNTING,product,revenue,1163.55,269,,2.7,263.75,True,Medium,Spike,True
2012-10-01,22139,amazon,product,revenue,181.02,36,,2.701,56.65,True,Medium,Spike,False
2011-01-09,22457,NATURAL SLATE HEART CHALKBOARD ,product,revenue,198.2,68,,2.702,81.16,True,Medium,Spike,True
2015-01-14,82486,3 DRAWER ANTIQUE WHITE WOOD CABINET,product,revenue,533.25,62,,2.702,151.65,True,Medium,Spike,True
2013-03-09,22423,damages,product,revenue,746.67,59,,2.703,202.17,True,Medium,Spike,False
2014-05-19,22487,WHITE WOOD GARDEN PLANT LADDER,product,revenue,259.47,27,,2.704,100.2,True,Medium,Spike,False
2013-03-30,22625,,product,revenue,415.44,49,,2.704,109.05,True,Medium,Spike,True
2015-12-02,79321,,product,revenue,203.42,38,,2.705,55.38,True,Medium,Spike,False
2012-02-03,22423,damages,product,revenue,1083.84,88,,2.706,332.06,True,Medium,Spike,True
2015-09-05,M,Manual,product,revenue,3294.0,24,,2.706,1233.98,True,Medium,Spike,True
2014-10-11,22624,IVORY KITCHEN SCALES,product,revenue,438.18,53,,2.707,140.85,True,Medium,Spike,True
2014-05-10,48194,DOORMAT HEARTS,product,revenue,312.83,41,,2.707,98.46,True,Medium,Spike,True
2012-04-20,85099B,JUMBO BAG RED RETROSPOT,product,revenue,184.11,90,,2.707,48.57,True,Medium,Spike,True
2011-07-06,21523,DOORMAT FANCY FONT HOME SWEET HOME,product,revenue,923.95,201,,2.708,127.24,True,Medium,Spike,True
2015-09-15,23298,"BUNTING , SPOTTY ",product,revenue,251.18,50,,2.708,74.59,True,Medium,Spike,False
2013-04-01,85099B,JUMBO BAG RED RETROSPOT,product,revenue,146.09,73,,2.708,45.86,True,Medium,Spike,False
2012-08-02,22625,,product,revenue,312.94,37,,2.71,91.53,True,Medium,Spike,True
2015-09-29,22847,,product,revenue,677.04,40,,2.71,177.35,True,Medium,Spike,True
2012-10-23,47566,PARTY BUNTING,product,revenue,313.05,64,,2.71,100.22,True,Medium,Spike,True
2011-05-12,21621,,product,price,9.51625,8,,2.71,8.41,True,Medium,Spike,True
2012-04-06,22457,NATURAL SLATE HEART CHALKBOARD ,product,revenue,137.28,48,,2.711,44.77,True,Medium,Spike,False
2013-08-26,,,overall,revenue,30693.97,7525,826.0,2.712,17139.71,True,Medium,Spike,False
2014-05-01,48187,DOORMAT NEW ENGLAND,product,revenue,267.3,33,,2.712,87.5,True,Medium,Spike,False
2012-07-04,23355,HOT WATER BOTTLE KEEP CALM,product,revenue,219.44,46,,2.713,73.54,True,Medium,Spike,True
2013-03-15,22726,,product,revenue,238.51,61,,2.714,72.78,True,Medium,Spike,True
2012-07-13,22776,SWEETHEART 3 TIER CAKE STAND ,product,revenue,606.55,62,,2.714,173.31,True,Medium,Spike,True
2013-12-28,48194,DOORMAT HEARTS,product,revenue,391.31,50,,2.714,88.44,True,Medium,Spike,True
2014-08-30,22960,JAM MAKING SET WITH JARS,product,revenue,344.46,82,,2.715,79.13,True,Medium,Spike,True
2014-04-22,84879,damaged,product,revenue,110.4,66,,2.715,33.5,True,Medium,Spike,False
2013-02-01,48187,DOORMAT NEW ENGLAND,product,revenue,296.34,38,,2.717,89.78,True,Medium,Spike,True
2012-10-22,22086,PAPER CHAIN KIT 50'S CHRISTMAS ,product,revenue,223.37,75,,2.718,51.28,True,Medium,Spike,True
2012-06-05,22193,RED DINER WALL CLOCK,product,revenue,408.65,49,,2.718,110.87,True,Medium,Spike,True
2015-12-07,82486,3 DRAWER ANTIQUE WHITE WOOD CABINET,product,revenue,250.1,28,,2.72,75.52,True,Medium,Spike,False
2013-12-02,22727,ALARM CLOCK BAKELIKE RED ,product,revenue,256.28,70,,2.722,67.27,True,Medium,Spike,True
2012-06-06,20685,DOORMAT RED RETROSPOT,product,revenue,432.48,58,,2.723,106.41,True,Medium,Spike,True
2012-04-06,22846,BREAD BIN DINER STYLE RED ,product,revenue,498.0,30,,2.723,181.49,True,Medium,Spike,True
2014-05-01,22960,JAM MAKING SET WITH JARS,product,revenue,147.04,35,,2.724,45.96,True,Medium,Spike,False
2013-07-30,22139,amazon,product,revenue,276.66,54,,2.725,85.31,True,Medium,Spike,True
2015-05-25,82484,WOOD BLACK BOARD ANT WHITE FINISH,product,revenue,324.61,43,,2.726,90.97,True,Medium,Spike,True
2012-01-31,POST,,product,revenue,2243.71,52,,2.728,611.58,True,Medium,Spike,True
2013-06-10,21755,LOVE BUILDING BLOCK WORD,product,revenue,248.7,41,,2.729,76.17,True,Medium,Spike,True
2012-03-02,22726,,product,revenue,187.19,49,,2.73,50.0,True,Medium,Spike,True
2015-12-23,22625,,product,revenue,574.93,68,,2.731,151.18,True,Medium,Spike,True
2012-09-20,22727,ALARM CLOCK BAKELIKE RED ,product,revenue,204.05,55,,2.731,64.03,True,Medium,Spike,True
2012-03-09,22847,,product,revenue,644.94,41,,2.732,161.99,True,Medium,Spike,True
2013-08-17,22487,WHITE WOOD GARDEN PLANT LADDER,product,revenue,838.04,82,,2.733,175.99,True,Medium,Spike,True
2013-02-09,22625,,product,revenue,279.04,32,,2.733,88.54,True,Medium,Spike,False
2014-09-09,22625,,product,revenue,520.2,60,,2.733,149.59,True,Medium,Spike,True
2013-06-17,22193,RED DINER WALL CLOCK,product,revenue,302.14,35,,2.734,99.07,True,Medium,Spike,True
2013-05-27,84879,damaged,product,revenue,128.99,76,,2.734,40.49,True,Medium,Spike,True
2013-04-18,22720,,product,revenue,201.3,42,,2.735,61.13,True,Medium,Spike,False
2011-05-01,21754,HOME BUILDING BLOCK WORD,product,revenue,226.1,38,,2.736,65.69,True,Medium,Spike,False
2013-07-01,23284,,product,revenue,384.42,49,,2.738,109.53,True,Medium,Spike,True
2013-07-01,85123A,CREAM HANGING HEART T-LIGHT HOLDER,product,revenue,294.5,103,,2.739,87.9,True,Medium,Spike,True
2011-05-05,85123A,CREAM HANGING HEART T-LIGHT HOLDER,product,revenue,1092.3,418,,2.742,272.9,True,Medium,Spike,True
2012-03-22,22727,ALARM CLOCK BAKELIKE RED ,product,revenue,201.96,54,,2.743,55.18,True,Medium,Spike,True
2012-05-31,23245,SET OF 3 REGENCY CAKE TINS,product,revenue,252.5,50,,2.743,80.63,True,Medium,Spike,True
2015-11-13,84879,damaged,product,revenue,81.67,48,,2.743,29.67,True,Medium,Spike,False
2014-10-29,22423,damages,product,revenue,795.53,63,,2.744,291.15,True,Medium,Spike,False
2012-05-01,21755,LOVE BUILDING BLOCK WORD,product,revenue,188.78,31,,2.745,55.94,True,Medium,Spike,False
2012-06-21,22086,PAPER CHAIN KIT 50'S CHRISTMAS ,product,revenue,245.89,84,,2.745,71.17,True,Medium,Spike,True
2014-10-17,22086,PAPER CHAIN KIT 50'S CHRISTMAS ,product,revenue,138.78,48,,2.745,41.09,True,Medium,Spike,False
2011-02-06,22776,SWEETHEART 3 TIER CAKE STAND ,product,revenue,224.1,25,,2.746,61.03,True,Medium,Spike,False
2011-10-11,82486,3 DRAWER ANTIQUE WHITE WOOD CABINET,product,revenue,151.5,18,,2.747,51.46,True,Medium,Spike,False
2012-10-08,22086,PAPER CHAIN KIT 50'S CHRISTMAS ,product,revenue,115.16,39,,2.75,33.75,True,Medium,Spike,False
2014-10-24,84879,damaged,product,revenue,144.41,85,,2.751,42.1,True,Medium,Spike,True
2014-06-21,84879,damaged,product,revenue,77.31,47,,2.752,24.52,True,Medium,Spike,False
2011-11-01,21755,LOVE BUILDING BLOCK WORD,product,revenue,124.85,20,,2.753,39.69,True,Medium,Spike,False
2015-03-02,48187,DOORMAT NEW ENGLAND,product,revenue,320.46,42,,2.755,90.59,True,Medium,Spike,True
2013-04-16,22139,amazon,product,revenue,282.78,57,,2.756,88.43,True,Medium,Spike,True
2012-09-05,22193,RED DINER WALL CLOCK,product,revenue,353.9,41,,2.758,116.85,True,Medium,Spike,True
2015-07-04,22960,JAM MAKING SET WITH JARS,product,revenue,229.51,56,,2.758,66.77,True,Medium,Spike,True
2015-07-07,21754,HOME BUILDING BLOCK WORD,product,revenue,282.5,47,,2.759,89.48,True,Medium,Spike,True
2013-12-20,85123A,CREAM HANGING HEART T-LIGHT HOLDER,product,revenue,246.01,83,,2.759,81.62,True,Medium,Spike,False
2013-05-31,23245,SET OF 3 REGENCY CAKE TINS,product,revenue,416.52,83,,2.76,100.9,True,Medium,Spike,True
2015-06-27,22111,SCOTTIE DOG HOT WATER BOTTLE,product,revenue,312.3,62,,2.762,102.69,True,Medium,Spike,True
2014-04-17,85123A,CREAM HANGING HEART T-LIGHT HOLDER,product,revenue,194.0,67,,2.763,53.63,True,Medium,Spike,False
2014-02-04,POST,,product,revenue,2666.71,61,,2.763,787.63,True,Medium,Spike,True
2014-11-18,22720,,product,revenue,216.17,45,,2.766,74.19,True,Medium,Spike,False
2015-10-08,22086,PAPER CHAIN KIT 50'S CHRISTMAS ,product,revenue,231.67,79,,2.767,62.86,True,Medium,Spike,True
2013-01-04,84879,damaged,product,revenue,119.55,70,,2.768,36.74,True,Medium,Spike,False
2012-12-24,23355,HOT WATER BOTTLE KEEP CALM,product,revenue,270.42,57,,2.769,73.16,True,Medium,Spike,True
2012-01-28,M,Manual,product,revenue,2359.77,17,,2.769,362.18,True,Medium,Spike,False
2014-01-01,22457,NATURAL SLATE HEART CHALKBOARD ,product,revenue,182.4,60,,2.77,48.84,True,Medium,Spike,True
2014-08-26,85123A,CREAM HANGING HEART T-LIGHT HOLDER,product,revenue,263.94,91,,2.77,78.95,True,Medium,Spike,True
2014-06-05,20685,DOORMAT RED RETROSPOT,product,revenue,424.19,53,,2.771,127.65,True,Medium,Spike,True
2013-07-17,85123A,CREAM HANGING HEART T-LIGHT HOLDER,product,revenue,401.9,138,,2.771,118.36,True,Medium,Spike,True
2012-04-07,23284,,product,revenue,380.66,49,,2.772,109.24,True,Medium,Spike,True
2012-06-01,22726,,product,revenue,187.0,50,,2.773,47.24,True,Medium,Spike,True
2011-05-04,48138,DOORMAT UNION FLAG,product,revenue,277.95,41,,2.775,78.26,True,Medium,Spike,True
2012-10-17,48194,DOORMAT HEARTS,product,revenue,393.25,48,,2.775,103.3,True,Medium,Spike,True
2015-12-14,85123A,CREAM HANGING HEART T-LIGHT HOLDER,product,revenue,282.83,99,,2.776,94.69,True,Medium,Spike,True
2013-04-15,22112,CHOCOLATE HOT WATER BOTTLE,product,revenue,242.01,49,,2.777,65.02,True,Medium,Spike,True
2013-06-10,82484,WOOD BLACK BOARD ANT WHITE FINISH,product,revenue,358.07,49,,2.777,109.31,True,Medium,Spike,True
2014-03-08,85066,CREAM SWEETHEART MINI CHEST,product,revenue,641.68,52,,2.777,196.08,True,Medium,Spike,True
2013-10-07,22138,BAKING SET 9 PIECE RETROSPOT ,product,revenue,249.08,52,,2.778,68.13,True,Medium,Spike,True
2012-06-07,22720,,product,revenue,268.17,55,,2.778,89.26,True,Medium,Spike,True
2012-07-10,M,Manual,product,revenue,3651.75,27,,2.778,1078.06,True,Medium,Spike,True
2012-05-29,21523,DOORMAT FANCY FONT HOME SWEET HOME,product,revenue,529.75,71,,2.779,119.16,True,Medium,Spike,True
2015-01-20,22138,BAKING SET 9 PIECE RETROSPOT ,product,revenue,377.94,75,,2.779,108.03,True,Medium,Spike,True
2015-06-11,23245,SET OF 3 REGENCY CAKE TINS,product,revenue,230.24,47,,2.78,63.49,True,Medium,Spike,True
2013-11-18,21754,HOME BUILDING BLOCK WORD,product,revenue,376.24,61,,2.781,98.84,True,Medium,Spike,True
2012-06-05,22625,,product,revenue,572.89,67,,2.781,139.55,True,Medium,Spike,True
2012-02-22,79321,,product,revenue,403.09,73,,2.783,103.91,True,Medium,Spike,True
2013-12-17,84879,damaged,product,revenue,92.43,55,,2.784,35.53,True,Medium,Spike,False
2015-09-16,22625,,product,revenue,227.16,26,,2.785,81.74,True,Medium,Spike,False
2015-01-05,22625,,product,revenue,376.94,46,,2.794,109.55,True,Medium,Spike,True
2012-05-18,M,Manual,product,revenue,3955.8,30,,2.794,1159.13,True,Medium,Spike,True
2013-12-18,22624,IVORY KITCHEN SCALES,product,revenue,454.14,54,,2.795,133.92,True,Medium,Spike,True
2013-03-20,M,Manual,product,revenue,4905.09,37,,2.795,1253.43,True,Medium,Spike,True
2011-05-06,22457,NATURAL SLATE HEART CHALKBOARD ,product,revenue,237.45,87,,2.796,68.46,True,Medium,Spike,True
2012-02-03,22487,WHITE WOOD GARDEN PLANT LADDER,product,revenue,327.82,34,,2.796,77.83,True,Medium,Spike,True
2014-02-19,23245,SET OF 3 REGENCY CAKE TINS,product,revenue,195.39,39,,2.796,59.11,True,Medium,Spike,False
2015-05-15,22424,ENAMEL BREAD BIN CREAM,product,revenue,501.59,39,,2.798,140.07,True,Medium,Spike,True
2014-01-09,85123A,CREAM HANGING HEART T-LIGHT HOLDER,product,revenue,248.26,86,,2.798,84.25,True,Medium,Spike,False
2013-09-19,22111,SCOTTIE DOG HOT WATER BOTTLE,product,revenue,200.8,40,,2.8,66.83,True,Medium,Spike,False
2013-10-18,48138,DOORMAT UNION FLAG,product,revenue,289.1,38,,2.8,89.49,True,Medium,Spike,True
2012-11-08,22423,damages,product,revenue,1225.09,98,,2.801,343.32,True,Medium,Spike,True
2014-03-31,DOT,,product,revenue,17766.9,30,,2.802,4386.38,True,Medium,Spike,True
2011-05-10,22193,RED DINER WALL CLOCK,product,revenue,142.8,18,,2.803,43.18,True,Medium,Spike,False
2015-03-06,POST,,product,revenue,1551.41,37,,2.803,461.17,True,Medium,Spike,False
2015-12-08,22111,SCOTTIE DOG HOT WATER BOTTLE,product,revenue,323.24,64,,2.804,91.52,True,Medium,Spike,True
2014-07-28,85099B,JUMBO BAG RED RETROSPOT,product,revenue,134.43,66,,2.805,49.25,True,Medium,Spike,False
2013-09-28,22457,NATURAL SLATE HEART CHALKBOARD ,product,revenue,210.4,73,,2.807,54.37,True,Medium,Spike,True
2014-04-03,22624,IVORY KITCHEN SCALES,product,revenue,464.36,52,,2.807,123.73,True,Medium,Spike,True
2011-07-06,48194,DOORMAT HEARTS,product,revenue,931.9,202,,2.807,118.73,True,Medium,Spike,True
2013-05-13,22112,CHOCOLATE HOT WATER BOTTLE,product,revenue,269.86,53,,2.81,71.74,True,Medium,Spike,True
2012-10-02,POST,,product,revenue,2555.63,60,,2.81,785.81,True,Medium,Spike,True
2013-04-22,22605,WOODEN CROQUET GARDEN SET,product,revenue,486.99,35,,2.811,141.54,True,Medium,Spike,True
2013-05-29,22846,BREAD BIN DINER STYLE RED ,product,revenue,735.74,45,,2.811,175.62,True,Medium,Spike,True
2011-11-02,21755,LOVE BUILDING BLOCK WORD,product,revenue,142.8,24,,2.812,42.07,True,Medium,Spike,False
2012-03-28,22847,,product,revenue,764.58,46,,2.813,179.86,True,Medium,Spike,True
2015-10-19,22960,JAM MAKING SET WITH JARS,product,revenue,217.37,52,,2.813,61.34,True,Medium,Spike,True
2015-12-02,48187,DOORMAT NEW ENGLAND,product,revenue,385.71,49,,2.813,113.63,True,Medium,Spike,True
2015-10-28,85123A,CREAM HANGING HEART T-LIGHT HOLDER,product,revenue,226.59,79,,2.815,67.54,True,Medium,Spike,False
2012-02-11,22960,JAM MAKING SET WITH JARS,product,revenue,188.68,46,,2.818,54.09,True,Medium,Spike,False
2014-08-25,48187,DOORMAT NEW ENGLAND,product,revenue,473.55,63,,2.819,117.99,True,Medium,Spike,True
2012-10-29,82483,crushed,product,revenue,239.29,35,,2.82,71.54,True,Medium,Spike,True
2014-02-17,84879,damaged,product,revenue,86.19,51,,2.82,26.69,True,Medium,Spike,False
2014-07-21,22960,JAM MAKING SET WITH JARS,product,revenue,198.19,49,,2.821,64.93,True,Medium,Spike,True
2013-12-09,85099B,JUMBO BAG RED RETROSPOT,product,revenue,126.1,63,,2.821,39.57,True,Medium,Spike,False
2014-12-22,85099B,JUMBO BAG RED RETROSPOT,product,revenue,239.96,118,,2.822,63.79,True,Medium,Spike,True
2014-03-24,22624,IVORY KITCHEN SCALES,product,revenue,395.82,45,,2.823,122.4,True,Medium,Spike,True
2012-12-14,82483,crushed,product,revenue,279.4,41,,2.823,90.11,True,Medium,Spike,True
2013-05-22,79321,,product,revenue,358.06,69,,2.824,93.11,True,Medium,Spike,True
2012-05-04,85123A,CREAM HANGING HEART T-LIGHT HOLDER,product,revenue,266.22,93,,2.824,83.06,True,Medium,Spike,True
2014-11-13,21755,LOVE BUILDING BLOCK WORD,product,revenue,340.26,58,,2.825,83.45,True,Medium,Spike,True
2012-01-30,82486,3 DRAWER ANTIQUE WHITE WOOD CABINET,product,revenue,279.86,32,,2.825,74.88,True,Medium,Spike,False
2015-08-08,22960,JAM MAKING SET WITH JARS,product,revenue,256.26,61,,2.826,72.86,True,Medium,Spike,True
2011-10-08,POST,,product,price,37.8,10,,2.826,21.49,True,Medium,Spike,True
2015-08-25,22424,ENAMEL BREAD BIN CREAM,product,revenue,600.73,47,,2.827,145.22,True,Medium,Spike,True
2013-01-04,22423,damages,product,revenue,1293.05,105,,2.83,410.36,True,Medium,Spike,True
2013-07-08,22086,PAPER CHAIN KIT 50'S CHRISTMAS ,product,revenue,145.26,50,,2.831,51.56,True,Medium,Spike,False
2013-07-09,21755,LOVE BUILDING BLOCK WORD,product,revenue,295.47,49,,2.832,87.23,True,Medium,Spike,True
2015-05-06,21754,HOME BUILDING BLOCK WORD,product,revenue,382.13,65,,2.833,120.91,True,Medium,Spike,True
2013-05-10,22727,ALARM CLOCK BAKELIKE RED ,product,revenue,220.76,59,,2.833,61.1,True,Medium,Spike,True
2012-06-21,85123A,CREAM HANGING HEART T-LIGHT HOLDER,product,revenue,263.07,88,,2.833,91.43,True,Medium,Spike,True
2015-10-27,21523,DOORMAT FANCY FONT HOME SWEET HOME,product,revenue,451.0,55,,2.834,125.23,True,Medium,Spike,True
2015-08-11,22423,damages,product,revenue,806.04,65,,2.835,238.97,True,Medium,Spike,False
2012-10-15,22726,,product,revenue,259.9,70,,2.836,64.89,True,Medium,Spike,True
2014-05-06,21755,LOVE BUILDING BLOCK WORD,product,revenue,222.14,36,,2.838,63.04,True,Medium,Spike,True
2013-03-28,22111,SCOTTIE DOG HOT WATER BOTTLE,product,revenue,301.49,59,,2.838,71.89,True,Medium,Spike,True
2015-01-05,47566,PARTY BUNTING,product,revenue,415.64,86,,2.838,143.9,True,Medium,Spike,True
2014-12-19,48138,DOORMAT UNION FLAG,product,revenue,267.4,36,,2.838,84.31,True,Medium,Spike,False
2012-05-01,23298,"BUNTING , SPOTTY ",product,revenue,276.08,58,,2.839,68.48,True,Medium,Spike,True
2012-08-15,21754,HOME BUILDING BLOCK WORD,product,revenue,246.8,40,,2.842,62.59,True,Medium,Spike,True
2014-05-29,22625,,product,revenue,227.78,27,,2.843,89.7,True,Medium,Spike,False
2013-06-03,23355,HOT WATER BOTTLE KEEP CALM,product,revenue,238.19,47,,2.843,67.8,True,Medium,Spike,True
2012-01-13,20685,DOORMAT RED RETROSPOT,product,revenue,266.2,34,,2.844,71.28,True,Medium,Spike,False
2013-07-25,22960,JAM MAKING SET WITH JARS,product,revenue,233.42,54,,2.844,67.43,True,Medium,Spike,True
2013-04-15,22424,ENAMEL BREAD BIN CREAM,product,revenue,355.59,27,,2.848,106.24,True,Medium,Spike,False
2015-10-20,22487,WHITE WOOD GARDEN PLANT LADDER,product,revenue,465.52,46,,2.851,114.1,True,Medium,Spike,True
2015-12-14,22720,,product,revenue,312.78,62,,2.851,79.28,True,Medium,Spike,True
2013-09-16,23355,HOT WATER BOTTLE KEEP CALM,product,revenue,193.34,38,,2.851,53.62,True,Medium,Spike,False
2014-07-18,79321,,product,revenue,468.01,89,,2.853,113.06,True,Medium,Spike,True
2011-10-11,22138,BAKING SET 9 PIECE RETROSPOT ,product,revenue,470.52,100,,2.854,111.15,True,Medium,Spike,True
2015-06-20,22625,,product,revenue,361.62,42,,2.854,112.07,True,Medium,Spike,True
2012-01-13,48194,DOORMAT HEARTS,product,revenue,205.14,26,,2.855,59.85,True,Medium,Spike,False
2015-10-21,20685,DOORMAT RED RETROSPOT,product,revenue,731.11,99,,2.858,142.01,True,Medium,Spike,True
2013-11-09,22112,CHOCOLATE HOT WATER BOTTLE,product,revenue,243.04,48,,2.858,73.92,True,Medium,Spike,True
2015-01-05,22457,NATURAL SLATE HEART CHALKBOARD ,product,revenue,213.49,72,,2.858,59.89,True,Medium,Spike,True
2015-04-22,22457,NATURAL SLATE HEART CHALKBOARD ,product,revenue,193.43,63,,2.86,50.41,True,Medium,Spike,True
2014-05-01,23284,,product,revenue,300.17,39,,2.861,94.57,True,Medium,Spike,False
2013-03-02,84879,damaged,product,revenue,86.55,51,,2.861,22.43,True,Medium,Spike,False
2014-11-18,22424,ENAMEL BREAD BIN CREAM,product,revenue,613.6,46,,2.864,178.44,True,Medium,Spike,True
2015-05-27,22112,CHOCOLATE HOT WATER BOTTLE,product,revenue,211.59,44,,2.866,67.26,True,Medium,Spike,True
2015-10-02,21523,DOORMAT FANCY FONT HOME SWEET HOME,product,revenue,392.13,49,,2.872,114.62,True,Medium,Spike,True
2014-11-14,23245,SET OF 3 REGENCY CAKE TINS,product,revenue,246.43,49,,2.874,75.5,True,Medium,Spike,True
2014-06-30,22487,WHITE WOOD GARDEN PLANT LADDER,product,revenue,419.97,43,,2.875,118.62,True,Medium,Spike,True
2013-09-24,22111,SCOTTIE DOG HOT WATER BOTTLE,product,revenue,239.67,51,,2.876,74.87,True,Medium,Spike,True
2014-07-14,23355,HOT WATER BOTTLE KEEP CALM,product,revenue,205.4,43,,2.879,60.88,True,Medium,Spike,True
2015-08-11,21755,LOVE BUILDING BLOCK WORD,product,revenue,336.04,57,,2.88,93.4,True,Medium,Spike,True
2011-10-08,22605,WOODEN CROQUET GARDEN SET,product,revenue,153.0,12,,2.88,51.86,True,Medium,Spike,False
2013-01-12,22726,,product,revenue,247.52,68,,2.88,67.18,True,Medium,Spike,True
2012-01-06,22625,,product,revenue,171.3,20,,2.881,51.34,True,Medium,Spike,False
2012-11-08,22847,,product,revenue,788.48,48,,2.881,221.21,True,Medium,Spike,True
2014-11-06,23245,SET OF 3 REGENCY CAKE TINS,product,revenue,214.75,43,,2.882,65.69,True,Medium,Spike,True
2012-05-04,23298,"BUNTING , SPOTTY ",product,revenue,316.25,67,,2.883,71.82,True,Medium,Spike,True
2012-07-25,21755,LOVE BUILDING BLOCK WORD,product,revenue,330.69,55,,2.884,83.03,True,Medium,Spike,True
2011-11-08,84879,damaged,product,revenue,1471.2,1008,,2.884,243.49,True,Medium,Spike,True
2012-12-20,22424,ENAMEL BREAD BIN CREAM,product,revenue,504.71,41,,2.886,130.14,True,Medium,Spike,True
2013-06-10,22424,ENAMEL BREAD BIN CREAM,product,revenue,597.65,46,,2.886,148.24,True,Medium,Spike,True
2012-01-18,22605,WOODEN CROQUET GARDEN SET,product,revenue,209.25,15,,2.886,61.46,True,Medium,Spike,False
2015-12-18,22776,SWEETHEART 3 TIER CAKE STAND ,product,revenue,805.68,83,,2.886,171.81,True,Medium,Spike,True
2012-03-06,22424,ENAMEL BREAD BIN CREAM,product,revenue,598.66,47,,2.887,132.03,True,Medium,Spike,True
2014-12-06,82483,crushed,product,revenue,323.64,49,,2.887,92.07,True,Medium,Spike,True
2014-01-01,22423,damages,product,revenue,1312.72,109,,2.889,414.87,True,Medium,Spike,True
2013-03-25,23298,"BUNTING , SPOTTY ",product,revenue,239.6,48,,2.89,65.54,True,Medium,Spike,False
2013-04-19,48138,DOORMAT UNION FLAG,product,revenue,344.05,45,,2.891,103.66,True,Medium,Spike,True
2014-10-27,21843,smashed,product,revenue,575.88,51,,2.892,131.55,True,Medium,Spike,True
2015-06-26,22111,SCOTTIE DOG HOT WATER BOTTLE,product,revenue,282.8,56,,2.892,93.87,True,Medium,Spike,True
2015-07-21,22727,ALARM CLOCK BAKELIKE RED ,product,revenue,183.73,50,,2.893,48.22,True,Medium,Spike,True
2012-02-03,82486,3 DRAWER ANTIQUE WHITE WOOD CABINET,product,revenue,332.66,37,,2.893,82.99,True,Medium,Spike,True
2011-11-08,22624,IVORY KITCHEN SCALES,product,revenue,309.4,40,,2.897,75.66,True,Medium,Spike,False
2014-09-04,23298,"BUNTING , SPOTTY ",product,revenue,221.76,44,,2.897,65.32,True,Medium,Spike,False
2015-05-12,85099B,JUMBO BAG RED RETROSPOT,product,revenue,118.98,59,,2.897,37.82,True,Medium,Spike,False
2014-09-22,21523,DOORMAT FANCY FONT HOME SWEET HOME,product,revenue,351.0,45,,2.898,104.38,True,Medium,Spike,True
2013-08-23,23245,SET OF 3 REGENCY CAKE TINS,product,revenue,219.92,45,,2.898,72.4,True,Medium,Spike,True
2012-01-07,22624,IVORY KITCHEN SCALES,product,revenue,368.64,42,,2.901,81.36,True,Medium,Spike,True
2012-12-13,85123A,CREAM HANGING HEART T-LIGHT HOLDER,product,revenue,200.6,70,,2.901,73.54,True,Medium,Spike,False
2012-12-19,22111,SCOTTIE DOG HOT WATER BOTTLE,product,revenue,333.76,69,,2.904,88.42,True,Medium,Spike,True
2013-07-04,22457,NATURAL SLATE HEART CHALKBOARD ,product,revenue,126.03,42,,2.906,41.57,True,Medium,Spike,False
2013-06-17,79321,,product,revenue,412.5,76,,2.907,102.45,True,Medium,Spike,True
2015-03-10,22423,damages,product,revenue,1287.45,103,,2.91,321.52,True,Medium,Spike,True
2013-07-25,84078A,SET/4 WHITE RETRO STORAGE CUBES ,product,revenue,1642.2,42,,2.91,415.7,True,Medium,Spike,True
2013-04-18,82484,WOOD BLACK BOARD ANT WHITE FINISH,product,revenue,340.0,46,,2.911,99.44,True,Medium,Spike,True
2013-02-07,82486,3 DRAWER ANTIQUE WHITE WOOD CABINET,product,revenue,580.32,66,,2.911,141.99,True,Medium,Spike,True
2012-02-23,22655,damages/showroom etc,product,revenue,623.08,4,,2.912,234.88,True,Medium,Spike,False
2013-03-29,85123A,CREAM HANGING HEART T-LIGHT HOLDER,product,revenue,217.36,78,,2.912,70.31,True,Medium,Spike,False
2011-10-05,21755,LOVE BUILDING BLOCK WORD,product,revenue,107.1,18,,2.913,35.89,True,Medium,Spike,False
2013-03-05,22457,NATURAL SLATE HEART CHALKBOARD ,product,revenue,158.74,54,,2.915,44.11,True,Medium,Spike,False
2014-03-05,82484,WOOD BLACK BOARD ANT WHITE FINISH,product,revenue,410.4,54,,2.916,115.15,True,Medium,Spike,True
2015-04-01,85099B,JUMBO BAG RED RETROSPOT,product,revenue,155.14,76,,2.916,41.41,True,Medium,Spike,False
2013-11-20,85066,CREAM SWEETHEART MINI CHEST,product,revenue,701.19,53,,2.917,193.08,True,Medium,Spike,True
2012-09-27,21621,,product,revenue,373.05,45,,2.918,110.51,True,Medium,Spike,True
2015-09-26,22776,SWEETHEART 3 TIER CAKE STAND ,product,revenue,394.64,40,,2.918,104.92,True,Medium,Spike,True
2013-07-06,22423,damages,product,revenue,962.96,76,,2.919,357.83,True,Medium,Spike,True
2012-08-13,22193,RED DINER WALL CLOCK,product,revenue,299.16,34,,2.92,90.23,True,Medium,Spike,True
2012-04-13,85066,CREAM SWEETHEART MINI CHEST,product,revenue,467.91,37,,2.921,137.7,True,Medium,Spike,True
2011-05-12,22193,RED DINER WALL CLOCK,product,price,9.1775,12,,2.921,8.46,True,Medium,Spike,False
2012-08-25,48187,DOORMAT NEW ENGLAND,product,revenue,312.9,42,,2.922,76.42,True,Medium,Spike,True
2012-04-06,,,overall,revenue,28927.81,5042,555.0,2.923,13319.24,True,Medium,Spike,False
2012-06-19,21755,LOVE BUILDING BLOCK WORD,product,revenue,269.04,44,,2.924,85.61,True,Medium,Spike,True
2012-05-09,22625,,product,revenue,377.4,43,,2.924,110.81,True,Medium,Spike,True
2014-10-28,23298,"BUNTING , SPOTTY ",product,revenue,273.62,55,,2.925,68.36,True,Medium,Spike,True
2012-06-29,22960,JAM MAKING SET WITH JARS,product,revenue,250.84,60,,2.926,64.8,True,Medium,Spike,True
2013-03-05,,,overall,revenue,28884.64,7872,818.0,2.927,14123.43,True,Medium,Spike,False
2012-08-29,23284,,product,revenue,493.87,61,,2.927,145.4,True,Medium,Spike,True
2011-05-07,48138,DOORMAT UNION FLAG,product,revenue,337.5,50,,2.927,87.26,True,Medium,Spike,True
2012-05-02,22138,BAKING SET 9 PIECE RETROSPOT ,product,revenue,191.72,37,,2.931,61.61,True,Medium,Spike,True
2012-09-13,,,overall,revenue,30570.58,6328,737.0,2.933,16317.24,True,Medium,Spike,False
2014-08-09,20685,DOORMAT RED RETROSPOT,product,revenue,391.28,50,,2.933,89.07,True,Medium,Spike,True
2015-08-12,48187,DOORMAT NEW ENGLAND,product,revenue,330.68,42,,2.939,97.55,True,Medium,Spike,True
2012-09-29,21843,smashed,product,revenue,728.04,66,,2.94,208.69,True,Medium,Spike,True
2014-07-31,22846,BREAD BIN DINER STYLE RED ,product,revenue,575.28,36,,2.94,145.59,True,Medium,Spike,True
2011-01-09,22193,RED DINER WALL CLOCK,product,revenue,183.6,24,,2.941,40.09,True,Medium,Spike,False
2012-04-10,47566,PARTY BUNTING,product,revenue,337.43,72,,2.945,91.94,True,Medium,Spike,True
2012-10-08,22423,damages,product,revenue,1038.89,84,,2.947,276.14,True,Medium,Spike,True
2012-11-17,22960,JAM MAKING SET WITH JARS,product,revenue,172.78,42,,2.948,43.45,True,Medium,Spike,False
2015-06-22,21843,smashed,product,revenue,449.26,42,,2.951,111.34,True,Medium,Spike,True
2014-05-19,21754,HOME BUILDING BLOCK WORD,product,revenue,239.59,39,,2.953,69.76,True,Medium,Spike,False
2012-07-16,22138,BAKING SET 9 PIECE RETROSPOT ,product,revenue,263.6,52,,2.953,77.6,True,Medium,Spike,True
2013-01-11,82486,3 DRAWER ANTIQUE WHITE WOOD CABINET,product,revenue,480.03,57,,2.953,135.08,True,Medium,Spike,True
2012-12-08,POST,,product,revenue,4259.7,105,,2.956,1042.63,True,Medium,Spike,True
2012-04-10,22776,SWEETHEART 3 TIER CAKE STAND ,product,revenue,577.12,58,,2.957,123.43,True,Medium,Spike,True
2011-04-08,47566,PARTY BUNTING,product,revenue,933.95,221,,2.957,208.05,True,Medium,Spike,True
2013-07-22,22457,NATURAL SLATE HEART CHALKBOARD ,product,revenue,302.82,98,,2.958,75.16,True,Medium,Spike,True
2014-01-23,82486,3 DRAWER ANTIQUE WHITE WOOD CABINET,product,revenue,418.17,50,,2.958,98.69,True,Medium,Spike,True
2014-07-21,21621,,product,revenue,381.56,46,,2.961,99.24,True,Medium,Spike,True
2013-06-24,22727,ALARM CLOCK BAKELIKE RED ,product,revenue,273.49,73,,2.961,73.39,True,Medium,Spike,True
2012-11-02,20685,DOORMAT RED RETROSPOT,product,revenue,483.03,62,,2.963,129.62,True,Medium,Spike,True
2015-03-21,22960,JAM MAKING SET WITH JARS,product,revenue,214.71,51,,2.963,52.29,True,Medium,Spike,True
2011-03-03,22846,BREAD BIN DINER STYLE RED ,product,revenue,273.1,18,,2.964,63.85,True,Medium,Spike,False
2013-12-19,79321,,product,revenue,232.28,44,,2.964,69.35,True,Medium,Spike,True
2015-03-27,22457,NATURAL SLATE HEART CHALKBOARD ,product,revenue,145.12,51,,2.967,42.14,True,Medium,Spike,False
2012-04-13,22726,,product,revenue,211.34,54,,2.967,51.67,True,Medium,Spike,True
2012-01-10,22847,,product,revenue,300.01,19,,2.967,80.24,True,Medium,Spike,False
2014-11-22,85099B,JUMBO BAG RED RETROSPOT,product,revenue,183.82,93,,2.967,54.96,True,Medium,Spike,True
2014-12-10,21621,,product,revenue,394.1,47,,2.968,112.82,True,Medium,Spike,True
2014-07-28,22457,NATURAL SLATE HEART CHALKBOARD ,product,revenue,143.34,47,,2.968,42.62,True,Medium,Spike,False
2014-05-24,21621,,product,revenue,347.71,41,,2.969,84.38,True,Medium,Spike,True
2013-09-26,22193,RED DINER WALL CLOCK,product,revenue,570.78,65,,2.97,143.97,True,Medium,Spike,True
2014-03-25,22457,NATURAL SLATE HEART CHALKBOARD ,product,revenue,206.94,69,,2.971,51.45,True,Medium,Spike,True
2015-05-02,22720,,product,revenue,329.71,68,,2.971,78.44,True,Medium,Spike,True
2012-05-23,21843,smashed,product,revenue,598.75,55,,2.976,152.02,True,Medium,Spike,True
2013-06-20,22487,WHITE WOOD GARDEN PLANT LADDER,product,revenue,477.31,49,,2.976,122.78,True,Medium,Spike,True
2012-09-27,82486,3 DRAWER ANTIQUE WHITE WOOD CABINET,product,revenue,547.22,62,,2.976,158.91,True,Medium,Spike,True
2011-10-10,22139,amazon,product,revenue,265.41,43,,2.978,67.2,True,Medium,Spike,True
2014-08-16,85066,CREAM SWEETHEART MINI CHEST,product,revenue,626.22,49,,2.978,155.18,True,Medium,Spike,True
2014-07-01,23284,,product,revenue,436.47,55,,2.979,134.62,True,Medium,Spike,True
2015-04-18,23355,HOT WATER BOTTLE KEEP CALM,product,revenue,252.4,51,,2.981,69.38,True,Medium,Spike,True
2015-07-29,POST,,product,revenue,2717.55,67,,2.981,776.57,True,Medium,Spike,True
2014-12-05,82486,3 DRAWER ANTIQUE WHITE WOOD CABINET,product,revenue,561.51,65,,2.982,145.22,True,Medium,Spike,True
2013-12-06,47566,PARTY BUNTING,product,revenue,404.11,86,,2.984,132.68,True,Medium,Spike,True
2014-03-03,21755,LOVE BUILDING BLOCK WORD,product,revenue,310.36,52,,2.985,73.59,True,Medium,Spike,True
2011-03-10,22726,,product,revenue,369.0,108,,2.988,99.22,True,Medium,Spike,True
2013-03-06,22726,,product,revenue,219.45,57,,2.99,62.49,True,Medium,Spike,True
2012-03-06,22727,ALARM CLOCK BAKELIKE RED ,product,revenue,197.74,53,,2.99,51.42,True,Medium,Spike,True
2015-12-05,85099B,JUMBO BAG RED RETROSPOT,product,revenue,194.21,94,,2.991,55.39,True,Medium,Spike,True
2015-11-25,85099B,JUMBO BAG RED RETROSPOT,product,revenue,155.5,76,,2.992,46.56,True,Medium,Spike,False
2012-11-17,22112,CHOCOLATE HOT WATER BOTTLE,product,revenue,313.38,62,,2.993,72.11,True,Medium,Spike,True
2012-06-07,21843,smashed,product,revenue,857.2,80,,2.994,203.59,True,Medium,Spike,True
2015-01-30,22423,damages,product,revenue,1202.0,100,,2.994,356.55,True,Medium,Spike,True
2012-01-20,22605,WOODEN CROQUET GARDEN SET,product,revenue,252.48,18,,2.994,69.38,True,Medium,Spike,False
2013-05-29,22960,JAM MAKING SET WITH JARS,product,revenue,268.16,66,,2.994,69.82,True,Medium,Spike,True
2013-04-09,23298,"BUNTING , SPOTTY ",product,revenue,279.03,57,,2.995,72.18,True,Medium,Spike,True
2014-12-12,23298,"BUNTING , SPOTTY ",product,revenue,434.21,89,,2.997,115.98,True,Medium,Spike,True
2011-01-06,22776,SWEETHEART 3 TIER CAKE STAND ,product,price,8.611538461538462,13,,-1.998,9.67,True,Normal,Drop,True
2011-01-03,22625,,product,price,7.65,20,,-1.995,8.31,True,Normal,Drop,True
2011-06-01,85066,CREAM SWEETHEART MINI CHEST,product,price,11.23421052631579,19,,-1.994,12.48,True,Normal,Drop,True
2011-10-06,22138,BAKING SET 9 PIECE RETROSPOT ,product,price,4.31,105,,-1.982,4.8,True,Normal,Drop,True
2011-11-11,22112,CHOCOLATE HOT WATER BOTTLE,product,price,4.370689655172414,58,,-1.981,4.87,True,Normal,Drop,True
2011-10-05,22138,BAKING SET 9 PIECE RETROSPOT ,product,price,4.3277777777777775,27,,-1.962,4.8,True,Normal,Drop,True
2011-05-10,23298,"BUNTING , SPOTTY ",product,price,4.423684210526316,76,,-1.959,4.86,True,Normal,Drop,True
2011-12-04,22457,NATURAL SLATE HEART CHALKBOARD ,product,price,2.5771844660194176,103,,-1.952,2.9,True,Normal,Drop,True
2011-05-04,84879,damaged,product,price,1.5351612903225806,248,,-1.94,1.66,True,Normal,Drop,True
2011-12-04,22776,SWEETHEART 3 TIER CAKE STAND ,product,price,8.8625,16,,-1.925,9.75,True,Normal,Drop,True
2011-05-01,82484,WOOD BLACK BOARD ANT WHITE FINISH,product,price,5.678571428571429,14,,-1.918,7.4,True,Normal,Drop,True
2011-01-02,21754,HOME BUILDING BLOCK WORD,product,price,5.5,20,,-1.917,5.83,True,Normal,Drop,True
2011-06-12,85066,CREAM SWEETHEART MINI CHEST,product,price,11.074137931034484,58,,-1.914,12.41,True,Normal,Drop,True
2011-08-04,84879,damaged,product,price,1.5244827586206897,232,,-1.913,1.66,True,Normal,Drop,True
2011-05-05,22487,WHITE WOOD GARDEN PLANT LADDER,product,price,8.5,8,,-1.912,9.63,True,Normal,Drop,True
2011-10-11,22112,CHOCOLATE HOT WATER BOTTLE,product,price,4.420866141732284,127,,-1.909,4.88,True,Normal,Drop,True
2011-07-01,85099B,JUMBO BAG RED RETROSPOT,product,price,1.6558823529411766,510,,-1.907,1.93,True,Normal,Drop,True
2011-04-08,22720,,product,price,4.46304347826087,46,,-1.884,4.84,True,Normal,Drop,True
2011-02-06,22624,IVORY KITCHEN SCALES,product,price,7.802564102564102,39,,-1.883,8.35,True,Normal,Drop,True
2011-01-07,22960,JAM MAKING SET WITH JARS,product,price,3.75,12,,-1.881,4.08,True,Normal,Drop,True
2011-05-08,22112,CHOCOLATE HOT WATER BOTTLE,product,price,4.25,36,,-1.874,4.75,True,Normal,Drop,True
2011-01-04,22624,IVORY KITCHEN SCALES,product,price,7.82,5,,-1.872,8.35,True,Normal,Drop,True
2011-05-06,23298,"BUNTING , SPOTTY ",product,price,4.55,100,,-1.872,4.89,True,Normal,Drop,True
2011-10-01,82483,crushed,product,price,5.95,6,,-1.864,6.73,True,Normal,Drop,True
2011-10-06,82483,crushed,product,price,5.95,32,,-1.864,6.73,True,Normal,Drop,True
2011-04-11,21754,HOME BUILDING BLOCK WORD,product,price,5.45,18,,-1.86,5.95,True,Normal,Drop,True
2011-01-12,21754,HOME BUILDING BLOCK WORD,product,price,5.45,18,,-1.859,5.86,True,Normal,Drop,True
2011-11-02,22624,IVORY KITCHEN SCALES,product,price,7.65,48,,-1.856,8.54,True,Normal,Drop,True
2011-10-06,22139,amazon,product,price,4.39,30,,-1.853,4.82,True,Normal,Drop,True
2011-02-02,48138,DOORMAT UNION FLAG,product,price,6.859090909090909,22,,-1.853,7.71,True,Normal,Drop,True
2011-11-10,85099B,JUMBO BAG RED RETROSPOT,product,price,1.8028260869565218,368,,-1.848,1.99,True,Normal,Drop,True
2011-01-12,22193,RED DINER WALL CLOCK,product,price,7.65,24,,-1.845,8.32,True,Normal,Drop,True
2011-11-09,22112,CHOCOLATE HOT WATER BOTTLE,product,price,4.4409090909090905,33,,-1.835,4.88,True,Normal,Drop,True
2011-12-01,82484,WOOD BLACK BOARD ANT WHITE FINISH,product,price,5.935714285714286,21,,-1.832,7.35,True,Normal,Drop,True
2011-08-06,82483,crushed,product,price,5.95,16,,-1.831,6.71,True,Normal,Drop,True
2011-06-01,85099B,JUMBO BAG RED RETROSPOT,product,price,1.6957627118644067,354,,-1.818,1.96,True,Normal,Drop,True
2011-02-09,48187,DOORMAT NEW ENGLAND,product,price,6.75,10,,-1.807,7.67,True,Normal,Drop,True
2011-02-09,48138,DOORMAT UNION FLAG,product,price,6.75,10,,-1.799,7.65,True,Normal,Drop,True
2011-06-01,22720,,product,price,4.323134328358209,268,,-1.798,4.88,True,Normal,Drop,True
2011-12-09,22776,SWEETHEART 3 TIER CAKE STAND ,product,price,8.983333333333333,18,,-1.775,9.76,True,Normal,Drop,True
2011-09-11,22139,amazon,product,price,4.455882352941177,34,,-1.749,4.83,True,Normal,Drop,True
2011-09-01,79321,,product,price,4.383333333333333,42,,-1.747,5.54,True,Normal,Drop,True
2011-01-11,84879,damaged,product,price,1.5593877551020408,294,,-1.747,1.66,True,Normal,Drop,True
2011-12-10,22457,NATURAL SLATE HEART CHALKBOARD ,product,price,2.5944444444444446,54,,-1.716,2.89,True,Normal,Drop,True
2011-07-12,84879,damaged,product,price,1.54,256,,-1.715,1.66,True,Normal,Drop,True
2011-02-06,48138,DOORMAT UNION FLAG,product,price,6.864285714285714,21,,-1.706,7.68,True,Normal,Drop,True
2011-08-12,82484,WOOD BLACK BOARD ANT WHITE FINISH,product,price,5.9605263157894735,19,,-1.704,7.41,True,Normal,Drop,True
2011-10-08,82483,crushed,product,price,5.95,16,,-1.699,6.69,True,Normal,Drop,True
2011-11-01,22720,,product,price,4.425,32,,-1.698,4.86,True,Normal,Drop,True
2011-05-09,22960,JAM MAKING SET WITH JARS,product,price,3.805555555555556,54,,-1.695,4.12,True,Normal,Drop,True
2011-01-09,22112,CHOCOLATE HOT WATER BOTTLE,product,price,4.25,27,,-1.68,4.7,True,Normal,Drop,True
2011-07-03,85099B,JUMBO BAG RED RETROSPOT,product,price,1.6803370786516854,445,,-1.675,1.93,True,Normal,Drop,True
2011-11-10,22720,,product,price,4.360526315789474,38,,-1.672,4.82,True,Normal,Drop,True
2011-09-01,82483,crushed,product,price,5.95,8,,-1.671,6.68,True,Normal,Drop,True
2011-05-04,85099B,JUMBO BAG RED RETROSPOT,product,price,1.720625,320,,-1.671,1.95,True,Normal,Drop,True
2011-09-08,23245,SET OF 3 REGENCY CAKE TINS,product,price,4.317901234567901,81,,-1.669,4.8,True,Normal,Drop,True
2011-08-05,47566,PARTY BUNTING,product,price,4.352985074626866,201,,-1.661,4.78,True,Normal,Drop,True
2011-11-04,22457,NATURAL SLATE HEART CHALKBOARD ,product,price,2.659090909090909,66,,-1.657,2.92,True,Normal,Drop,True
2011-02-09,82484,WOOD BLACK BOARD ANT WHITE FINISH,product,price,5.0344311377245505,334,,-1.657,6.69,True,Normal,Drop,True
2011-07-06,22487,WHITE WOOD GARDEN PLANT LADDER,product,price,8.983333333333333,6,,-1.656,9.75,True,Normal,Drop,True
2011-05-01,22720,,product,price,4.455882352941177,34,,-1.653,4.81,True,Normal,Drop,True
2010-09-12,22776,SWEETHEART 3 TIER CAKE STAND ,product,price,8.707142857142857,14,,-1.651,9.63,True,Normal,Drop,True
2011-01-11,22720,,product,price,4.320786516853933,89,,-1.647,4.79,True,Normal,Drop,True
2011-01-04,22625,,product,price,7.65,2,,-1.642,8.26,True,Normal,Drop,True
2011-05-05,22112,CHOCOLATE HOT WATER BOTTLE,product,price,4.3277777777777775,27,,-1.64,4.75,True,Normal,Drop,True
2011-10-08,85123A,CREAM HANGING HEART T-LIGHT HOLDER,product,price,2.556153846153846,130,,-1.637,2.79,True,Normal,Drop,True
2011-04-02,47566,PARTY BUNTING,product,price,4.165686274509804,51,,-1.636,4.78,True,Normal,Drop,True
2011-07-01,82483,crushed,product,price,5.95,8,,-1.635,6.65,True,Normal,Drop,True
2011-12-01,22457,NATURAL SLATE HEART CHALKBOARD ,product,price,2.6634328358208954,67,,-1.626,2.92,True,Normal,Drop,True
2011-01-09,22086,PAPER CHAIN KIT 50'S CHRISTMAS ,product,price,2.55,40,,-1.622,2.77,True,Normal,Drop,True
2011-09-09,22720,,product,price,4.502,25,,-1.622,4.84,True,Normal,Drop,True
2011-07-07,47566,PARTY BUNTING,product,price,4.262714776632302,291,,-1.619,4.75,True,Normal,Drop,True
2011-08-06,47566,PARTY BUNTING,product,price,4.32546468401487,269,,-1.619,4.76,True,Normal,Drop,True
2011-02-06,21754,HOME BUILDING BLOCK WORD,product,price,5.45,26,,-1.617,5.83,True,Normal,Drop,True
2011-08-07,47566,PARTY BUNTING,product,price,4.318421052631579,190,,-1.602,4.76,True,Normal,Drop,True
2011-07-01,82484,WOOD BLACK BOARD ANT WHITE FINISH,product,price,5.678571428571429,14,,-1.593,7.21,True,Normal,Drop,True
2011-04-11,23355,HOT WATER BOTTLE KEEP CALM,product,price,4.194094488188976,381,,-1.588,4.64,True,Normal,Drop,True
2011-04-10,22720,,product,price,4.502,25,,-1.586,4.83,True,Normal,Drop,True
2011-06-09,82483,crushed,product,price,5.95,16,,-1.583,6.63,True,Normal,Drop,True
2011-07-06,22139,amazon,product,price,4.408064516129032,31,,-1.58,4.95,True,Normal,Drop,True
2011-02-12,22112,CHOCOLATE HOT WATER BOTTLE,product,price,4.283333333333333,126,,-1.57,4.7,True,Normal,Drop,True
2011-11-08,22624,IVORY KITCHEN SCALES,product,price,7.735,40,,-1.555,8.52,True,Normal,Drop,True
2011-02-08,85123A,CREAM HANGING HEART T-LIGHT HOLDER,product,price,2.55,32,,-1.55,2.78,True,Normal,Drop,True
2011-08-06,22720,,product,price,4.339090909090909,55,,-1.546,4.84,True,Normal,Drop,True
2011-05-09,22112,CHOCOLATE HOT WATER BOTTLE,product,price,4.303846153846154,78,,-1.538,4.73,True,Normal,Drop,True
2011-07-12,23245,SET OF 3 REGENCY CAKE TINS,product,price,4.35,64,,-1.538,4.8,True,Normal,Drop,True
2011-04-03,22960,JAM MAKING SET WITH JARS,product,price,3.75,6,,-1.537,4.06,True,Normal,Drop,True
2011-03-05,23284,,product,price,6.99,25,,-1.535,7.61,True,Normal,Drop,True
2011-07-01,79321,,product,price,4.25,72,,-1.535,5.38,True,Normal,Drop,True
2011-02-08,22960,JAM MAKING SET WITH JARS,product,price,3.7884615384615383,13,,-1.534,4.06,True,Normal,Drop,True
2011-04-01,21754,HOME BUILDING BLOCK WORD,product,price,5.5,40,,-1.528,5.9,True,Normal,Drop,True
2011-11-02,22423,damages,product,price,10.986734693877551,49,,-1.527,12.05,True,Normal,Drop,True
2011-05-04,48138,DOORMAT UNION FLAG,product,price,6.779268292682927,41,,-1.525,7.63,True,Normal,Drop,True
2011-02-03,22086,PAPER CHAIN KIT 50'S CHRISTMAS ,product,price,2.55,40,,-1.523,2.75,True,Normal,Drop,True
2011-09-05,85123A,CREAM HANGING HEART T-LIGHT HOLDER,product,price,2.58943661971831,213,,-1.521,2.8,True,Normal,Drop,True
2011-03-11,22138,BAKING SET 9 PIECE RETROSPOT ,product,price,4.425,88,,-1.517,4.91,True,Normal,Drop,True
2011-03-06,20685,DOORMAT RED RETROSPOT,product,price,6.75,20,,-1.516,7.52,True,Normal,Drop,True
2011-12-08,22112,CHOCOLATE HOT WATER BOTTLE,product,price,4.455882352941177,34,,-1.514,4.85,True,Normal,Drop,True
2011-07-09,22139,amazon,product,price,4.39,30,,-1.513,4.93,True,Normal,Drop,True
2011-05-07,48138,DOORMAT UNION FLAG,product,price,6.75,50,,-1.51,7.62,True,Normal,Drop,True
2011-05-12,22487,WHITE WOOD GARDEN PLANT LADDER,product,price,8.983333333333333,6,,-1.508,9.73,True,Normal,Drop,True
2011-06-05,85123A,CREAM HANGING HEART T-LIGHT HOLDER,product,price,2.577906976744186,172,,-1.504,2.82,True,Normal,Drop,True
2011-05-07,23284,,product,price,6.915517241379311,58,,-1.5,7.56,True,Normal,Drop,True
2011-10-11,85099B,JUMBO BAG RED RETROSPOT,product,price,1.8137988826815643,1074,,-1.494,1.98,True,Normal,Drop,True
2011-01-03,21754,HOME BUILDING BLOCK WORD,product,price,5.521428571428571,21,,-1.492,5.8,True,Normal,Drop,True
2011-01-05,22139,amazon,product,price,4.3277777777777775,27,,-1.49,4.78,True,Normal,Drop,True
2011-02-10,48194,DOORMAT HEARTS,product,price,7.1863636363636365,11,,-1.485,7.82,True,Normal,Drop,True
2011-12-04,85099B,JUMBO BAG RED RETROSPOT,product,price,1.8275,120,,-1.483,1.98,True,Normal,Drop,True
2011-04-05,48138,DOORMAT UNION FLAG,product,price,6.859090909090909,22,,-1.482,7.64,True,Normal,Drop,True
2011-09-10,22423,damages,product,price,10.95,20,,-1.468,12.01,True,Normal,Drop,True
2011-05-07,85123A,CREAM HANGING HEART T-LIGHT HOLDER,product,price,2.567910447761194,134,,-1.468,2.81,True,Normal,Drop,True
2010-08-12,48194,DOORMAT HEARTS,product,price,6.75,10,,-1.464,7.61,True,Normal,Drop,True
2011-04-08,47566,PARTY BUNTING,product,price,4.226018099547511,221,,-1.456,4.76,True,Normal,Drop,True
2011-11-01,82483,crushed,product,price,5.95,6,,-1.456,6.73,True,Normal,Drop,True
2010-10-12,48187,DOORMAT NEW ENGLAND,product,price,6.825,32,,-1.451,7.6,True,Normal,Drop,True
2011-04-11,22960,JAM MAKING SET WITH JARS,product,price,3.805555555555556,54,,-1.448,4.08,True,Normal,Drop,True
2011-04-07,47566,PARTY BUNTING,product,price,4.272033898305085,59,,-1.446,4.78,True,Normal,Drop,True
2011-06-02,85123A,CREAM HANGING HEART T-LIGHT HOLDER,product,price,2.5842857142857145,35,,-1.445,2.82,True,Normal,Drop,True
2011-04-05,20685,DOORMAT RED RETROSPOT,product,price,6.859090909090909,22,,-1.439,7.61,True,Normal,Drop,True
2011-08-04,22139,amazon,product,price,4.39,30,,-1.438,4.92,True,Normal,Drop,True
2011-11-05,22139,amazon,product,price,4.408064516129032,31,,-1.434,4.92,True,Normal,Drop,True
2011-10-08,85099B,JUMBO BAG RED RETROSPOT,product,price,1.8163636363636364,550,,-1.434,1.98,True,Normal,Drop,True
2011-05-10,23355,HOT WATER BOTTLE KEEP CALM,product,price,4.220886075949367,316,,-1.432,4.63,True,Normal,Drop,True
2011-02-06,85123A,CREAM HANGING HEART T-LIGHT HOLDER,product,price,2.5853276353276353,351,,-1.429,2.79,True,Normal,Drop,True
2011-04-03,48138,DOORMAT UNION FLAG,product,price,6.95,12,,-1.428,7.67,True,Normal,Drop,True
2011-06-01,79321,,product,price,4.3375,192,,-1.415,5.37,True,Normal,Drop,True
2011-02-06,22776,SWEETHEART 3 TIER CAKE STAND ,product,price,8.964,25,,-1.412,9.68,True,Normal,Drop,True
2011-06-03,48138,DOORMAT UNION FLAG,product,price,6.75,10,,-1.41,7.57,True,Normal,Drop,True
2011-06-01,82484,WOOD BLACK BOARD ANT WHITE FINISH,product,price,6.0,24,,-1.409,7.3,True,Normal,Drop,True
2011-02-02,21754,HOME BUILDING BLOCK WORD,product,price,5.521428571428571,21,,-1.404,5.84,True,Normal,Drop,True
2011-11-03,22423,damages,product,price,11.055882352941177,34,,-1.403,12.04,True,Normal,Drop,True
2011-11-02,85123A,CREAM HANGING HEART T-LIGHT HOLDER,product,price,2.6016746411483256,209,,-1.397,2.8,True,Normal,Drop,True
2011-03-04,22423,damages,product,price,10.95,16,,-1.385,11.95,True,Normal,Drop,True
2011-06-03,48194,DOORMAT HEARTS,product,price,6.75,10,,-1.382,7.83,True,Normal,Drop,True
2011-08-02,85099B,JUMBO BAG RED RETROSPOT,product,price,1.724436090225564,133,,-1.382,1.92,True,Normal,Drop,True
2011-04-05,23284,,product,price,6.99,25,,-1.367,7.55,True,Normal,Drop,True
2011-06-03,21523,DOORMAT FANCY FONT HOME SWEET HOME,product,price,6.75,10,,-1.366,7.78,True,Normal,Drop,True
2011-11-09,22086,PAPER CHAIN KIT 50'S CHRISTMAS ,product,price,2.6466824644549765,211,,-1.366,2.86,True,Normal,Drop,True
2011-05-12,85123A,CREAM HANGING HEART T-LIGHT HOLDER,product,price,2.609041095890411,292,,-1.363,2.82,True,Normal,Drop,True
2011-06-04,22457,NATURAL SLATE HEART CHALKBOARD ,product,price,2.573529411764706,51,,-1.357,2.96,True,Normal,Drop,True
2011-03-03,22960,JAM MAKING SET WITH JARS,product,price,3.8214285714285716,140,,-1.356,4.06,True,Normal,Drop,True
2011-11-02,82483,crushed,product,price,5.95,16,,-1.351,6.69,True,Normal,Drop,True
2011-07-04,47566,PARTY BUNTING,product,price,4.304838709677419,124,,-1.348,4.73,True,Normal,Drop,True
2011-03-02,85099B,JUMBO BAG RED RETROSPOT,product,price,1.7119047619047618,126,,-1.344,1.89,True,Normal,Drop,True
2011-11-11,22086,PAPER CHAIN KIT 50'S CHRISTMAS ,product,price,2.664285714285714,168,,-1.342,2.87,True,Normal,Drop,True
2011-04-02,22720,,product,price,4.568181818181818,44,,-1.342,4.84,True,Normal,Drop,True
2011-05-01,48138,DOORMAT UNION FLAG,product,price,6.95,12,,-1.34,7.67,True,Normal,Drop,True
2011-06-05,22138,BAKING SET 9 PIECE RETROSPOT ,product,price,4.3277777777777775,108,,-1.337,5.02,True,Normal,Drop,True
2011-01-02,84879,damaged,product,price,1.5636842105263158,304,,-1.332,1.65,True,Normal,Drop,True
2011-04-05,47566,PARTY BUNTING,product,price,4.354651162790698,215,,-1.323,4.81,True,Normal,Drop,True
2011-12-05,22423,damages,product,price,11.091818181818182,165,,-1.32,11.96,True,Normal,Drop,True
2011-12-05,23298,"BUNTING , SPOTTY ",product,price,4.545959595959596,99,,-1.317,4.84,True,Normal,Drop,True
2011-06-05,21523,DOORMAT FANCY FONT HOME SWEET HOME,product,price,6.773529411764706,51,,-1.314,7.77,True,Normal,Drop,True
2011-07-04,48194,DOORMAT HEARTS,product,price,6.75,10,,-1.31,7.78,True,Normal,Drop,True
2011-12-05,85099B,JUMBO BAG RED RETROSPOT,product,price,1.8352742616033755,237,,-1.31,1.98,True,Normal,Drop,True
2011-05-10,22423,damages,product,price,11.037224669603525,227,,-1.307,11.93,True,Normal,Drop,True
2011-01-02,48187,DOORMAT NEW ENGLAND,product,price,6.859090909090909,22,,-1.301,7.56,True,Normal,Drop,True
2011-09-05,22487,WHITE WOOD GARDEN PLANT LADDER,product,price,8.983333333333333,6,,-1.299,9.67,True,Normal,Drop,True
2011-06-05,23284,,product,price,6.966393442622951,61,,-1.298,7.52,True,Normal,Drop,True
2011-02-06,22423,damages,product,price,10.95,55,,-1.288,11.86,True,Normal,Drop,True
2011-08-06,85123A,CREAM HANGING HEART T-LIGHT HOLDER,product,price,2.580769230769231,104,,-1.285,2.76,True,Normal,Drop,True
2011-10-06,23245,SET OF 3 REGENCY CAKE TINS,product,price,4.438,25,,-1.281,4.8,True,Normal,Drop,True
2011-06-01,48194,DOORMAT HEARTS,product,price,6.906521739130435,23,,-1.277,7.87,True,Normal,Drop,True
2011-03-11,22487,WHITE WOOD GARDEN PLANT LADDER,product,price,8.79,5,,-1.273,9.58,True,Normal,Drop,True
2011-09-03,48138,DOORMAT UNION FLAG,product,price,6.75,20,,-1.266,7.71,True,Normal,Drop,True
2011-05-01,85123A,CREAM HANGING HEART T-LIGHT HOLDER,product,price,2.6063758389261746,298,,-1.264,2.81,True,Normal,Drop,True
2011-03-02,20685,DOORMAT RED RETROSPOT,product,price,6.859090909090909,11,,-1.262,7.5,True,Normal,Drop,True
2011-03-03,22138,BAKING SET 9 PIECE RETROSPOT ,product,price,4.6,12,,-1.261,4.86,True,Normal,Drop,True
2011-09-11,85123A,CREAM HANGING HEART T-LIGHT HOLDER,product,price,2.6101769911504427,113,,-1.261,2.79,True,Normal,Drop,True
2011-05-09,21523,DOORMAT FANCY FONT HOME SWEET HOME,product,price,6.786585365853658,41,,-1.26,7.72,True,Normal,Drop,True
2011-04-03,85099B,JUMBO BAG RED RETROSPOT,product,price,1.7842541436464088,181,,-1.256,1.95,True,Normal,Drop,True
2011-09-09,POST,,product,price,15.214285714285714,14,,-1.256,21.69,True,Normal,Drop,True
2011-12-07,22423,damages,product,price,11.104285714285714,35,,-1.245,11.94,True,Normal,Drop,True
2011-11-08,22487,WHITE WOOD GARDEN PLANT LADDER,product,price,8.79,10,,-1.242,9.72,True,Normal,Drop,True
2011-11-02,22720,,product,price,4.519230769230769,39,,-1.24,4.84,True,Normal,Drop,True
2011-05-09,22423,damages,product,price,11.15,18,,-1.237,11.99,True,Normal,Drop,True
2011-06-01,82483,crushed,product,price,5.95,3,,-1.234,6.57,True,Normal,Drop,True
2011-11-01,22423,damages,product,price,11.273076923076923,39,,-1.232,12.11,True,Normal,Drop,True
2011-11-11,22139,amazon,product,price,4.489726027397261,73,,-1.229,4.92,True,Normal,Drop,True
2011-10-05,85099B,JUMBO BAG RED RETROSPOT,product,price,1.832840909090909,352,,-1.228,1.97,True,Normal,Drop,True
2011-08-11,22139,amazon,product,price,4.47,35,,-1.227,4.92,True,Normal,Drop,True
2011-06-09,21755,LOVE BUILDING BLOCK WORD,product,price,5.564285714285714,21,,-1.222,5.98,True,Normal,Drop,True
2011-12-05,22487,WHITE WOOD GARDEN PLANT LADDER,product,price,8.79,10,,-1.222,9.71,True,Normal,Drop,True
2011-07-01,85123A,CREAM HANGING HEART T-LIGHT HOLDER,product,price,2.6122754491017965,334,,-1.213,2.79,True,Normal,Drop,True
2011-06-10,22112,CHOCOLATE HOT WATER BOTTLE,product,price,4.425,32,,-1.21,4.76,True,Normal,Drop,True
2011-06-01,22457,NATURAL SLATE HEART CHALKBOARD ,product,price,2.640322580645161,124,,-1.207,2.97,True,Normal,Drop,True
2011-05-05,85123A,CREAM HANGING HEART T-LIGHT HOLDER,product,price,2.613157894736842,418,,-1.201,2.81,True,Normal,Drop,True
2011-04-01,22457,NATURAL SLATE HEART CHALKBOARD ,product,price,2.683333333333333,72,,-1.194,2.97,True,Normal,Drop,True
2011-02-02,82483,crushed,product,price,5.061111111111111,36,,-1.192,5.8,True,Normal,Drop,True
2011-05-01,48187,DOORMAT NEW ENGLAND,product,price,6.817924528301887,53,,-1.191,7.7,True,Normal,Drop,True
2011-04-08,22139,amazon,product,price,4.39,60,,-1.184,5.0,True,Normal,Drop,True
2011-02-02,85099B,JUMBO BAG RED RETROSPOT,product,price,1.7186274509803923,306,,-1.182,1.88,True,Normal,Drop,True
2011-09-08,85123A,CREAM HANGING HEART T-LIGHT HOLDER,product,price,2.6326446280991735,121,,-1.18,2.79,True,Normal,Drop,True
2011-03-06,22423,damages,product,price,11.138059701492537,134,,-1.178,11.97,True,Normal,Drop,True
2011-04-10,22423,damages,product,price,11.23421052631579,38,,-1.176,12.0,True,Normal,Drop,True
2011-06-04,85099B,JUMBO BAG RED RETROSPOT,product,price,1.795686274509804,102,,-1.168,1.96,True,Normal,Drop,True
2011-03-05,47566,PARTY BUNTING,product,price,4.274324324324325,148,,-1.167,4.7,True,Normal,Drop,True
2011-12-05,48187,DOORMAT NEW ENGLAND,product,price,6.75,30,,-1.166,7.65,True,Normal,Drop,True
2011-03-04,85123A,CREAM HANGING HEART T-LIGHT HOLDER,product,price,2.5993150684931505,73,,-1.159,2.77,True,Normal,Drop,True
2011-06-11,23355,HOT WATER BOTTLE KEEP CALM,product,price,4.323913043478261,92,,-1.156,4.65,True,Normal,Drop,True
2011-06-01,48138,DOORMAT UNION FLAG,product,price,6.906521739130435,23,,-1.156,7.57,True,Normal,Drop,True
2011-06-02,82483,crushed,product,price,5.95,16,,-1.151,6.53,True,Normal,Drop,True
2011-07-03,22138,BAKING SET 9 PIECE RETROSPOT ,product,price,4.39,30,,-1.15,4.96,True,Normal,Drop,True
2011-07-01,22423,damages,product,price,11.094827586206897,87,,-1.147,11.94,True,Normal,Drop,True
2011-10-04,POST,,product,price,15.0,3,,-1.145,20.73,True,Normal,Drop,True
2011-12-08,22423,damages,product,price,11.15,18,,-1.139,11.93,True,Normal,Drop,True
2011-07-11,22423,damages,product,price,11.104285714285714,35,,-1.132,11.93,True,Normal,Drop,True
2011-11-08,23245,SET OF 3 REGENCY CAKE TINS,product,price,4.492857142857143,56,,-1.13,4.79,True,Normal,Drop,True
2011-05-05,48187,DOORMAT NEW ENGLAND,product,price,6.859090909090909,33,,-1.13,7.7,True,Normal,Drop,True
2011-10-06,47566,PARTY BUNTING,product,price,4.3617647058823525,68,,-1.129,4.73,True,Normal,Drop,True
2011-09-01,21523,DOORMAT FANCY FONT HOME SWEET HOME,product,price,6.75,10,,-1.126,7.63,True,Normal,Drop,True
2011-10-04,22423,damages,product,price,11.260344827586207,29,,-1.119,12.04,True,Normal,Drop,True
2011-11-02,48187,DOORMAT NEW ENGLAND,product,price,6.95,12,,-1.118,7.77,True,Normal,Drop,True
2011-11-03,85123A,CREAM HANGING HEART T-LIGHT HOLDER,product,price,2.63,125,,-1.118,2.79,True,Normal,Drop,True
2011-07-11,22139,amazon,product,price,4.507894736842105,38,,-1.116,4.92,True,Normal,Drop,True
2011-07-03,48194,DOORMAT HEARTS,product,price,6.906521739130435,23,,-1.11,7.78,True,Normal,Drop,True
2011-12-07,22457,NATURAL SLATE HEART CHALKBOARD ,product,price,2.706962025316456,79,,-1.107,2.9,True,Normal,Drop,True
2011-10-01,82484,WOOD BLACK BOARD ANT WHITE FINISH,product,price,6.45,4,,-1.106,7.37,True,Normal,Drop,True
2011-11-07,85123A,CREAM HANGING HEART T-LIGHT HOLDER,product,price,2.6339506172839506,81,,-1.104,2.79,True,Normal,Drop,True
2011-05-05,22139,amazon,product,price,4.4409090909090905,33,,-1.102,5.0,True,Normal,Drop,True
2011-10-05,47566,PARTY BUNTING,product,price,4.366058394160584,274,,-1.102,4.73,True,Normal,Drop,True
2011-02-10,48187,DOORMAT NEW ENGLAND,product,price,7.08,10,,-1.102,7.65,True,Normal,Drop,True
2011-06-01,85123A,CREAM HANGING HEART T-LIGHT HOLDER,product,price,2.6505847953216373,171,,-1.101,2.82,True,Normal,Drop,True
2011-03-11,85099B,JUMBO BAG RED RETROSPOT,product,price,1.7970731707317074,451,,-1.098,1.94,True,Normal,Drop,True
2011-12-05,20685,DOORMAT RED RETROSPOT,product,price,6.779268292682927,41,,-1.097,7.63,True,Normal,Drop,True
2011-07-01,22720,,product,price,4.519230769230769,39,,-1.091,4.86,True,Normal,Drop,True
2011-08-06,22424,ENAMEL BREAD BIN CREAM,product,price,11.31,20,,-1.088,12.73,True,Normal,Drop,True
2011-11-07,20685,DOORMAT RED RETROSPOT,product,price,6.75,20,,-1.087,7.58,True,Normal,Drop,True
2011-12-04,47566,PARTY BUNTING,product,price,4.2995934959349595,123,,-1.085,4.67,True,Normal,Drop,True
2011-11-07,48187,DOORMAT NEW ENGLAND,product,price,6.859090909090909,22,,-1.084,7.68,True,Normal,Drop,True
2011-12-04,85123A,CREAM HANGING HEART T-LIGHT HOLDER,product,price,2.6267676767676766,198,,-1.08,2.78,True,Normal,Drop,True
2010-10-12,20685,DOORMAT RED RETROSPOT,product,price,6.793373493975904,83,,-1.079,7.17,True,Normal,Drop,True
2011-07-06,POST,,product,price,15.0,3,,-1.078,22.15,True,Normal,Drop,True
2011-01-03,48187,DOORMAT NEW ENGLAND,product,price,6.921428571428572,35,,-1.072,7.51,True,Normal,Drop,True
2011-05-08,22423,damages,product,price,11.31,20,,-1.071,12.02,True,Normal,Drop,True
2011-04-11,22423,damages,product,price,11.25566037735849,106,,-1.07,11.95,True,Normal,Drop,True
2011-11-02,POST,,product,price,15.0,1,,-1.07,21.32,True,Normal,Drop,True
2011-01-02,47566,PARTY BUNTING,product,price,3.8464285714285715,112,,-1.068,4.31,True,Normal,Drop,True
2011-12-05,47566,PARTY BUNTING,product,price,4.280434782608696,161,,-1.066,4.65,True,Normal,Drop,True
2011-10-11,23245,SET OF 3 REGENCY CAKE TINS,product,price,4.478115942028985,69,,-1.065,4.78,True,Normal,Drop,True
2011-08-02,85123A,CREAM HANGING HEART T-LIGHT HOLDER,product,price,2.6109271523178808,151,,-1.065,2.77,True,Normal,Drop,True
2011-06-01,22423,damages,product,price,11.15,72,,-1.064,11.89,True,Normal,Drop,True
2011-07-02,22720,,product,price,4.507894736842105,38,,-1.06,4.85,True,Normal,Drop,True
2011-12-09,23355,HOT WATER BOTTLE KEEP CALM,product,price,4.431081081081081,74,,-1.059,4.69,True,Normal,Drop,True
2011-05-01,82483,crushed,product,price,5.95,6,,-1.055,6.49,True,Normal,Drop,True
2011-09-01,82484,WOOD BLACK BOARD ANT WHITE FINISH,product,price,6.45,3,,-1.055,7.36,True,Normal,Drop,True
2011-09-11,22138,BAKING SET 9 PIECE RETROSPOT ,product,price,4.6,48,,-1.054,4.83,True,Normal,Drop,True
2011-06-06,85099B,JUMBO BAG RED RETROSPOT,product,price,1.801311475409836,122,,-1.054,1.95,True,Normal,Drop,True
2011-02-08,22086,PAPER CHAIN KIT 50'S CHRISTMAS ,product,price,2.6021739130434782,46,,-1.053,2.74,True,Normal,Drop,True
2011-04-08,22423,damages,product,price,11.337341772151898,79,,-1.045,12.01,True,Normal,Drop,True
2011-10-10,85123A,CREAM HANGING HEART T-LIGHT HOLDER,product,price,2.6378048780487804,123,,-1.044,2.79,True,Normal,Drop,True
2011-04-01,79321,,product,price,4.39,60,,-1.033,4.99,True,Normal,Drop,True
2011-10-05,85123A,CREAM HANGING HEART T-LIGHT HOLDER,product,price,2.6546153846153846,130,,-1.029,2.8,True,Normal,Drop,True
2011-06-04,22423,damages,product,price,11.193243243243243,37,,-1.025,11.92,True,Normal,Drop,True
2011-09-05,47566,PARTY BUNTING,product,price,4.3826241134751776,141,,-1.024,4.72,True,Normal,Drop,True
2011-01-07,22487,WHITE WOOD GARDEN PLANT LADDER,product,price,8.5,8,,-1.021,9.25,True,Normal,Drop,True
2011-02-11,85123A,CREAM HANGING HEART T-LIGHT HOLDER,product,price,2.621794871794872,78,,-1.021,2.77,True,Normal,Drop,True
2011-06-12,22423,damages,product,price,11.214,150,,-1.02,11.95,True,Normal,Drop,True
2011-05-05,23284,,product,price,7.15,15,,-1.02,7.58,True,Normal,Drop,True
2011-06-12,22960,JAM MAKING SET WITH JARS,product,price,3.7563291139240507,79,,-1.018,4.17,True,Normal,Drop,True
2011-07-01,22960,JAM MAKING SET WITH JARS,product,price,3.75,24,,-1.018,4.17,True,Normal,Drop,True
2011-01-04,21523,DOORMAT FANCY FONT HOME SWEET HOME,product,price,6.95,12,,-1.017,7.42,True,Normal,Drop,True
2011-08-08,22423,damages,product,price,11.23421052631579,57,,-1.015,11.98,True,Normal,Drop,True
2011-11-09,22720,,product,price,4.576666666666667,60,,-1.012,4.84,True,Normal,Drop,True
2011-05-08,85099B,JUMBO BAG RED RETROSPOT,product,price,1.826268656716418,134,,-1.008,1.97,True,Normal,Drop,True
2010-10-12,85099B,JUMBO BAG RED RETROSPOT,product,price,1.7,120,,-1.005,1.82,True,Normal,Drop,True
2011-01-02,48194,DOORMAT HEARTS,product,price,7.15,15,,-1.001,7.66,True,Normal,Drop,True
2011-02-02,79321,,product,price,4.25,24,,-1.001,4.87,True,Normal,Drop,True
2011-06-12,22138,BAKING SET 9 PIECE RETROSPOT ,product,price,4.495945945945946,74,,-0.997,5.01,True,Normal,Drop,True
2011-02-09,85123A,CREAM HANGING HEART T-LIGHT HOLDER,product,price,2.625949367088608,158,,-0.996,2.77,True,Normal,Drop,True
2011-11-03,47566,PARTY BUNTING,product,price,4.315079365079365,63,,-0.994,4.67,True,Normal,Drop,True
2011-07-12,22423,damages,product,price,11.19923076923077,130,,-0.992,11.93,True,Normal,Drop,True
2011-03-05,85123A,CREAM HANGING HEART T-LIGHT HOLDER,product,price,2.625949367088608,316,,-0.989,2.77,True,Normal,Drop,True
2011-06-11,22112,CHOCOLATE HOT WATER BOTTLE,product,price,4.47,35,,-0.982,4.75,True,Normal,Drop,True
2011-02-02,85123A,CREAM HANGING HEART T-LIGHT HOLDER,product,price,2.656280193236715,207,,-0.981,2.79,True,Normal,Drop,True
2011-05-01,20685,DOORMAT RED RETROSPOT,product,price,6.788709677419355,31,,-0.98,7.53,True,Normal,Drop,True
2010-12-12,22112,CHOCOLATE HOT WATER BOTTLE,product,price,4.455882352941177,68,,-0.98,4.69,True,Normal,Drop,True
2011-08-12,22139,amazon,product,price,4.540243902439024,41,,-0.979,4.9,True,Normal,Drop,True
2011-05-06,22457,NATURAL SLATE HEART CHALKBOARD ,product,price,2.7293103448275864,87,,-0.964,2.97,True,Normal,Drop,True
2011-08-12,22086,PAPER CHAIN KIT 50'S CHRISTMAS ,product,price,2.678813559322034,236,,-0.96,2.83,True,Normal,Drop,True
2011-06-10,22960,JAM MAKING SET WITH JARS,product,price,3.805555555555556,81,,-0.955,4.19,True,Normal,Drop,True
2011-05-10,85099B,JUMBO BAG RED RETROSPOT,product,price,1.8244444444444443,360,,-0.955,1.96,True,Normal,Drop,True
2011-08-12,22138,BAKING SET 9 PIECE RETROSPOT ,product,price,4.399180327868852,61,,-0.954,4.9,True,Normal,Drop,True
2011-08-09,22423,damages,product,price,11.23421052631579,19,,-0.953,11.92,True,Normal,Drop,True
2011-02-02,22720,,product,price,4.519230769230769,39,,-0.951,4.77,True,Normal,Drop,True
2011-05-07,48187,DOORMAT NEW ENGLAND,product,price,6.95,12,,-0.949,7.67,True,Normal,Drop,True
2011-05-10,23284,,product,price,7.135714285714286,210,,-0.947,7.54,True,Normal,Drop,True
2011-10-01,48187,DOORMAT NEW ENGLAND,product,price,6.75,20,,-0.946,7.63,True,Normal,Drop,True
2011-05-01,22423,damages,product,price,11.31,20,,-0.942,11.93,True,Normal,Drop,True
2011-06-03,22423,damages,product,price,11.23421052631579,19,,-0.942,11.91,True,Normal,Drop,True
2011-07-11,22960,JAM MAKING SET WITH JARS,product,price,3.77,25,,-0.94,4.16,True,Normal,Drop,True
2011-08-06,22138,BAKING SET 9 PIECE RETROSPOT ,product,price,4.455882352941177,34,,-0.936,4.93,True,Normal,Drop,True
2011-05-09,85123A,CREAM HANGING HEART T-LIGHT HOLDER,product,price,2.677659574468085,94,,-0.932,2.82,True,Normal,Drop,True
2011-08-03,85123A,CREAM HANGING HEART T-LIGHT HOLDER,product,price,2.6316901408450706,142,,-0.93,2.77,True,Normal,Drop,True
2011-08-04,22138,BAKING SET 9 PIECE RETROSPOT ,product,price,4.483333333333333,36,,-0.929,4.95,True,Normal,Drop,True
2011-11-05,48187,DOORMAT NEW ENGLAND,product,price,7.026923076923077,13,,-0.928,7.72,True,Normal,Drop,True
2011-05-08,21523,DOORMAT FANCY FONT HOME SWEET HOME,product,price,7.0928571428571425,14,,-0.925,7.76,True,Normal,Drop,True
2010-10-12,22086,PAPER CHAIN KIT 50'S CHRISTMAS ,product,revenue,202.3,74,,-0.924,339.98,True,Normal,Drop,True
2011-08-02,POST,,product,price,15.5,12,,-0.919,21.63,True,Normal,Drop,True
2011-02-03,22423,damages,product,price,11.26764705882353,221,,-0.916,11.91,True,Normal,Drop,True
2011-08-04,48138,DOORMAT UNION FLAG,product,price,6.95,48,,-0.916,7.66,True,Normal,Drop,True
2011-08-03,22423,damages,product,price,11.23421052631579,38,,-0.912,11.91,True,Normal,Drop,True
2011-06-09,47566,PARTY BUNTING,product,price,4.343939393939394,66,,-0.911,4.71,True,Normal,Drop,True
2011-10-08,47566,PARTY BUNTING,product,price,4.45,80,,-0.9,4.74,True,Normal,Drop,True
2011-10-05,48138,DOORMAT UNION FLAG,product,price,6.75,10,,-0.898,7.59,True,Normal,Drop,True
2011-12-04,48138,DOORMAT UNION FLAG,product,price,6.859090909090909,22,,-0.896,7.53,True,Normal,Drop,True
2010-08-12,22086,PAPER CHAIN KIT 50'S CHRISTMAS ,product,revenue,211.15,77,,-0.891,354.87,True,Normal,Drop,True
2011-07-10,85099B,JUMBO BAG RED RETROSPOT,product,price,1.776629213483146,623,,-0.887,1.9,True,Normal,Drop,True
2011-09-03,21523,DOORMAT FANCY FONT HOME SWEET HOME,product,price,6.95,12,,-0.884,7.64,True,Normal,Drop,True
2011-11-05,POST,,product,price,16.2,10,,-0.882,21.19,True,Normal,Drop,True
2011-07-11,22138,BAKING SET 9 PIECE RETROSPOT ,product,price,4.53,40,,-0.88,4.96,True,Normal,Drop,True
2011-06-07,23284,,product,price,7.15,15,,-0.879,7.53,True,Normal,Drop,True
2011-10-10,POST,,product,price,16.285714285714285,7,,-0.875,21.39,True,Normal,Drop,True
2011-11-07,47566,PARTY BUNTING,product,price,4.352985074626866,134,,-0.874,4.66,True,Normal,Drop,True
2011-04-08,48187,DOORMAT NEW ENGLAND,product,price,7.026923076923077,26,,-0.874,7.67,True,Normal,Drop,True
2011-06-01,48187,DOORMAT NEW ENGLAND,product,price,6.95,12,,-0.868,7.62,True,Normal,Drop,True
2011-11-08,22423,damages,product,price,11.378571428571428,42,,-0.867,11.97,True,Normal,Drop,True
2011-01-02,20685,DOORMAT RED RETROSPOT,product,price,6.859090909090909,11,,-0.866,7.21,True,Normal,Drop,True
2011-09-09,22826,LOVE SEAT ANTIQUE WHITE METAL,product,price,85.0,1,,-0.866,133.18,True,Normal,Drop,True
2011-06-09,85123A,CREAM HANGING HEART T-LIGHT HOLDER,product,price,2.6717391304347826,184,,-0.866,2.81,True,Normal,Drop,True
2011-07-07,22720,,product,price,4.568181818181818,44,,-0.863,4.85,True,Normal,Drop,True
2011-06-01,20685,DOORMAT RED RETROSPOT,product,price,6.859090909090909,22,,-0.857,7.54,True,Normal,Drop,True
2011-07-03,20685,DOORMAT RED RETROSPOT,product,price,6.859090909090909,11,,-0.857,7.53,True,Normal,Drop,True
2011-06-04,20685,DOORMAT RED RETROSPOT,product,price,6.807142857142857,21,,-0.855,7.48,True,Normal,Drop,True
2011-01-12,22112,CHOCOLATE HOT WATER BOTTLE,product,price,4.455882352941177,68,,-0.846,4.67,True,Normal,Drop,True
2011-01-02,85123A,CREAM HANGING HEART T-LIGHT HOLDER,product,price,2.618041237113402,194,,-0.838,2.72,True,Normal,Drop,True
2011-02-12,85123A,CREAM HANGING HEART T-LIGHT HOLDER,product,price,2.645238095238095,84,,-0.838,2.77,True,Normal,Drop,True
2011-06-05,20685,DOORMAT RED RETROSPOT,product,price,6.807142857142857,42,,-0.837,7.47,True,Normal,Drop,True
2010-10-12,22423,damages,product,price,11.023817034700315,317,,-0.836,11.48,True,Normal,Drop,True
2011-09-08,22423,damages,product,price,11.440909090909091,22,,-0.836,12.03,True,Normal,Drop,True
2011-10-11,22826,LOVE SEAT ANTIQUE WHITE METAL,product,price,85.0,3,,-0.831,130.71,True,Normal,Drop,True
2011-07-09,23355,HOT WATER BOTTLE KEEP CALM,product,price,4.416666666666667,36,,-0.828,4.64,True,Normal,Drop,True
2011-07-04,POST,,product,price,17.142857142857142,7,,-0.825,22.55,True,Normal,Drop,True
2011-08-06,48187,DOORMAT NEW ENGLAND,product,price,6.95,12,,-0.824,7.56,True,Normal,Drop,True
2011-02-08,POST,,product,price,14.919230769230769,13,,-0.824,23.46,True,Normal,Drop,True
2011-08-11,22138,BAKING SET 9 PIECE RETROSPOT ,product,price,4.495945945945946,74,,-0.817,4.92,True,Normal,Drop,True
2011-03-11,22423,damages,product,price,11.420769230769231,65,,-0.816,11.99,True,Normal,Drop,True
2011-08-06,20685,DOORMAT RED RETROSPOT,product,price,6.859090909090909,11,,-0.811,7.49,True,Normal,Drop,True
2011-11-10,48187,DOORMAT NEW ENGLAND,product,price,7.08,10,,-0.809,7.69,True,Normal,Drop,True
2011-06-10,POST,,product,price,17.0,33,,-0.809,22.87,True,Normal,Drop,True
2011-09-11,22826,LOVE SEAT ANTIQUE WHITE METAL,product,price,85.0,1,,-0.805,129.17,True,Normal,Drop,True
2011-08-06,22960,JAM MAKING SET WITH JARS,product,price,3.805555555555556,54,,-0.805,4.14,True,Normal,Drop,True
2011-06-09,22423,damages,product,price,11.378571428571428,21,,-0.801,11.94,True,Normal,Drop,True
2011-08-07,22826,LOVE SEAT ANTIQUE WHITE METAL,product,price,85.0,2,,-0.796,129.29,True,Normal,Drop,True
2011-11-07,48194,DOORMAT HEARTS,product,price,6.75,20,,-0.792,8.1,True,Normal,Drop,True
2011-05-05,47566,PARTY BUNTING,product,price,4.413087248322148,149,,-0.787,4.73,True,Normal,Drop,True
2011-11-08,22826,LOVE SEAT ANTIQUE WHITE METAL,product,price,85.0,1,,-0.786,127.67,True,Normal,Drop,True
2011-09-11,85099B,JUMBO BAG RED RETROSPOT,product,price,1.8465056360708536,621,,-0.785,1.95,True,Normal,Drop,True
2011-04-02,22423,damages,product,price,11.497826086956522,23,,-0.783,12.02,True,Normal,Drop,True
2011-07-08,85123A,CREAM HANGING HEART T-LIGHT HOLDER,product,price,2.662359550561798,89,,-0.783,2.78,True,Normal,Drop,True
2011-03-02,22423,damages,product,price,11.420769230769231,65,,-0.782,11.98,True,Normal,Drop,True
2011-01-03,85099B,JUMBO BAG RED RETROSPOT,product,price,1.7357142857142858,280,,-0.773,1.83,True,Normal,Drop,True
2011-03-07,22423,damages,product,price,11.440909090909091,22,,-0.77,11.98,True,Normal,Drop,True
2011-12-07,85123A,CREAM HANGING HEART T-LIGHT HOLDER,product,price,2.670816326530612,784,,-0.77,2.77,True,Normal,Drop,True
2011-09-05,POST,,product,price,18.0,6,,-0.758,21.85,True,Normal,Drop,True
2011-07-11,23355,HOT WATER BOTTLE KEEP CALM,product,price,4.423972602739726,73,,-0.757,4.63,True,Normal,Drop,True
2011-11-08,48194,DOORMAT HEARTS,product,price,6.75,10,,-0.755,8.05,True,Normal,Drop,True
2011-12-09,22826,LOVE SEAT ANTIQUE WHITE METAL,product,price,85.0,3,,-0.747,125.0,True,Normal,Drop,True
2011-03-11,22086,PAPER CHAIN KIT 50'S CHRISTMAS ,product,price,2.57046511627907,1075,,-0.741,2.83,True,Normal,Drop,True
2011-09-08,POST,,product,price,18.0,1,,-0.741,21.76,True,Normal,Drop,True
2011-07-03,POST,,product,price,18.0,2,,-0.738,23.31,True,Normal,Drop,True
2010-08-12,84879,damaged,product,revenue,126.75,75,,-0.737,303.92,True,Normal,Drop,True
2011-09-12,POST,,product,price,17.666666666666668,9,,-0.737,21.38,True,Normal,Drop,True
2011-05-09,47566,PARTY BUNTING,product,price,4.421559633027523,109,,-0.733,4.72,True,Normal,Drop,True
2011-10-02,20685,DOORMAT RED RETROSPOT,product,price,6.75,10,,-0.722,7.42,True,Normal,Drop,True
2011-08-08,22826,LOVE SEAT ANTIQUE WHITE METAL,product,price,85.0,1,,-0.72,123.75,True,Normal,Drop,True
2011-09-06,22423,damages,product,price,11.524468085106383,47,,-0.713,12.03,True,Normal,Drop,True
2011-06-10,85099B,JUMBO BAG RED RETROSPOT,product,price,1.839054054054054,1480,,-0.709,1.94,True,Normal,Drop,True
2011-06-03,48187,DOORMAT NEW ENGLAND,product,price,7.0928571428571425,14,,-0.708,7.63,True,Normal,Drop,True
2011-07-08,22423,damages,product,price,11.378571428571428,21,,-0.704,11.88,True,Normal,Drop,True
2011-07-12,22086,PAPER CHAIN KIT 50'S CHRISTMAS ,product,price,2.6312749003984064,251,,-0.702,2.86,True,Normal,Drop,True
2011-08-03,21523,DOORMAT FANCY FONT HOME SWEET HOME,product,price,6.859090909090909,44,,-0.69,7.52,True,Normal,Drop,True
2011-10-05,POST,,product,price,17.25,8,,-0.688,20.7,True,Normal,Drop,True
2011-02-12,23355,HOT WATER BOTTLE KEEP CALM,product,price,4.401428571428571,70,,-0.686,4.56,True,Normal,Drop,True
2011-05-08,22086,PAPER CHAIN KIT 50'S CHRISTMAS ,product,price,2.6021739130434782,46,,-0.685,2.83,True,Normal,Drop,True
2011-03-08,22086,PAPER CHAIN KIT 50'S CHRISTMAS ,product,price,2.5863636363636364,44,,-0.684,2.83,True,Normal,Drop,True
2011-04-10,22086,PAPER CHAIN KIT 50'S CHRISTMAS ,product,price,2.592739726027397,730,,-0.671,2.82,True,Normal,Drop,True
2011-12-01,POST,,product,price,17.25,16,,-0.667,20.67,True,Normal,Drop,True
2011-07-07,21523,DOORMAT FANCY FONT HOME SWEET HOME,product,price,6.95,24,,-0.664,7.58,True,Normal,Drop,True
2011-09-11,POST,,product,price,18.0,10,,-0.664,21.36,True,Normal,Drop,True
2011-06-10,22423,damages,product,price,11.457692307692307,78,,-0.66,11.92,True,Normal,Drop,True
2011-11-08,47566,PARTY BUNTING,product,price,4.437179487179487,78,,-0.647,4.66,True,Normal,Drop,True
2011-04-01,82484,WOOD BLACK BOARD ANT WHITE FINISH,product,price,6.45,6,,-0.642,7.1,True,Normal,Drop,True
2011-07-01,22624,IVORY KITCHEN SCALES,product,price,7.7153846153846155,13,,-0.64,8.69,True,Normal,Drop,True
2011-07-07,48187,DOORMAT NEW ENGLAND,product,price,6.859090909090909,11,,-0.64,7.44,True,Normal,Drop,True
2011-11-05,22423,damages,product,price,11.55,54,,-0.623,11.97,True,Normal,Drop,True
2011-09-08,48194,DOORMAT HEARTS,product,price,7.026923076923077,26,,-0.622,7.61,True,Normal,Drop,True
2011-10-01,POST,,product,price,18.0,11,,-0.62,21.02,True,Normal,Drop,True
2010-12-12,22423,damages,product,price,11.119811320754717,53,,-0.615,11.44,True,Normal,Drop,True
2011-11-03,48138,DOORMAT UNION FLAG,product,price,6.95,36,,-0.615,7.52,True,Normal,Drop,True
2011-06-07,22423,damages,product,price,11.55,24,,-0.614,11.98,True,Normal,Drop,True
2011-08-08,85099B,JUMBO BAG RED RETROSPOT,product,price,1.8342372881355933,354,,-0.614,1.92,True,Normal,Drop,True
2011-08-03,48194,DOORMAT HEARTS,product,price,7.05,40,,-0.613,7.65,True,Normal,Drop,True
2011-08-06,22423,damages,product,price,11.47,45,,-0.605,11.92,True,Normal,Drop,True
2011-07-09,POST,,product,price,17.625,8,,-0.602,21.46,True,Normal,Drop,True
2011-04-08,22086,PAPER CHAIN KIT 50'S CHRISTMAS ,product,price,2.6166666666666667,144,,-0.595,2.83,True,Normal,Drop,True
2011-07-07,20685,DOORMAT RED RETROSPOT,product,price,6.859090909090909,11,,-0.59,7.41,True,Normal,Drop,True
2011-10-02,POST,,product,price,18.0,3,,-0.588,20.88,True,Normal,Drop,True
2011-08-07,85099B,JUMBO BAG RED RETROSPOT,product,price,1.8375,400,,-0.587,1.92,True,Normal,Drop,True
2011-05-05,22655,damages/showroom etc,product,price,125.0,2,,-0.586,173.57,True,Normal,Drop,True
2010-09-12,22423,damages,product,price,11.214,75,,-0.583,11.54,True,Normal,Drop,True
2011-06-09,21754,HOME BUILDING BLOCK WORD,product,price,5.521428571428571,21,,-0.58,6.14,True,Normal,Drop,True
2011-10-05,23284,,product,price,6.933050847457627,59,,-0.573,7.42,True,Normal,Drop,True
2011-11-05,48194,DOORMAT HEARTS,product,price,7.2,16,,-0.564,8.15,True,Normal,Drop,True
2010-09-12,POST,,product,price,18.344827586206897,29,,-0.56,19.75,True,Normal,Drop,True
2011-07-07,85099B,JUMBO BAG RED RETROSPOT,product,price,1.8391397849462365,372,,-0.559,1.92,True,Normal,Drop,True
2011-07-01,POST,,product,price,19.48148148148148,27,,-0.557,23.45,True,Normal,Drop,True
2011-11-09,POST,,product,price,18.0,14,,-0.556,21.04,True,Normal,Drop,True
2011-10-03,21523,DOORMAT FANCY FONT HOME SWEET HOME,product,price,6.95,12,,-0.553,7.46,True,Normal,Drop,True
2011-08-07,POST,,product,price,18.0,11,,-0.551,21.35,True,Normal,Drop,True
2011-10-06,POST,,product,price,18.0,8,,-0.546,20.73,True,Normal,Drop,True
2011-08-05,POST,,product,price,18.0,6,,-0.543,21.71,True,Normal,Drop,True
2011-05-06,22655,damages/showroom etc,product,price,125.0,1,,-0.54,167.5,True,Normal,Drop,True
2011-11-09,48194,DOORMAT HEARTS,product,price,7.08,10,,-0.538,8.01,True,Normal,Drop,True
2011-12-05,48194,DOORMAT HEARTS,product,price,7.0928571428571425,14,,-0.538,8.03,True,Normal,Drop,True
2010-09-12,79321,,product,revenue,260.4,56,,-0.535,430.44,True,Normal,Drop,True
2011-10-04,22655,damages/showroom etc,product,price,125.0,1,,-0.526,164.23,True,Normal,Drop,True
2011-05-09,22086,PAPER CHAIN KIT 50'S CHRISTMAS ,product,price,2.645238095238095,210,,-0.523,2.82,True,Normal,Drop,True
2011-08-03,POST,,product,price,18.0,5,,-0.522,21.5,True,Normal,Drop,True
2011-11-03,POST,,product,price,18.0,7,,-0.512,20.86,True,Normal,Drop,True
2011-07-02,22655,damages/showroom etc,product,price,125.0,1,,-0.504,162.78,True,Normal,Drop,True
2011-11-09,22655,damages/showroom etc,product,price,125.0,1,,-0.503,161.43,True,Normal,Drop,True
2011-02-11,POST,,product,price,18.0,4,,-0.503,23.04,True,Normal,Drop,True
2011-12-04,POST,,product,price,18.0,2,,-0.499,20.57,True,Normal,Drop,True
2011-09-11,21523,DOORMAT FANCY FONT HOME SWEET HOME,product,price,7.08,10,,-0.495,7.54,True,Normal,Drop,True
2011-11-05,21523,DOORMAT FANCY FONT HOME SWEET HOME,product,price,6.95,12,,-0.494,7.78,True,Normal,Drop,True
2011-07-12,85099B,JUMBO BAG RED RETROSPOT,product,revenue,166.4,80,,-0.492,419.86,True,Normal,Drop,True
2011-06-12,22086,PAPER CHAIN KIT 50'S CHRISTMAS ,product,price,2.683333333333333,180,,-0.491,2.85,True,Normal,Drop,True
2011-11-02,21523,DOORMAT FANCY FONT HOME SWEET HOME,product,price,6.968181818181818,44,,-0.489,7.79,True,Normal,Drop,True
2011-12-01,22655,damages/showroom etc,product,price,125.0,1,,-0.483,159.0,True,Normal,Drop,True
2011-02-11,85099B,JUMBO BAG RED RETROSPOT,product,price,1.8363025210084034,238,,-0.482,1.9,True,Normal,Drop,True
2011-01-07,22423,damages,product,price,11.497826086956522,23,,-0.48,11.86,True,Normal,Drop,True
2011-02-03,47566,PARTY BUNTING,product,price,4.423684210526316,76,,-0.477,4.62,True,Normal,Drop,True
2011-11-08,21523,DOORMAT FANCY FONT HOME SWEET HOME,product,price,6.95,24,,-0.475,7.75,True,Normal,Drop,True
2011-07-03,22655,damages/showroom etc,product,price,125.0,3,,-0.474,159.0,True,Normal,Drop,True
2011-07-09,85099B,JUMBO BAG RED RETROSPOT,product,price,1.845182186234818,247,,-0.472,1.91,True,Normal,Drop,True
2011-03-03,POST,,product,price,18.307692307692307,13,,-0.469,22.75,True,Normal,Drop,True
2011-10-02,48194,DOORMAT HEARTS,product,price,7.2,16,,-0.467,7.64,True,Normal,Drop,True
2011-09-12,21523,DOORMAT FANCY FONT HOME SWEET HOME,product,price,7.08,10,,-0.463,7.51,True,Normal,Drop,True
2011-02-11,22086,PAPER CHAIN KIT 50'S CHRISTMAS ,product,price,2.652479338842975,242,,-0.462,2.83,True,Normal,Drop,True
2011-01-06,POST,,product,price,17.4,5,,-0.456,22.37,True,Normal,Drop,True
2011-09-03,22655,damages/showroom etc,product,price,125.0,2,,-0.449,155.91,True,Normal,Drop,True
2011-02-09,POST,,product,price,18.76923076923077,13,,-0.441,23.26,True,Normal,Drop,True
2011-09-06,85099B,JUMBO BAG RED RETROSPOT,product,revenue,166.4,80,,-0.439,395.42,True,Normal,Drop,True
2011-12-06,POST,,product,price,18.0,5,,-0.439,20.83,True,Normal,Drop,True
2011-08-12,85099B,JUMBO BAG RED RETROSPOT,product,revenue,191.36,92,,-0.433,413.71,True,Normal,Drop,True
2011-01-05,POST,,product,price,18.0,8,,-0.422,22.76,True,Normal,Drop,True
2011-02-12,85099B,JUMBO BAG RED RETROSPOT,product,price,1.843265306122449,490,,-0.421,1.9,True,Normal,Drop,True
2010-10-12,POST,,product,price,18.64516129032258,31,,-0.413,19.62,True,Normal,Drop,True
2010-10-12,85123A,CREAM HANGING HEART T-LIGHT HOLDER,product,revenue,401.15,149,,-0.41,495.33,True,Normal,Drop,True
2011-07-07,POST,,product,price,19.272727272727273,11,,-0.405,21.96,True,Normal,Drop,True
2011-10-10,21523,DOORMAT FANCY FONT HOME SWEET HOME,product,price,7.08,10,,-0.404,7.45,True,Normal,Drop,True
2011-08-06,85099B,JUMBO BAG RED RETROSPOT,product,revenue,195.52,94,,-0.403,402.61,True,Normal,Drop,True
2011-01-03,POST,,product,price,18.90909090909091,11,,-0.4,19.85,True,Normal,Drop,True
2011-01-11,85099B,JUMBO BAG RED RETROSPOT,product,revenue,174.72,84,,-0.399,269.3,True,Normal,Drop,True
2011-08-09,POST,,product,price,19.416666666666668,12,,-0.395,21.89,True,Normal,Drop,True
2010-09-12,84879,damaged,product,revenue,202.8,120,,-0.393,291.28,True,Normal,Drop,True
2011-01-06,47566,PARTY BUNTING,product,price,4.304838709677419,124,,-0.393,4.48,True,Normal,Drop,True
2011-06-09,85099B,JUMBO BAG RED RETROSPOT,product,revenue,174.72,84,,-0.392,275.09,True,Normal,Drop,True
2011-01-07,POST,,product,price,18.0,3,,-0.386,22.08,True,Normal,Drop,True
2011-12-05,21523,DOORMAT FANCY FONT HOME SWEET HOME,product,price,7.0928571428571425,14,,-0.385,7.74,True,Normal,Drop,True
2011-06-06,M,Manual,product,price,0.39,12,,-0.381,98.15,True,Normal,Drop,True
2011-03-11,M,Manual,product,price,0.25070321811680574,839,,-0.377,77.83,True,Normal,Drop,True
2011-04-08,M,Manual,product,price,0.42,1,,-0.377,69.73,True,Normal,Drop,True
2011-06-10,M,Manual,product,price,1.25,3,,-0.377,97.89,True,Normal,Drop,True
2011-06-01,M,Manual,product,price,1.65,1,,-0.376,98.23,True,Normal,Drop,True
2011-12-10,M,Manual,product,price,0.36,18,,-0.376,214.32,True,Normal,Drop,True
2011-12-08,M,Manual,product,price,1.65,1,,-0.375,214.83,True,Normal,Drop,True
2010-08-12,85123A,CREAM HANGING HEART T-LIGHT HOLDER,product,revenue,408.05,147,,-0.373,505.8,True,Normal,Drop,True
2011-01-08,POST,,product,price,18.0,6,,-0.373,21.83,True,Normal,Drop,True
2011-04-01,82483,crushed,product,price,5.95,4,,-0.372,6.2,True,Normal,Drop,True
2011-01-08,84879,damaged,product,revenue,135.2,80,,-0.369,208.68,True,Normal,Drop,True
2011-11-05,23284,,product,price,7.122413793103449,29,,-0.369,7.45,True,Normal,Drop,True
2011-12-06,21523,DOORMAT FANCY FONT HOME SWEET HOME,product,price,7.0928571428571425,14,,-0.368,7.72,True,Normal,Drop,True
2011-04-10,M,Manual,product,price,0.6853846153846154,13,,-0.367,66.96,True,Normal,Drop,True
2011-05-05,M,Manual,product,price,2.1,3,,-0.366,97.69,True,Normal,Drop,True
2011-05-08,M,Manual,product,price,0.85,6,,-0.364,94.46,True,Normal,Drop,True
2011-04-01,M,Manual,product,price,1.592857142857143,7,,-0.361,74.02,True,Normal,Drop,True
2011-08-05,M,Manual,product,price,1.0,1,,-0.361,149.76,True,Normal,Drop,True
2011-08-03,85099B,JUMBO BAG RED RETROSPOT,product,revenue,228.15,117,,-0.36,413.15,True,Normal,Drop,True
2011-06-07,M,Manual,product,price,6.283333333333333,3,,-0.359,98.35,True,Normal,Drop,True
2011-01-08,85099B,JUMBO BAG RED RETROSPOT,product,price,1.83,348,,-0.358,1.88,True,Normal,Drop,True
2011-01-04,M,Manual,product,price,3.14,5,,-0.356,41.65,True,Normal,Drop,True
2011-04-03,M,Manual,product,price,0.85,1,,-0.355,70.54,True,Normal,Drop,True
2011-04-11,M,Manual,product,price,1.47,5,,-0.355,64.45,True,Normal,Drop,True
2011-05-09,M,Manual,product,price,4.0,1,,-0.352,94.55,True,Normal,Drop,True
2011-01-12,84879,damaged,product,revenue,148.72,88,,-0.349,215.85,True,Normal,Drop,True
2011-08-02,85099B,JUMBO BAG RED RETROSPOT,product,revenue,229.35,133,,-0.349,409.15,True,Normal,Drop,True
2011-11-10,M,Manual,product,price,1.0,18,,-0.349,199.8,True,Normal,Drop,True
2011-07-10,POST,,product,price,19.083333333333332,36,,-0.349,21.31,True,Normal,Drop,True
2011-07-12,23355,HOT WATER BOTTLE KEEP CALM,product,revenue,228.3,50,,-0.346,353.91,True,Normal,Drop,True
2011-06-11,M,Manual,product,price,0.5336363636363637,22,,-0.343,87.6,True,Normal,Drop,True
2011-07-04,M,Manual,product,price,0.85,2,,-0.343,87.93,True,Normal,Drop,True
2011-08-05,85099B,JUMBO BAG RED RETROSPOT,product,revenue,228.8,110,,-0.341,404.25,True,Normal,Drop,True
2011-06-12,M,Manual,product,price,1.17,5,,-0.34,87.54,True,Normal,Drop,True
2011-01-07,M,Manual,product,price,1.0,1,,-0.339,33.81,True,Normal,Drop,True
2011-01-04,84879,damaged,product,revenue,184.21,109,,-0.338,254.03,True,Normal,Drop,True
2011-08-03,M,Manual,product,price,2.1,6,,-0.338,88.0,True,Normal,Drop,True
2011-11-11,M,Manual,product,price,8.975,2,,-0.335,199.89,True,Normal,Drop,True
2011-01-08,M,Manual,product,price,0.0,1,,-0.332,30.74,True,Normal,Drop,True
2011-07-06,M,Manual,product,price,3.75,1,,-0.332,88.05,True,Normal,Drop,True
2011-03-02,POST,,product,price,19.72222222222222,18,,-0.332,22.92,True,Normal,Drop,True
2011-11-10,23355,HOT WATER BOTTLE KEEP CALM,product,revenue,213.45,47,,-0.33,323.39,True,Normal,Drop,True
2011-01-06,M,Manual,product,price,3.95,1,,-0.328,37.46,True,Normal,Drop,True
2011-01-02,85099B,JUMBO BAG RED RETROSPOT,product,price,1.7949612403100774,387,,-0.326,1.83,True,Normal,Drop,True
2011-10-10,M,Manual,product,price,0.659,10,,-0.325,128.16,True,Normal,Drop,True
2011-10-07,M,Manual,product,price,1.8166666666666667,3,,-0.323,128.77,True,Normal,Drop,True
2011-06-05,85099B,JUMBO BAG RED RETROSPOT,product,revenue,169.26,82,,-0.322,254.18,True,Normal,Drop,True
2011-11-04,M,Manual,product,price,1.5,1,,-0.321,120.16,True,Normal,Drop,True
2011-10-11,POST,,product,price,19.6,15,,-0.32,21.46,True,Normal,Drop,True
2011-08-07,M,Manual,product,price,0.79,2,,-0.319,125.17,True,Normal,Drop,True
2011-08-11,M,Manual,product,price,0.76875,32,,-0.317,124.33,True,Normal,Drop,True
2011-11-07,M,Manual,product,price,0.40285714285714286,7,,-0.314,116.5,True,Normal,Drop,True
2011-01-04,85123A,CREAM HANGING HEART T-LIGHT HOLDER,product,revenue,366.75,133,,-0.312,436.9,True,Normal,Drop,True
2011-07-11,85099B,JUMBO BAG RED RETROSPOT,product,revenue,278.72,134,,-0.31,438.65,True,Normal,Drop,True
2011-09-11,M,Manual,product,price,0.25083263946711076,1201,,-0.299,117.41,True,Normal,Drop,True
2011-08-12,M,Manual,product,price,0.42,3,,-0.298,116.78,True,Normal,Drop,True
2011-09-06,M,Manual,product,price,0.38,12,,-0.298,116.85,True,Normal,Drop,True
2011-06-10,23355,HOT WATER BOTTLE KEEP CALM,product,revenue,242.55,49,,-0.297,366.5,True,Normal,Drop,True
2011-01-12,M,Manual,product,price,1.1822222222222223,9,,-0.296,26.37,True,Normal,Drop,True
2011-09-03,M,Manual,product,price,1.5346153846153845,13,,-0.295,116.87,True,Normal,Drop,True
2011-09-02,M,Manual,product,price,2.95,1,,-0.292,116.87,True,Normal,Drop,True
2011-07-03,M,Manual,product,price,15.833333333333334,3,,-0.284,87.93,True,Normal,Drop,True
2011-10-01,M,Manual,product,price,6.7,1,,-0.284,117.62,True,Normal,Drop,True
2011-01-09,M,Manual,product,price,3.5605109489051094,137,,-0.281,28.47,True,Normal,Drop,True
2011-03-02,M,Manual,product,price,15.0,1,,-0.279,76.6,True,Normal,Drop,True
2011-11-10,84879,damaged,product,revenue,128.44,76,,-0.272,244.16,True,Normal,Drop,True
2011-11-03,85099B,JUMBO BAG RED RETROSPOT,product,revenue,195.0,100,,-0.269,309.77,True,Normal,Drop,True
2011-09-09,23355,HOT WATER BOTTLE KEEP CALM,product,revenue,247.5,50,,-0.265,337.52,True,Normal,Drop,True
2011-03-02,85099B,JUMBO BAG RED RETROSPOT,product,revenue,215.7,126,,-0.263,279.9,True,Normal,Drop,True
2011-01-05,85099B,JUMBO BAG RED RETROSPOT,product,revenue,197.6,95,,-0.261,257.73,True,Normal,Drop,True
2011-06-04,85099B,JUMBO BAG RED RETROSPOT,product,revenue,183.16,102,,-0.26,252.0,True,Normal,Drop,True
2010-10-12,84879,damaged,product,revenue,229.84,136,,-0.258,284.45,True,Normal,Drop,True
2011-08-11,85099B,JUMBO BAG RED RETROSPOT,product,revenue,278.72,134,,-0.258,411.49,True,Normal,Drop,True
2010-08-12,82483,crushed,product,price,5.254347826086956,46,,-0.257,5.34,True,Normal,Drop,True
2011-01-11,22086,PAPER CHAIN KIT 50'S CHRISTMAS ,product,revenue,225.9,82,,-0.256,269.44,True,Normal,Drop,True
2011-04-11,22086,PAPER CHAIN KIT 50'S CHRISTMAS ,product,revenue,240.65,87,,-0.255,388.43,True,Normal,Drop,True
2011-05-01,M,Manual,product,price,18.95,1,,-0.252,62.76,True,Normal,Drop,True
2011-03-10,84879,damaged,product,revenue,121.68,72,,-0.25,164.76,True,Normal,Drop,True
2011-05-12,POST,,product,price,12.7,10,,-0.244,52.77,True,Normal,Drop,True
2011-11-01,M,Manual,product,price,12.75,1,,-0.231,91.99,True,Normal,Drop,True
2011-04-01,84879,damaged,product,revenue,121.68,72,,-0.23,160.68,True,Normal,Drop,True
2011-03-08,POST,,product,price,15.0,9,,-0.227,52.36,True,Normal,Drop,True
2011-01-09,84879,damaged,product,revenue,162.24,96,,-0.226,206.1,True,Normal,Drop,True
2011-12-10,22086,PAPER CHAIN KIT 50'S CHRISTMAS ,product,revenue,220.0,80,,-0.225,274.4,True,Normal,Drop,True
2011-11-11,84879,damaged,product,revenue,153.79,91,,-0.225,249.12,True,Normal,Drop,True
2011-03-05,M,Manual,product,price,25.95,1,,-0.223,73.62,True,Normal,Drop,True
2011-04-07,POST,,product,price,18.0,3,,-0.219,53.97,True,Normal,Drop,True
2011-04-09,POST,,product,price,18.0,9,,-0.219,53.96,True,Normal,Drop,True
2011-05-05,POST,,product,price,17.625,8,,-0.219,53.57,True,Normal,Drop,True
2011-05-06,POST,,product,price,17.0,36,,-0.218,52.8,True,Normal,Drop,True
2011-06-11,85099B,JUMBO BAG RED RETROSPOT,product,revenue,235.1,120,,-0.215,344.08,True,Normal,Drop,True
2011-06-07,POST,,product,price,17.333333333333332,12,,-0.215,52.69,True,Normal,Drop,True
2011-04-12,POST,,product,price,18.0,13,,-0.212,52.83,True,Normal,Drop,True
2011-05-01,POST,,product,price,18.0,7,,-0.212,52.85,True,Normal,Drop,True
2011-06-01,POST,,product,price,18.0,5,,-0.212,52.75,True,Normal,Drop,True
2011-03-10,POST,,product,price,18.0,2,,-0.209,52.38,True,Normal,Drop,True
2011-06-06,POST,,product,price,18.416666666666668,12,,-0.209,52.77,True,Normal,Drop,True
2011-06-01,84879,damaged,product,revenue,148.72,88,,-0.208,329.4,True,Normal,Drop,True
2011-08-03,84879,damaged,product,revenue,135.2,80,,-0.205,158.19,True,Normal,Drop,True
2011-02-12,79321,,product,price,4.8127218934911244,169,,-0.202,4.93,True,Normal,Drop,True
2011-10-02,84879,damaged,product,revenue,121.68,72,,-0.2,190.67,True,Normal,Drop,True
2011-08-08,84879,damaged,product,revenue,148.72,88,,-0.199,172.8,True,Normal,Drop,True
2011-03-06,POST,,product,price,20.333333333333332,3,,-0.199,53.65,True,Normal,Drop,True
2011-05-08,POST,,product,price,20.666666666666668,15,,-0.199,53.32,True,Normal,Drop,True
2010-10-12,85099B,JUMBO BAG RED RETROSPOT,product,revenue,204.0,120,,-0.198,244.0,True,Normal,Drop,True
2011-08-11,22086,PAPER CHAIN KIT 50'S CHRISTMAS ,product,revenue,247.8,84,,-0.197,363.08,True,Normal,Drop,True
2011-04-11,84879,damaged,product,revenue,135.2,80,,-0.197,307.84,True,Normal,Drop,True
2011-01-09,85123A,CREAM HANGING HEART T-LIGHT HOLDER,product,revenue,308.0,112,,-0.196,354.78,True,Normal,Drop,True
2011-04-10,POST,,product,price,22.0,4,,-0.195,54.06,True,Normal,Drop,True
2011-02-02,82484,WOOD BLACK BOARD ANT WHITE FINISH,product,price,6.45,1,,-0.193,6.63,True,Normal,Drop,True
2010-08-12,85099B,JUMBO BAG RED RETROSPOT,product,price,1.8007462686567164,201,,-0.193,1.82,True,Normal,Drop,True
2011-05-09,23355,HOT WATER BOTTLE KEEP CALM,product,revenue,248.1,54,,-0.192,322.16,True,Normal,Drop,True
2011-04-03,84879,damaged,product,revenue,121.68,72,,-0.19,154.21,True,Normal,Drop,True
2011-05-10,84879,damaged,product,revenue,153.79,91,,-0.19,319.66,True,Normal,Drop,True
2011-04-08,POST,,product,price,22.956521739130434,23,,-0.19,54.12,True,Normal,Drop,True
2011-04-09,84879,damaged,product,revenue,135.2,80,,-0.189,301.36,True,Normal,Drop,True
2011-04-10,84879,damaged,product,revenue,141.96,84,,-0.187,306.04,True,Normal,Drop,True
2011-06-09,84879,damaged,product,revenue,148.72,88,,-0.185,308.53,True,Normal,Drop,True
2011-04-05,POST,,product,price,23.714285714285715,14,,-0.185,53.99,True,Normal,Drop,True
2011-04-11,POST,,product,price,22.444444444444443,18,,-0.185,52.83,True,Normal,Drop,True
2011-03-11,POST,,product,price,22.266666666666666,15,,-0.184,52.52,True,Normal,Drop,True
2011-05-09,POST,,product,price,23.75,16,,-0.18,53.22,True,Normal,Drop,True
2011-05-07,84879,damaged,product,revenue,155.48,92,,-0.179,311.94,True,Normal,Drop,True
2011-06-05,POST,,product,price,23.555555555555557,9,,-0.179,52.93,True,Normal,Drop,True
2011-05-06,84879,damaged,product,revenue,162.24,96,,-0.178,318.1,True,Normal,Drop,True
2011-03-10,22086,PAPER CHAIN KIT 50'S CHRISTMAS ,product,revenue,212.07,69,,-0.173,246.68,True,Normal,Drop,True
2011-04-03,POST,,product,price,25.142857142857142,7,,-0.172,53.46,True,Normal,Drop,True
2011-03-08,84879,damaged,product,revenue,138.58,82,,-0.17,167.97,True,Normal,Drop,True
2011-06-12,POST,,product,price,22.185185185185187,27,,-0.17,23.4,True,Normal,Drop,True
2011-06-11,22086,PAPER CHAIN KIT 50'S CHRISTMAS ,product,revenue,258.35,93,,-0.167,355.8,True,Normal,Drop,True
2011-12-09,85123A,CREAM HANGING HEART T-LIGHT HOLDER,product,revenue,316.6,116,,-0.167,579.4,True,Normal,Drop,True
2011-05-12,84879,damaged,product,revenue,184.21,109,,-0.162,325.35,True,Normal,Drop,True
2011-04-02,POST,,product,price,26.8,10,,-0.162,53.38,True,Normal,Drop,True
2011-11-11,POST,,product,price,19.941176470588236,34,,-0.158,20.75,True,Normal,Drop,True
2011-11-09,84879,damaged,product,revenue,175.76,104,,-0.156,242.13,True,Normal,Drop,True
2011-06-09,POST,,product,price,28.0,11,,-0.152,53.01,True,Normal,Drop,True
2011-06-06,85099B,JUMBO BAG RED RETROSPOT,product,revenue,219.76,122,,-0.151,259.28,True,Normal,Drop,True
2011-10-01,84879,damaged,product,revenue,135.2,80,,-0.15,187.07,True,Normal,Drop,True
2011-10-11,M,Manual,product,price,40.46,1,,-0.149,91.63,True,Normal,Drop,True
2011-05-10,POST,,product,price,28.95,20,,-0.146,52.85,True,Normal,Drop,True
2011-05-05,84879,damaged,product,revenue,192.66,114,,-0.143,317.65,True,Normal,Drop,True
2011-12-04,85099B,JUMBO BAG RED RETROSPOT,product,revenue,219.3,120,,-0.141,279.02,True,Normal,Drop,True
2011-04-04,POST,,product,price,32.5,8,,-0.131,53.94,True,Normal,Drop,True
2011-11-05,85123A,CREAM HANGING HEART T-LIGHT HOLDER,product,revenue,293.0,108,,-0.13,494.56,True,Normal,Drop,True
2011-02-02,M,Manual,product,price,15.0,1,,-0.129,25.56,True,Normal,Drop,True
2011-11-10,POST,,product,price,20.46153846153846,13,,-0.121,21.12,True,Normal,Drop,True
2011-06-05,84879,damaged,product,revenue,202.8,120,,-0.117,303.91,True,Normal,Drop,True
2011-01-12,POST,,product,price,21.666666666666668,12,,-0.117,22.86,True,Normal,Drop,True
2011-11-03,85123A,CREAM HANGING HEART T-LIGHT HOLDER,product,revenue,328.75,125,,-0.112,501.93,True,Normal,Drop,True
2011-06-07,84879,damaged,product,revenue,216.32,128,,-0.106,308.19,True,Normal,Drop,True
2011-02-09,85099B,JUMBO BAG RED RETROSPOT,product,revenue,239.2,115,,-0.103,261.94,True,Normal,Drop,True
2011-06-11,84879,damaged,product,revenue,229.84,136,,-0.1,316.36,True,Normal,Drop,True
2011-11-11,85123A,CREAM HANGING HEART T-LIGHT HOLDER,product,revenue,346.1,126,,-0.1,501.28,True,Normal,Drop,True
2011-07-11,23355,HOT WATER BOTTLE KEEP CALM,product,revenue,322.95,73,,-0.098,359.37,True,Normal,Drop,True
2011-10-08,84879,damaged,product,revenue,148.72,88,,-0.097,182.36,True,Normal,Drop,True
2010-09-12,82483,crushed,product,price,5.31,25,,-0.086,5.34,True,Normal,Drop,True
2011-09-06,POST,,product,price,21.363636363636363,22,,-0.082,21.78,True,Normal,Drop,True
2011-01-02,82484,WOOD BLACK BOARD ANT WHITE FINISH,product,price,5.8961538461538465,39,,-0.064,5.93,True,Normal,Drop,True
2011-08-12,79321,,product,revenue,222.3,42,,-0.058,249.39,True,Normal,Drop,True
2011-06-12,85099B,JUMBO BAG RED RETROSPOT,product,revenue,328.76,172,,-0.049,353.28,True,Normal,Drop,True
2011-08-11,POST,,product,price,21.0,9,,-0.048,21.25,True,Normal,Drop,True
2011-07-03,84879,damaged,product,revenue,286.08,192,,-0.045,325.35,True,Normal,Drop,True
2011-11-05,85099B,JUMBO BAG RED RETROSPOT,product,revenue,291.32,154,,-0.044,310.02,True,Normal,Drop,True
2011-05-12,23355,HOT WATER BOTTLE KEEP CALM,product,revenue,371.85,79,,-0.038,388.49,True,Normal,Drop,True
2011-12-06,85099B,JUMBO BAG RED RETROSPOT,product,revenue,278.84,148,,-0.035,293.64,True,Normal,Drop,True
2011-05-08,85099B,JUMBO BAG RED RETROSPOT,product,revenue,244.72,134,,-0.033,253.89,True,Normal,Drop,True
2011-06-03,85123A,CREAM HANGING HEART T-LIGHT HOLDER,product,revenue,272.35,101,,-0.028,280.47,True,Normal,Drop,True
2011-11-11,23355,HOT WATER BOTTLE KEEP CALM,product,revenue,312.45,67,,-0.022,319.91,True,Normal,Drop,True
2011-02-06,85099B,JUMBO BAG RED RETROSPOT,product,revenue,266.36,142,,-0.016,270.05,True,Normal,Drop,True
2010-09-12,82484,WOOD BLACK BOARD ANT WHITE FINISH,product,price,5.85,18,,-0.016,5.86,True,Normal,Drop,True
2011-07-10,23355,HOT WATER BOTTLE KEEP CALM,product,revenue,357.6,80,,-0.009,361.03,True,Normal,Drop,True
2011-08-06,85123A,CREAM HANGING HEART T-LIGHT HOLDER,product,revenue,268.4,104,,-0.004,269.31,True,Normal,Drop,True
2011-11-01,POST,,product,price,21.529411764705884,17,,-0.002,21.54,True,Normal,Drop,True
2011-12-04,85123A,CREAM HANGING HEART T-LIGHT HOLDER,product,revenue,520.1,198,,0.003,515.56,True,Normal,Spike,True
2011-11-07,84879,damaged,product,revenue,201.11,119,,0.005,199.4,True,Normal,Spike,True
2011-07-11,POST,,product,price,21.46153846153846,13,,0.006,21.42,True,Normal,Spike,True
2011-12-09,23355,HOT WATER BOTTLE KEEP CALM,product,revenue,327.9,74,,0.022,320.56,True,Normal,Spike,True
2011-11-09,,,overall,revenue,34110.74,20051,1916.0,0.024,33329.28,True,Normal,Spike,True
2011-11-02,85123A,CREAM HANGING HEART T-LIGHT HOLDER,product,revenue,543.75,209,,0.03,497.66,True,Normal,Spike,True
2011-01-12,85099B,JUMBO BAG RED RETROSPOT,product,revenue,276.76,147,,0.031,269.68,True,Normal,Spike,True
2011-02-12,POST,,product,price,23.352941176470587,17,,0.031,23.05,True,Normal,Spike,True
2011-04-05,84879,damaged,product,revenue,162.24,96,,0.033,156.57,True,Normal,Spike,True
2011-11-10,22086,PAPER CHAIN KIT 50'S CHRISTMAS ,product,revenue,265.5,90,,0.038,256.38,True,Normal,Spike,True
2010-09-12,85123A,CREAM HANGING HEART T-LIGHT HOLDER,product,revenue,516.2,188,,0.038,507.1,True,Normal,Spike,True
2011-08-06,84879,damaged,product,revenue,175.76,104,,0.044,170.32,True,Normal,Spike,True
2011-05-12,M,Manual,product,price,110.175,2,,0.047,98.2,True,Normal,Spike,True
2011-12-05,85123A,CREAM HANGING HEART T-LIGHT HOLDER,product,revenue,600.75,221,,0.048,526.38,True,Normal,Spike,True
2011-06-12,84879,damaged,product,revenue,367.2,240,,0.049,324.54,True,Normal,Spike,True
2011-04-08,22086,PAPER CHAIN KIT 50'S CHRISTMAS ,product,revenue,376.8,144,,0.054,348.47,True,Normal,Spike,True
2011-01-11,POST,,product,price,23.5,12,,0.054,22.93,True,Normal,Spike,True
2011-04-04,M,Manual,product,price,82.3,2,,0.059,71.07,True,Normal,Spike,True
2011-05-04,84879,damaged,product,revenue,380.72,248,,0.062,326.51,True,Normal,Spike,True
2011-12-04,84879,damaged,product,revenue,283.92,168,,0.065,256.33,True,Normal,Spike,True
2011-02-10,79321,,product,revenue,260.6,52,,0.066,241.97,True,Normal,Spike,True
2011-09-11,23355,HOT WATER BOTTLE KEEP CALM,product,revenue,351.45,71,,0.07,328.38,True,Normal,Spike,True
2011-07-01,79321,,product,revenue,306.0,72,,0.07,273.14,True,Normal,Spike,True
2011-06-11,23355,HOT WATER BOTTLE KEEP CALM,product,revenue,397.8,92,,0.073,368.15,True,Normal,Spike,True
2011-08-09,22727,ALARM CLOCK BAKELIKE RED ,product,revenue,183.75,49,,0.081,154.49,True,Normal,Spike,True
2011-05-01,84879,damaged,product,revenue,392.08,232,,0.083,319.22,True,Normal,Spike,True
2011-11-11,,,overall,revenue,36457.05,23494,2302.0,0.094,33394.68,True,Normal,Spike,True
2011-04-01,79321,,product,revenue,263.4,60,,0.099,236.03,True,Normal,Spike,True
2010-09-12,22086,PAPER CHAIN KIT 50'S CHRISTMAS ,product,revenue,373.4,132,,0.109,357.19,True,Normal,Spike,True
2011-09-06,47566,PARTY BUNTING,product,revenue,331.65,67,,0.109,293.64,True,Normal,Spike,True
2012-01-16,84879,damaged,product,revenue,196.35,112,,0.115,162.42,True,Normal,Spike,True
2011-07-09,85099B,JUMBO BAG RED RETROSPOT,product,revenue,455.76,247,,0.116,396.62,True,Normal,Spike,True
2011-06-06,85123A,CREAM HANGING HEART T-LIGHT HOLDER,product,revenue,305.8,108,,0.117,274.47,True,Normal,Spike,True
2011-02-08,82483,crushed,product,price,5.95,16,,0.126,5.87,True,Normal,Spike,True
2011-09-11,23284,,product,revenue,365.7,50,,0.132,314.15,True,Normal,Spike,True
2011-11-08,47566,PARTY BUNTING,product,revenue,346.1,78,,0.135,304.55,True,Normal,Spike,True
2010-09-12,22112,CHOCOLATE HOT WATER BOTTLE,product,revenue,240.6,52,,0.14,228.22,True,Normal,Spike,True
2011-08-11,23355,HOT WATER BOTTLE KEEP CALM,product,revenue,396.6,84,,0.142,346.7,True,Normal,Spike,True
2011-06-12,23355,HOT WATER BOTTLE KEEP CALM,product,revenue,431.25,91,,0.152,371.3,True,Normal,Spike,True
2011-09-08,22457,NATURAL SLATE HEART CHALKBOARD ,product,revenue,175.5,66,,0.153,130.09,True,Normal,Spike,True
2011-08-09,22457,NATURAL SLATE HEART CHALKBOARD ,product,revenue,181.4,68,,0.155,134.9,True,Normal,Spike,True
2011-09-08,85099B,JUMBO BAG RED RETROSPOT,product,revenue,489.04,263,,0.16,405.9,True,Normal,Spike,True
2011-04-04,84879,damaged,product,revenue,180.83,107,,0.165,152.57,True,Normal,Spike,True
2011-02-11,84879,damaged,product,revenue,216.32,128,,0.166,185.88,True,Normal,Spike,True
2011-08-11,85123A,CREAM HANGING HEART T-LIGHT HOLDER,product,revenue,267.45,95,,0.168,236.28,True,Normal,Spike,True
2011-09-01,85123A,CREAM HANGING HEART T-LIGHT HOLDER,product,revenue,273.35,97,,0.168,242.58,True,Normal,Spike,True
2011-07-06,,,overall,revenue,33769.93,17613,1416.0,0.172,30881.56,True,Normal,Spike,True
2011-12-04,M,Manual,product,price,308.82,1,,0.173,210.14,True,Normal,Spike,True
2011-12-09,22086,PAPER CHAIN KIT 50'S CHRISTMAS ,product,revenue,311.45,111,,0.174,268.84,True,Normal,Spike,True
2011-05-09,22727,ALARM CLOCK BAKELIKE RED ,product,revenue,187.5,50,,0.176,133.48,True,Normal,Spike,True
2011-02-08,79321,,product,revenue,260.6,52,,0.181,213.01,True,Normal,Spike,True
2011-06-10,84879,damaged,product,revenue,481.65,285,,0.186,320.53,True,Normal,Spike,True
2011-10-08,47566,PARTY BUNTING,product,revenue,356.0,80,,0.194,289.99,True,Normal,Spike,True
2011-01-02,85123A,CREAM HANGING HEART T-LIGHT HOLDER,product,revenue,507.9,194,,0.195,462.17,True,Normal,Spike,True
2011-08-12,85123A,CREAM HANGING HEART T-LIGHT HOLDER,product,revenue,278.25,103,,0.195,242.54,True,Normal,Spike,True
2011-04-07,M,Manual,product,price,109.395,4,,0.196,72.74,True,Normal,Spike,True
2011-10-05,79321,,product,revenue,210.8,40,,0.2,164.95,True,Normal,Spike,True
2011-06-12,22086,PAPER CHAIN KIT 50'S CHRISTMAS ,product,revenue,483.0,180,,0.202,365.16,True,Normal,Spike,True
2011-06-01,,,overall,revenue,34310.24,21567,1259.0,0.218,30615.7,True,Normal,Spike,True
2011-10-05,23284,,product,revenue,409.05,59,,0.223,321.96,True,Normal,Spike,True
2011-09-08,M,Manual,product,price,208.34,1,,0.223,121.05,True,Normal,Spike,True
2011-06-10,23284,,product,revenue,401.85,55,,0.226,308.49,True,Normal,Spike,True
2011-02-12,23355,HOT WATER BOTTLE KEEP CALM,product,revenue,308.1,70,,0.231,283.63,True,Normal,Spike,True
2011-06-05,23284,,product,revenue,424.95,61,,0.232,324.51,True,Normal,Spike,True
2011-10-11,23355,HOT WATER BOTTLE KEEP CALM,product,revenue,401.55,85,,0.232,324.2,True,Normal,Spike,True
2011-09-03,85123A,CREAM HANGING HEART T-LIGHT HOLDER,product,revenue,276.3,98,,0.24,232.42,True,Normal,Spike,True
2011-08-11,22727,ALARM CLOCK BAKELIKE RED ,product,revenue,247.5,66,,0.251,156.49,True,Normal,Spike,True
2010-08-12,22112,CHOCOLATE HOT WATER BOTTLE,product,revenue,250.5,54,,0.253,226.46,True,Normal,Spike,True
2011-06-11,23284,,product,revenue,415.2,56,,0.254,312.3,True,Normal,Spike,True
2011-11-04,47566,PARTY BUNTING,product,revenue,405.5,90,,0.258,319.36,True,Normal,Spike,True
2011-02-09,85123A,CREAM HANGING HEART T-LIGHT HOLDER,product,revenue,414.9,158,,0.266,346.81,True,Normal,Spike,True
2011-04-03,85099B,JUMBO BAG RED RETROSPOT,product,revenue,322.95,181,,0.275,251.22,True,Normal,Spike,True
2011-07-07,84879,damaged,product,revenue,202.8,120,,0.295,168.77,True,Normal,Spike,True
2011-10-08,79321,,product,revenue,243.35,49,,0.297,176.26,True,Normal,Spike,True
2011-05-12,22726,,product,revenue,179.56,37,,0.304,121.46,True,Normal,Spike,True
2011-09-11,85123A,CREAM HANGING HEART T-LIGHT HOLDER,product,revenue,294.95,113,,0.308,238.12,True,Normal,Spike,True
2012-01-07,22086,PAPER CHAIN KIT 50'S CHRISTMAS ,product,revenue,303.96,104,,0.313,233.2,True,Normal,Spike,True
2011-06-09,23245,SET OF 3 REGENCY CAKE TINS,product,revenue,219.0,52,,0.313,148.7,True,Normal,Spike,True
2011-09-02,47566,PARTY BUNTING,product,revenue,394.8,104,,0.315,285.57,True,Normal,Spike,True
2011-10-10,22086,PAPER CHAIN KIT 50'S CHRISTMAS ,product,revenue,569.81,211,,0.317,382.96,True,Normal,Spike,True
2011-05-09,22086,PAPER CHAIN KIT 50'S CHRISTMAS ,product,revenue,555.5,210,,0.322,370.61,True,Normal,Spike,True
2011-10-10,,,overall,revenue,40786.22,23846,2635.0,0.323,30383.71,True,Normal,Spike,True
2011-05-07,85123A,CREAM HANGING HEART T-LIGHT HOLDER,product,revenue,344.1,134,,0.323,255.7,True,Normal,Spike,True
2011-11-02,47566,PARTY BUNTING,product,revenue,414.6,108,,0.34,298.76,True,Normal,Spike,True
2011-03-10,23355,HOT WATER BOTTLE KEEP CALM,product,revenue,322.35,69,,0.342,288.47,True,Normal,Spike,True
2011-08-09,84879,damaged,product,revenue,216.32,128,,0.342,174.88,True,Normal,Spike,True
2011-10-03,22457,NATURAL SLATE HEART CHALKBOARD ,product,revenue,230.1,78,,0.346,126.25,True,Normal,Spike,True
2011-12-05,85099B,JUMBO BAG RED RETROSPOT,product,revenue,434.96,237,,0.348,287.14,True,Normal,Spike,True
2011-09-02,POST,,product,price,23.181818181818183,11,,0.349,21.36,True,Normal,Spike,True
2011-05-07,23284,,product,revenue,401.1,58,,0.365,263.66,True,Normal,Spike,True
2011-10-11,22457,NATURAL SLATE HEART CHALKBOARD ,product,revenue,241.79,81,,0.368,131.06,True,Normal,Spike,True
2011-10-11,22086,PAPER CHAIN KIT 50'S CHRISTMAS ,product,revenue,446.86,138,,0.37,305.74,True,Normal,Spike,True
2011-08-05,23298,"BUNTING , SPOTTY ",product,revenue,277.2,56,,0.373,208.24,True,Normal,Spike,True
2011-02-02,POST,,product,price,26.8,5,,0.373,23.06,True,Normal,Spike,True
2012-01-17,21621,,product,revenue,274.88,32,,0.378,153.29,True,Normal,Spike,True
2011-11-10,,,overall,revenue,46131.34,26529,1784.0,0.383,33604.99,True,Normal,Spike,True
2011-10-05,84879,damaged,product,revenue,324.48,192,,0.384,191.95,True,Normal,Spike,True
2010-08-12,85099B,JUMBO BAG RED RETROSPOT,product,revenue,361.95,201,,0.385,280.67,True,Normal,Spike,True
2011-07-06,85099B,JUMBO BAG RED RETROSPOT,product,revenue,592.22,314,,0.387,394.0,True,Normal,Spike,True
2011-12-05,21621,,product,revenue,280.5,33,,0.394,152.95,True,Normal,Spike,True
2012-01-17,23355,HOT WATER BOTTLE KEEP CALM,product,revenue,252.8,51,,0.394,200.14,True,Normal,Spike,True
2011-11-03,84879,damaged,product,revenue,326.64,216,,0.401,187.77,True,Normal,Spike,True
2011-12-07,POST,,product,price,23.5,8,,0.412,20.84,True,Normal,Spike,True
2011-10-11,84879,damaged,product,revenue,338.0,200,,0.422,191.82,True,Normal,Spike,True
2011-08-02,85123A,CREAM HANGING HEART T-LIGHT HOLDER,product,revenue,394.25,151,,0.425,284.65,True,Normal,Spike,True
2011-08-12,22086,PAPER CHAIN KIT 50'S CHRISTMAS ,product,revenue,632.2,236,,0.427,382.19,True,Normal,Spike,True
2011-06-07,85099B,JUMBO BAG RED RETROSPOT,product,revenue,382.84,198,,0.43,271.77,True,Normal,Spike,True
2011-08-08,85099B,JUMBO BAG RED RETROSPOT,product,revenue,649.32,354,,0.439,423.11,True,Normal,Spike,True
2011-08-06,22720,,product,revenue,238.65,55,,0.443,142.63,True,Normal,Spike,True
2011-09-08,85123A,CREAM HANGING HEART T-LIGHT HOLDER,product,revenue,318.55,121,,0.446,235.92,True,Normal,Spike,True
2011-04-08,85123A,CREAM HANGING HEART T-LIGHT HOLDER,product,revenue,349.05,127,,0.447,242.08,True,Normal,Spike,True
2010-08-12,,,overall,revenue,38837.67,21328,1866.0,0.45,35502.29,True,Normal,Spike,True
2011-06-07,23298,"BUNTING , SPOTTY ",product,revenue,272.25,55,,0.45,193.31,True,Normal,Spike,True
2010-09-12,,,overall,revenue,39191.87,17747,1744.0,0.462,35963.49,True,Normal,Spike,True
2011-05-09,,,overall,revenue,35313.06,22172,1360.0,0.482,28237.66,True,Normal,Spike,True
2011-05-10,22727,ALARM CLOCK BAKELIKE RED ,product,revenue,289.5,82,,0.482,141.12,True,Normal,Spike,True
2011-03-03,,,overall,revenue,33196.33,19215,930.0,0.506,27764.79,True,Normal,Spike,True
2011-07-12,22086,PAPER CHAIN KIT 50'S CHRISTMAS ,product,revenue,660.45,251,,0.51,361.52,True,Normal,Spike,True
2015-07-21,82486,3 DRAWER ANTIQUE WHITE WOOD CABINET,product,revenue,318.9,37,,0.516,204.47,True,Normal,Spike,True
2011-11-11,79321,,product,revenue,237.6,48,,0.519,159.03,True,Normal,Spike,True
2011-08-03,21523,DOORMAT FANCY FONT HOME SWEET HOME,product,revenue,301.8,44,,0.525,148.25,True,Normal,Spike,True
2011-10-05,M,Manual,product,price,334.71,1,,0.525,128.76,True,Normal,Spike,True
2012-07-09,22424,ENAMEL BREAD BIN CREAM,product,revenue,415.14,34,,0.527,252.16,True,Normal,Spike,True
2011-08-03,48194,DOORMAT HEARTS,product,revenue,282.0,40,,0.528,128.8,True,Normal,Spike,True
2012-12-04,C2,,product,revenue,919.08,18,,0.529,535.62,True,Normal,Spike,True
2011-07-08,84879,damaged,product,revenue,233.69,161,,0.533,172.05,True,Normal,Spike,True
2011-06-07,23245,SET OF 3 REGENCY CAKE TINS,product,revenue,269.35,57,,0.54,146.0,True,Normal,Spike,True
2011-08-03,85123A,CREAM HANGING HEART T-LIGHT HOLDER,product,revenue,373.7,142,,0.54,260.69,True,Normal,Spike,True
2011-05-09,21621,,product,revenue,323.0,38,,0.547,162.88,True,Normal,Spike,True
2011-11-01,84879,damaged,product,revenue,380.72,248,,0.547,191.37,True,Normal,Spike,True
2011-08-05,85123A,CREAM HANGING HEART T-LIGHT HOLDER,product,revenue,378.55,137,,0.549,263.71,True,Normal,Spike,True
2011-09-11,22086,PAPER CHAIN KIT 50'S CHRISTMAS ,product,revenue,700.05,259,,0.555,374.24,True,Normal,Spike,True
2011-07-12,23245,SET OF 3 REGENCY CAKE TINS,product,revenue,278.4,64,,0.563,154.53,True,Normal,Spike,True
2011-07-07,85099B,JUMBO BAG RED RETROSPOT,product,revenue,684.16,372,,0.582,388.5,True,Normal,Spike,True
2011-06-05,79321,,product,revenue,521.2,104,,0.588,255.55,True,Normal,Spike,True
2011-10-11,23245,SET OF 3 REGENCY CAKE TINS,product,revenue,308.99,69,,0.59,174.61,True,Normal,Spike,True
2011-11-09,79321,,product,revenue,243.35,49,,0.594,152.83,True,Normal,Spike,True
2011-10-10,23284,,product,revenue,545.1,76,,0.599,316.17,True,Normal,Spike,True
2011-11-03,79321,,product,revenue,282.15,57,,0.602,165.16,True,Normal,Spike,True
2011-08-07,85099B,JUMBO BAG RED RETROSPOT,product,revenue,735.0,400,,0.605,423.36,True,Normal,Spike,True
2011-06-01,85123A,CREAM HANGING HEART T-LIGHT HOLDER,product,revenue,453.25,171,,0.605,279.82,True,Normal,Spike,True
2011-07-10,23245,SET OF 3 REGENCY CAKE TINS,product,revenue,285.4,68,,0.618,150.7,True,Normal,Spike,True
2011-02-02,84879,damaged,product,revenue,340.16,224,,0.625,221.77,True,Normal,Spike,True
2011-07-03,79321,,product,revenue,549.95,109,,0.635,257.94,True,Normal,Spike,True
2011-10-11,23298,"BUNTING , SPOTTY ",product,revenue,272.25,55,,0.637,174.43,True,Normal,Spike,True
2011-11-08,,,overall,revenue,53999.71,36357,1405.0,0.643,32952.99,True,Normal,Spike,True
2011-11-09,22086,PAPER CHAIN KIT 50'S CHRISTMAS ,product,revenue,558.45,211,,0.643,310.62,True,Normal,Spike,True
2011-06-05,85123A,CREAM HANGING HEART T-LIGHT HOLDER,product,revenue,443.4,172,,0.652,267.13,True,Normal,Spike,True
2011-10-10,85123A,CREAM HANGING HEART T-LIGHT HOLDER,product,revenue,324.45,123,,0.661,228.01,True,Normal,Spike,True
2011-05-12,22086,PAPER CHAIN KIT 50'S CHRISTMAS ,product,revenue,761.27,257,,0.667,374.22,True,Normal,Spike,True
2015-02-23,22605,WOODEN CROQUET GARDEN SET,product,revenue,417.02,29,,0.672,219.13,True,Normal,Spike,True
2011-11-07,23298,"BUNTING , SPOTTY ",product,revenue,306.5,70,,0.683,195.86,True,Normal,Spike,True
2011-03-10,M,Manual,product,price,226.99285714285713,14,,0.688,82.15,True,Normal,Spike,True
2013-08-16,21755,LOVE BUILDING BLOCK WORD,product,revenue,208.3,34,,0.689,123.54,True,Normal,Spike,True
2011-12-05,84879,damaged,product,revenue,570.0,360,,0.7,273.08,True,Normal,Spike,True
2011-04-11,22960,JAM MAKING SET WITH JARS,product,revenue,205.5,54,,0.714,107.42,True,Normal,Spike,True
2011-05-12,23245,SET OF 3 REGENCY CAKE TINS,product,revenue,306.44,60,,0.714,141.06,True,Normal,Spike,True
2011-07-03,85099B,JUMBO BAG RED RETROSPOT,product,revenue,747.75,445,,0.72,378.14,True,Normal,Spike,True
2011-07-07,23245,SET OF 3 REGENCY CAKE TINS,product,revenue,306.9,62,,0.723,151.32,True,Normal,Spike,True
2011-06-11,,,overall,revenue,41916.75,22701,3222.0,0.724,29701.23,True,Normal,Spike,True
2011-05-09,21523,DOORMAT FANCY FONT HOME SWEET HOME,product,revenue,278.25,41,,0.728,96.79,True,Normal,Spike,True
2013-03-22,C2,,product,revenue,1017.87,21,,0.735,527.71,True,Normal,Spike,True
2011-10-08,85123A,CREAM HANGING HEART T-LIGHT HOLDER,product,revenue,332.3,130,,0.736,225.68,True,Normal,Spike,True
2011-05-09,22960,JAM MAKING SET WITH JARS,product,revenue,205.5,54,,0.738,104.28,True,Normal,Spike,True
2014-06-13,84078A,SET/4 WHITE RETRO STORAGE CUBES ,product,revenue,1117.48,28,,0.738,611.14,True,Normal,Spike,True
2011-08-12,POST,,product,price,25.333333333333332,12,,0.743,21.41,True,Normal,Spike,True
2011-11-11,22086,PAPER CHAIN KIT 50'S CHRISTMAS ,product,revenue,447.6,168,,0.751,263.28,True,Normal,Spike,True
2014-05-24,22605,WOODEN CROQUET GARDEN SET,product,revenue,400.12,28,,0.756,237.66,True,Normal,Spike,True
2011-11-02,21523,DOORMAT FANCY FONT HOME SWEET HOME,product,revenue,306.6,44,,0.757,117.25,True,Normal,Spike,True
2011-12-05,,,overall,revenue,60082.4,37008,1753.0,0.761,35183.42,True,Normal,Spike,True
2013-10-09,22193,RED DINER WALL CLOCK,product,revenue,267.94,31,,0.765,153.68,True,Normal,Spike,True
2011-04-10,,,overall,revenue,38528.03,22958,1992.0,0.767,27532.96,True,Normal,Spike,True
2011-06-09,85123A,CREAM HANGING HEART T-LIGHT HOLDER,product,revenue,491.6,184,,0.773,280.96,True,Normal,Spike,True
2011-09-11,22112,CHOCOLATE HOT WATER BOTTLE,product,revenue,202.95,41,,0.779,102.74,True,Normal,Spike,True
2011-02-12,22086,PAPER CHAIN KIT 50'S CHRISTMAS ,product,revenue,435.35,153,,0.781,274.85,True,Normal,Spike,True
2011-11-11,22111,SCOTTIE DOG HOT WATER BOTTLE,product,revenue,220.8,48,,0.783,106.14,True,Normal,Spike,True
2011-05-10,22726,,product,revenue,274.5,78,,0.786,123.6,True,Normal,Spike,True
2011-09-11,23245,SET OF 3 REGENCY CAKE TINS,product,revenue,343.6,72,,0.787,164.97,True,Normal,Spike,True
2015-12-31,22624,IVORY KITCHEN SCALES,product,revenue,348.38,41,,0.789,163.8,True,Normal,Spike,True
2015-07-27,22605,WOODEN CROQUET GARDEN SET,product,revenue,386.38,27,,0.797,180.68,True,Normal,Spike,True
2011-06-11,POST,,product,price,29.0,12,,0.798,23.16,True,Normal,Spike,True
2011-11-07,47566,PARTY BUNTING,product,revenue,583.3,134,,0.802,322.18,True,Normal,Spike,True
2014-02-17,22776,SWEETHEART 3 TIER CAKE STAND ,product,revenue,380.41,39,,0.803,192.45,True,Normal,Spike,True
2011-02-11,85099B,JUMBO BAG RED RETROSPOT,product,revenue,437.04,238,,0.808,259.19,True,Normal,Spike,True
2014-07-08,21843,smashed,product,revenue,426.61,40,,0.813,206.37,True,Normal,Spike,True
2013-05-04,82486,3 DRAWER ANTIQUE WHITE WOOD CABINET,product,revenue,314.61,37,,0.814,157.78,True,Normal,Spike,True
2012-02-02,23284,,product,revenue,478.2,60,,0.824,234.77,True,Normal,Spike,True
2011-08-11,,,overall,revenue,37860.06,21458,2206.0,0.826,26041.82,True,Normal,Spike,True
2011-05-09,47566,PARTY BUNTING,product,revenue,481.95,109,,0.83,254.5,True,Normal,Spike,True
2013-09-07,22487,WHITE WOOD GARDEN PLANT LADDER,product,revenue,403.77,42,,0.831,187.49,True,Normal,Spike,True
2010-09-12,22726,,product,revenue,210.0,56,,0.832,140.89,True,Normal,Spike,True
2011-11-01,,,overall,revenue,58991.22,25647,816.0,0.833,31896.09,True,Normal,Spike,True
2011-07-01,22423,damages,product,revenue,965.25,87,,0.843,511.35,True,Normal,Spike,True
2011-11-02,79321,,product,revenue,322.8,72,,0.846,159.21,True,Normal,Spike,True
2010-12-12,22112,CHOCOLATE HOT WATER BOTTLE,product,revenue,303.0,68,,0.847,217.83,True,Normal,Spike,True
2010-08-12,79321,,product,price,4.425,32,,0.849,4.29,True,Normal,Spike,True
2012-12-10,22193,RED DINER WALL CLOCK,product,revenue,255.78,29,,0.852,111.04,True,Normal,Spike,True
2011-09-08,23245,SET OF 3 REGENCY CAKE TINS,product,revenue,349.75,81,,0.853,158.47,True,Normal,Spike,True
2015-01-03,22605,WOODEN CROQUET GARDEN SET,product,revenue,448.98,32,,0.854,218.88,True,Normal,Spike,True
2011-01-03,85099B,JUMBO BAG RED RETROSPOT,product,revenue,486.0,280,,0.855,281.55,True,Normal,Spike,True
2012-02-02,22086,PAPER CHAIN KIT 50'S CHRISTMAS ,product,revenue,229.15,78,,0.857,107.39,True,Normal,Spike,True
2014-08-01,22625,,product,revenue,329.64,41,,0.858,152.5,True,Normal,Spike,True
2014-07-26,22847,,product,revenue,563.8,34,,0.859,252.05,True,Normal,Spike,True
2014-06-03,22424,ENAMEL BREAD BIN CREAM,product,revenue,400.23,33,,0.861,200.95,True,Normal,Spike,True
2011-10-05,85123A,CREAM HANGING HEART T-LIGHT HOLDER,product,revenue,345.1,130,,0.863,218.11,True,Normal,Spike,True
2011-01-09,,,overall,revenue,37292.22,27808,1386.0,0.864,27668.93,True,Normal,Spike,True
2011-06-12,,,overall,revenue,45282.79,27640,2473.0,0.864,30808.1,True,Normal,Spike,True
2013-01-21,82483,crushed,product,revenue,215.16,33,,0.871,105.52,True,Normal,Spike,True
2015-05-13,48187,DOORMAT NEW ENGLAND,product,revenue,288.0,36,,0.872,142.84,True,Normal,Spike,True
2011-11-07,POST,,product,price,26.0,8,,0.882,21.1,True,Normal,Spike,True
2011-02-02,85123A,CREAM HANGING HEART T-LIGHT HOLDER,product,revenue,549.85,207,,0.883,341.37,True,Normal,Spike,True
2015-03-04,21843,smashed,product,revenue,396.2,35,,0.884,197.63,True,Normal,Spike,True
2010-09-12,22727,ALARM CLOCK BAKELIKE RED ,product,revenue,240.0,64,,0.884,149.06,True,Normal,Spike,True
2015-06-06,82486,3 DRAWER ANTIQUE WHITE WOOD CABINET,product,revenue,338.31,39,,0.888,169.64,True,Normal,Spike,True
2010-08-12,POST,,product,price,22.285714285714285,14,,0.889,19.95,True,Normal,Spike,True
2014-11-28,M,Manual,product,revenue,3513.12,27,,0.89,1926.75,True,Normal,Spike,True
2011-12-09,22112,CHOCOLATE HOT WATER BOTTLE,product,revenue,250.5,54,,0.895,121.98,True,Normal,Spike,True
2015-12-18,21621,,product,revenue,293.05,35,,0.901,157.45,True,Normal,Spike,True
2011-11-10,85099B,JUMBO BAG RED RETROSPOT,product,revenue,663.44,368,,0.901,280.52,True,Normal,Spike,True
2011-07-01,85099B,JUMBO BAG RED RETROSPOT,product,revenue,844.5,510,,0.915,380.71,True,Normal,Spike,True
2011-01-02,84879,damaged,product,revenue,475.36,304,,0.918,279.79,True,Normal,Spike,True
2015-12-25,22624,IVORY KITCHEN SCALES,product,revenue,342.36,39,,0.919,136.67,True,Normal,Spike,True
2011-11-05,79321,,product,revenue,356.4,72,,0.923,175.51,True,Normal,Spike,True
2011-05-12,22727,ALARM CLOCK BAKELIKE RED ,product,revenue,443.84,124,,0.927,154.79,True,Normal,Spike,True
2011-07-10,,,overall,revenue,42837.7,26218,1728.0,0.931,28429.41,True,Normal,Spike,True
2011-01-09,47566,PARTY BUNTING,product,revenue,316.8,64,,0.937,170.26,True,Normal,Spike,True
2015-04-27,22605,WOODEN CROQUET GARDEN SET,product,revenue,406.96,29,,0.943,165.32,True,Normal,Spike,True
2011-09-05,47566,PARTY BUNTING,product,revenue,617.95,141,,0.946,287.53,True,Normal,Spike,True
2010-12-12,82484,WOOD BLACK BOARD ANT WHITE FINISH,product,price,6.45,6,,0.949,5.93,True,Normal,Spike,True
2015-07-08,82486,3 DRAWER ANTIQUE WHITE WOOD CABINET,product,revenue,418.95,49,,0.954,214.64,True,Normal,Spike,True
2011-12-07,85123A,CREAM HANGING HEART T-LIGHT HOLDER,product,revenue,2093.92,784,,0.965,579.56,True,Normal,Spike,True
2012-11-24,85066,CREAM SWEETHEART MINI CHEST,product,revenue,483.78,38,,0.967,226.0,True,Normal,Spike,True
2012-11-16,22625,,product,revenue,290.22,35,,0.969,130.76,True,Normal,Spike,True
2015-11-07,22776,SWEETHEART 3 TIER CAKE STAND ,product,revenue,347.55,35,,0.973,159.22,True,Normal,Spike,True
2012-01-11,23245,SET OF 3 REGENCY CAKE TINS,product,revenue,215.53,45,,0.98,115.96,True,Normal,Spike,True
2011-05-07,85099B,JUMBO BAG RED RETROSPOT,product,revenue,524.4,280,,0.983,249.01,True,Normal,Spike,True
2011-06-05,21523,DOORMAT FANCY FONT HOME SWEET HOME,product,revenue,345.45,51,,0.986,95.72,True,Normal,Spike,True
2015-05-26,22605,WOODEN CROQUET GARDEN SET,product,revenue,438.3,30,,0.987,180.56,True,Normal,Spike,True
2014-05-08,C2,,product,revenue,962.73,19,,0.99,511.29,True,Normal,Spike,True
2010-09-12,22111,SCOTTIE DOG HOT WATER BOTTLE,product,revenue,285.15,61,,0.991,206.18,True,Normal,Spike,True
2014-05-07,22424,ENAMEL BREAD BIN CREAM,product,revenue,422.28,34,,0.994,195.37,True,Normal,Spike,True
2014-12-01,21755,LOVE BUILDING BLOCK WORD,product,revenue,235.55,39,,0.999,118.73,True,Normal,Spike,True
2011-11-11,22112,CHOCOLATE HOT WATER BOTTLE,product,revenue,253.5,58,,1.001,110.06,True,Normal,Spike,True
2015-09-07,20685,DOORMAT RED RETROSPOT,product,revenue,316.11,41,,1.009,134.07,True,Normal,Spike,True
2011-05-01,48187,DOORMAT NEW ENGLAND,product,revenue,361.35,53,,1.011,103.76,True,Normal,Spike,True
2012-01-23,21755,LOVE BUILDING BLOCK WORD,product,revenue,222.18,37,,1.013,92.2,True,Normal,Spike,True
2011-07-12,85123A,CREAM HANGING HEART T-LIGHT HOLDER,product,revenue,538.8,200,,1.015,276.42,True,Normal,Spike,True
2011-09-06,22826,LOVE SEAT ANTIQUE WHITE METAL,product,price,195.0,1,,1.015,138.0,True,Normal,Spike,True
2012-11-05,85066,CREAM SWEETHEART MINI CHEST,product,revenue,414.81,33,,1.019,175.65,True,Normal,Spike,True
2011-08-04,POST,,product,price,28.666666666666668,6,,1.019,21.71,True,Normal,Spike,True
2015-08-11,82486,3 DRAWER ANTIQUE WHITE WOOD CABINET,product,revenue,327.87,37,,1.022,149.91,True,Normal,Spike,True
2011-06-05,47566,PARTY BUNTING,product,revenue,529.25,115,,1.026,255.6,True,Normal,Spike,True
2011-01-12,22112,CHOCOLATE HOT WATER BOTTLE,product,revenue,303.0,68,,1.027,190.1,True,Normal,Spike,True
2013-10-15,22487,WHITE WOOD GARDEN PLANT LADDER,product,revenue,422.92,44,,1.03,169.77,True,Normal,Spike,True
2015-06-19,22487,WHITE WOOD GARDEN PLANT LADDER,product,revenue,311.24,31,,1.033,147.52,True,Normal,Spike,True
2015-05-08,20685,DOORMAT RED RETROSPOT,product,revenue,317.36,41,,1.034,134.53,True,Normal,Spike,True
2013-10-16,22655,damages/showroom etc,product,revenue,2542.18,16,,1.034,1319.92,True,Normal,Spike,True
2011-11-08,23245,SET OF 3 REGENCY CAKE TINS,product,revenue,251.6,56,,1.035,133.6,True,Normal,Spike,True
2015-01-12,22727,ALARM CLOCK BAKELIKE RED ,product,revenue,185.23,50,,1.036,82.22,True,Normal,Spike,True
2011-09-06,,,overall,revenue,42499.89,27062,1372.0,1.039,27981.33,True,Normal,Spike,True
2011-02-11,,,overall,revenue,38392.41,26338,1711.0,1.043,27169.96,True,Normal,Spike,True
2012-12-08,22193,RED DINER WALL CLOCK,product,revenue,279.14,34,,1.045,103.09,True,Normal,Spike,True
2011-11-04,POST,,product,price,27.11875,8,,1.046,21.25,True,Normal,Spike,True
2013-02-20,22139,amazon,product,revenue,215.3,43,,1.048,77.57,True,Normal,Spike,True
2011-03-11,84879,damaged,product,revenue,354.9,210,,1.048,170.61,True,Normal,Spike,True
2011-02-02,85099B,JUMBO BAG RED RETROSPOT,product,revenue,525.9,306,,1.053,281.88,True,Normal,Spike,True
2011-08-06,POST,,product,price,29.384615384615383,13,,1.053,22.09,True,Normal,Spike,True
2013-04-29,21754,HOME BUILDING BLOCK WORD,product,revenue,285.47,47,,1.054,123.04,True,Normal,Spike,True
2015-08-24,22624,IVORY KITCHEN SCALES,product,revenue,433.5,50,,1.056,185.3,True,Normal,Spike,True
2015-06-19,POST,,product,revenue,2047.34,48,,1.058,1125.49,True,Normal,Spike,True
2011-07-12,22726,,product,revenue,330.0,88,,1.062,132.04,True,Normal,Spike,True
2011-05-04,85099B,JUMBO BAG RED RETROSPOT,product,revenue,550.6,320,,1.063,252.75,True,Normal,Spike,True
2015-08-01,85066,CREAM SWEETHEART MINI CHEST,product,revenue,409.86,33,,1.074,183.44,True,Normal,Spike,True
2014-10-09,21621,,product,revenue,289.62,35,,1.075,139.69,True,Normal,Spike,True
2014-04-12,22655,damages/showroom etc,product,revenue,2586.55,17,,1.076,1324.32,True,Normal,Spike,True
2011-11-08,POST,,product,price,27.5,6,,1.078,21.42,True,Normal,Spike,True
2013-06-24,POST,,product,revenue,2467.09,60,,1.081,1303.57,True,Normal,Spike,True
2013-08-29,21621,,product,revenue,303.28,35,,1.083,121.8,True,Normal,Spike,True
2013-12-10,22655,damages/showroom etc,product,revenue,2691.27,17,,1.085,1389.52,True,Normal,Spike,True
2014-10-04,22139,amazon,product,revenue,235.56,49,,1.087,106.42,True,Normal,Spike,True
2014-12-16,48187,DOORMAT NEW ENGLAND,product,revenue,404.63,52,,1.092,162.05,True,Normal,Spike,True
2013-08-09,22457,NATURAL SLATE HEART CHALKBOARD ,product,revenue,176.72,59,,1.093,92.06,True,Normal,Spike,True
2011-10-05,22826,LOVE SEAT ANTIQUE WHITE METAL,product,price,195.0,1,,1.093,134.23,True,Normal,Spike,True
2012-06-22,21843,smashed,product,revenue,470.54,43,,1.095,227.62,True,Normal,Spike,True
2011-12-04,47566,PARTY BUNTING,product,revenue,528.85,123,,1.096,258.46,True,Normal,Spike,True
2012-04-17,79321,,product,revenue,225.09,41,,1.099,106.44,True,Normal,Spike,True
2011-08-12,,,overall,revenue,42766.2,24633,2427.0,1.104,27353.28,True,Normal,Spike,True
2011-05-10,23298,"BUNTING , SPOTTY ",product,revenue,336.2,76,,1.107,162.25,True,Normal,Spike,True
2011-12-10,POST,,product,price,28.90740740740741,27,,1.108,21.37,True,Normal,Spike,True
2014-12-31,22846,BREAD BIN DINER STYLE RED ,product,revenue,445.2,28,,1.111,187.71,True,Normal,Spike,True
2011-09-03,POST,,product,price,27.5,4,,1.112,21.85,True,Normal,Spike,True
2012-06-08,22112,CHOCOLATE HOT WATER BOTTLE,product,revenue,205.8,42,,1.119,98.85,True,Normal,Spike,True
2013-02-25,82483,crushed,product,revenue,244.67,37,,1.12,104.06,True,Normal,Spike,True
2015-05-29,20685,DOORMAT RED RETROSPOT,product,revenue,343.24,44,,1.123,141.84,True,Normal,Spike,True
2011-09-11,79321,,product,revenue,498.2,100,,1.129,198.74,True,Normal,Spike,True
2011-07-04,22423,damages,product,revenue,1147.05,99,,1.13,527.17,True,Normal,Spike,True
2011-04-10,23284,,product,revenue,774.0,108,,1.13,297.61,True,Normal,Spike,True
2013-12-04,48138,DOORMAT UNION FLAG,product,revenue,339.66,44,,1.131,123.21,True,Normal,Spike,True
2015-10-17,22193,RED DINER WALL CLOCK,product,revenue,266.0,30,,1.137,119.6,True,Normal,Spike,True
2011-12-08,79321,,product,revenue,356.4,72,,1.138,174.94,True,Normal,Spike,True
2011-10-05,85099B,JUMBO BAG RED RETROSPOT,product,revenue,645.16,352,,1.138,293.31,True,Normal,Spike,True
2011-09-03,22826,LOVE SEAT ANTIQUE WHITE METAL,product,price,195.0,1,,1.138,131.67,True,Normal,Spike,True
2011-01-12,22727,ALARM CLOCK BAKELIKE RED ,product,revenue,206.25,55,,1.14,101.67,True,Normal,Spike,True
2013-06-17,21621,,product,revenue,283.24,34,,1.143,118.5,True,Normal,Spike,True
2015-02-14,82486,3 DRAWER ANTIQUE WHITE WOOD CABINET,product,revenue,317.62,38,,1.143,127.41,True,Normal,Spike,True
2014-08-13,22193,RED DINER WALL CLOCK,product,revenue,267.64,32,,1.144,135.53,True,Normal,Spike,True
2014-12-18,48194,DOORMAT HEARTS,product,revenue,271.05,33,,1.144,133.2,True,Normal,Spike,True
2014-10-03,22139,amazon,product,revenue,235.6,46,,1.145,102.39,True,Normal,Spike,True
2011-01-02,82483,crushed,product,price,5.95,6,,1.151,5.5,True,Normal,Spike,True
2012-06-28,21523,DOORMAT FANCY FONT HOME SWEET HOME,product,revenue,328.82,41,,1.152,130.74,True,Normal,Spike,True
2011-03-06,22423,damages,product,revenue,1492.5,134,,1.157,624.92,True,Normal,Spike,True
2012-05-07,22424,ENAMEL BREAD BIN CREAM,product,revenue,393.66,31,,1.159,180.63,True,Normal,Spike,True
2015-06-11,82486,3 DRAWER ANTIQUE WHITE WOOD CABINET,product,revenue,403.68,46,,1.16,181.14,True,Normal,Spike,True
2013-11-26,M,Manual,product,revenue,3345.42,26,,1.16,1605.62,True,Normal,Spike,True
2011-03-02,22727,ALARM CLOCK BAKELIKE RED ,product,revenue,184.5,54,,1.168,89.06,True,Normal,Spike,True
2011-01-02,POST,,product,price,22.8,10,,1.168,19.94,True,Normal,Spike,True
2014-09-23,48138,DOORMAT UNION FLAG,product,revenue,323.84,44,,1.169,146.49,True,Normal,Spike,True
2012-03-21,22960,JAM MAKING SET WITH JARS,product,revenue,189.79,45,,1.17,82.72,True,Normal,Spike,True
2011-07-12,22960,JAM MAKING SET WITH JARS,product,revenue,203.0,52,,1.171,101.86,True,Normal,Spike,True
2011-02-03,47566,PARTY BUNTING,product,revenue,336.2,76,,1.173,155.97,True,Normal,Spike,True
2012-08-21,21843,smashed,product,revenue,423.74,38,,1.175,217.79,True,Normal,Spike,True
2013-06-13,21754,HOME BUILDING BLOCK WORD,product,revenue,271.0,45,,1.176,112.53,True,Normal,Spike,True
2012-07-26,21843,smashed,product,revenue,472.56,44,,1.177,228.08,True,Normal,Spike,True
2011-08-06,22960,JAM MAKING SET WITH JARS,product,revenue,205.5,54,,1.177,104.06,True,Normal,Spike,True
2011-04-05,21621,,product,revenue,443.0,58,,1.178,122.71,True,Normal,Spike,True
2014-12-26,48194,DOORMAT HEARTS,product,revenue,272.94,34,,1.179,132.69,True,Normal,Spike,True
2011-10-10,79321,,product,revenue,386.11,76,,1.18,160.64,True,Normal,Spike,True
2014-09-18,22139,amazon,product,revenue,233.45,46,,1.185,99.76,True,Normal,Spike,True
2014-08-13,79321,,product,revenue,271.82,52,,1.185,114.91,True,Normal,Spike,True
2015-01-09,22138,BAKING SET 9 PIECE RETROSPOT ,product,revenue,196.56,39,,1.187,98.47,True,Normal,Spike,True
2015-11-14,22193,RED DINER WALL CLOCK,product,revenue,264.62,32,,1.188,121.74,True,Normal,Spike,True
2011-10-11,,,overall,revenue,68749.11,37195,3065.0,1.189,30401.39,True,Normal,Spike,True
2014-01-04,22111,SCOTTIE DOG HOT WATER BOTTLE,product,revenue,245.32,50,,1.19,97.23,True,Normal,Spike,True
2015-10-03,22112,CHOCOLATE HOT WATER BOTTLE,product,revenue,203.89,41,,1.192,88.45,True,Normal,Spike,True
2014-07-30,22655,damages/showroom etc,product,revenue,3025.2,20,,1.192,1413.34,True,Normal,Spike,True
2013-03-27,22139,amazon,product,revenue,266.33,53,,1.193,107.04,True,Normal,Spike,True
2011-09-01,POST,,product,price,28.0,5,,1.194,21.55,True,Normal,Spike,True
2015-10-19,21755,LOVE BUILDING BLOCK WORD,product,revenue,214.88,35,,1.195,99.5,True,Normal,Spike,True
2013-07-19,82484,WOOD BLACK BOARD ANT WHITE FINISH,product,revenue,294.9,41,,1.198,124.1,True,Normal,Spike,True
2015-11-16,21523,DOORMAT FANCY FONT HOME SWEET HOME,product,revenue,270.99,35,,1.2,130.5,True,Normal,Spike,True
2014-12-25,M,Manual,product,revenue,3525.24,26,,1.206,1563.71,True,Normal,Spike,True
2010-08-12,22111,SCOTTIE DOG HOT WATER BOTTLE,product,revenue,290.1,62,,1.207,194.89,True,Normal,Spike,True
2013-01-12,82483,crushed,product,revenue,254.22,38,,1.208,107.14,True,Normal,Spike,True
2013-06-06,22112,CHOCOLATE HOT WATER BOTTLE,product,revenue,211.25,43,,1.209,91.28,True,Normal,Spike,True
2011-01-09,85099B,JUMBO BAG RED RETROSPOT,product,revenue,568.08,301,,1.209,274.56,True,Normal,Spike,True
2014-08-09,79321,,product,revenue,264.08,51,,1.211,106.42,True,Normal,Spike,True
2011-01-11,84879,damaged,product,revenue,458.46,294,,1.214,219.38,True,Normal,Spike,True
2015-01-29,22193,RED DINER WALL CLOCK,product,revenue,264.24,30,,1.215,133.29,True,Normal,Spike,True
2012-05-14,79321,,product,revenue,256.73,49,,1.215,122.79,True,Normal,Spike,True
2015-04-11,21754,HOME BUILDING BLOCK WORD,product,revenue,268.86,44,,1.217,116.32,True,Normal,Spike,True
2014-07-14,22624,IVORY KITCHEN SCALES,product,revenue,373.98,46,,1.218,153.72,True,Normal,Spike,True
2015-11-04,22776,SWEETHEART 3 TIER CAKE STAND ,product,revenue,381.52,38,,1.22,148.28,True,Normal,Spike,True
2012-04-02,22720,,product,revenue,297.17,59,,1.222,122.05,True,Normal,Spike,True
2012-09-07,22487,WHITE WOOD GARDEN PLANT LADDER,product,revenue,291.6,30,,1.225,142.4,True,Normal,Spike,True
2013-11-23,23245,SET OF 3 REGENCY CAKE TINS,product,revenue,230.14,46,,1.227,87.87,True,Normal,Spike,True
2012-06-23,22846,BREAD BIN DINER STYLE RED ,product,revenue,481.96,28,,1.23,211.49,True,Normal,Spike,True
2011-07-04,47566,PARTY BUNTING,product,revenue,533.8,124,,1.234,234.87,True,Normal,Spike,True
2011-04-04,85099B,JUMBO BAG RED RETROSPOT,product,revenue,560.54,298,,1.234,246.75,True,Normal,Spike,True
2012-08-07,C2,,product,revenue,1286.98,26,,1.236,446.99,True,Normal,Spike,True
2015-02-13,22487,WHITE WOOD GARDEN PLANT LADDER,product,revenue,286.84,28,,1.237,126.9,True,Normal,Spike,True
2012-11-10,POST,,product,revenue,2091.93,51,,1.237,952.22,True,Normal,Spike,True
2011-12-01,79321,,product,revenue,360.45,83,,1.246,166.32,True,Normal,Spike,True
2011-06-12,79321,,product,revenue,854.6,172,,1.248,271.63,True,Normal,Spike,True
2011-06-10,22138,BAKING SET 9 PIECE RETROSPOT ,product,revenue,207.9,42,,1.253,75.79,True,Normal,Spike,True
2015-07-15,23245,SET OF 3 REGENCY CAKE TINS,product,revenue,229.47,47,,1.258,95.12,True,Normal,Spike,True
2014-06-20,,,overall,revenue,37412.2,10060,1118.0,1.263,20549.0,True,Normal,Spike,True
2015-01-16,22457,NATURAL SLATE HEART CHALKBOARD ,product,revenue,164.97,54,,1.265,65.34,True,Normal,Spike,True
2014-12-27,22726,,product,revenue,202.29,54,,1.268,95.74,True,Normal,Spike,True
2011-08-04,48138,DOORMAT UNION FLAG,product,revenue,333.6,48,,1.269,104.17,True,Normal,Spike,True
2011-07-11,79321,,product,revenue,843.1,170,,1.271,256.77,True,Normal,Spike,True
2013-06-08,82486,3 DRAWER ANTIQUE WHITE WOOD CABINET,product,revenue,324.87,38,,1.271,147.09,True,Normal,Spike,True
2014-05-13,C2,,product,revenue,1071.0,21,,1.273,502.82,True,Normal,Spike,True
2012-02-01,22112,CHOCOLATE HOT WATER BOTTLE,product,revenue,303.08,62,,1.276,115.39,True,Normal,Spike,True
2014-06-23,22193,RED DINER WALL CLOCK,product,revenue,298.2,34,,1.279,127.36,True,Normal,Spike,True
2011-04-11,20685,DOORMAT RED RETROSPOT,product,revenue,316.2,44,,1.28,101.21,True,Normal,Spike,True
2014-12-23,22720,,product,revenue,254.54,52,,1.286,114.75,True,Normal,Spike,True
2014-08-11,22720,,product,revenue,240.02,49,,1.288,115.56,True,Normal,Spike,True
2014-05-01,M,Manual,product,revenue,3688.06,28,,1.292,1396.26,True,Normal,Spike,True
2013-06-04,22847,,product,revenue,543.05,32,,1.294,262.03,True,Normal,Spike,True
2013-09-30,21755,LOVE BUILDING BLOCK WORD,product,revenue,219.76,35,,1.297,81.22,True,Normal,Spike,True
2011-09-11,22138,BAKING SET 9 PIECE RETROSPOT ,product,revenue,220.8,48,,1.297,98.45,True,Normal,Spike,True
2011-04-10,22457,NATURAL SLATE HEART CHALKBOARD ,product,revenue,159.3,54,,1.299,70.98,True,Normal,Spike,True
2011-07-10,85099B,JUMBO BAG RED RETROSPOT,product,revenue,1106.84,623,,1.3,430.19,True,Normal,Spike,True
2010-12-12,82483,crushed,product,price,5.95,16,,1.3,5.46,True,Normal,Spike,True
2012-08-01,22776,SWEETHEART 3 TIER CAKE STAND ,product,revenue,366.12,36,,1.302,170.66,True,Normal,Spike,True
2015-12-05,22139,amazon,product,revenue,228.55,45,,1.304,119.95,True,Normal,Spike,True
2014-07-25,22847,,product,revenue,705.85,44,,1.304,238.48,True,Normal,Spike,True
2013-09-16,48194,DOORMAT HEARTS,product,revenue,306.57,38,,1.307,120.66,True,Normal,Spike,True
2011-07-12,22112,CHOCOLATE HOT WATER BOTTLE,product,revenue,267.3,54,,1.311,104.41,True,Normal,Spike,True
2013-06-11,22112,CHOCOLATE HOT WATER BOTTLE,product,revenue,238.5,48,,1.312,102.49,True,Normal,Spike,True
2014-12-31,22193,RED DINER WALL CLOCK,product,revenue,256.21,29,,1.313,123.48,True,Normal,Spike,True
2011-06-01,85099B,JUMBO BAG RED RETROSPOT,product,revenue,600.3,354,,1.313,249.94,True,Normal,Spike,True
2012-03-03,22960,JAM MAKING SET WITH JARS,product,revenue,198.69,47,,1.315,80.55,True,Normal,Spike,True
2011-06-01,79321,,product,revenue,832.8,192,,1.318,239.52,True,Normal,Spike,True
2014-01-28,22111,SCOTTIE DOG HOT WATER BOTTLE,product,revenue,268.02,54,,1.322,97.58,True,Normal,Spike,True
2012-08-02,22487,WHITE WOOD GARDEN PLANT LADDER,product,revenue,287.7,30,,1.322,125.18,True,Normal,Spike,True
2015-04-25,22826,LOVE SEAT ANTIQUE WHITE METAL,product,revenue,2904.0,25,,1.322,1179.85,True,Normal,Spike,True
2014-10-21,M,Manual,product,revenue,3339.86,24,,1.323,1565.66,True,Normal,Spike,True
2013-05-27,22720,,product,revenue,256.4,51,,1.324,125.49,True,Normal,Spike,True
2015-01-03,22727,ALARM CLOCK BAKELIKE RED ,product,revenue,209.33,54,,1.326,80.36,True,Normal,Spike,True
2014-02-14,22776,SWEETHEART 3 TIER CAKE STAND ,product,revenue,490.0,50,,1.326,181.75,True,Normal,Spike,True
2012-11-30,20685,DOORMAT RED RETROSPOT,product,revenue,374.37,49,,1.33,147.82,True,Normal,Spike,True
2014-04-08,22605,WOODEN CROQUET GARDEN SET,product,revenue,399.6,27,,1.33,184.52,True,Normal,Spike,True
2012-12-12,48187,DOORMAT NEW ENGLAND,product,revenue,273.36,35,,1.333,123.96,True,Normal,Spike,True
2012-06-01,21523,DOORMAT FANCY FONT HOME SWEET HOME,product,revenue,276.84,36,,1.334,108.82,True,Normal,Spike,True
2014-08-26,22424,ENAMEL BREAD BIN CREAM,product,revenue,405.82,32,,1.336,167.44,True,Normal,Spike,True
2011-04-11,22423,damages,product,revenue,1193.1,106,,1.338,503.07,True,Normal,Spike,True
2013-09-18,22846,BREAD BIN DINER STYLE RED ,product,revenue,448.98,28,,1.338,202.02,True,Normal,Spike,True
2012-06-07,22625,,product,revenue,364.86,45,,1.341,150.36,True,Normal,Spike,True
2014-08-01,M,Manual,product,revenue,3319.03,25,,1.342,1486.23,True,Normal,Spike,True
2013-10-26,82483,crushed,product,revenue,284.99,42,,1.346,121.73,True,Normal,Spike,True
2012-11-12,82486,3 DRAWER ANTIQUE WHITE WOOD CABINET,product,revenue,336.01,38,,1.347,146.75,True,Normal,Spike,True
2011-05-10,85099B,JUMBO BAG RED RETROSPOT,product,revenue,656.8,360,,1.349,271.14,True,Normal,Spike,True
2013-09-19,C2,,product,revenue,1093.47,21,,1.352,509.94,True,Normal,Spike,True
2012-05-15,POST,,product,revenue,2199.43,52,,1.352,948.86,True,Normal,Spike,True
2011-11-05,84879,damaged,product,revenue,680.32,448,,1.354,196.3,True,Normal,Spike,True
2015-03-10,M,Manual,product,revenue,4084.2,30,,1.354,1663.82,True,Normal,Spike,True
2015-08-06,82486,3 DRAWER ANTIQUE WHITE WOOD CABINET,product,revenue,414.85,47,,1.357,164.76,True,Normal,Spike,True
2013-12-27,48138,DOORMAT UNION FLAG,product,revenue,358.07,47,,1.358,108.21,True,Normal,Spike,True
2015-04-16,22139,amazon,product,revenue,222.71,46,,1.359,79.9,True,Normal,Spike,True
2012-12-12,20685,DOORMAT RED RETROSPOT,product,revenue,382.17,49,,1.36,153.02,True,Normal,Spike,True
2015-10-02,21755,LOVE BUILDING BLOCK WORD,product,revenue,239.88,41,,1.363,103.63,True,Normal,Spike,True
2014-06-24,22424,ENAMEL BREAD BIN CREAM,product,revenue,585.45,45,,1.365,234.48,True,Normal,Spike,True
2013-06-01,POST,,product,revenue,2246.89,52,,1.37,1057.22,True,Normal,Spike,True
2014-07-22,48187,DOORMAT NEW ENGLAND,product,revenue,281.68,35,,1.371,128.89,True,Normal,Spike,True
2015-01-06,22138,BAKING SET 9 PIECE RETROSPOT ,product,revenue,208.07,41,,1.375,97.18,True,Normal,Spike,True
2012-01-30,22139,amazon,product,revenue,285.25,57,,1.376,109.0,True,Normal,Spike,True
2015-11-24,22139,amazon,product,revenue,221.91,44,,1.378,107.09,True,Normal,Spike,True
2013-08-20,22193,RED DINER WALL CLOCK,product,revenue,297.16,34,,1.378,135.33,True,Normal,Spike,True
2011-01-12,,,overall,revenue,43913.91,24531,2074.0,1.382,28505.28,True,Normal,Spike,True
2012-08-01,21621,,product,revenue,291.38,34,,1.387,127.96,True,Normal,Spike,True
2011-08-12,22138,BAKING SET 9 PIECE RETROSPOT ,product,revenue,268.35,61,,1.387,116.06,True,Normal,Spike,True
2011-11-04,22457,NATURAL SLATE HEART CHALKBOARD ,product,revenue,175.5,66,,1.388,81.45,True,Normal,Spike,True
2011-04-04,22727,ALARM CLOCK BAKELIKE RED ,product,revenue,202.5,54,,1.39,84.86,True,Normal,Spike,True
2014-09-01,22727,ALARM CLOCK BAKELIKE RED ,product,revenue,254.36,65,,1.39,102.36,True,Normal,Spike,True
2015-10-19,21754,HOME BUILDING BLOCK WORD,product,revenue,273.11,45,,1.392,114.21,True,Normal,Spike,True
2013-05-06,22487,WHITE WOOD GARDEN PLANT LADDER,product,revenue,315.67,32,,1.393,116.04,True,Normal,Spike,True
2014-12-26,22776,SWEETHEART 3 TIER CAKE STAND ,product,revenue,363.69,37,,1.395,160.33,True,Normal,Spike,True
2012-11-13,22086,PAPER CHAIN KIT 50'S CHRISTMAS ,product,revenue,176.25,60,,1.399,77.71,True,Normal,Spike,True
2014-07-30,22625,,product,revenue,436.91,52,,1.403,150.54,True,Normal,Spike,True
2014-12-25,82486,3 DRAWER ANTIQUE WHITE WOOD CABINET,product,revenue,327.08,37,,1.406,150.35,True,Normal,Spike,True
2013-08-10,21755,LOVE BUILDING BLOCK WORD,product,revenue,226.96,37,,1.407,102.81,True,Normal,Spike,True
2015-12-09,M,Manual,product,revenue,3366.87,25,,1.411,1363.25,True,Normal,Spike,True
2015-05-14,POST,,product,revenue,2039.61,49,,1.414,892.61,True,Normal,Spike,True
2012-12-08,22624,IVORY KITCHEN SCALES,product,revenue,425.91,50,,1.419,139.56,True,Normal,Spike,True
2013-12-13,21523,DOORMAT FANCY FONT HOME SWEET HOME,product,revenue,283.48,38,,1.42,108.98,True,Normal,Spike,True
2014-11-10,22625,,product,revenue,351.43,43,,1.42,142.69,True,Normal,Spike,True
2013-09-04,48194,DOORMAT HEARTS,product,revenue,319.98,40,,1.421,117.33,True,Normal,Spike,True
2014-12-12,22193,RED DINER WALL CLOCK,product,revenue,309.54,37,,1.422,134.69,True,Normal,Spike,True
2014-03-10,22726,,product,revenue,195.09,51,,1.424,71.28,True,Normal,Spike,True
2011-12-01,22457,NATURAL SLATE HEART CHALKBOARD ,product,revenue,178.45,67,,1.427,78.31,True,Normal,Spike,True
2014-07-16,22139,amazon,product,revenue,251.73,49,,1.429,96.94,True,Normal,Spike,True
2015-10-02,48138,DOORMAT UNION FLAG,product,revenue,337.99,43,,1.43,139.47,True,Normal,Spike,True
2011-08-05,84879,damaged,product,revenue,344.76,204,,1.431,169.64,True,Normal,Spike,True
2011-08-03,20685,DOORMAT RED RETROSPOT,product,revenue,365.4,52,,1.435,110.72,True,Normal,Spike,True
2013-05-14,22111,SCOTTIE DOG HOT WATER BOTTLE,product,revenue,238.24,49,,1.438,108.93,True,Normal,Spike,True
2011-04-11,82484,WOOD BLACK BOARD ANT WHITE FINISH,product,revenue,591.9,122,,1.439,140.68,True,Normal,Spike,True
2015-06-17,82486,3 DRAWER ANTIQUE WHITE WOOD CABINET,product,revenue,506.12,60,,1.44,202.75,True,Normal,Spike,True
2012-06-21,22727,ALARM CLOCK BAKELIKE RED ,product,revenue,183.01,49,,1.441,64.65,True,Normal,Spike,True
2013-12-05,85066,CREAM SWEETHEART MINI CHEST,product,revenue,462.13,37,,1.441,210.21,True,Normal,Spike,True
2012-08-03,22487,WHITE WOOD GARDEN PLANT LADDER,product,revenue,317.0,32,,1.443,133.08,True,Normal,Spike,True
2015-06-25,21755,LOVE BUILDING BLOCK WORD,product,revenue,223.48,37,,1.444,88.68,True,Normal,Spike,True
2014-12-22,22776,SWEETHEART 3 TIER CAKE STAND ,product,revenue,355.68,38,,1.445,152.0,True,Normal,Spike,True
2014-01-25,22487,WHITE WOOD GARDEN PLANT LADDER,product,revenue,314.14,32,,1.446,132.29,True,Normal,Spike,True
2012-12-12,POST,,product,revenue,2615.61,61,,1.447,1040.13,True,Normal,Spike,True
2012-08-11,21523,DOORMAT FANCY FONT HOME SWEET HOME,product,revenue,318.8,40,,1.449,97.71,True,Normal,Spike,True
2014-06-14,21843,smashed,product,revenue,591.25,55,,1.449,205.95,True,Normal,Spike,True
2015-06-05,82486,3 DRAWER ANTIQUE WHITE WOOD CABINET,product,revenue,434.01,51,,1.454,160.09,True,Normal,Spike,True
2014-03-19,POST,,product,revenue,2148.39,52,,1.457,904.79,True,Normal,Spike,True
2013-07-13,20685,DOORMAT RED RETROSPOT,product,revenue,367.83,48,,1.458,152.71,True,Normal,Spike,True
2014-02-05,22846,BREAD BIN DINER STYLE RED ,product,revenue,580.92,35,,1.46,229.58,True,Normal,Spike,True
2015-06-26,23284,,product,revenue,400.31,51,,1.46,145.65,True,Normal,Spike,True
2014-03-21,85066,CREAM SWEETHEART MINI CHEST,product,revenue,439.44,35,,1.46,192.92,True,Normal,Spike,True
2013-09-05,22624,IVORY KITCHEN SCALES,product,revenue,336.68,38,,1.464,164.14,True,Normal,Spike,True
2012-11-01,82486,3 DRAWER ANTIQUE WHITE WOOD CABINET,product,revenue,352.58,41,,1.464,149.2,True,Normal,Spike,True
2013-10-23,85066,CREAM SWEETHEART MINI CHEST,product,revenue,408.89,31,,1.467,172.44,True,Normal,Spike,True
2012-04-13,22960,JAM MAKING SET WITH JARS,product,revenue,204.07,49,,1.47,70.14,True,Normal,Spike,True
2011-02-12,,,overall,revenue,44012.56,25303,1901.0,1.472,27771.49,True,Normal,Spike,True
2013-06-05,82486,3 DRAWER ANTIQUE WHITE WOOD CABINET,product,revenue,339.92,39,,1.473,138.01,True,Normal,Spike,True
2014-07-26,22138,BAKING SET 9 PIECE RETROSPOT ,product,revenue,203.26,41,,1.474,89.82,True,Normal,Spike,True
2014-11-22,21755,LOVE BUILDING BLOCK WORD,product,revenue,285.67,49,,1.476,113.04,True,Normal,Spike,True
2013-03-30,22846,BREAD BIN DINER STYLE RED ,product,revenue,441.81,27,,1.477,178.11,True,Normal,Spike,True
2015-10-14,21755,LOVE BUILDING BLOCK WORD,product,revenue,236.73,39,,1.478,98.49,True,Normal,Spike,True
2012-06-02,82486,3 DRAWER ANTIQUE WHITE WOOD CABINET,product,revenue,324.36,36,,1.478,122.28,True,Normal,Spike,True
2013-09-18,22193,RED DINER WALL CLOCK,product,revenue,322.64,37,,1.479,137.06,True,Normal,Spike,True
2011-12-09,23245,SET OF 3 REGENCY CAKE TINS,product,revenue,284.2,60,,1.484,123.23,True,Normal,Spike,True
2014-09-16,22193,RED DINER WALL CLOCK,product,revenue,260.98,31,,1.486,116.29,True,Normal,Spike,True
2014-06-24,22112,CHOCOLATE HOT WATER BOTTLE,product,revenue,203.97,42,,1.489,87.63,True,Normal,Spike,True
2014-07-28,22625,,product,revenue,423.21,51,,1.489,131.13,True,Normal,Spike,True
2011-08-08,POST,,product,price,31.2,5,,1.491,21.81,True,Normal,Spike,True
2014-08-19,22847,,product,revenue,533.76,32,,1.497,226.82,True,Normal,Spike,True
2011-05-12,22457,NATURAL SLATE HEART CHALKBOARD ,product,revenue,164.1,46,,1.501,71.77,True,Normal,Spike,True
2012-03-22,22625,,product,revenue,312.96,37,,1.503,125.5,True,Normal,Spike,True
2012-03-14,79321,,product,revenue,243.06,45,,1.505,95.31,True,Normal,Spike,True
2013-05-17,22720,,product,revenue,247.45,49,,1.506,109.82,True,Normal,Spike,True
2015-07-04,22720,,product,revenue,249.99,49,,1.507,104.75,True,Normal,Spike,True
2013-06-13,22846,BREAD BIN DINER STYLE RED ,product,revenue,504.0,32,,1.512,195.16,True,Normal,Spike,True
2011-10-11,48194,DOORMAT HEARTS,product,price,10.763333333333334,6,,1.515,7.99,True,Normal,Spike,True
2013-09-03,22726,,product,revenue,192.4,52,,1.517,72.03,True,Normal,Spike,True
2012-07-14,21843,smashed,product,revenue,574.01,54,,1.518,225.73,True,Normal,Spike,True
2012-05-30,22112,CHOCOLATE HOT WATER BOTTLE,product,revenue,235.94,48,,1.523,89.74,True,Normal,Spike,True
2011-07-12,POST,,product,price,31.789473684210527,19,,1.524,21.72,True,Normal,Spike,True
2013-09-05,22139,amazon,product,revenue,221.8,44,,1.526,89.56,True,Normal,Spike,True
2012-08-06,82484,WOOD BLACK BOARD ANT WHITE FINISH,product,revenue,281.22,38,,1.526,110.51,True,Normal,Spike,True
2012-11-07,M,Manual,product,revenue,3280.46,24,,1.526,1221.02,True,Normal,Spike,True
2015-07-30,22846,BREAD BIN DINER STYLE RED ,product,revenue,450.8,28,,1.527,194.99,True,Normal,Spike,True
2011-08-06,23298,"BUNTING , SPOTTY ",product,revenue,514.8,104,,1.53,224.08,True,Normal,Spike,True
2014-09-19,48138,DOORMAT UNION FLAG,product,revenue,366.09,47,,1.531,139.05,True,Normal,Spike,True
2010-10-12,82483,crushed,product,price,5.95,2,,1.531,5.4,True,Normal,Spike,True
2015-02-03,22138,BAKING SET 9 PIECE RETROSPOT ,product,revenue,263.91,54,,1.532,102.94,True,Normal,Spike,True
2012-09-01,21843,smashed,product,revenue,486.81,46,,1.537,211.71,True,Normal,Spike,True
2012-06-18,22424,ENAMEL BREAD BIN CREAM,product,revenue,401.76,31,,1.54,166.57,True,Normal,Spike,True
2012-02-06,47566,PARTY BUNTING,product,revenue,413.28,82,,1.541,143.54,True,Normal,Spike,True
2012-05-29,82486,3 DRAWER ANTIQUE WHITE WOOD CABINET,product,revenue,311.5,35,,1.541,107.85,True,Normal,Spike,True
2012-07-07,22847,,product,revenue,558.95,35,,1.542,232.88,True,Normal,Spike,True
2013-07-12,22487,WHITE WOOD GARDEN PLANT LADDER,product,revenue,301.44,32,,1.544,112.05,True,Normal,Spike,True
2015-02-07,22111,SCOTTIE DOG HOT WATER BOTTLE,product,revenue,215.86,43,,1.548,108.32,True,Normal,Spike,True
2011-12-07,22457,NATURAL SLATE HEART CHALKBOARD ,product,revenue,213.85,79,,1.548,89.86,True,Normal,Spike,True
2015-12-30,22624,IVORY KITCHEN SCALES,product,revenue,513.34,61,,1.549,152.77,True,Normal,Spike,True
2011-05-12,,,overall,revenue,57526.1,37322,3277.0,1.551,30939.11,True,Normal,Spike,True
2013-12-02,22139,amazon,product,revenue,222.31,44,,1.554,78.86,True,Normal,Spike,True
2014-07-08,22624,IVORY KITCHEN SCALES,product,revenue,417.63,49,,1.554,141.8,True,Normal,Spike,True
2012-05-30,22776,SWEETHEART 3 TIER CAKE STAND ,product,revenue,371.28,39,,1.554,131.03,True,Normal,Spike,True
2011-06-12,22960,JAM MAKING SET WITH JARS,product,revenue,296.75,79,,1.554,109.04,True,Normal,Spike,True
2014-12-17,22720,,product,revenue,273.95,56,,1.555,114.64,True,Normal,Spike,True
2012-09-20,22776,SWEETHEART 3 TIER CAKE STAND ,product,revenue,383.49,39,,1.555,150.96,True,Normal,Spike,True
2014-03-17,M,Manual,product,revenue,4412.18,34,,1.557,1513.87,True,Normal,Spike,True
2015-11-18,21754,HOME BUILDING BLOCK WORD,product,revenue,271.04,46,,1.558,114.65,True,Normal,Spike,True
2015-03-11,22424,ENAMEL BREAD BIN CREAM,product,revenue,390.29,31,,1.558,185.97,True,Normal,Spike,True
2013-11-15,22138,BAKING SET 9 PIECE RETROSPOT ,product,revenue,296.96,58,,1.559,112.66,True,Normal,Spike,True
2014-07-29,22726,,product,revenue,208.83,55,,1.562,88.64,True,Normal,Spike,True
2011-05-09,22112,CHOCOLATE HOT WATER BOTTLE,product,revenue,335.7,78,,1.563,132.7,True,Normal,Spike,True
2012-08-18,22847,,product,revenue,532.48,32,,1.565,215.0,True,Normal,Spike,True
2015-01-01,22193,RED DINER WALL CLOCK,product,revenue,294.44,34,,1.568,128.58,True,Normal,Spike,True
2015-10-17,22847,,product,revenue,523.98,33,,1.57,211.01,True,Normal,Spike,True
2013-12-03,21755,LOVE BUILDING BLOCK WORD,product,revenue,226.2,38,,1.574,103.22,True,Normal,Spike,True
2011-08-07,47566,PARTY BUNTING,product,revenue,820.5,190,,1.575,275.03,True,Normal,Spike,True
2013-06-13,48138,DOORMAT UNION FLAG,product,revenue,288.69,38,,1.576,134.58,True,Normal,Spike,True
2014-11-24,M,Manual,product,revenue,3774.64,29,,1.577,1601.34,True,Normal,Spike,True
2015-07-25,85066,CREAM SWEETHEART MINI CHEST,product,revenue,501.93,39,,1.58,172.71,True,Normal,Spike,True
2014-12-26,22424,ENAMEL BREAD BIN CREAM,product,revenue,402.24,33,,1.583,185.6,True,Normal,Spike,True
2014-12-22,22112,CHOCOLATE HOT WATER BOTTLE,product,revenue,216.32,44,,1.584,87.26,True,Normal,Spike,True
2015-12-22,21523,DOORMAT FANCY FONT HOME SWEET HOME,product,revenue,303.51,39,,1.585,129.62,True,Normal,Spike,True
2013-04-20,C2,,product,revenue,1094.78,22,,1.587,426.47,True,Normal,Spike,True
2013-08-14,22776,SWEETHEART 3 TIER CAKE STAND ,product,revenue,330.75,35,,1.589,125.07,True,Normal,Spike,True
2012-11-07,22086,PAPER CHAIN KIT 50'S CHRISTMAS ,product,revenue,175.28,62,,1.59,66.62,True,Normal,Spike,True
2014-05-17,84078A,SET/4 WHITE RETRO STORAGE CUBES ,product,revenue,1669.25,45,,1.59,587.2,True,Normal,Spike,True
2011-01-08,85099B,JUMBO BAG RED RETROSPOT,product,revenue,636.84,348,,1.59,257.29,True,Normal,Spike,True
2014-01-27,48194,DOORMAT HEARTS,product,revenue,290.32,38,,1.592,99.34,True,Normal,Spike,True
2013-04-27,22846,BREAD BIN DINER STYLE RED ,product,revenue,456.75,29,,1.594,179.29,True,Normal,Spike,True
2011-05-12,22112,CHOCOLATE HOT WATER BOTTLE,product,revenue,337.65,75,,1.595,128.64,True,Normal,Spike,True
2014-12-30,22720,,product,revenue,309.97,63,,1.595,118.28,True,Normal,Spike,True
2013-06-17,22112,CHOCOLATE HOT WATER BOTTLE,product,revenue,280.44,56,,1.597,109.59,True,Normal,Spike,True
2015-10-27,22139,amazon,product,revenue,285.93,56,,1.597,94.59,True,Normal,Spike,True
2015-11-12,22847,,product,revenue,600.19,36,,1.597,248.32,True,Normal,Spike,True
2014-11-24,22846,BREAD BIN DINER STYLE RED ,product,revenue,550.2,35,,1.601,188.72,True,Normal,Spike,True
2011-12-05,47566,PARTY BUNTING,product,revenue,689.15,161,,1.601,279.12,True,Normal,Spike,True
2015-08-08,22111,SCOTTIE DOG HOT WATER BOTTLE,product,revenue,218.49,43,,1.602,90.34,True,Normal,Spike,True
2015-12-16,22424,ENAMEL BREAD BIN CREAM,product,revenue,411.4,32,,1.602,155.71,True,Normal,Spike,True
2014-07-14,22193,RED DINER WALL CLOCK,product,revenue,308.56,38,,1.605,123.63,True,Normal,Spike,True
2012-08-25,20685,DOORMAT RED RETROSPOT,product,revenue,311.27,39,,1.607,135.42,True,Normal,Spike,True
2015-11-09,21754,HOME BUILDING BLOCK WORD,product,revenue,260.54,42,,1.607,107.53,True,Normal,Spike,True
2015-12-10,22487,WHITE WOOD GARDEN PLANT LADDER,product,revenue,322.24,32,,1.607,116.12,True,Normal,Spike,True
2012-11-16,48187,DOORMAT NEW ENGLAND,product,revenue,335.19,43,,1.607,124.24,True,Normal,Spike,True
2011-07-12,22111,SCOTTIE DOG HOT WATER BOTTLE,product,revenue,314.85,67,,1.608,95.42,True,Normal,Spike,True
2015-06-01,23355,HOT WATER BOTTLE KEEP CALM,product,revenue,214.96,44,,1.609,73.62,True,Normal,Spike,True
2015-07-14,22720,,product,revenue,285.62,58,,1.61,122.78,True,Normal,Spike,True
2015-09-02,82486,3 DRAWER ANTIQUE WHITE WOOD CABINET,product,revenue,480.7,55,,1.61,174.4,True,Normal,Spike,True
2013-01-30,48194,DOORMAT HEARTS,product,revenue,374.4,45,,1.611,123.31,True,Normal,Spike,True
2011-01-12,22726,,product,revenue,243.75,65,,1.614,121.25,True,Normal,Spike,True
2011-08-04,84879,damaged,product,revenue,353.68,232,,1.614,163.56,True,Normal,Spike,True
2015-12-21,22487,WHITE WOOD GARDEN PLANT LADDER,product,revenue,307.24,31,,1.615,116.85,True,Normal,Spike,True
2011-07-06,23284,,product,revenue,995.5,210,,1.615,326.86,True,Normal,Spike,True
2015-02-28,82486,3 DRAWER ANTIQUE WHITE WOOD CABINET,product,revenue,412.66,47,,1.616,138.05,True,Normal,Spike,True
2013-09-25,21754,HOME BUILDING BLOCK WORD,product,revenue,307.03,51,,1.622,114.3,True,Normal,Spike,True
2011-09-05,85123A,CREAM HANGING HEART T-LIGHT HOLDER,product,revenue,551.55,213,,1.623,240.61,True,Normal,Spike,True
2013-02-13,22112,CHOCOLATE HOT WATER BOTTLE,product,revenue,216.34,45,,1.624,79.89,True,Normal,Spike,True
2011-06-10,,,overall,revenue,58503.26,33378,2544.0,1.626,30179.12,True,Normal,Spike,True
2012-12-29,21843,smashed,product,revenue,391.34,36,,1.626,158.26,True,Normal,Spike,True
2015-10-24,22625,,product,revenue,341.04,41,,1.627,111.61,True,Normal,Spike,True
2015-01-29,22624,IVORY KITCHEN SCALES,product,revenue,404.34,46,,1.628,153.93,True,Normal,Spike,True
2012-08-15,23245,SET OF 3 REGENCY CAKE TINS,product,revenue,235.47,47,,1.628,80.42,True,Normal,Spike,True
2011-03-11,22727,ALARM CLOCK BAKELIKE RED ,product,revenue,214.5,62,,1.629,80.98,True,Normal,Spike,True
2011-05-12,48194,DOORMAT HEARTS,product,price,9.087777777777777,9,,1.629,7.9,True,Normal,Spike,True
2011-06-12,22112,CHOCOLATE HOT WATER BOTTLE,product,revenue,332.7,74,,1.63,119.53,True,Normal,Spike,True
2014-07-18,22847,,product,revenue,807.78,48,,1.63,236.95,True,Normal,Spike,True
2014-01-02,22727,ALARM CLOCK BAKELIKE RED ,product,revenue,206.09,55,,1.631,73.07,True,Normal,Spike,True
2012-10-03,M,Manual,product,revenue,3511.08,27,,1.632,1279.96,True,Normal,Spike,True
2010-09-12,79321,,product,price,4.65,56,,1.633,4.34,True,Normal,Spike,True
2013-11-05,21621,,product,revenue,280.84,34,,1.637,95.15,True,Normal,Spike,True
2012-01-28,23284,,product,revenue,705.55,92,,1.638,232.33,True,Normal,Spike,True
2014-08-25,22727,ALARM CLOCK BAKELIKE RED ,product,revenue,210.73,55,,1.64,76.7,True,Normal,Spike,True
2011-12-05,23298,"BUNTING , SPOTTY ",product,revenue,450.05,99,,1.641,188.01,True,Normal,Spike,True
2013-12-04,20685,DOORMAT RED RETROSPOT,product,revenue,347.35,45,,1.642,145.06,True,Normal,Spike,True
2011-06-07,22720,,product,revenue,490.05,99,,1.645,134.06,True,Normal,Spike,True
2013-12-07,22726,,product,revenue,180.38,46,,1.645,80.67,True,Normal,Spike,True
2014-11-28,22726,,product,revenue,226.53,58,,1.646,75.75,True,Normal,Spike,True
2012-07-05,22727,ALARM CLOCK BAKELIKE RED ,product,revenue,219.82,58,,1.648,76.81,True,Normal,Spike,True
2014-12-12,48194,DOORMAT HEARTS,product,revenue,320.52,40,,1.648,122.17,True,Normal,Spike,True
2013-11-16,22112,CHOCOLATE HOT WATER BOTTLE,product,revenue,212.7,42,,1.652,85.87,True,Normal,Spike,True
2013-11-27,82483,crushed,product,revenue,329.65,48,,1.657,119.52,True,Normal,Spike,True
2015-06-26,20685,DOORMAT RED RETROSPOT,product,revenue,397.96,50,,1.658,151.27,True,Normal,Spike,True
2012-12-28,21843,smashed,product,revenue,380.52,36,,1.658,152.94,True,Normal,Spike,True
2011-10-01,22655,damages/showroom etc,product,price,295.0,1,,1.658,167.5,True,Normal,Spike,True
2015-02-28,22424,ENAMEL BREAD BIN CREAM,product,revenue,386.57,31,,1.659,180.2,True,Normal,Spike,True
2015-01-17,22720,,product,revenue,322.04,67,,1.659,111.82,True,Normal,Spike,True
2014-04-01,22846,BREAD BIN DINER STYLE RED ,product,revenue,537.47,33,,1.659,199.21,True,Normal,Spike,True
2011-10-05,23298,"BUNTING , SPOTTY ",product,revenue,489.65,107,,1.661,199.72,True,Normal,Spike,True
2015-07-01,82483,crushed,product,revenue,254.21,38,,1.661,91.22,True,Normal,Spike,True
2011-07-12,82484,WOOD BLACK BOARD ANT WHITE FINISH,product,revenue,484.5,70,,1.661,141.85,True,Normal,Spike,True
2015-12-10,21523,DOORMAT FANCY FONT HOME SWEET HOME,product,revenue,318.4,41,,1.662,132.53,True,Normal,Spike,True
2015-02-11,48187,DOORMAT NEW ENGLAND,product,revenue,274.02,34,,1.667,107.02,True,Normal,Spike,True
2014-03-31,85066,CREAM SWEETHEART MINI CHEST,product,revenue,501.5,40,,1.667,207.27,True,Normal,Spike,True
2015-06-13,82486,3 DRAWER ANTIQUE WHITE WOOD CABINET,product,revenue,531.59,59,,1.668,196.58,True,Normal,Spike,True
2013-06-29,82484,WOOD BLACK BOARD ANT WHITE FINISH,product,revenue,364.16,50,,1.67,128.54,True,Normal,Spike,True
2014-03-19,82486,3 DRAWER ANTIQUE WHITE WOOD CABINET,product,revenue,391.74,46,,1.673,140.5,True,Normal,Spike,True
2015-07-27,22720,,product,revenue,239.5,50,,1.675,102.45,True,Normal,Spike,True
2014-07-07,20685,DOORMAT RED RETROSPOT,product,revenue,311.99,41,,1.676,117.44,True,Normal,Spike,True
2012-07-21,22776,SWEETHEART 3 TIER CAKE STAND ,product,revenue,465.89,46,,1.676,179.06,True,Normal,Spike,True
2014-10-29,21843,smashed,product,revenue,413.03,37,,1.677,141.5,True,Normal,Spike,True
2015-01-23,82484,WOOD BLACK BOARD ANT WHITE FINISH,product,revenue,295.56,39,,1.677,123.64,True,Normal,Spike,True
2013-07-15,22487,WHITE WOOD GARDEN PLANT LADDER,product,revenue,340.88,34,,1.679,125.52,True,Normal,Spike,True
2011-10-11,22111,SCOTTIE DOG HOT WATER BOTTLE,product,revenue,347.55,77,,1.681,104.88,True,Normal,Spike,True
2011-07-12,22423,damages,product,revenue,1455.9,130,,1.682,516.16,True,Normal,Spike,True
2015-11-28,21755,LOVE BUILDING BLOCK WORD,product,revenue,209.06,36,,1.685,83.4,True,Normal,Spike,True
2015-11-10,22139,amazon,product,revenue,232.76,46,,1.685,89.36,True,Normal,Spike,True
2012-03-15,POST,,product,revenue,2574.42,61,,1.686,1145.19,True,Normal,Spike,True
2015-07-11,22487,WHITE WOOD GARDEN PLANT LADDER,product,revenue,435.81,45,,1.687,148.3,True,Normal,Spike,True
2013-04-30,22138,BAKING SET 9 PIECE RETROSPOT ,product,revenue,203.66,41,,1.689,72.61,True,Normal,Spike,True
2014-08-23,22726,,product,revenue,220.79,59,,1.689,89.35,True,Normal,Spike,True
2015-12-10,82483,crushed,product,revenue,215.08,32,,1.693,75.7,True,Normal,Spike,True
2011-12-08,POST,,product,price,32.333333333333336,9,,1.696,21.0,True,Normal,Spike,True
2015-10-24,21621,,product,revenue,292.38,33,,1.697,102.52,True,Normal,Spike,True
2012-11-23,22139,amazon,product,revenue,229.61,46,,1.697,77.22,True,Normal,Spike,True
2011-08-04,47566,PARTY BUNTING,product,revenue,716.55,169,,1.697,227.94,True,Normal,Spike,True
2011-07-07,23298,"BUNTING , SPOTTY ",product,revenue,519.35,113,,1.704,201.48,True,Normal,Spike,True
2013-07-13,C2,,product,revenue,1253.28,24,,1.704,482.89,True,Normal,Spike,True
2015-01-08,21843,smashed,product,revenue,561.7,50,,1.705,174.47,True,Normal,Spike,True
2015-05-20,22457,NATURAL SLATE HEART CHALKBOARD ,product,revenue,163.91,57,,1.705,62.42,True,Normal,Spike,True
2013-05-24,48187,DOORMAT NEW ENGLAND,product,revenue,313.27,41,,1.706,106.71,True,Normal,Spike,True
2013-04-08,22193,RED DINER WALL CLOCK,product,revenue,286.46,34,,1.707,102.47,True,Normal,Spike,True
2014-05-21,22112,CHOCOLATE HOT WATER BOTTLE,product,revenue,216.8,44,,1.708,67.93,True,Normal,Spike,True
2014-11-22,22193,RED DINER WALL CLOCK,product,revenue,279.36,32,,1.709,100.04,True,Normal,Spike,True
2012-09-14,22776,SWEETHEART 3 TIER CAKE STAND ,product,revenue,388.0,41,,1.71,143.52,True,Normal,Spike,True
2015-01-31,23355,HOT WATER BOTTLE KEEP CALM,product,revenue,221.61,45,,1.711,77.86,True,Normal,Spike,True
2014-05-08,82486,3 DRAWER ANTIQUE WHITE WOOD CABINET,product,revenue,388.73,46,,1.716,142.41,True,Normal,Spike,True
2011-05-12,85123A,CREAM HANGING HEART T-LIGHT HOLDER,product,revenue,761.84,292,,1.717,272.11,True,Normal,Spike,True
2014-07-25,22423,damages,product,revenue,1017.24,82,,1.718,358.92,True,Normal,Spike,True
2012-06-20,22423,damages,product,revenue,967.23,75,,1.719,384.88,True,Normal,Spike,True
2015-08-29,82486,3 DRAWER ANTIQUE WHITE WOOD CABINET,product,revenue,473.86,55,,1.72,161.83,True,Normal,Spike,True
2013-09-19,20685,DOORMAT RED RETROSPOT,product,revenue,374.85,51,,1.721,144.59,True,Normal,Spike,True
2014-08-26,22423,damages,product,revenue,1029.11,83,,1.721,432.59,True,Normal,Spike,True
2011-09-08,23298,"BUNTING , SPOTTY ",product,revenue,518.95,121,,1.723,213.38,True,Normal,Spike,True
2012-06-05,22457,NATURAL SLATE HEART CHALKBOARD ,product,revenue,176.83,61,,1.724,68.39,True,Normal,Spike,True
2014-06-12,22193,RED DINER WALL CLOCK,product,revenue,303.45,35,,1.725,96.39,True,Normal,Spike,True
2015-12-08,22487,WHITE WOOD GARDEN PLANT LADDER,product,revenue,325.88,34,,1.725,110.73,True,Normal,Spike,True
2013-04-15,21754,HOME BUILDING BLOCK WORD,product,revenue,284.85,48,,1.726,105.39,True,Normal,Spike,True
2014-11-11,82483,crushed,product,revenue,222.98,34,,1.726,88.04,True,Normal,Spike,True
2013-04-18,22457,NATURAL SLATE HEART CHALKBOARD ,product,revenue,163.3,55,,1.729,58.81,True,Normal,Spike,True
2015-04-29,20685,DOORMAT RED RETROSPOT,product,revenue,418.52,55,,1.731,114.25,True,Normal,Spike,True
2015-09-12,21754,HOME BUILDING BLOCK WORD,product,revenue,253.97,43,,1.737,89.67,True,Normal,Spike,True
2013-04-19,22960,JAM MAKING SET WITH JARS,product,revenue,195.2,48,,1.738,63.29,True,Normal,Spike,True
2014-07-18,22625,,product,revenue,451.44,54,,1.74,124.61,True,Normal,Spike,True
2012-07-06,22847,,product,revenue,572.28,36,,1.741,215.97,True,Normal,Spike,True
2014-02-20,48138,DOORMAT UNION FLAG,product,revenue,356.4,44,,1.741,102.58,True,Normal,Spike,True
2012-10-12,22111,SCOTTIE DOG HOT WATER BOTTLE,product,revenue,234.23,47,,1.742,87.63,True,Normal,Spike,True
2015-10-08,22193,RED DINER WALL CLOCK,product,revenue,338.38,40,,1.743,116.86,True,Normal,Spike,True
2014-11-06,48187,DOORMAT NEW ENGLAND,product,revenue,277.52,36,,1.743,104.87,True,Normal,Spike,True
2013-04-18,22139,amazon,product,revenue,217.15,45,,1.744,90.01,True,Normal,Spike,True
2011-09-01,22111,SCOTTIE DOG HOT WATER BOTTLE,product,revenue,355.5,82,,1.745,104.69,True,Normal,Spike,True
2012-06-26,22846,BREAD BIN DINER STYLE RED ,product,revenue,609.52,38,,1.745,216.1,True,Normal,Spike,True
2014-05-01,22727,ALARM CLOCK BAKELIKE RED ,product,revenue,181.49,50,,1.746,67.2,True,Normal,Spike,True
2014-12-06,22625,,product,revenue,331.55,39,,1.748,112.91,True,Normal,Spike,True
2013-07-23,21755,LOVE BUILDING BLOCK WORD,product,revenue,215.6,35,,1.749,97.48,True,Normal,Spike,True
2014-04-03,82486,3 DRAWER ANTIQUE WHITE WOOD CABINET,product,revenue,434.18,49,,1.753,159.7,True,Normal,Spike,True
2010-09-12,21843,smashed,product,revenue,446.85,43,,1.757,173.31,True,Normal,Spike,True
2014-05-15,22847,,product,revenue,540.79,34,,1.757,201.37,True,Normal,Spike,True
2015-10-26,22847,,product,revenue,612.19,37,,1.757,239.97,True,Normal,Spike,True
2011-01-12,22086,PAPER CHAIN KIT 50'S CHRISTMAS ,product,revenue,627.55,229,,1.758,295.02,True,Normal,Spike,True
2014-04-25,22720,,product,revenue,277.82,58,,1.758,106.73,True,Normal,Spike,True
2013-01-16,21754,HOME BUILDING BLOCK WORD,product,revenue,249.2,40,,1.759,102.04,True,Normal,Spike,True
2013-11-01,22139,amazon,product,revenue,217.65,43,,1.759,67.93,True,Normal,Spike,True
2013-05-22,22720,,product,revenue,285.89,57,,1.759,113.08,True,Normal,Spike,True
2015-06-04,23355,HOT WATER BOTTLE KEEP CALM,product,revenue,245.3,51,,1.759,83.68,True,Normal,Spike,True
2014-08-14,22193,RED DINER WALL CLOCK,product,revenue,358.75,41,,1.76,146.6,True,Normal,Spike,True
2014-07-17,48194,DOORMAT HEARTS,product,revenue,291.09,37,,1.76,122.24,True,Normal,Spike,True
2014-07-16,22112,CHOCOLATE HOT WATER BOTTLE,product,revenue,208.98,43,,1.761,84.87,True,Normal,Spike,True
2011-12-05,22960,JAM MAKING SET WITH JARS,product,revenue,207.25,53,,1.765,79.32,True,Normal,Spike,True
2013-04-30,82486,3 DRAWER ANTIQUE WHITE WOOD CABINET,product,revenue,424.42,48,,1.767,132.2,True,Normal,Spike,True
2011-03-11,82483,crushed,product,revenue,232.1,38,,1.769,99.23,True,Normal,Spike,True
2011-04-11,,,overall,revenue,55532.86,33232,2297.0,1.772,28740.45,True,Normal,Spike,True
2012-06-26,21843,smashed,product,revenue,668.91,63,,1.772,253.87,True,Normal,Spike,True
2011-05-01,85099B,JUMBO BAG RED RETROSPOT,product,revenue,730.2,436,,1.772,243.62,True,Normal,Spike,True
2014-12-04,82486,3 DRAWER ANTIQUE WHITE WOOD CABINET,product,revenue,334.41,39,,1.773,128.2,True,Normal,Spike,True
2012-07-24,22086,PAPER CHAIN KIT 50'S CHRISTMAS ,product,revenue,223.11,76,,1.774,84.89,True,Normal,Spike,True
2015-08-15,POST,,product,revenue,2121.24,48,,1.778,823.35,True,Normal,Spike,True
2013-11-11,85066,CREAM SWEETHEART MINI CHEST,product,revenue,407.2,32,,1.779,160.41,True,Normal,Spike,True
2015-10-17,21754,HOME BUILDING BLOCK WORD,product,revenue,304.22,53,,1.78,105.3,True,Normal,Spike,True
2014-01-07,22605,WOODEN CROQUET GARDEN SET,product,revenue,491.4,35,,1.78,172.11,True,Normal,Spike,True
2014-07-11,22776,SWEETHEART 3 TIER CAKE STAND ,product,revenue,405.72,42,,1.78,142.02,True,Normal,Spike,True
2014-05-13,82486,3 DRAWER ANTIQUE WHITE WOOD CABINET,product,revenue,403.51,45,,1.781,146.04,True,Normal,Spike,True
2015-01-05,20685,DOORMAT RED RETROSPOT,product,revenue,369.73,46,,1.783,129.31,True,Normal,Spike,True
2015-01-22,22720,,product,revenue,361.88,73,,1.783,123.41,True,Normal,Spike,True
2011-05-05,47566,PARTY BUNTING,product,revenue,657.55,149,,1.783,218.31,True,Normal,Spike,True
2012-08-01,85123A,CREAM HANGING HEART T-LIGHT HOLDER,product,revenue,292.45,101,,1.783,125.38,True,Normal,Spike,True
2014-05-09,20685,DOORMAT RED RETROSPOT,product,revenue,319.06,43,,1.786,125.78,True,Normal,Spike,True
2015-02-27,48138,DOORMAT UNION FLAG,product,revenue,288.34,37,,1.786,106.17,True,Normal,Spike,True
2014-12-17,82483,crushed,product,revenue,228.22,34,,1.786,87.37,True,Normal,Spike,True
2011-01-02,85099B,JUMBO BAG RED RETROSPOT,product,revenue,694.65,387,,1.788,262.96,True,Normal,Spike,True
2012-12-13,22112,CHOCOLATE HOT WATER BOTTLE,product,revenue,202.13,41,,1.789,67.34,True,Normal,Spike,True
2012-11-15,21621,,product,revenue,280.83,33,,1.79,119.14,True,Normal,Spike,True
2013-07-08,22193,RED DINER WALL CLOCK,product,revenue,315.69,38,,1.79,124.04,True,Normal,Spike,True
2011-06-10,22960,JAM MAKING SET WITH JARS,product,revenue,308.25,81,,1.79,99.57,True,Normal,Spike,True
2014-12-22,22726,,product,revenue,244.4,64,,1.794,93.56,True,Normal,Spike,True
2012-03-13,POST,,product,revenue,2532.39,59,,1.795,1087.86,True,Normal,Spike,True
2015-10-29,22424,ENAMEL BREAD BIN CREAM,product,revenue,382.07,30,,1.797,126.47,True,Normal,Spike,True
2014-10-06,22960,JAM MAKING SET WITH JARS,product,revenue,205.74,50,,1.797,77.02,True,Normal,Spike,True
2015-12-18,82484,WOOD BLACK BOARD ANT WHITE FINISH,product,revenue,387.5,53,,1.797,123.42,True,Normal,Spike,True
2013-07-20,79321,,product,revenue,238.52,46,,1.798,89.96,True,Normal,Spike,True
2015-01-10,M,Manual,product,revenue,4791.24,36,,1.798,1667.75,True,Normal,Spike,True
2013-08-31,22139,amazon,product,revenue,240.82,48,,1.8,89.16,True,Normal,Spike,True
2011-04-01,22457,NATURAL SLATE HEART CHALKBOARD ,product,revenue,193.2,72,,1.8,77.57,True,Normal,Spike,True
2012-12-17,48194,DOORMAT HEARTS,product,revenue,411.17,51,,1.8,131.44,True,Normal,Spike,True
2013-03-22,84078A,SET/4 WHITE RETRO STORAGE CUBES ,product,revenue,1605.2,40,,1.802,471.57,True,Normal,Spike,True
2011-02-11,22086,PAPER CHAIN KIT 50'S CHRISTMAS ,product,revenue,641.9,242,,1.809,266.4,True,Normal,Spike,True
2013-08-08,48138,DOORMAT UNION FLAG,product,revenue,352.09,45,,1.81,126.33,True,Normal,Spike,True
2011-10-11,23284,,product,price,9.064545454545454,33,,1.812,7.45,True,Normal,Spike,True
2013-02-13,21843,smashed,product,revenue,401.84,37,,1.814,166.99,True,Normal,Spike,True
2012-02-21,23245,SET OF 3 REGENCY CAKE TINS,product,revenue,216.87,43,,1.814,86.41,True,Normal,Spike,True
2015-01-28,48194,DOORMAT HEARTS,product,revenue,341.31,44,,1.815,123.6,True,Normal,Spike,True
2013-12-09,22846,BREAD BIN DINER STYLE RED ,product,revenue,681.26,41,,1.818,244.81,True,Normal,Spike,True
2012-11-15,C2,,product,revenue,1831.68,36,,1.821,520.55,True,Normal,Spike,True
2012-07-17,22423,damages,product,revenue,1050.73,83,,1.824,355.2,True,Normal,Spike,True
2012-10-25,22625,,product,revenue,288.26,34,,1.824,115.04,True,Normal,Spike,True
2012-06-02,POST,,product,revenue,2904.95,70,,1.826,1029.95,True,Normal,Spike,True
2014-12-16,21523,DOORMAT FANCY FONT HOME SWEET HOME,product,revenue,278.19,36,,1.827,101.33,True,Normal,Spike,True
2014-06-18,22624,IVORY KITCHEN SCALES,product,revenue,471.92,58,,1.827,149.0,True,Normal,Spike,True
2012-07-04,22726,,product,revenue,204.93,56,,1.827,75.78,True,Normal,Spike,True
2013-12-09,47566,PARTY BUNTING,product,revenue,315.38,67,,1.827,136.9,True,Normal,Spike,True
2015-04-01,21754,HOME BUILDING BLOCK WORD,product,revenue,321.36,53,,1.83,96.52,True,Normal,Spike,True
2011-11-05,23298,"BUNTING , SPOTTY ",product,revenue,484.7,106,,1.83,189.27,True,Normal,Spike,True
2015-12-02,85066,CREAM SWEETHEART MINI CHEST,product,revenue,432.8,35,,1.831,174.07,True,Normal,Spike,True
2013-06-19,20685,DOORMAT RED RETROSPOT,product,revenue,390.68,52,,1.833,129.07,True,Normal,Spike,True
2014-12-29,22720,,product,revenue,328.08,68,,1.833,115.15,True,Normal,Spike,True
2013-04-15,22846,BREAD BIN DINER STYLE RED ,product,revenue,482.36,30,,1.833,177.71,True,Normal,Spike,True
2012-06-05,22112,CHOCOLATE HOT WATER BOTTLE,product,revenue,266.01,55,,1.834,92.63,True,Normal,Spike,True
2013-08-12,22423,damages,product,revenue,1086.44,88,,1.837,407.26,True,Normal,Spike,True
2012-06-01,22193,RED DINER WALL CLOCK,product,revenue,272.67,31,,1.838,95.91,True,Normal,Spike,True
2014-08-23,22423,damages,product,revenue,1018.16,82,,1.842,397.06,True,Normal,Spike,True
2013-05-27,48187,DOORMAT NEW ENGLAND,product,revenue,353.97,45,,1.843,116.39,True,Normal,Spike,True
2012-12-22,22139,amazon,product,revenue,260.76,52,,1.844,95.62,True,Normal,Spike,True
2014-06-28,22720,,product,revenue,300.6,60,,1.844,100.31,True,Normal,Spike,True
2012-07-06,82484,WOOD BLACK BOARD ANT WHITE FINISH,product,revenue,357.58,48,,1.844,114.89,True,Normal,Spike,True
2013-03-30,82486,3 DRAWER ANTIQUE WHITE WOOD CABINET,product,revenue,428.46,48,,1.846,134.96,True,Normal,Spike,True
2012-02-28,22139,amazon,product,revenue,344.93,68,,1.849,108.66,True,Normal,Spike,True
2013-12-06,82483,crushed,product,revenue,352.94,52,,1.849,122.36,True,Normal,Spike,True
2012-06-23,21621,,product,revenue,311.04,37,,1.85,102.85,True,Normal,Spike,True
2012-08-23,20685,DOORMAT RED RETROSPOT,product,revenue,322.5,41,,1.852,125.63,True,Normal,Spike,True
2014-12-17,22776,SWEETHEART 3 TIER CAKE STAND ,product,revenue,397.01,40,,1.852,145.79,True,Normal,Spike,True
2015-05-21,POST,,product,revenue,2540.79,63,,1.852,1036.15,True,Normal,Spike,True
2011-08-11,22112,CHOCOLATE HOT WATER BOTTLE,product,revenue,357.45,79,,1.853,112.2,True,Normal,Spike,True
2015-07-14,22624,IVORY KITCHEN SCALES,product,revenue,382.05,45,,1.854,137.03,True,Normal,Spike,True
2012-08-30,82486,3 DRAWER ANTIQUE WHITE WOOD CABINET,product,revenue,318.15,36,,1.854,136.87,True,Normal,Spike,True
2015-06-08,20685,DOORMAT RED RETROSPOT,product,revenue,447.49,58,,1.859,160.01,True,Normal,Spike,True
2013-04-27,C2,,product,revenue,1294.54,26,,1.861,457.78,True,Normal,Spike,True
2015-12-17,22086,PAPER CHAIN KIT 50'S CHRISTMAS ,product,revenue,192.3,63,,1.862,64.61,True,Normal,Spike,True
2012-07-03,22138,BAKING SET 9 PIECE RETROSPOT ,product,revenue,201.22,40,,1.862,77.57,True,Normal,Spike,True
2012-05-16,21754,HOME BUILDING BLOCK WORD,product,revenue,267.08,44,,1.863,88.72,True,Normal,Spike,True
2012-05-31,22625,,product,revenue,371.65,45,,1.863,125.06,True,Normal,Spike,True
2015-03-03,48138,DOORMAT UNION FLAG,product,revenue,317.67,41,,1.863,112.19,True,Normal,Spike,True
2015-01-07,82484,WOOD BLACK BOARD ANT WHITE FINISH,product,revenue,291.57,40,,1.865,113.8,True,Normal,Spike,True
2011-03-11,85123A,CREAM HANGING HEART T-LIGHT HOLDER,product,price,3.109409594095941,271,,1.865,2.81,True,Normal,Spike,True
2014-08-18,48194,DOORMAT HEARTS,product,revenue,292.64,38,,1.867,117.79,True,Normal,Spike,True
2015-12-02,22086,PAPER CHAIN KIT 50'S CHRISTMAS ,product,revenue,186.63,65,,1.869,65.47,True,Normal,Spike,True
2012-12-19,48138,DOORMAT UNION FLAG,product,revenue,518.82,69,,1.87,153.1,True,Normal,Spike,True
2012-06-22,22726,,product,revenue,184.33,51,,1.871,63.22,True,Normal,Spike,True
2013-06-15,23245,SET OF 3 REGENCY CAKE TINS,product,revenue,314.21,63,,1.871,99.83,True,Normal,Spike,True
2011-02-12,79321,,product,revenue,813.35,169,,1.874,262.2,True,Normal,Spike,True
2013-05-30,79321,,product,revenue,290.13,56,,1.874,101.63,True,Normal,Spike,True
2015-04-22,M,Manual,product,revenue,3726.33,27,,1.875,1333.13,True,Normal,Spike,True
2014-12-03,22424,ENAMEL BREAD BIN CREAM,product,revenue,417.61,32,,1.876,168.16,True,Normal,Spike,True
2013-01-11,POST,,product,revenue,2748.62,62,,1.876,808.82,True,Normal,Spike,True
2014-10-07,22727,ALARM CLOCK BAKELIKE RED ,product,revenue,182.06,48,,1.878,73.97,True,Normal,Spike,True
2014-06-13,48138,DOORMAT UNION FLAG,product,revenue,382.2,49,,1.878,132.64,True,Normal,Spike,True
2013-09-16,C2,,product,revenue,1270.5,25,,1.879,482.2,True,Normal,Spike,True
2015-11-09,POST,,product,revenue,2140.3,51,,1.88,842.5,True,Normal,Spike,True
2014-04-29,22624,IVORY KITCHEN SCALES,product,revenue,404.6,49,,1.881,131.4,True,Normal,Spike,True
2014-04-12,82486,3 DRAWER ANTIQUE WHITE WOOD CABINET,product,revenue,425.01,49,,1.881,142.9,True,Normal,Spike,True
2013-12-06,22457,NATURAL SLATE HEART CHALKBOARD ,product,revenue,164.22,54,,1.882,58.48,True,Normal,Spike,True
2012-05-18,22487,WHITE WOOD GARDEN PLANT LADDER,product,revenue,289.69,29,,1.882,110.69,True,Normal,Spike,True
2011-01-02,47566,PARTY BUNTING,product,revenue,430.8,112,,1.883,148.99,True,Normal,Spike,True
2015-09-02,22086,PAPER CHAIN KIT 50'S CHRISTMAS ,product,revenue,195.21,68,,1.884,64.86,True,Normal,Spike,True
2015-01-22,POST,,product,revenue,2365.69,56,,1.884,756.98,True,Normal,Spike,True
2014-03-21,21755,LOVE BUILDING BLOCK WORD,product,revenue,224.61,37,,1.885,76.06,True,Normal,Spike,True
2013-10-05,M,Manual,product,revenue,3934.98,30,,1.885,1392.63,True,Normal,Spike,True
2013-10-08,22960,JAM MAKING SET WITH JARS,product,revenue,201.85,49,,1.886,78.0,True,Normal,Spike,True
2013-01-09,22720,,product,revenue,262.29,53,,1.887,99.63,True,Normal,Spike,True
2013-02-04,22960,JAM MAKING SET WITH JARS,product,revenue,256.06,62,,1.887,90.21,True,Normal,Spike,True
2015-08-31,21755,LOVE BUILDING BLOCK WORD,product,revenue,286.23,47,,1.888,100.98,True,Normal,Spike,True
2013-09-18,21754,HOME BUILDING BLOCK WORD,product,revenue,279.26,47,,1.89,96.46,True,Normal,Spike,True
2013-08-30,22193,RED DINER WALL CLOCK,product,revenue,380.55,43,,1.89,142.74,True,Normal,Spike,True
2011-02-03,22423,damages,product,revenue,2490.15,221,,1.893,809.7,True,Normal,Spike,True
2013-12-21,22111,SCOTTIE DOG HOT WATER BOTTLE,product,revenue,334.17,67,,1.895,100.35,True,Normal,Spike,True
2014-07-01,22423,damages,product,revenue,1089.34,88,,1.896,399.68,True,Normal,Spike,True
2013-09-30,48194,DOORMAT HEARTS,product,revenue,304.22,38,,1.897,107.36,True,Normal,Spike,True
2012-09-27,22424,ENAMEL BREAD BIN CREAM,product,revenue,513.5,42,,1.899,181.86,True,Normal,Spike,True
2012-01-11,22111,SCOTTIE DOG HOT WATER BOTTLE,product,revenue,287.47,57,,1.9,96.22,True,Normal,Spike,True
2014-06-24,22423,damages,product,revenue,1017.68,83,,1.9,386.74,True,Normal,Spike,True
2013-03-29,22111,SCOTTIE DOG HOT WATER BOTTLE,product,revenue,243.43,50,,1.906,78.5,True,Normal,Spike,True
2011-12-01,21621,,product,revenue,762.0,102,,1.907,144.74,True,Normal,Spike,True
2013-08-31,48194,DOORMAT HEARTS,product,revenue,372.0,45,,1.907,109.95,True,Normal,Spike,True
2015-07-14,22625,,product,revenue,282.48,33,,1.908,107.53,True,Normal,Spike,True
2011-07-12,84879,damaged,product,revenue,394.24,256,,1.909,166.37,True,Normal,Spike,True
2011-01-11,82483,crushed,product,revenue,225.15,37,,1.911,94.17,True,Normal,Spike,True
2011-10-11,79321,,product,revenue,556.66,109,,1.912,168.99,True,Normal,Spike,True
2013-09-10,22423,damages,product,revenue,933.75,75,,1.916,348.75,True,Normal,Spike,True
2015-09-29,22776,SWEETHEART 3 TIER CAKE STAND ,product,revenue,330.14,34,,1.916,117.65,True,Normal,Spike,True
2013-05-23,22423,damages,product,revenue,1014.89,83,,1.917,318.07,True,Normal,Spike,True
2013-08-09,22624,IVORY KITCHEN SCALES,product,revenue,390.04,46,,1.917,156.78,True,Normal,Spike,True
2015-03-05,22846,BREAD BIN DINER STYLE RED ,product,revenue,446.6,28,,1.918,150.2,True,Normal,Spike,True
2014-11-17,22726,,product,revenue,181.71,47,,1.919,51.48,True,Normal,Spike,True
2013-10-28,22138,BAKING SET 9 PIECE RETROSPOT ,product,revenue,293.12,61,,1.92,97.13,True,Normal,Spike,True
2012-06-23,22624,IVORY KITCHEN SCALES,product,revenue,451.73,53,,1.921,162.75,True,Normal,Spike,True
2012-11-08,48194,DOORMAT HEARTS,product,revenue,311.52,39,,1.921,110.29,True,Normal,Spike,True
2014-02-19,22112,CHOCOLATE HOT WATER BOTTLE,product,revenue,222.06,46,,1.923,65.5,True,Normal,Spike,True
2013-12-11,22193,RED DINER WALL CLOCK,product,revenue,287.31,33,,1.923,103.32,True,Normal,Spike,True
2013-07-27,22423,damages,product,revenue,1097.58,87,,1.923,456.46,True,Normal,Spike,True
2012-08-27,22111,SCOTTIE DOG HOT WATER BOTTLE,product,revenue,243.04,50,,1.924,86.04,True,Normal,Spike,True
2012-05-31,20685,DOORMAT RED RETROSPOT,product,revenue,308.83,40,,1.929,103.77,True,Normal,Spike,True
2015-06-24,22624,IVORY KITCHEN SCALES,product,revenue,337.24,39,,1.929,118.69,True,Normal,Spike,True
2015-05-18,22727,ALARM CLOCK BAKELIKE RED ,product,revenue,225.9,59,,1.93,65.91,True,Normal,Spike,True
2015-06-02,22727,ALARM CLOCK BAKELIKE RED ,product,revenue,246.49,65,,1.933,71.51,True,Normal,Spike,True
2012-11-19,48138,DOORMAT UNION FLAG,product,revenue,493.06,62,,1.936,134.35,True,Normal,Spike,True
2015-01-12,23284,,product,revenue,415.73,53,,1.937,159.24,True,Normal,Spike,True
2013-08-02,22138,BAKING SET 9 PIECE RETROSPOT ,product,revenue,230.7,47,,1.94,88.85,True,Normal,Spike,True
2013-04-20,22960,JAM MAKING SET WITH JARS,product,revenue,227.28,53,,1.941,68.97,True,Normal,Spike,True
2015-12-22,21755,LOVE BUILDING BLOCK WORD,product,revenue,243.58,41,,1.942,94.27,True,Normal,Spike,True
2014-04-07,22605,WOODEN CROQUET GARDEN SET,product,revenue,479.77,35,,1.942,174.46,True,Normal,Spike,True
2014-05-07,22605,WOODEN CROQUET GARDEN SET,product,revenue,491.48,34,,1.942,183.01,True,Normal,Spike,True
2014-05-03,22605,WOODEN CROQUET GARDEN SET,product,revenue,458.88,32,,1.944,167.54,True,Normal,Spike,True
2015-02-10,23284,,product,revenue,434.51,56,,1.944,152.38,True,Normal,Spike,True
2012-04-03,82486,3 DRAWER ANTIQUE WHITE WOOD CABINET,product,revenue,408.16,46,,1.95,144.22,True,Normal,Spike,True
2014-12-17,,,overall,revenue,32493.73,9719,1017.0,1.951,20332.07,True,Normal,Spike,True
2013-11-26,22624,IVORY KITCHEN SCALES,product,revenue,356.75,43,,1.952,131.79,True,Normal,Spike,True
2015-01-22,22960,JAM MAKING SET WITH JARS,product,revenue,259.1,61,,1.952,83.23,True,Normal,Spike,True
2015-04-30,48138,DOORMAT UNION FLAG,product,revenue,283.97,37,,1.952,95.51,True,Normal,Spike,True
2013-12-30,22605,WOODEN CROQUET GARDEN SET,product,revenue,489.72,33,,1.953,157.62,True,Normal,Spike,True
2014-04-17,22847,,product,revenue,675.53,41,,1.953,234.2,True,Normal,Spike,True
2015-07-25,21843,smashed,product,revenue,495.56,46,,1.954,181.71,True,Normal,Spike,True
2013-07-17,22112,CHOCOLATE HOT WATER BOTTLE,product,revenue,243.0,51,,1.955,93.12,True,Normal,Spike,True
2011-10-11,22726,,product,revenue,224.92,58,,1.955,79.37,True,Normal,Spike,True
2013-08-23,21843,smashed,product,revenue,579.45,55,,1.957,166.91,True,Normal,Spike,True
2012-08-21,22138,BAKING SET 9 PIECE RETROSPOT ,product,revenue,232.16,46,,1.957,84.49,True,Normal,Spike,True
2012-08-01,22487,WHITE WOOD GARDEN PLANT LADDER,product,revenue,355.95,35,,1.957,121.78,True,Normal,Spike,True
2015-10-17,22726,,product,revenue,186.3,48,,1.958,64.5,True,Normal,Spike,True
2014-05-23,23355,HOT WATER BOTTLE KEEP CALM,product,revenue,214.79,43,,1.958,79.19,True,Normal,Spike,True
2014-07-10,20685,DOORMAT RED RETROSPOT,product,revenue,367.18,47,,1.959,122.72,True,Normal,Spike,True
2014-02-20,48194,DOORMAT HEARTS,product,revenue,377.93,49,,1.964,118.95,True,Normal,Spike,True
2013-07-20,82486,3 DRAWER ANTIQUE WHITE WOOD CABINET,product,revenue,381.55,45,,1.964,135.92,True,Normal,Spike,True
2013-11-29,22726,,product,revenue,185.76,48,,1.965,71.78,True,Normal,Spike,True
2010-08-12,82483,crushed,product,revenue,241.7,46,,1.965,89.71,True,Normal,Spike,True
2012-06-14,21621,,product,revenue,291.68,35,,1.966,93.83,True,Normal,Spike,True
2013-06-06,22138,BAKING SET 9 PIECE RETROSPOT ,product,revenue,203.45,41,,1.968,74.73,True,Normal,Spike,True
2013-03-28,22960,JAM MAKING SET WITH JARS,product,revenue,233.3,55,,1.968,69.23,True,Normal,Spike,True
2013-06-05,22424,ENAMEL BREAD BIN CREAM,product,revenue,389.52,31,,1.97,132.21,True,Normal,Spike,True
2012-10-27,82484,WOOD BLACK BOARD ANT WHITE FINISH,product,revenue,305.57,41,,1.971,113.66,True,Normal,Spike,True
2012-11-12,85099B,JUMBO BAG RED RETROSPOT,product,revenue,164.65,85,,1.971,62.01,True,Normal,Spike,True
2011-11-03,M,Manual,product,price,848.585,2,,1.971,120.24,True,Normal,Spike,True
2012-03-14,82483,crushed,product,revenue,219.03,33,,1.973,79.42,True,Normal,Spike,True
2013-09-03,22423,damages,product,revenue,1063.49,86,,1.974,360.57,True,Normal,Spike,True
2012-07-04,22720,,product,revenue,265.14,53,,1.974,95.14,True,Normal,Spike,True
2013-05-03,22847,,product,revenue,595.42,35,,1.978,228.55,True,Normal,Spike,True
2013-08-16,22139,amazon,product,revenue,253.98,51,,1.979,93.55,True,Normal,Spike,True
2015-09-25,22424,ENAMEL BREAD BIN CREAM,product,revenue,481.08,38,,1.979,144.2,True,Normal,Spike,True
2011-01-11,22720,,product,revenue,384.55,89,,1.981,140.84,True,Normal,Spike,True
2014-12-17,22487,WHITE WOOD GARDEN PLANT LADDER,product,revenue,368.1,37,,1.982,123.81,True,Normal,Spike,True
2015-01-13,22846,BREAD BIN DINER STYLE RED ,product,revenue,707.96,44,,1.983,221.35,True,Normal,Spike,True
2015-05-02,22139,amazon,product,revenue,298.7,62,,1.985,90.12,True,Normal,Spike,True
2014-10-23,48194,DOORMAT HEARTS,product,revenue,323.86,41,,1.987,107.5,True,Normal,Spike,True
2014-08-14,20685,DOORMAT RED RETROSPOT,product,revenue,315.67,40,,1.988,97.51,True,Normal,Spike,True
2014-10-07,82484,WOOD BLACK BOARD ANT WHITE FINISH,product,revenue,288.4,40,,1.992,98.03,True,Normal,Spike,True
2013-05-13,22138,BAKING SET 9 PIECE RETROSPOT ,product,revenue,242.79,48,,1.993,76.63,True,Normal,Spike,True
2014-04-12,22727,ALARM CLOCK BAKELIKE RED ,product,revenue,200.3,54,,1.995,63.29,True,Normal,Spike,True
2011-05-01,85123A,CREAM HANGING HEART T-LIGHT HOLDER,product,revenue,776.7,298,,1.995,253.84,True,Normal,Spike,True
2010-01-12,,,overall,revenue,42225.21,22177,1786.0,,,True,nan,Drop,True
2010-02-12,,,overall,revenue,41252.29,28320,1719.0,,,True,nan,Drop,True
2010-07-12,,,overall,revenue,41886.29,16025,1077.0,,,True,nan,Drop,True
2010-01-12,22086,PAPER CHAIN KIT 50'S CHRISTMAS ,product,revenue,566.05,219,,,,True,nan,Drop,True
2010-02-12,22086,PAPER CHAIN KIT 50'S CHRISTMAS ,product,revenue,364.55,129,,,,True,nan,Drop,True
2010-05-12,22086,PAPER CHAIN KIT 50'S CHRISTMAS ,product,revenue,348.55,129,,,,True,nan,Drop,True
2010-06-12,22086,PAPER CHAIN KIT 50'S CHRISTMAS ,product,revenue,437.05,159,,,,True,nan,Drop,True
2010-07-12,22086,PAPER CHAIN KIT 50'S CHRISTMAS ,product,revenue,468.25,175,,,,True,nan,Drop,True
2010-03-12,22111,SCOTTIE DOG HOT WATER BOTTLE,product,revenue,257.4,52,,,,True,nan,Drop,True
2010-05-12,22111,SCOTTIE DOG HOT WATER BOTTLE,product,revenue,242.55,49,,,,True,nan,Drop,True
2010-03-12,22112,CHOCOLATE HOT WATER BOTTLE,product,revenue,380.25,87,,,,True,nan,Drop,True
2010-06-12,22112,CHOCOLATE HOT WATER BOTTLE,product,revenue,258.45,59,,,,True,nan,Drop,True
2010-07-12,22112,CHOCOLATE HOT WATER BOTTLE,product,revenue,275.25,59,,,,True,nan,Drop,True
2010-02-12,22423,damages,product,revenue,2058.0,184,,,,True,nan,Drop,True
2010-03-12,22423,damages,product,revenue,1693.2,152,,,,True,nan,Drop,True
2010-05-12,22423,damages,product,revenue,1029.0,92,,,,True,nan,Drop,True
2010-07-12,22423,damages,product,revenue,1118.25,99,,,,True,nan,Drop,True
2010-01-12,22726,,product,revenue,198.75,53,,,,True,nan,Drop,True
2010-02-12,22726,,product,revenue,255.0,68,,,,True,nan,Drop,True
2010-01-12,22727,ALARM CLOCK BAKELIKE RED ,product,revenue,183.75,49,,,,True,nan,Drop,True
2010-02-12,22727,ALARM CLOCK BAKELIKE RED ,product,revenue,330.0,88,,,,True,nan,Drop,True
2010-01-12,22960,JAM MAKING SET WITH JARS,product,revenue,234.5,58,,,,True,nan,Drop,True
2011-02-10,23284,,product,revenue,496.65,68,,,,True,nan,Drop,True
2011-01-09,23355,HOT WATER BOTTLE KEEP CALM,product,revenue,238.8,56,,,,True,nan,Drop,True
2011-01-12,23355,HOT WATER BOTTLE KEEP CALM,product,revenue,421.35,89,,,,True,nan,Drop,True
2011-02-09,23355,HOT WATER BOTTLE KEEP CALM,product,revenue,267.9,58,,,,True,nan,Drop,True
2011-02-11,23355,HOT WATER BOTTLE KEEP CALM,product,revenue,417.0,92,,,,True,nan,Drop,True
2010-02-12,48194,DOORMAT HEARTS,product,revenue,472.5,70,,,,True,nan,Drop,True
2010-01-12,79321,,product,revenue,1079.04,272,,,,True,nan,Drop,True
2010-02-12,79321,,product,revenue,243.6,56,,,,True,nan,Drop,True
2010-03-12,79321,,product,revenue,676.35,157,,,,True,nan,Drop,True
2010-05-12,79321,,product,revenue,355.5,82,,,,True,nan,Drop,True
2010-07-12,79321,,product,revenue,514.95,121,,,,True,nan,Drop,True
2010-05-12,82484,WOOD BLACK BOARD ANT WHITE FINISH,product,revenue,283.65,49,,,,True,nan,Drop,True
2010-07-12,82484,WOOD BLACK BOARD ANT WHITE FINISH,product,revenue,2102.79,435,,,,True,nan,Drop,True
2010-01-12,84879,damaged,product,revenue,365.04,216,,,,True,nan,Drop,True
2010-02-12,84879,damaged,product,revenue,764.82,498,,,,True,nan,Drop,True
2010-05-12,84879,damaged,product,revenue,218.01,129,,,,True,nan,Drop,True
2010-06-12,84879,damaged,product,revenue,179.14,106,,,,True,nan,Drop,True
2010-07-12,84879,damaged,product,revenue,419.59,271,,,,True,nan,Drop,True
2010-01-12,85099B,JUMBO BAG RED RETROSPOT,product,revenue,550.8,324,,,,True,nan,Drop,True
2010-06-12,85099B,JUMBO BAG RED RETROSPOT,product,revenue,260.55,149,,,,True,nan,Drop,True
2010-07-12,85099B,JUMBO BAG RED RETROSPOT,product,revenue,543.75,325,,,,True,nan,Drop,True
2010-01-12,85123A,CREAM HANGING HEART T-LIGHT HOLDER,product,revenue,754.65,287,,,,True,nan,Drop,True
2010-02-12,85123A,CREAM HANGING HEART T-LIGHT HOLDER,product,revenue,584.55,225,,,,True,nan,Drop,True
2010-05-12,85123A,CREAM HANGING HEART T-LIGHT HOLDER,product,revenue,511.25,195,,,,True,nan,Drop,True
2010-06-12,85123A,CREAM HANGING HEART T-LIGHT HOLDER,product,revenue,375.6,136,,,,True,nan,Drop,True
2010-07-12,85123A,CREAM HANGING HEART T-LIGHT HOLDER,product,revenue,847.5,322,,,,True,nan,Drop,True
2010-07-12,20685,DOORMAT RED RETROSPOT,product,price,6.906521739130435,23,,,,True,nan,Drop,True
2010-01-12,21523,DOORMAT FANCY FONT HOME SWEET HOME,product,price,6.99,25,,,,True,nan,Drop,True
2010-08-12,21523,DOORMAT FANCY FONT HOME SWEET HOME,product,price,7.0928571428571425,28,,,,True,nan,Drop,True
2010-09-12,21523,DOORMAT FANCY FONT HOME SWEET HOME,product,price,7.0928571428571425,14,,,,True,nan,Drop,True
2010-01-12,22086,PAPER CHAIN KIT 50'S CHRISTMAS ,product,price,2.584703196347032,219,,,,True,nan,Drop,True
2010-07-12,22086,PAPER CHAIN KIT 50'S CHRISTMAS ,product,price,2.6757142857142857,175,,,,True,nan,Drop,True
2010-03-12,22112,CHOCOLATE HOT WATER BOTTLE,product,price,4.370689655172414,87,,,,True,nan,Drop,True
2010-06-12,22112,CHOCOLATE HOT WATER BOTTLE,product,price,4.3805084745762715,59,,,,True,nan,Drop,True
2010-01-12,22139,amazon,product,price,4.25,23,,,,True,nan,Drop,True
2010-02-12,22423,damages,product,price,11.184782608695652,184,,,,True,nan,Drop,True
2010-03-12,22423,damages,product,price,11.139473684210527,152,,,,True,nan,Drop,True
2010-05-12,22423,damages,product,price,11.184782608695652,92,,,,True,nan,Drop,True
2010-07-12,22423,damages,product,price,11.295454545454545,99,,,,True,nan,Drop,True
2010-01-12,22424,ENAMEL BREAD BIN CREAM,product,price,10.95,8,,,,True,nan,Drop,True
2010-07-12,22457,NATURAL SLATE HEART CHALKBOARD ,product,price,2.566,50,,,,True,nan,Drop,True
2010-08-12,22487,WHITE WOOD GARDEN PLANT LADDER,product,price,8.79,5,,,,True,nan,Drop,True
2010-10-12,22487,WHITE WOOD GARDEN PLANT LADDER,product,price,8.5,4,,,,True,nan,Drop,True
2011-01-02,22487,WHITE WOOD GARDEN PLANT LADDER,product,price,8.5,16,,,,True,nan,Drop,True
2011-01-03,22487,WHITE WOOD GARDEN PLANT LADDER,product,price,8.5,4,,,,True,nan,Drop,True
2010-03-12,22624,IVORY KITCHEN SCALES,product,price,7.771428571428571,28,,,,True,nan,Drop,True
2010-02-12,22655,damages/showroom etc,product,price,295.0,1,,,,True,nan,Drop,True
2011-01-11,22655,damages/showroom etc,product,price,125.0,1,,,,True,nan,Drop,True
2011-03-03,22655,damages/showroom etc,product,price,125.0,1,,,,True,nan,Drop,True
2011-03-07,22655,damages/showroom etc,product,price,125.0,2,,,,True,nan,Drop,True
2011-04-02,22655,damages/showroom etc,product,price,295.0,1,,,,True,nan,Drop,True
2011-05-04,22655,damages/showroom etc,product,price,125.0,2,,,,True,nan,Drop,True
2011-01-08,22720,,product,price,4.42906976744186,43,,,,True,nan,Drop,True
2010-07-12,22776,SWEETHEART 3 TIER CAKE STAND ,product,price,8.926470588235293,17,,,,True,nan,Drop,True
2010-10-12,22826,LOVE SEAT ANTIQUE WHITE METAL,product,price,175.0,2,,,,True,nan,Drop,True
2011-02-11,22826,LOVE SEAT ANTIQUE WHITE METAL,product,price,85.0,1,,,,True,nan,Drop,True
2011-03-10,22826,LOVE SEAT ANTIQUE WHITE METAL,product,price,85.0,1,,,,True,nan,Drop,True
2011-04-08,22826,LOVE SEAT ANTIQUE WHITE METAL,product,price,85.0,2,,,,True,nan,Drop,True
2011-06-03,22826,LOVE SEAT ANTIQUE WHITE METAL,product,price,195.0,1,,,,True,nan,Drop,True
2011-07-03,22826,LOVE SEAT ANTIQUE WHITE METAL,product,price,195.0,1,,,,True,nan,Drop,True
2011-01-09,23355,HOT WATER BOTTLE KEEP CALM,product,price,4.264285714285714,56,,,,True,nan,Drop,True
2011-01-11,23355,HOT WATER BOTTLE KEEP CALM,product,price,4.416666666666667,36,,,,True,nan,Drop,True
2010-08-12,47566,PARTY BUNTING,product,price,3.831818181818182,55,,,,True,nan,Drop,True
2010-09-12,47566,PARTY BUNTING,product,price,3.860526315789474,57,,,,True,nan,Drop,True
2010-02-12,48187,DOORMAT NEW ENGLAND,product,price,6.891176470588236,34,,,,True,nan,Drop,True
2010-07-12,48187,DOORMAT NEW ENGLAND,product,price,6.95,24,,,,True,nan,Drop,True
2010-02-12,48194,DOORMAT HEARTS,product,price,6.75,70,,,,True,nan,Drop,True
2010-01-12,79321,,product,price,3.967058823529412,272,,,,True,nan,Drop,True
2010-02-12,79321,,product,price,4.35,56,,,,True,nan,Drop,True
2010-03-12,79321,,product,price,4.307961783439491,157,,,,True,nan,Drop,True
2010-05-12,79321,,product,price,4.335365853658536,82,,,,True,nan,Drop,True
2010-06-12,79321,,product,price,4.411538461538462,39,,,,True,nan,Drop,True
2010-07-12,79321,,product,price,4.255785123966942,121,,,,True,nan,Drop,True
2010-01-12,82483,crushed,product,price,5.283333333333333,3,,,,True,nan,Drop,True
2010-02-12,82483,crushed,product,price,5.616666666666667,12,,,,True,nan,Drop,True
2010-03-12,82483,crushed,product,price,5.95,2,,,,True,nan,Drop,True
2010-05-12,82483,crushed,product,price,5.1078947368421055,19,,,,True,nan,Drop,True
2010-06-12,82483,crushed,product,price,4.95,16,,,,True,nan,Drop,True
2010-07-12,82483,crushed,product,price,5.222727272727273,22,,,,True,nan,Drop,True
2010-01-12,82484,WOOD BLACK BOARD ANT WHITE FINISH,product,price,6.45,4,,,,True,nan,Drop,True
2010-02-12,82484,WOOD BLACK BOARD ANT WHITE FINISH,product,price,6.45,3,,,,True,nan,Drop,True
2010-05-12,82484,WOOD BLACK BOARD ANT WHITE FINISH,product,price,5.788775510204082,49,,,,True,nan,Drop,True
2010-06-12,82484,WOOD BLACK BOARD ANT WHITE FINISH,product,price,5.73,30,,,,True,nan,Drop,True
2010-07-12,82484,WOOD BLACK BOARD ANT WHITE FINISH,product,price,4.834,435,,,,True,nan,Drop,True
2010-08-12,82484,WOOD BLACK BOARD ANT WHITE FINISH,product,price,5.91,20,,,,True,nan,Drop,True
2010-01-12,82486,3 DRAWER ANTIQUE WHITE WOOD CABINET,product,price,7.283333333333333,6,,,,True,nan,Drop,True
2010-02-12,82486,3 DRAWER ANTIQUE WHITE WOOD CABINET,product,price,7.75,10,,,,True,nan,Drop,True
2010-08-12,82486,3 DRAWER ANTIQUE WHITE WOOD CABINET,product,price,7.301351351351351,37,,,,True,nan,Drop,True
2010-02-12,84879,damaged,product,price,1.5357831325301206,498,,,,True,nan,Drop,True
2010-07-12,84879,damaged,product,price,1.5483025830258303,271,,,,True,nan,Drop,True
2010-01-12,85099B,JUMBO BAG RED RETROSPOT,product,price,1.7,324,,,,True,nan,Drop,True
2010-06-12,85099B,JUMBO BAG RED RETROSPOT,product,price,1.7486577181208054,149,,,,True,nan,Drop,True
2010-07-12,85099B,JUMBO BAG RED RETROSPOT,product,price,1.6730769230769231,325,,,,True,nan,Drop,True
2010-01-12,85123A,CREAM HANGING HEART T-LIGHT HOLDER,product,price,2.6294425087108015,287,,,,True,nan,Drop,True
2010-02-12,85123A,CREAM HANGING HEART T-LIGHT HOLDER,product,price,2.598,225,,,,True,nan,Drop,True
2010-05-12,85123A,CREAM HANGING HEART T-LIGHT HOLDER,product,price,2.621794871794872,195,,,,True,nan,Drop,True
2010-07-12,85123A,CREAM HANGING HEART T-LIGHT HOLDER,product,price,2.6319875776397517,322,,,,True,nan,Drop,True
2011-02-09,DOT,,product,price,16.46,1,,,,True,nan,Drop,True
2011-03-10,DOT,,product,price,490.25,1,,,,True,nan,Drop,True
2011-05-12,DOT,,product,price,1599.26,1,,,,True,nan,Drop,True
2011-09-09,DOT,,product,price,13.16,1,,,,True,nan,Drop,True
2011-10-11,DOT,,product,price,908.16,1,,,,True,nan,Drop,True
2010-01-12,M,Manual,product,price,1.25,1,,,,True,nan,Drop,True
2010-03-12,M,Manual,product,price,0.85,2,,,,True,nan,Drop,True
2010-05-12,M,Manual,product,price,0.7427777777777778,54,,,,True,nan,Drop,True
2010-06-12,M,Manual,product,price,2.7715,20,,,,True,nan,Drop,True
2010-08-12,M,Manual,product,price,0.19,12,,,,True,nan,Drop,True
2010-09-12,M,Manual,product,price,15.0,1,,,,True,nan,Drop,True
2010-01-12,POST,,product,price,17.4,5,,,,True,nan,Drop,True
2010-02-12,POST,,product,price,18.0,1,,,,True,nan,Drop,True
2010-03-12,POST,,product,price,22.933333333333334,15,,,,True,nan,Drop,True
2010-05-12,POST,,product,price,18.0,22,,,,True,nan,Drop,True
2010-06-12,POST,,product,price,23.0,2,,,,True,nan,Drop,True
2010-07-12,POST,,product,price,18.0,12,,,,True,nan,Drop,True
