customer_id,customer_name,state,segment,predicted_purchases,predicted_avg_value,predicted_clv,p_alive,predicted_clv_segment,prediction_period_days,clv_horizon_months,computed_at
12347,Unknown,Iceland,Loyal Customers,14.4654,23.965,1260.59,0.6383599204018852,Low Potential,90,12,2026-02-26T05:42:47.919635
12348,Unknown,Finland,Need Attention,284.2273,73.4,75862.85,0.6316162699459554,High Potential,90,12,2026-02-26T05:42:47.919635
12350,Unknown,Norway,About to Sleep,958.9302,19.6706,68591.75,0.6267517449275591,High Potential,90,12,2026-02-26T05:42:47.919635
12352,Unknown,Norway,Need Attention,17.7357,39.6467,2556.95,0.6287250926223397,Medium Potential,90,12,2026-02-26T05:42:47.919635
12355,Unknown,Bahrain,Promising,746.8177,35.3385,95968.79,0.6383056865188711,High Potential,90,12,2026-02-26T05:42:47.919635
12356,Unknown,Portugal,Promising,1203.1223,22.9267,100304.09,0.6365726329465102,High Potential,90,12,2026-02-26T05:42:47.919635
12357,Unknown,Switzerland,Loyal Customers,7470.8369,47.3868,1287342.01,0.6336587682334197,High Potential,90,12,2026-02-26T05:42:47.919635
12358,Unknown,Austria,Potential Loyalists,9.4031,61.4768,2102.08,0.6433692015763358,Medium Potential,90,12,2026-02-26T05:42:47.919635
12359,Unknown,Cyprus,Champions,30.6516,24.4457,2724.73,0.643041314451059,Medium Potential,90,12,2026-02-26T05:42:47.919635
12362,Unknown,Belgium,Champions,29.8346,19.4163,2106.46,0.641895024902707,Medium Potential,90,12,2026-02-26T05:42:47.919635
12363,Unknown,Unspecified,Promising,923.8578,18.6938,62801.5,0.6415678890778506,High Potential,90,12,2026-02-26T05:42:47.919635
12364,Unknown,Belgium,Need Attention,1524.3013,11.4933,63706.37,0.6272844705605466,High Potential,90,12,2026-02-26T05:42:47.919635
12367,Unknown,Denmark,About to Sleep,625.7253,15.3545,34937.09,0.6320457217532791,Medium Potential,90,12,2026-02-26T05:42:47.919635
12371,Unknown,Switzerland,Champions,3581.7742,24.6445,320985.58,0.641895024902707,High Potential,90,12,2026-02-26T05:42:47.919635
12372,Unknown,Denmark,Recent Customers,1097.1743,27.1421,108289.51,0.6416224001351336,High Potential,90,12,2026-02-26T05:42:47.919635
12373,Unknown,Austria,Need Attention,787.63,26.0429,74589.71,0.6251031688912595,High Potential,90,12,2026-02-26T05:42:47.919635
12375,Unknown,Finland,About to Sleep,620.8534,20.9364,47267.04,0.6271246053435824,High Potential,90,12,2026-02-26T05:42:47.919635
12378,Unknown,Switzerland,Potential Loyalists,12359.5758,18.3042,822662.35,0.6270713259922407,High Potential,90,12,2026-02-26T05:42:47.919635
12380,Unknown,Belgium,Recent Customers,2057.4198,16.8764,126261.23,0.6350061178607801,High Potential,90,12,2026-02-26T05:42:47.919635
12381,Unknown,Norway,Champions,23.7682,21.2105,1833.22,0.6435332078298328,Medium Potential,90,12,2026-02-26T05:42:47.919635
12383,Unknown,Belgium,Loyal Customers,17.8073,20.8503,1350.14,0.643041314451059,Low Potential,90,12,2026-02-26T05:42:47.919635
12384,Unknown,Switzerland,Potential Loyalists,45.8805,21.6767,3616.5,0.6419495637552085,Medium Potential,90,12,2026-02-26T05:42:47.919635
12386,Unknown,Australia,Need Attention,1.9447,40.19,284.21,0.6331206291844751,Low Potential,90,12,2026-02-26T05:42:47.919635
12388,Unknown,Australia,Need Attention,14.5874,20.9344,1110.47,0.6381972325752837,Low Potential,90,12,2026-02-26T05:42:47.919635
12393,Unknown,Australia,Potential Loyalists,23.35,24.5583,2085.22,0.641404383691382,Medium Potential,90,12,2026-02-26T05:42:47.919635
12395,Unknown,Belgium,Champions,8.5971,18.3684,574.24,0.6432598872954712,Low Potential,90,12,2026-02-26T05:42:47.919635
12397,Unknown,Belgium,Recent Customers,3177.1314,21.3409,246555.79,0.6303832207085496,High Potential,90,12,2026-02-26T05:42:47.919635
12399,Unknown,Belgium,Loyal Customers,24.2841,21.041,1858.04,0.6434238656828135,Medium Potential,90,12,2026-02-26T05:42:47.919635
12401,Unknown,Belgium,About to Sleep,287.1644,16.86,17605.79,0.6381430125139277,Medium Potential,90,12,2026-02-26T05:42:47.919635
12406,Unknown,Denmark,Loyal Customers,2757.7149,32.9167,330090.45,0.6383599204018852,High Potential,90,12,2026-02-26T05:42:47.919635
12407,Unknown,Belgium,Recent Customers,1881.3271,21.7897,149067.47,0.6334434577467953,High Potential,90,12,2026-02-26T05:42:47.919635
12408,Unknown,Belgium,Loyal Customers,15.046,34.9195,1910.54,0.6352759313761016,Medium Potential,90,12,2026-02-26T05:42:47.919635
12409,Unknown,Switzerland,Loyal Customers,3686.3371,96.9856,1300078.6,0.6399890813743078,High Potential,90,12,2026-02-26T05:42:47.919635
12410,Unknown,Switzerland,Promising,1473.9692,26.6665,142929.45,0.6299013787016665,High Potential,90,12,2026-02-26T05:42:47.919635
12413,Unknown,France,Recent Customers,37.2567,19.8074,2683.48,0.6331206291844751,Medium Potential,90,12,2026-02-26T05:42:47.919635
12414,Unknown,Austria,Need Attention,6.0244,24.5854,538.59,0.6333358299401141,Low Potential,90,12,2026-02-26T05:42:47.919635
12415,Unknown,Australia,Champions,48.192,195.4371,34249.11,0.6397172660964349,Medium Potential,90,12,2026-02-26T05:42:47.919635
12420,Unknown,Cyprus,Recent Customers,1657.9293,20.7031,124815.55,0.6352219595031147,High Potential,90,12,2026-02-26T05:42:47.919635
12423,Unknown,Belgium,Potential Loyalists,9.234,13.723,460.79,0.6386854204817225,Low Potential,90,12,2026-02-26T05:42:47.919635
12427,Unknown,Germany,Recent Customers,2.4965,23.4432,212.82,0.6402066167499753,Low Potential,90,12,2026-02-26T05:42:47.919635
12428,Unknown,Finland,Champions,48.4143,25.4074,4473.02,0.6417859610978717,Medium Potential,90,12,2026-02-26T05:42:47.919635
12433,Unknown,Norway,Champions,27.7954,30.7276,3105.77,0.6386854204817225,Medium Potential,90,12,2026-02-26T05:42:47.919635
12436,Unknown,Norway,Need Attention,900.6841,31.8131,104194.74,0.6254750485541349,High Potential,90,12,2026-02-26T05:42:47.919635
12437,Unknown,France,Champions,16.0973,24.2954,1422.15,0.643041314451059,Low Potential,90,12,2026-02-26T05:42:47.919635
12441,Unknown,France,At Risk,611.3789,15.7773,35076.03,0.6175544073129242,Medium Potential,90,12,2026-02-26T05:42:47.919635
12442,Unknown,Spain,About to Sleep,684.4096,14.3383,35684.62,0.6337126072892719,Medium Potential,90,12,2026-02-26T05:42:47.919635
12444,Unknown,Norway,Loyal Customers,29.4187,51.1275,5469.47,0.6435332078298328,Medium Potential,90,12,2026-02-26T05:42:47.919635
12447,Unknown,Belgium,Recent Customers,1497.32,18.3265,99784.13,0.6398803414066186,High Potential,90,12,2026-02-26T05:42:47.919635
12449,Unknown,Belgium,Champions,35.6134,20.6408,2673.05,0.6385226497005074,Medium Potential,90,12,2026-02-26T05:42:47.919635
12450,Unknown,Spain,At Risk,114.0198,48.0,19901.64,0.6334434577467953,Medium Potential,90,12,2026-02-26T05:42:47.919635
12451,Unknown,Switzerland,Loyal Customers,2206.7287,25.4014,203832.72,0.63193833143466,High Potential,90,12,2026-02-26T05:42:47.919635
12461,Unknown,Switzerland,Recent Customers,33.9952,23.6251,2920.51,0.6367349066337685,Medium Potential,90,12,2026-02-26T05:42:47.919635
12462,Unknown,Spain,Potential Loyalists,2297.3148,19.0528,159164.65,0.6381430125139277,High Potential,90,12,2026-02-26T05:42:47.919635
12463,Unknown,Belgium,Recent Customers,1157.7694,17.5285,73796.22,0.6432052371202953,High Potential,90,12,2026-02-26T05:42:47.919635
12464,Unknown,Belgium,At Risk,339.252,35.65,43979.4,0.6282445180282595,High Potential,90,12,2026-02-26T05:42:47.919635
12468,Unknown,Germany,Promising,1478.2332,19.575,105223.33,0.6317236055340981,High Potential,90,12,2026-02-26T05:42:47.919635
12471,Unknown,Germany,Loyal Customers,46.2883,46.4913,7825.47,0.6353299078348292,Medium Potential,90,12,2026-02-26T05:42:47.919635
12472,Unknown,Germany,Loyal Customers,10.7623,23.7422,929.17,0.6352759313761016,Low Potential,90,12,2026-02-26T05:42:47.919635
12473,Unknown,Germany,Potential Loyalists,7.2548,20.0614,529.24,0.6402610121462423,Low Potential,90,12,2026-02-26T05:42:47.919635
12474,Unknown,Germany,Loyal Customers,12.8888,17.6066,825.19,0.6433692015763358,Low Potential,90,12,2026-02-26T05:42:47.919635
12476,Unknown,Germany,About to Sleep,170.5509,103.7333,64333.85,0.6316699354601715,High Potential,90,12,2026-02-26T05:42:47.919635
12477,Unknown,Germany,Champions,38.1529,44.9367,6234.42,0.6414588808563683,Medium Potential,90,12,2026-02-26T05:42:47.919635
12478,Unknown,Greece,Recent Customers,2053.2288,18.9164,141235.26,0.6337126072892719,High Potential,90,12,2026-02-26T05:42:47.919635
12480,Unknown,Germany,Champions,35.621,23.8162,3084.93,0.6419495637552085,Medium Potential,90,12,2026-02-26T05:42:47.919635
12481,Unknown,Germany,Loyal Customers,16.0423,25.2467,1472.78,0.6347364189402819,Low Potential,90,12,2026-02-26T05:42:47.919635
12483,Unknown,Sweden,Loyal Customers,8.3721,30.3964,925.39,0.6416224001351336,Low Potential,90,12,2026-02-26T05:42:47.919635
12484,Unknown,Spain,Loyal Customers,96.7574,12.6552,4452.67,0.6352759313761016,Medium Potential,90,12,2026-02-26T05:42:47.919635
12489,Unknown,France,Need Attention,856.8942,22.3287,69575.76,0.6347364189402819,High Potential,90,12,2026-02-26T05:42:47.919635
12490,Unknown,France,Loyal Customers,29.8392,23.0193,2497.74,0.6383056865188711,Medium Potential,90,12,2026-02-26T05:42:47.919635
12491,Unknown,France,Need Attention,1407.558,16.544,84678.69,0.6255813405155674,High Potential,90,12,2026-02-26T05:42:47.919635
12492,Unknown,Germany,Need Attention,628.8697,12.4382,28443.66,0.6352219595031147,Medium Potential,90,12,2026-02-26T05:42:47.919635
12494,Unknown,France,About to Sleep,6.2537,16.2169,368.78,0.6253687746526738,Low Potential,90,12,2026-02-26T05:42:47.919635
12500,Unknown,Germany,Recent Customers,4.6168,43.8253,735.76,0.6397172660964349,Low Potential,90,12,2026-02-26T05:42:47.919635
12501,Unknown,Germany,Loyal Customers,8511.8154,14.5597,450652.65,0.6347364189402819,High Potential,90,12,2026-02-26T05:42:47.919635
12502,Unknown,Spain,Loyal Customers,69.6003,26.0437,6591.45,0.6333358299401141,Medium Potential,90,12,2026-02-26T05:42:47.919635
12504,Unknown,Germany,Promising,344.8608,74.9,93927.54,0.6386311589448211,High Potential,90,12,2026-02-26T05:42:47.919635
12507,Unknown,Spain,About to Sleep,57.1554,46.75,9716.42,0.6350600713947008,Medium Potential,90,12,2026-02-26T05:42:47.919635
12508,Unknown,France,Recent Customers,2708.3041,5.6868,56005.76,0.6402610121462423,High Potential,90,12,2026-02-26T05:42:47.919635
12512,Unknown,Israel,Need Attention,1758.6198,4.2639,27267.56,0.6303296645112487,Medium Potential,90,12,2026-02-26T05:42:47.919635
12516,Unknown,Germany,Recent Customers,752.678,44.8615,122786.41,0.64331454211402,High Potential,90,12,2026-02-26T05:42:47.919635
12517,Unknown,Germany,Champions,51.5407,8.1906,1535.09,0.6419495637552085,Low Potential,90,12,2026-02-26T05:42:47.919635
12518,Unknown,Germany,Loyal Customers,47.5058,16.5364,2856.64,0.6435332078298328,Medium Potential,90,12,2026-02-26T05:42:47.919635
12519,Unknown,Germany,Need Attention,971.8896,19.4612,68778.68,0.6352219595031147,High Potential,90,12,2026-02-26T05:42:47.919635
12520,Unknown,Germany,Loyal Customers,3464.1723,16.457,207308.67,0.6415133826517266,High Potential,90,12,2026-02-26T05:42:47.919635
12523,Unknown,France,Potential Loyalists,4.1963,16.6125,253.49,0.643041314451059,Low Potential,90,12,2026-02-26T05:42:47.919635
12524,Unknown,Germany,Champions,20.5471,30.8604,2305.79,0.6397172660964349,Medium Potential,90,12,2026-02-26T05:42:47.919635
12526,Unknown,Germany,Loyal Customers,25.413,18.9852,1754.44,0.6386854204817225,Low Potential,90,12,2026-02-26T05:42:47.919635
12528,Unknown,Germany,Recent Customers,66.8344,19.7371,4796.79,0.6365185509081462,Medium Potential,90,12,2026-02-26T05:42:47.919635
12530,Unknown,Germany,Loyal Customers,22.7581,23.9362,1980.88,0.641895024902707,Medium Potential,90,12,2026-02-26T05:42:47.919635
12532,Unknown,France,Recent Customers,919.6289,21.8644,73116.85,0.6386311589448211,High Potential,90,12,2026-02-26T05:42:47.919635
12534,Unknown,Germany,Recent Customers,3546.1422,17.2886,222937.58,0.6254219093460998,High Potential,90,12,2026-02-26T05:42:47.919635
12535,Unknown,France,Potential Loyalists,20.5672,21.0691,1575.75,0.6385226497005074,Low Potential,90,12,2026-02-26T05:42:47.919635
12536,Unknown,France,Champions,14962.573,16.524,899060.2,0.641895024902707,High Potential,90,12,2026-02-26T05:42:47.919635
12538,Unknown,Spain,Recent Customers,1210.0933,17.331,76262.28,0.6402610121462423,High Potential,90,12,2026-02-26T05:42:47.919635
12539,Unknown,Spain,Champions,5354.4335,18.45,359233.81,0.6397172660964349,High Potential,90,12,2026-02-26T05:42:47.919635
12540,Unknown,Spain,Champions,38.2937,25.1113,3496.74,0.641404383691382,Medium Potential,90,12,2026-02-26T05:42:47.919635
12541,Unknown,Spain,Loyal Customers,12.3694,18.4741,830.96,0.6402610121462423,Low Potential,90,12,2026-02-26T05:42:47.919635
12544,Unknown,Spain,Need Attention,1075.1199,19.6158,76688.5,0.6287250926223397,High Potential,90,12,2026-02-26T05:42:47.919635
12547,Unknown,Spain,At Risk,340.1756,26.5667,32863.07,0.6299548985095023,Medium Potential,90,12,2026-02-26T05:42:47.919635
12552,Unknown,Italy,At Risk,56.3023,120.0,24568.28,0.6255813405155674,Medium Potential,90,12,2026-02-26T05:42:47.919635
12553,Unknown,France,Champions,11.3394,20.8703,860.57,0.6435332078298328,Low Potential,90,12,2026-02-26T05:42:47.919635
12556,Unknown,Spain,Potential Loyalists,3465.3498,4.9042,61799.16,0.6417314361447506,High Potential,90,12,2026-02-26T05:42:47.919635
12557,Unknown,Spain,Loyal Customers,2.3129,340.9775,2867.81,0.641404383691382,Medium Potential,90,12,2026-02-26T05:42:47.919635
12558,Unknown,USA,About to Sleep,621.0116,24.5418,55420.88,0.6272844705605466,High Potential,90,12,2026-02-26T05:42:47.919635
12559,Unknown,Germany,At Risk,56.4077,75.6,15506.99,0.6267517449275591,Medium Potential,90,12,2026-02-26T05:42:47.919635
12560,Unknown,Germany,Recent Customers,1588.7007,24.9179,143953.04,0.6304367814562728,High Potential,90,12,2026-02-26T05:42:47.919635
12561,Unknown,Germany,Promising,921.2711,14.9281,50010.28,0.6397716199148393,High Potential,90,12,2026-02-26T05:42:47.919635
12562,Unknown,France,Potential Loyalists,25.0009,25.5759,2325.17,0.6318309593626331,Medium Potential,90,12,2026-02-26T05:42:47.919635
12567,Unknown,France,Loyal Customers,27.0625,20.4567,2013.13,0.6366808108089309,Medium Potential,90,12,2026-02-26T05:42:47.919635
12569,Unknown,Germany,Champions,18.7382,22.5541,1536.81,0.6435332078298328,Low Potential,90,12,2026-02-26T05:42:47.919635
12571,Unknown,France,Promising,806.5233,17.7393,52026.03,0.6400978398210466,High Potential,90,12,2026-02-26T05:42:47.919635
12572,Unknown,Germany,Need Attention,1351.3705,20.32,99853.99,0.6256344932697319,High Potential,90,12,2026-02-26T05:42:47.919635
12576,Unknown,Poland,Potential Loyalists,36.4981,14.9532,1984.59,0.6364644734644926,Medium Potential,90,12,2026-02-26T05:42:47.919635
12577,Unknown,France,Recent Customers,4255.0867,5.5408,85733.03,0.6303832207085496,High Potential,90,12,2026-02-26T05:42:47.919635
12580,Unknown,Germany,Promising,1371.3802,17.3208,86376.01,0.6348982245439281,High Potential,90,12,2026-02-26T05:42:47.919635
12583,Unknown,France,Champions,12.6306,33.5084,1539.02,0.6435332078298328,Low Potential,90,12,2026-02-26T05:42:47.919635
12584,Unknown,Italy,Recent Customers,21.8874,23.2206,1848.14,0.6350061178607801,Medium Potential,90,12,2026-02-26T05:42:47.919635
12587,Unknown,Finland,At Risk,225.8224,36.0,29562.21,0.6272844705605466,Medium Potential,90,12,2026-02-26T05:42:47.919635
12589,Unknown,France,Potential Loyalists,1444.3865,20.6072,108235.5,0.6419495637552085,High Potential,90,12,2026-02-26T05:42:47.919635
12590,Unknown,Germany,Champions,3936.7505,145.0626,2076637.32,0.6432598872954712,High Potential,90,12,2026-02-26T05:42:47.919635
12592,Unknown,Germany,Recent Customers,18.1876,24.3111,1607.86,0.6399347090807783,Low Potential,90,12,2026-02-26T05:42:47.919635
12593,Unknown,France,Need Attention,10.5768,20.1125,773.55,0.6316699354601715,Low Potential,90,12,2026-02-26T05:42:47.919635
12594,Unknown,Italy,Potential Loyalists,5.785,35.4512,745.76,0.6400978398210466,Low Potential,90,12,2026-02-26T05:42:47.919635
12596,Unknown,Spain,Promising,866.1167,17.9967,56680.88,0.6415678890778506,High Potential,90,12,2026-02-26T05:42:47.919635
12597,Unknown,Spain,Potential Loyalists,2757.7149,19.0138,190671.42,0.6383599204018852,High Potential,90,12,2026-02-26T05:42:47.919635
12598,Unknown,France,Loyal Customers,9.5667,23.5357,818.76,0.6419495637552085,Low Potential,90,12,2026-02-26T05:42:47.919635
12599,Unknown,France,Loyal Customers,12.3086,16.3154,730.25,0.6417314361447506,Low Potential,90,12,2026-02-26T05:42:47.919635
12600,Unknown,Germany,Potential Loyalists,1.8025,46.5274,304.97,0.6419495637552085,Low Potential,90,12,2026-02-26T05:42:47.919635
12601,Unknown,Germany,Promising,4.57,17.1295,284.66,0.641404383691382,Low Potential,90,12,2026-02-26T05:42:47.919635
12602,Unknown,France,Promising,695.0159,12.76,32248.74,0.6435332078298328,Medium Potential,90,12,2026-02-26T05:42:47.919635
12607,Unknown,USA,Champions,5819.4781,15.6387,330942.08,0.6402066167499753,High Potential,90,12,2026-02-26T05:42:47.919635
12609,Unknown,Germany,Promising,1539.1368,18.9926,106298.94,0.6333896415573925,High Potential,90,12,2026-02-26T05:42:47.919635
12610,Unknown,Italy,Recent Customers,3070.6985,17.5324,195769.87,0.6318309593626331,High Potential,90,12,2026-02-26T05:42:47.919635
12614,Unknown,Germany,Need Attention,1142.7197,15.78,65571.33,0.6348442847602177,High Potential,90,12,2026-02-26T05:42:47.919635
12615,Unknown,France,Potential Loyalists,20.9194,23.9956,1825.36,0.6353299078348292,Medium Potential,90,12,2026-02-26T05:42:47.919635
12616,Unknown,France,Need Attention,1194.262,21.7952,94651.56,0.6318846431180163,High Potential,90,12,2026-02-26T05:42:47.919635
12617,Unknown,France,Recent Customers,2247.3162,8.7597,71584.78,0.6402610121462423,High Potential,90,12,2026-02-26T05:42:47.919635
12619,Unknown,Germany,Promising,13.1606,58.1227,2781.56,0.6336587682334197,Medium Potential,90,12,2026-02-26T05:42:47.919635
12621,Unknown,Germany,Champions,19.3408,22.5889,1588.68,0.6432598872954712,Low Potential,90,12,2026-02-26T05:42:47.919635
12623,Unknown,Germany,Need Attention,1031.1601,16.95,63556.96,0.6365185509081462,High Potential,90,12,2026-02-26T05:42:47.919635
12625,Unknown,Germany,Loyal Customers,1910.4819,29.3091,203616.38,0.6432598872954712,High Potential,90,12,2026-02-26T05:42:47.919635
12626,Unknown,Germany,Loyal Customers,95.9459,23.0225,8032.42,0.6336049337516346,Medium Potential,90,12,2026-02-26T05:42:47.919635
12627,Unknown,Germany,Loyal Customers,58.4267,19.5291,4149.17,0.6336049337516346,Medium Potential,90,12,2026-02-26T05:42:47.919635
12628,Unknown,Germany,Recent Customers,77.94,19.182,5436.53,0.6336587682334197,Medium Potential,90,12,2026-02-26T05:42:47.919635
12633,Unknown,Germany,Potential Loyalists,5.507,14.9803,299.99,0.6435332078298328,Low Potential,90,12,2026-02-26T05:42:47.919635
12635,Unknown,Germany,Champions,62.0673,16.7246,3774.73,0.641840490683726,Medium Potential,90,12,2026-02-26T05:42:47.919635
12637,Unknown,France,Champions,72.8544,15.5464,4118.63,0.6385226497005074,Medium Potential,90,12,2026-02-26T05:42:47.919635
12638,Unknown,Sweden,Recent Customers,2224.1423,17.2228,139294.39,0.6336587682334197,High Potential,90,12,2026-02-26T05:42:47.919635
12643,Unknown,France,Potential Loyalists,5.0301,147.2448,2693.29,0.641404383691382,Medium Potential,90,12,2026-02-26T05:42:47.919635
12644,Unknown,Germany,Need Attention,1749.529,15.4165,98078.6,0.6270713259922407,High Potential,90,12,2026-02-26T05:42:47.919635
12645,Unknown,Germany,Recent Customers,28.9402,26.2918,2766.87,0.6336587682334197,Medium Potential,90,12,2026-02-26T05:42:47.919635
12646,Unknown,USA,Need Attention,1194.5664,29.299,127271.28,0.6320457217532791,High Potential,90,12,2026-02-26T05:42:47.919635
12647,Unknown,Germany,Champions,8.4638,28.0259,862.57,0.641840490683726,Low Potential,90,12,2026-02-26T05:42:47.919635
12648,Unknown,Germany,Need Attention,1203.429,15.1452,66276.99,0.6367349066337685,High Potential,90,12,2026-02-26T05:42:47.919635
12649,Unknown,Germany,Recent Customers,981.6823,22.0588,78744.49,0.6416224001351336,High Potential,90,12,2026-02-26T05:42:47.919635
12650,Unknown,France,Need Attention,1140.6827,15.722,65213.87,0.6337126072892719,High Potential,90,12,2026-02-26T05:42:47.919635
12651,Unknown,France,About to Sleep,516.8519,12.6667,23806.57,0.6380887970590081,Medium Potential,90,12,2026-02-26T05:42:47.919635
12652,Unknown,France,Loyal Customers,2777.9385,19.1663,193610.19,0.643041314451059,High Potential,90,12,2026-02-26T05:42:47.919635
12654,Unknown,Germany,At Risk,620.9589,15.5664,35149.43,0.6272311776273506,Medium Potential,90,12,2026-02-26T05:42:47.919635
12659,Unknown,France,Need Attention,288.1175,18.336,19210.63,0.6402610121462423,Medium Potential,90,12,2026-02-26T05:42:47.919635
12662,Unknown,Germany,Champions,9.1706,16.6826,556.33,0.6386854204817225,Low Potential,90,12,2026-02-26T05:42:47.919635
12664,Unknown,Finland,Loyal Customers,2.2679,176.5231,1455.77,0.6435332078298328,Low Potential,90,12,2026-02-26T05:42:47.919635
12667,Unknown,Finland,Potential Loyalists,1911.2936,18.7918,130605.99,0.6435332078298328,High Potential,90,12,2026-02-26T05:42:47.919635
12669,Unknown,France,Loyal Customers,8.5387,50.2416,1559.99,0.6433692015763358,Low Potential,90,12,2026-02-26T05:42:47.919635
12670,Unknown,France,Loyal Customers,10.155,29.6172,1093.68,0.6402610121462423,Low Potential,90,12,2026-02-26T05:42:47.919635
12673,Unknown,Germany,Need Attention,1078.0469,20.5063,80388.19,0.6304367814562728,High Potential,90,12,2026-02-26T05:42:47.919635
12674,Unknown,France,Loyal Customers,10.9688,21.6043,861.72,0.6385226497005074,Low Potential,90,12,2026-02-26T05:42:47.919635
12676,Unknown,Sweden,Recent Customers,6.0466,34.7891,764.93,0.6367890070548783,Low Potential,90,12,2026-02-26T05:42:47.919635
12678,Unknown,France,Recent Customers,33.7577,109.1326,13396.6,0.6317236055340981,Medium Potential,90,12,2026-02-26T05:42:47.919635
12679,Unknown,France,Loyal Customers,7.4733,20.5995,559.8,0.6435332078298328,Low Potential,90,12,2026-02-26T05:42:47.919635
12680,Unknown,France,Potential Loyalists,21.9111,16.4468,1310.43,0.641840490683726,Low Potential,90,12,2026-02-26T05:42:47.919635
12681,Unknown,France,Champions,30.8509,20.8073,2334.27,0.6417314361447506,Medium Potential,90,12,2026-02-26T05:42:47.919635
12682,Unknown,France,Champions,28.6809,22.8815,2386.41,0.6434238656828135,Medium Potential,90,12,2026-02-26T05:42:47.919635
12683,Unknown,France,Champions,24.4983,21.61,1925.12,0.6432598872954712,Medium Potential,90,12,2026-02-26T05:42:47.919635
12684,Unknown,France,Loyal Customers,11.5188,19.4949,816.57,0.6399347090807783,Low Potential,90,12,2026-02-26T05:42:47.919635
12685,Unknown,France,Champions,51.7668,18.0316,3394.32,0.6419495637552085,Medium Potential,90,12,2026-02-26T05:42:47.919635
12686,Unknown,France,At Risk,384.0346,12.7343,17783.32,0.6095786758790397,Medium Potential,90,12,2026-02-26T05:42:47.919635
12689,Unknown,France,Promising,1928.4811,15.0303,105402.36,0.6302225657663681,High Potential,90,12,2026-02-26T05:42:47.919635
12691,Unknown,France,Recent Customers,21.9689,43.5909,3482.34,0.6435332078298328,Medium Potential,90,12,2026-02-26T05:42:47.919635
12693,Unknown,Germany,Recent Customers,4.5642,23.8953,396.59,0.6432598872954712,Low Potential,90,12,2026-02-26T05:42:47.919635
12694,Unknown,France,Promising,1149.0479,21.975,91819.37,0.6383599204018852,High Potential,90,12,2026-02-26T05:42:47.919635
12695,Unknown,France,About to Sleep,7.9621,31.025,898.27,0.6303296645112487,Low Potential,90,12,2026-02-26T05:42:47.919635
12697,Unknown,Sweden,Recent Customers,693.3055,18.64,46993.51,0.6419495637552085,High Potential,90,12,2026-02-26T05:42:47.919635
12700,Unknown,France,Loyal Customers,88.2496,18.4328,5915.23,0.636626719579975,Medium Potential,90,12,2026-02-26T05:42:47.919635
12701,Unknown,Germany,Promising,1212.5633,16.0514,70775.78,0.6415678890778506,High Potential,90,12,2026-02-26T05:42:47.919635
12704,Unknown,Finland,Recent Customers,31.3018,35.0266,3986.89,0.6303832207085496,Medium Potential,90,12,2026-02-26T05:42:47.919635
12705,Unknown,Germany,Loyal Customers,59.2173,18.8591,4061.04,0.6365726329465102,Medium Potential,90,12,2026-02-26T05:42:47.919635
12708,Unknown,Germany,Loyal Customers,5.9283,15.8574,341.85,0.6402610121462423,Low Potential,90,12,2026-02-26T05:42:47.919635
12709,Unknown,Germany,Champions,12.8972,37.5124,1759.29,0.6435332078298328,Low Potential,90,12,2026-02-26T05:42:47.919635
12710,Unknown,Germany,Promising,20.347,13.0321,964.23,0.6302761128639838,Low Potential,90,12,2026-02-26T05:42:47.919635
12712,Unknown,Germany,Champions,7.8208,31.5298,896.68,0.643041314451059,Low Potential,90,12,2026-02-26T05:42:47.919635
12713,Unknown,Germany,Potential Loyalists,2184.3041,22.3303,177367.88,0.6386854204817225,High Potential,90,12,2026-02-26T05:42:47.919635
12716,Unknown,France,Promising,1368.8192,15.6496,77896.27,0.6337126072892719,High Potential,90,12,2026-02-26T05:42:47.919635
12717,Unknown,Greece,Loyal Customers,33.4376,18.7451,2279.24,0.6417314361447506,Medium Potential,90,12,2026-02-26T05:42:47.919635
12719,Unknown,France,Recent Customers,79.218,16.5372,4763.8,0.63193833143466,Medium Potential,90,12,2026-02-26T05:42:47.919635
12720,Unknown,Germany,Champions,19.0657,16.0281,1111.23,0.6433692015763358,Low Potential,90,12,2026-02-26T05:42:47.919635
12721,Unknown,France,Loyal Customers,109.5186,16.6117,6615.6,0.6383599204018852,Medium Potential,90,12,2026-02-26T05:42:47.919635
12722,Unknown,France,Recent Customers,1100.1613,15.9432,63782.15,0.6433692015763358,High Potential,90,12,2026-02-26T05:42:47.919635
12723,Unknown,France,Promising,69.1323,8.5698,2154.36,0.6337126072892719,Medium Potential,90,12,2026-02-26T05:42:47.919635
12724,Unknown,France,Recent Customers,5.403,19.1126,375.51,0.641404383691382,Low Potential,90,12,2026-02-26T05:42:47.919635
12725,Unknown,Italy,Need Attention,1316.6899,17.825,85345.45,0.6095786758790397,High Potential,90,12,2026-02-26T05:42:47.919635
12726,Unknown,France,Champions,37.5243,21.6492,2954.08,0.6419495637552085,Medium Potential,90,12,2026-02-26T05:42:47.919635
12727,Unknown,France,Potential Loyalists,46.684,34.2825,5819.8,0.6318846431180163,Medium Potential,90,12,2026-02-26T05:42:47.919635
12728,Unknown,France,Promising,750.4431,19.4262,53011.85,0.641404383691382,High Potential,90,12,2026-02-26T05:42:47.919635
12731,Unknown,France,Loyal Customers,6.2348,64.4095,1460.29,0.6416224001351336,Low Potential,90,12,2026-02-26T05:42:47.919635
12735,Unknown,France,Need Attention,1253.5788,14.535,66257.34,0.6331206291844751,High Potential,90,12,2026-02-26T05:42:47.919635
12736,Unknown,France,Need Attention,230.9056,58.5,49119.92,0.641404383691382,High Potential,90,12,2026-02-26T05:42:47.919635
12738,Unknown,Germany,At Risk,602.049,14.1227,30918.39,0.6081302547245364,Medium Potential,90,12,2026-02-26T05:42:47.919635
12739,Unknown,United Arab Emirates,Promising,2082.8319,26.3659,199693.59,0.6254750485541349,High Potential,90,12,2026-02-26T05:42:47.919635
12740,Unknown,France,Recent Customers,1543.5894,15.837,88893.91,0.6352219595031147,High Potential,90,12,2026-02-26T05:42:47.919635
12744,Unknown,Singapore,Potential Loyalists,100.427,43.0442,15719.27,0.6316162699459554,Medium Potential,90,12,2026-02-26T05:42:47.919635
12747,Unknown,United Kingdom,Loyal Customers,6.7112,44.5236,1086.57,0.6353299078348292,Low Potential,90,12,2026-02-26T05:42:47.919635
12748,Unknown,United Kingdom,Champions,159.3741,6.8205,3952.77,0.6432598872954712,Medium Potential,90,12,2026-02-26T05:42:47.919635
12749,Unknown,United Kingdom,Champions,35.4097,21.0156,2706.02,0.6399347090807783,Medium Potential,90,12,2026-02-26T05:42:47.919635
12750,Unknown,Poland,About to Sleep,848.5626,18.392,56751.87,0.6285648602587788,High Potential,90,12,2026-02-26T05:42:47.919635
12753,Unknown,Japan,Loyal Customers,28.0638,100.314,10237.06,0.6381430125139277,Medium Potential,90,12,2026-02-26T05:42:47.919635
12754,Unknown,Japan,Need Attention,30.4311,1.2576,139.16,0.6348442847602177,Low Potential,90,12,2026-02-26T05:42:47.919635
12755,Unknown,Japan,Need Attention,1.1172,952.9875,3871.56,0.6299548985095023,Medium Potential,90,12,2026-02-26T05:42:47.919635
12757,Unknown,Portugal,Champions,87.1653,12.045,3817.84,0.6432598872954712,Medium Potential,90,12,2026-02-26T05:42:47.919635
12758,Unknown,Portugal,Loyal Customers,3208.0535,28.0391,327094.3,0.6365185509081462,High Potential,90,12,2026-02-26T05:42:47.919635
12759,Unknown,Netherlands,Recent Customers,1550.8193,16.4741,92903.1,0.6381972325752837,High Potential,90,12,2026-02-26T05:42:47.919635
12762,Unknown,Portugal,Recent Customers,2709.8689,29.936,294991.4,0.6272844705605466,High Potential,90,12,2026-02-26T05:42:47.919635
12763,Unknown,Japan,About to Sleep,882.3544,20.005,64187.27,0.6127461204705137,High Potential,90,12,2026-02-26T05:42:47.919635
12766,Unknown,Portugal,Loyal Customers,16.408,23.22,1385.43,0.6380887970590081,Low Potential,90,12,2026-02-26T05:42:47.919635
12772,Unknown,Portugal,Loyal Customers,3177.3804,16.2267,187485.09,0.641895024902707,High Potential,90,12,2026-02-26T05:42:47.919635
12775,Unknown,Netherlands,Need Attention,24.2405,23.4907,2070.64,0.6284580613701972,Medium Potential,90,12,2026-02-26T05:42:47.919635
12778,Unknown,Netherlands,Need Attention,15.8489,15.9956,921.86,0.6383599204018852,Low Potential,90,12,2026-02-26T05:42:47.919635
12779,Unknown,Poland,Loyal Customers,11.9675,26.1153,1136.49,0.6316162699459554,Low Potential,90,12,2026-02-26T05:42:47.919635
12781,Unknown,Czech Republic,Need Attention,571.6998,27.748,57685.55,0.6352219595031147,High Potential,90,12,2026-02-26T05:42:47.919635
12782,Unknown,Portugal,Need Attention,796.3776,18.0179,52178.37,0.6320457217532791,High Potential,90,12,2026-02-26T05:42:47.919635
12783,Unknown,Portugal,Recent Customers,1715.3908,20.7613,129504.52,0.6353299078348292,High Potential,90,12,2026-02-26T05:42:47.919635
12785,Unknown,Portugal,About to Sleep,782.1618,22.2821,63375.3,0.6207632947704186,High Potential,90,12,2026-02-26T05:42:47.919635
12787,Unknown,Netherlands,Need Attention,459.7363,23.32,38985.64,0.6385226497005074,Medium Potential,90,12,2026-02-26T05:42:47.919635
12789,Unknown,Netherlands,At Risk,227.4978,22.9625,18996.07,0.63193833143466,Medium Potential,90,12,2026-02-26T05:42:47.919635
12791,Unknown,Netherlands,At Risk,109.1755,96.3,38231.28,0.6065306597126334,Medium Potential,90,12,2026-02-26T05:42:47.919635
12793,Unknown,Portugal,Recent Customers,2.5618,22.7283,211.73,0.6380887970590081,Low Potential,90,12,2026-02-26T05:42:47.919635
12794,Unknown,Portugal,About to Sleep,1128.8243,15.85,65061.33,0.6271246053435824,High Potential,90,12,2026-02-26T05:42:47.919635
12797,Unknown,Portugal,About to Sleep,724.4442,19.5408,51477.16,0.6191830751035756,High Potential,90,12,2026-02-26T05:42:47.919635
12802,Unknown,Netherlands,Promising,1425.1267,17.1032,88633.55,0.6333896415573925,High Potential,90,12,2026-02-26T05:42:47.919635
12808,Unknown,Portugal,Recent Customers,3.8201,17.2732,239.95,0.6366808108089309,Low Potential,90,12,2026-02-26T05:42:47.919635
12816,Unknown,Poland,Need Attention,796.1747,18.1107,52433.75,0.6318846431180163,High Potential,90,12,2026-02-26T05:42:47.919635
12817,Unknown,Austria,At Risk,226.1872,41.51,34141.93,0.6282978970603043,Medium Potential,90,12,2026-02-26T05:42:47.919635
12820,Unknown,United Kingdom,Need Attention,684.4096,17.5292,43626.01,0.6337126072892719,High Potential,90,12,2026-02-26T05:42:47.919635
12821,Unknown,United Kingdom,About to Sleep,344.6851,15.4533,19369.17,0.6383056865188711,Medium Potential,90,12,2026-02-26T05:42:47.919635
12823,Unknown,United Kingdom,About to Sleep,56.72,229.5,47335.42,0.6302225657663681,High Potential,90,12,2026-02-26T05:42:47.919635
12824,Unknown,United Kingdom,Potential Loyalists,1444.2638,15.8848,83424.88,0.641895024902707,High Potential,90,12,2026-02-26T05:42:47.919635
12826,Unknown,United Kingdom,Recent Customers,4.5338,18.6161,306.92,0.6402610121462423,Low Potential,90,12,2026-02-26T05:42:47.919635
12827,Unknown,United Kingdom,Need Attention,6.3528,21.24,490.67,0.6352759313761016,Low Potential,90,12,2026-02-26T05:42:47.919635
12828,Unknown,United Kingdom,Potential Loyalists,14.5267,19.3087,1019.97,0.6353299078348292,Low Potential,90,12,2026-02-26T05:42:47.919635
12829,Unknown,United Kingdom,About to Sleep,342.7577,34.5417,43052.49,0.6347364189402819,High Potential,90,12,2026-02-26T05:42:47.919635
12830,Unknown,United Kingdom,Potential Loyalists,3.8311,161.3257,2247.47,0.6385226497005074,Medium Potential,90,12,2026-02-26T05:42:47.919635
12832,Unknown,United Kingdom,Recent Customers,10.1561,14.1863,523.92,0.6352759313761016,Low Potential,90,12,2026-02-26T05:42:47.919635
12834,Unknown,United Kingdom,About to Sleep,1015.4241,17.3544,64080.28,0.6268049971255752,High Potential,90,12,2026-02-26T05:42:47.919635
12836,Unknown,United Kingdom,Champions,27.404,14.5043,1445.37,0.641895024902707,Low Potential,90,12,2026-02-26T05:42:47.919635
12838,Unknown,United Kingdom,Potential Loyalists,12.9562,5.5404,261.03,0.6336587682334197,Low Potential,90,12,2026-02-26T05:42:47.919635
12839,Unknown,United Kingdom,Loyal Customers,15.9666,18.8347,1093.55,0.6383599204018852,Low Potential,90,12,2026-02-26T05:42:47.919635
12840,Unknown,United Kingdom,Loyal Customers,74.3213,32.4175,8761.13,0.6399890813743078,Medium Potential,90,12,2026-02-26T05:42:47.919635
12841,Unknown,United Kingdom,Champions,20.3649,9.6404,713.91,0.64331454211402,Low Potential,90,12,2026-02-26T05:42:47.919635
12842,Unknown,United Kingdom,About to Sleep,793.6757,22.195,64056.84,0.6299013787016665,High Potential,90,12,2026-02-26T05:42:47.919635
12843,Unknown,United Kingdom,Loyal Customers,20.7231,16.2918,1227.7,0.6399347090807783,Low Potential,90,12,2026-02-26T05:42:47.919635
12844,Unknown,United Kingdom,Recent Customers,10.439,6.3482,240.98,0.6402610121462423,Low Potential,90,12,2026-02-26T05:42:47.919635
12849,Unknown,United Kingdom,Need Attention,802.5587,24.3886,71175.57,0.6369513358997455,High Potential,90,12,2026-02-26T05:42:47.919635
12851,Unknown,United Kingdom,Need Attention,2439.1686,2.934,26023.71,0.6302761128639838,Medium Potential,90,12,2026-02-26T05:42:47.919635
12854,Unknown,United Kingdom,Loyal Customers,2373.4273,10.1346,87468.13,0.6432052371202953,High Potential,90,12,2026-02-26T05:42:47.919635
12855,Unknown,United Kingdom,At Risk,164.1952,12.7,7582.83,0.6081302547245364,Medium Potential,90,12,2026-02-26T05:42:47.919635
12856,Unknown,United Kingdom,Champions,32.9235,5.4536,652.91,0.6419495637552085,Low Potential,90,12,2026-02-26T05:42:47.919635
12857,Unknown,United Kingdom,Potential Loyalists,1957.7012,23.5765,167839.06,0.6397716199148393,High Potential,90,12,2026-02-26T05:42:47.919635
12865,Unknown,Austria,Potential Loyalists,3324.0386,16.9203,204522.66,0.6367890070548783,High Potential,90,12,2026-02-26T05:42:47.919635
12866,Unknown,Belgium,Need Attention,1462.8657,21.5046,114393.97,0.625156281017392,High Potential,90,12,2026-02-26T05:42:47.919635
12867,Unknown,United Kingdom,Loyal Customers,61.303,7.0617,1574.19,0.6383056865188711,Low Potential,90,12,2026-02-26T05:42:47.919635
12868,Unknown,United Kingdom,Champions,6.4771,15.2771,359.82,0.643041314451059,Low Potential,90,12,2026-02-26T05:42:47.919635
12872,Unknown,United Kingdom,Need Attention,2117.6061,9.9613,76705.85,0.6191830751035756,High Potential,90,12,2026-02-26T05:42:47.919635
12873,Unknown,United Kingdom,About to Sleep,225.6498,93.5,76720.93,0.6268049971255752,High Potential,90,12,2026-02-26T05:42:47.919635
12875,Unknown,United Kingdom,At Risk,56.159,293.76,59990.06,0.623988855995589,High Potential,90,12,2026-02-26T05:42:47.919635
12877,Unknown,United Kingdom,Recent Customers,8.6513,13.4486,423.08,0.6351140295128037,Low Potential,90,12,2026-02-26T05:42:47.919635
12879,Unknown,United Kingdom,Need Attention,229.8682,35.125,29360.44,0.6385226497005074,Medium Potential,90,12,2026-02-26T05:42:47.919635
12881,Unknown,United Kingdom,Need Attention,402.0643,42.5714,62241.6,0.6381972325752837,High Potential,90,12,2026-02-26T05:42:47.919635
12882,Unknown,United Kingdom,Need Attention,285.1464,94.368,97849.8,0.6336587682334197,High Potential,90,12,2026-02-26T05:42:47.919635
12883,Unknown,United Kingdom,Recent Customers,1097.5472,15.3489,61258.7,0.641840490683726,High Potential,90,12,2026-02-26T05:42:47.919635
12884,Unknown,United Kingdom,Promising,405.3915,44.15,65083.76,0.6434785344338476,High Potential,90,12,2026-02-26T05:42:47.919635
12885,Unknown,United Kingdom,Potential Loyalists,140.3132,16.5524,8445.53,0.6367890070548783,Medium Potential,90,12,2026-02-26T05:42:47.919635
12886,Unknown,United Kingdom,Potential Loyalists,178.8407,16.8098,10931.91,0.630061951767552,Medium Potential,90,12,2026-02-26T05:42:47.919635
12888,Unknown,United Kingdom,About to Sleep,57.4475,81.36,16996.1,0.6383056865188711,Medium Potential,90,12,2026-02-26T05:42:47.919635
12891,Unknown,United Kingdom,Need Attention,0.9293,144.5,488.3,0.6350061178607801,Low Potential,90,12,2026-02-26T05:42:47.919635
12893,Unknown,United Kingdom,Promising,1551.8737,5.5259,31183.63,0.6386311589448211,Medium Potential,90,12,2026-02-26T05:42:47.919635
12897,Unknown,United Kingdom,Need Attention,115.4626,64.4,27039.24,0.6414588808563683,Medium Potential,90,12,2026-02-26T05:42:47.919635
12901,Unknown,United Kingdom,Potential Loyalists,2.722,115.8514,1146.72,0.6416224001351336,Low Potential,90,12,2026-02-26T05:42:47.919635
12910,Unknown,United Kingdom,Loyal Customers,10.7928,38.9885,1530.16,0.6432052371202953,Low Potential,90,12,2026-02-26T05:42:47.919635
12912,Unknown,United Kingdom,Recent Customers,3.475,73.1127,923.88,0.6353299078348292,Low Potential,90,12,2026-02-26T05:42:47.919635
12913,Unknown,United Kingdom,Loyal Customers,3.182,50.0532,579.16,0.6414588808563683,Low Potential,90,12,2026-02-26T05:42:47.919635
12915,Unknown,United Kingdom,About to Sleep,711.5124,15.3577,39735.25,0.6081302547245364,Medium Potential,90,12,2026-02-26T05:42:47.919635
12917,Unknown,United Kingdom,About to Sleep,113.1417,297.0,122193.04,0.6285648602587788,High Potential,90,12,2026-02-26T05:42:47.919635
12919,Unknown,United Kingdom,Loyal Customers,4.9279,24.1721,433.16,0.6433692015763358,Low Potential,90,12,2026-02-26T05:42:47.919635
12921,Unknown,United Kingdom,Champions,28.0007,22.9837,2340.22,0.6416224001351336,Medium Potential,90,12,2026-02-26T05:42:47.919635
12922,Unknown,United Kingdom,Need Attention,1575.9293,14.4779,82967.81,0.6253687746526738,High Potential,90,12,2026-02-26T05:42:47.919635
12923,Unknown,United Kingdom,Need Attention,1596.6844,6.1721,35835.98,0.6336049337516346,Medium Potential,90,12,2026-02-26T05:42:47.919635
12924,Unknown,United Kingdom,Recent Customers,11.3438,19.0879,787.38,0.6434785344338476,Low Potential,90,12,2026-02-26T05:42:47.919635
12925,Unknown,United Kingdom,Need Attention,1251.4505,14.8064,67379.92,0.6320457217532791,High Potential,90,12,2026-02-26T05:42:47.919635
12928,Unknown,United Kingdom,Loyal Customers,7.8162,30.6331,870.67,0.6432052371202953,Low Potential,90,12,2026-02-26T05:42:47.919635
12929,Unknown,United Kingdom,At Risk,450.0743,14.7312,24109.58,0.6251031688912595,Medium Potential,90,12,2026-02-26T05:42:47.919635
12931,Unknown,United Kingdom,Champions,14.0242,584.2468,29794.89,0.6417859610978717,Medium Potential,90,12,2026-02-26T05:42:47.919635
12933,Unknown,United Kingdom,At Risk,393.8485,14.75,21124.6,0.625156281017392,Medium Potential,90,12,2026-02-26T05:42:47.919635
12935,Unknown,United Kingdom,Need Attention,1086.4141,18.0937,71480.91,0.6353299078348292,High Potential,90,12,2026-02-26T05:42:47.919635
12939,Unknown,United Kingdom,Potential Loyalists,8.3045,304.6629,9200.27,0.6415133826517266,Medium Potential,90,12,2026-02-26T05:42:47.919635
12942,Unknown,United Kingdom,About to Sleep,891.6236,16.1719,52433.63,0.6191830751035756,High Potential,90,12,2026-02-26T05:42:47.919635
12944,Unknown,United Kingdom,Need Attention,907.7518,19.8475,65514.92,0.6303832207085496,High Potential,90,12,2026-02-26T05:42:47.919635
12947,Unknown,United Kingdom,Loyal Customers,4.4657,19.3902,314.88,0.6399890813743078,Low Potential,90,12,2026-02-26T05:42:47.919635
12948,Unknown,United Kingdom,Loyal Customers,31.5112,18.3519,2102.87,0.641895024902707,Medium Potential,90,12,2026-02-26T05:42:47.919635
12949,Unknown,United Kingdom,Champions,35.4057,19.6433,2529.04,0.6386311589448211,Medium Potential,90,12,2026-02-26T05:42:47.919635
12950,Unknown,United Kingdom,Recent Customers,5.0546,95.7125,1759.23,0.6353299078348292,Low Potential,90,12,2026-02-26T05:42:47.919635
12951,Unknown,United Kingdom,Promising,13.7038,17.3141,862.8,0.6316162699459554,Low Potential,90,12,2026-02-26T05:42:47.919635
12952,Unknown,United Kingdom,Need Attention,1021.3076,16.5406,61429.24,0.6304367814562728,High Potential,90,12,2026-02-26T05:42:47.919635
12955,Unknown,United Kingdom,Loyal Customers,22.9863,29.4713,2463.4,0.6370054547098494,Medium Potential,90,12,2026-02-26T05:42:47.919635
12956,Unknown,United Kingdom,About to Sleep,1082.7283,5.6879,22394.36,0.6331744225171403,Medium Potential,90,12,2026-02-26T05:42:47.919635
12957,Unknown,United Kingdom,Recent Customers,49.2316,17.5474,3141.41,0.6333896415573925,Medium Potential,90,12,2026-02-26T05:42:47.919635
12962,Unknown,United Kingdom,At Risk,282.278,19.17,19677.34,0.6272844705605466,Medium Potential,90,12,2026-02-26T05:42:47.919635
12963,Unknown,United Kingdom,Need Attention,12.9229,22.5161,1058.08,0.6256344932697319,Low Potential,90,12,2026-02-26T05:42:47.919635
12965,Unknown,United Kingdom,Champions,6238.6896,7.1279,161704.57,0.641840490683726,High Potential,90,12,2026-02-26T05:42:47.919635
12967,Unknown,United Kingdom,Promising,822.9312,91.2267,272993.81,0.6095786758790397,High Potential,90,12,2026-02-26T05:42:47.919635
12970,Unknown,United Kingdom,Recent Customers,6097.2051,3.2643,72374.93,0.6272844705605466,High Potential,90,12,2026-02-26T05:42:47.919635
12971,Unknown,United Kingdom,Champions,11.011,30.8058,1233.46,0.643041314451059,Low Potential,90,12,2026-02-26T05:42:47.919635
12976,Unknown,United Kingdom,Loyal Customers,1273.6546,33.5727,155491.0,0.6432598872954712,High Potential,90,12,2026-02-26T05:42:47.919635
12977,Unknown,United Kingdom,At Risk,513.0892,4.36,8134.8,0.6334434577467953,Medium Potential,90,12,2026-02-26T05:42:47.919635
12980,Unknown,United Kingdom,Potential Loyalists,1.7304,453.66,2854.59,0.643041314451059,Medium Potential,90,12,2026-02-26T05:42:47.919635
12981,Unknown,United Kingdom,Need Attention,518.6114,20.56,38773.27,0.6402610121462423,Medium Potential,90,12,2026-02-26T05:42:47.919635
12982,Unknown,United Kingdom,Recent Customers,1616.7511,13.9479,82001.03,0.6415678890778506,High Potential,90,12,2026-02-26T05:42:47.919635
12985,Unknown,United Kingdom,Champions,73.1823,16.3076,4339.74,0.6419495637552085,Medium Potential,90,12,2026-02-26T05:42:47.919635
12989,Unknown,United Kingdom,Champions,5.3395,75.931,1474.3,0.6434785344338476,Low Potential,90,12,2026-02-26T05:42:47.919635
12990,Unknown,United Kingdom,Promising,3.9223,31.5,449.28,0.6369513358997455,Low Potential,90,12,2026-02-26T05:42:47.919635
12993,Unknown,United Kingdom,Promising,693.1288,16.425,41398.69,0.6417859610978717,High Potential,90,12,2026-02-26T05:42:47.919635
12994,Unknown,United Kingdom,Loyal Customers,12.5148,15.9441,725.59,0.6417859610978717,Low Potential,90,12,2026-02-26T05:42:47.919635
12997,Unknown,United Kingdom,Recent Customers,926.6091,19.245,64845.79,0.6434785344338476,High Potential,90,12,2026-02-26T05:42:47.919635
12999,Unknown,United Kingdom,Promising,1317.7054,13.9252,66724.77,0.6365726329465102,High Potential,90,12,2026-02-26T05:42:47.919635
13000,Unknown,United Kingdom,About to Sleep,614.5557,18.3409,40987.29,0.6207632947704186,Medium Potential,90,12,2026-02-26T05:42:47.919635
13001,Unknown,United Kingdom,Loyal Customers,59.6691,29.5054,6402.04,0.6366808108089309,Medium Potential,90,12,2026-02-26T05:42:47.919635
13003,Unknown,United Kingdom,Need Attention,4.5838,17.81,296.86,0.6417314361447506,Low Potential,90,12,2026-02-26T05:42:47.919635
13004,Unknown,United Kingdom,Champions,53.0965,14.2433,2750.07,0.6397172660964349,Medium Potential,90,12,2026-02-26T05:42:47.919635
13005,Unknown,United Kingdom,Need Attention,1028.5351,17.8694,66833.84,0.6348982245439281,High Potential,90,12,2026-02-26T05:42:47.919635
13011,Unknown,United Kingdom,At Risk,164.1952,16.85,10060.69,0.6081302547245364,Medium Potential,90,12,2026-02-26T05:42:47.919635
13012,Unknown,United Kingdom,Promising,5.0356,20.6325,377.81,0.6399347090807783,Low Potential,90,12,2026-02-26T05:42:47.919635
13013,Unknown,United Kingdom,Champions,16.8546,22.3462,1369.59,0.6416224001351336,Low Potential,90,12,2026-02-26T05:42:47.919635
13014,Unknown,United Kingdom,Loyal Customers,20.6709,30.5123,2293.52,0.6352759313761016,Medium Potential,90,12,2026-02-26T05:42:47.919635
13015,Unknown,United Kingdom,Potential Loyalists,27.237,16.8857,1672.42,0.6365726329465102,Low Potential,90,12,2026-02-26T05:42:47.919635
13016,Unknown,United Kingdom,Recent Customers,1604.7083,15.1875,88623.66,0.6367890070548783,High Potential,90,12,2026-02-26T05:42:47.919635
13017,Unknown,United Kingdom,At Risk,56.4556,204.0,41879.79,0.6272844705605466,High Potential,90,12,2026-02-26T05:42:47.919635
13018,Unknown,United Kingdom,Champions,63.2245,14.4996,3333.56,0.6386311589448211,Medium Potential,90,12,2026-02-26T05:42:47.919635
13021,Unknown,United Kingdom,Potential Loyalists,12.5162,21.174,963.7,0.636626719579975,Low Potential,90,12,2026-02-26T05:42:47.919635
13023,Unknown,United Kingdom,Recent Customers,18.6965,17.2475,1172.61,0.6336049337516346,Low Potential,90,12,2026-02-26T05:42:47.919635
13026,Unknown,United Kingdom,Potential Loyalists,12.6237,24.384,1119.33,0.6381972325752837,Low Potential,90,12,2026-02-26T05:42:47.919635
13027,Unknown,United Kingdom,Recent Customers,5.6218,256.0,5233.38,0.6350600713947008,Medium Potential,90,12,2026-02-26T05:42:47.919635
13029,Unknown,United Kingdom,Promising,172.4304,158.1,99131.8,0.6386311589448211,High Potential,90,12,2026-02-26T05:42:47.919635
13030,Unknown,United Kingdom,Promising,2764.6295,7.4322,74717.38,0.6143621074320499,High Potential,90,12,2026-02-26T05:42:47.919635
13034,Unknown,United Kingdom,At Risk,606.6187,15.0782,33260.79,0.6127461204705137,Medium Potential,90,12,2026-02-26T05:42:47.919635
13037,Unknown,United Kingdom,About to Sleep,1020.7004,18.1611,67407.43,0.630061951767552,High Potential,90,12,2026-02-26T05:42:47.919635
13038,Unknown,United Kingdom,About to Sleep,402.1667,28.0943,41085.79,0.6383599204018852,Medium Potential,90,12,2026-02-26T05:42:47.919635
13040,Unknown,United Kingdom,Recent Customers,16.3484,15.744,935.96,0.6336587682334197,Low Potential,90,12,2026-02-26T05:42:47.919635
13043,Unknown,United Kingdom,Recent Customers,750.5707,39.7246,108422.26,0.6415133826517266,High Potential,90,12,2026-02-26T05:42:47.919635
13045,Unknown,United Kingdom,About to Sleep,1013.2696,16.96,62491.1,0.6254750485541349,High Potential,90,12,2026-02-26T05:42:47.919635
13046,Unknown,United Kingdom,Recent Customers,1207.0129,20.5519,90205.12,0.6386311589448211,High Potential,90,12,2026-02-26T05:42:47.919635
13047,Unknown,United Kingdom,Loyal Customers,8.8576,19.072,614.3,0.6369513358997455,Low Potential,90,12,2026-02-26T05:42:47.919635
13049,Unknown,United Kingdom,Need Attention,399.1711,71.8429,104282.22,0.6336049337516346,High Potential,90,12,2026-02-26T05:42:47.919635
13050,Unknown,United Kingdom,Champions,23.8899,10.911,947.86,0.6400978398210466,Low Potential,90,12,2026-02-26T05:42:47.919635
13052,Unknown,United Kingdom,Promising,1039.4283,19.3417,73106.58,0.6416224001351336,High Potential,90,12,2026-02-26T05:42:47.919635
13055,Unknown,United Kingdom,Recent Customers,1267.0707,15.6755,72225.33,0.6399347090807783,High Potential,90,12,2026-02-26T05:42:47.919635
13058,Unknown,United Kingdom,Need Attention,10.5305,22.95,878.82,0.6435332078298328,Low Potential,90,12,2026-02-26T05:42:47.919635
13059,Unknown,United Kingdom,At Risk,453.6061,22.925,37814.25,0.6300084228646686,Medium Potential,90,12,2026-02-26T05:42:47.919635
13062,Unknown,United Kingdom,About to Sleep,619.0625,31.5436,71008.94,0.6253156444734737,High Potential,90,12,2026-02-26T05:42:47.919635
13064,Unknown,United Kingdom,Loyal Customers,35.8509,16.3854,2136.11,0.6434785344338476,Medium Potential,90,12,2026-02-26T05:42:47.919635
13065,Unknown,United Kingdom,About to Sleep,764.2286,14.7043,40863.44,0.6065306597126334,Medium Potential,90,12,2026-02-26T05:42:47.919635
13066,Unknown,United Kingdom,Need Attention,1600.8953,5.4218,31562.67,0.6352759313761016,Medium Potential,90,12,2026-02-26T05:42:47.919635
13069,Unknown,United Kingdom,Champions,24.4725,11.5877,1031.2,0.6434238656828135,Low Potential,90,12,2026-02-26T05:42:47.919635
13075,Unknown,United Kingdom,Promising,1241.6012,41.8005,188725.64,0.6270713259922407,High Potential,90,12,2026-02-26T05:42:47.919635
13077,Unknown,United Kingdom,Recent Customers,9.8954,7.3897,265.91,0.6370054547098494,Low Potential,90,12,2026-02-26T05:42:47.919635
13078,Unknown,United Kingdom,Champions,15.8827,34.811,2010.52,0.6435332078298328,Medium Potential,90,12,2026-02-26T05:42:47.919635
13079,Unknown,United Kingdom,Need Attention,0.9578,32.85,114.41,0.6385226497005074,Low Potential,90,12,2026-02-26T05:42:47.919635
13081,Unknown,United Kingdom,Champions,63.007,28.3127,6486.9,0.6402610121462423,Medium Potential,90,12,2026-02-26T05:42:47.919635
13082,Unknown,United Kingdom,Recent Customers,146.2237,97.0856,51622.6,0.6318309593626331,High Potential,90,12,2026-02-26T05:42:47.919635
13083,Unknown,United Kingdom,At Risk,227.5365,27.84,23034.97,0.6320457217532791,Medium Potential,90,12,2026-02-26T05:42:47.919635
13085,Unknown,United Kingdom,At Risk,511.7396,15.3311,28529.2,0.631777280168123,Medium Potential,90,12,2026-02-26T05:42:47.919635
13089,Unknown,United Kingdom,Champions,81.6116,34.5807,10262.5,0.6432052371202953,Medium Potential,90,12,2026-02-26T05:42:47.919635
13090,Unknown,United Kingdom,Loyal Customers,7.4681,57.74,1568.03,0.6369513358997455,Low Potential,90,12,2026-02-26T05:42:47.919635
13091,Unknown,United Kingdom,Recent Customers,1213.2847,16.4676,72654.14,0.6419495637552085,High Potential,90,12,2026-02-26T05:42:47.919635
13092,Unknown,United Kingdom,Need Attention,2.988,18.875,205.09,0.6432598872954712,Low Potential,90,12,2026-02-26T05:42:47.919635
13093,Unknown,United Kingdom,Loyal Customers,8.3424,39.889,1210.07,0.6381972325752837,Low Potential,90,12,2026-02-26T05:42:47.919635
13094,Unknown,United Kingdom,Recent Customers,1.591,81.0171,468.72,0.6414588808563683,Low Potential,90,12,2026-02-26T05:42:47.919635
13097,Unknown,United Kingdom,Loyal Customers,70.2315,15.9631,4076.77,0.6384684019923119,Medium Potential,90,12,2026-02-26T05:42:47.919635
13098,Unknown,United Kingdom,Champions,87.5653,50.8263,16184.07,0.6417314361447506,Medium Potential,90,12,2026-02-26T05:42:47.919635
13099,Unknown,United Kingdom,At Risk,56.2928,207.36,42446.82,0.6254750485541349,High Potential,90,12,2026-02-26T05:42:47.919635
13102,Unknown,United Kingdom,Champions,26.0117,20.3038,1920.5,0.641404383691382,Medium Potential,90,12,2026-02-26T05:42:47.919635
13104,Unknown,United Kingdom,About to Sleep,228.1365,84.87,70407.07,0.6337126072892719,High Potential,90,12,2026-02-26T05:42:47.919635
13107,Unknown,United Kingdom,Recent Customers,1209.0656,26.9924,118674.84,0.6397172660964349,High Potential,90,12,2026-02-26T05:42:47.919635
13108,Unknown,United Kingdom,About to Sleep,547.3172,35.006,69670.49,0.6081302547245364,High Potential,90,12,2026-02-26T05:42:47.919635
13109,Unknown,United Kingdom,Loyal Customers,14.5199,16.7349,883.6,0.641895024902707,Low Potential,90,12,2026-02-26T05:42:47.919635
13110,Unknown,United Kingdom,Potential Loyalists,16.8605,12.0289,737.5,0.6369513358997455,Low Potential,90,12,2026-02-26T05:42:47.919635
13113,Unknown,United Kingdom,Champions,9.5283,60.2056,2086.03,0.6432598872954712,Medium Potential,90,12,2026-02-26T05:42:47.919635
13115,Unknown,United Kingdom,Champions,44.5877,18.3466,2974.66,0.6435332078298328,Medium Potential,90,12,2026-02-26T05:42:47.919635
13117,Unknown,United Kingdom,Loyal Customers,4.7768,13.2942,230.92,0.6400978398210466,Low Potential,90,12,2026-02-26T05:42:47.919635
13122,Unknown,United Kingdom,At Risk,57.0196,18.72,3881.48,0.6335511038435279,Medium Potential,90,12,2026-02-26T05:42:47.919635
13124,Unknown,United Kingdom,Champions,28.7894,15.9247,1667.14,0.641840490683726,Low Potential,90,12,2026-02-26T05:42:47.919635
13126,Unknown,United Kingdom,Loyal Customers,10.6331,14.6323,565.77,0.6398259783514365,Low Potential,90,12,2026-02-26T05:42:47.919635
13130,Unknown,United Kingdom,At Risk,114.0392,32.0,13270.02,0.6335511038435279,Medium Potential,90,12,2026-02-26T05:42:47.919635
13131,Unknown,United Kingdom,Need Attention,795.9717,23.2071,67171.62,0.6317236055340981,High Potential,90,12,2026-02-26T05:42:47.919635
13133,Unknown,United Kingdom,Need Attention,4.3457,15.6857,247.87,0.6415133826517266,Low Potential,90,12,2026-02-26T05:42:47.919635
13134,Unknown,United Kingdom,Promising,1206.5002,17.1448,75218.93,0.6383599204018852,High Potential,90,12,2026-02-26T05:42:47.919635
13136,Unknown,United Kingdom,Recent Customers,1732.3805,19.1487,120628.49,0.6416224001351336,High Potential,90,12,2026-02-26T05:42:47.919635
13137,Unknown,United Kingdom,Champions,53.3169,6.5101,1262.18,0.6419495637552085,Low Potential,90,12,2026-02-26T05:42:47.919635
13138,Unknown,United Kingdom,At Risk,766.2441,13.8021,38457.37,0.6081302547245364,Medium Potential,90,12,2026-02-26T05:42:47.919635
13139,Unknown,United Kingdom,Loyal Customers,155.8462,26.785,15179.42,0.636626719579975,Medium Potential,90,12,2026-02-26T05:42:47.919635
13140,Unknown,United Kingdom,At Risk,833.6984,10.5507,31985.82,0.6175544073129242,Medium Potential,90,12,2026-02-26T05:42:47.919635
13141,Unknown,United Kingdom,Recent Customers,1608.5303,12.8636,75241.78,0.6383056865188711,High Potential,90,12,2026-02-26T05:42:47.919635
13144,Unknown,United Kingdom,Need Attention,173.1792,36.9833,23289.96,0.641404383691382,Medium Potential,90,12,2026-02-26T05:42:47.919635
13145,Unknown,United Kingdom,Promising,0.5006,99.944,181.93,0.6385226497005074,Low Potential,90,12,2026-02-26T05:42:47.919635
13147,Unknown,United Kingdom,Promising,0.4692,178.2,304.04,0.6386311589448211,Low Potential,90,12,2026-02-26T05:42:47.919635
13148,Unknown,United Kingdom,Champions,21.688,12.2226,963.94,0.6402610121462423,Low Potential,90,12,2026-02-26T05:42:47.919635
13153,Unknown,United Kingdom,Need Attention,851.0897,32.4147,100319.34,0.6304367814562728,High Potential,90,12,2026-02-26T05:42:47.919635
13155,Unknown,United Kingdom,Recent Customers,8.9304,8.1239,263.82,0.6336587682334197,Low Potential,90,12,2026-02-26T05:42:47.919635
13157,Unknown,United Kingdom,Recent Customers,810.4386,21.4371,63176.19,0.6432052371202953,High Potential,90,12,2026-02-26T05:42:47.919635
13158,Unknown,United Kingdom,Loyal Customers,19.0906,15.7442,1092.97,0.6434238656828135,Low Potential,90,12,2026-02-26T05:42:47.919635
13159,Unknown,United Kingdom,Need Attention,1295.0634,12.2852,57854.96,0.6256344932697319,High Potential,90,12,2026-02-26T05:42:47.919635
13162,Unknown,United Kingdom,Potential Loyalists,99.2528,19.9975,7217.48,0.6384684019923119,Medium Potential,90,12,2026-02-26T05:42:47.919635
13166,Unknown,United Kingdom,Promising,2194.2985,10.2346,81664.61,0.625156281017392,High Potential,90,12,2026-02-26T05:42:47.919635
13167,Unknown,United Kingdom,Promising,38.0295,10.1649,1405.69,0.6286716772965468,Low Potential,90,12,2026-02-26T05:42:47.919635
13168,Unknown,United Kingdom,About to Sleep,1075.1199,18.2384,71303.52,0.6287250926223397,High Potential,90,12,2026-02-26T05:42:47.919635
13169,Unknown,United Kingdom,Recent Customers,3.9744,54.8369,792.52,0.6352219595031147,Low Potential,90,12,2026-02-26T05:42:47.919635
13173,Unknown,United Kingdom,Recent Customers,8.0461,8.2244,240.63,0.6320457217532791,Low Potential,90,12,2026-02-26T05:42:47.919635
13174,Unknown,United Kingdom,Recent Customers,6727.9524,9.9839,244258.92,0.6127461204705137,High Potential,90,12,2026-02-26T05:42:47.919635
13177,Unknown,United Kingdom,Need Attention,969.4155,16.6147,58569.26,0.6336049337516346,High Potential,90,12,2026-02-26T05:42:47.919635
13178,Unknown,United Kingdom,Loyal Customers,30.0916,19.0268,2081.99,0.6383056865188711,Medium Potential,90,12,2026-02-26T05:42:47.919635
13183,Unknown,United Kingdom,Loyal Customers,11.6562,43.8883,1860.26,0.6380887970590081,Medium Potential,90,12,2026-02-26T05:42:47.919635
13184,Unknown,United Kingdom,Champions,17.8723,8.466,550.21,0.6417314361447506,Low Potential,90,12,2026-02-26T05:42:47.919635
13186,Unknown,United Kingdom,Loyal Customers,29.2797,20.6657,2200.31,0.6351679922154785,Medium Potential,90,12,2026-02-26T05:42:47.919635
13187,Unknown,United Kingdom,Need Attention,2108.2917,6.3789,48903.93,0.6331206291844751,High Potential,90,12,2026-02-26T05:42:47.919635
13192,Unknown,United Kingdom,Promising,1706.0885,14.9207,92567.4,0.6318846431180163,High Potential,90,12,2026-02-26T05:42:47.919635
13193,Unknown,United Kingdom,Promising,1264.3823,4.7377,21782.78,0.63857690201788,Medium Potential,90,12,2026-02-26T05:42:47.919635
13198,Unknown,United Kingdom,Champions,33.3846,14.4797,1757.81,0.6417859610978717,Low Potential,90,12,2026-02-26T05:42:47.919635
13199,Unknown,United Kingdom,Potential Loyalists,5.9845,75.3621,1640.02,0.6369513358997455,Low Potential,90,12,2026-02-26T05:42:47.919635
13200,Unknown,United Kingdom,Need Attention,796.107,22.8086,66029.4,0.6318309593626331,High Potential,90,12,2026-02-26T05:42:47.919635
13203,Unknown,United Kingdom,Recent Customers,288.8037,15.493,16270.68,0.6417859610978717,Medium Potential,90,12,2026-02-26T05:42:47.919635
13207,Unknown,United Kingdom,Promising,289.5161,39.504,41589.25,0.6433692015763358,High Potential,90,12,2026-02-26T05:42:47.919635
13208,Unknown,United Kingdom,Champions,16.5772,8.5449,515.09,0.6435332078298328,Low Potential,90,12,2026-02-26T05:42:47.919635
13209,Unknown,United Kingdom,Champions,37.1909,19.0098,2570.88,0.6386311589448211,Medium Potential,90,12,2026-02-26T05:42:47.919635
13210,Unknown,United Kingdom,Recent Customers,1257.6326,16.0673,73479.13,0.6351679922154785,High Potential,90,12,2026-02-26T05:42:47.919635
13211,Unknown,United Kingdom,Recent Customers,2388.524,15.8914,138025.42,0.6318846431180163,High Potential,90,12,2026-02-26T05:42:47.919635
13212,Unknown,United Kingdom,Recent Customers,3160.9557,5.2276,60088.04,0.63857690201788,High Potential,90,12,2026-02-26T05:42:47.919635
13213,Unknown,United Kingdom,Recent Customers,8.8388,19.5929,629.74,0.6383599204018852,Low Potential,90,12,2026-02-26T05:42:47.919635
13217,Unknown,United Kingdom,About to Sleep,1.2357,68.51,307.85,0.6384684019923119,Low Potential,90,12,2026-02-26T05:42:47.919635
13218,Unknown,United Kingdom,At Risk,283.6002,12.528,12919.79,0.6302225657663681,Medium Potential,90,12,2026-02-26T05:42:47.919635
13220,Unknown,United Kingdom,Recent Customers,9.9392,40.1931,1452.68,0.6350061178607801,Low Potential,90,12,2026-02-26T05:42:47.919635
13224,Unknown,United Kingdom,Champions,222.7725,19.9625,16171.26,0.6417314361447506,Medium Potential,90,12,2026-02-26T05:42:47.919635
13225,Unknown,United Kingdom,Potential Loyalists,6.7577,180.4211,4433.57,0.6402066167499753,Medium Potential,90,12,2026-02-26T05:42:47.919635
13226,Unknown,United Kingdom,Need Attention,923.7793,6.7631,22718.59,0.6415133826517266,Medium Potential,90,12,2026-02-26T05:42:47.919635
13230,Unknown,United Kingdom,Champions,53.2359,4.1312,799.74,0.6402610121462423,Low Potential,90,12,2026-02-26T05:42:47.919635
13232,Unknown,United Kingdom,Loyal Customers,12.5446,7.0589,322.0,0.64331454211402,Low Potential,90,12,2026-02-26T05:42:47.919635
13233,Unknown,United Kingdom,Need Attention,971.1467,17.8965,63200.46,0.6347364189402819,High Potential,90,12,2026-02-26T05:42:47.919635
13235,Unknown,United Kingdom,Loyal Customers,3060.5388,18.3617,204351.62,0.6416224001351336,High Potential,90,12,2026-02-26T05:42:47.919635
13240,Unknown,United Kingdom,Need Attention,9.7708,9.2808,329.75,0.6302761128639838,Low Potential,90,12,2026-02-26T05:42:47.919635
13242,Unknown,United Kingdom,Need Attention,287.9706,20.8,21781.05,0.6399347090807783,Medium Potential,90,12,2026-02-26T05:42:47.919635
13244,Unknown,United Kingdom,Need Attention,1547.5288,4.5089,25373.28,0.6368431120726507,Medium Potential,90,12,2026-02-26T05:42:47.919635
13248,Unknown,United Kingdom,Recent Customers,11.9852,17.9108,780.6,0.6351140295128037,Low Potential,90,12,2026-02-26T05:42:47.919635
13249,Unknown,United Kingdom,Promising,38.8269,19.9795,2820.88,0.6368431120726507,Medium Potential,90,12,2026-02-26T05:42:47.919635
13253,Unknown,United Kingdom,Recent Customers,30.6322,28.6222,3188.22,0.6334434577467953,Medium Potential,90,12,2026-02-26T05:42:47.919635
13255,Unknown,United Kingdom,At Risk,327.5266,37.6167,44801.71,0.6065306597126334,High Potential,90,12,2026-02-26T05:42:47.919635
13259,Unknown,United Kingdom,Potential Loyalists,4425.3379,3.4669,55789.83,0.63857690201788,High Potential,90,12,2026-02-26T05:42:47.919635
13260,Unknown,United Kingdom,Promising,459.7754,69.7025,116536.34,0.63857690201788,High Potential,90,12,2026-02-26T05:42:47.919635
13263,Unknown,United Kingdom,Champions,101.183,4.4774,1647.41,0.6432598872954712,Low Potential,90,12,2026-02-26T05:42:47.919635
13265,Unknown,United Kingdom,Champions,33.7446,24.1527,2963.72,0.6434785344338476,Medium Potential,90,12,2026-02-26T05:42:47.919635
13266,Unknown,United Kingdom,Loyal Customers,21.5703,22.8856,1795.09,0.6402610121462423,Low Potential,90,12,2026-02-26T05:42:47.919635
13267,Unknown,United Kingdom,Champions,15.6843,19.972,1139.08,0.643041314451059,Low Potential,90,12,2026-02-26T05:42:47.919635
13268,Unknown,United Kingdom,Champions,20.7124,7.0755,532.91,0.6432052371202953,Low Potential,90,12,2026-02-26T05:42:47.919635
13269,Unknown,United Kingdom,Champions,19.3044,15.2989,1073.95,0.6434785344338476,Low Potential,90,12,2026-02-26T05:42:47.919635
13270,Unknown,United Kingdom,About to Sleep,55.5799,590.0,119244.15,0.6175544073129242,High Potential,90,12,2026-02-26T05:42:47.919635
13271,Unknown,United Kingdom,Need Attention,4459.6137,2.3268,37733.2,0.6272311776273506,Medium Potential,90,12,2026-02-26T05:42:47.919635
13272,Unknown,United Kingdom,Recent Customers,9.6276,18.4373,645.48,0.641840490683726,Low Potential,90,12,2026-02-26T05:42:47.919635
13276,Unknown,United Kingdom,Recent Customers,9.4236,19.6977,674.99,0.6352219595031147,Low Potential,90,12,2026-02-26T05:42:47.919635
13280,Unknown,United Kingdom,Recent Customers,22.6366,10.1321,834.02,0.6384684019923119,Low Potential,90,12,2026-02-26T05:42:47.919635
13282,Unknown,United Kingdom,About to Sleep,791.7899,24.6214,70890.82,0.6284046687308877,High Potential,90,12,2026-02-26T05:42:47.919635
13283,Unknown,United Kingdom,Need Attention,3.1842,13.38,154.93,0.641895024902707,Low Potential,90,12,2026-02-26T05:42:47.919635
13285,Unknown,United Kingdom,Recent Customers,3095.5754,14.4878,163083.92,0.6253687746526738,High Potential,90,12,2026-02-26T05:42:47.919635
13291,Unknown,United Kingdom,Recent Customers,2343.3717,8.7461,74528.59,0.6350600713947008,High Potential,90,12,2026-02-26T05:42:47.919635
13292,Unknown,United Kingdom,About to Sleep,957.1395,19.3747,67433.78,0.6255813405155674,High Potential,90,12,2026-02-26T05:42:47.919635
13294,Unknown,United Kingdom,Recent Customers,105.5807,16.1804,6212.14,0.6300084228646686,Medium Potential,90,12,2026-02-26T05:42:47.919635
13297,Unknown,United Kingdom,Recent Customers,104.4562,34.1438,12969.21,0.6286716772965468,Medium Potential,90,12,2026-02-26T05:42:47.919635
13298,Unknown,United Kingdom,Need Attention,114.661,180.0,75050.84,0.6370054547098494,High Potential,90,12,2026-02-26T05:42:47.919635
13301,Unknown,United Kingdom,Need Attention,27.7411,6.822,688.18,0.6301690232180153,Low Potential,90,12,2026-02-26T05:42:47.919635
13302,Unknown,United Kingdom,About to Sleep,57.1554,63.75,13249.66,0.6350600713947008,Medium Potential,90,12,2026-02-26T05:42:47.919635
13305,Unknown,United Kingdom,Loyal Customers,4.0388,24.6866,362.56,0.6415133826517266,Low Potential,90,12,2026-02-26T05:42:47.919635
13307,Unknown,United Kingdom,Need Attention,57.7607,15.0,3150.58,0.6417859610978717,Medium Potential,90,12,2026-02-26T05:42:47.919635
13309,Unknown,United Kingdom,Champions,14.4783,13.4279,706.96,0.6434785344338476,Low Potential,90,12,2026-02-26T05:42:47.919635
13310,Unknown,United Kingdom,Recent Customers,1155.5092,15.719,66048.91,0.6419495637552085,High Potential,90,12,2026-02-26T05:42:47.919635
13311,Unknown,United Kingdom,Potential Loyalists,7.2033,23.0219,603.03,0.6433692015763358,Low Potential,90,12,2026-02-26T05:42:47.919635
13313,Unknown,United Kingdom,Potential Loyalists,21.8272,19.4592,1544.51,0.636626719579975,Low Potential,90,12,2026-02-26T05:42:47.919635
13314,Unknown,United Kingdom,Need Attention,36.483,12.451,1651.82,0.6370054547098494,Low Potential,90,12,2026-02-26T05:42:47.919635
13316,Unknown,United Kingdom,Promising,959.6637,89.0688,310822.16,0.6272311776273506,High Potential,90,12,2026-02-26T05:42:47.919635
13317,Unknown,United Kingdom,Recent Customers,3176.8615,17.1375,197976.23,0.6303296645112487,High Potential,90,12,2026-02-26T05:42:47.919635
13318,Unknown,United Kingdom,Recent Customers,6.3001,32.038,733.97,0.6370054547098494,Low Potential,90,12,2026-02-26T05:42:47.919635
13319,Unknown,United Kingdom,Champions,39.7807,23.834,3447.76,0.6402610121462423,Medium Potential,90,12,2026-02-26T05:42:47.919635
13320,Unknown,United Kingdom,Recent Customers,1900.6061,14.1821,98016.68,0.6399347090807783,High Potential,90,12,2026-02-26T05:42:47.919635
13323,Unknown,United Kingdom,Promising,3.8117,44.1875,612.47,0.6352759313761016,Low Potential,90,12,2026-02-26T05:42:47.919635
13324,Unknown,United Kingdom,Loyal Customers,9.0333,89.8495,2951.41,0.641840490683726,Medium Potential,90,12,2026-02-26T05:42:47.919635
13327,Unknown,United Kingdom,Loyal Customers,11.5456,34.7403,1458.54,0.6350061178607801,Low Potential,90,12,2026-02-26T05:42:47.919635
13329,Unknown,United Kingdom,Recent Customers,2.6773,46.4118,451.85,0.6369513358997455,Low Potential,90,12,2026-02-26T05:42:47.919635
13330,Unknown,United Kingdom,Potential Loyalists,67.4304,20.1278,4935.37,0.6368431120726507,Medium Potential,90,12,2026-02-26T05:42:47.919635
13334,Unknown,United Kingdom,Loyal Customers,81.3923,12.7579,3775.98,0.6347903495591322,Medium Potential,90,12,2026-02-26T05:42:47.919635
13338,Unknown,United Kingdom,Need Attention,1080.3391,25.6326,100697.82,0.631777280168123,High Potential,90,12,2026-02-26T05:42:47.919635
13340,Unknown,United Kingdom,Loyal Customers,2921.6201,72.1182,766189.03,0.6365185509081462,High Potential,90,12,2026-02-26T05:42:47.919635
13344,Unknown,United Kingdom,Loyal Customers,57.136,21.6234,4492.63,0.6348442847602177,Medium Potential,90,12,2026-02-26T05:42:47.919635
13348,Unknown,United Kingdom,Need Attention,798.3422,16.6971,48472.73,0.6336049337516346,High Potential,90,12,2026-02-26T05:42:47.919635
13351,Unknown,United Kingdom,Need Attention,907.6747,23.3712,77139.81,0.6303296645112487,High Potential,90,12,2026-02-26T05:42:47.919635
13352,Unknown,United Kingdom,Recent Customers,1382.8463,16.5825,83385.63,0.6402066167499753,High Potential,90,12,2026-02-26T05:42:47.919635
13355,Unknown,United Kingdom,Recent Customers,1838.789,21.0844,140980.96,0.6384684019923119,High Potential,90,12,2026-02-26T05:42:47.919635
13359,Unknown,United Kingdom,Recent Customers,1314.9095,19.1113,91380.47,0.6352219595031147,High Potential,90,12,2026-02-26T05:42:47.919635
13362,Unknown,United Kingdom,Potential Loyalists,2348.953,18.752,160172.97,0.6365726329465102,High Potential,90,12,2026-02-26T05:42:47.919635
13365,Unknown,United Kingdom,Loyal Customers,1216.6248,17.3857,76915.9,0.6336587682334197,High Potential,90,12,2026-02-26T05:42:47.919635
13368,Unknown,United Kingdom,At Risk,56.9809,35.4,7335.0,0.6331206291844751,Medium Potential,90,12,2026-02-26T05:42:47.919635
13369,Unknown,United Kingdom,About to Sleep,780.1707,22.02,62470.4,0.6191830751035756,High Potential,90,12,2026-02-26T05:42:47.919635
13370,Unknown,United Kingdom,Recent Customers,2139.6212,19.3556,150595.1,0.6095786758790397,High Potential,90,12,2026-02-26T05:42:47.919635
13372,Unknown,United Kingdom,Potential Loyalists,1328.6098,16.4626,79535.9,0.641840490683726,High Potential,90,12,2026-02-26T05:42:47.919635
13373,Unknown,United Kingdom,Champions,48.9448,20.9636,3731.12,0.6402066167499753,Medium Potential,90,12,2026-02-26T05:42:47.919635
13375,Unknown,United Kingdom,Loyal Customers,2142.7835,21.0446,163978.26,0.6434785344338476,High Potential,90,12,2026-02-26T05:42:47.919635
13376,Unknown,United Kingdom,About to Sleep,788.0986,17.84,51126.11,0.6254750485541349,High Potential,90,12,2026-02-26T05:42:47.919635
13379,Unknown,United Kingdom,Need Attention,2483.6244,6.5434,59095.81,0.6271778892218242,High Potential,90,12,2026-02-26T05:42:47.919635
13381,Unknown,United Kingdom,Loyal Customers,35.9431,21.0354,2749.37,0.641840490683726,Medium Potential,90,12,2026-02-26T05:42:47.919635
13382,Unknown,United Kingdom,About to Sleep,850.4391,14.866,45973.19,0.6299548985095023,High Potential,90,12,2026-02-26T05:42:47.919635
13384,Unknown,United Kingdom,Loyal Customers,13.2166,30.3591,1459.07,0.6386311589448211,Low Potential,90,12,2026-02-26T05:42:47.919635
13394,Unknown,United Kingdom,Loyal Customers,15.2475,18.4586,1023.45,0.6417314361447506,Low Potential,90,12,2026-02-26T05:42:47.919635
13395,Unknown,United Kingdom,Need Attention,1200.1616,14.6533,63950.28,0.6350061178607801,High Potential,90,12,2026-02-26T05:42:47.919635
13396,Unknown,United Kingdom,Potential Loyalists,1613.4578,34.7757,204033.18,0.6402610121462423,High Potential,90,12,2026-02-26T05:42:47.919635
13397,Unknown,United Kingdom,Recent Customers,7.2725,33.931,897.32,0.6383599204018852,Low Potential,90,12,2026-02-26T05:42:47.919635
13402,Unknown,United Kingdom,Recent Customers,5.2669,15.929,305.08,0.6302225657663681,Low Potential,90,12,2026-02-26T05:42:47.919635
13404,Unknown,United Kingdom,Promising,7.473,22.9536,623.75,0.6416224001351336,Low Potential,90,12,2026-02-26T05:42:47.919635
13408,Unknown,United Kingdom,Champions,13.5997,62.7071,3101.08,0.6433692015763358,Medium Potential,90,12,2026-02-26T05:42:47.919635
13410,Unknown,United Kingdom,At Risk,113.7102,70.2,29027.11,0.6317236055340981,Medium Potential,90,12,2026-02-26T05:42:47.919635
13414,Unknown,United Kingdom,Need Attention,170.5799,155.9,96703.3,0.631777280168123,High Potential,90,12,2026-02-26T05:42:47.919635
13417,Unknown,United Kingdom,Need Attention,1023.9141,22.4906,83739.79,0.6320457217532791,High Potential,90,12,2026-02-26T05:42:47.919635
13418,Unknown,United Kingdom,Champions,17.0218,19.586,1212.32,0.6416224001351336,Low Potential,90,12,2026-02-26T05:42:47.919635
13419,Unknown,United Kingdom,Need Attention,914.7196,13.8162,45956.18,0.6352219595031147,High Potential,90,12,2026-02-26T05:42:47.919635
13422,Unknown,United Kingdom,Loyal Customers,7242.1044,20.6795,544593.08,0.6336049337516346,High Potential,90,12,2026-02-26T05:42:47.919635
13426,Unknown,United Kingdom,Champions,30.403,25.2165,2787.84,0.641840490683726,Medium Potential,90,12,2026-02-26T05:42:47.919635
13427,Unknown,United Kingdom,Potential Loyalists,13.9842,20.2113,1027.78,0.6417859610978717,Low Potential,90,12,2026-02-26T05:42:47.919635
13429,Unknown,United Kingdom,Need Attention,691.4231,13.81,34722.01,0.6402066167499753,Medium Potential,90,12,2026-02-26T05:42:47.919635
13431,Unknown,United Kingdom,Loyal Customers,9.7226,27.5891,975.41,0.6434785344338476,Low Potential,90,12,2026-02-26T05:42:47.919635
13434,Unknown,United Kingdom,At Risk,283.6243,14.568,15024.87,0.6302761128639838,Medium Potential,90,12,2026-02-26T05:42:47.919635
13435,Unknown,United Kingdom,Recent Customers,38.8125,25.9879,3667.84,0.6318309593626331,Medium Potential,90,12,2026-02-26T05:42:47.919635
13436,Unknown,United Kingdom,Need Attention,687.9659,16.4075,41046.55,0.6370054547098494,Medium Potential,90,12,2026-02-26T05:42:47.919635
13437,Unknown,United Kingdom,Loyal Customers,35.0919,18.1283,2313.3,0.6369513358997455,Medium Potential,90,12,2026-02-26T05:42:47.919635
13441,Unknown,United Kingdom,Promising,747.0715,22.8185,61989.28,0.6385226497005074,High Potential,90,12,2026-02-26T05:42:47.919635
13447,Unknown,United Kingdom,Recent Customers,35.5264,17.2108,2223.41,0.6336587682334197,Medium Potential,90,12,2026-02-26T05:42:47.919635
13448,Unknown,United Kingdom,Potential Loyalists,8.4443,20.0459,615.54,0.6316699354601715,Low Potential,90,12,2026-02-26T05:42:47.919635
13450,Unknown,United Kingdom,Champions,9.2501,26.3131,885.09,0.641840490683726,Low Potential,90,12,2026-02-26T05:42:47.919635
13451,Unknown,United Kingdom,Champions,67.7709,7.0873,1746.59,0.6432598872954712,Low Potential,90,12,2026-02-26T05:42:47.919635
13455,Unknown,United Kingdom,Promising,1667.3969,23.098,140049.21,0.6175544073129242,High Potential,90,12,2026-02-26T05:42:47.919635
13456,Unknown,United Kingdom,Recent Customers,495.4731,34.0292,61311.1,0.6352219595031147,High Potential,90,12,2026-02-26T05:42:47.919635
13458,Unknown,United Kingdom,Champions,41.3489,24.6943,3713.03,0.6432052371202953,Medium Potential,90,12,2026-02-26T05:42:47.919635
13460,Unknown,United Kingdom,Need Attention,345.7409,12.6633,15920.8,0.6402610121462423,Medium Potential,90,12,2026-02-26T05:42:47.919635
13461,Unknown,United Kingdom,About to Sleep,563.0232,56.08,114815.79,0.6255813405155674,High Potential,90,12,2026-02-26T05:42:47.919635
13462,Unknown,United Kingdom,At Risk,506.4196,16.8333,30998.96,0.6252093976562161,Medium Potential,90,12,2026-02-26T05:42:47.919635
13464,Unknown,United Kingdom,Loyal Customers,2374.6375,16.4556,142094.85,0.6435332078298328,High Potential,90,12,2026-02-26T05:42:47.919635
13466,Unknown,United Kingdom,Need Attention,974.1216,18.1118,64156.71,0.6366808108089309,High Potential,90,12,2026-02-26T05:42:47.919635
13467,Unknown,United Kingdom,Recent Customers,4017.5533,9.7677,142699.11,0.6287250926223397,High Potential,90,12,2026-02-26T05:42:47.919635
13468,Unknown,United Kingdom,Champions,14.6249,19.0108,1011.02,0.6435332078298328,Low Potential,90,12,2026-02-26T05:42:47.919635
13470,Unknown,United Kingdom,At Risk,168.8783,16.5,10132.7,0.6254750485541349,Medium Potential,90,12,2026-02-26T05:42:47.919635
13471,Unknown,United Kingdom,Loyal Customers,55.4508,7.2031,1452.43,0.6370054547098494,Low Potential,90,12,2026-02-26T05:42:47.919635
13473,Unknown,United Kingdom,Recent Customers,55.1025,20.1257,4032.64,0.641404383691382,Medium Potential,90,12,2026-02-26T05:42:47.919635
13475,Unknown,United Kingdom,Promising,11.78,16.9439,725.82,0.6333358299401141,Low Potential,90,12,2026-02-26T05:42:47.919635
13476,Unknown,United Kingdom,Promising,1639.8575,25.0897,149612.85,0.6282978970603043,High Potential,90,12,2026-02-26T05:42:47.919635
13477,Unknown,United Kingdom,Recent Customers,3.7036,22.1889,298.83,0.6432598872954712,Low Potential,90,12,2026-02-26T05:42:47.919635
13483,Unknown,United Kingdom,At Risk,568.7445,14.034,29024.58,0.63193833143466,Medium Potential,90,12,2026-02-26T05:42:47.919635
13484,Unknown,United Kingdom,Promising,463.1078,39.225,66056.01,0.6432052371202953,High Potential,90,12,2026-02-26T05:42:47.919635
13486,Unknown,United Kingdom,Potential Loyalists,24.5627,15.7617,1407.82,0.6350600713947008,Low Potential,90,12,2026-02-26T05:42:47.919635
13487,Unknown,United Kingdom,Promising,748.7236,16.5885,45164.37,0.6399347090807783,High Potential,90,12,2026-02-26T05:42:47.919635
13488,Unknown,United Kingdom,Champions,20.3186,22.6861,1676.18,0.643041314451059,Low Potential,90,12,2026-02-26T05:42:47.919635
13489,Unknown,United Kingdom,At Risk,227.4398,12.84,10619.37,0.631777280168123,Medium Potential,90,12,2026-02-26T05:42:47.919635
13491,Unknown,United Kingdom,Loyal Customers,4.5113,13.3771,219.45,0.641404383691382,Low Potential,90,12,2026-02-26T05:42:47.919635
13492,Unknown,Switzerland,Recent Customers,6.6744,24.1464,586.05,0.6383056865188711,Low Potential,90,12,2026-02-26T05:42:47.919635
13493,Unknown,Switzerland,Need Attention,229.751,109.82,91750.02,0.6381972325752837,High Potential,90,12,2026-02-26T05:42:47.919635
13494,Unknown,United Kingdom,About to Sleep,1012.6671,17.57,64700.22,0.6251031688912595,High Potential,90,12,2026-02-26T05:42:47.919635
13495,Unknown,United Kingdom,Recent Customers,6.3662,43.6291,1010.01,0.6303832207085496,Low Potential,90,12,2026-02-26T05:42:47.919635
13497,Unknown,United Kingdom,About to Sleep,4.5417,18.3184,302.53,0.6268049971255752,Low Potential,90,12,2026-02-26T05:42:47.919635
13499,Unknown,United Kingdom,Need Attention,460.9879,40.4525,67811.32,0.6402610121462423,High Potential,90,12,2026-02-26T05:42:47.919635
13500,Unknown,United Kingdom,Recent Customers,12.0639,17.6,772.09,0.6384684019923119,Low Potential,90,12,2026-02-26T05:42:47.919635
13502,Unknown,United Kingdom,Need Attention,287.9217,14.912,15612.69,0.6398259783514365,Medium Potential,90,12,2026-02-26T05:42:47.919635
13504,Unknown,United Kingdom,Need Attention,1254.5378,13.4514,61364.69,0.6336049337516346,High Potential,90,12,2026-02-26T05:42:47.919635
13506,Unknown,United Kingdom,About to Sleep,937.5016,17.7129,60384.99,0.6127461204705137,High Potential,90,12,2026-02-26T05:42:47.919635
13507,Unknown,United Kingdom,Recent Customers,25.0394,15.6054,1420.91,0.6337126072892719,Low Potential,90,12,2026-02-26T05:42:47.919635
13508,Unknown,United Kingdom,Need Attention,691.0708,9.2475,23238.83,0.6398803414066186,Medium Potential,90,12,2026-02-26T05:42:47.919635
13509,Unknown,United Kingdom,Need Attention,1.55,33.1625,186.92,0.6415133826517266,Low Potential,90,12,2026-02-26T05:42:47.919635
13510,Unknown,United Kingdom,Loyal Customers,39.2591,15.1179,2158.24,0.6383599204018852,Medium Potential,90,12,2026-02-26T05:42:47.919635
13513,Unknown,United Kingdom,About to Sleep,568.6479,20.51,42410.79,0.6318309593626331,High Potential,90,12,2026-02-26T05:42:47.919635
13515,Unknown,United Kingdom,Need Attention,740.94,15.6462,42155.98,0.6332820228945715,High Potential,90,12,2026-02-26T05:42:47.919635
13517,Unknown,United Kingdom,Potential Loyalists,1906.4282,15.6436,108448.73,0.641895024902707,High Potential,90,12,2026-02-26T05:42:47.919635
13520,Unknown,Switzerland,Champions,3.9036,37.0337,525.69,0.6435332078298328,Low Potential,90,12,2026-02-26T05:42:47.919635
13521,Unknown,United Kingdom,Loyal Customers,137.2172,2.6285,1311.55,0.6370054547098494,Low Potential,90,12,2026-02-26T05:42:47.919635
13522,Unknown,United Kingdom,Need Attention,287.384,25.16,26293.02,0.6386311589448211,Medium Potential,90,12,2026-02-26T05:42:47.919635
13523,Unknown,United Kingdom,Loyal Customers,14.4926,20.0752,1057.97,0.6336587682334197,Low Potential,90,12,2026-02-26T05:42:47.919635
13524,Unknown,United Kingdom,At Risk,510.3502,17.6889,32827.4,0.630061951767552,Medium Potential,90,12,2026-02-26T05:42:47.919635
13525,Unknown,United Kingdom,About to Sleep,113.6909,141.44,58474.33,0.6316162699459554,High Potential,90,12,2026-02-26T05:42:47.919635
13527,Unknown,United Kingdom,Champions,32.1345,10.2671,1199.74,0.641840490683726,Low Potential,90,12,2026-02-26T05:42:47.919635
13531,Unknown,United Kingdom,About to Sleep,833.6984,20.3633,61734.0,0.6175544073129242,High Potential,90,12,2026-02-26T05:42:47.919635
13532,Unknown,United Kingdom,Promising,3763.9331,3.1865,43613.72,0.6336587682334197,High Potential,90,12,2026-02-26T05:42:47.919635
13533,Unknown,United Kingdom,Promising,1785.5695,3.7165,24131.16,0.6399890813743078,Medium Potential,90,12,2026-02-26T05:42:47.919635
13534,Unknown,United Kingdom,Loyal Customers,21.8612,22.1035,1757.12,0.6364644734644926,Low Potential,90,12,2026-02-26T05:42:47.919635
13536,Unknown,United Kingdom,Potential Loyalists,20.6766,22.6768,1705.01,0.6370054547098494,Low Potential,90,12,2026-02-26T05:42:47.919635
13538,Unknown,United Kingdom,Potential Loyalists,5.3201,52.0393,1006.74,0.6417859610978717,Low Potential,90,12,2026-02-26T05:42:47.919635
13539,Unknown,United Kingdom,At Risk,621.9621,14.9182,33740.2,0.6282445180282595,Medium Potential,90,12,2026-02-26T05:42:47.919635
13548,Unknown,United Kingdom,Loyal Customers,38.8242,5.1561,727.93,0.6398803414066186,Low Potential,90,12,2026-02-26T05:42:47.919635
13549,Unknown,United Kingdom,Potential Loyalists,7.0771,16.8273,433.05,0.6433692015763358,Low Potential,90,12,2026-02-26T05:42:47.919635
13552,Unknown,United Kingdom,Recent Customers,13.8502,29.9221,1507.01,0.6367890070548783,Low Potential,90,12,2026-02-26T05:42:47.919635
13557,Unknown,United Kingdom,Potential Loyalists,8.8485,17.1782,552.73,0.6419495637552085,Low Potential,90,12,2026-02-26T05:42:47.919635
13558,Unknown,United Kingdom,Loyal Customers,32.2602,3.6412,427.15,0.63857690201788,Low Potential,90,12,2026-02-26T05:42:47.919635
13560,Unknown,United Kingdom,About to Sleep,1806.5793,5.3569,35191.51,0.6272844705605466,Medium Potential,90,12,2026-02-26T05:42:47.919635
13561,Unknown,United Kingdom,Need Attention,802.1497,10.1329,29556.74,0.636626719579975,Medium Potential,90,12,2026-02-26T05:42:47.919635
13562,Unknown,United Kingdom,Recent Customers,1374.9969,25.1362,125680.72,0.6365726329465102,High Potential,90,12,2026-02-26T05:42:47.919635
13564,Unknown,United Kingdom,Promising,2211.7036,13.4012,107779.94,0.6143621074320499,High Potential,90,12,2026-02-26T05:42:47.919635
13565,Unknown,United Kingdom,Need Attention,746.5639,8.4754,23008.83,0.6380887970590081,Medium Potential,90,12,2026-02-26T05:42:47.919635
13569,Unknown,United Kingdom,About to Sleep,1274.9751,4.7748,22137.28,0.6159300234875151,Medium Potential,90,12,2026-02-26T05:42:47.919635
13570,Unknown,United Kingdom,Recent Customers,1554.9092,8.87,50152.89,0.6398803414066186,High Potential,90,12,2026-02-26T05:42:47.919635
13571,Unknown,United Kingdom,Loyal Customers,46.1256,5.771,967.97,0.6368431120726507,Low Potential,90,12,2026-02-26T05:42:47.919635
13575,Unknown,United Kingdom,Need Attention,579.1799,14.741,31046.15,0.6435332078298328,Medium Potential,90,12,2026-02-26T05:42:47.919635
13576,Unknown,United Kingdom,Loyal Customers,5.2467,55.7548,1063.74,0.6402610121462423,Low Potential,90,12,2026-02-26T05:42:47.919635
13577,Unknown,United Kingdom,Loyal Customers,20.2857,17.7671,1310.61,0.6432052371202953,Low Potential,90,12,2026-02-26T05:42:47.919635
13579,Unknown,United Kingdom,At Risk,496.3244,18.3,33028.13,0.6127461204705137,Medium Potential,90,12,2026-02-26T05:42:47.919635
13581,Unknown,United Kingdom,At Risk,565.4201,11.8,24261.66,0.6282445180282595,Medium Potential,90,12,2026-02-26T05:42:47.919635
13583,Unknown,United Kingdom,Potential Loyalists,3029.2365,14.7364,162327.42,0.6350600713947008,High Potential,90,12,2026-02-26T05:42:47.919635
13584,Unknown,United Kingdom,Need Attention,1367.6568,5.9333,29508.07,0.6331744225171403,Medium Potential,90,12,2026-02-26T05:42:47.919635
13587,Unknown,United Kingdom,Promising,457.3598,89.05,148101.42,0.6352219595031147,High Potential,90,12,2026-02-26T05:42:47.919635
13588,Unknown,United Kingdom,Loyal Customers,13.783,14.2993,716.68,0.6419495637552085,Low Potential,90,12,2026-02-26T05:42:47.919635
13590,Unknown,United Kingdom,Potential Loyalists,15.079,20.5364,1126.07,0.6433692015763358,Low Potential,90,12,2026-02-26T05:42:47.919635
13591,Unknown,United Kingdom,Need Attention,1140.4889,17.045,70689.58,0.6336049337516346,High Potential,90,12,2026-02-26T05:42:47.919635
13592,Unknown,United Kingdom,Need Attention,2.9285,15.3767,163.75,0.6399347090807783,Low Potential,90,12,2026-02-26T05:42:47.919635
13593,Unknown,United Kingdom,Recent Customers,2227.9248,14.3551,116298.48,0.6347364189402819,High Potential,90,12,2026-02-26T05:42:47.919635
13596,Unknown,United Kingdom,Need Attention,1021.3076,15.8578,58893.42,0.6304367814562728,High Potential,90,12,2026-02-26T05:42:47.919635
13599,Unknown,United Kingdom,Champions,20.9075,18.9409,1440.02,0.6432052371202953,Low Potential,90,12,2026-02-26T05:42:47.919635
13601,Unknown,United Kingdom,Loyal Customers,2373.629,9.089,78450.6,0.6432598872954712,High Potential,90,12,2026-02-26T05:42:47.919635
13602,Unknown,United Kingdom,Promising,1311.5622,18.6474,88935.36,0.6336049337516346,High Potential,90,12,2026-02-26T05:42:47.919635
13606,Unknown,United Kingdom,Recent Customers,8.1735,6.9188,205.64,0.6402610121462423,Low Potential,90,12,2026-02-26T05:42:47.919635
13610,Unknown,United Kingdom,Recent Customers,17.5437,5.0054,319.32,0.6398803414066186,Low Potential,90,12,2026-02-26T05:42:47.919635
13611,Unknown,United Kingdom,Loyal Customers,2252.8601,12.7546,104488.47,0.641840490683726,High Potential,90,12,2026-02-26T05:42:47.919635
13614,Unknown,United Kingdom,Recent Customers,982.016,17.7735,63468.59,0.641840490683726,High Potential,90,12,2026-02-26T05:42:47.919635
13617,Unknown,United Kingdom,Promising,752.678,10.0854,27603.85,0.64331454211402,Medium Potential,90,12,2026-02-26T05:42:47.919635
13623,Unknown,United Kingdom,Recent Customers,7.5231,13.4224,367.19,0.6386311589448211,Low Potential,90,12,2026-02-26T05:42:47.919635
13626,Unknown,United Kingdom,About to Sleep,1069.1081,13.5384,52632.77,0.6252093976562161,High Potential,90,12,2026-02-26T05:42:47.919635
13627,Unknown,United Kingdom,Promising,404.3939,43.47,63923.65,0.641895024902707,High Potential,90,12,2026-02-26T05:42:47.919635
13629,Unknown,United Kingdom,Potential Loyalists,4.4574,189.6842,3074.54,0.6386311589448211,Medium Potential,90,12,2026-02-26T05:42:47.919635
13630,Unknown,United Kingdom,Potential Loyalists,22.2289,21.8822,1768.79,0.6366808108089309,Low Potential,90,12,2026-02-26T05:42:47.919635
13631,Unknown,United Kingdom,At Risk,56.2928,52.5,10746.81,0.6254750485541349,Medium Potential,90,12,2026-02-26T05:42:47.919635
13632,Unknown,United Kingdom,Recent Customers,2303.5692,6.481,54288.84,0.6398803414066186,High Potential,90,12,2026-02-26T05:42:47.919635
13634,Unknown,United Kingdom,Potential Loyalists,26.4976,6.9596,670.59,0.6415678890778506,Low Potential,90,12,2026-02-26T05:42:47.919635
13635,Unknown,United Kingdom,Recent Customers,3507.988,17.2747,220361.6,0.6286716772965468,High Potential,90,12,2026-02-26T05:42:47.919635
13636,Unknown,United Kingdom,Potential Loyalists,10.2362,14.938,556.03,0.6384684019923119,Low Potential,90,12,2026-02-26T05:42:47.919635
13637,Unknown,United Kingdom,Need Attention,1535.0884,9.3759,52337.58,0.6317236055340981,High Potential,90,12,2026-02-26T05:42:47.919635
13642,Unknown,United Kingdom,Recent Customers,3265.8951,5.4786,65063.76,0.636626719579975,High Potential,90,12,2026-02-26T05:42:47.919635
13643,Unknown,United Kingdom,Recent Customers,8.7711,18.5514,591.7,0.6369513358997455,Low Potential,90,12,2026-02-26T05:42:47.919635
13645,Unknown,United Kingdom,Promising,288.8037,50.42,52950.85,0.6417859610978717,High Potential,90,12,2026-02-26T05:42:47.919635
13649,Unknown,United Kingdom,About to Sleep,833.6984,13.1867,39977.2,0.6175544073129242,Medium Potential,90,12,2026-02-26T05:42:47.919635
13650,Unknown,United Kingdom,Loyal Customers,10.248,18.4321,686.88,0.6434785344338476,Low Potential,90,12,2026-02-26T05:42:47.919635
13651,Unknown,United Kingdom,At Risk,56.7345,15.0,3094.61,0.6303832207085496,Medium Potential,90,12,2026-02-26T05:42:47.919635
13652,Unknown,United Kingdom,About to Sleep,995.2666,17.1556,62088.71,0.6143621074320499,High Potential,90,12,2026-02-26T05:42:47.919635
13654,Unknown,United Kingdom,Loyal Customers,2771.5733,16.63,167604.6,0.6415678890778506,High Potential,90,12,2026-02-26T05:42:47.919635
13655,Unknown,United Kingdom,Recent Customers,1215.6579,18.269,80759.47,0.6432052371202953,High Potential,90,12,2026-02-26T05:42:47.919635
13656,Unknown,United Kingdom,Need Attention,1766.4066,5.2484,33712.03,0.6331206291844751,Medium Potential,90,12,2026-02-26T05:42:47.919635
13662,Unknown,United Kingdom,Promising,981.6823,16.9847,60631.2,0.6416224001351336,High Potential,90,12,2026-02-26T05:42:47.919635
13666,Unknown,United Kingdom,Need Attention,230.4744,5.15,4316.16,0.6402066167499753,Medium Potential,90,12,2026-02-26T05:42:47.919635
13668,Unknown,United Kingdom,Champions,30.3715,12.9572,1431.02,0.6415678890778506,Low Potential,90,12,2026-02-26T05:42:47.919635
13672,Unknown,United Kingdom,Need Attention,346.3878,31.065,39129.23,0.6414588808563683,Medium Potential,90,12,2026-02-26T05:42:47.919635
13673,Unknown,United Kingdom,Need Attention,1943.9444,5.7218,40446.77,0.6352759313761016,Medium Potential,90,12,2026-02-26T05:42:47.919635
13675,Unknown,United Kingdom,Need Attention,577.5583,17.838,37463.58,0.6417314361447506,Medium Potential,90,12,2026-02-26T05:42:47.919635
13678,Unknown,United Kingdom,Recent Customers,924.0933,14.5375,48850.93,0.6417314361447506,High Potential,90,12,2026-02-26T05:42:47.919635
13680,Unknown,United Kingdom,Loyal Customers,56.0373,23.2036,4728.24,0.6370054547098494,Medium Potential,90,12,2026-02-26T05:42:47.919635
13681,Unknown,United Kingdom,Recent Customers,12.8308,16.0933,750.87,0.6350600713947008,Low Potential,90,12,2026-02-26T05:42:47.919635
13682,Unknown,United Kingdom,At Risk,170.5654,19.8333,12301.36,0.6317236055340981,Medium Potential,90,12,2026-02-26T05:42:47.919635
13685,Unknown,United Kingdom,Loyal Customers,9.1579,104.9646,3495.47,0.6402066167499753,Medium Potential,90,12,2026-02-26T05:42:47.919635
13686,Unknown,United Kingdom,Need Attention,460.7921,9.0,15080.47,0.6399890813743078,Medium Potential,90,12,2026-02-26T05:42:47.919635
13689,Unknown,United Kingdom,Promising,343.0199,151.6667,189180.71,0.6352219595031147,High Potential,90,12,2026-02-26T05:42:47.919635
13690,Unknown,United Kingdom,Need Attention,519.935,19.1389,36185.4,0.641895024902707,Medium Potential,90,12,2026-02-26T05:42:47.919635
13692,Unknown,United Kingdom,Need Attention,57.5941,14.95,3131.02,0.6399347090807783,Medium Potential,90,12,2026-02-26T05:42:47.919635
13694,Unknown,United Kingdom,Champions,16.7032,108.9648,6618.4,0.6399347090807783,Medium Potential,90,12,2026-02-26T05:42:47.919635
13695,Unknown,United Kingdom,Champions,11.8884,27.814,1202.41,0.6434238656828135,Low Potential,90,12,2026-02-26T05:42:47.919635
13697,Unknown,United Kingdom,At Risk,675.6278,12.6083,30976.43,0.6255813405155674,Medium Potential,90,12,2026-02-26T05:42:47.919635
13699,Unknown,United Kingdom,Need Attention,800.1757,22.0414,64134.52,0.6350600713947008,High Potential,90,12,2026-02-26T05:42:47.919635
13700,Unknown,United Kingdom,Champions,41.561,8.4533,1277.55,0.6432052371202953,Low Potential,90,12,2026-02-26T05:42:47.919635
13704,Unknown,United Kingdom,Loyal Customers,9.3339,16.6803,566.15,0.6435332078298328,Low Potential,90,12,2026-02-26T05:42:47.919635
13705,Unknown,United Kingdom,Need Attention,2.4236,29.8424,263.0,0.6272844705605466,Low Potential,90,12,2026-02-26T05:42:47.919635
13706,Unknown,United Kingdom,Promising,1151.5889,16.5395,69260.74,0.6397716199148393,High Potential,90,12,2026-02-26T05:42:47.919635
13709,Unknown,United Kingdom,Loyal Customers,103.6427,17.8672,6733.84,0.6337126072892719,Medium Potential,90,12,2026-02-26T05:42:47.919635
13710,Unknown,United Kingdom,About to Sleep,458.605,22.56,37622.29,0.6369513358997455,Medium Potential,90,12,2026-02-26T05:42:47.919635
13711,Unknown,United Kingdom,Need Attention,625.3532,18.96,43115.26,0.6316699354601715,High Potential,90,12,2026-02-26T05:42:47.919635
13712,Unknown,United Kingdom,About to Sleep,571.4084,22.884,47549.49,0.6348982245439281,High Potential,90,12,2026-02-26T05:42:47.919635
13715,Unknown,United Kingdom,Potential Loyalists,13.2135,10.412,500.29,0.6314553007576973,Low Potential,90,12,2026-02-26T05:42:47.919635
13717,Unknown,United Kingdom,Recent Customers,13.2646,13.4224,647.43,0.6352759313761016,Low Potential,90,12,2026-02-26T05:42:47.919635
13718,Unknown,United Kingdom,At Risk,285.7042,38.5,39998.59,0.6348982245439281,Medium Potential,90,12,2026-02-26T05:42:47.919635
13719,Unknown,United Kingdom,Need Attention,1140.5858,16.5395,68598.98,0.6336587682334197,High Potential,90,12,2026-02-26T05:42:47.919635
13721,Unknown,United Kingdom,Need Attention,1584.3872,18.7193,107849.52,0.6287250926223397,High Potential,90,12,2026-02-26T05:42:47.919635
13722,Unknown,United Kingdom,Recent Customers,2594.9727,31.8146,300210.98,0.6268049971255752,High Potential,90,12,2026-02-26T05:42:47.919635
13723,Unknown,United Kingdom,About to Sleep,342.0013,33.3083,41423.57,0.6333358299401141,High Potential,90,12,2026-02-26T05:42:47.919635
13725,Unknown,United Kingdom,Recent Customers,35.1576,20.8684,2667.94,0.6347903495591322,Medium Potential,90,12,2026-02-26T05:42:47.919635
13726,Unknown,United Kingdom,Need Attention,1069.7441,41.42,161122.91,0.6255813405155674,High Potential,90,12,2026-02-26T05:42:47.919635
13727,Unknown,United Kingdom,Recent Customers,7.5523,16.674,457.92,0.6419495637552085,Low Potential,90,12,2026-02-26T05:42:47.919635
13728,Unknown,United Kingdom,Need Attention,33.6453,17.1682,2100.47,0.6287250926223397,Medium Potential,90,12,2026-02-26T05:42:47.919635
13730,Unknown,United Kingdom,Need Attention,1238.2302,13.9432,62781.42,0.6253687746526738,High Potential,90,12,2026-02-26T05:42:47.919635
13731,Unknown,United Kingdom,Promising,24.1261,16.0682,1409.68,0.6348982245439281,Low Potential,90,12,2026-02-26T05:42:47.919635
13732,Unknown,United Kingdom,Potential Loyalists,1906.5902,14.9048,103335.8,0.6419495637552085,High Potential,90,12,2026-02-26T05:42:47.919635
13736,Unknown,United Kingdom,Recent Customers,6354.8028,3.3135,76569.6,0.6304367814562728,High Potential,90,12,2026-02-26T05:42:47.919635
13741,Unknown,United Kingdom,Promising,12.3554,18.1565,815.75,0.6383599204018852,Low Potential,90,12,2026-02-26T05:42:47.919635
13742,Unknown,United Kingdom,Loyal Customers,14.8275,19.8931,1072.6,0.641840490683726,Low Potential,90,12,2026-02-26T05:42:47.919635
13743,Unknown,United Kingdom,Loyal Customers,7.7424,36.6672,1032.34,0.6434785344338476,Low Potential,90,12,2026-02-26T05:42:47.919635
13744,Unknown,United Kingdom,Need Attention,1080.5227,13.8526,54429.27,0.6318846431180163,High Potential,90,12,2026-02-26T05:42:47.919635
13747,Unknown,United Kingdom,At Risk,54.5878,79.6,15800.69,0.6065306597126334,Medium Potential,90,12,2026-02-26T05:42:47.919635
13748,Unknown,United Kingdom,Recent Customers,2.549,33.3667,309.28,0.6348982245439281,Low Potential,90,12,2026-02-26T05:42:47.919635
13750,Unknown,United Kingdom,About to Sleep,57.1263,325.44,67604.3,0.6347364189402819,High Potential,90,12,2026-02-26T05:42:47.919635
13752,Unknown,United Kingdom,Potential Loyalists,45.5933,17.5278,2906.0,0.6383056865188711,Medium Potential,90,12,2026-02-26T05:42:47.919635
13754,Unknown,United Kingdom,Need Attention,231.0233,31.65,26588.68,0.6417314361447506,Medium Potential,90,12,2026-02-26T05:42:47.919635
13755,Unknown,United Kingdom,Loyal Customers,39.3838,5.7806,827.86,0.6352219595031147,Low Potential,90,12,2026-02-26T05:42:47.919635
13756,Unknown,United Kingdom,Champions,9.6242,37.3966,1308.77,0.6402066167499753,Low Potential,90,12,2026-02-26T05:42:47.919635
13758,Unknown,United Kingdom,Loyal Customers,5.6755,30.2436,624.17,0.6380887970590081,Low Potential,90,12,2026-02-26T05:42:47.919635
13759,Unknown,United Kingdom,At Risk,57.0293,99.0,20530.55,0.6336587682334197,Medium Potential,90,12,2026-02-26T05:42:47.919635
13762,Unknown,United Kingdom,About to Sleep,397.9521,43.8171,63407.66,0.6316699354601715,High Potential,90,12,2026-02-26T05:42:47.919635
13763,Unknown,United Kingdom,Recent Customers,857.5496,114.3307,356524.53,0.6352219595031147,High Potential,90,12,2026-02-26T05:42:47.919635
13764,Unknown,United Kingdom,Recent Customers,3931.6791,7.2448,103579.01,0.6331206291844751,High Potential,90,12,2026-02-26T05:42:47.919635
13767,Unknown,United Kingdom,Champions,14.9608,47.8141,2601.23,0.6417314361447506,Medium Potential,90,12,2026-02-26T05:42:47.919635
13769,Unknown,United Kingdom,Loyal Customers,10.0525,22.5784,825.34,0.6384684019923119,Low Potential,90,12,2026-02-26T05:42:47.919635
13771,Unknown,United Kingdom,Loyal Customers,931.3993,20.8286,70544.52,0.6336049337516346,High Potential,90,12,2026-02-26T05:42:47.919635
13772,Unknown,United Kingdom,Potential Loyalists,114.0586,6.8652,2847.4,0.6336587682334197,Medium Potential,90,12,2026-02-26T05:42:47.919635
13777,Unknown,United Kingdom,Champions,7.3743,118.7365,3183.99,0.6386854204817225,Medium Potential,90,12,2026-02-26T05:42:47.919635
13780,Unknown,United Kingdom,Need Attention,2709.8689,5.0777,50036.0,0.6272844705605466,High Potential,90,12,2026-02-26T05:42:47.919635
13781,Unknown,United Kingdom,At Risk,961.3775,7.52,26289.3,0.6283512806277186,Medium Potential,90,12,2026-02-26T05:42:47.919635
13782,Unknown,United Kingdom,Promising,12.359,8.3125,373.58,0.6351140295128037,Low Potential,90,12,2026-02-26T05:42:47.919635
13784,Unknown,United Kingdom,Recent Customers,3.2388,66.0865,778.33,0.641404383691382,Low Potential,90,12,2026-02-26T05:42:47.919635
13786,Unknown,United Kingdom,At Risk,388.0359,32.9143,46443.38,0.6159300234875151,High Potential,90,12,2026-02-26T05:42:47.919635
13787,Unknown,United Kingdom,At Risk,391.0809,15.2,21616.11,0.6207632947704186,Medium Potential,90,12,2026-02-26T05:42:47.919635
13790,Unknown,United Kingdom,Promising,2559.7852,7.7511,72149.64,0.6320457217532791,High Potential,90,12,2026-02-26T05:42:47.919635
13791,Unknown,United Kingdom,Need Attention,226.8801,144.75,119421.43,0.6302225657663681,High Potential,90,12,2026-02-26T05:42:47.919635
13792,Unknown,United Kingdom,At Risk,510.567,13.4389,24950.76,0.6303296645112487,Medium Potential,90,12,2026-02-26T05:42:47.919635
13798,Unknown,United Kingdom,Champions,17.0691,108.024,6704.99,0.6434785344338476,Medium Potential,90,12,2026-02-26T05:42:47.919635
13800,Unknown,United Kingdom,Need Attention,1865.8862,16.9188,114794.75,0.6282445180282595,High Potential,90,12,2026-02-26T05:42:47.919635
13801,Unknown,United Kingdom,Need Attention,1304.7824,14.1217,67002.71,0.6303296645112487,High Potential,90,12,2026-02-26T05:42:47.919635
13802,Unknown,United Kingdom,Need Attention,1125.1857,48.487,198388.65,0.6251031688912595,High Potential,90,12,2026-02-26T05:42:47.919635
13804,Unknown,United Kingdom,Loyal Customers,15.5744,20.1155,1139.22,0.6386311589448211,Low Potential,90,12,2026-02-26T05:42:47.919635
13805,Unknown,United Kingdom,About to Sleep,338.6185,83.3733,102660.88,0.6270713259922407,High Potential,90,12,2026-02-26T05:42:47.919635
13806,Unknown,United Kingdom,Need Attention,571.6998,25.638,53299.05,0.6352219595031147,High Potential,90,12,2026-02-26T05:42:47.919635
13807,Unknown,United Kingdom,At Risk,388.0359,16.0857,22697.56,0.6159300234875151,Medium Potential,90,12,2026-02-26T05:42:47.919635
13808,Unknown,United Kingdom,Loyal Customers,41.4604,24.1145,3635.62,0.6351679922154785,Medium Potential,90,12,2026-02-26T05:42:47.919635
13809,Unknown,Cyprus,About to Sleep,628.4424,12.7545,29147.16,0.6347903495591322,Medium Potential,90,12,2026-02-26T05:42:47.919635
13810,Unknown,Germany,Recent Customers,808.8565,17.5721,51684.75,0.6419495637552085,High Potential,90,12,2026-02-26T05:42:47.919635
13811,Unknown,Germany,Need Attention,344.7144,55.5,69569.63,0.6383599204018852,High Potential,90,12,2026-02-26T05:42:47.919635
13812,Unknown,Germany,At Risk,456.1956,17.485,29005.75,0.6336049337516346,Medium Potential,90,12,2026-02-26T05:42:47.919635
13813,Unknown,Germany,Recent Customers,866.4847,19.4827,61387.13,0.641840490683726,High Potential,90,12,2026-02-26T05:42:47.919635
13814,Unknown,Germany,Recent Customers,1490.2129,36.9838,200413.58,0.6368431120726507,High Potential,90,12,2026-02-26T05:42:47.919635
13816,Unknown,Germany,Need Attention,969.4155,21.8641,77074.17,0.6336049337516346,High Potential,90,12,2026-02-26T05:42:47.919635
13817,Unknown,Germany,Promising,864.3524,16.952,53281.83,0.6402610121462423,High Potential,90,12,2026-02-26T05:42:47.919635
13819,Unknown,United Kingdom,Potential Loyalists,5.4197,31.8283,627.27,0.6414588808563683,Low Potential,90,12,2026-02-26T05:42:47.919635
13822,Unknown,United Kingdom,At Risk,283.6966,32.724,33758.86,0.6304367814562728,Medium Potential,90,12,2026-02-26T05:42:47.919635
13823,Unknown,United Kingdom,Potential Loyalists,1494.143,25.0162,135919.2,0.6385226497005074,High Potential,90,12,2026-02-26T05:42:47.919635
13824,Unknown,United Kingdom,Loyal Customers,6.6429,39.1794,946.42,0.6432052371202953,Low Potential,90,12,2026-02-26T05:42:47.919635
13831,Unknown,United Kingdom,Need Attention,0.794,143.86,415.36,0.6316699354601715,Low Potential,90,12,2026-02-26T05:42:47.919635
13833,Unknown,United Kingdom,Need Attention,1583.8489,13.7089,78955.73,0.6285114585460324,High Potential,90,12,2026-02-26T05:42:47.919635
13835,Unknown,United Kingdom,Recent Customers,67.1751,15.8041,3860.52,0.636626719579975,Medium Potential,90,12,2026-02-26T05:42:47.919635
13837,Unknown,United Kingdom,Need Attention,578.9339,15.754,33165.54,0.6432598872954712,Medium Potential,90,12,2026-02-26T05:42:47.919635
13838,Unknown,United Kingdom,Recent Customers,15.7515,4.4901,257.18,0.6304367814562728,Low Potential,90,12,2026-02-26T05:42:47.919635
13841,Unknown,United Kingdom,At Risk,56.2688,85.0,17392.17,0.6252093976562161,Medium Potential,90,12,2026-02-26T05:42:47.919635
13842,Unknown,United Kingdom,Champions,15.1662,16.8275,928.03,0.6435332078298328,Low Potential,90,12,2026-02-26T05:42:47.919635
13845,Unknown,United Kingdom,About to Sleep,513.22,34.7756,64900.12,0.6336049337516346,High Potential,90,12,2026-02-26T05:42:47.919635
13846,Unknown,United Kingdom,Promising,866.1167,16.8353,53023.03,0.6415678890778506,High Potential,90,12,2026-02-26T05:42:47.919635
13848,Unknown,United Kingdom,Promising,0.3167,320.0,368.52,0.6368431120726507,Low Potential,90,12,2026-02-26T05:42:47.919635
13850,Unknown,United Kingdom,Potential Loyalists,5248.587,17.1557,327429.76,0.6270713259922407,High Potential,90,12,2026-02-26T05:42:47.919635
13851,Unknown,United Kingdom,Potential Loyalists,58.7041,37.5803,8022.25,0.6318846431180163,Medium Potential,90,12,2026-02-26T05:42:47.919635
13854,Unknown,United Kingdom,Champions,5.8808,80.3667,1718.62,0.6434785344338476,Low Potential,90,12,2026-02-26T05:42:47.919635
13856,Unknown,United Kingdom,About to Sleep,172.3572,41.5333,26031.14,0.6383599204018852,Medium Potential,90,12,2026-02-26T05:42:47.919635
13860,Unknown,United Kingdom,Need Attention,1146.6098,15.9725,66597.18,0.6370054547098494,High Potential,90,12,2026-02-26T05:42:47.919635
13862,Unknown,United Kingdom,Loyal Customers,20.3171,16.2883,1203.39,0.641404383691382,Low Potential,90,12,2026-02-26T05:42:47.919635
13863,Unknown,United Kingdom,Need Attention,1139.9076,15.289,63374.72,0.6332820228945715,High Potential,90,12,2026-02-26T05:42:47.919635
13865,Unknown,United Kingdom,Recent Customers,5.2653,16.32,312.47,0.6435332078298328,Low Potential,90,12,2026-02-26T05:42:47.919635
13867,Unknown,United Kingdom,Recent Customers,17.5487,17.65,1126.31,0.6369513358997455,Low Potential,90,12,2026-02-26T05:42:47.919635
13868,Unknown,United Kingdom,Recent Customers,58.2198,96.7436,20481.43,0.6272844705605466,Medium Potential,90,12,2026-02-26T05:42:47.919635
13869,Unknown,United Kingdom,Loyal Customers,9341.6947,9.2053,312702.19,0.6367890070548783,High Potential,90,12,2026-02-26T05:42:47.919635
13870,Unknown,United Kingdom,About to Sleep,228.7188,38.1875,31760.72,0.6353299078348292,Medium Potential,90,12,2026-02-26T05:42:47.919635
13871,Unknown,United Kingdom,Champions,24.0978,18.0779,1584.14,0.6398259783514365,Low Potential,90,12,2026-02-26T05:42:47.919635
13873,Unknown,United Kingdom,Potential Loyalists,4.7398,16.9391,291.96,0.6434238656828135,Low Potential,90,12,2026-02-26T05:42:47.919635
13875,Unknown,United Kingdom,Loyal Customers,30.1777,15.7576,1729.19,0.6414588808563683,Low Potential,90,12,2026-02-26T05:42:47.919635
13876,Unknown,United Kingdom,About to Sleep,400.1898,17.5286,25508.24,0.6352219595031147,Medium Potential,90,12,2026-02-26T05:42:47.919635
13880,Unknown,United Kingdom,Recent Customers,7.4505,19.4823,527.83,0.6333896415573925,Low Potential,90,12,2026-02-26T05:42:47.919635
13881,Unknown,United Kingdom,Champions,18.3036,97.0596,6460.15,0.6415678890778506,Medium Potential,90,12,2026-02-26T05:42:47.919635
13882,Unknown,United Kingdom,Recent Customers,17.3048,15.5479,978.38,0.6386311589448211,Low Potential,90,12,2026-02-26T05:42:47.919635
13883,Unknown,United Kingdom,Recent Customers,2728.8141,15.8827,157603.4,0.6316699354601715,High Potential,90,12,2026-02-26T05:42:47.919635
13884,Unknown,United Kingdom,Loyal Customers,10.8078,13.5543,532.7,0.641840490683726,Low Potential,90,12,2026-02-26T05:42:47.919635
13885,Unknown,United Kingdom,At Risk,282.8061,21.53,22141.15,0.6284580613701972,Medium Potential,90,12,2026-02-26T05:42:47.919635
13888,Unknown,United Kingdom,Loyal Customers,10.4075,15.2736,578.04,0.6434238656828135,Low Potential,90,12,2026-02-26T05:42:47.919635
13889,Unknown,United Kingdom,Promising,859.7382,27.7933,86890.77,0.6368431120726507,High Potential,90,12,2026-02-26T05:42:47.919635
13890,Unknown,United Kingdom,Potential Loyalists,14.3326,16.9491,883.36,0.6370054547098494,Low Potential,90,12,2026-02-26T05:42:47.919635
13892,Unknown,United Kingdom,Promising,57.1408,16.4888,3426.12,0.6348982245439281,Medium Potential,90,12,2026-02-26T05:42:47.919635
13894,Unknown,United Kingdom,At Risk,564.0766,16.085,32993.35,0.6267517449275591,Medium Potential,90,12,2026-02-26T05:42:47.919635
13895,Unknown,United Kingdom,Champions,19.6168,22.6818,1617.98,0.6419495637552085,Low Potential,90,12,2026-02-26T05:42:47.919635
13899,Unknown,United Kingdom,Promising,863.7651,19.9,62505.18,0.6398259783514365,High Potential,90,12,2026-02-26T05:42:47.919635
13900,Unknown,United Kingdom,About to Sleep,57.4524,8.5,1775.8,0.6383599204018852,Low Potential,90,12,2026-02-26T05:42:47.919635
13901,Unknown,United Kingdom,Potential Loyalists,4367.0713,20.2739,321954.79,0.6301690232180153,High Potential,90,12,2026-02-26T05:42:47.919635
13904,Unknown,United Kingdom,At Risk,508.0573,14.6133,26997.8,0.6272311776273506,Medium Potential,90,12,2026-02-26T05:42:47.919635
13908,Unknown,United Kingdom,Loyal Customers,36.3834,19.2317,2544.42,0.6383056865188711,Medium Potential,90,12,2026-02-26T05:42:47.919635
13911,Unknown,United Kingdom,Potential Loyalists,26.1272,15.2188,1445.91,0.636626719579975,Low Potential,90,12,2026-02-26T05:42:47.919635
13914,Unknown,United Kingdom,About to Sleep,905.3641,20.0669,66064.91,0.6287250926223397,High Potential,90,12,2026-02-26T05:42:47.919635
13917,Unknown,United Kingdom,At Risk,281.392,13.076,13379.93,0.6253156444734737,Medium Potential,90,12,2026-02-26T05:42:47.919635
13919,Unknown,Denmark,Potential Loyalists,49.0174,13.7432,2449.66,0.641895024902707,Medium Potential,90,12,2026-02-26T05:42:47.919635
13924,Unknown,United Kingdom,Recent Customers,2121.2282,12.8305,98968.79,0.6370054547098494,High Potential,90,12,2026-02-26T05:42:47.919635
13925,Unknown,United Kingdom,Promising,15.3623,18.6331,1040.9,0.6400978398210466,Low Potential,90,12,2026-02-26T05:42:47.919635
13928,Unknown,United Kingdom,About to Sleep,458.605,16.4025,27353.7,0.6369513358997455,Medium Potential,90,12,2026-02-26T05:42:47.919635
13931,Unknown,United Kingdom,Recent Customers,91.6233,21.3367,7108.87,0.6318846431180163,Medium Potential,90,12,2026-02-26T05:42:47.919635
13938,Unknown,United Kingdom,At Risk,397.1414,10.2371,14783.91,0.6303832207085496,Medium Potential,90,12,2026-02-26T05:42:47.919635
13939,Unknown,United Kingdom,At Risk,675.1114,15.375,37744.86,0.6251031688912595,Medium Potential,90,12,2026-02-26T05:42:47.919635
13940,Unknown,United Kingdom,Need Attention,798.3422,16.0886,46706.21,0.6336049337516346,High Potential,90,12,2026-02-26T05:42:47.919635
13941,Unknown,United Kingdom,Loyal Customers,1.7284,111.7453,702.33,0.641840490683726,Low Potential,90,12,2026-02-26T05:42:47.919635
13947,Unknown,United Kingdom,At Risk,284.3722,18.12,18737.54,0.63193833143466,Medium Potential,90,12,2026-02-26T05:42:47.919635
13949,Unknown,United Kingdom,Loyal Customers,90.7614,13.5904,4485.4,0.6353299078348292,Medium Potential,90,12,2026-02-26T05:42:47.919635
13950,Unknown,United Kingdom,At Risk,399.9859,25.6157,37257.89,0.6348982245439281,Medium Potential,90,12,2026-02-26T05:42:47.919635
13952,Unknown,United Kingdom,Recent Customers,2508.0099,27.4616,250450.78,0.6333358299401141,High Potential,90,12,2026-02-26T05:42:47.919635
13953,Unknown,United Kingdom,Recent Customers,1.9771,113.915,818.99,0.6398259783514365,Low Potential,90,12,2026-02-26T05:42:47.919635
13954,Unknown,United Kingdom,Need Attention,687.9659,17.7092,44303.0,0.6370054547098494,High Potential,90,12,2026-02-26T05:42:47.919635
13955,Unknown,United Kingdom,Promising,52.5306,9.7867,1869.46,0.6367349066337685,Medium Potential,90,12,2026-02-26T05:42:47.919635
13956,Unknown,United Kingdom,Recent Customers,16.7831,5.9892,365.52,0.6398803414066186,Low Potential,90,12,2026-02-26T05:42:47.919635
13959,Unknown,United Kingdom,Need Attention,23.7357,9.9247,856.62,0.6282978970603043,Low Potential,90,12,2026-02-26T05:42:47.919635
13962,Unknown,United Kingdom,About to Sleep,401.0408,16.8,24499.95,0.6365726329465102,Medium Potential,90,12,2026-02-26T05:42:47.919635
13963,Unknown,United Kingdom,Need Attention,6.2274,18.9262,428.59,0.6299013787016665,Low Potential,90,12,2026-02-26T05:42:47.919635
13969,Unknown,United Kingdom,Champions,36.1066,15.0487,1975.85,0.641895024902707,Medium Potential,90,12,2026-02-26T05:42:47.919635
13971,Unknown,United Kingdom,Loyal Customers,35.0125,17.584,2238.76,0.641895024902707,Medium Potential,90,12,2026-02-26T05:42:47.919635
13975,Unknown,United Kingdom,Loyal Customers,114.2838,7.2021,2993.03,0.6369513358997455,Medium Potential,90,12,2026-02-26T05:42:47.919635
13980,Unknown,United Kingdom,Promising,633.8046,18.1945,41933.66,0.6402066167499753,High Potential,90,12,2026-02-26T05:42:47.919635
13982,Unknown,United Kingdom,Need Attention,1281.709,18.6348,86852.33,0.6191830751035756,High Potential,90,12,2026-02-26T05:42:47.919635
13983,Unknown,United Kingdom,Champions,5.3738,28.4307,555.57,0.6435332078298328,Low Potential,90,12,2026-02-26T05:42:47.919635
13984,Unknown,United Kingdom,Need Attention,1.6911,86.1725,529.91,0.6318309593626331,Low Potential,90,12,2026-02-26T05:42:47.919635
13985,Unknown,United Kingdom,Champions,39.5537,18.9351,2723.47,0.6435332078298328,Medium Potential,90,12,2026-02-26T05:42:47.919635
13989,Unknown,United Kingdom,Need Attention,1023.7401,20.5228,76400.05,0.63193833143466,High Potential,90,12,2026-02-26T05:42:47.919635
13990,Unknown,United Kingdom,Promising,921.506,19.4562,65196.38,0.6399347090807783,High Potential,90,12,2026-02-26T05:42:47.919635
13992,Unknown,United Kingdom,Need Attention,287.384,15.36,16051.7,0.6386311589448211,Medium Potential,90,12,2026-02-26T05:42:47.919635
13993,Unknown,United Kingdom,Potential Loyalists,7.9808,40.2524,1168.17,0.641840490683726,Low Potential,90,12,2026-02-26T05:42:47.919635
13994,Unknown,United Kingdom,Recent Customers,41.8655,12.4719,1898.7,0.6337126072892719,Medium Potential,90,12,2026-02-26T05:42:47.919635
13995,Unknown,United Kingdom,Need Attention,973.9561,18.2618,64677.06,0.6365726329465102,High Potential,90,12,2026-02-26T05:42:47.919635
13999,Unknown,United Kingdom,Champions,28.5771,17.2453,1792.08,0.6419495637552085,Low Potential,90,12,2026-02-26T05:42:47.919635
14000,Unknown,United Kingdom,Recent Customers,868.4008,42.3773,133819.93,0.6432598872954712,High Potential,90,12,2026-02-26T05:42:47.919635
14001,Unknown,United Kingdom,At Risk,491.2898,33.4711,59796.4,0.6065306597126334,High Potential,90,12,2026-02-26T05:42:47.919635
14002,Unknown,United Kingdom,Need Attention,798.1388,16.0564,46600.86,0.6334434577467953,High Potential,90,12,2026-02-26T05:42:47.919635
14004,Unknown,United Kingdom,Recent Customers,33.2497,28.1471,3403.21,0.6302225657663681,Medium Potential,90,12,2026-02-26T05:42:47.919635
14005,Unknown,United Kingdom,Need Attention,802.1497,13.3686,38994.98,0.636626719579975,Medium Potential,90,12,2026-02-26T05:42:47.919635
14006,Unknown,United Kingdom,Recent Customers,752.5501,27.5115,75286.48,0.6432052371202953,High Potential,90,12,2026-02-26T05:42:47.919635
14012,Unknown,United Kingdom,Need Attention,628.4958,29.8909,68313.84,0.6348442847602177,High Potential,90,12,2026-02-26T05:42:47.919635
14013,Unknown,United Kingdom,About to Sleep,459.502,14.8125,24750.45,0.6381972325752837,Medium Potential,90,12,2026-02-26T05:42:47.919635
14016,Unknown,EIRE,Recent Customers,2532.7435,21.7018,199873.07,0.6253687746526738,High Potential,90,12,2026-02-26T05:42:47.919635
14019,Unknown,United Kingdom,Need Attention,959.5006,24.4847,85429.4,0.6271246053435824,High Potential,90,12,2026-02-26T05:42:47.919635
14020,Unknown,United Kingdom,Recent Customers,1042.4352,18.3967,69735.88,0.6434785344338476,High Potential,90,12,2026-02-26T05:42:47.919635
14021,Unknown,United Kingdom,Recent Customers,7.2846,22.7895,603.68,0.6432598872954712,Low Potential,90,12,2026-02-26T05:42:47.919635
14023,Unknown,United Kingdom,Need Attention,87.655,18.841,6005.48,0.6283512806277186,Medium Potential,90,12,2026-02-26T05:42:47.919635
14024,Unknown,United Kingdom,Promising,10.0189,20.4812,746.18,0.6400978398210466,Low Potential,90,12,2026-02-26T05:42:47.919635
14027,Unknown,United Kingdom,Need Attention,345.7116,17.47,21962.12,0.6402066167499753,Medium Potential,90,12,2026-02-26T05:42:47.919635
14029,Unknown,United Kingdom,Need Attention,514.5298,33.6067,62878.72,0.6352219595031147,High Potential,90,12,2026-02-26T05:42:47.919635
14030,Unknown,United Kingdom,Champions,23.4116,9.8416,837.85,0.641840490683726,Low Potential,90,12,2026-02-26T05:42:47.919635
14031,Unknown,United Kingdom,Loyal Customers,9.3766,78.6368,2681.26,0.6331206291844751,Medium Potential,90,12,2026-02-26T05:42:47.919635
14032,Unknown,United Kingdom,Loyal Customers,6.6469,21.8669,528.53,0.6432052371202953,Low Potential,90,12,2026-02-26T05:42:47.919635
14034,Unknown,United Kingdom,Promising,1307.779,19.79,94112.53,0.631777280168123,High Potential,90,12,2026-02-26T05:42:47.919635
14035,Unknown,United Kingdom,Recent Customers,693.3055,25.0267,63095.09,0.6419495637552085,High Potential,90,12,2026-02-26T05:42:47.919635
14037,Unknown,United Kingdom,About to Sleep,1452.5861,4.3,22713.16,0.6207632947704186,Medium Potential,90,12,2026-02-26T05:42:47.919635
14039,Unknown,United Kingdom,At Risk,342.1757,25.3667,31563.16,0.6336587682334197,Medium Potential,90,12,2026-02-26T05:42:47.919635
14040,Unknown,United Kingdom,Champions,41.3384,16.4286,2469.57,0.643041314451059,Medium Potential,90,12,2026-02-26T05:42:47.919635
14044,Unknown,United Kingdom,Need Attention,3053.2684,3.1563,35043.75,0.6282445180282595,Medium Potential,90,12,2026-02-26T05:42:47.919635
14045,Unknown,United Kingdom,Need Attention,0.5642,250.35,513.63,0.6331206291844751,Low Potential,90,12,2026-02-26T05:42:47.919635
14047,Unknown,United Kingdom,Recent Customers,2.7203,26.9738,266.82,0.6347364189402819,Low Potential,90,12,2026-02-26T05:42:47.919635
14048,Unknown,United Kingdom,Recent Customers,4741.8839,4.8781,84114.12,0.6347903495591322,High Potential,90,12,2026-02-26T05:42:47.919635
14049,Unknown,United Kingdom,Need Attention,1304.4499,9.8665,46801.29,0.6301690232180153,High Potential,90,12,2026-02-26T05:42:47.919635
14050,Unknown,United Kingdom,Need Attention,974.5355,15.3165,54278.08,0.6369513358997455,High Potential,90,12,2026-02-26T05:42:47.919635
14051,Unknown,United Kingdom,Champions,12.8238,68.6492,3201.25,0.641895024902707,Medium Potential,90,12,2026-02-26T05:42:47.919635
14053,Unknown,United Kingdom,Need Attention,1.3942,82.5833,418.68,0.6351140295128037,Low Potential,90,12,2026-02-26T05:42:47.919635
14054,Unknown,United Kingdom,At Risk,341.2467,15.41,19122.22,0.63193833143466,Medium Potential,90,12,2026-02-26T05:42:47.919635
14056,Unknown,United Kingdom,Champions,121.4575,7.6999,3400.77,0.6416224001351336,Medium Potential,90,12,2026-02-26T05:42:47.919635
14057,Unknown,United Kingdom,Loyal Customers,13.3482,20.0026,970.9,0.641840490683726,Low Potential,90,12,2026-02-26T05:42:47.919635
14060,Unknown,United Kingdom,Loyal Customers,5.8927,32.297,692.06,0.6397172660964349,Low Potential,90,12,2026-02-26T05:42:47.919635
14062,Unknown,United Kingdom,Loyal Customers,4.8466,70.1964,1237.14,0.6385226497005074,Low Potential,90,12,2026-02-26T05:42:47.919635
14064,Unknown,United Kingdom,Loyal Customers,34.9198,17.7313,2251.54,0.6432598872954712,Medium Potential,90,12,2026-02-26T05:42:47.919635
14067,Unknown,United Kingdom,Recent Customers,32.3135,7.2058,846.71,0.6352219595031147,Low Potential,90,12,2026-02-26T05:42:47.919635
14071,Unknown,United Kingdom,Recent Customers,112.7404,2.5872,1060.66,0.6369513358997455,Low Potential,90,12,2026-02-26T05:42:47.919635
14073,Unknown,United Kingdom,Need Attention,743.2728,11.6185,31402.6,0.6352759313761016,Medium Potential,90,12,2026-02-26T05:42:47.919635
14075,Unknown,United Kingdom,About to Sleep,455.0729,39.5975,65526.36,0.6320457217532791,High Potential,90,12,2026-02-26T05:42:47.919635
14076,Unknown,United Kingdom,Need Attention,2426.766,2.6726,23584.64,0.6270713259922407,Medium Potential,90,12,2026-02-26T05:42:47.919635
14077,Unknown,United Kingdom,Recent Customers,537.5908,8.1393,15911.32,0.6399890813743078,Medium Potential,90,12,2026-02-26T05:42:47.919635
14078,Unknown,United Kingdom,Recent Customers,3.1946,14.0417,163.12,0.6399347090807783,Low Potential,90,12,2026-02-26T05:42:47.919635
14079,Unknown,United Kingdom,Promising,685.9232,31.2583,77966.52,0.6351140295128037,High Potential,90,12,2026-02-26T05:42:47.919635
14080,Unknown,United Kingdom,About to Sleep,228.6993,11.4,9480.63,0.6352759313761016,Medium Potential,90,12,2026-02-26T05:42:47.919635
14081,Unknown,United Kingdom,Loyal Customers,16.4351,6.1881,369.83,0.6397716199148393,Low Potential,90,12,2026-02-26T05:42:47.919635
14082,Unknown,United Kingdom,About to Sleep,1564.3235,6.3,35837.23,0.6207632947704186,Medium Potential,90,12,2026-02-26T05:42:47.919635
14083,Unknown,United Kingdom,Loyal Customers,13.7376,5.5648,277.99,0.6415133826517266,Low Potential,90,12,2026-02-26T05:42:47.919635
14085,Unknown,United Kingdom,Loyal Customers,16.1544,10.6048,622.96,0.6381972325752837,Low Potential,90,12,2026-02-26T05:42:47.919635
14087,Unknown,United Kingdom,Promising,3487.9612,2.8492,36137.81,0.6353299078348292,Medium Potential,90,12,2026-02-26T05:42:47.919635
14088,Unknown,United Kingdom,Potential Loyalists,273.4257,88.1218,87617.33,0.6285648602587788,High Potential,90,12,2026-02-26T05:42:47.919635
14092,Unknown,United Kingdom,Recent Customers,48.0934,19.8676,3474.55,0.6286716772965468,Medium Potential,90,12,2026-02-26T05:42:47.919635
14096,Unknown,United Kingdom,Champions,373.1357,12.4646,16912.68,0.6402610121462423,Medium Potential,90,12,2026-02-26T05:42:47.919635
14098,Unknown,United Kingdom,At Risk,1188.2904,7.0167,30319.55,0.6287250926223397,Medium Potential,90,12,2026-02-26T05:42:47.919635
14099,Unknown,United Kingdom,Champions,29.0348,12.8344,1355.07,0.6417859610978717,Low Potential,90,12,2026-02-26T05:42:47.919635
14102,Unknown,United Kingdom,Promising,20.8044,18.3182,1385.82,0.6304367814562728,Low Potential,90,12,2026-02-26T05:42:47.919635
14104,Unknown,United Kingdom,About to Sleep,114.6123,52.475,21870.11,0.6367349066337685,Medium Potential,90,12,2026-02-26T05:42:47.919635
14107,Unknown,United Kingdom,Potential Loyalists,17.1125,23.8546,1484.41,0.6302761128639838,Low Potential,90,12,2026-02-26T05:42:47.919635
14108,Unknown,United Kingdom,Promising,1034.5825,17.0322,64077.15,0.6386311589448211,High Potential,90,12,2026-02-26T05:42:47.919635
14110,Unknown,United Kingdom,Champions,18.2665,32.4222,2153.6,0.6434785344338476,Medium Potential,90,12,2026-02-26T05:42:47.919635
14111,Unknown,United Kingdom,Need Attention,1.1079,35.625,143.52,0.6432052371202953,Low Potential,90,12,2026-02-26T05:42:47.919635
14112,Unknown,United Kingdom,Loyal Customers,19.0655,17.2838,1198.27,0.6381972325752837,Low Potential,90,12,2026-02-26T05:42:47.919635
14113,Unknown,United Kingdom,Need Attention,627.3755,42.9,97870.58,0.6337126072892719,High Potential,90,12,2026-02-26T05:42:47.919635
14114,Unknown,United Kingdom,Need Attention,230.9448,47.85,40184.4,0.6415133826517266,Medium Potential,90,12,2026-02-26T05:42:47.919635
14116,Unknown,United Kingdom,Loyal Customers,30.7247,18.2784,2042.18,0.6400978398210466,Medium Potential,90,12,2026-02-26T05:42:47.919635
14121,Unknown,United Kingdom,Champions,48.5885,17.7297,3132.58,0.641895024902707,Medium Potential,90,12,2026-02-26T05:42:47.919635
14125,Unknown,United Kingdom,Loyal Customers,3408.7522,18.4963,229270.19,0.6419495637552085,High Potential,90,12,2026-02-26T05:42:47.919635
14126,Unknown,United Kingdom,At Risk,56.4556,62.5,12830.82,0.6272844705605466,Medium Potential,90,12,2026-02-26T05:42:47.919635
14127,Unknown,United Kingdom,Recent Customers,9.2256,16.346,548.37,0.6384684019923119,Low Potential,90,12,2026-02-26T05:42:47.919635
14128,Unknown,United Kingdom,Recent Customers,1382.8463,13.8317,69553.15,0.6402066167499753,High Potential,90,12,2026-02-26T05:42:47.919635
14129,Unknown,United Kingdom,Recent Customers,15.6905,19.9965,1140.93,0.6370054547098494,Low Potential,90,12,2026-02-26T05:42:47.919635
14132,Unknown,United Kingdom,Champions,25.7817,18.5386,1738.02,0.6433692015763358,Low Potential,90,12,2026-02-26T05:42:47.919635
14133,Unknown,United Kingdom,About to Sleep,677.237,23.97,59030.44,0.6270713259922407,High Potential,90,12,2026-02-26T05:42:47.919635
14135,Unknown,United Kingdom,Champions,9.3909,32.424,1107.24,0.641404383691382,Low Potential,90,12,2026-02-26T05:42:47.919635
14138,Unknown,United Kingdom,Potential Loyalists,79.9152,20.9974,6101.86,0.6370054547098494,Medium Potential,90,12,2026-02-26T05:42:47.919635
14140,Unknown,United Kingdom,Potential Loyalists,63.0582,14.1674,3248.62,0.6369513358997455,Medium Potential,90,12,2026-02-26T05:42:47.919635
14141,Unknown,United Kingdom,Recent Customers,8.1165,25.0482,739.29,0.641895024902707,Low Potential,90,12,2026-02-26T05:42:47.919635
14142,Unknown,United Kingdom,Need Attention,1200.9307,14.1732,61894.66,0.6065306597126334,High Potential,90,12,2026-02-26T05:42:47.919635
14145,Unknown,United Kingdom,Promising,7.4767,356.4,9689.8,0.6334434577467953,Medium Potential,90,12,2026-02-26T05:42:47.919635
14146,Unknown,United Kingdom,Recent Customers,4110.4186,16.783,250855.11,0.6256344932697319,High Potential,90,12,2026-02-26T05:42:47.919635
14149,Unknown,United Kingdom,Need Attention,1583.5798,15.9507,91851.66,0.6284046687308877,High Potential,90,12,2026-02-26T05:42:47.919635
14150,Unknown,United Kingdom,Need Attention,794.2829,25.1757,72715.01,0.6303832207085496,High Potential,90,12,2026-02-26T05:42:47.919635
14156,Unknown,EIRE,Champions,49.657,67.9651,12272.52,0.6435332078298328,Medium Potential,90,12,2026-02-26T05:42:47.919635
14159,Unknown,United Kingdom,Potential Loyalists,111.818,4.1322,1680.2,0.6318846431180163,Low Potential,90,12,2026-02-26T05:42:47.919635
14161,Unknown,United Kingdom,Loyal Customers,12.8599,10.6638,498.67,0.636626719579975,Low Potential,90,12,2026-02-26T05:42:47.919635
14163,Unknown,United Kingdom,Recent Customers,979.2665,53.5059,190532.86,0.6400434582875998,High Potential,90,12,2026-02-26T05:42:47.919635
14165,Unknown,United Kingdom,Need Attention,1321.0683,5.1257,24623.27,0.6381972325752837,Medium Potential,90,12,2026-02-26T05:42:47.919635
14167,Unknown,United Kingdom,Promising,925.9795,7.9438,26748.35,0.643041314451059,Medium Potential,90,12,2026-02-26T05:42:47.919635
14171,Unknown,United Kingdom,Promising,3217.1492,6.3532,74324.34,0.6271246053435824,High Potential,90,12,2026-02-26T05:42:47.919635
14173,Unknown,United Kingdom,At Risk,623.7613,10.3673,23515.35,0.630061951767552,Medium Potential,90,12,2026-02-26T05:42:47.919635
14174,Unknown,United Kingdom,Need Attention,1482.7615,5.1715,27884.0,0.6336587682334197,Medium Potential,90,12,2026-02-26T05:42:47.919635
14175,Unknown,United Kingdom,Champions,5199.3497,22.4034,423574.95,0.641895024902707,High Potential,90,12,2026-02-26T05:42:47.919635
14176,Unknown,United Kingdom,At Risk,498.9033,17.7278,32161.67,0.6159300234875151,Medium Potential,90,12,2026-02-26T05:42:47.919635
14177,Unknown,United Kingdom,About to Sleep,1080.5227,10.07,39566.78,0.6318846431180163,Medium Potential,90,12,2026-02-26T05:42:47.919635
14178,Unknown,United Kingdom,Champions,40.8051,5.7651,855.44,0.6419495637552085,Low Potential,90,12,2026-02-26T05:42:47.919635
14180,Unknown,United Kingdom,Champions,9.6039,20.7056,723.11,0.6402610121462423,Low Potential,90,12,2026-02-26T05:42:47.919635
14184,Unknown,United Kingdom,Promising,1361.5121,18.8704,93426.47,0.6303296645112487,High Potential,90,12,2026-02-26T05:42:47.919635
14185,Unknown,United Kingdom,Promising,173.6212,65.8833,41595.41,0.643041314451059,High Potential,90,12,2026-02-26T05:42:47.919635
14188,Unknown,United Kingdom,Loyal Customers,11.4433,32.4264,1349.33,0.6386311589448211,Low Potential,90,12,2026-02-26T05:42:47.919635
14189,Unknown,United Kingdom,Champions,12.5681,18.6291,851.39,0.6402610121462423,Low Potential,90,12,2026-02-26T05:42:47.919635
14191,Unknown,United Kingdom,Champions,19.843,17.033,1229.04,0.6400978398210466,Low Potential,90,12,2026-02-26T05:42:47.919635
14193,Unknown,United Kingdom,Need Attention,1075.0286,22.6763,88646.08,0.6286716772965468,High Potential,90,12,2026-02-26T05:42:47.919635
14194,Unknown,United Kingdom,Champions,21.3387,18.6756,1449.14,0.641895024902707,Low Potential,90,12,2026-02-26T05:42:47.919635
14195,Unknown,United Kingdom,Need Attention,281.3442,165.68,169502.21,0.6252093976562161,High Potential,90,12,2026-02-26T05:42:47.919635
14199,Unknown,United Kingdom,At Risk,113.7006,92.7,38327.44,0.6316699354601715,Medium Potential,90,12,2026-02-26T05:42:47.919635
14201,Unknown,United Kingdom,Recent Customers,7.3166,22.195,590.52,0.6402066167499753,Low Potential,90,12,2026-02-26T05:42:47.919635
14204,Unknown,United Kingdom,Need Attention,2058.4689,3.9519,29581.32,0.6353299078348292,Medium Potential,90,12,2026-02-26T05:42:47.919635
14208,Unknown,United Kingdom,At Risk,570.196,15.174,31462.38,0.6335511038435279,Medium Potential,90,12,2026-02-26T05:42:47.919635
14209,Unknown,United Kingdom,Loyal Customers,100.4867,21.6432,7908.56,0.641404383691382,Medium Potential,90,12,2026-02-26T05:42:47.919635
14210,Unknown,United Kingdom,Promising,5.4478,18.0705,357.98,0.629847863440775,Low Potential,90,12,2026-02-26T05:42:47.919635
14211,Unknown,United Kingdom,Need Attention,737.4231,16.9262,45388.26,0.6302761128639838,High Potential,90,12,2026-02-26T05:42:47.919635
14212,Unknown,United Kingdom,Recent Customers,519.8908,118.9422,224861.66,0.641840490683726,High Potential,90,12,2026-02-26T05:42:47.919635
14214,Unknown,United Kingdom,Loyal Customers,27.541,16.6391,1666.39,0.6386311589448211,Low Potential,90,12,2026-02-26T05:42:47.919635
14215,Unknown,United Kingdom,Need Attention,2.6994,20.1271,197.57,0.6333896415573925,Low Potential,90,12,2026-02-26T05:42:47.919635
14216,Unknown,United Kingdom,Recent Customers,18.5078,21.3543,1437.17,0.6337126072892719,Low Potential,90,12,2026-02-26T05:42:47.919635
14217,Unknown,United Kingdom,Loyal Customers,7.1187,17.7035,458.28,0.641404383691382,Low Potential,90,12,2026-02-26T05:42:47.919635
14219,Unknown,United Kingdom,At Risk,398.1888,12.8486,18604.25,0.6320457217532791,Medium Potential,90,12,2026-02-26T05:42:47.919635
14220,Unknown,United Kingdom,About to Sleep,569.9538,31.942,66201.69,0.6332820228945715,High Potential,90,12,2026-02-26T05:42:47.919635
14221,Unknown,United Kingdom,Recent Customers,59.8355,18.8211,4095.16,0.629847863440775,Medium Potential,90,12,2026-02-26T05:42:47.919635
14223,Unknown,United Kingdom,Potential Loyalists,25.6092,16.3388,1521.54,0.6368431120726507,Low Potential,90,12,2026-02-26T05:42:47.919635
14224,Unknown,United Kingdom,Recent Customers,2234.5598,6.3031,51216.92,0.636626719579975,High Potential,90,12,2026-02-26T05:42:47.919635
14226,Unknown,United Kingdom,Recent Customers,24.2284,25.9246,2284.04,0.6419495637552085,Medium Potential,90,12,2026-02-26T05:42:47.919635
14227,Unknown,United Kingdom,Need Attention,744.79,23.41,63401.94,0.6365726329465102,High Potential,90,12,2026-02-26T05:42:47.919635
14229,Unknown,United Kingdom,Recent Customers,1151.4911,22.8485,95672.16,0.6397172660964349,High Potential,90,12,2026-02-26T05:42:47.919635
14231,Unknown,United Kingdom,Need Attention,689.4287,25.6467,64296.62,0.6383599204018852,High Potential,90,12,2026-02-26T05:42:47.919635
14232,Unknown,United Kingdom,Need Attention,798.0709,22.1993,64424.06,0.6333896415573925,High Potential,90,12,2026-02-26T05:42:47.919635
14233,Unknown,United Kingdom,Potential Loyalists,2.6487,61.3036,590.45,0.6432598872954712,Low Potential,90,12,2026-02-26T05:42:47.919635
14234,Unknown,United Kingdom,Promising,862.1521,13.9653,43782.59,0.6386311589448211,High Potential,90,12,2026-02-26T05:42:47.919635
14235,Unknown,United Kingdom,Recent Customers,1364.6389,59.2629,294081.67,0.631777280168123,High Potential,90,12,2026-02-26T05:42:47.919635
14236,Unknown,United Kingdom,At Risk,164.1952,63.1,37675.33,0.6081302547245364,Medium Potential,90,12,2026-02-26T05:42:47.919635
14237,Unknown,United Kingdom,At Risk,491.2898,17.8889,31958.67,0.6065306597126334,Medium Potential,90,12,2026-02-26T05:42:47.919635
14239,Unknown,United Kingdom,Recent Customers,16.7871,22.3327,1363.28,0.6348982245439281,Low Potential,90,12,2026-02-26T05:42:47.919635
14240,Unknown,United Kingdom,Potential Loyalists,1839.2577,20.7341,138674.01,0.6386311589448211,High Potential,90,12,2026-02-26T05:42:47.919635
14241,Unknown,United Kingdom,Need Attention,574.5239,21.37,44645.73,0.6383599204018852,High Potential,90,12,2026-02-26T05:42:47.919635
14243,Unknown,United Kingdom,Potential Loyalists,10.5445,19.7427,757.01,0.6365726329465102,Low Potential,90,12,2026-02-26T05:42:47.919635
14245,Unknown,United Kingdom,Recent Customers,2324.9286,16.789,141939.0,0.630061951767552,High Potential,90,12,2026-02-26T05:42:47.919635
14246,Unknown,United Kingdom,Recent Customers,1374.9969,18.735,93674.79,0.6365726329465102,High Potential,90,12,2026-02-26T05:42:47.919635
14247,Unknown,United Kingdom,About to Sleep,1082.8203,6.9379,27318.18,0.6332282204203763,Medium Potential,90,12,2026-02-26T05:42:47.919635
14250,Unknown,United Kingdom,Champions,23.7481,17.1536,1481.33,0.641840490683726,Low Potential,90,12,2026-02-26T05:42:47.919635
14251,Unknown,United Kingdom,Need Attention,573.3049,48.228,100543.09,0.6370054547098494,High Potential,90,12,2026-02-26T05:42:47.919635
14256,Unknown,United Kingdom,Need Attention,1787.7983,16.3706,106426.66,0.6207632947704186,High Potential,90,12,2026-02-26T05:42:47.919635
14257,Unknown,United Kingdom,Loyal Customers,24.934,37.0087,3355.55,0.6367890070548783,Medium Potential,90,12,2026-02-26T05:42:47.919635
14258,Unknown,United Kingdom,Champions,26.1919,104.2353,9927.71,0.641840490683726,Medium Potential,90,12,2026-02-26T05:42:47.919635
14262,Unknown,United Kingdom,Loyal Customers,13.1348,18.1348,866.17,0.6402610121462423,Low Potential,90,12,2026-02-26T05:42:47.919635
14264,Unknown,United Kingdom,Need Attention,324.7348,19.6453,23198.23,0.6367349066337685,Medium Potential,90,12,2026-02-26T05:42:47.919635
14270,Unknown,United Kingdom,Potential Loyalists,1678.3378,16.9879,103677.94,0.643041314451059,High Potential,90,12,2026-02-26T05:42:47.919635
14273,Unknown,United Kingdom,Promising,4.5585,18.225,302.1,0.6415678890778506,Low Potential,90,12,2026-02-26T05:42:47.919635
14276,Unknown,United Kingdom,Loyal Customers,8.6847,17.3009,546.38,0.64331454211402,Low Potential,90,12,2026-02-26T05:42:47.919635
14277,Unknown,France,Loyal Customers,4099.9671,22.6723,338020.67,0.6416224001351336,High Potential,90,12,2026-02-26T05:42:47.919635
14282,Unknown,United Kingdom,Potential Loyalists,6.0954,28.0571,621.89,0.6369513358997455,Low Potential,90,12,2026-02-26T05:42:47.919635
14284,Unknown,United Kingdom,Promising,1092.0593,18.0605,71720.5,0.6386311589448211,High Potential,90,12,2026-02-26T05:42:47.919635
14285,Unknown,United Kingdom,At Risk,282.254,60.12,61705.86,0.6272311776273506,High Potential,90,12,2026-02-26T05:42:47.919635
14286,Unknown,United Kingdom,Champions,8141.4965,14.5396,430451.28,0.6415678890778506,High Potential,90,12,2026-02-26T05:42:47.919635
14287,Unknown,United Kingdom,At Risk,281.5355,18.67,19113.7,0.6256344932697319,Medium Potential,90,12,2026-02-26T05:42:47.919635
14288,Unknown,United Kingdom,Recent Customers,921.506,26.6625,89344.2,0.6399347090807783,High Potential,90,12,2026-02-26T05:42:47.919635
14289,Unknown,United Kingdom,Recent Customers,2.486,16.1271,145.79,0.6432052371202953,Low Potential,90,12,2026-02-26T05:42:47.919635
14290,Unknown,United Kingdom,Promising,1867.1549,22.0758,149887.05,0.6286716772965468,High Potential,90,12,2026-02-26T05:42:47.919635
14291,Unknown,United Kingdom,Champions,40.596,16.633,2455.39,0.6417859610978717,Medium Potential,90,12,2026-02-26T05:42:47.919635
14292,Unknown,United Kingdom,Champions,8.2465,32.5014,974.63,0.6434785344338476,Low Potential,90,12,2026-02-26T05:42:47.919635
14293,Unknown,United Kingdom,Recent Customers,6.3809,18.9574,439.87,0.6347903495591322,Low Potential,90,12,2026-02-26T05:42:47.919635
14297,Unknown,United Kingdom,Potential Loyalists,288.093,20.2886,21254.56,0.6402066167499753,Medium Potential,90,12,2026-02-26T05:42:47.919635
14298,Unknown,United Kingdom,Champions,108.6194,34.5719,13655.2,0.6386311589448211,Medium Potential,90,12,2026-02-26T05:42:47.919635
14299,Unknown,United Kingdom,Champions,5.1029,41.193,764.38,0.6435332078298328,Low Potential,90,12,2026-02-26T05:42:47.919635
14304,Unknown,United Kingdom,Need Attention,956.6517,22.5559,78465.96,0.6252625188081156,High Potential,90,12,2026-02-26T05:42:47.919635
14307,Unknown,United Kingdom,Champions,9.3193,16.9229,573.49,0.6434785344338476,Low Potential,90,12,2026-02-26T05:42:47.919635
14309,Unknown,United Kingdom,Champions,14.1102,19.5461,1002.91,0.6419495637552085,Low Potential,90,12,2026-02-26T05:42:47.919635
14311,Unknown,United Kingdom,Promising,1154.8222,15.513,65144.57,0.6415678890778506,High Potential,90,12,2026-02-26T05:42:47.919635
14312,Unknown,United Kingdom,Loyal Customers,12.2215,18.055,802.4,0.6415133826517266,Low Potential,90,12,2026-02-26T05:42:47.919635
14315,Unknown,United Kingdom,Recent Customers,5.9189,29.6523,638.21,0.6367349066337685,Low Potential,90,12,2026-02-26T05:42:47.919635
14317,Unknown,United Kingdom,Promising,1368.5867,21.1908,105459.81,0.6336049337516346,High Potential,90,12,2026-02-26T05:42:47.919635
14320,Unknown,United Kingdom,Recent Customers,1327.7071,15.3265,73996.74,0.641404383691382,High Potential,90,12,2026-02-26T05:42:47.919635
14321,Unknown,United Kingdom,Recent Customers,1669.6621,11.2697,68423.97,0.6397172660964349,High Potential,90,12,2026-02-26T05:42:47.919635
14326,Unknown,United Kingdom,Need Attention,461.9289,22.9812,38602.47,0.6415678890778506,Medium Potential,90,12,2026-02-26T05:42:47.919635
14329,Unknown,United Kingdom,Recent Customers,2193.9758,15.2111,121355.58,0.6415133826517266,High Potential,90,12,2026-02-26T05:42:47.919635
14331,Unknown,United Kingdom,About to Sleep,228.6411,19.75,16420.59,0.6351140295128037,Medium Potential,90,12,2026-02-26T05:42:47.919635
14332,Unknown,United Kingdom,Need Attention,680.756,35.7,88374.51,0.6303296645112487,High Potential,90,12,2026-02-26T05:42:47.919635
14333,Unknown,United Kingdom,Need Attention,848.7068,27.68,85426.2,0.6286716772965468,High Potential,90,12,2026-02-26T05:42:47.919635
14334,Unknown,United Kingdom,Loyal Customers,45.5318,14.956,2476.27,0.6398259783514365,Medium Potential,90,12,2026-02-26T05:42:47.919635
14335,Unknown,Germany,Promising,2268.994,8.6875,71679.58,0.6302761128639838,High Potential,90,12,2026-02-26T05:42:47.919635
14336,Unknown,United Kingdom,Potential Loyalists,20.5277,17.7779,1327.05,0.6365185509081462,Low Potential,90,12,2026-02-26T05:42:47.919635
14338,Unknown,United Kingdom,At Risk,56.2832,8.25,1688.5,0.6253687746526738,Low Potential,90,12,2026-02-26T05:42:47.919635
14339,Unknown,United Kingdom,Promising,808.3755,22.1086,64989.27,0.6415678890778506,High Potential,90,12,2026-02-26T05:42:47.919635
14340,Unknown,United Kingdom,At Risk,341.1018,22.45,27846.31,0.6316699354601715,Medium Potential,90,12,2026-02-26T05:42:47.919635
14341,Unknown,United Kingdom,Potential Loyalists,10.6917,17.2387,670.22,0.636626719579975,Low Potential,90,12,2026-02-26T05:42:47.919635
14342,Unknown,United Kingdom,About to Sleep,286.6281,18.208,18977.91,0.6369513358997455,Medium Potential,90,12,2026-02-26T05:42:47.919635
14344,Unknown,United Kingdom,Recent Customers,7.3079,10.4953,278.9,0.6381972325752837,Low Potential,90,12,2026-02-26T05:42:47.919635
14345,Unknown,United Kingdom,At Risk,337.8139,18.1633,22312.06,0.6255813405155674,Medium Potential,90,12,2026-02-26T05:42:47.919635
14346,Unknown,United Kingdom,Loyal Customers,2483.7117,17.6544,159448.87,0.6417859610978717,High Potential,90,12,2026-02-26T05:42:47.919635
14350,Unknown,United Kingdom,Promising,1036.5181,15.7183,59244.74,0.6398259783514365,High Potential,90,12,2026-02-26T05:42:47.919635
14352,Unknown,United Kingdom,Recent Customers,5.7736,25.83,542.3,0.6415133826517266,Low Potential,90,12,2026-02-26T05:42:47.919635
14353,Unknown,United Kingdom,About to Sleep,343.7784,15.1,18876.56,0.636626719579975,Medium Potential,90,12,2026-02-26T05:42:47.919635
14354,Unknown,United Kingdom,Need Attention,3.4032,18.18,224.98,0.6386311589448211,Low Potential,90,12,2026-02-26T05:42:47.919635
14355,Unknown,United Kingdom,At Risk,612.9912,15.8545,35340.61,0.6191830751035756,Medium Potential,90,12,2026-02-26T05:42:47.919635
14360,Unknown,United Kingdom,Loyal Customers,43.5526,18.1028,2867.0,0.6369513358997455,Medium Potential,90,12,2026-02-26T05:42:47.919635
14364,Unknown,United Kingdom,Loyal Customers,5.7078,83.9905,1743.28,0.6432598872954712,Low Potential,90,12,2026-02-26T05:42:47.919635
14367,Unknown,United Kingdom,Champions,53.1199,17.178,3318.16,0.6417314361447506,Medium Potential,90,12,2026-02-26T05:42:47.919635
14375,Unknown,United Kingdom,Recent Customers,3257.5814,3.6058,42713.41,0.6350061178607801,High Potential,90,12,2026-02-26T05:42:47.919635
14377,Unknown,United Kingdom,At Risk,393.9489,43.2071,61895.96,0.6253156444734737,High Potential,90,12,2026-02-26T05:42:47.919635
14383,Unknown,United Kingdom,Recent Customers,16.7272,22.8545,1390.15,0.6336049337516346,Low Potential,90,12,2026-02-26T05:42:47.919635
14387,Unknown,United Kingdom,Potential Loyalists,3201.7907,14.0975,164135.43,0.6352759313761016,High Potential,90,12,2026-02-26T05:42:47.919635
14388,Unknown,United Kingdom,Champions,13.0886,16.6564,792.76,0.6400978398210466,Low Potential,90,12,2026-02-26T05:42:47.919635
14389,Unknown,United Kingdom,Recent Customers,27.5199,23.188,2320.48,0.63193833143466,Medium Potential,90,12,2026-02-26T05:42:47.919635
14390,Unknown,United Kingdom,Loyal Customers,5.7806,16.535,347.57,0.6432598872954712,Low Potential,90,12,2026-02-26T05:42:47.919635
14393,Unknown,United Kingdom,At Risk,284.2515,13.59,14047.19,0.6316699354601715,Medium Potential,90,12,2026-02-26T05:42:47.919635
14395,Unknown,United Kingdom,Champions,18.7618,10.4993,716.31,0.6402066167499753,Low Potential,90,12,2026-02-26T05:42:47.919635
14396,Unknown,United Kingdom,Recent Customers,9.7921,6.6848,238.03,0.63193833143466,Low Potential,90,12,2026-02-26T05:42:47.919635
14397,Unknown,United Kingdom,Champions,11.2447,29.8957,1222.43,0.64331454211402,Low Potential,90,12,2026-02-26T05:42:47.919635
14401,Unknown,United Kingdom,Champions,18.2683,20.2134,1342.78,0.6399890813743078,Low Potential,90,12,2026-02-26T05:42:47.919635
14403,Unknown,United Kingdom,Promising,6.9325,65.5561,1652.61,0.6333358299401141,Low Potential,90,12,2026-02-26T05:42:47.919635
14404,Unknown,United Kingdom,Need Attention,5.4864,6.7376,134.42,0.6336587682334197,Low Potential,90,12,2026-02-26T05:42:47.919635
14406,Unknown,United Kingdom,Need Attention,463.2652,19.5938,33007.73,0.6434238656828135,Medium Potential,90,12,2026-02-26T05:42:47.919635
14407,Unknown,United Kingdom,Promising,1088.4467,18.7989,74405.82,0.6365185509081462,High Potential,90,12,2026-02-26T05:42:47.919635
14408,Unknown,United Kingdom,Potential Loyalists,25.8839,20.1035,1892.21,0.6335511038435279,Medium Potential,90,12,2026-02-26T05:42:47.919635
14409,Unknown,United Kingdom,Need Attention,1.1416,38.0,157.75,0.6384684019923119,Low Potential,90,12,2026-02-26T05:42:47.919635
14410,Unknown,United Kingdom,Recent Customers,25.7245,6.1791,578.02,0.6368431120726507,Low Potential,90,12,2026-02-26T05:42:47.919635
14411,Unknown,United Kingdom,Need Attention,789.7072,75.9286,218041.32,0.6267517449275591,High Potential,90,12,2026-02-26T05:42:47.919635
14413,Unknown,United Kingdom,About to Sleep,1235.4979,5.5023,24720.29,0.623988855995589,Medium Potential,90,12,2026-02-26T05:42:47.919635
14414,Unknown,United Kingdom,Recent Customers,5.6758,14.9958,309.5,0.6385226497005074,Low Potential,90,12,2026-02-26T05:42:47.919635
14415,Unknown,United Kingdom,Champions,66.493,10.3216,2495.69,0.6399890813743078,Medium Potential,90,12,2026-02-26T05:42:47.919635
14418,Unknown,United Kingdom,Recent Customers,3479.0822,14.7107,186108.13,0.6337126072892719,High Potential,90,12,2026-02-26T05:42:47.919635
14419,Unknown,United Kingdom,Loyal Customers,17.9364,5.3074,346.17,0.6402066167499753,Low Potential,90,12,2026-02-26T05:42:47.919635
14420,Unknown,United Kingdom,Need Attention,1632.4899,13.3628,79325.95,0.6254750485541349,High Potential,90,12,2026-02-26T05:42:47.919635
14421,Unknown,United Kingdom,Recent Customers,868.4008,30.3453,95825.03,0.6432598872954712,High Potential,90,12,2026-02-26T05:42:47.919635
14422,Unknown,United Kingdom,Recent Customers,862.2253,25.4673,79849.27,0.6386854204817225,High Potential,90,12,2026-02-26T05:42:47.919635
14423,Unknown,United Kingdom,About to Sleep,170.5509,88.4,54824.36,0.6316699354601715,High Potential,90,12,2026-02-26T05:42:47.919635
14426,Unknown,United Kingdom,Loyal Customers,22.1845,21.7637,1755.7,0.6365185509081462,Low Potential,90,12,2026-02-26T05:42:47.919635
14427,Unknown,United Kingdom,Need Attention,914.7196,20.1088,66886.96,0.6352219595031147,High Potential,90,12,2026-02-26T05:42:47.919635
14428,Unknown,United Kingdom,Recent Customers,188.6175,7.4788,5129.57,0.6287250926223397,Medium Potential,90,12,2026-02-26T05:42:47.919635
14431,Unknown,United Kingdom,Recent Customers,978.8506,27.6682,98483.76,0.6397716199148393,High Potential,90,12,2026-02-26T05:42:47.919635
14432,Unknown,United Kingdom,Champions,22.1881,5.7043,460.25,0.641840490683726,Low Potential,90,12,2026-02-26T05:42:47.919635
14434,Unknown,United Kingdom,Promising,1.1954,110.4,479.9,0.6402066167499753,Low Potential,90,12,2026-02-26T05:42:47.919635
14436,Unknown,United Kingdom,At Risk,507.9709,9.8956,18278.82,0.6271246053435824,Medium Potential,90,12,2026-02-26T05:42:47.919635
14437,Unknown,United Kingdom,At Risk,278.6324,12.6,12766.43,0.6191830751035756,Medium Potential,90,12,2026-02-26T05:42:47.919635
14438,Unknown,United Kingdom,At Risk,512.8713,14.6556,27332.5,0.6331744225171403,Medium Potential,90,12,2026-02-26T05:42:47.919635
14440,Unknown,United Kingdom,Promising,10.1537,57.9068,2138.07,0.6256344932697319,Medium Potential,90,12,2026-02-26T05:42:47.919635
14441,Unknown,United Kingdom,Recent Customers,11.4963,34.0137,1421.93,0.6386854204817225,Low Potential,90,12,2026-02-26T05:42:47.919635
14443,Unknown,United Kingdom,Promising,9.3613,15.6,531.04,0.6267517449275591,Low Potential,90,12,2026-02-26T05:42:47.919635
14446,Unknown,United Kingdom,Loyal Customers,78.6635,3.4247,979.63,0.6419495637552085,Low Potential,90,12,2026-02-26T05:42:47.919635
14447,Unknown,United Kingdom,About to Sleep,850.4391,17.6667,54634.37,0.6299548985095023,High Potential,90,12,2026-02-26T05:42:47.919635
14448,Unknown,United Kingdom,At Risk,1005.6365,5.6861,20793.27,0.6207632947704186,Medium Potential,90,12,2026-02-26T05:42:47.919635
14449,Unknown,United Kingdom,Potential Loyalists,21.5264,3.4304,268.52,0.6348982245439281,Low Potential,90,12,2026-02-26T05:42:47.919635
14450,Unknown,United Kingdom,Recent Customers,26.6516,11.111,1076.82,0.64331454211402,Low Potential,90,12,2026-02-26T05:42:47.919635
14451,Unknown,United Kingdom,Recent Customers,2708.074,5.6977,56108.34,0.6402066167499753,High Potential,90,12,2026-02-26T05:42:47.919635
14452,Unknown,United Kingdom,Need Attention,1657.7885,4.3203,26044.16,0.6351679922154785,Medium Potential,90,12,2026-02-26T05:42:47.919635
14453,Unknown,United Kingdom,About to Sleep,1241.3903,5.4514,24608.42,0.6269647808687197,Medium Potential,90,12,2026-02-26T05:42:47.919635
14456,Unknown,United Kingdom,Champions,105.128,3.5208,1345.94,0.641840490683726,Low Potential,90,12,2026-02-26T05:42:47.919635
14457,Unknown,United Kingdom,At Risk,225.6306,28.41,23309.69,0.6267517449275591,Medium Potential,90,12,2026-02-26T05:42:47.919635
14459,Unknown,United Kingdom,Potential Loyalists,2114.75,49.6735,381989.21,0.6350600713947008,High Potential,90,12,2026-02-26T05:42:47.919635
14460,Unknown,United Kingdom,At Risk,56.4077,30.0,6153.57,0.6267517449275591,Medium Potential,90,12,2026-02-26T05:42:47.919635
14462,Unknown,United Kingdom,Champions,35.0223,10.5304,1341.09,0.6417859610978717,Low Potential,90,12,2026-02-26T05:42:47.919635
14463,Unknown,United Kingdom,At Risk,112.8824,110.1,45194.01,0.6271246053435824,High Potential,90,12,2026-02-26T05:42:47.919635
14465,Unknown,United Kingdom,Loyal Customers,71.6544,8.6682,2258.6,0.6397716199148393,Medium Potential,90,12,2026-02-26T05:42:47.919635
14466,Unknown,United Kingdom,Loyal Customers,4.6593,37.3969,633.61,0.6402610121462423,Low Potential,90,12,2026-02-26T05:42:47.919635
14472,Unknown,United Kingdom,Potential Loyalists,24.3133,9.1845,812.02,0.6400434582875998,Low Potential,90,12,2026-02-26T05:42:47.919635
14473,Unknown,United Kingdom,At Risk,56.4124,85.0,17436.56,0.6268049971255752,Medium Potential,90,12,2026-02-26T05:42:47.919635
14475,Unknown,United Kingdom,Recent Customers,28.1384,22.2204,2273.62,0.6364644734644926,Medium Potential,90,12,2026-02-26T05:42:47.919635
14477,Unknown,United Kingdom,Need Attention,114.6025,179.0,74595.81,0.6366808108089309,High Potential,90,12,2026-02-26T05:42:47.919635
14479,Unknown,United Kingdom,At Risk,557.2648,17.44,35340.72,0.6191830751035756,Medium Potential,90,12,2026-02-26T05:42:47.919635
14482,Unknown,United Kingdom,Loyal Customers,16.1873,11.3142,665.99,0.6386311589448211,Low Potential,90,12,2026-02-26T05:42:47.919635
14483,Unknown,United Kingdom,At Risk,508.9213,15.2333,28191.09,0.6282978970603043,Medium Potential,90,12,2026-02-26T05:42:47.919635
14485,Unknown,United Kingdom,Need Attention,2477.3021,3.5959,32393.2,0.6255813405155674,Medium Potential,90,12,2026-02-26T05:42:47.919635
14487,Unknown,United Kingdom,Loyal Customers,5.7205,10.2178,212.55,0.641840490683726,Low Potential,90,12,2026-02-26T05:42:47.919635
14488,Unknown,United Kingdom,Recent Customers,2602.7007,23.1365,218972.31,0.6286716772965468,High Potential,90,12,2026-02-26T05:42:47.919635
14491,Unknown,United Kingdom,At Risk,218.9269,31.8,25315.91,0.6081302547245364,Medium Potential,90,12,2026-02-26T05:42:47.919635
14493,Unknown,United Kingdom,Champions,21.5198,20.2853,1587.4,0.6386311589448211,Low Potential,90,12,2026-02-26T05:42:47.919635
14495,Unknown,United Kingdom,Need Attention,115.2176,20.3,8505.15,0.6400978398210466,Medium Potential,90,12,2026-02-26T05:42:47.919635
14496,Unknown,United Kingdom,Need Attention,3.0111,28.3584,310.51,0.6251031688912595,Low Potential,90,12,2026-02-26T05:42:47.919635
14497,Unknown,United Kingdom,Need Attention,1639.7182,16.3921,97739.73,0.6282445180282595,High Potential,90,12,2026-02-26T05:42:47.919635
14498,Unknown,United Kingdom,About to Sleep,798.0709,10.5014,30475.86,0.6333896415573925,Medium Potential,90,12,2026-02-26T05:42:47.919635
14499,Unknown,United Kingdom,Need Attention,2336.6121,2.9661,25202.27,0.6332282204203763,Medium Potential,90,12,2026-02-26T05:42:47.919635
14500,Unknown,United Kingdom,Promising,1.0416,40.77,154.42,0.6434785344338476,Low Potential,90,12,2026-02-26T05:42:47.919635
14501,Unknown,United Kingdom,About to Sleep,344.7144,30.7133,38499.33,0.6383599204018852,Medium Potential,90,12,2026-02-26T05:42:47.919635
14502,Unknown,United Kingdom,Potential Loyalists,107.9315,3.8483,1510.37,0.6336587682334197,Low Potential,90,12,2026-02-26T05:42:47.919635
14503,Unknown,United Kingdom,Recent Customers,16.1597,22.6726,1332.3,0.6337126072892719,Low Potential,90,12,2026-02-26T05:42:47.919635
14504,Unknown,United Kingdom,Potential Loyalists,34.6472,5.5155,694.9,0.6398803414066186,Low Potential,90,12,2026-02-26T05:42:47.919635
14505,Unknown,United Kingdom,Champions,73.8834,7.4518,2002.05,0.6399347090807783,Medium Potential,90,12,2026-02-26T05:42:47.919635
14506,Unknown,United Kingdom,Potential Loyalists,34.583,5.8951,741.35,0.6303296645112487,Low Potential,90,12,2026-02-26T05:42:47.919635
14507,Unknown,United Kingdom,Recent Customers,1489.7065,11.6148,62918.7,0.636626719579975,High Potential,90,12,2026-02-26T05:42:47.919635
14508,Unknown,United Kingdom,Recent Customers,1386.3755,5.7317,28895.59,0.641840490683726,Medium Potential,90,12,2026-02-26T05:42:47.919635
14511,Unknown,United Kingdom,Potential Loyalists,27.0833,20.3565,2004.8,0.6368431120726507,Medium Potential,90,12,2026-02-26T05:42:47.919635
14512,Unknown,United Kingdom,At Risk,511.6961,16.5511,30796.85,0.6317236055340981,Medium Potential,90,12,2026-02-26T05:42:47.919635
14514,Unknown,United Kingdom,Loyal Customers,38.8177,14.9935,2116.41,0.643041314451059,Medium Potential,90,12,2026-02-26T05:42:47.919635
14515,Unknown,United Kingdom,Potential Loyalists,29.6195,21.3527,2299.84,0.6316699354601715,Medium Potential,90,12,2026-02-26T05:42:47.919635
14517,Unknown,United Kingdom,At Risk,228.1172,19.5,16175.58,0.6336587682334197,Medium Potential,90,12,2026-02-26T05:42:47.919635
14518,Unknown,United Kingdom,About to Sleep,912.3911,10.8981,36157.56,0.6336049337516346,Medium Potential,90,12,2026-02-26T05:42:47.919635
14520,Unknown,United Kingdom,About to Sleep,171.9915,35.2,22014.91,0.6370054547098494,Medium Potential,90,12,2026-02-26T05:42:47.919635
14522,Unknown,United Kingdom,Need Attention,458.527,60.2588,100473.77,0.6368431120726507,High Potential,90,12,2026-02-26T05:42:47.919635
14524,Unknown,United Kingdom,Recent Customers,14.5984,7.2707,385.97,0.6369513358997455,Low Potential,90,12,2026-02-26T05:42:47.919635
14525,Unknown,United Kingdom,Champions,61.4574,10.3318,2308.97,0.6417859610978717,Medium Potential,90,12,2026-02-26T05:42:47.919635
14527,Unknown,United Kingdom,Champions,40.318,8.6197,1263.74,0.6434785344338476,Low Potential,90,12,2026-02-26T05:42:47.919635
14528,Unknown,United Kingdom,Need Attention,1016.1145,20.2344,74765.34,0.6272311776273506,High Potential,90,12,2026-02-26T05:42:47.919635
14529,Unknown,United Kingdom,Potential Loyalists,4724.7248,2.7961,48039.28,0.6402066167499753,High Potential,90,12,2026-02-26T05:42:47.919635
14530,Unknown,United Kingdom,Loyal Customers,52.9823,12.2738,2364.71,0.6351679922154785,Medium Potential,90,12,2026-02-26T05:42:47.919635
14533,Unknown,United Kingdom,Loyal Customers,7.0083,32.1842,820.21,0.641840490683726,Low Potential,90,12,2026-02-26T05:42:47.919635
14534,Unknown,United Kingdom,Champions,71.5016,8.806,2289.61,0.6434238656828135,Medium Potential,90,12,2026-02-26T05:42:47.919635
14535,Unknown,United Kingdom,Champions,101.2219,8.6716,3191.84,0.6402066167499753,Medium Potential,90,12,2026-02-26T05:42:47.919635
14538,Unknown,United Kingdom,Need Attention,912.3911,17.6094,58424.22,0.6336049337516346,High Potential,90,12,2026-02-26T05:42:47.919635
14540,Unknown,United Kingdom,At Risk,621.9621,17.8091,40278.49,0.6282445180282595,Medium Potential,90,12,2026-02-26T05:42:47.919635
14541,Unknown,United Kingdom,Promising,6.0331,31.91,700.06,0.6435332078298328,Low Potential,90,12,2026-02-26T05:42:47.919635
14542,Unknown,United Kingdom,About to Sleep,285.7528,20.65,21457.44,0.6350061178607801,Medium Potential,90,12,2026-02-26T05:42:47.919635
14543,Unknown,United Kingdom,Loyal Customers,5.1193,45.1766,840.99,0.6419495637552085,Low Potential,90,12,2026-02-26T05:42:47.919635
14546,Unknown,United Kingdom,Potential Loyalists,428.9249,6.3531,9909.1,0.6316162699459554,Medium Potential,90,12,2026-02-26T05:42:47.919635
14547,Unknown,United Kingdom,Potential Loyalists,174.782,9.8986,6291.26,0.6337126072892719,Medium Potential,90,12,2026-02-26T05:42:47.919635
14548,Unknown,United Kingdom,Promising,115.8065,163.2,68725.89,0.6433692015763358,High Potential,90,12,2026-02-26T05:42:47.919635
14549,Unknown,United Kingdom,Need Attention,3150.52,5.165,59172.49,0.6251031688912595,High Potential,90,12,2026-02-26T05:42:47.919635
14552,Unknown,United Kingdom,Recent Customers,3292.0823,2.8811,34490.25,0.6417314361447506,Medium Potential,90,12,2026-02-26T05:42:47.919635
14553,Unknown,United Kingdom,Potential Loyalists,63.4551,9.0859,2096.53,0.6336587682334197,Medium Potential,90,12,2026-02-26T05:42:47.919635
14555,Unknown,United Kingdom,Need Attention,806.1122,13.31,39015.83,0.6397716199148393,Medium Potential,90,12,2026-02-26T05:42:47.919635
14560,Unknown,United Kingdom,Potential Loyalists,6.7672,31.15,766.54,0.6402610121462423,Low Potential,90,12,2026-02-26T05:42:47.919635
14561,Unknown,United Kingdom,Need Attention,916.8204,13.8794,46272.43,0.6366808108089309,High Potential,90,12,2026-02-26T05:42:47.919635
14562,Unknown,United Kingdom,Champions,36.7271,10.592,1414.59,0.6402610121462423,Low Potential,90,12,2026-02-26T05:42:47.919635
14565,Unknown,United Kingdom,Need Attention,1023.6531,29.9333,111422.96,0.6318846431180163,High Potential,90,12,2026-02-26T05:42:47.919635
14567,Unknown,United Kingdom,Need Attention,731.7436,61.5969,163902.32,0.6254219093460998,High Potential,90,12,2026-02-26T05:42:47.919635
14569,Unknown,United Kingdom,Need Attention,573.3049,21.939,45737.22,0.6370054547098494,High Potential,90,12,2026-02-26T05:42:47.919635
14570,Unknown,United Kingdom,Need Attention,1644.1823,7.5193,44956.73,0.6299548985095023,High Potential,90,12,2026-02-26T05:42:47.919635
14572,Unknown,United Kingdom,At Risk,228.1365,33.7625,28008.94,0.6337126072892719,Medium Potential,90,12,2026-02-26T05:42:47.919635
14573,Unknown,United Kingdom,Loyal Customers,12.7206,7.0451,325.88,0.6416224001351336,Low Potential,90,12,2026-02-26T05:42:47.919635
14576,Unknown,United Kingdom,At Risk,54.7317,35.4,7045.46,0.6081302547245364,Medium Potential,90,12,2026-02-26T05:42:47.919635
14577,Unknown,United Kingdom,Need Attention,1909.4059,9.0471,62816.68,0.623988855995589,High Potential,90,12,2026-02-26T05:42:47.919635
14578,Unknown,United Kingdom,Need Attention,1368.8192,7.0262,34973.08,0.6337126072892719,Medium Potential,90,12,2026-02-26T05:42:47.919635
14583,Unknown,United Kingdom,Potential Loyalists,88.0791,2.8186,902.76,0.6350061178607801,Low Potential,90,12,2026-02-26T05:42:47.919635
14584,Unknown,United Kingdom,Promising,1838.4766,10.7753,72036.86,0.6383599204018852,High Potential,90,12,2026-02-26T05:42:47.919635
14586,Unknown,United Kingdom,Need Attention,1088.4467,12.4926,49445.56,0.6365185509081462,High Potential,90,12,2026-02-26T05:42:47.919635
14587,Unknown,United Kingdom,Champions,52.3123,4.2142,801.65,0.643041314451059,Low Potential,90,12,2026-02-26T05:42:47.919635
14589,Unknown,United Kingdom,At Risk,164.5862,13.25,7930.06,0.6095786758790397,Medium Potential,90,12,2026-02-26T05:42:47.919635
14591,Unknown,United Kingdom,Promising,1900.6061,5.9542,41151.23,0.6399347090807783,Medium Potential,90,12,2026-02-26T05:42:47.919635
14592,Unknown,United Kingdom,Recent Customers,106.4456,3.7661,1457.76,0.6336049337516346,Low Potential,90,12,2026-02-26T05:42:47.919635
14594,Unknown,United Kingdom,Promising,7.2708,6.9951,184.95,0.6272844705605466,Low Potential,90,12,2026-02-26T05:42:47.919635
14595,Unknown,United Kingdom,Need Attention,574.7192,14.175,29624.16,0.63857690201788,Medium Potential,90,12,2026-02-26T05:42:47.919635
14597,Unknown,United Kingdom,At Risk,168.8352,55.0333,33787.48,0.6253156444734737,Medium Potential,90,12,2026-02-26T05:42:47.919635
14600,Unknown,United Kingdom,Promising,1428.2783,15.7332,81714.14,0.6347903495591322,High Potential,90,12,2026-02-26T05:42:47.919635
14603,Unknown,United Kingdom,Recent Customers,115.1687,330.0,138202.44,0.6398259783514365,High Potential,90,12,2026-02-26T05:42:47.919635
14606,Unknown,United Kingdom,Champions,97.214,4.3074,1522.69,0.6432598872954712,Low Potential,90,12,2026-02-26T05:42:47.919635
14607,Unknown,United Kingdom,Need Attention,56.5853,1000.0,205764.73,0.6287250926223397,High Potential,90,12,2026-02-26T05:42:47.919635
14608,Unknown,United Kingdom,Recent Customers,2.4723,92.1692,828.62,0.6402610121462423,Low Potential,90,12,2026-02-26T05:42:47.919635
14616,Unknown,United Kingdom,Need Attention,57.7411,158.4,33258.87,0.6415678890778506,Medium Potential,90,12,2026-02-26T05:42:47.919635
14618,Unknown,United Kingdom,About to Sleep,284.9043,42.36,43885.62,0.6331206291844751,High Potential,90,12,2026-02-26T05:42:47.919635
14619,Unknown,United Kingdom,Promising,1145.8307,19.722,82174.81,0.6365726329465102,High Potential,90,12,2026-02-26T05:42:47.919635
14620,Unknown,United Kingdom,About to Sleep,843.961,15.69,48151.81,0.625156281017392,High Potential,90,12,2026-02-26T05:42:47.919635
14621,Unknown,United Kingdom,Champions,34.1269,19.5087,2420.99,0.6386311589448211,Medium Potential,90,12,2026-02-26T05:42:47.919635
14622,Unknown,United Kingdom,Need Attention,1203.3267,15.2657,66798.63,0.6366808108089309,High Potential,90,12,2026-02-26T05:42:47.919635
14623,Unknown,United Kingdom,Recent Customers,101.2811,5.9011,2173.35,0.6352759313761016,Medium Potential,90,12,2026-02-26T05:42:47.919635
14624,Unknown,United Kingdom,Recent Customers,693.2466,17.5208,44168.13,0.641895024902707,High Potential,90,12,2026-02-26T05:42:47.919635
14626,Unknown,United Kingdom,Loyal Customers,42.1389,24.1712,3703.81,0.6384684019923119,Medium Potential,90,12,2026-02-26T05:42:47.919635
14628,Unknown,United Kingdom,Potential Loyalists,24.7462,27.9983,2519.46,0.6415678890778506,Medium Potential,90,12,2026-02-26T05:42:47.919635
14629,Unknown,United Kingdom,Recent Customers,3754.3516,5.3217,72652.85,0.6320457217532791,High Potential,90,12,2026-02-26T05:42:47.919635
14636,Unknown,United Kingdom,About to Sleep,679.0231,25.805,63717.06,0.6287250926223397,High Potential,90,12,2026-02-26T05:42:47.919635
14639,Unknown,United Kingdom,Loyal Customers,2599.2331,16.7578,158390.65,0.6417859610978717,High Potential,90,12,2026-02-26T05:42:47.919635
14640,Unknown,United Kingdom,Loyal Customers,10.1633,21.1134,780.3,0.641895024902707,Low Potential,90,12,2026-02-26T05:42:47.919635
14642,Unknown,United Kingdom,Need Attention,115.836,48.06,20243.92,0.6435332078298328,Medium Potential,90,12,2026-02-26T05:42:47.919635
14644,Unknown,United Kingdom,Need Attention,1018.4481,35.7367,132349.0,0.6286716772965468,High Potential,90,12,2026-02-26T05:42:47.919635
14645,Unknown,United Kingdom,Recent Customers,19.5811,19.903,1417.17,0.6381972325752837,Low Potential,90,12,2026-02-26T05:42:47.919635
14646,Unknown,Netherlands,Champions,118.9185,123.756,53515.92,0.6434238656828135,High Potential,90,12,2026-02-26T05:42:47.919635
14649,Unknown,United Kingdom,Loyal Customers,39.8023,8.6991,1259.07,0.6416224001351336,Low Potential,90,12,2026-02-26T05:42:47.919635
14651,Unknown,United Kingdom,Champions,21.6564,6.4728,509.74,0.6432598872954712,Low Potential,90,12,2026-02-26T05:42:47.919635
14653,Unknown,United Kingdom,Loyal Customers,47.3439,9.6072,1653.97,0.6370054547098494,Low Potential,90,12,2026-02-26T05:42:47.919635
14655,Unknown,United Kingdom,Promising,193.0529,48.8946,34324.52,0.6256344932697319,Medium Potential,90,12,2026-02-26T05:42:47.919635
14656,Unknown,United Kingdom,About to Sleep,1631.6579,4.59,27233.85,0.625156281017392,Medium Potential,90,12,2026-02-26T05:42:47.919635
14657,Unknown,United Kingdom,Promising,11.5053,7.189,300.77,0.6350600713947008,Low Potential,90,12,2026-02-26T05:42:47.919635
14658,Unknown,United Kingdom,About to Sleep,851.0897,8.2673,25586.23,0.6304367814562728,Medium Potential,90,12,2026-02-26T05:42:47.919635
14659,Unknown,United Kingdom,Potential Loyalists,37.2085,8.8922,1203.15,0.6333358299401141,Low Potential,90,12,2026-02-26T05:42:47.919635
14662,Unknown,United Kingdom,Loyal Customers,92.9431,4.2705,1443.32,0.6419495637552085,Low Potential,90,12,2026-02-26T05:42:47.919635
14664,Unknown,United Kingdom,Recent Customers,3649.8745,5.8186,77226.04,0.6336587682334197,High Potential,90,12,2026-02-26T05:42:47.919635
14665,Unknown,United Kingdom,Champions,15.4729,19.9792,1124.13,0.641840490683726,Low Potential,90,12,2026-02-26T05:42:47.919635
14667,Unknown,United Kingdom,Champions,34.8156,16.3358,2068.15,0.6398259783514365,Medium Potential,90,12,2026-02-26T05:42:47.919635
14669,Unknown,United Kingdom,Champions,280.6714,7.6489,7806.65,0.6432052371202953,Medium Potential,90,12,2026-02-26T05:42:47.919635
14670,Unknown,United Kingdom,Recent Customers,6066.4657,3.2676,72082.85,0.6299548985095023,High Potential,90,12,2026-02-26T05:42:47.919635
14672,Unknown,United Kingdom,Need Attention,1942.2934,8.3906,59261.84,0.6347364189402819,High Potential,90,12,2026-02-26T05:42:47.919635
14673,Unknown,United Kingdom,Recent Customers,8.1721,21.7696,646.92,0.6337126072892719,Low Potential,90,12,2026-02-26T05:42:47.919635
14676,Unknown,United Kingdom,Recent Customers,4.1691,58.35,884.61,0.6369513358997455,Low Potential,90,12,2026-02-26T05:42:47.919635
14680,Unknown,United Kingdom,Champions,10.8204,124.4616,4897.18,0.6400978398210466,Medium Potential,90,12,2026-02-26T05:42:47.919635
14681,Unknown,United Kingdom,Recent Customers,289.4669,78.79,82934.9,0.6432598872954712,High Potential,90,12,2026-02-26T05:42:47.919635
14682,Unknown,United Kingdom,At Risk,56.8551,31.2,6450.47,0.6317236055340981,Medium Potential,90,12,2026-02-26T05:42:47.919635
14684,Unknown,United Kingdom,Potential Loyalists,39.8161,2.9908,433.03,0.636626719579975,Low Potential,90,12,2026-02-26T05:42:47.919635
14688,Unknown,United Kingdom,Champions,16.1862,16.471,969.47,0.6433692015763358,Low Potential,90,12,2026-02-26T05:42:47.919635
14690,Unknown,United Kingdom,Recent Customers,1617.1632,7.5914,44641.94,0.6417314361447506,High Potential,90,12,2026-02-26T05:42:47.919635
14691,Unknown,United Kingdom,Loyal Customers,15.124,29.4535,1619.84,0.6416224001351336,Low Potential,90,12,2026-02-26T05:42:47.919635
14696,Unknown,United Kingdom,Champions,7.8322,15.5899,444.01,0.6434238656828135,Low Potential,90,12,2026-02-26T05:42:47.919635
14697,Unknown,United Kingdom,Need Attention,1250.7065,8.5732,38991.12,0.6316699354601715,Medium Potential,90,12,2026-02-26T05:42:47.919635
14698,Unknown,United Kingdom,Promising,2293.2196,3.535,29478.3,0.6370054547098494,Medium Potential,90,12,2026-02-26T05:42:47.919635
14699,Unknown,United Kingdom,About to Sleep,459.5801,13.6412,22797.18,0.6383056865188711,Medium Potential,90,12,2026-02-26T05:42:47.919635
14700,Unknown,United Kingdom,Loyal Customers,31.9639,20.4634,2378.51,0.6352759313761016,Medium Potential,90,12,2026-02-26T05:42:47.919635
14701,Unknown,United Kingdom,Recent Customers,4217.6583,7.0455,108056.41,0.6332820228945715,High Potential,90,12,2026-02-26T05:42:47.919635
14702,Unknown,United Kingdom,Loyal Customers,26.2806,10.2102,975.75,0.6380887970590081,Low Potential,90,12,2026-02-26T05:42:47.919635
14704,Unknown,United Kingdom,Recent Customers,1447.4577,3.796,19980.18,0.64331454211402,Medium Potential,90,12,2026-02-26T05:42:47.919635
14708,Unknown,United Kingdom,Recent Customers,3.8113,40.2275,557.52,0.6367349066337685,Low Potential,90,12,2026-02-26T05:42:47.919635
14709,Unknown,United Kingdom,Champions,22.6636,26.9267,2219.11,0.6386311589448211,Medium Potential,90,12,2026-02-26T05:42:47.919635
14710,Unknown,United Kingdom,Recent Customers,1675.346,5.9624,36323.94,0.641895024902707,Medium Potential,90,12,2026-02-26T05:42:47.919635
14711,Unknown,United Kingdom,Loyal Customers,46.7684,6.0973,1036.95,0.6385226497005074,Low Potential,90,12,2026-02-26T05:42:47.919635
14712,Unknown,United Kingdom,Promising,288.1175,99.12,103848.02,0.6402610121462423,High Potential,90,12,2026-02-26T05:42:47.919635
14713,Unknown,United Kingdom,Champions,37.0019,7.5286,1012.99,0.6402610121462423,Low Potential,90,12,2026-02-26T05:42:47.919635
14715,Unknown,United Kingdom,Loyal Customers,13.2283,12.1312,583.55,0.643041314451059,Low Potential,90,12,2026-02-26T05:42:47.919635
14719,Unknown,United Kingdom,Loyal Customers,44.2047,6.2832,1009.99,0.6402066167499753,Low Potential,90,12,2026-02-26T05:42:47.919635
14720,Unknown,United Kingdom,Loyal Customers,10.1295,17.9408,660.84,0.641840490683726,Low Potential,90,12,2026-02-26T05:42:47.919635
14723,Unknown,United Kingdom,Recent Customers,13.9909,4.3681,222.23,0.6287250926223397,Low Potential,90,12,2026-02-26T05:42:47.919635
14727,Unknown,United Kingdom,Need Attention,575.8434,26.858,56240.01,0.6398259783514365,High Potential,90,12,2026-02-26T05:42:47.919635
14729,Unknown,United Kingdom,Need Attention,3766.5554,4.4586,61067.51,0.6065306597126334,High Potential,90,12,2026-02-26T05:42:47.919635
14730,Unknown,United Kingdom,Loyal Customers,166.5024,3.9022,2362.64,0.6370054547098494,Medium Potential,90,12,2026-02-26T05:42:47.919635
14731,Unknown,United Kingdom,Promising,1328.1584,5.2635,25420.95,0.6416224001351336,Medium Potential,90,12,2026-02-26T05:42:47.919635
14732,Unknown,United Kingdom,Champions,22.6542,17.7999,1466.34,0.6434785344338476,Low Potential,90,12,2026-02-26T05:42:47.919635
14733,Unknown,United Kingdom,Champions,9.1975,51.3399,1717.09,0.641404383691382,Low Potential,90,12,2026-02-26T05:42:47.919635
14735,Unknown,United Kingdom,Recent Customers,8.5181,33.3604,1033.34,0.6337126072892719,Low Potential,90,12,2026-02-26T05:42:47.919635
14737,Unknown,United Kingdom,Need Attention,5.347,81.1722,1578.28,0.6337126072892719,Low Potential,90,12,2026-02-26T05:42:47.919635
14738,Unknown,United Kingdom,Potential Loyalists,7.8059,26.2638,745.5,0.6432598872954712,Low Potential,90,12,2026-02-26T05:42:47.919635
14739,Unknown,United Kingdom,Potential Loyalists,8.5873,67.8464,2118.61,0.6335511038435279,Medium Potential,90,12,2026-02-26T05:42:47.919635
14740,Unknown,United Kingdom,Need Attention,1687.922,17.37,106615.29,0.625156281017392,High Potential,90,12,2026-02-26T05:42:47.919635
14741,Unknown,United Kingdom,At Risk,492.5855,20.5,36720.01,0.6081302547245364,Medium Potential,90,12,2026-02-26T05:42:47.919635
14744,Unknown,United Kingdom,Promising,1.0157,38.5938,142.54,0.641895024902707,Low Potential,90,12,2026-02-26T05:42:47.919635
14745,Unknown,United Kingdom,Promising,1375.2306,14.2112,71067.92,0.6366808108089309,High Potential,90,12,2026-02-26T05:42:47.919635
14747,Unknown,United Kingdom,About to Sleep,1020.6136,18.2333,67669.65,0.6300084228646686,High Potential,90,12,2026-02-26T05:42:47.919635
14748,Unknown,United Kingdom,Champions,10.0575,15.9073,581.77,0.6416224001351336,Low Potential,90,12,2026-02-26T05:42:47.919635
14755,Unknown,United Kingdom,Recent Customers,1550.5558,18.0911,102004.58,0.6380887970590081,High Potential,90,12,2026-02-26T05:42:47.919635
14759,Unknown,United Kingdom,Recent Customers,2844.2057,15.1024,156197.57,0.6320457217532791,High Potential,90,12,2026-02-26T05:42:47.919635
14761,Unknown,United Kingdom,Recent Customers,6.371,23.2636,538.95,0.6435332078298328,Low Potential,90,12,2026-02-26T05:42:47.919635
14765,Unknown,United Kingdom,Promising,1786.3282,5.1165,33235.45,0.6402610121462423,Medium Potential,90,12,2026-02-26T05:42:47.919635
14766,Unknown,United Kingdom,Loyal Customers,6.7354,19.5933,479.89,0.6399347090807783,Low Potential,90,12,2026-02-26T05:42:47.919635
14768,Unknown,United Kingdom,At Risk,226.8801,33.3,27473.12,0.6302225657663681,Medium Potential,90,12,2026-02-26T05:42:47.919635
14769,Unknown,United Kingdom,Promising,1372.3126,14.2488,71104.76,0.6353299078348292,High Potential,90,12,2026-02-26T05:42:47.919635
14775,Unknown,United Kingdom,Loyal Customers,3.4786,17.925,226.74,0.6435332078298328,Low Potential,90,12,2026-02-26T05:42:47.919635
14776,Unknown,United Kingdom,About to Sleep,454.8024,26.82,44355.64,0.6316699354601715,High Potential,90,12,2026-02-26T05:42:47.919635
14778,Unknown,United Kingdom,Recent Customers,330.8668,20.8817,25123.86,0.6302225657663681,Medium Potential,90,12,2026-02-26T05:42:47.919635
14779,Unknown,United Kingdom,At Risk,340.1756,6.3333,7834.31,0.6299548985095023,Medium Potential,90,12,2026-02-26T05:42:47.919635
14788,Unknown,United Kingdom,About to Sleep,846.834,20.7327,63844.2,0.6272844705605466,High Potential,90,12,2026-02-26T05:42:47.919635
14789,Unknown,United Kingdom,Promising,346.6528,32.94,41522.7,0.6419495637552085,High Potential,90,12,2026-02-26T05:42:47.919635
14790,Unknown,United Kingdom,Potential Loyalists,66.4871,13.8265,3342.85,0.6434238656828135,Medium Potential,90,12,2026-02-26T05:42:47.919635
14792,Unknown,United Kingdom,About to Sleep,114.34,3.1,1288.92,0.6352219595031147,Low Potential,90,12,2026-02-26T05:42:47.919635
14794,Unknown,United Kingdom,Recent Customers,28.2673,17.7037,1819.77,0.6386311589448211,Low Potential,90,12,2026-02-26T05:42:47.919635
14796,Unknown,United Kingdom,Champions,56.6058,7.7621,1597.75,0.6417314361447506,Low Potential,90,12,2026-02-26T05:42:47.919635
14798,Unknown,United Kingdom,At Risk,338.4459,12.6133,15523.34,0.6267517449275591,Medium Potential,90,12,2026-02-26T05:42:47.919635
14800,Unknown,United Kingdom,Champions,25.3472,11.3698,1047.97,0.641895024902707,Low Potential,90,12,2026-02-26T05:42:47.919635
14801,Unknown,United Kingdom,Recent Customers,3218.4276,3.3588,39309.29,0.63857690201788,Medium Potential,90,12,2026-02-26T05:42:47.919635
14803,Unknown,United Kingdom,About to Sleep,287.1888,37.728,39400.21,0.6381972325752837,Medium Potential,90,12,2026-02-26T05:42:47.919635
14804,Unknown,United Kingdom,Need Attention,675.6853,29.4392,72333.22,0.6256344932697319,High Potential,90,12,2026-02-26T05:42:47.919635
14808,Unknown,United Kingdom,Recent Customers,1843.3252,12.7519,85475.99,0.6400434582875998,High Potential,90,12,2026-02-26T05:42:47.919635
14810,Unknown,United Kingdom,Recent Customers,6.5013,8.5387,201.86,0.6380887970590081,Low Potential,90,12,2026-02-26T05:42:47.919635
14813,Unknown,United Kingdom,About to Sleep,1378.6788,4.3032,21573.57,0.6127461204705137,Medium Potential,90,12,2026-02-26T05:42:47.919635
14815,Unknown,United Kingdom,Recent Customers,2999.0187,14.6887,160187.95,0.6287250926223397,High Potential,90,12,2026-02-26T05:42:47.919635
14817,Unknown,United Kingdom,Promising,1942.6235,17.0821,120669.41,0.6348442847602177,High Potential,90,12,2026-02-26T05:42:47.919635
14819,Unknown,United Kingdom,At Risk,570.2444,18.735,38849.2,0.6336049337516346,Medium Potential,90,12,2026-02-26T05:42:47.919635
14820,Unknown,United Kingdom,At Risk,456.2343,17.3875,28846.45,0.6336587682334197,Medium Potential,90,12,2026-02-26T05:42:47.919635
14821,Unknown,United Kingdom,At Risk,111.1598,24.4,9862.91,0.6175544073129242,Medium Potential,90,12,2026-02-26T05:42:47.919635
14823,Unknown,United Kingdom,Recent Customers,1389.5594,4.6158,23323.38,0.64331454211402,Medium Potential,90,12,2026-02-26T05:42:47.919635
14824,Unknown,United Kingdom,Recent Customers,10.8549,29.2594,1154.94,0.6385226497005074,Low Potential,90,12,2026-02-26T05:42:47.919635
14825,Unknown,United Kingdom,Loyal Customers,4.9353,22.1836,398.12,0.641840490683726,Low Potential,90,12,2026-02-26T05:42:47.919635
14828,Unknown,United Kingdom,Need Attention,285.6314,116.4,120899.98,0.6347364189402819,High Potential,90,12,2026-02-26T05:42:47.919635
14829,Unknown,United Kingdom,Recent Customers,3.3281,15.6911,189.9,0.6402610121462423,Low Potential,90,12,2026-02-26T05:42:47.919635
14834,Unknown,United Kingdom,Potential Loyalists,43.4385,22.0646,3485.28,0.6435332078298328,Medium Potential,90,12,2026-02-26T05:42:47.919635
14836,Unknown,United Kingdom,Need Attention,4.7357,15.81,272.26,0.6419495637552085,Low Potential,90,12,2026-02-26T05:42:47.919635
14837,Unknown,United Kingdom,Recent Customers,1039.7816,16.8856,63844.86,0.641840490683726,High Potential,90,12,2026-02-26T05:42:47.919635
14841,Unknown,United Kingdom,Loyal Customers,68.4125,25.9931,6466.37,0.641895024902707,Medium Potential,90,12,2026-02-26T05:42:47.919635
14842,Unknown,United Kingdom,Loyal Customers,41.6119,21.128,3197.0,0.6318846431180163,Medium Potential,90,12,2026-02-26T05:42:47.919635
14844,Unknown,United Kingdom,Champions,40.9551,24.2405,3610.08,0.6432052371202953,Medium Potential,90,12,2026-02-26T05:42:47.919635
14849,Unknown,United Kingdom,Champions,18.0807,19.6166,1289.75,0.6434238656828135,Low Potential,90,12,2026-02-26T05:42:47.919635
14850,Unknown,United Kingdom,About to Sleep,1181.445,15.5119,66641.66,0.6251031688912595,High Potential,90,12,2026-02-26T05:42:47.919635
14852,Unknown,United Kingdom,Champions,14.9905,19.2373,1048.64,0.6435332078298328,Low Potential,90,12,2026-02-26T05:42:47.919635
14853,Unknown,United Kingdom,Promising,173.6802,71.5,45156.85,0.6432598872954712,High Potential,90,12,2026-02-26T05:42:47.919635
14854,Unknown,United Kingdom,Potential Loyalists,5.9278,23.4057,504.52,0.6398259783514365,Low Potential,90,12,2026-02-26T05:42:47.919635
14855,Unknown,United Kingdom,Promising,463.2652,42.4125,71448.13,0.6434238656828135,High Potential,90,12,2026-02-26T05:42:47.919635
14856,Unknown,United Kingdom,About to Sleep,905.3641,19.2569,63398.2,0.6287250926223397,High Potential,90,12,2026-02-26T05:42:47.919635
14857,Unknown,United Kingdom,Loyal Customers,1790.8871,20.9871,136674.64,0.641895024902707,High Potential,90,12,2026-02-26T05:42:47.919635
14863,Unknown,United Kingdom,Promising,633.8584,24.2509,55896.86,0.6402610121462423,High Potential,90,12,2026-02-26T05:42:47.919635
14865,Unknown,United Kingdom,At Risk,0.6187,13.05,29.36,0.6272844705605466,Low Potential,90,12,2026-02-26T05:42:47.919635
14866,Unknown,United Kingdom,Loyal Customers,4.063,176.2762,2604.4,0.641895024902707,Medium Potential,90,12,2026-02-26T05:42:47.919635
14867,Unknown,United Kingdom,Recent Customers,33.1842,19.73,2380.82,0.6350061178607801,Medium Potential,90,12,2026-02-26T05:42:47.919635
14868,Unknown,United Kingdom,Champions,16.6654,20.5275,1244.0,0.6417859610978717,Low Potential,90,12,2026-02-26T05:42:47.919635
14869,Unknown,United Kingdom,About to Sleep,1182.4492,15.9233,68467.25,0.6256344932697319,High Potential,90,12,2026-02-26T05:42:47.919635
14871,Unknown,United Kingdom,Need Attention,1939.1606,4.7847,33739.28,0.6337126072892719,Medium Potential,90,12,2026-02-26T05:42:47.919635
14878,Unknown,United Kingdom,Recent Customers,4.5032,12.0957,198.07,0.64331454211402,Low Potential,90,12,2026-02-26T05:42:47.919635
14880,Unknown,United Kingdom,Need Attention,971.5594,12.8512,45402.56,0.6350061178607801,High Potential,90,12,2026-02-26T05:42:47.919635
14882,Unknown,United Kingdom,About to Sleep,342.1757,41.3167,51409.35,0.6336587682334197,High Potential,90,12,2026-02-26T05:42:47.919635
14883,Unknown,United Kingdom,Recent Customers,1099.9744,16.3453,65379.68,0.6432598872954712,High Potential,90,12,2026-02-26T05:42:47.919635
14886,Unknown,United Kingdom,Need Attention,1012.8392,20.2667,74643.3,0.6252093976562161,High Potential,90,12,2026-02-26T05:42:47.919635
14889,Unknown,United Kingdom,At Risk,571.2628,13.59,28230.77,0.6347364189402819,Medium Potential,90,12,2026-02-26T05:42:47.919635
14891,Unknown,United Kingdom,Promising,1535.0884,16.6437,92907.46,0.6317236055340981,High Potential,90,12,2026-02-26T05:42:47.919635
14895,Unknown,United Kingdom,Champions,50.6895,23.113,4260.31,0.6402610121462423,Medium Potential,90,12,2026-02-26T05:42:47.919635
14896,Unknown,United Kingdom,Need Attention,1783.2473,8.0381,52123.35,0.6191830751035756,High Potential,90,12,2026-02-26T05:42:47.919635
14897,Unknown,United Kingdom,Loyal Customers,4.8261,31.5984,554.53,0.6434785344338476,Low Potential,90,12,2026-02-26T05:42:47.919635
14898,Unknown,United Kingdom,Promising,1.2143,22.2375,98.19,0.6397716199148393,Low Potential,90,12,2026-02-26T05:42:47.919635
14901,Unknown,United Kingdom,Loyal Customers,5.5736,11.7892,238.94,0.6434785344338476,Low Potential,90,12,2026-02-26T05:42:47.919635
14903,Unknown,United Kingdom,Loyal Customers,320.0975,8.6878,10112.52,0.6351140295128037,Medium Potential,90,12,2026-02-26T05:42:47.919635
14904,Unknown,United Kingdom,Recent Customers,2687.4455,13.3719,130677.28,0.6353299078348292,High Potential,90,12,2026-02-26T05:42:47.919635
14905,Unknown,United Kingdom,About to Sleep,454.8796,38.45,63600.44,0.631777280168123,High Potential,90,12,2026-02-26T05:42:47.919635
14907,Unknown,United Kingdom,Champions,11.9822,21.6569,943.63,0.6419495637552085,Low Potential,90,12,2026-02-26T05:42:47.919635
14910,Unknown,United Kingdom,Need Attention,26.752,15.1743,1476.16,0.6369513358997455,Low Potential,90,12,2026-02-26T05:42:47.919635
14911,Unknown,EIRE,Champions,179.0721,26.0186,16942.56,0.6435332078298328,Medium Potential,90,12,2026-02-26T05:42:47.919635
14912,Unknown,Italy,Need Attention,799.9718,34.485,100316.46,0.6348982245439281,High Potential,90,12,2026-02-26T05:42:47.919635
14913,Unknown,United Kingdom,Loyal Customers,19.6191,13.2366,944.33,0.6415133826517266,Low Potential,90,12,2026-02-26T05:42:47.919635
14915,Unknown,United Kingdom,Promising,10.1412,25.6233,944.91,0.6385226497005074,Low Potential,90,12,2026-02-26T05:42:47.919635
14916,Unknown,United Kingdom,Need Attention,914.6419,16.655,55394.04,0.6351679922154785,High Potential,90,12,2026-02-26T05:42:47.919635
14918,Unknown,United Kingdom,Recent Customers,1146.1228,38.271,159502.78,0.6367349066337685,High Potential,90,12,2026-02-26T05:42:47.919635
14920,Unknown,United Kingdom,Loyal Customers,3291.5229,17.1539,205318.02,0.6416224001351336,High Potential,90,12,2026-02-26T05:42:47.919635
14921,Unknown,United Kingdom,Recent Customers,1436.9201,16.5224,86332.25,0.6386311589448211,High Potential,90,12,2026-02-26T05:42:47.919635
14924,Unknown,United Kingdom,Need Attention,572.9154,31.005,64593.61,0.6365726329465102,High Potential,90,12,2026-02-26T05:42:47.919635
14929,Unknown,United Kingdom,Need Attention,628.9232,20.3527,46546.49,0.6352759313761016,High Potential,90,12,2026-02-26T05:42:47.919635
14930,Unknown,Channel Islands,Loyal Customers,3570.229,17.8085,231201.54,0.6398259783514365,High Potential,90,12,2026-02-26T05:42:47.919635
14931,Unknown,Channel Islands,About to Sleep,284.4206,39.68,41039.31,0.6320457217532791,Medium Potential,90,12,2026-02-26T05:42:47.919635
14932,Unknown,Channel Islands,Need Attention,947.3501,21.3841,73666.29,0.6191830751035756,High Potential,90,12,2026-02-26T05:42:47.919635
14934,Unknown,Channel Islands,Recent Customers,2200.0855,21.2523,170025.01,0.6268049971255752,High Potential,90,12,2026-02-26T05:42:47.919635
14936,Unknown,Channel Islands,Loyal Customers,111.9046,20.5332,8355.49,0.6381972325752837,Medium Potential,90,12,2026-02-26T05:42:47.919635
14937,Unknown,Channel Islands,Need Attention,731.7436,58.4277,155469.44,0.6254219093460998,High Potential,90,12,2026-02-26T05:42:47.919635
14944,Unknown,United Kingdom,Champions,36.0147,33.8992,4439.53,0.6402610121462423,Medium Potential,90,12,2026-02-26T05:42:47.919635
14947,Unknown,United Kingdom,At Risk,562.8797,17.85,36536.01,0.6254219093460998,Medium Potential,90,12,2026-02-26T05:42:47.919635
14948,Unknown,United Kingdom,Need Attention,19.5892,18.9874,1352.54,0.630061951767552,Low Potential,90,12,2026-02-26T05:42:47.919635
14952,Unknown,United Kingdom,Champions,8.2146,61.9653,1850.98,0.6434785344338476,Medium Potential,90,12,2026-02-26T05:42:47.919635
14958,Unknown,United Kingdom,Recent Customers,65.1938,11.4039,2703.5,0.6365726329465102,Medium Potential,90,12,2026-02-26T05:42:47.919635
14959,Unknown,United Kingdom,Recent Customers,30.6945,13.1857,1471.74,0.636626719579975,Low Potential,90,12,2026-02-26T05:42:47.919635
14960,Unknown,United Kingdom,At Risk,1182.4492,5.4171,23292.53,0.6256344932697319,Medium Potential,90,12,2026-02-26T05:42:47.919635
14961,Unknown,United Kingdom,Champions,87.4871,20.462,6509.68,0.6385226497005074,Medium Potential,90,12,2026-02-26T05:42:47.919635
14963,Unknown,United Kingdom,Potential Loyalists,60.7543,5.7838,1277.78,0.6383599204018852,Low Potential,90,12,2026-02-26T05:42:47.919635
14964,Unknown,United Kingdom,Need Attention,740.94,15.8623,42738.23,0.6332820228945715,High Potential,90,12,2026-02-26T05:42:47.919635
14965,Unknown,United Kingdom,Recent Customers,4537.988,7.4105,122286.4,0.6302761128639838,High Potential,90,12,2026-02-26T05:42:47.919635
14968,Unknown,United Kingdom,Promising,2126.6418,3.9889,30847.13,0.6386311589448211,Medium Potential,90,12,2026-02-26T05:42:47.919635
14970,Unknown,United Kingdom,Promising,36.6136,38.2108,5087.4,0.6271778892218242,Medium Potential,90,12,2026-02-26T05:42:47.919635
14971,Unknown,United Kingdom,Recent Customers,2950.1935,9.3383,100181.06,0.6303832207085496,High Potential,90,12,2026-02-26T05:42:47.919635
14972,Unknown,United Kingdom,At Risk,1018.2751,6.3761,23609.54,0.6285648602587788,Medium Potential,90,12,2026-02-26T05:42:47.919635
14974,Unknown,United Kingdom,At Risk,959.6637,5.2906,18462.53,0.6272311776273506,Medium Potential,90,12,2026-02-26T05:42:47.919635
14976,Unknown,United Kingdom,Need Attention,1151.6868,5.7785,24200.08,0.6398259783514365,Medium Potential,90,12,2026-02-26T05:42:47.919635
14981,Unknown,United Kingdom,At Risk,457.1267,12.765,21218.99,0.6348982245439281,Medium Potential,90,12,2026-02-26T05:42:47.919635
14984,Unknown,United Kingdom,Promising,926.3729,6.3894,21523.52,0.64331454211402,Medium Potential,90,12,2026-02-26T05:42:47.919635
14987,Unknown,United Kingdom,At Risk,111.453,81.6,33071.14,0.6191830751035756,Medium Potential,90,12,2026-02-26T05:42:47.919635
14988,Unknown,United Kingdom,Potential Loyalists,2315.7356,8.3635,70427.84,0.6432598872954712,High Potential,90,12,2026-02-26T05:42:47.919635
14995,Unknown,United Kingdom,Need Attention,41.4848,3.8663,583.25,0.6299548985095023,Low Potential,90,12,2026-02-26T05:42:47.919635
14997,Unknown,United Kingdom,Recent Customers,694.9568,23.2,58629.08,0.6434785344338476,High Potential,90,12,2026-02-26T05:42:47.919635
14998,Unknown,United Kingdom,Recent Customers,2431.3158,4.3724,38657.04,0.6432052371202953,Medium Potential,90,12,2026-02-26T05:42:47.919635
15002,Unknown,United Kingdom,Recent Customers,10.474,15.3593,584.99,0.6314553007576973,Low Potential,90,12,2026-02-26T05:42:47.919635
15005,Unknown,United Kingdom,Loyal Customers,64.1404,5.5447,1293.23,0.6380887970590081,Low Potential,90,12,2026-02-26T05:42:47.919635
15007,Unknown,United Kingdom,At Risk,678.7924,13.0758,32275.47,0.6285114585460324,Medium Potential,90,12,2026-02-26T05:42:47.919635
15010,Unknown,United Kingdom,Need Attention,1134.6898,15.447,63736.56,0.6303832207085496,High Potential,90,12,2026-02-26T05:42:47.919635
15012,Unknown,United Kingdom,Need Attention,2511.0369,3.7454,34199.41,0.6065306597126334,Medium Potential,90,12,2026-02-26T05:42:47.919635
15017,Unknown,United Kingdom,About to Sleep,1140.5858,6.279,26042.68,0.6336587682334197,Medium Potential,90,12,2026-02-26T05:42:47.919635
15018,Unknown,United Kingdom,Need Attention,9.5376,16.0068,555.15,0.6255813405155674,Low Potential,90,12,2026-02-26T05:42:47.919635
15021,Unknown,United Kingdom,Potential Loyalists,34.3203,4.9482,617.54,0.6334434577467953,Low Potential,90,12,2026-02-26T05:42:47.919635
15023,Unknown,United Kingdom,Loyal Customers,36.1878,11.6485,1532.85,0.6365185509081462,Low Potential,90,12,2026-02-26T05:42:47.919635
15024,Unknown,United Kingdom,Champions,11.0331,11.3991,457.34,0.6419495637552085,Low Potential,90,12,2026-02-26T05:42:47.919635
15025,Unknown,United Kingdom,Recent Customers,3763.9331,5.4085,74026.3,0.6336587682334197,High Potential,90,12,2026-02-26T05:42:47.919635
15026,Unknown,United Kingdom,About to Sleep,1142.7197,5.449,22642.47,0.6348442847602177,Medium Potential,90,12,2026-02-26T05:42:47.919635
15027,Unknown,United Kingdom,Promising,3.6149,41.19,541.45,0.6386311589448211,Low Potential,90,12,2026-02-26T05:42:47.919635
15028,Unknown,United Kingdom,About to Sleep,4.9992,15.8247,287.68,0.6256344932697319,Low Potential,90,12,2026-02-26T05:42:47.919635
15031,Unknown,United Kingdom,Loyal Customers,23.7745,5.9586,515.14,0.6386311589448211,Low Potential,90,12,2026-02-26T05:42:47.919635
15032,Unknown,United Kingdom,Recent Customers,1556.2371,98.5964,557961.37,0.6175544073129242,High Potential,90,12,2026-02-26T05:42:47.919635
15033,Unknown,United Kingdom,Potential Loyalists,39.4478,3.5056,502.87,0.6367890070548783,Low Potential,90,12,2026-02-26T05:42:47.919635
15034,Unknown,United Kingdom,Champions,44.3739,11.0333,1780.33,0.6419495637552085,Low Potential,90,12,2026-02-26T05:42:47.919635
15035,Unknown,United Kingdom,Recent Customers,1501.9067,9.2877,50724.58,0.641840490683726,High Potential,90,12,2026-02-26T05:42:47.919635
15038,Unknown,United Kingdom,Champions,12.3465,5.4959,246.75,0.6435332078298328,Low Potential,90,12,2026-02-26T05:42:47.919635
15039,Unknown,United Kingdom,Champions,74.0244,13.7985,3714.28,0.6397172660964349,Medium Potential,90,12,2026-02-26T05:42:47.919635
15043,Unknown,United Kingdom,Need Attention,171.9769,179.0,111941.33,0.6369513358997455,High Potential,90,12,2026-02-26T05:42:47.919635
15044,Unknown,United Kingdom,Champions,24.485,16.2834,1449.81,0.6432052371202953,Low Potential,90,12,2026-02-26T05:42:47.919635
15045,Unknown,United Kingdom,Promising,462.0466,43.345,72826.95,0.6417314361447506,High Potential,90,12,2026-02-26T05:42:47.919635
15046,Unknown,United Kingdom,Champions,24.269,25.0858,2213.84,0.6397716199148393,Medium Potential,90,12,2026-02-26T05:42:47.919635
15048,Unknown,United Kingdom,Recent Customers,12.8481,4.1836,195.46,0.63193833143466,Low Potential,90,12,2026-02-26T05:42:47.919635
15049,Unknown,United Kingdom,Need Attention,173.2086,40.39,25439.62,0.6415133826517266,Medium Potential,90,12,2026-02-26T05:42:47.919635
15051,Unknown,United Kingdom,Potential Loyalists,1968.7098,11.11,79535.88,0.6433692015763358,High Potential,90,12,2026-02-26T05:42:47.919635
15053,Unknown,United Kingdom,Recent Customers,39.7882,10.2124,1477.57,0.6334434577467953,Low Potential,90,12,2026-02-26T05:42:47.919635
15057,Unknown,United Kingdom,Need Attention,172.3133,119.5,74877.96,0.6381972325752837,High Potential,90,12,2026-02-26T05:42:47.919635
15058,Unknown,United Kingdom,Loyal Customers,54.3171,9.0451,1786.56,0.6398803414066186,Low Potential,90,12,2026-02-26T05:42:47.919635
15059,Unknown,United Kingdom,Recent Customers,146.7604,5.3636,2862.41,0.6380887970590081,Medium Potential,90,12,2026-02-26T05:42:47.919635
15060,Unknown,United Kingdom,At Risk,450.4568,2.0762,3400.87,0.6256344932697319,Medium Potential,90,12,2026-02-26T05:42:47.919635
15061,Unknown,United Kingdom,Champions,17.3417,146.6725,9249.27,0.6432598872954712,Medium Potential,90,12,2026-02-26T05:42:47.919635
15062,Unknown,United Kingdom,Need Attention,1197.0047,16.8124,73180.08,0.6333358299401141,High Potential,90,12,2026-02-26T05:42:47.919635
15063,Unknown,United Kingdom,Promising,287.9706,74.16,77657.82,0.6399347090807783,High Potential,90,12,2026-02-26T05:42:47.919635
15065,Unknown,United Kingdom,About to Sleep,959.6637,17.6106,61455.47,0.6272311776273506,High Potential,90,12,2026-02-26T05:42:47.919635
15067,Unknown,United Kingdom,Promising,1974.4357,24.23,173965.73,0.6268049971255752,High Potential,90,12,2026-02-26T05:42:47.919635
15070,Unknown,United Kingdom,At Risk,54.7317,106.2,21136.39,0.6081302547245364,Medium Potential,90,12,2026-02-26T05:42:47.919635
15071,Unknown,United Kingdom,Recent Customers,26.6675,37.7719,3662.84,0.6381972325752837,Medium Potential,90,12,2026-02-26T05:42:47.919635
15073,Unknown,United Kingdom,Potential Loyalists,83.8208,19.59,5971.09,0.6350061178607801,Medium Potential,90,12,2026-02-26T05:42:47.919635
15078,Unknown,United Kingdom,Loyal Customers,18.393,22.567,1509.36,0.6384684019923119,Low Potential,90,12,2026-02-26T05:42:47.919635
15079,Unknown,United Kingdom,Recent Customers,3.3076,22.0133,264.77,0.6416224001351336,Low Potential,90,12,2026-02-26T05:42:47.919635
15081,Unknown,United Kingdom,About to Sleep,2.2599,15.9542,131.11,0.63193833143466,Low Potential,90,12,2026-02-26T05:42:47.919635
15087,Unknown,United Kingdom,About to Sleep,848.2022,20.4627,63114.57,0.6282978970603043,High Potential,90,12,2026-02-26T05:42:47.919635
15088,Unknown,United Kingdom,Recent Customers,2263.218,21.6048,177804.99,0.6286716772965468,High Potential,90,12,2026-02-26T05:42:47.919635
15089,Unknown,United Kingdom,Loyal Customers,53.954,17.9615,3523.98,0.6335511038435279,Medium Potential,90,12,2026-02-26T05:42:47.919635
15090,Unknown,United Kingdom,Need Attention,1303.8959,16.5791,78608.8,0.6299013787016665,High Potential,90,12,2026-02-26T05:42:47.919635
15091,Unknown,United Kingdom,Need Attention,1697.4135,16.0237,98904.89,0.6286716772965468,High Potential,90,12,2026-02-26T05:42:47.919635
15092,Unknown,United Kingdom,Recent Customers,6.9612,17.6081,445.72,0.636626719579975,Low Potential,90,12,2026-02-26T05:42:47.919635
15093,Unknown,United Kingdom,Recent Customers,4.7466,49.8414,860.28,0.6314553007576973,Low Potential,90,12,2026-02-26T05:42:47.919635
15097,Unknown,United Kingdom,Need Attention,1422.1029,9.9232,51315.68,0.6320457217532791,High Potential,90,12,2026-02-26T05:42:47.919635
15098,Unknown,United Kingdom,Need Attention,57.599,297.0,62206.92,0.6399890813743078,High Potential,90,12,2026-02-26T05:42:47.919635
15100,Unknown,United Kingdom,Recent Customers,0.2755,292.0,292.53,0.6397172660964349,Low Potential,90,12,2026-02-26T05:42:47.919635
15101,Unknown,United Kingdom,At Risk,225.2284,53.8125,44073.1,0.6256344932697319,High Potential,90,12,2026-02-26T05:42:47.919635
15103,Unknown,United Kingdom,Recent Customers,1261.1636,18.7127,85817.37,0.6369513358997455,High Potential,90,12,2026-02-26T05:42:47.919635
15104,Unknown,United Kingdom,Need Attention,1579.5486,13.38,76852.22,0.6268049971255752,High Potential,90,12,2026-02-26T05:42:47.919635
15105,Unknown,United Kingdom,Need Attention,1697.4135,18.0343,111315.14,0.6286716772965468,High Potential,90,12,2026-02-26T05:42:47.919635
15106,Unknown,United Kingdom,Loyal Customers,12.7421,13.8561,642.02,0.6432598872954712,Low Potential,90,12,2026-02-26T05:42:47.919635
15107,Unknown,United Kingdom,Promising,1.1048,20.2917,81.52,0.641404383691382,Low Potential,90,12,2026-02-26T05:42:47.919635
15108,Unknown,European Community,Need Attention,36.7775,21.6025,2889.04,0.6333896415573925,Medium Potential,90,12,2026-02-26T05:42:47.919635
15109,Unknown,United Kingdom,Recent Customers,1604.163,17.3196,101030.77,0.6365726329465102,High Potential,90,12,2026-02-26T05:42:47.919635
15110,Unknown,United Kingdom,About to Sleep,568.6479,20.69,42783.0,0.6318309593626331,High Potential,90,12,2026-02-26T05:42:47.919635
15111,Unknown,United Kingdom,Champions,7.9874,18.6605,542.0,0.6402610121462423,Low Potential,90,12,2026-02-26T05:42:47.919635
15114,Unknown,United Kingdom,Champions,50.0338,14.3115,2603.85,0.6414588808563683,Medium Potential,90,12,2026-02-26T05:42:47.919635
15117,Unknown,United Kingdom,Loyal Customers,21.2803,19.3066,1494.0,0.6417859610978717,Low Potential,90,12,2026-02-26T05:42:47.919635
15119,Unknown,United Kingdom,Need Attention,802.0815,19.0286,55499.96,0.6365726329465102,High Potential,90,12,2026-02-26T05:42:47.919635
15123,Unknown,United Kingdom,Recent Customers,2992.1469,21.3177,231947.96,0.6272844705605466,High Potential,90,12,2026-02-26T05:42:47.919635
15124,Unknown,United Kingdom,At Risk,506.5057,10.0833,18571.81,0.6253156444734737,Medium Potential,90,12,2026-02-26T05:42:47.919635
15125,Unknown,United Kingdom,Promising,288.093,75.0,78570.82,0.6402066167499753,High Potential,90,12,2026-02-26T05:42:47.919635
15127,Unknown,United Kingdom,Need Attention,909.9912,25.4081,84076.9,0.63193833143466,High Potential,90,12,2026-02-26T05:42:47.919635
15128,Unknown,United Kingdom,Loyal Customers,22.9861,14.6213,1222.13,0.6402066167499753,Low Potential,90,12,2026-02-26T05:42:47.919635
15129,Unknown,United Kingdom,Need Attention,208.5042,46.3364,35132.12,0.6318309593626331,Medium Potential,90,12,2026-02-26T05:42:47.919635
15133,Unknown,United Kingdom,Potential Loyalists,6.1062,29.8964,663.83,0.6414588808563683,Low Potential,90,12,2026-02-26T05:42:47.919635
15134,Unknown,United Kingdom,Recent Customers,8.9591,18.0454,587.89,0.6399347090807783,Low Potential,90,12,2026-02-26T05:42:47.919635
15136,Unknown,United Kingdom,Potential Loyalists,27.3733,18.6622,1857.62,0.6353299078348292,Medium Potential,90,12,2026-02-26T05:42:47.919635
15139,Unknown,United Kingdom,At Risk,457.0102,15.2625,25364.07,0.6347364189402819,Medium Potential,90,12,2026-02-26T05:42:47.919635
15144,Unknown,United Kingdom,Champions,16.224,32.5151,1918.27,0.6435332078298328,Medium Potential,90,12,2026-02-26T05:42:47.919635
15145,Unknown,United Kingdom,Promising,241.7575,17.0762,15012.0,0.6320457217532791,Medium Potential,90,12,2026-02-26T05:42:47.919635
15150,Unknown,United Kingdom,Loyal Customers,62.6636,14.9818,3413.87,0.6352759313761016,Medium Potential,90,12,2026-02-26T05:42:47.919635
15152,Unknown,United Kingdom,Champions,30.6766,18.0863,2017.55,0.6402066167499753,Medium Potential,90,12,2026-02-26T05:42:47.919635
15153,Unknown,United Kingdom,Promising,1261.1636,14.9659,68634.36,0.6369513358997455,High Potential,90,12,2026-02-26T05:42:47.919635
15156,Unknown,United Kingdom,Potential Loyalists,34.2737,17.4816,2178.76,0.6370054547098494,Medium Potential,90,12,2026-02-26T05:42:47.919635
15157,Unknown,United Kingdom,Potential Loyalists,72.656,11.9804,3165.27,0.6367349066337685,Medium Potential,90,12,2026-02-26T05:42:47.919635
15159,Unknown,United Kingdom,Champions,65.5782,23.5652,5619.5,0.641840490683726,Medium Potential,90,12,2026-02-26T05:42:47.919635
15164,Unknown,United Kingdom,Promising,69.1573,10.3244,2596.39,0.629847863440775,Medium Potential,90,12,2026-02-26T05:42:47.919635
15165,Unknown,United Kingdom,Need Attention,1473.8695,18.0648,96818.76,0.6065306597126334,High Potential,90,12,2026-02-26T05:42:47.919635
15171,Unknown,United Kingdom,Potential Loyalists,289.3686,257.9,271375.13,0.643041314451059,High Potential,90,12,2026-02-26T05:42:47.919635
15172,Unknown,United Kingdom,Need Attention,1463.9847,14.4654,77007.72,0.6256344932697319,High Potential,90,12,2026-02-26T05:42:47.919635
15179,Unknown,United Kingdom,At Risk,56.2688,102.0,20870.61,0.6252093976562161,Medium Potential,90,12,2026-02-26T05:42:47.919635
15180,Unknown,United Kingdom,At Risk,332.6022,14.5833,17637.96,0.6159300234875151,Medium Potential,90,12,2026-02-26T05:42:47.919635
15181,Unknown,United Kingdom,About to Sleep,340.378,42.4133,52496.56,0.6303296645112487,High Potential,90,12,2026-02-26T05:42:47.919635
15182,Unknown,United Kingdom,Need Attention,744.9798,19.4131,52590.43,0.6367349066337685,High Potential,90,12,2026-02-26T05:42:47.919635
15184,Unknown,United Kingdom,Potential Loyalists,14.4642,6.4871,341.2,0.6402610121462423,Low Potential,90,12,2026-02-26T05:42:47.919635
15187,Unknown,United Kingdom,Loyal Customers,7.1939,54.0951,1415.11,0.6416224001351336,Low Potential,90,12,2026-02-26T05:42:47.919635
15189,Unknown,United Kingdom,Champions,14.4281,75.6865,3970.95,0.6432052371202953,Medium Potential,90,12,2026-02-26T05:42:47.919635
15192,Unknown,United Kingdom,Loyal Customers,6.5339,20.4769,486.52,0.6434238656828135,Low Potential,90,12,2026-02-26T05:42:47.919635
15193,Unknown,United Kingdom,Recent Customers,1094.7533,26.28,104618.61,0.6402066167499753,High Potential,90,12,2026-02-26T05:42:47.919635
15194,Unknown,United Kingdom,Loyal Customers,21.5814,26.4002,2071.83,0.6369513358997455,Medium Potential,90,12,2026-02-26T05:42:47.919635
15195,Unknown,United Kingdom,Recent Customers,57.1797,3861.0,802802.99,0.6353299078348292,High Potential,90,12,2026-02-26T05:42:47.919635
15197,Unknown,United Kingdom,About to Sleep,675.2261,18.0625,44350.08,0.6252093976562161,High Potential,90,12,2026-02-26T05:42:47.919635
15198,Unknown,United Kingdom,About to Sleep,17.9112,19.364,1261.21,0.6368431120726507,Low Potential,90,12,2026-02-26T05:42:47.919635
15199,Unknown,United Kingdom,Recent Customers,2.6023,96.465,912.84,0.641895024902707,Low Potential,90,12,2026-02-26T05:42:47.919635
15201,Unknown,United Kingdom,Promising,69.661,19.1658,4854.94,0.6332820228945715,Medium Potential,90,12,2026-02-26T05:42:47.919635
15203,Unknown,United Kingdom,About to Sleep,1125.1857,10.597,43358.52,0.6251031688912595,High Potential,90,12,2026-02-26T05:42:47.919635
15205,Unknown,United Kingdom,Promising,1361.2807,19.8458,98238.93,0.6302225657663681,High Potential,90,12,2026-02-26T05:42:47.919635
15206,Unknown,United Kingdom,Need Attention,0.9694,50.325,177.4,0.6381972325752837,Low Potential,90,12,2026-02-26T05:42:47.919635
15208,Unknown,United Kingdom,Recent Customers,45.1695,21.0231,3453.1,0.6370054547098494,Medium Potential,90,12,2026-02-26T05:42:47.919635
15211,Unknown,United Kingdom,Loyal Customers,7.6238,17.2002,476.84,0.6402066167499753,Low Potential,90,12,2026-02-26T05:42:47.919635
15212,Unknown,United Kingdom,Need Attention,289.4424,20.36,21429.26,0.6432052371202953,Medium Potential,90,12,2026-02-26T05:42:47.919635
15214,Unknown,United Kingdom,Loyal Customers,14.7755,14.0551,755.17,0.6415678890778506,Low Potential,90,12,2026-02-26T05:42:47.919635
15215,Unknown,United Kingdom,Need Attention,907.5976,18.7525,61889.91,0.6302761128639838,High Potential,90,12,2026-02-26T05:42:47.919635
15218,Unknown,United Kingdom,Promising,969.0038,38.1029,134261.29,0.6333358299401141,High Potential,90,12,2026-02-26T05:42:47.919635
15220,Unknown,United Kingdom,Need Attention,1304.0066,13.7439,65171.4,0.6299548985095023,High Potential,90,12,2026-02-26T05:42:47.919635
15221,Unknown,United Kingdom,About to Sleep,277.8995,80.65,81500.34,0.6175544073129242,High Potential,90,12,2026-02-26T05:42:47.919635
15223,Unknown,United Kingdom,About to Sleep,680.4091,25.0708,62030.55,0.6300084228646686,High Potential,90,12,2026-02-26T05:42:47.919635
15224,Unknown,United Kingdom,At Risk,112.318,5.8,2368.89,0.623988855995589,Medium Potential,90,12,2026-02-26T05:42:47.919635
15226,Unknown,United Kingdom,At Risk,451.2613,19.3012,31672.31,0.6267517449275591,Medium Potential,90,12,2026-02-26T05:42:47.919635
15227,Unknown,United Kingdom,Recent Customers,10.5238,21.4567,821.11,0.636626719579975,Low Potential,90,12,2026-02-26T05:42:47.919635
15228,Unknown,United Kingdom,Loyal Customers,76.2596,26.0154,7214.27,0.6303296645112487,Medium Potential,90,12,2026-02-26T05:42:47.919635
15234,Unknown,United Kingdom,Need Attention,802.0134,14.0714,41038.0,0.6365185509081462,Medium Potential,90,12,2026-02-26T05:42:47.919635
15235,Unknown,United Kingdom,Recent Customers,7.6471,15.5829,433.32,0.6348982245439281,Low Potential,90,12,2026-02-26T05:42:47.919635
15237,Unknown,United Kingdom,About to Sleep,401.3134,11.9429,17428.53,0.6370054547098494,Medium Potential,90,12,2026-02-26T05:42:47.919635
15238,Unknown,United Kingdom,Loyal Customers,18.5882,21.4398,1449.19,0.6402610121462423,Low Potential,90,12,2026-02-26T05:42:47.919635
15240,Unknown,United Kingdom,Loyal Customers,7.2361,24.89,654.93,0.6432052371202953,Low Potential,90,12,2026-02-26T05:42:47.919635
15241,Unknown,United Kingdom,Potential Loyalists,16.5818,15.7706,950.93,0.6383599204018852,Low Potential,90,12,2026-02-26T05:42:47.919635
15244,Unknown,United Kingdom,Promising,322.2885,18.5756,21769.83,0.63193833143466,Medium Potential,90,12,2026-02-26T05:42:47.919635
15245,Unknown,United Kingdom,Need Attention,909.682,30.39,100528.13,0.6317236055340981,High Potential,90,12,2026-02-26T05:42:47.919635
15247,Unknown,United Kingdom,Need Attention,344.7729,59.3333,74387.32,0.6384684019923119,High Potential,90,12,2026-02-26T05:42:47.919635
15249,Unknown,United Kingdom,Champions,43.6684,19.7624,3138.15,0.6434238656828135,Medium Potential,90,12,2026-02-26T05:42:47.919635
15251,Unknown,United Kingdom,Champions,15.7268,96.0503,5492.96,0.6433692015763358,Medium Potential,90,12,2026-02-26T05:42:47.919635
15252,Unknown,United Kingdom,Potential Loyalists,14.1224,16.8359,864.59,0.6383599204018852,Low Potential,90,12,2026-02-26T05:42:47.919635
15253,Unknown,United Kingdom,Potential Loyalists,1505.7398,17.9519,98294.15,0.6434785344338476,High Potential,90,12,2026-02-26T05:42:47.919635
15254,Unknown,United Kingdom,Need Attention,1020.9606,16.6867,61950.78,0.6302225657663681,High Potential,90,12,2026-02-26T05:42:47.919635
15255,Unknown,United Kingdom,Recent Customers,2666.2945,18.9543,183773.62,0.6303296645112487,High Potential,90,12,2026-02-26T05:42:47.919635
15257,Unknown,United Kingdom,At Risk,393.8485,45.3071,64887.76,0.625156281017392,High Potential,90,12,2026-02-26T05:42:47.919635
15258,Unknown,United Kingdom,Need Attention,912.0036,19.7288,65428.13,0.6333358299401141,High Potential,90,12,2026-02-26T05:42:47.919635
15260,Unknown,United Kingdom,Recent Customers,3.9273,24.4964,349.84,0.6333896415573925,Low Potential,90,12,2026-02-26T05:42:47.919635
15264,Unknown,United Kingdom,Promising,1311.5622,17.1191,81646.42,0.6336049337516346,High Potential,90,12,2026-02-26T05:42:47.919635
15265,Unknown,United Kingdom,Loyal Customers,2310.2332,19.847,166731.63,0.6417314361447506,High Potential,90,12,2026-02-26T05:42:47.919635
15266,Unknown,United Kingdom,At Risk,340.9859,19.8833,24654.27,0.6314553007576973,Medium Potential,90,12,2026-02-26T05:42:47.919635
15267,Unknown,United Kingdom,Potential Loyalists,2.9702,190.97,2062.61,0.6435332078298328,Medium Potential,90,12,2026-02-26T05:42:47.919635
15270,Unknown,United Kingdom,Recent Customers,2.5376,60.1,554.58,0.6414588808563683,Low Potential,90,12,2026-02-26T05:42:47.919635
15271,Unknown,United Kingdom,Champions,12.609,13.5578,621.64,0.64331454211402,Low Potential,90,12,2026-02-26T05:42:47.919635
15274,Unknown,United Kingdom,Need Attention,1251.4505,15.1173,68794.74,0.6320457217532791,High Potential,90,12,2026-02-26T05:42:47.919635
15275,Unknown,United Kingdom,Promising,2314.483,15.0034,126273.14,0.6272311776273506,High Potential,90,12,2026-02-26T05:42:47.919635
15276,Unknown,United Kingdom,Need Attention,2779.7538,2.6251,26535.02,0.6303296645112487,Medium Potential,90,12,2026-02-26T05:42:47.919635
15281,Unknown,United Kingdom,Loyal Customers,23.3129,16.0186,1357.96,0.6435332078298328,Low Potential,90,12,2026-02-26T05:42:47.919635
15288,Unknown,United Kingdom,Recent Customers,6.9047,15.2225,382.21,0.6350600713947008,Low Potential,90,12,2026-02-26T05:42:47.919635
15289,Unknown,United Kingdom,Recent Customers,8.7952,21.2845,680.73,0.6402610121462423,Low Potential,90,12,2026-02-26T05:42:47.919635
15290,Unknown,United Kingdom,Loyal Customers,21.1915,41.0617,3164.21,0.6369513358997455,Medium Potential,90,12,2026-02-26T05:42:47.919635
15291,Unknown,United Kingdom,Champions,5.6812,46.4326,959.25,0.64331454211402,Low Potential,90,12,2026-02-26T05:42:47.919635
15296,Unknown,United Kingdom,Loyal Customers,48.1217,17.5652,3073.7,0.6416224001351336,Medium Potential,90,12,2026-02-26T05:42:47.919635
15297,Unknown,United Kingdom,Recent Customers,14.251,16.533,856.77,0.6402610121462423,Low Potential,90,12,2026-02-26T05:42:47.919635
15298,Unknown,United Kingdom,Loyal Customers,18.3664,18.4943,1235.18,0.6368431120726507,Low Potential,90,12,2026-02-26T05:42:47.919635
15299,Unknown,United Kingdom,Need Attention,0.7235,661.402,1740.09,0.6286716772965468,Low Potential,90,12,2026-02-26T05:42:47.919635
15300,Unknown,United Kingdom,Promising,1596.6844,17.73,102942.6,0.6336049337516346,High Potential,90,12,2026-02-26T05:42:47.919635
15301,Unknown,United Kingdom,Potential Loyalists,11.6137,20.0788,847.96,0.6317236055340981,Low Potential,90,12,2026-02-26T05:42:47.919635
15304,Unknown,United Kingdom,Recent Customers,1.5444,30.1154,169.13,0.6402066167499753,Low Potential,90,12,2026-02-26T05:42:47.919635
15306,Unknown,United Kingdom,Potential Loyalists,39.1659,20.2373,2882.23,0.6368431120726507,Medium Potential,90,12,2026-02-26T05:42:47.919635
15307,Unknown,United Kingdom,Need Attention,682.4354,17.1083,42455.67,0.6318846431180163,High Potential,90,12,2026-02-26T05:42:47.919635
15308,Unknown,United Kingdom,Promising,1094.1024,16.3405,65011.56,0.6398259783514365,High Potential,90,12,2026-02-26T05:42:47.919635
15311,Unknown,United Kingdom,Champions,94.1479,28.3317,9699.53,0.6435332078298328,Medium Potential,90,12,2026-02-26T05:42:47.919635
15312,Unknown,United Kingdom,Need Attention,744.8533,24.4738,66288.69,0.636626719579975,High Potential,90,12,2026-02-26T05:42:47.919635
15315,Unknown,United Kingdom,Need Attention,1197.5133,16.0457,69872.51,0.6336049337516346,High Potential,90,12,2026-02-26T05:42:47.919635
15318,Unknown,United Kingdom,Need Attention,1882.1264,9.4733,64836.17,0.6337126072892719,High Potential,90,12,2026-02-26T05:42:47.919635
15319,Unknown,United Kingdom,About to Sleep,900.225,12.7812,41839.84,0.625156281017392,High Potential,90,12,2026-02-26T05:42:47.919635
15326,Unknown,United Kingdom,Recent Customers,1669.6621,10.7486,65260.11,0.6397172660964349,High Potential,90,12,2026-02-26T05:42:47.919635
15330,Unknown,United Kingdom,Recent Customers,8.2312,54.9969,1646.15,0.6402066167499753,Low Potential,90,12,2026-02-26T05:42:47.919635
15332,Unknown,Lithuania,Recent Customers,17.5198,48.609,3096.8,0.6175544073129242,Medium Potential,90,12,2026-02-26T05:42:47.919635
15334,Unknown,United Kingdom,Need Attention,2052.3568,3.5272,26323.9,0.6334434577467953,Medium Potential,90,12,2026-02-26T05:42:47.919635
15339,Unknown,United Kingdom,Promising,2496.1055,7.0152,63675.2,0.6303296645112487,High Potential,90,12,2026-02-26T05:42:47.919635
15342,Unknown,United Kingdom,Need Attention,1354.4741,16.9204,83339.07,0.6270713259922407,High Potential,90,12,2026-02-26T05:42:47.919635
15344,Unknown,United Kingdom,Need Attention,8.2117,28.3611,846.88,0.6386854204817225,Low Potential,90,12,2026-02-26T05:42:47.919635
15346,Unknown,United Kingdom,Promising,981.3487,14.8482,52986.41,0.641404383691382,High Potential,90,12,2026-02-26T05:42:47.919635
15347,Unknown,United Kingdom,At Risk,277.8995,40.32,40745.12,0.6175544073129242,Medium Potential,90,12,2026-02-26T05:42:47.919635
15349,Unknown,United Kingdom,Recent Customers,137.2365,6.5909,3289.13,0.6317236055340981,Medium Potential,90,12,2026-02-26T05:42:47.919635
15350,Unknown,United Kingdom,At Risk,272.9388,23.13,22956.63,0.6065306597126334,Medium Potential,90,12,2026-02-26T05:42:47.919635
15351,Unknown,United Kingdom,Champions,9.3996,8.3474,285.32,0.641895024902707,Low Potential,90,12,2026-02-26T05:42:47.919635
15353,Unknown,United Kingdom,About to Sleep,665.2044,25.9708,62821.42,0.6159300234875151,High Potential,90,12,2026-02-26T05:42:47.919635
15355,Unknown,United Kingdom,Need Attention,345.7409,25.1333,31598.58,0.6402610121462423,Medium Potential,90,12,2026-02-26T05:42:47.919635
15356,Unknown,United Kingdom,Loyal Customers,31.8326,5.0767,587.65,0.6369513358997455,Low Potential,90,12,2026-02-26T05:42:47.919635
15358,Unknown,United Kingdom,Champions,42.1883,15.1653,2326.54,0.6434785344338476,Medium Potential,90,12,2026-02-26T05:42:47.919635
15363,Unknown,United Kingdom,About to Sleep,875.7076,20.375,64881.97,0.6081302547245364,High Potential,90,12,2026-02-26T05:42:47.919635
15364,Unknown,United Kingdom,Promising,1478.6101,22.3612,120230.9,0.6318846431180163,High Potential,90,12,2026-02-26T05:42:47.919635
15365,Unknown,United Kingdom,Recent Customers,1985.3698,21.5049,155255.2,0.6302761128639838,High Potential,90,12,2026-02-26T05:42:47.919635
15367,Unknown,United Kingdom,Loyal Customers,124.4485,21.7874,9859.67,0.6381972325752837,Medium Potential,90,12,2026-02-26T05:42:47.919635
15370,Unknown,United Kingdom,Promising,57.7706,24.1333,5069.8,0.641895024902707,Medium Potential,90,12,2026-02-26T05:42:47.919635
15373,Unknown,United Kingdom,Promising,4.2322,28.9057,444.85,0.6256344932697319,Low Potential,90,12,2026-02-26T05:42:47.919635
15374,Unknown,United Kingdom,At Risk,169.7125,56.0,34559.64,0.6285648602587788,Medium Potential,90,12,2026-02-26T05:42:47.919635
15376,Unknown,United Kingdom,Promising,3207.5967,10.9591,127826.81,0.6252625188081156,High Potential,90,12,2026-02-26T05:42:47.919635
15379,Unknown,United Kingdom,Loyal Customers,50.1053,16.3582,2980.48,0.6381972325752837,Medium Potential,90,12,2026-02-26T05:42:47.919635
15380,Unknown,United Kingdom,About to Sleep,3.2307,87.9143,1032.82,0.6256344932697319,Low Potential,90,12,2026-02-26T05:42:47.919635
15381,Unknown,United Kingdom,Need Attention,57.5941,314.55,65877.18,0.6399347090807783,High Potential,90,12,2026-02-26T05:42:47.919635
15382,Unknown,United Kingdom,Recent Customers,1776.3395,17.3903,112331.19,0.6366808108089309,High Potential,90,12,2026-02-26T05:42:47.919635
15386,Unknown,United Kingdom,Promising,1767.1571,12.7142,81701.78,0.6333896415573925,High Potential,90,12,2026-02-26T05:42:47.919635
15392,Unknown,United Kingdom,Loyal Customers,17.8405,18.4085,1194.24,0.6434785344338476,Low Potential,90,12,2026-02-26T05:42:47.919635
15393,Unknown,United Kingdom,At Risk,452.3745,15.5125,25518.03,0.6282978970603043,Medium Potential,90,12,2026-02-26T05:42:47.919635
15399,Unknown,United Kingdom,Need Attention,1031.9488,14.8133,55587.52,0.6370054547098494,High Potential,90,12,2026-02-26T05:42:47.919635
15400,Unknown,United Kingdom,Recent Customers,4.094,59.0,878.35,0.6368431120726507,Low Potential,90,12,2026-02-26T05:42:47.919635
15405,Unknown,United Kingdom,At Risk,452.4898,43.6375,71801.9,0.6284580613701972,High Potential,90,12,2026-02-26T05:42:47.919635
15406,Unknown,United Kingdom,Potential Loyalists,36.169,9.6512,1269.36,0.6414588808563683,Low Potential,90,12,2026-02-26T05:42:47.919635
15407,Unknown,United Kingdom,Loyal Customers,34.3773,7.1413,892.72,0.6383599204018852,Low Potential,90,12,2026-02-26T05:42:47.919635
15410,Unknown,United Kingdom,Promising,54.5552,25.0855,4976.53,0.6270713259922407,Medium Potential,90,12,2026-02-26T05:42:47.919635
15411,Unknown,United Kingdom,Recent Customers,14.0798,17.3732,889.5,0.6399890813743078,Low Potential,90,12,2026-02-26T05:42:47.919635
15414,Unknown,United Kingdom,Recent Customers,4.5585,20.0714,332.71,0.6415678890778506,Low Potential,90,12,2026-02-26T05:42:47.919635
15416,Unknown,United Kingdom,Loyal Customers,57.1554,20.0333,4163.68,0.6350600713947008,Medium Potential,90,12,2026-02-26T05:42:47.919635
15421,Unknown,United Kingdom,Loyal Customers,9.8703,17.9313,643.59,0.6435332078298328,Low Potential,90,12,2026-02-26T05:42:47.919635
15423,Unknown,United Kingdom,At Risk,112.6046,21.75,8906.0,0.6255813405155674,Medium Potential,90,12,2026-02-26T05:42:47.919635
15426,Unknown,United Kingdom,Potential Loyalists,20.2129,4.8221,354.43,0.6336587682334197,Low Potential,90,12,2026-02-26T05:42:47.919635
15427,Unknown,United Kingdom,Potential Loyalists,10265.272,5.3132,198332.52,0.6336587682334197,High Potential,90,12,2026-02-26T05:42:47.919635
15433,Unknown,United Kingdom,Need Attention,633.5354,14.6055,33647.64,0.6399347090807783,Medium Potential,90,12,2026-02-26T05:42:47.919635
15434,Unknown,United Kingdom,Recent Customers,6.2488,19.7478,448.73,0.6369513358997455,Low Potential,90,12,2026-02-26T05:42:47.919635
15442,Unknown,United Kingdom,Need Attention,113.6909,297.0,122786.17,0.6316162699459554,High Potential,90,12,2026-02-26T05:42:47.919635
15443,Unknown,United Kingdom,Promising,2178.5587,7.4992,59408.9,0.6370054547098494,High Potential,90,12,2026-02-26T05:42:47.919635
15449,Unknown,United Kingdom,Need Attention,971.5594,17.7518,62716.1,0.6350061178607801,High Potential,90,12,2026-02-26T05:42:47.919635
15450,Unknown,United Kingdom,Recent Customers,1724.3041,14.328,89839.38,0.6386311589448211,High Potential,90,12,2026-02-26T05:42:47.919635
15452,Unknown,United Kingdom,Need Attention,345.7409,20.9,26276.31,0.6402610121462423,Medium Potential,90,12,2026-02-26T05:42:47.919635
15453,Unknown,United Kingdom,Loyal Customers,75.9746,5.1837,1432.11,0.6370054547098494,Low Potential,90,12,2026-02-26T05:42:47.919635
15454,Unknown,United Kingdom,About to Sleep,1291.6569,7.0261,33001.13,0.623988855995589,Medium Potential,90,12,2026-02-26T05:42:47.919635
15456,Unknown,United Kingdom,About to Sleep,1800.4501,5.8678,38417.02,0.625156281017392,Medium Potential,90,12,2026-02-26T05:42:47.919635
15462,Unknown,United Kingdom,At Risk,15.0934,18.8667,1035.5,0.6335511038435279,Low Potential,90,12,2026-02-26T05:42:47.919635
15463,Unknown,United Kingdom,Need Attention,403.3644,18.02,26431.37,0.6402610121462423,Medium Potential,90,12,2026-02-26T05:42:47.919635
15464,Unknown,United Kingdom,Potential Loyalists,8808.8014,6.7397,215886.1,0.6314553007576973,High Potential,90,12,2026-02-26T05:42:47.919635
15465,Unknown,United Kingdom,Loyal Customers,3.4355,63.7841,796.84,0.64331454211402,Low Potential,90,12,2026-02-26T05:42:47.919635
15467,Unknown,United Kingdom,Recent Customers,1670.5134,9.8783,60006.66,0.6400434582875998,High Potential,90,12,2026-02-26T05:42:47.919635
15469,Unknown,United Kingdom,Recent Customers,924.1718,19.0188,63915.05,0.6417859610978717,High Potential,90,12,2026-02-26T05:42:47.919635
15471,Unknown,United Kingdom,Recent Customers,3831.0393,6.3643,88661.39,0.6353299078348292,High Potential,90,12,2026-02-26T05:42:47.919635
15473,Unknown,United Kingdom,Recent Customers,6.6463,165.6,4002.28,0.6435332078298328,Medium Potential,90,12,2026-02-26T05:42:47.919635
15482,Unknown,United Kingdom,Promising,121.2541,175.2933,77291.02,0.6287250926223397,High Potential,90,12,2026-02-26T05:42:47.919635
15483,Unknown,United Kingdom,About to Sleep,1519.6461,3.8122,21066.16,0.6253687746526738,Medium Potential,90,12,2026-02-26T05:42:47.919635
15484,Unknown,United Kingdom,Recent Customers,1547.9233,24.9722,140563.82,0.6370054547098494,High Potential,90,12,2026-02-26T05:42:47.919635
15485,Unknown,United Kingdom,Champions,8.0486,30.1706,883.02,0.6386311589448211,Low Potential,90,12,2026-02-26T05:42:47.919635
15488,Unknown,United Kingdom,About to Sleep,114.6318,45.66,19033.05,0.6368431120726507,Medium Potential,90,12,2026-02-26T05:42:47.919635
15489,Unknown,United Kingdom,Recent Customers,1331.548,15.1417,73316.0,0.6432598872954712,High Potential,90,12,2026-02-26T05:42:47.919635
15491,Unknown,United Kingdom,Recent Customers,497.6092,26.3323,47647.98,0.6318846431180163,High Potential,90,12,2026-02-26T05:42:47.919635
15492,Unknown,United Kingdom,Need Attention,404.4282,24.5314,36077.05,0.6419495637552085,Medium Potential,90,12,2026-02-26T05:42:47.919635
15493,Unknown,United Kingdom,Loyal Customers,84.012,6.9962,2137.33,0.6352759313761016,Medium Potential,90,12,2026-02-26T05:42:47.919635
15494,Unknown,United Kingdom,Loyal Customers,5011.9661,12.8722,234600.11,0.6400978398210466,High Potential,90,12,2026-02-26T05:42:47.919635
15498,Unknown,United Kingdom,Champions,24.9665,29.1347,2645.06,0.6432598872954712,Medium Potential,90,12,2026-02-26T05:42:47.919635
15500,Unknown,United Kingdom,About to Sleep,900.9137,16.6412,54517.4,0.6256344932697319,High Potential,90,12,2026-02-26T05:42:47.919635
15502,Unknown,United Kingdom,Champions,19.7842,50.4384,3628.67,0.641840490683726,Medium Potential,90,12,2026-02-26T05:42:47.919635
15503,Unknown,United Kingdom,Need Attention,3706.4938,2.137,28802.83,0.623988855995589,Medium Potential,90,12,2026-02-26T05:42:47.919635
15505,Unknown,United Kingdom,Potential Loyalists,31.4355,43.8236,5009.52,0.6350600713947008,Medium Potential,90,12,2026-02-26T05:42:47.919635
15508,Unknown,United Kingdom,Promising,98.2897,8.8173,3151.45,0.630061951767552,Medium Potential,90,12,2026-02-26T05:42:47.919635
15511,Unknown,United Kingdom,Need Attention,2871.4184,4.4569,46536.82,0.6255813405155674,High Potential,90,12,2026-02-26T05:42:47.919635
15512,Unknown,United Kingdom,About to Sleep,57.1554,19.8,4115.19,0.6350600713947008,Medium Potential,90,12,2026-02-26T05:42:47.919635
15513,Unknown,United Kingdom,Champions,11.4616,55.8409,2327.37,0.6432598872954712,Medium Potential,90,12,2026-02-26T05:42:47.919635
15514,Unknown,United Kingdom,Loyal Customers,17.6744,24.2107,1556.03,0.6336587682334197,Low Potential,90,12,2026-02-26T05:42:47.919635
15518,Unknown,United Kingdom,Champions,44.6836,8.8474,1437.58,0.641404383691382,Low Potential,90,12,2026-02-26T05:42:47.919635
15520,Unknown,United Kingdom,Need Attention,1031.9488,19.0833,71610.87,0.6370054547098494,High Potential,90,12,2026-02-26T05:42:47.919635
15521,Unknown,United Kingdom,Champions,29.6534,13.7788,1485.78,0.6416224001351336,Low Potential,90,12,2026-02-26T05:42:47.919635
15522,Unknown,United Kingdom,Need Attention,800.4477,9.1743,26703.81,0.6352759313761016,Medium Potential,90,12,2026-02-26T05:42:47.919635
15525,Unknown,United Kingdom,Potential Loyalists,11.6244,4.5159,190.89,0.6353299078348292,Low Potential,90,12,2026-02-26T05:42:47.919635
15526,Unknown,United Kingdom,At Risk,228.1172,37.11,30783.38,0.6336587682334197,Medium Potential,90,12,2026-02-26T05:42:47.919635
15527,Unknown,United Kingdom,Champions,16.2585,17.4781,1033.34,0.641840490683726,Low Potential,90,12,2026-02-26T05:42:47.919635
15529,Unknown,United Kingdom,Loyal Customers,22.4111,8.6748,706.95,0.6381972325752837,Low Potential,90,12,2026-02-26T05:42:47.919635
15530,Unknown,United Kingdom,Recent Customers,2799.9012,10.659,108524.17,0.6348982245439281,High Potential,90,12,2026-02-26T05:42:47.919635
15531,Unknown,United Kingdom,Champions,50.5891,9.198,1692.07,0.6386311589448211,Low Potential,90,12,2026-02-26T05:42:47.919635
15533,Unknown,United Kingdom,Potential Loyalists,1906.2663,13.6261,94454.46,0.641840490683726,High Potential,90,12,2026-02-26T05:42:47.919635
15539,Unknown,United Kingdom,Promising,2314.6797,13.1332,110542.37,0.6272844705605466,High Potential,90,12,2026-02-26T05:42:47.919635
15544,Unknown,United Kingdom,Champions,16.0468,13.7786,804.01,0.6434238656828135,Low Potential,90,12,2026-02-26T05:42:47.919635
15545,Unknown,United Kingdom,About to Sleep,1700.7245,4.3655,26998.23,0.6095786758790397,Medium Potential,90,12,2026-02-26T05:42:47.919635
15547,Unknown,United Kingdom,Champions,50.4579,8.4243,1545.72,0.641840490683726,Low Potential,90,12,2026-02-26T05:42:47.919635
15549,Unknown,United Kingdom,Recent Customers,2331.2582,16.2288,137576.45,0.631777280168123,High Potential,90,12,2026-02-26T05:42:47.919635
15550,Unknown,United Kingdom,Recent Customers,7.9629,11.6771,338.12,0.6414588808563683,Low Potential,90,12,2026-02-26T05:42:47.919635
15551,Unknown,United Kingdom,Need Attention,1640.9725,15.0366,89725.99,0.6287250926223397,High Potential,90,12,2026-02-26T05:42:47.919635
15552,Unknown,United Kingdom,About to Sleep,969.0038,5.3012,18679.57,0.6333358299401141,Medium Potential,90,12,2026-02-26T05:42:47.919635
15553,Unknown,United Kingdom,Potential Loyalists,2938.5484,7.9624,85083.26,0.6402066167499753,High Potential,90,12,2026-02-26T05:42:47.919635
15554,Unknown,United Kingdom,Need Attention,799.9038,15.5143,45127.08,0.6348442847602177,High Potential,90,12,2026-02-26T05:42:47.919635
15555,Unknown,United Kingdom,Champions,39.5489,6.4356,925.53,0.6435332078298328,Low Potential,90,12,2026-02-26T05:42:47.919635
15557,Unknown,United Kingdom,Recent Customers,924.4074,25.4769,85640.13,0.6419495637552085,High Potential,90,12,2026-02-26T05:42:47.919635
15561,Unknown,United Kingdom,Need Attention,401.0748,37.9643,55369.18,0.636626719579975,High Potential,90,12,2026-02-26T05:42:47.919635
15568,Unknown,United Kingdom,Need Attention,972.0548,19.7512,69815.45,0.6353299078348292,High Potential,90,12,2026-02-26T05:42:47.919635
15569,Unknown,United Kingdom,Need Attention,404.0848,41.2143,60560.26,0.641404383691382,High Potential,90,12,2026-02-26T05:42:47.919635
15570,Unknown,United Kingdom,Champions,16.4351,12.7456,761.73,0.6397716199148393,Low Potential,90,12,2026-02-26T05:42:47.919635
15571,Unknown,United Kingdom,Need Attention,1710.8787,6.4783,40303.95,0.6336587682334197,Medium Potential,90,12,2026-02-26T05:42:47.919635
15572,Unknown,United Kingdom,Potential Loyalists,182.3697,10.8036,7164.54,0.6332282204203763,Medium Potential,90,12,2026-02-26T05:42:47.919635
15573,Unknown,United Kingdom,Promising,2350.3504,4.35,37178.27,0.6369513358997455,Medium Potential,90,12,2026-02-26T05:42:47.919635
15574,Unknown,United Kingdom,Promising,5254.2454,3.2539,62170.14,0.6081302547245364,High Potential,90,12,2026-02-26T05:42:47.919635
15576,Unknown,United Kingdom,Recent Customers,2427.3847,21.4272,189134.75,0.6272311776273506,High Potential,90,12,2026-02-26T05:42:47.919635
15577,Unknown,United Kingdom,Potential Loyalists,17.5975,6.6379,424.77,0.6417314361447506,Low Potential,90,12,2026-02-26T05:42:47.919635
15579,Unknown,United Kingdom,At Risk,1185.3662,5.0329,21693.93,0.6271778892218242,Medium Potential,90,12,2026-02-26T05:42:47.919635
15581,Unknown,United Kingdom,Champions,7.7779,51.4756,1455.9,0.6417859610978717,Low Potential,90,12,2026-02-26T05:42:47.919635
15582,Unknown,United Kingdom,Need Attention,1244.2412,13.8005,62440.55,0.6284046687308877,High Potential,90,12,2026-02-26T05:42:47.919635
15587,Unknown,United Kingdom,Promising,115.5313,172.44,72444.43,0.641840490683726,High Potential,90,12,2026-02-26T05:42:47.919635
15589,Unknown,United Kingdom,At Risk,676.8919,15.4125,37936.71,0.6267517449275591,Medium Potential,90,12,2026-02-26T05:42:47.919635
15594,Unknown,United Kingdom,Potential Loyalists,34.1269,18.4963,2295.35,0.6386311589448211,Medium Potential,90,12,2026-02-26T05:42:47.919635
15596,Unknown,United Kingdom,Potential Loyalists,8.6653,18.7878,592.01,0.6383056865188711,Low Potential,90,12,2026-02-26T05:42:47.919635
15597,Unknown,United Kingdom,Need Attention,1248.1588,14.7532,66961.22,0.6303832207085496,High Potential,90,12,2026-02-26T05:42:47.919635
15601,Unknown,United Kingdom,Champions,13.5545,16.2235,799.64,0.641840490683726,Low Potential,90,12,2026-02-26T05:42:47.919635
15602,Unknown,United Kingdom,Recent Customers,1.788,28.6519,186.29,0.6419495637552085,Low Potential,90,12,2026-02-26T05:42:47.919635
15605,Unknown,United Kingdom,Loyal Customers,5.2041,16.9247,320.28,0.641840490683726,Low Potential,90,12,2026-02-26T05:42:47.919635
15606,Unknown,United Kingdom,Loyal Customers,5.8424,40.7259,865.23,0.6434238656828135,Low Potential,90,12,2026-02-26T05:42:47.919635
15607,Unknown,United Kingdom,About to Sleep,742.6416,8.0585,21762.1,0.6347364189402819,Medium Potential,90,12,2026-02-26T05:42:47.919635
15608,Unknown,United Kingdom,Loyal Customers,108.329,18.228,7180.44,0.6419495637552085,Medium Potential,90,12,2026-02-26T05:42:47.919635
15609,Unknown,United Kingdom,Need Attention,916.8204,18.655,62193.76,0.6366808108089309,High Potential,90,12,2026-02-26T05:42:47.919635
15611,Unknown,United Kingdom,Need Attention,2.1716,33.8444,267.26,0.6380887970590081,Low Potential,90,12,2026-02-26T05:42:47.919635
15612,Unknown,United Kingdom,Need Attention,1.8843,32.525,222.86,0.63857690201788,Low Potential,90,12,2026-02-26T05:42:47.919635
15615,Unknown,United Kingdom,Champions,95.9171,21.9761,7665.03,0.6416224001351336,Medium Potential,90,12,2026-02-26T05:42:47.919635
15618,Unknown,United Kingdom,Recent Customers,65.2215,16.7885,3981.71,0.6368431120726507,Medium Potential,90,12,2026-02-26T05:42:47.919635
15620,Unknown,United Kingdom,Need Attention,1640.1362,15.5352,92653.98,0.6284046687308877,High Potential,90,12,2026-02-26T05:42:47.919635
15621,Unknown,United Kingdom,About to Sleep,511.957,27.5633,51313.54,0.6320457217532791,High Potential,90,12,2026-02-26T05:42:47.919635
15622,Unknown,United Kingdom,Need Attention,1635.961,19.8621,118158.62,0.6268049971255752,High Potential,90,12,2026-02-26T05:42:47.919635
15625,Unknown,United Kingdom,At Risk,450.3038,37.6425,61638.4,0.6254219093460998,High Potential,90,12,2026-02-26T05:42:47.919635
15628,Unknown,United Kingdom,Champions,13.9883,18.3625,934.04,0.6399890813743078,Low Potential,90,12,2026-02-26T05:42:47.919635
15632,Unknown,United Kingdom,Champions,64.0098,17.4552,4062.92,0.6400978398210466,Medium Potential,90,12,2026-02-26T05:42:47.919635
15636,Unknown,United Kingdom,Loyal Customers,5.1761,28.9904,545.66,0.641840490683726,Low Potential,90,12,2026-02-26T05:42:47.919635
15640,Unknown,United Kingdom,Champions,19.5183,26.3808,1872.39,0.641404383691382,Medium Potential,90,12,2026-02-26T05:42:47.919635
15641,Unknown,United Kingdom,Need Attention,1748.7859,14.6384,93088.83,0.6268049971255752,High Potential,90,12,2026-02-26T05:42:47.919635
15643,Unknown,United Kingdom,Promising,66.4861,20.1212,4864.65,0.6268049971255752,Medium Potential,90,12,2026-02-26T05:42:47.919635
15646,Unknown,United Kingdom,Promising,3.9446,12.7897,183.46,0.6348982245439281,Low Potential,90,12,2026-02-26T05:42:47.919635
15649,Unknown,United Kingdom,Need Attention,0.3227,408.0,478.77,0.6347364189402819,Low Potential,90,12,2026-02-26T05:42:47.919635
15651,Unknown,United Kingdom,Need Attention,905.3641,26.1862,86211.07,0.6287250926223397,High Potential,90,12,2026-02-26T05:42:47.919635
15652,Unknown,United Kingdom,Promising,1206.8078,16.0829,70578.07,0.6385226497005074,High Potential,90,12,2026-02-26T05:42:47.919635
15653,Unknown,United Kingdom,Promising,114.6318,414.72,172873.09,0.6368431120726507,High Potential,90,12,2026-02-26T05:42:47.919635
15655,Unknown,United Kingdom,Recent Customers,1958.0338,16.4903,117412.96,0.6398803414066186,High Potential,90,12,2026-02-26T05:42:47.919635
15656,Unknown,United Kingdom,At Risk,226.2257,15.9775,13143.71,0.6284046687308877,Medium Potential,90,12,2026-02-26T05:42:47.919635
15658,Unknown,United Kingdom,Need Attention,3.6907,23.356,313.45,0.6282445180282595,Low Potential,90,12,2026-02-26T05:42:47.919635
15660,Unknown,United Kingdom,Need Attention,9.4603,19.1737,659.6,0.625156281017392,Low Potential,90,12,2026-02-26T05:42:47.919635
15661,Unknown,United Kingdom,At Risk,56.831,116.0,23972.35,0.6314553007576973,Medium Potential,90,12,2026-02-26T05:42:47.919635
15665,Unknown,United Kingdom,Champions,4376.7815,19.1634,304996.42,0.6398803414066186,High Potential,90,12,2026-02-26T05:42:47.919635
15668,Unknown,United Kingdom,At Risk,57.0002,76.32,15819.11,0.6333358299401141,Medium Potential,90,12,2026-02-26T05:42:47.919635
15671,Unknown,United Kingdom,Loyal Customers,8.3404,50.6046,1534.77,0.6415678890778506,Low Potential,90,12,2026-02-26T05:42:47.919635
15673,Unknown,United Kingdom,Champions,30.6783,18.8364,2101.34,0.6434785344338476,Medium Potential,90,12,2026-02-26T05:42:47.919635
15674,Unknown,United Kingdom,Loyal Customers,15.3335,24.9888,1393.33,0.6399347090807783,Low Potential,90,12,2026-02-26T05:42:47.919635
15675,Unknown,United Kingdom,Need Attention,9.6262,14.0869,493.1,0.6350600713947008,Low Potential,90,12,2026-02-26T05:42:47.919635
15676,Unknown,United Kingdom,Loyal Customers,113.469,16.6727,6879.4,0.6303832207085496,Medium Potential,90,12,2026-02-26T05:42:47.919635
15679,Unknown,United Kingdom,Loyal Customers,101.7583,6.9308,2564.61,0.6399890813743078,Medium Potential,90,12,2026-02-26T05:42:47.919635
15680,Unknown,United Kingdom,Need Attention,1667.3969,15.963,96787.84,0.6175544073129242,High Potential,90,12,2026-02-26T05:42:47.919635
15681,Unknown,United Kingdom,Loyal Customers,11.9715,25.7178,1119.57,0.6419495637552085,Low Potential,90,12,2026-02-26T05:42:47.919635
15687,Unknown,United Kingdom,Loyal Customers,29.422,18.3678,1965.15,0.6333896415573925,Medium Potential,90,12,2026-02-26T05:42:47.919635
15689,Unknown,United Kingdom,Need Attention,173.7244,50.2,31712.6,0.6434238656828135,Medium Potential,90,12,2026-02-26T05:42:47.919635
15690,Unknown,United Kingdom,About to Sleep,625.7253,11.7055,26634.28,0.6320457217532791,Medium Potential,90,12,2026-02-26T05:42:47.919635
15691,Unknown,United Kingdom,At Risk,112.5377,68.4,27991.2,0.6252093976562161,Medium Potential,90,12,2026-02-26T05:42:47.919635
15692,Unknown,United Kingdom,Promising,693.3055,15.92,40136.09,0.6419495637552085,Medium Potential,90,12,2026-02-26T05:42:47.919635
15694,Unknown,United Kingdom,Loyal Customers,4.4691,93.7143,1522.98,0.6402610121462423,Low Potential,90,12,2026-02-26T05:42:47.919635
15696,Unknown,United Kingdom,Potential Loyalists,45.9726,15.1675,2535.6,0.6336587682334197,Medium Potential,90,12,2026-02-26T05:42:47.919635
15701,Unknown,United Kingdom,Potential Loyalists,36.1135,5.8123,763.28,0.6353299078348292,Low Potential,90,12,2026-02-26T05:42:47.919635
15704,Unknown,United Kingdom,Loyal Customers,45.3334,20.7892,3427.07,0.636626719579975,Medium Potential,90,12,2026-02-26T05:42:47.919635
15706,Unknown,United Kingdom,About to Sleep,5.717,60.6,1259.82,0.6352219595031147,Low Potential,90,12,2026-02-26T05:42:47.919635
15707,Unknown,United Kingdom,Recent Customers,99.7928,4.3644,1583.77,0.6336049337516346,Low Potential,90,12,2026-02-26T05:42:47.919635
15708,Unknown,United Kingdom,Loyal Customers,12.2802,11.1871,499.56,0.6380887970590081,Low Potential,90,12,2026-02-26T05:42:47.919635
15709,Unknown,United Kingdom,At Risk,337.5844,22.2083,27262.46,0.625156281017392,Medium Potential,90,12,2026-02-26T05:42:47.919635
15712,Unknown,United Kingdom,About to Sleep,517.0715,17.65,33186.59,0.6383599204018852,Medium Potential,90,12,2026-02-26T05:42:47.919635
15713,Unknown,United Kingdom,At Risk,500.2191,19.0167,34590.97,0.6175544073129242,Medium Potential,90,12,2026-02-26T05:42:47.919635
15716,Unknown,United Kingdom,Need Attention,1930.1503,14.8357,104127.75,0.6127461204705137,High Potential,90,12,2026-02-26T05:42:47.919635
15719,Unknown,United Kingdom,Loyal Customers,221.201,5.4606,4392.33,0.6352759313761016,Medium Potential,90,12,2026-02-26T05:42:47.919635
15722,Unknown,United Kingdom,Recent Customers,93.2424,29.932,10148.84,0.6317236055340981,Medium Potential,90,12,2026-02-26T05:42:47.919635
15723,Unknown,United Kingdom,About to Sleep,2067.1418,5.1081,38396.97,0.6207632947704186,Medium Potential,90,12,2026-02-26T05:42:47.919635
15727,Unknown,United Kingdom,Champions,20.8455,17.0349,1291.28,0.643041314451059,Low Potential,90,12,2026-02-26T05:42:47.919635
15729,Unknown,United Kingdom,Need Attention,288.7301,17.0,17848.77,0.6416224001351336,Medium Potential,90,12,2026-02-26T05:42:47.919635
15730,Unknown,United Kingdom,Potential Loyalists,25.8236,15.9378,1496.62,0.6368431120726507,Low Potential,90,12,2026-02-26T05:42:47.919635
15732,Unknown,United Kingdom,Promising,1.2812,21.0086,97.88,0.6416224001351336,Low Potential,90,12,2026-02-26T05:42:47.919635
15733,Unknown,United Kingdom,At Risk,564.1245,16.23,33293.6,0.6268049971255752,Medium Potential,90,12,2026-02-26T05:42:47.919635
15737,Unknown,United Kingdom,Loyal Customers,10.2176,16.5751,615.85,0.6415678890778506,Low Potential,90,12,2026-02-26T05:42:47.919635
15738,Unknown,United Kingdom,Loyal Customers,5.8358,26.7143,566.91,0.6383599204018852,Low Potential,90,12,2026-02-26T05:42:47.919635
15739,Unknown,United Kingdom,Need Attention,453.8374,56.14,92648.84,0.6303296645112487,High Potential,90,12,2026-02-26T05:42:47.919635
15743,Unknown,United Kingdom,Recent Customers,14.6509,9.9609,530.68,0.6366808108089309,Low Potential,90,12,2026-02-26T05:42:47.919635
15745,Unknown,United Kingdom,Need Attention,969.4979,18.2076,64189.93,0.6336587682334197,High Potential,90,12,2026-02-26T05:42:47.919635
15747,Unknown,United Kingdom,Recent Customers,1212.9755,12.93,57031.9,0.6417859610978717,High Potential,90,12,2026-02-26T05:42:47.919635
15749,Unknown,United Kingdom,Recent Customers,288.632,4599.68,4827690.32,0.641404383691382,High Potential,90,12,2026-02-26T05:42:47.919635
15750,Unknown,United Kingdom,Loyal Customers,21.0572,10.2619,785.77,0.6353299078348292,Low Potential,90,12,2026-02-26T05:42:47.919635
15752,Unknown,United Kingdom,Loyal Customers,24.8981,6.7839,614.2,0.6351679922154785,Low Potential,90,12,2026-02-26T05:42:47.919635
15753,Unknown,United Kingdom,About to Sleep,57.2818,79.2,16497.16,0.6364644734644926,Medium Potential,90,12,2026-02-26T05:42:47.919635
15754,Unknown,United Kingdom,At Risk,342.845,15.3,19074.65,0.6348982245439281,Medium Potential,90,12,2026-02-26T05:42:47.919635
15755,Unknown,United Kingdom,Recent Customers,1216.1744,15.7581,69689.45,0.6434785344338476,High Potential,90,12,2026-02-26T05:42:47.919635
15756,Unknown,United Kingdom,Loyal Customers,58.8427,2.7749,593.75,0.6400434582875998,Low Potential,90,12,2026-02-26T05:42:47.919635
15757,Unknown,United Kingdom,Recent Customers,98.6542,15.876,5695.4,0.6333358299401141,Medium Potential,90,12,2026-02-26T05:42:47.919635
15759,Unknown,United Kingdom,At Risk,56.8503,68.0,14057.53,0.6316699354601715,Medium Potential,90,12,2026-02-26T05:42:47.919635
15762,Unknown,United Kingdom,Need Attention,853.1167,17.896,55517.73,0.63193833143466,High Potential,90,12,2026-02-26T05:42:47.919635
15763,Unknown,United Kingdom,Recent Customers,1605.1174,20.1582,117659.19,0.6369513358997455,High Potential,90,12,2026-02-26T05:42:47.919635
15764,Unknown,United Kingdom,Champions,42.5299,18.0624,2793.43,0.6434785344338476,Medium Potential,90,12,2026-02-26T05:42:47.919635
15766,Unknown,United Kingdom,Need Attention,627.2689,28.6418,65331.31,0.6336049337516346,High Potential,90,12,2026-02-26T05:42:47.919635
15769,Unknown,United Kingdom,Loyal Customers,5.9784,347.9593,7564.51,0.6386311589448211,Medium Potential,90,12,2026-02-26T05:42:47.919635
15773,Unknown,United Kingdom,Need Attention,567.3931,63.568,131156.53,0.6304367814562728,High Potential,90,12,2026-02-26T05:42:47.919635
15774,Unknown,United Kingdom,Need Attention,1411.1503,10.832,55583.93,0.6271778892218242,High Potential,90,12,2026-02-26T05:42:47.919635
15775,Unknown,United Kingdom,About to Sleep,401.0408,14.9857,21854.1,0.6365726329465102,Medium Potential,90,12,2026-02-26T05:42:47.919635
15777,Unknown,United Kingdom,Recent Customers,810.4386,20.9971,61879.49,0.6432052371202953,High Potential,90,12,2026-02-26T05:42:47.919635
15780,Unknown,United Kingdom,Promising,16.6373,17.5371,1060.98,0.6415678890778506,Low Potential,90,12,2026-02-26T05:42:47.919635
15781,Unknown,United Kingdom,At Risk,285.6557,16.67,17315.93,0.6347903495591322,Medium Potential,90,12,2026-02-26T05:42:47.919635
15782,Unknown,United Kingdom,Loyal Customers,1213.0785,78.0162,344144.64,0.641840490683726,High Potential,90,12,2026-02-26T05:42:47.919635
15785,Unknown,United Kingdom,Recent Customers,33.4253,26.2782,3194.02,0.6352759313761016,Medium Potential,90,12,2026-02-26T05:42:47.919635
15787,Unknown,United Kingdom,Loyal Customers,4482.8099,6.0731,98998.37,0.63857690201788,High Potential,90,12,2026-02-26T05:42:47.919635
15796,Unknown,United Kingdom,Loyal Customers,27.8236,18.1725,1838.63,0.6397716199148393,Medium Potential,90,12,2026-02-26T05:42:47.919635
15797,Unknown,United Kingdom,Recent Customers,10.1378,304.2,11214.25,0.6383056865188711,Medium Potential,90,12,2026-02-26T05:42:47.919635
15799,Unknown,United Kingdom,Recent Customers,37.2778,13.0065,1763.1,0.6380887970590081,Low Potential,90,12,2026-02-26T05:42:47.919635
15800,Unknown,United Kingdom,Need Attention,799.9718,17.4643,50803.45,0.6348982245439281,High Potential,90,12,2026-02-26T05:42:47.919635
15801,Unknown,United Kingdom,Loyal Customers,2880.9298,17.3996,182280.1,0.6402066167499753,High Potential,90,12,2026-02-26T05:42:47.919635
15804,Unknown,United Kingdom,Champions,25.9072,14.5066,1366.64,0.6386854204817225,Low Potential,90,12,2026-02-26T05:42:47.919635
15805,Unknown,United Kingdom,Potential Loyalists,9.0813,21.9502,724.86,0.6369513358997455,Low Potential,90,12,2026-02-26T05:42:47.919635
15806,Unknown,United Kingdom,Recent Customers,14.9727,22.6904,1235.41,0.6365185509081462,Low Potential,90,12,2026-02-26T05:42:47.919635
15808,Unknown,United Kingdom,Loyal Customers,22.1447,15.9978,1288.24,0.6331744225171403,Low Potential,90,12,2026-02-26T05:42:47.919635
15809,Unknown,United Kingdom,Recent Customers,6.1793,15.0573,338.34,0.6397716199148393,Low Potential,90,12,2026-02-26T05:42:47.919635
15811,Unknown,United Kingdom,About to Sleep,891.6236,18.1156,58735.62,0.6191830751035756,High Potential,90,12,2026-02-26T05:42:47.919635
15812,Unknown,United Kingdom,Loyal Customers,7.513,25.7025,702.19,0.6417314361447506,Low Potential,90,12,2026-02-26T05:42:47.919635
15814,Unknown,United Kingdom,Need Attention,905.3641,28.515,93878.03,0.6287250926223397,High Potential,90,12,2026-02-26T05:42:47.919635
15815,Unknown,United Kingdom,Recent Customers,8.8087,66.2767,2122.95,0.6416224001351336,Medium Potential,90,12,2026-02-26T05:42:47.919635
15819,Unknown,United Kingdom,Potential Loyalists,2348.7535,15.601,133246.92,0.6365185509081462,High Potential,90,12,2026-02-26T05:42:47.919635
15821,Unknown,United Kingdom,Recent Customers,1954.0453,7.4759,53120.9,0.63857690201788,High Potential,90,12,2026-02-26T05:42:47.919635
15822,Unknown,United Kingdom,Need Attention,969.5803,26.1924,92347.76,0.6337126072892719,High Potential,90,12,2026-02-26T05:42:47.919635
15823,Unknown,United Kingdom,At Risk,54.7317,15.0,2985.37,0.6081302547245364,Medium Potential,90,12,2026-02-26T05:42:47.919635
15827,Unknown,United Kingdom,Potential Loyalists,5.4333,16.0187,316.49,0.6383599204018852,Low Potential,90,12,2026-02-26T05:42:47.919635
15829,Unknown,United Kingdom,Need Attention,1407.3189,12.428,63600.58,0.6254750485541349,High Potential,90,12,2026-02-26T05:42:47.919635
15830,Unknown,United Kingdom,Promising,2201.5814,14.7692,118238.53,0.6272311776273506,High Potential,90,12,2026-02-26T05:42:47.919635
15831,Unknown,United Kingdom,Loyal Customers,17.9359,9.9029,645.88,0.6435332078298328,Low Potential,90,12,2026-02-26T05:42:47.919635
15834,Unknown,United Kingdom,Potential Loyalists,8627.5338,7.9747,250189.07,0.6348442847602177,High Potential,90,12,2026-02-26T05:42:47.919635
15837,Unknown,United Kingdom,Promising,1368.5867,16.3325,81281.61,0.6336049337516346,High Potential,90,12,2026-02-26T05:42:47.919635
15838,Unknown,United Kingdom,Champions,13.6074,217.8297,10778.53,0.6400978398210466,Medium Potential,90,12,2026-02-26T05:42:47.919635
15839,Unknown,United Kingdom,Need Attention,741.3808,19.8562,53530.93,0.6336587682334197,High Potential,90,12,2026-02-26T05:42:47.919635
15840,Unknown,United Kingdom,Need Attention,579.1799,11.382,23971.73,0.6435332078298328,Medium Potential,90,12,2026-02-26T05:42:47.919635
15841,Unknown,United Kingdom,Promising,341.1018,25.5525,31694.56,0.6316699354601715,Medium Potential,90,12,2026-02-26T05:42:47.919635
15843,Unknown,United Kingdom,About to Sleep,459.463,14.8688,24842.41,0.6381430125139277,Medium Potential,90,12,2026-02-26T05:42:47.919635
15845,Unknown,United Kingdom,Recent Customers,32.4009,22.2014,2615.8,0.6331206291844751,Medium Potential,90,12,2026-02-26T05:42:47.919635
15847,Unknown,United Kingdom,About to Sleep,731.9302,16.0454,42705.86,0.6255813405155674,High Potential,90,12,2026-02-26T05:42:47.919635
15852,Unknown,United Kingdom,At Risk,57.0051,57.5,11919.25,0.6333896415573925,Medium Potential,90,12,2026-02-26T05:42:47.919635
15854,Unknown,United Kingdom,Recent Customers,18.3779,10.29,687.67,0.6320457217532791,Low Potential,90,12,2026-02-26T05:42:47.919635
15855,Unknown,United Kingdom,Need Attention,1091.5955,6.6463,26382.08,0.6383599204018852,Medium Potential,90,12,2026-02-26T05:42:47.919635
15856,Unknown,United Kingdom,Champions,38.9612,31.954,4527.15,0.6417314361447506,Medium Potential,90,12,2026-02-26T05:42:47.919635
15858,Unknown,United Kingdom,Loyal Customers,7.8454,9.7864,279.19,0.641895024902707,Low Potential,90,12,2026-02-26T05:42:47.919635
15860,Unknown,United Kingdom,Potential Loyalists,13.4495,6.7039,327.87,0.6351140295128037,Low Potential,90,12,2026-02-26T05:42:47.919635
15862,Unknown,United Kingdom,Recent Customers,17.1235,4.7512,295.84,0.6256344932697319,Low Potential,90,12,2026-02-26T05:42:47.919635
15864,Unknown,United Kingdom,Need Attention,9.4549,106.414,3658.67,0.6303296645112487,Medium Potential,90,12,2026-02-26T05:42:47.919635
15865,Unknown,United Kingdom,Potential Loyalists,27.6201,19.479,1956.41,0.6434785344338476,Medium Potential,90,12,2026-02-26T05:42:47.919635
15867,Unknown,United Kingdom,Loyal Customers,16.3297,7.5443,447.99,0.6415678890778506,Low Potential,90,12,2026-02-26T05:42:47.919635
15869,Unknown,United Kingdom,About to Sleep,742.7678,10.3031,27828.4,0.6348442847602177,Medium Potential,90,12,2026-02-26T05:42:47.919635
15870,Unknown,United Kingdom,Recent Customers,3887.8887,4.5793,64741.12,0.6352759313761016,High Potential,90,12,2026-02-26T05:42:47.919635
15874,Unknown,United Kingdom,Loyal Customers,85.9373,38.39,11996.85,0.6365726329465102,Medium Potential,90,12,2026-02-26T05:42:47.919635
15877,Unknown,United Kingdom,Need Attention,1146.6098,12.551,52331.27,0.6370054547098494,High Potential,90,12,2026-02-26T05:42:47.919635
15880,Unknown,United Kingdom,Promising,5238.9793,3.4287,65319.59,0.6127461204705137,High Potential,90,12,2026-02-26T05:42:47.919635
15881,Unknown,United Kingdom,At Risk,167.6061,38.15,23251.54,0.6207632947704186,Medium Potential,90,12,2026-02-26T05:42:47.919635
15882,Unknown,United Kingdom,Need Attention,884.6814,23.2075,74659.07,0.6143621074320499,High Potential,90,12,2026-02-26T05:42:47.919635
15883,Unknown,United Kingdom,Recent Customers,90.3808,8.0914,2659.3,0.6353299078348292,Medium Potential,90,12,2026-02-26T05:42:47.919635
15885,Unknown,United Kingdom,Promising,6.448,21.075,494.15,0.6368431120726507,Low Potential,90,12,2026-02-26T05:42:47.919635
15886,Unknown,United Kingdom,Need Attention,691.4231,15.0908,37942.28,0.6402066167499753,Medium Potential,90,12,2026-02-26T05:42:47.919635
15889,Unknown,United Kingdom,Recent Customers,11.956,5.0562,219.83,0.6334434577467953,Low Potential,90,12,2026-02-26T05:42:47.919635
15894,Unknown,United Kingdom,About to Sleep,1764.7088,4.0481,25977.16,0.6127461204705137,Medium Potential,90,12,2026-02-26T05:42:47.919635
15898,Unknown,United Kingdom,Potential Loyalists,9.5551,12.3215,428.12,0.6370054547098494,Low Potential,90,12,2026-02-26T05:42:47.919635
15899,Unknown,United Kingdom,At Risk,221.1704,14.0625,11309.85,0.6143621074320499,Medium Potential,90,12,2026-02-26T05:42:47.919635
15901,Unknown,United Kingdom,Need Attention,1375.3474,4.6038,23024.82,0.6367349066337685,Medium Potential,90,12,2026-02-26T05:42:47.919635
15903,Unknown,United Kingdom,Potential Loyalists,519.9791,156.1333,295222.01,0.6419495637552085,High Potential,90,12,2026-02-26T05:42:47.919635
15904,Unknown,United Kingdom,About to Sleep,1689.2131,5.4893,33718.54,0.6256344932697319,Medium Potential,90,12,2026-02-26T05:42:47.919635
15906,Unknown,United Kingdom,Recent Customers,90.3089,10.027,3292.83,0.630061951767552,Medium Potential,90,12,2026-02-26T05:42:47.919635
15907,Unknown,United Kingdom,Recent Customers,5703.4135,3.0077,62378.75,0.6337126072892719,High Potential,90,12,2026-02-26T05:42:47.919635
15910,Unknown,United Kingdom,Loyal Customers,26.1705,4.6812,445.49,0.6386854204817225,Low Potential,90,12,2026-02-26T05:42:47.919635
15916,Unknown,United Kingdom,Loyal Customers,10.7678,11.5327,451.57,0.6386311589448211,Low Potential,90,12,2026-02-26T05:42:47.919635
15917,Unknown,United Kingdom,About to Sleep,683.9446,10.2583,25513.12,0.6332820228945715,Medium Potential,90,12,2026-02-26T05:42:47.919635
15918,Unknown,United Kingdom,At Risk,1015.6829,10.6794,39443.21,0.6269647808687197,Medium Potential,90,12,2026-02-26T05:42:47.919635
15919,Unknown,United Kingdom,Need Attention,2101.1184,5.5218,42188.93,0.6143621074320499,High Potential,90,12,2026-02-26T05:42:47.919635
15920,Unknown,United Kingdom,Promising,3037.2255,2.7185,30024.35,0.6367349066337685,Medium Potential,90,12,2026-02-26T05:42:47.919635
15922,Unknown,United Kingdom,Need Attention,600.4654,33.5909,73346.08,0.6065306597126334,High Potential,90,12,2026-02-26T05:42:47.919635
15923,Unknown,United Kingdom,At Risk,1149.3662,6.0514,25291.91,0.6081302547245364,Medium Potential,90,12,2026-02-26T05:42:47.919635
15930,Unknown,United Kingdom,Need Attention,1188.1895,20.3157,87777.82,0.6286716772965468,High Potential,90,12,2026-02-26T05:42:47.919635
15932,Unknown,United Kingdom,Loyal Customers,15.9192,21.1397,1223.73,0.6434785344338476,Low Potential,90,12,2026-02-26T05:42:47.919635
15935,Unknown,United Kingdom,Promising,57.8885,308.82,65007.73,0.6432052371202953,High Potential,90,12,2026-02-26T05:42:47.919635
15937,Unknown,United Kingdom,At Risk,399.1711,20.7643,30140.03,0.6336049337516346,Medium Potential,90,12,2026-02-26T05:42:47.919635
15938,Unknown,United Kingdom,At Risk,170.5364,35.0,21704.63,0.6316162699459554,Medium Potential,90,12,2026-02-26T05:42:47.919635
15939,Unknown,United Kingdom,Champions,7.3658,82.8635,2219.48,0.64331454211402,Medium Potential,90,12,2026-02-26T05:42:47.919635
15940,Unknown,United Kingdom,At Risk,56.2593,35.8,7323.94,0.6251031688912595,Medium Potential,90,12,2026-02-26T05:42:47.919635
15944,Unknown,United Kingdom,Need Attention,343.72,54.1833,67723.21,0.6365185509081462,High Potential,90,12,2026-02-26T05:42:47.919635
15945,Unknown,United Kingdom,At Risk,111.453,90.5,36678.17,0.6191830751035756,Medium Potential,90,12,2026-02-26T05:42:47.919635
15948,Unknown,United Kingdom,About to Sleep,1126.1421,15.55,63678.22,0.6256344932697319,High Potential,90,12,2026-02-26T05:42:47.919635
15950,Unknown,United Kingdom,Promising,1203.838,19.9186,87195.52,0.6369513358997455,High Potential,90,12,2026-02-26T05:42:47.919635
15951,Unknown,United Kingdom,About to Sleep,1069.835,17.5289,68192.84,0.6256344932697319,High Potential,90,12,2026-02-26T05:42:47.919635
15952,Unknown,United Kingdom,Recent Customers,32.9922,7.8466,941.37,0.6336587682334197,Low Potential,90,12,2026-02-26T05:42:47.919635
15953,Unknown,United Kingdom,Loyal Customers,6.3764,17.0751,395.92,0.6432598872954712,Low Potential,90,12,2026-02-26T05:42:47.919635
15955,Unknown,United Kingdom,Champions,7.4484,24.9109,674.71,0.641895024902707,Low Potential,90,12,2026-02-26T05:42:47.919635
15957,Unknown,United Kingdom,Recent Customers,2293.0248,10.4622,87236.67,0.6369513358997455,High Potential,90,12,2026-02-26T05:42:47.919635
15965,Unknown,United Kingdom,Loyal Customers,10.2026,6.9608,258.25,0.6419495637552085,Low Potential,90,12,2026-02-26T05:42:47.919635
15969,Unknown,United Kingdom,Promising,133.4193,31.6929,15376.16,0.6353299078348292,Medium Potential,90,12,2026-02-26T05:42:47.919635
15970,Unknown,United Kingdom,Need Attention,631.7616,28.5545,65598.68,0.6381430125139277,High Potential,90,12,2026-02-26T05:42:47.919635
15971,Unknown,United Kingdom,Loyal Customers,3.2268,88.4711,1038.1,0.6434785344338476,Low Potential,90,12,2026-02-26T05:42:47.919635
15973,Unknown,United Kingdom,At Risk,222.3196,76.955,62213.11,0.6175544073129242,High Potential,90,12,2026-02-26T05:42:47.919635
15974,Unknown,United Kingdom,Champions,27.0169,16.6683,1637.55,0.6432598872954712,Low Potential,90,12,2026-02-26T05:42:47.919635
15976,Unknown,United Kingdom,Need Attention,2827.821,4.1998,43186.48,0.6284046687308877,High Potential,90,12,2026-02-26T05:42:47.919635
15980,Unknown,United Kingdom,Loyal Customers,1274.0875,73.58,340899.48,0.6434785344338476,High Potential,90,12,2026-02-26T05:42:47.919635
15981,Unknown,United Kingdom,Potential Loyalists,2.7566,49.425,495.44,0.6432052371202953,Low Potential,90,12,2026-02-26T05:42:47.919635
15983,Unknown,United Kingdom,Recent Customers,11.925,14.8285,643.02,0.6191830751035756,Low Potential,90,12,2026-02-26T05:42:47.919635
15984,Unknown,United Kingdom,Loyal Customers,13.173,12.1563,582.31,0.6353299078348292,Low Potential,90,12,2026-02-26T05:42:47.919635
15985,Unknown,United Kingdom,Need Attention,573.1101,24.284,50608.75,0.6367890070548783,High Potential,90,12,2026-02-26T05:42:47.919635
15986,Unknown,United Kingdom,Need Attention,804.6753,12.0086,35138.27,0.6386311589448211,Medium Potential,90,12,2026-02-26T05:42:47.919635
15987,Unknown,United Kingdom,Recent Customers,1.6856,35.0593,214.89,0.6417859610978717,Low Potential,90,12,2026-02-26T05:42:47.919635
15992,Unknown,United Kingdom,At Risk,171.1024,13.9967,8708.61,0.6337126072892719,Medium Potential,90,12,2026-02-26T05:42:47.919635
15993,Unknown,United Kingdom,Potential Loyalists,51.7066,4.8027,903.02,0.6336587682334197,Low Potential,90,12,2026-02-26T05:42:47.919635
15996,Unknown,United Kingdom,Loyal Customers,5.8631,8.2616,176.14,0.6434785344338476,Low Potential,90,12,2026-02-26T05:42:47.919635
15998,Unknown,United Kingdom,Potential Loyalists,128.4295,7.0552,3294.89,0.6287250926223397,Medium Potential,90,12,2026-02-26T05:42:47.919635
16000,Unknown,United Kingdom,Recent Customers,514.6172,1377.0778,2576974.26,0.6353299078348292,High Potential,90,12,2026-02-26T05:42:47.919635
16003,Unknown,United Kingdom,Loyal Customers,2535.4336,21.1584,195075.34,0.6402610121462423,High Potential,90,12,2026-02-26T05:42:47.919635
16005,Unknown,United Kingdom,Promising,1497.5745,4.6342,25236.58,0.6399890813743078,Medium Potential,90,12,2026-02-26T05:42:47.919635
16006,Unknown,United Kingdom,Need Attention,463.1471,12.675,21346.87,0.6432598872954712,Medium Potential,90,12,2026-02-26T05:42:47.919635
16007,Unknown,United Kingdom,Champions,60.9965,4.6175,1024.19,0.64331454211402,Low Potential,90,12,2026-02-26T05:42:47.919635
16009,Unknown,United Kingdom,Recent Customers,26.3186,8.8526,847.23,0.6352759313761016,Low Potential,90,12,2026-02-26T05:42:47.919635
16010,Unknown,United Kingdom,Recent Customers,18.0407,5.0514,331.38,0.6365726329465102,Low Potential,90,12,2026-02-26T05:42:47.919635
16011,Unknown,United Kingdom,Champions,16.4253,15.9384,951.97,0.6434238656828135,Low Potential,90,12,2026-02-26T05:42:47.919635
16012,Unknown,United Kingdom,Loyal Customers,42.5123,15.537,2401.87,0.6350600713947008,Medium Potential,90,12,2026-02-26T05:42:47.919635
16013,Unknown,United Kingdom,Champions,7.284,232.1145,6148.08,0.6434238656828135,Medium Potential,90,12,2026-02-26T05:42:47.919635
16014,Unknown,United Kingdom,Loyal Customers,19.1206,4.9344,343.09,0.6400434582875998,Low Potential,90,12,2026-02-26T05:42:47.919635
16015,Unknown,United Kingdom,Promising,2224.3313,5.099,41243.15,0.6337126072892719,High Potential,90,12,2026-02-26T05:42:47.919635
16016,Unknown,United Kingdom,Potential Loyalists,23.0763,6.0265,505.71,0.6337126072892719,Low Potential,90,12,2026-02-26T05:42:47.919635
16018,Unknown,United Kingdom,Promising,868.4746,10.7933,34086.21,0.64331454211402,Medium Potential,90,12,2026-02-26T05:42:47.919635
16019,Unknown,United Kingdom,Recent Customers,5.451,28.934,573.52,0.6347364189402819,Low Potential,90,12,2026-02-26T05:42:47.919635
16020,Unknown,United Kingdom,Promising,1478.7357,19.9538,107295.99,0.63193833143466,High Potential,90,12,2026-02-26T05:42:47.919635
16025,Unknown,United Kingdom,Recent Customers,1613.4578,15.7021,92126.09,0.6402610121462423,High Potential,90,12,2026-02-26T05:42:47.919635
16027,Unknown,United Kingdom,Promising,2.687,85.1243,831.74,0.6397716199148393,Low Potential,90,12,2026-02-26T05:42:47.919635
16029,Unknown,United Kingdom,Champions,9.2675,414.9513,13983.86,0.641895024902707,Medium Potential,90,12,2026-02-26T05:42:47.919635
16030,Unknown,United Kingdom,Need Attention,1583.1762,11.1657,64280.98,0.6282445180282595,High Potential,90,12,2026-02-26T05:42:47.919635
16031,Unknown,United Kingdom,Potential Loyalists,83.3686,5.6422,1710.48,0.6368431120726507,Low Potential,90,12,2026-02-26T05:42:47.919635
16033,Unknown,United Kingdom,Champions,55.5655,7.8589,1587.94,0.6432598872954712,Low Potential,90,12,2026-02-26T05:42:47.919635
16034,Unknown,United Kingdom,Need Attention,519.5376,17.0667,32242.88,0.641404383691382,Medium Potential,90,12,2026-02-26T05:42:47.919635
16037,Unknown,United Kingdom,Need Attention,515.5362,33.6667,63114.19,0.6364644734644926,High Potential,90,12,2026-02-26T05:42:47.919635
16038,Unknown,United Kingdom,At Risk,169.3668,26.15,16105.24,0.6272844705605466,Medium Potential,90,12,2026-02-26T05:42:47.919635
16040,Unknown,United Kingdom,Need Attention,1080.6145,23.0195,90455.29,0.63193833143466,High Potential,90,12,2026-02-26T05:42:47.919635
16041,Unknown,United Kingdom,Promising,57.4768,426.6,89162.19,0.6386311589448211,High Potential,90,12,2026-02-26T05:42:47.919635
16042,Unknown,United Kingdom,Need Attention,115.4528,12.475,5237.36,0.641404383691382,Medium Potential,90,12,2026-02-26T05:42:47.919635
16043,Unknown,United Kingdom,Potential Loyalists,4.2884,21.1882,330.41,0.6432598872954712,Low Potential,90,12,2026-02-26T05:42:47.919635
16045,Unknown,United Kingdom,Potential Loyalists,11.0301,16.9521,679.94,0.6434238656828135,Low Potential,90,12,2026-02-26T05:42:47.919635
16048,Unknown,United Kingdom,At Risk,436.7021,32.055,50903.58,0.6065306597126334,High Potential,90,12,2026-02-26T05:42:47.919635
16053,Unknown,United Kingdom,Loyal Customers,80.8366,18.0175,5296.27,0.6384684019923119,Medium Potential,90,12,2026-02-26T05:42:47.919635
16055,Unknown,United Kingdom,At Risk,452.4514,16.85,27722.93,0.6284046687308877,Medium Potential,90,12,2026-02-26T05:42:47.919635
16057,Unknown,United Kingdom,Loyal Customers,10.3726,20.0058,754.59,0.6432598872954712,Low Potential,90,12,2026-02-26T05:42:47.919635
16059,Unknown,United Kingdom,Need Attention,4.5198,9.3146,153.09,0.63193833143466,Low Potential,90,12,2026-02-26T05:42:47.919635
16062,Unknown,United Kingdom,Potential Loyalists,3.6007,22.2377,291.17,0.6432052371202953,Low Potential,90,12,2026-02-26T05:42:47.919635
16065,Unknown,United Kingdom,Promising,3956.5798,5.1315,73829.78,0.6191830751035756,High Potential,90,12,2026-02-26T05:42:47.919635
16066,Unknown,United Kingdom,Loyal Customers,53.8799,17.7773,3483.05,0.63857690201788,Medium Potential,90,12,2026-02-26T05:42:47.919635
16070,Unknown,United Kingdom,Recent Customers,1086.3218,36.15,142801.94,0.6352759313761016,High Potential,90,12,2026-02-26T05:42:47.919635
16076,Unknown,United Kingdom,Loyal Customers,27.1636,15.7755,1558.25,0.641895024902707,Low Potential,90,12,2026-02-26T05:42:47.919635
16078,Unknown,United Kingdom,At Risk,56.2641,79.2,16204.06,0.625156281017392,Medium Potential,90,12,2026-02-26T05:42:47.919635
16080,Unknown,United Kingdom,Need Attention,287.9217,26.052,27276.13,0.6398259783514365,Medium Potential,90,12,2026-02-26T05:42:47.919635
16081,Unknown,United Kingdom,Recent Customers,7.3181,13.6176,362.38,0.6350061178607801,Low Potential,90,12,2026-02-26T05:42:47.919635
16085,Unknown,United Kingdom,Promising,1216.2778,5.73,25342.81,0.6435332078298328,Medium Potential,90,12,2026-02-26T05:42:47.919635
16086,Unknown,United Kingdom,Loyal Customers,2.8529,29.6496,307.59,0.641895024902707,Low Potential,90,12,2026-02-26T05:42:47.919635
16091,Unknown,United Kingdom,About to Sleep,458.4491,19.7262,32885.3,0.6367349066337685,Medium Potential,90,12,2026-02-26T05:42:47.919635
16094,Unknown,United Kingdom,Loyal Customers,14.6345,15.2229,810.11,0.6402610121462423,Low Potential,90,12,2026-02-26T05:42:47.919635
16098,Unknown,United Kingdom,Potential Loyalists,4.2334,28.3198,435.96,0.6350061178607801,Low Potential,90,12,2026-02-26T05:42:47.919635
16102,Unknown,United Kingdom,Recent Customers,102.6656,28.4253,10612.0,0.6285648602587788,Medium Potential,90,12,2026-02-26T05:42:47.919635
16103,Unknown,United Kingdom,Recent Customers,11.001,29.02,1160.91,0.6333896415573925,Low Potential,90,12,2026-02-26T05:42:47.919635
16104,Unknown,United Kingdom,Recent Customers,1609.2138,10.6504,62322.8,0.63857690201788,High Potential,90,12,2026-02-26T05:42:47.919635
16105,Unknown,United Kingdom,Need Attention,738.991,25.92,69653.26,0.6316162699459554,High Potential,90,12,2026-02-26T05:42:47.919635
16106,Unknown,United Kingdom,At Risk,341.2467,18.0633,22414.7,0.63193833143466,Medium Potential,90,12,2026-02-26T05:42:47.919635
16107,Unknown,United Kingdom,Loyal Customers,15.7569,75.2078,4309.24,0.6419495637552085,Medium Potential,90,12,2026-02-26T05:42:47.919635
16109,Unknown,United Kingdom,Need Attention,31.0093,33.9933,3833.12,0.6316699354601715,Medium Potential,90,12,2026-02-26T05:42:47.919635
16110,Unknown,United Kingdom,Recent Customers,6244.7807,3.6396,82649.1,0.6251031688912595,High Potential,90,12,2026-02-26T05:42:47.919635
16112,Unknown,United Kingdom,Need Attention,4.5157,13.265,217.82,0.6397172660964349,Low Potential,90,12,2026-02-26T05:42:47.919635
16113,Unknown,United Kingdom,Need Attention,1723.5718,5.3793,33714.94,0.6383599204018852,Medium Potential,90,12,2026-02-26T05:42:47.919635
16115,Unknown,United Kingdom,Potential Loyalists,95.2521,6.1218,2120.42,0.64331454211402,Medium Potential,90,12,2026-02-26T05:42:47.919635
16116,Unknown,United Kingdom,Potential Loyalists,1968.3753,18.0229,129003.02,0.6432598872954712,High Potential,90,12,2026-02-26T05:42:47.919635
16117,Unknown,United Kingdom,Need Attention,1696.8368,7.7403,47760.09,0.6284580613701972,High Potential,90,12,2026-02-26T05:42:47.919635
16119,Unknown,United Kingdom,At Risk,281.5355,22.776,23317.28,0.6256344932697319,Medium Potential,90,12,2026-02-26T05:42:47.919635
16120,Unknown,United Kingdom,Loyal Customers,1502.0344,45.5419,248747.27,0.641895024902707,High Potential,90,12,2026-02-26T05:42:47.919635
16121,Unknown,United Kingdom,Recent Customers,3437.7843,4.0588,50739.2,0.636626719579975,High Potential,90,12,2026-02-26T05:42:47.919635
16122,Unknown,United Kingdom,Promising,2.4592,13.1495,117.59,0.641404383691382,Low Potential,90,12,2026-02-26T05:42:47.919635
16125,Unknown,United Kingdom,About to Sleep,720.6381,22.2577,58326.35,0.6159300234875151,High Potential,90,12,2026-02-26T05:42:47.919635
16126,Unknown,United Kingdom,Loyal Customers,55.8773,55.2144,11219.02,0.6402610121462423,Medium Potential,90,12,2026-02-26T05:42:47.919635
16128,Unknown,United Kingdom,Promising,45.5826,22.9938,3811.34,0.6287250926223397,Medium Potential,90,12,2026-02-26T05:42:47.919635
16133,Unknown,United Kingdom,Champions,27.4763,37.1851,3715.31,0.6419495637552085,Medium Potential,90,12,2026-02-26T05:42:47.919635
16136,Unknown,United Kingdom,Potential Loyalists,13.3317,18.868,914.7,0.641895024902707,Low Potential,90,12,2026-02-26T05:42:47.919635
16140,Unknown,United Kingdom,Recent Customers,4.6948,20.7194,353.72,0.63193833143466,Low Potential,90,12,2026-02-26T05:42:47.919635
16141,Unknown,United Kingdom,Potential Loyalists,1737.392,20.68,130651.88,0.6434785344338476,High Potential,90,12,2026-02-26T05:42:47.919635
16142,Unknown,United Kingdom,Need Attention,2097.928,14.4686,110378.48,0.6300084228646686,High Potential,90,12,2026-02-26T05:42:47.919635
16143,Unknown,United Kingdom,Champions,8.9496,18.978,617.62,0.6416224001351336,Low Potential,90,12,2026-02-26T05:42:47.919635
16144,Unknown,United Kingdom,At Risk,57.1408,175.2,36403.88,0.6348982245439281,Medium Potential,90,12,2026-02-26T05:42:47.919635
16145,Unknown,United Kingdom,Champions,17.6151,16.6935,1069.3,0.6433692015763358,Low Potential,90,12,2026-02-26T05:42:47.919635
16146,Unknown,United Kingdom,At Risk,56.86,75.0,15507.27,0.631777280168123,Medium Potential,90,12,2026-02-26T05:42:47.919635
16149,Unknown,United Kingdom,At Risk,398.1888,16.6914,24168.47,0.6320457217532791,Medium Potential,90,12,2026-02-26T05:42:47.919635
16150,Unknown,United Kingdom,Loyal Customers,5.8349,17.5742,372.89,0.6434785344338476,Low Potential,90,12,2026-02-26T05:42:47.919635
16153,Unknown,United Kingdom,Recent Customers,51.6199,17.3246,3251.98,0.6350061178607801,Medium Potential,90,12,2026-02-26T05:42:47.919635
16156,Unknown,United Kingdom,Loyal Customers,9.2718,20.9177,705.25,0.6417314361447506,Low Potential,90,12,2026-02-26T05:42:47.919635
16159,Unknown,United Kingdom,About to Sleep,791.6554,24.8714,71598.47,0.6282978970603043,High Potential,90,12,2026-02-26T05:42:47.919635
16160,Unknown,United Kingdom,About to Sleep,284.3722,44.7,46223.41,0.63193833143466,High Potential,90,12,2026-02-26T05:42:47.919635
16161,Unknown,United Kingdom,Champions,17.6894,9.9413,639.48,0.641895024902707,Low Potential,90,12,2026-02-26T05:42:47.919635
16162,Unknown,United Kingdom,At Risk,112.5377,18.7,7652.56,0.6252093976562161,Medium Potential,90,12,2026-02-26T05:42:47.919635
16163,Unknown,United Kingdom,About to Sleep,278.6324,88.32,89486.59,0.6191830751035756,High Potential,90,12,2026-02-26T05:42:47.919635
16168,Unknown,United Kingdom,Champions,4.7412,44.7826,772.08,0.6433692015763358,Low Potential,90,12,2026-02-26T05:42:47.919635
16169,Unknown,United Kingdom,Loyal Customers,9.3214,20.8675,707.32,0.6402610121462423,Low Potential,90,12,2026-02-26T05:42:47.919635
16170,Unknown,United Kingdom,Recent Customers,17.0059,17.1705,1061.82,0.6383599204018852,Low Potential,90,12,2026-02-26T05:42:47.919635
16171,Unknown,United Kingdom,Need Attention,173.3117,24.4,15377.47,0.641895024902707,Medium Potential,90,12,2026-02-26T05:42:47.919635
16172,Unknown,United Kingdom,Loyal Customers,8.2447,16.7711,502.81,0.6432052371202953,Low Potential,90,12,2026-02-26T05:42:47.919635
16173,Unknown,United Kingdom,Loyal Customers,10.9688,16.2543,648.33,0.6385226497005074,Low Potential,90,12,2026-02-26T05:42:47.919635
16174,Unknown,United Kingdom,Recent Customers,6.6277,29.8262,718.83,0.6417314361447506,Low Potential,90,12,2026-02-26T05:42:47.919635
16175,Unknown,United Kingdom,Need Attention,912.3136,18.7938,62348.51,0.6335511038435279,High Potential,90,12,2026-02-26T05:42:47.919635
16179,Unknown,United Kingdom,Promising,633.8046,19.6209,45221.15,0.6402066167499753,High Potential,90,12,2026-02-26T05:42:47.919635
16180,Unknown,United Kingdom,Potential Loyalists,27.1532,60.6862,5992.09,0.6302225657663681,Medium Potential,90,12,2026-02-26T05:42:47.919635
16182,Unknown,United Kingdom,Need Attention,394.0158,332.4286,476298.62,0.6254219093460998,High Potential,90,12,2026-02-26T05:42:47.919635
16183,Unknown,United Kingdom,About to Sleep,848.7068,22.5807,69688.7,0.6286716772965468,High Potential,90,12,2026-02-26T05:42:47.919635
16184,Unknown,United Kingdom,Potential Loyalists,8.7816,22.9956,734.32,0.6432598872954712,Low Potential,90,12,2026-02-26T05:42:47.919635
16186,Unknown,United Kingdom,Champions,11.9115,17.6685,765.3,0.6432598872954712,Low Potential,90,12,2026-02-26T05:42:47.919635
16187,Unknown,United Kingdom,Loyal Customers,16.0726,25.5593,1493.83,0.6369513358997455,Low Potential,90,12,2026-02-26T05:42:47.919635
16188,Unknown,United Kingdom,Need Attention,519.67,16.85,31841.6,0.6415678890778506,Medium Potential,90,12,2026-02-26T05:42:47.919635
16191,Unknown,United Kingdom,Loyal Customers,13.5017,51.9531,2550.75,0.6414588808563683,Medium Potential,90,12,2026-02-26T05:42:47.919635
16200,Unknown,United Kingdom,Recent Customers,5915.948,4.7036,101186.37,0.6320457217532791,High Potential,90,12,2026-02-26T05:42:47.919635
16201,Unknown,United Kingdom,Promising,1711.024,16.98,105647.95,0.6337126072892719,High Potential,90,12,2026-02-26T05:42:47.919635
16203,Unknown,United Kingdom,Potential Loyalists,1.9132,17.5136,121.84,0.6435332078298328,Low Potential,90,12,2026-02-26T05:42:47.919635
16205,Unknown,United Kingdom,Potential Loyalists,17.8937,9.483,617.04,0.6386311589448211,Low Potential,90,12,2026-02-26T05:42:47.919635
16206,Unknown,United Kingdom,Need Attention,800.2437,8.6507,25173.34,0.6351140295128037,Medium Potential,90,12,2026-02-26T05:42:47.919635
16209,Unknown,United Kingdom,Loyal Customers,13.3885,21.5447,1048.91,0.6434785344338476,Low Potential,90,12,2026-02-26T05:42:47.919635
16210,Unknown,United Kingdom,Loyal Customers,6.2979,221.6619,5076.38,0.6399347090807783,Medium Potential,90,12,2026-02-26T05:42:47.919635
16211,Unknown,United Kingdom,Potential Loyalists,1332.0006,23.7835,115198.68,0.6434785344338476,High Potential,90,12,2026-02-26T05:42:47.919635
16212,Unknown,United Kingdom,Need Attention,1687.922,16.605,101919.8,0.625156281017392,High Potential,90,12,2026-02-26T05:42:47.919635
16214,Unknown,United Kingdom,At Risk,281.3442,41.34,42293.71,0.6252093976562161,High Potential,90,12,2026-02-26T05:42:47.919635
16217,Unknown,United Kingdom,At Risk,620.5369,16.6364,37540.0,0.6268049971255752,Medium Potential,90,12,2026-02-26T05:42:47.919635
16218,Unknown,United Kingdom,Loyal Customers,3.6184,23.0125,302.79,0.6402610121462423,Low Potential,90,12,2026-02-26T05:42:47.919635
16221,Unknown,United Kingdom,Loyal Customers,12.9166,9.1427,429.43,0.6381972325752837,Low Potential,90,12,2026-02-26T05:42:47.919635
16224,Unknown,United Kingdom,At Risk,793.8106,11.9621,34529.61,0.6300084228646686,Medium Potential,90,12,2026-02-26T05:42:47.919635
16225,Unknown,United Kingdom,Recent Customers,3485.2951,6.6926,84820.68,0.6348442847602177,High Potential,90,12,2026-02-26T05:42:47.919635
16229,Unknown,United Kingdom,Recent Customers,692.9522,29.85,75216.81,0.6416224001351336,High Potential,90,12,2026-02-26T05:42:47.919635
16230,Unknown,United Kingdom,Need Attention,1979.6429,15.4866,111483.41,0.6284580613701972,High Potential,90,12,2026-02-26T05:42:47.919635
16232,Unknown,United Kingdom,Promising,1088.6317,19.2879,76354.25,0.636626719579975,High Potential,90,12,2026-02-26T05:42:47.919635
16233,Unknown,United Kingdom,At Risk,111.1598,73.7,29790.83,0.6175544073129242,Medium Potential,90,12,2026-02-26T05:42:47.919635
16235,Unknown,United Kingdom,Recent Customers,9.361,17.8958,609.17,0.641404383691382,Low Potential,90,12,2026-02-26T05:42:47.919635
16239,Unknown,United Kingdom,About to Sleep,848.4184,23.1933,71554.99,0.6284580613701972,High Potential,90,12,2026-02-26T05:42:47.919635
16241,Unknown,United Kingdom,Champions,34.1285,4.2188,523.57,0.6435332078298328,Low Potential,90,12,2026-02-26T05:42:47.919635
16242,Unknown,United Kingdom,Loyal Customers,51.362,12.2076,2280.02,0.6383056865188711,Medium Potential,90,12,2026-02-26T05:42:47.919635
16243,Unknown,United Kingdom,Need Attention,1938.9958,5.7103,40262.72,0.6336587682334197,Medium Potential,90,12,2026-02-26T05:42:47.919635
16244,Unknown,United Kingdom,Champions,7.9702,16.7335,484.98,0.6432598872954712,Low Potential,90,12,2026-02-26T05:42:47.919635
16245,Unknown,United Kingdom,Promising,1209.7849,15.0343,66139.16,0.6400978398210466,High Potential,90,12,2026-02-26T05:42:47.919635
16248,Unknown,United Kingdom,Need Attention,402.3034,21.8486,31962.79,0.63857690201788,Medium Potential,90,12,2026-02-26T05:42:47.919635
16250,Unknown,United Kingdom,About to Sleep,764.2286,16.1529,44889.12,0.6065306597126334,High Potential,90,12,2026-02-26T05:42:47.919635
16253,Unknown,United Kingdom,Potential Loyalists,3971.0769,28.3351,409166.77,0.6303296645112487,High Potential,90,12,2026-02-26T05:42:47.919635
16255,Unknown,United Kingdom,Loyal Customers,28.2799,9.909,1019.0,0.6348982245439281,Low Potential,90,12,2026-02-26T05:42:47.919635
16258,Unknown,United Kingdom,Potential Loyalists,775.1738,43.5917,122876.89,0.6302225657663681,High Potential,90,12,2026-02-26T05:42:47.919635
16261,Unknown,United Kingdom,Promising,2857.042,4.8698,50593.54,0.6348982245439281,High Potential,90,12,2026-02-26T05:42:47.919635
16265,Unknown,United Kingdom,Loyal Customers,22.9907,20.0786,1678.62,0.6364644734644926,Low Potential,90,12,2026-02-26T05:42:47.919635
16271,Unknown,United Kingdom,Need Attention,14.9547,18.4953,1005.79,0.6353299078348292,Low Potential,90,12,2026-02-26T05:42:47.919635
16274,Unknown,United Kingdom,Need Attention,3493.6166,5.2,66061.11,0.6065306597126334,High Potential,90,12,2026-02-26T05:42:47.919635
16282,Unknown,United Kingdom,At Risk,623.5494,15.3,34692.02,0.629847863440775,Medium Potential,90,12,2026-02-26T05:42:47.919635
16283,Unknown,United Kingdom,Champions,27.495,9.7605,975.87,0.6417859610978717,Low Potential,90,12,2026-02-26T05:42:47.919635
16284,Unknown,United Kingdom,Recent Customers,2923.6066,7.9339,84347.65,0.6369513358997455,High Potential,90,12,2026-02-26T05:42:47.919635
16292,Unknown,United Kingdom,Promising,979.3497,17.7794,63317.27,0.6400978398210466,High Potential,90,12,2026-02-26T05:42:47.919635
16293,Unknown,United Kingdom,Potential Loyalists,4.7437,20.0954,346.64,0.6385226497005074,Low Potential,90,12,2026-02-26T05:42:47.919635
16295,Unknown,United Kingdom,Loyal Customers,13.6091,16.1,796.75,0.6435332078298328,Low Potential,90,12,2026-02-26T05:42:47.919635
16298,Unknown,United Kingdom,At Risk,399.0355,16.3286,23693.42,0.6333896415573925,Medium Potential,90,12,2026-02-26T05:42:47.919635
16302,Unknown,United Kingdom,Need Attention,625.5126,21.2018,48225.43,0.6318309593626331,High Potential,90,12,2026-02-26T05:42:47.919635
16303,Unknown,United Kingdom,Potential Loyalists,2015.1094,23.6337,173179.97,0.6397172660964349,High Potential,90,12,2026-02-26T05:42:47.919635
16306,Unknown,United Kingdom,Recent Customers,4.4687,16.6581,270.69,0.6414588808563683,Low Potential,90,12,2026-02-26T05:42:47.919635
16308,Unknown,United Kingdom,Promising,1.0,800.0,2909.09,0.6333358299401141,Medium Potential,90,12,2026-02-26T05:42:47.919635
16313,Unknown,United Kingdom,At Risk,342.2048,17.755,22093.99,0.6337126072892719,Medium Potential,90,12,2026-02-26T05:42:47.919635
16316,Unknown,United Kingdom,Loyal Customers,30.4082,25.1868,2785.04,0.6381972325752837,Medium Potential,90,12,2026-02-26T05:42:47.919635
16317,Unknown,United Kingdom,Loyal Customers,6.7415,19.7664,484.56,0.6434238656828135,Low Potential,90,12,2026-02-26T05:42:47.919635
16318,Unknown,United Kingdom,Need Attention,1077.9553,17.2711,67699.9,0.6303832207085496,High Potential,90,12,2026-02-26T05:42:47.919635
16319,Unknown,United Kingdom,Need Attention,171.0007,134.8,83821.43,0.6333358299401141,High Potential,90,12,2026-02-26T05:42:47.919635
16320,Unknown,Unspecified,Loyal Customers,2706.9238,18.1421,178579.21,0.6399347090807783,High Potential,90,12,2026-02-26T05:42:47.919635
16321,Unknown,Australia,At Risk,114.2623,33.975,14116.59,0.6347903495591322,Medium Potential,90,12,2026-02-26T05:42:47.919635
16322,Unknown,United Kingdom,Promising,13.0297,9.18,434.96,0.6370054547098494,Low Potential,90,12,2026-02-26T05:42:47.919635
16324,Unknown,United Kingdom,Need Attention,3450.8211,3.9926,50100.9,0.6285648602587788,High Potential,90,12,2026-02-26T05:42:47.919635
16325,Unknown,United Kingdom,Promising,26.5996,32.0015,3095.37,0.6365726329465102,Medium Potential,90,12,2026-02-26T05:42:47.919635
16326,Unknown,United Kingdom,Champions,50.4032,9.7189,1781.32,0.63857690201788,Low Potential,90,12,2026-02-26T05:42:47.919635
16327,Unknown,United Kingdom,Promising,3639.712,8.1152,107407.24,0.6127461204705137,High Potential,90,12,2026-02-26T05:42:47.919635
16332,Unknown,United Kingdom,Champions,16.9374,10.831,667.09,0.6419495637552085,Low Potential,90,12,2026-02-26T05:42:47.919635
16333,Unknown,United Kingdom,Potential Loyalists,6.8985,737.1631,18492.07,0.6367890070548783,Medium Potential,90,12,2026-02-26T05:42:47.919635
16337,Unknown,United Kingdom,At Risk,565.8526,15.105,31080.74,0.6287250926223397,Medium Potential,90,12,2026-02-26T05:42:47.919635
16338,Unknown,United Kingdom,Need Attention,625.4595,19.5273,44412.86,0.631777280168123,High Potential,90,12,2026-02-26T05:42:47.919635
16344,Unknown,United Kingdom,At Risk,56.7152,35.7,7362.66,0.6301690232180153,Medium Potential,90,12,2026-02-26T05:42:47.919635
16347,Unknown,United Kingdom,Promising,2772.6777,8.409,84783.44,0.6287250926223397,High Potential,90,12,2026-02-26T05:42:47.919635
16348,Unknown,United Kingdom,Loyal Customers,31.9687,6.6714,775.55,0.6352759313761016,Low Potential,90,12,2026-02-26T05:42:47.919635
16350,Unknown,United Kingdom,Loyal Customers,21.9089,18.8877,1504.76,0.6397172660964349,Low Potential,90,12,2026-02-26T05:42:47.919635
16351,Unknown,United Kingdom,Need Attention,461.8112,19.2375,32305.79,0.641404383691382,Medium Potential,90,12,2026-02-26T05:42:47.919635
16352,Unknown,United Kingdom,About to Sleep,790.3113,14.6371,42064.97,0.6272311776273506,High Potential,90,12,2026-02-26T05:42:47.919635
16353,Unknown,United Kingdom,Champions,4.2794,78.224,1217.28,0.643041314451059,Low Potential,90,12,2026-02-26T05:42:47.919635
16354,Unknown,United Kingdom,About to Sleep,57.17,29.7,6174.36,0.6352219595031147,Medium Potential,90,12,2026-02-26T05:42:47.919635
16356,Unknown,United Kingdom,About to Sleep,857.0398,6.8,21192.26,0.6348442847602177,Medium Potential,90,12,2026-02-26T05:42:47.919635
16357,Unknown,United Kingdom,Recent Customers,14.3985,18.5803,972.83,0.6399347090807783,Low Potential,90,12,2026-02-26T05:42:47.919635
16358,Unknown,United Kingdom,Loyal Customers,151.144,15.5759,8560.74,0.6370054547098494,Medium Potential,90,12,2026-02-26T05:42:47.919635
16359,Unknown,United Kingdom,Champions,11.4955,26.2129,1095.75,0.643041314451059,Low Potential,90,12,2026-02-26T05:42:47.919635
16360,Unknown,United Kingdom,Champions,69.6003,5.894,1491.72,0.6434785344338476,Low Potential,90,12,2026-02-26T05:42:47.919635
16362,Unknown,United Kingdom,Loyal Customers,34.0941,9.2021,1140.86,0.641895024902707,Low Potential,90,12,2026-02-26T05:42:47.919635
16365,Unknown,United Kingdom,Loyal Customers,4.402,15.8774,254.15,0.6433692015763358,Low Potential,90,12,2026-02-26T05:42:47.919635
16367,Unknown,United Kingdom,Recent Customers,115.6779,6.2326,2621.72,0.6272311776273506,Medium Potential,90,12,2026-02-26T05:42:47.919635
16368,Unknown,United Kingdom,Loyal Customers,29.3613,6.8023,726.27,0.6419495637552085,Low Potential,90,12,2026-02-26T05:42:47.919635
16370,Unknown,United Kingdom,Recent Customers,2649.5548,5.8922,56769.84,0.6399890813743078,High Potential,90,12,2026-02-26T05:42:47.919635
16372,Unknown,United Kingdom,Recent Customers,4904.5189,3.8652,68934.35,0.6336587682334197,High Potential,90,12,2026-02-26T05:42:47.919635
16374,Unknown,United Kingdom,Recent Customers,4595.1033,3.7084,61965.39,0.6303296645112487,High Potential,90,12,2026-02-26T05:42:47.919635
16376,Unknown,United Kingdom,At Risk,1069.835,5.9347,23087.82,0.6256344932697319,Medium Potential,90,12,2026-02-26T05:42:47.919635
16378,Unknown,United Kingdom,Need Attention,6.0733,16.9308,373.91,0.6332820228945715,Low Potential,90,12,2026-02-26T05:42:47.919635
16379,Unknown,United Kingdom,Recent Customers,37.2907,20.7702,2816.49,0.6320457217532791,Medium Potential,90,12,2026-02-26T05:42:47.919635
16380,Unknown,United Kingdom,Loyal Customers,1609.2138,58.1068,340022.78,0.63857690201788,High Potential,90,12,2026-02-26T05:42:47.919635
16384,Unknown,United Kingdom,Need Attention,519.8908,19.4889,36844.0,0.641840490683726,Medium Potential,90,12,2026-02-26T05:42:47.919635
16385,Unknown,United Kingdom,Potential Loyalists,7.7459,9.7344,274.19,0.6402066167499753,Low Potential,90,12,2026-02-26T05:42:47.919635
16386,Unknown,United Kingdom,Potential Loyalists,4217.6086,3.1119,47726.46,0.6419495637552085,High Potential,90,12,2026-02-26T05:42:47.919635
16389,Unknown,United Kingdom,At Risk,337.5844,19.9417,24480.02,0.625156281017392,Medium Potential,90,12,2026-02-26T05:42:47.919635
16393,Unknown,United Kingdom,Loyal Customers,19.9901,9.8449,715.64,0.636626719579975,Low Potential,90,12,2026-02-26T05:42:47.919635
16394,Unknown,United Kingdom,Need Attention,1364.2911,12.7871,63437.55,0.6316162699459554,High Potential,90,12,2026-02-26T05:42:47.919635
16395,Unknown,United Kingdom,Recent Customers,2592.8368,4.2162,39752.43,0.6402066167499753,Medium Potential,90,12,2026-02-26T05:42:47.919635
16398,Unknown,United Kingdom,Promising,1088.8167,28.2026,111663.5,0.6367349066337685,High Potential,90,12,2026-02-26T05:42:47.919635
16400,Unknown,United Kingdom,Need Attention,1596.5488,10.8029,62717.66,0.6335511038435279,High Potential,90,12,2026-02-26T05:42:47.919635
16401,Unknown,United Kingdom,Potential Loyalists,11.2567,18.3681,751.87,0.6370054547098494,Low Potential,90,12,2026-02-26T05:42:47.919635
16402,Unknown,United Kingdom,Need Attention,2922.799,3.8245,40648.16,0.6127461204705137,Medium Potential,90,12,2026-02-26T05:42:47.919635
16405,Unknown,United Kingdom,Need Attention,1.1897,33.45,144.71,0.6397716199148393,Low Potential,90,12,2026-02-26T05:42:47.919635
16407,Unknown,United Kingdom,Need Attention,173.2233,20.0,12598.06,0.6415678890778506,Medium Potential,90,12,2026-02-26T05:42:47.919635
16409,Unknown,United Kingdom,Champions,34.8274,8.1918,1037.45,0.6433692015763358,Low Potential,90,12,2026-02-26T05:42:47.919635
16411,Unknown,United Kingdom,At Risk,1047.7959,6.5053,24786.28,0.6127461204705137,Medium Potential,90,12,2026-02-26T05:42:47.919635
16414,Unknown,United Kingdom,At Risk,170.0878,16.9333,10473.26,0.6299548985095023,Medium Potential,90,12,2026-02-26T05:42:47.919635
16418,Unknown,United Kingdom,Promising,1776.7923,6.9745,45062.68,0.6368431120726507,High Potential,90,12,2026-02-26T05:42:47.919635
16419,Unknown,United Kingdom,Recent Customers,8.239,17.972,538.44,0.6381972325752837,Low Potential,90,12,2026-02-26T05:42:47.919635
16422,Unknown,United Kingdom,Champions,16.0532,96.4709,5631.52,0.641895024902707,Medium Potential,90,12,2026-02-26T05:42:47.919635
16424,Unknown,United Kingdom,At Risk,281.392,26.712,27332.88,0.6253156444734737,Medium Potential,90,12,2026-02-26T05:42:47.919635
16425,Unknown,United Kingdom,Promising,1209.1684,14.4143,63379.33,0.6397716199148393,High Potential,90,12,2026-02-26T05:42:47.919635
16426,Unknown,United Kingdom,Loyal Customers,71.8058,6.0315,1574.9,0.6368431120726507,Low Potential,90,12,2026-02-26T05:42:47.919635
16431,Unknown,United Kingdom,Recent Customers,1439.8531,9.7052,50814.77,0.6399347090807783,High Potential,90,12,2026-02-26T05:42:47.919635
16432,Unknown,United Kingdom,About to Sleep,456.1956,35.925,59595.73,0.6336049337516346,High Potential,90,12,2026-02-26T05:42:47.919635
16433,Unknown,United Kingdom,Promising,982.1828,10.8388,38711.57,0.6419495637552085,Medium Potential,90,12,2026-02-26T05:42:47.919635
16434,Unknown,United Kingdom,Potential Loyalists,14.951,12.4615,677.5,0.6402610121462423,Low Potential,90,12,2026-02-26T05:42:47.919635
16438,Unknown,United Kingdom,Promising,72.6972,6.3956,1690.7,0.6304367814562728,Low Potential,90,12,2026-02-26T05:42:47.919635
16440,Unknown,United Kingdom,Champions,48.7767,12.3483,2190.22,0.6402610121462423,Medium Potential,90,12,2026-02-26T05:42:47.919635
16441,Unknown,United Kingdom,At Risk,622.385,15.4727,35018.1,0.6286716772965468,Medium Potential,90,12,2026-02-26T05:42:47.919635
16442,Unknown,United Kingdom,Promising,4013.1344,2.497,36439.26,0.6370054547098494,Medium Potential,90,12,2026-02-26T05:42:47.919635
16444,Unknown,United Kingdom,Need Attention,1421.7404,12.0528,62312.56,0.6318846431180163,High Potential,90,12,2026-02-26T05:42:47.919635
16445,Unknown,United Kingdom,Promising,3535.8159,3.7002,47575.37,0.6336587682334197,High Potential,90,12,2026-02-26T05:42:47.919635
16446,Unknown,United Kingdom,Recent Customers,57.4817,168469.6,35214250.93,0.6386854204817225,High Potential,90,12,2026-02-26T05:42:47.919635
16449,Unknown,United Kingdom,Need Attention,1304.0066,18.117,85907.95,0.6299548985095023,High Potential,90,12,2026-02-26T05:42:47.919635
16454,Unknown,United Kingdom,At Risk,57.0244,5.9,1223.43,0.6336049337516346,Low Potential,90,12,2026-02-26T05:42:47.919635
16455,Unknown,United Kingdom,Potential Loyalists,6.9547,18.4525,466.66,0.6352219595031147,Low Potential,90,12,2026-02-26T05:42:47.919635
16456,Unknown,United Kingdom,Potential Loyalists,8.1086,23.5238,693.62,0.6331744225171403,Low Potential,90,12,2026-02-26T05:42:47.919635
16457,Unknown,United Kingdom,About to Sleep,511.6526,23.1511,43073.89,0.6316699354601715,High Potential,90,12,2026-02-26T05:42:47.919635
16458,Unknown,United Kingdom,Champions,15.3505,18.0366,1006.8,0.6434785344338476,Low Potential,90,12,2026-02-26T05:42:47.919635
16460,Unknown,United Kingdom,Recent Customers,982.1828,17.8012,63578.3,0.6419495637552085,High Potential,90,12,2026-02-26T05:42:47.919635
16462,Unknown,United Kingdom,About to Sleep,0.6212,34.0,76.8,0.6350061178607801,Low Potential,90,12,2026-02-26T05:42:47.919635
16466,Unknown,United Kingdom,Potential Loyalists,11.3845,12.4694,516.21,0.64331454211402,Low Potential,90,12,2026-02-26T05:42:47.919635
16469,Unknown,United Kingdom,Promising,2971.3237,4.201,45391.02,0.6348982245439281,High Potential,90,12,2026-02-26T05:42:47.919635
16471,Unknown,United Kingdom,Promising,748.5964,17.2269,46894.53,0.6398259783514365,High Potential,90,12,2026-02-26T05:42:47.919635
16473,Unknown,United Kingdom,At Risk,457.0102,18.6762,31037.14,0.6347364189402819,Medium Potential,90,12,2026-02-26T05:42:47.919635
16474,Unknown,United Kingdom,Champions,22.4644,7.1777,586.34,0.641840490683726,Low Potential,90,12,2026-02-26T05:42:47.919635
16475,Unknown,United Kingdom,Recent Customers,33.7826,18.8095,2310.67,0.6434785344338476,Medium Potential,90,12,2026-02-26T05:42:47.919635
16477,Unknown,United Kingdom,Champions,7.7789,17.0344,481.85,0.6398259783514365,Low Potential,90,12,2026-02-26T05:42:47.919635
16478,Unknown,United Kingdom,Need Attention,22.074,19.6583,1577.95,0.6336049337516346,Low Potential,90,12,2026-02-26T05:42:47.919635
16484,Unknown,United Kingdom,About to Sleep,1015.6829,15.8722,58622.26,0.6269647808687197,High Potential,90,12,2026-02-26T05:42:47.919635
16488,Unknown,United Kingdom,At Risk,399.205,20.6043,29910.33,0.6336587682334197,Medium Potential,90,12,2026-02-26T05:42:47.919635
16495,Unknown,United Kingdom,Potential Loyalists,89.235,6.8915,2236.23,0.6365185509081462,Medium Potential,90,12,2026-02-26T05:42:47.919635
16496,Unknown,United Kingdom,Need Attention,1351.3705,17.27,84866.07,0.6256344932697319,High Potential,90,12,2026-02-26T05:42:47.919635
16497,Unknown,United Kingdom,Promising,863.6183,18.62,58474.81,0.6397172660964349,High Potential,90,12,2026-02-26T05:42:47.919635
16498,Unknown,United Kingdom,At Risk,56.2832,9.75,1995.5,0.6253687746526738,Medium Potential,90,12,2026-02-26T05:42:47.919635
16499,Unknown,United Kingdom,At Risk,558.687,21.81,44308.96,0.6207632947704186,High Potential,90,12,2026-02-26T05:42:47.919635
16500,Unknown,United Kingdom,At Risk,4.5874,27.612,460.61,0.6320457217532791,Low Potential,90,12,2026-02-26T05:42:47.919635
16503,Unknown,United Kingdom,Need Attention,919.1602,15.725,52559.25,0.6383056865188711,High Potential,90,12,2026-02-26T05:42:47.919635
16505,Unknown,United Kingdom,Promising,229.3025,194.4,162096.02,0.6369513358997455,High Potential,90,12,2026-02-26T05:42:47.919635
16510,Unknown,United Kingdom,About to Sleep,711.5124,19.0846,49377.93,0.6081302547245364,High Potential,90,12,2026-02-26T05:42:47.919635
16513,Unknown,United Kingdom,About to Sleep,1.4221,70.6,365.09,0.6320457217532791,Low Potential,90,12,2026-02-26T05:42:47.919635
16515,Unknown,United Kingdom,Champions,15.5433,13.4155,758.26,0.6433692015763358,Low Potential,90,12,2026-02-26T05:42:47.919635
16516,Unknown,United Kingdom,Need Attention,344.8608,16.95,21255.97,0.6386311589448211,Medium Potential,90,12,2026-02-26T05:42:47.919635
16517,Unknown,United Kingdom,About to Sleep,971.3118,9.5706,33803.77,0.6348442847602177,Medium Potential,90,12,2026-02-26T05:42:47.919635
16518,Unknown,United Kingdom,Recent Customers,1666.6857,10.1248,61363.13,0.63857690201788,High Potential,90,12,2026-02-26T05:42:47.919635
16519,Unknown,United Kingdom,At Risk,278.6324,20.74,21013.95,0.6191830751035756,Medium Potential,90,12,2026-02-26T05:42:47.919635
16520,Unknown,United Kingdom,Potential Loyalists,21.7772,7.3472,581.82,0.6333896415573925,Low Potential,90,12,2026-02-26T05:42:47.919635
16523,Unknown,United Kingdom,Champions,30.1386,36.1443,3961.23,0.641840490683726,Medium Potential,90,12,2026-02-26T05:42:47.919635
16525,Unknown,United Kingdom,Champions,13.7389,68.9856,3446.5,0.643041314451059,Medium Potential,90,12,2026-02-26T05:42:47.919635
16528,Unknown,United Kingdom,Need Attention,969.5803,14.3771,50690.01,0.6337126072892719,High Potential,90,12,2026-02-26T05:42:47.919635
16529,Unknown,United Kingdom,Need Attention,1692.8049,15.175,93412.05,0.6269647808687197,High Potential,90,12,2026-02-26T05:42:47.919635
16531,Unknown,United Kingdom,Promising,27.3472,15.6633,1557.63,0.6302225657663681,Low Potential,90,12,2026-02-26T05:42:47.919635
16532,Unknown,United Kingdom,Promising,56.831,1910.4,394799.79,0.6314553007576973,High Potential,90,12,2026-02-26T05:42:47.919635
16533,Unknown,United Kingdom,Promising,3612.5446,5.6909,74758.65,0.6271778892218242,High Potential,90,12,2026-02-26T05:42:47.919635
16535,Unknown,United Kingdom,Promising,1758.9186,19.1532,122505.16,0.6304367814562728,High Potential,90,12,2026-02-26T05:42:47.919635
16539,Unknown,United Kingdom,Recent Customers,3.7701,30.1086,412.77,0.6353299078348292,Low Potential,90,12,2026-02-26T05:42:47.919635
16546,Unknown,United Kingdom,At Risk,328.3903,49.9,59587.91,0.6081302547245364,High Potential,90,12,2026-02-26T05:42:47.919635
16549,Unknown,United Kingdom,Champions,170.9677,4.9131,3054.48,0.641840490683726,Medium Potential,90,12,2026-02-26T05:42:47.919635
16550,Unknown,United Kingdom,Loyal Customers,13.9571,9.9166,503.3,0.6350061178607801,Low Potential,90,12,2026-02-26T05:42:47.919635
16551,Unknown,United Kingdom,Recent Customers,10.506,28.8162,1100.88,0.6347364189402819,Low Potential,90,12,2026-02-26T05:42:47.919635
16552,Unknown,United Kingdom,Recent Customers,1.485,22.3371,120.62,0.6415678890778506,Low Potential,90,12,2026-02-26T05:42:47.919635
16553,Unknown,United Kingdom,Potential Loyalists,25.0771,43.7963,3993.76,0.6398259783514365,Medium Potential,90,12,2026-02-26T05:42:47.919635
16554,Unknown,United Kingdom,Recent Customers,3.6829,14.9576,200.32,0.643041314451059,Low Potential,90,12,2026-02-26T05:42:47.919635
16555,Unknown,United Kingdom,At Risk,453.8759,16.7388,27626.68,0.6303832207085496,Medium Potential,90,12,2026-02-26T05:42:47.919635
16556,Unknown,United Kingdom,Potential Loyalists,32.103,16.546,1931.55,0.6365726329465102,Medium Potential,90,12,2026-02-26T05:42:47.919635
16558,Unknown,United Kingdom,Champions,23.0687,17.2368,1445.93,0.6415133826517266,Low Potential,90,12,2026-02-26T05:42:47.919635
16561,Unknown,United Kingdom,Potential Loyalists,8.4476,16.4877,506.48,0.641895024902707,Low Potential,90,12,2026-02-26T05:42:47.919635
16565,Unknown,United Kingdom,At Risk,167.6061,57.9,35288.7,0.6207632947704186,Medium Potential,90,12,2026-02-26T05:42:47.919635
16567,Unknown,United Kingdom,Promising,1485.2832,21.4446,115822.92,0.6347364189402819,High Potential,90,12,2026-02-26T05:42:47.919635
16569,Unknown,United Kingdom,At Risk,285.1707,24.84,25758.69,0.6337126072892719,Medium Potential,90,12,2026-02-26T05:42:47.919635
16570,Unknown,United Kingdom,Recent Customers,9.9304,35.9212,1297.13,0.6352759313761016,Low Potential,90,12,2026-02-26T05:42:47.919635
16571,Unknown,United Kingdom,Need Attention,1639.8575,15.0579,89792.04,0.6282978970603043,High Potential,90,12,2026-02-26T05:42:47.919635
16572,Unknown,United Kingdom,Loyal Customers,15.4558,17.7123,995.48,0.6417314361447506,Low Potential,90,12,2026-02-26T05:42:47.919635
16581,Unknown,United Kingdom,Need Attention,518.3912,11.76,22168.29,0.6399890813743078,Medium Potential,90,12,2026-02-26T05:42:47.919635
16583,Unknown,United Kingdom,About to Sleep,764.2286,16.675,46340.04,0.6065306597126334,High Potential,90,12,2026-02-26T05:42:47.919635
16586,Unknown,United Kingdom,Need Attention,454.7637,57.9938,95903.55,0.6316162699459554,High Potential,90,12,2026-02-26T05:42:47.919635
16589,Unknown,United Kingdom,At Risk,506.5487,13.0756,24085.19,0.6253687746526738,Medium Potential,90,12,2026-02-26T05:42:47.919635
16591,Unknown,United Kingdom,At Risk,564.4601,21.35,43822.63,0.6271778892218242,High Potential,90,12,2026-02-26T05:42:47.919635
16592,Unknown,United Kingdom,Champions,19.772,22.3213,1604.86,0.6386311589448211,Low Potential,90,12,2026-02-26T05:42:47.919635
16593,Unknown,United Kingdom,At Risk,1074.6633,9.3658,36600.3,0.6284580613701972,Medium Potential,90,12,2026-02-26T05:42:47.919635
16595,Unknown,United Kingdom,Loyal Customers,4770.1695,4.3186,74910.74,0.63857690201788,High Potential,90,12,2026-02-26T05:42:47.919635
16596,Unknown,United Kingdom,At Risk,333.4794,20.1083,24384.38,0.6175544073129242,Medium Potential,90,12,2026-02-26T05:42:47.919635
16597,Unknown,United Kingdom,At Risk,398.1888,12.8629,18624.96,0.6320457217532791,Medium Potential,90,12,2026-02-26T05:42:47.919635
16600,Unknown,United Kingdom,Promising,139.6246,13.5622,6885.88,0.6320457217532791,Medium Potential,90,12,2026-02-26T05:42:47.919635
16602,Unknown,United Kingdom,Need Attention,1640.9725,18.2097,108660.43,0.6287250926223397,High Potential,90,12,2026-02-26T05:42:47.919635
16603,Unknown,United Kingdom,Recent Customers,1321.7419,12.8965,61984.89,0.6385226497005074,High Potential,90,12,2026-02-26T05:42:47.919635
16607,Unknown,United Kingdom,Loyal Customers,10.4442,15.3178,581.75,0.6435332078298328,Low Potential,90,12,2026-02-26T05:42:47.919635
16609,Unknown,United Kingdom,Champions,15.292,16.1738,899.38,0.6433692015763358,Low Potential,90,12,2026-02-26T05:42:47.919635
16610,Unknown,United Kingdom,At Risk,340.2335,12.61,15601.25,0.630061951767552,Medium Potential,90,12,2026-02-26T05:42:47.919635
16611,Unknown,United Kingdom,At Risk,513.0456,13.4656,25121.7,0.6333896415573925,Medium Potential,90,12,2026-02-26T05:42:47.919635
16612,Unknown,United Kingdom,Loyal Customers,11.241,17.9948,735.56,0.6434238656828135,Low Potential,90,12,2026-02-26T05:42:47.919635
16614,Unknown,United Kingdom,Recent Customers,1497.5745,19.4688,106021.74,0.6399890813743078,High Potential,90,12,2026-02-26T05:42:47.919635
16616,Unknown,United Kingdom,Need Attention,625.4595,19.1,43441.01,0.631777280168123,High Potential,90,12,2026-02-26T05:42:47.919635
16618,Unknown,United Kingdom,Potential Loyalists,2407.676,28.7214,251461.18,0.6369513358997455,High Potential,90,12,2026-02-26T05:42:47.919635
16620,Unknown,United Kingdom,At Risk,228.1365,20.8,17255.42,0.6337126072892719,Medium Potential,90,12,2026-02-26T05:42:47.919635
16621,Unknown,United Kingdom,Promising,29.5163,28.8647,3098.11,0.636626719579975,Medium Potential,90,12,2026-02-26T05:42:47.919635
16623,Unknown,United Kingdom,About to Sleep,286.4577,25.89,26968.69,0.6365726329465102,Medium Potential,90,12,2026-02-26T05:42:47.919635
16625,Unknown,United Kingdom,Recent Customers,1324.4398,14.4817,69745.96,0.6398259783514365,High Potential,90,12,2026-02-26T05:42:47.919635
16626,Unknown,United Kingdom,Loyal Customers,15.8478,27.4363,1581.11,0.6386854204817225,Low Potential,90,12,2026-02-26T05:42:47.919635
16628,Unknown,United Kingdom,Loyal Customers,17.0334,19.5845,1213.06,0.6402610121462423,Low Potential,90,12,2026-02-26T05:42:47.919635
16629,Unknown,United Kingdom,Promising,2609.3431,4.9496,46964.38,0.6302761128639838,High Potential,90,12,2026-02-26T05:42:47.919635
16633,Unknown,United Kingdom,Recent Customers,868.4746,17.0533,53855.85,0.64331454211402,High Potential,90,12,2026-02-26T05:42:47.919635
16634,Unknown,United Kingdom,At Risk,1.5488,24.2111,136.36,0.6252625188081156,Low Potential,90,12,2026-02-26T05:42:47.919635
16637,Unknown,United Kingdom,Loyal Customers,33.5581,16.0538,1959.04,0.6402066167499753,Medium Potential,90,12,2026-02-26T05:42:47.919635
16638,Unknown,United Kingdom,Need Attention,2.3683,24.1988,208.4,0.6348442847602177,Low Potential,90,12,2026-02-26T05:42:47.919635
16639,Unknown,United Kingdom,Recent Customers,1719.7686,26.212,163922.09,0.6369513358997455,High Potential,90,12,2026-02-26T05:42:47.919635
16642,Unknown,United Kingdom,Need Attention,1080.7982,20.0316,78727.7,0.6320457217532791,High Potential,90,12,2026-02-26T05:42:47.919635
16643,Unknown,United Kingdom,Recent Customers,1546.8715,18.0559,101564.21,0.6365726329465102,High Potential,90,12,2026-02-26T05:42:47.919635
16644,Unknown,United Kingdom,Loyal Customers,3118.2849,13.378,151696.06,0.6416224001351336,High Potential,90,12,2026-02-26T05:42:47.919635
16652,Unknown,United Kingdom,Champions,129.9241,63.581,30038.92,0.6435332078298328,Medium Potential,90,12,2026-02-26T05:42:47.919635
16654,Unknown,United Kingdom,About to Sleep,1.7334,26.28,165.65,0.6317236055340981,Low Potential,90,12,2026-02-26T05:42:47.919635
16655,Unknown,United Kingdom,Champions,31.2831,23.0547,2622.63,0.643041314451059,Medium Potential,90,12,2026-02-26T05:42:47.919635
16656,Unknown,United Kingdom,Loyal Customers,4.2637,115.7239,1794.23,0.6433692015763358,Low Potential,90,12,2026-02-26T05:42:47.919635
16658,Unknown,United Kingdom,At Risk,442.3407,15.405,24779.12,0.6143621074320499,Medium Potential,90,12,2026-02-26T05:42:47.919635
16659,Unknown,United Kingdom,At Risk,113.1225,19.56,8046.09,0.6284580613701972,Medium Potential,90,12,2026-02-26T05:42:47.919635
16665,Unknown,United Kingdom,At Risk,505.431,15.0444,27650.57,0.623988855995589,Medium Potential,90,12,2026-02-26T05:42:47.919635
16667,Unknown,United Kingdom,Need Attention,1806.2723,11.4619,75284.77,0.6271778892218242,High Potential,90,12,2026-02-26T05:42:47.919635
16668,Unknown,United Kingdom,Need Attention,14.8643,18.2475,986.31,0.6399890813743078,Low Potential,90,12,2026-02-26T05:42:47.919635
16670,Unknown,United Kingdom,Champions,25.7745,16.7179,1566.89,0.641404383691382,Low Potential,90,12,2026-02-26T05:42:47.919635
16671,Unknown,United Kingdom,Promising,0.8099,103.13,303.73,0.6419495637552085,Low Potential,90,12,2026-02-26T05:42:47.919635
16672,Unknown,United Kingdom,Champions,10.0293,67.807,2472.93,0.6432052371202953,Medium Potential,90,12,2026-02-26T05:42:47.919635
16674,Unknown,United Kingdom,About to Sleep,1862.5601,3.4879,23623.36,0.6271246053435824,Medium Potential,90,12,2026-02-26T05:42:47.919635
16676,Unknown,United Kingdom,Loyal Customers,31.9967,18.0411,2099.11,0.6399347090807783,Medium Potential,90,12,2026-02-26T05:42:47.919635
16678,Unknown,United Kingdom,Champions,19.9294,19.5929,1419.91,0.6434238656828135,Low Potential,90,12,2026-02-26T05:42:47.919635
16679,Unknown,United Kingdom,At Risk,166.7397,43.25,26223.61,0.6175544073129242,Medium Potential,90,12,2026-02-26T05:42:47.919635
16682,Unknown,United Kingdom,Recent Customers,12.0178,35.4262,1548.16,0.6368431120726507,Low Potential,90,12,2026-02-26T05:42:47.919635
16684,Unknown,United Kingdom,Loyal Customers,106.5576,278.1421,107775.11,0.6320457217532791,High Potential,90,12,2026-02-26T05:42:47.919635
16685,Unknown,United Kingdom,Recent Customers,3448.3153,5.378,67436.51,0.63857690201788,High Potential,90,12,2026-02-26T05:42:47.919635
16686,Unknown,United Kingdom,Potential Loyalists,59.5282,4.9507,1071.66,0.6347903495591322,Low Potential,90,12,2026-02-26T05:42:47.919635
16688,Unknown,United Kingdom,Promising,16.602,19.3794,1169.95,0.6402066167499753,Low Potential,90,12,2026-02-26T05:42:47.919635
16693,Unknown,United Kingdom,Need Attention,2144.9484,8.5382,66596.36,0.6271778892218242,High Potential,90,12,2026-02-26T05:42:47.919635
16696,Unknown,United Kingdom,Promising,2.9919,55.0125,598.52,0.6399347090807783,Low Potential,90,12,2026-02-26T05:42:47.919635
16697,Unknown,United Kingdom,Promising,1157.7694,5.4125,22787.01,0.6432052371202953,Medium Potential,90,12,2026-02-26T05:42:47.919635
16700,Unknown,United Kingdom,Champions,14.8963,17.1081,926.72,0.6433692015763358,Low Potential,90,12,2026-02-26T05:42:47.919635
16701,Unknown,United Kingdom,Champions,13.259,35.7609,1724.2,0.643041314451059,Low Potential,90,12,2026-02-26T05:42:47.919635
16705,Unknown,United Kingdom,Champions,17.5733,56.2103,3592.0,0.6432052371202953,Medium Potential,90,12,2026-02-26T05:42:47.919635
16706,Unknown,United Kingdom,Need Attention,1467.721,4.3831,23393.34,0.6272311776273506,Medium Potential,90,12,2026-02-26T05:42:47.919635
16709,Unknown,United Kingdom,Recent Customers,13.0208,36.298,1718.65,0.6365726329465102,Low Potential,90,12,2026-02-26T05:42:47.919635
16710,Unknown,United Kingdom,Loyal Customers,13.4386,7.2789,355.7,0.6399347090807783,Low Potential,90,12,2026-02-26T05:42:47.919635
16711,Unknown,United Kingdom,Recent Customers,3.5987,97.1714,1271.6,0.6397716199148393,Low Potential,90,12,2026-02-26T05:42:47.919635
16712,Unknown,United Kingdom,Champions,39.3528,7.9193,1133.26,0.6416224001351336,Low Potential,90,12,2026-02-26T05:42:47.919635
16713,Unknown,United Kingdom,Champions,19.8199,13.5493,976.53,0.6432052371202953,Low Potential,90,12,2026-02-26T05:42:47.919635
16714,Unknown,United Kingdom,At Risk,56.8503,15.0,3100.93,0.6316699354601715,Medium Potential,90,12,2026-02-26T05:42:47.919635
16716,Unknown,United Kingdom,Need Attention,56.2593,734.4,150243.02,0.6251031688912595,High Potential,90,12,2026-02-26T05:42:47.919635
16717,Unknown,United Kingdom,Potential Loyalists,9.9584,17.826,645.52,0.6352759313761016,Low Potential,90,12,2026-02-26T05:42:47.919635
16718,Unknown,United Kingdom,Promising,2261.0332,14.1985,116739.2,0.6127461204705137,High Potential,90,12,2026-02-26T05:42:47.919635
16719,Unknown,United Kingdom,Recent Customers,10.5568,9.7197,373.12,0.6314553007576973,Low Potential,90,12,2026-02-26T05:42:47.919635
16722,Unknown,United Kingdom,Loyal Customers,15.6688,17.3802,990.28,0.6383599204018852,Low Potential,90,12,2026-02-26T05:42:47.919635
16723,Unknown,United Kingdom,Need Attention,57.467,165.0,34480.2,0.6385226497005074,Medium Potential,90,12,2026-02-26T05:42:47.919635
16725,Unknown,United Kingdom,Loyal Customers,7.8931,5.4483,156.38,0.6397716199148393,Low Potential,90,12,2026-02-26T05:42:47.919635
16727,Unknown,United Kingdom,Need Attention,2290.6166,5.8651,48853.44,0.6207632947704186,High Potential,90,12,2026-02-26T05:42:47.919635
16729,Unknown,United Kingdom,Champions,49.0908,10.8674,1939.96,0.6432052371202953,Medium Potential,90,12,2026-02-26T05:42:47.919635
16732,Unknown,United Kingdom,Recent Customers,1605.1174,21.5625,125855.8,0.6369513358997455,High Potential,90,12,2026-02-26T05:42:47.919635
16735,Unknown,United Kingdom,Loyal Customers,20.5502,20.0512,1498.39,0.6380887970590081,Low Potential,90,12,2026-02-26T05:42:47.919635
16743,Unknown,United Kingdom,Champions,49.842,10.761,1950.36,0.6432598872954712,Medium Potential,90,12,2026-02-26T05:42:47.919635
16744,Unknown,United Kingdom,Promising,57.9345,4.2345,892.09,0.6336587682334197,Low Potential,90,12,2026-02-26T05:42:47.919635
16745,Unknown,United Kingdom,Champions,35.0855,19.4247,2478.27,0.6434238656828135,Medium Potential,90,12,2026-02-26T05:42:47.919635
16746,Unknown,United Kingdom,Champions,27.139,13.789,1360.8,0.6434238656828135,Low Potential,90,12,2026-02-26T05:42:47.919635
16747,Unknown,United Kingdom,Recent Customers,88.014,19.9062,6371.0,0.6286716772965468,Medium Potential,90,12,2026-02-26T05:42:47.919635
16748,Unknown,United Kingdom,Potential Loyalists,14.2148,24.984,1291.43,0.6380887970590081,Low Potential,90,12,2026-02-26T05:42:47.919635
16750,Unknown,United Kingdom,Need Attention,288.044,19.676,20609.29,0.6400978398210466,Medium Potential,90,12,2026-02-26T05:42:47.919635
16751,Unknown,United Kingdom,Loyal Customers,1379.4433,67.4883,338531.94,0.6386311589448211,High Potential,90,12,2026-02-26T05:42:47.919635
16752,Unknown,United Kingdom,At Risk,492.5855,23.0556,41297.65,0.6081302547245364,High Potential,90,12,2026-02-26T05:42:47.919635
16753,Unknown,United Kingdom,Recent Customers,1969.2116,6.5859,47160.11,0.6435332078298328,High Potential,90,12,2026-02-26T05:42:47.919635
16754,Unknown,United Kingdom,Need Attention,109.4634,1001.2,398526.39,0.6081302547245364,High Potential,90,12,2026-02-26T05:42:47.919635
16756,Unknown,United Kingdom,Need Attention,746.8177,18.4154,50010.72,0.6383056865188711,High Potential,90,12,2026-02-26T05:42:47.919635
16758,Unknown,United Kingdom,Promising,1251.2379,16.7882,76385.57,0.63193833143466,High Potential,90,12,2026-02-26T05:42:47.919635
16759,Unknown,United Kingdom,Loyal Customers,11.4409,18.8045,782.33,0.6386311589448211,Low Potential,90,12,2026-02-26T05:42:47.919635
16761,Unknown,United Kingdom,Need Attention,737.4231,24.3554,65309.94,0.6302761128639838,High Potential,90,12,2026-02-26T05:42:47.919635
16764,Unknown,United Kingdom,Loyal Customers,69.9158,4.6379,1179.14,0.6369513358997455,Low Potential,90,12,2026-02-26T05:42:47.919635
16766,Unknown,United Kingdom,Recent Customers,981.5155,33.6941,120259.21,0.6415133826517266,High Potential,90,12,2026-02-26T05:42:47.919635
16767,Unknown,United Kingdom,Champions,29.1125,22.7688,2410.39,0.6399890813743078,Medium Potential,90,12,2026-02-26T05:42:47.919635
16770,Unknown,United Kingdom,At Risk,328.3903,21.8,26032.39,0.6081302547245364,Medium Potential,90,12,2026-02-26T05:42:47.919635
16771,Unknown,United Kingdom,Loyal Customers,51.2356,9.4529,1761.18,0.6381972325752837,Low Potential,90,12,2026-02-26T05:42:47.919635
16774,Unknown,United Kingdom,At Risk,905.2872,7.4575,24549.74,0.6286716772965468,Medium Potential,90,12,2026-02-26T05:42:47.919635
16775,Unknown,United Kingdom,Recent Customers,5.2979,11.6213,223.89,0.6384684019923119,Low Potential,90,12,2026-02-26T05:42:47.919635
16776,Unknown,United Kingdom,Recent Customers,3514.7343,5.5297,70674.28,0.6402066167499753,High Potential,90,12,2026-02-26T05:42:47.919635
16778,Unknown,United Kingdom,Need Attention,287.9217,18.636,19511.67,0.6398259783514365,Medium Potential,90,12,2026-02-26T05:42:47.919635
16779,Unknown,United Kingdom,Champions,20.9124,31.1623,2369.74,0.643041314451059,Medium Potential,90,12,2026-02-26T05:42:47.919635
16781,Unknown,United Kingdom,About to Sleep,930.4393,18.3088,61946.28,0.6081302547245364,High Potential,90,12,2026-02-26T05:42:47.919635
16782,Unknown,United Kingdom,Recent Customers,13.4095,11.1543,543.9,0.6348442847602177,Low Potential,90,12,2026-02-26T05:42:47.919635
16788,Unknown,United Kingdom,Recent Customers,4928.7469,3.4874,62503.68,0.6367890070548783,High Potential,90,12,2026-02-26T05:42:47.919635
16789,Unknown,United Kingdom,At Risk,281.5355,16.16,16544.05,0.6256344932697319,Medium Potential,90,12,2026-02-26T05:42:47.919635
16790,Unknown,United Kingdom,Champions,18.6236,16.5247,1119.09,0.6419495637552085,Low Potential,90,12,2026-02-26T05:42:47.919635
16791,Unknown,United Kingdom,Champions,300.3911,5.5092,6017.87,0.641404383691382,Medium Potential,90,12,2026-02-26T05:42:47.919635
16792,Unknown,United Kingdom,At Risk,620.5369,9.0118,20335.11,0.6268049971255752,Medium Potential,90,12,2026-02-26T05:42:47.919635
16794,Unknown,United Kingdom,Loyal Customers,54.4044,3.9309,777.67,0.64331454211402,Low Potential,90,12,2026-02-26T05:42:47.919635
16795,Unknown,United Kingdom,Promising,3566.4945,6.22,80667.62,0.6191830751035756,High Potential,90,12,2026-02-26T05:42:47.919635
16796,Unknown,United Kingdom,Recent Customers,1039.7816,16.9789,64197.63,0.641840490683726,High Potential,90,12,2026-02-26T05:42:47.919635
16801,Unknown,United Kingdom,Loyal Customers,2598.1292,16.7089,157861.39,0.6415133826517266,High Potential,90,12,2026-02-26T05:42:47.919635
16803,Unknown,United Kingdom,Need Attention,1364.9868,13.8458,68724.85,0.63193833143466,High Potential,90,12,2026-02-26T05:42:47.919635
16806,Unknown,United Kingdom,At Risk,848.3463,11.2753,34783.12,0.6284046687308877,Medium Potential,90,12,2026-02-26T05:42:47.919635
16807,Unknown,United Kingdom,Need Attention,859.4461,18.7067,58463.27,0.636626719579975,High Potential,90,12,2026-02-26T05:42:47.919635
16808,Unknown,United Kingdom,Recent Customers,4.9604,12.54,226.19,0.6398259783514365,Low Potential,90,12,2026-02-26T05:42:47.919635
16809,Unknown,United Kingdom,Need Attention,1091.9665,7.0926,28163.21,0.63857690201788,Medium Potential,90,12,2026-02-26T05:42:47.919635
16811,Unknown,United Kingdom,About to Sleep,568.8411,23.23,48051.56,0.6320457217532791,High Potential,90,12,2026-02-26T05:42:47.919635
16813,Unknown,United Kingdom,Recent Customers,47.5757,4.614,798.23,0.6302761128639838,Low Potential,90,12,2026-02-26T05:42:47.919635
16814,Unknown,United Kingdom,Champions,10.8478,18.1689,716.7,0.6432052371202953,Low Potential,90,12,2026-02-26T05:42:47.919635
16817,Unknown,United Kingdom,Champions,9.0745,18.4356,608.34,0.6415133826517266,Low Potential,90,12,2026-02-26T05:42:47.919635
16818,Unknown,United Kingdom,Potential Loyalists,15.3679,17.9317,1002.08,0.6383599204018852,Low Potential,90,12,2026-02-26T05:42:47.919635
16820,Unknown,United Kingdom,Promising,1478.6101,19.1388,102904.81,0.6318846431180163,High Potential,90,12,2026-02-26T05:42:47.919635
16825,Unknown,United Kingdom,Recent Customers,9.0921,27.685,915.33,0.6350061178607801,Low Potential,90,12,2026-02-26T05:42:47.919635
16828,Unknown,United Kingdom,About to Sleep,57.1651,15.0,3118.1,0.6351679922154785,Medium Potential,90,12,2026-02-26T05:42:47.919635
16829,Unknown,United Kingdom,About to Sleep,627.109,17.9291,40885.45,0.6334434577467953,Medium Potential,90,12,2026-02-26T05:42:47.919635
16830,Unknown,United Kingdom,Need Attention,1294.9534,14.17,66725.42,0.6255813405155674,High Potential,90,12,2026-02-26T05:42:47.919635
16832,Unknown,United Kingdom,About to Sleep,6.4695,17.3429,408.0,0.6366808108089309,Low Potential,90,12,2026-02-26T05:42:47.919635
16833,Unknown,United Kingdom,Recent Customers,94.7562,22.5673,7775.97,0.6380887970590081,Medium Potential,90,12,2026-02-26T05:42:47.919635
16835,Unknown,United Kingdom,At Risk,1.3469,18.085,88.58,0.6285648602587788,Low Potential,90,12,2026-02-26T05:42:47.919635
16837,Unknown,United Kingdom,Champions,27.4988,18.6528,1865.2,0.641895024902707,Medium Potential,90,12,2026-02-26T05:42:47.919635
16839,Unknown,United Kingdom,Champions,12.4674,68.1523,3089.75,0.6434785344338476,Medium Potential,90,12,2026-02-26T05:42:47.919635
16841,Unknown,United Kingdom,Loyal Customers,14.1216,18.3247,941.0,0.6399347090807783,Low Potential,90,12,2026-02-26T05:42:47.919635
16842,Unknown,United Kingdom,Loyal Customers,30.4443,18.8467,2086.45,0.6397716199148393,Medium Potential,90,12,2026-02-26T05:42:47.919635
16843,Unknown,United Kingdom,Champions,30.7446,25.6025,2862.32,0.6432052371202953,Medium Potential,90,12,2026-02-26T05:42:47.919635
16849,Unknown,United Kingdom,At Risk,456.0405,15.5712,25822.17,0.6333896415573925,Medium Potential,90,12,2026-02-26T05:42:47.919635
16850,Unknown,United Kingdom,Promising,1093.9165,17.4953,69594.17,0.6397172660964349,High Potential,90,12,2026-02-26T05:42:47.919635
16851,Unknown,United Kingdom,At Risk,341.3047,17.165,21303.62,0.6320457217532791,Medium Potential,90,12,2026-02-26T05:42:47.919635
16858,Unknown,United Kingdom,At Risk,497.6333,38.41,69505.8,0.6143621074320499,High Potential,90,12,2026-02-26T05:42:47.919635
16861,Unknown,United Kingdom,Need Attention,1.5973,28.96,168.21,0.641895024902707,Low Potential,90,12,2026-02-26T05:42:47.919635
16863,Unknown,United Kingdom,Recent Customers,4.0947,19.3385,287.95,0.6369513358997455,Low Potential,90,12,2026-02-26T05:42:47.919635
16866,Unknown,United Kingdom,Need Attention,1.266,25.6583,118.12,0.6400434582875998,Low Potential,90,12,2026-02-26T05:42:47.919635
16871,Unknown,United Kingdom,Recent Customers,808.719,23.5314,69201.06,0.641840490683726,High Potential,90,12,2026-02-26T05:42:47.919635
16872,Unknown,United Kingdom,Need Attention,171.9038,129.4533,80921.87,0.6366808108089309,High Potential,90,12,2026-02-26T05:42:47.919635
16873,Unknown,United Kingdom,Champions,44.3552,25.5904,4127.52,0.63857690201788,Medium Potential,90,12,2026-02-26T05:42:47.919635
16875,Unknown,United Kingdom,Potential Loyalists,193.2488,17.6817,12425.34,0.629847863440775,Medium Potential,90,12,2026-02-26T05:42:47.919635
16877,Unknown,United Kingdom,Promising,1382.4939,4.6346,23299.3,0.6400434582875998,Medium Potential,90,12,2026-02-26T05:42:47.919635
16880,Unknown,United Kingdom,Champions,30.6087,9.1507,1018.51,0.6400434582875998,Low Potential,90,12,2026-02-26T05:42:47.919635
16881,Unknown,United Kingdom,Need Attention,56.7297,432.0,89117.2,0.6303296645112487,High Potential,90,12,2026-02-26T05:42:47.919635
16882,Unknown,United Kingdom,Promising,1361.5121,20.3925,100962.31,0.6303296645112487,High Potential,90,12,2026-02-26T05:42:47.919635
16883,Unknown,United Kingdom,Need Attention,5.0087,7.3643,134.13,0.6317236055340981,Low Potential,90,12,2026-02-26T05:42:47.919635
16884,Unknown,United Kingdom,Need Attention,1467.721,16.5323,88235.65,0.6272311776273506,High Potential,90,12,2026-02-26T05:42:47.919635
16887,Unknown,United Kingdom,Need Attention,1985.7071,4.7666,34418.44,0.6303832207085496,Medium Potential,90,12,2026-02-26T05:42:47.919635
16889,Unknown,United Kingdom,Loyal Customers,63.0451,11.7862,2702.04,0.6398803414066186,Medium Potential,90,12,2026-02-26T05:42:47.919635
16891,Unknown,United Kingdom,Potential Loyalists,16.8228,3.6999,226.34,0.6370054547098494,Low Potential,90,12,2026-02-26T05:42:47.919635
16892,Unknown,United Kingdom,Potential Loyalists,55.7027,6.3628,1288.82,0.6402610121462423,Low Potential,90,12,2026-02-26T05:42:47.919635
16893,Unknown,United Kingdom,Need Attention,2445.5155,3.2782,29152.32,0.6175544073129242,Medium Potential,90,12,2026-02-26T05:42:47.919635
16895,Unknown,United Kingdom,Need Attention,3250.3933,3.2198,38056.79,0.6336049337516346,Medium Potential,90,12,2026-02-26T05:42:47.919635
16898,Unknown,United Kingdom,About to Sleep,1603.4851,3.8648,22535.09,0.6143621074320499,Medium Potential,90,12,2026-02-26T05:42:47.919635
16899,Unknown,United Kingdom,Potential Loyalists,7.2742,11.1524,295.0,0.641840490683726,Low Potential,90,12,2026-02-26T05:42:47.919635
16900,Unknown,United Kingdom,Potential Loyalists,3944.7284,10.9084,156475.18,0.6352219595031147,High Potential,90,12,2026-02-26T05:42:47.919635
16903,Unknown,United Kingdom,Recent Customers,2881.1746,6.613,69284.39,0.6402610121462423,High Potential,90,12,2026-02-26T05:42:47.919635
16904,Unknown,United Kingdom,Champions,32.0973,6.1615,719.15,0.6402610121462423,Low Potential,90,12,2026-02-26T05:42:47.919635
16905,Unknown,United Kingdom,Promising,5.1581,16.3639,306.93,0.6304367814562728,Low Potential,90,12,2026-02-26T05:42:47.919635
16906,Unknown,United Kingdom,Need Attention,46.6405,10.8885,1846.71,0.6333896415573925,Medium Potential,90,12,2026-02-26T05:42:47.919635
16907,Unknown,United Kingdom,Potential Loyalists,9.3602,7.0264,239.16,0.6402610121462423,Low Potential,90,12,2026-02-26T05:42:47.919635
16910,Unknown,United Kingdom,Loyal Customers,84.7639,2.448,754.55,0.6385226497005074,Low Potential,90,12,2026-02-26T05:42:47.919635
16912,Unknown,United Kingdom,Loyal Customers,8.9247,26.7632,868.56,0.6419495637552085,Low Potential,90,12,2026-02-26T05:42:47.919635
16914,Unknown,United Kingdom,About to Sleep,1414.6315,6.6856,34391.49,0.6287250926223397,Medium Potential,90,12,2026-02-26T05:42:47.919635
16915,Unknown,United Kingdom,Need Attention,13.1543,12.1604,581.68,0.6316162699459554,Low Potential,90,12,2026-02-26T05:42:47.919635
16916,Unknown,United Kingdom,Need Attention,2627.1227,4.0142,38348.35,0.6081302547245364,Medium Potential,90,12,2026-02-26T05:42:47.919635
16917,Unknown,United Kingdom,Need Attention,515.58,43.5022,81559.51,0.6365185509081462,High Potential,90,12,2026-02-26T05:42:47.919635
16918,Unknown,United Kingdom,Loyal Customers,42.0771,7.9235,1212.36,0.6352219595031147,Low Potential,90,12,2026-02-26T05:42:47.919635
16919,Unknown,United Kingdom,Champions,12.9713,8.3478,393.75,0.6432052371202953,Low Potential,90,12,2026-02-26T05:42:47.919635
16921,Unknown,United Kingdom,Recent Customers,2873.5961,2.8636,29923.02,0.63857690201788,Medium Potential,90,12,2026-02-26T05:42:47.919635
16923,Unknown,United Kingdom,Champions,59.3378,12.4149,2678.81,0.6400434582875998,Medium Potential,90,12,2026-02-26T05:42:47.919635
16924,Unknown,United Kingdom,Need Attention,1368.5867,10.5225,52367.1,0.6336049337516346,High Potential,90,12,2026-02-26T05:42:47.919635
16926,Unknown,United Kingdom,About to Sleep,768.0691,16.4464,45934.44,0.6095786758790397,High Potential,90,12,2026-02-26T05:42:47.919635
16927,Unknown,United Kingdom,About to Sleep,171.86,41.1167,25695.69,0.6365185509081462,Medium Potential,90,12,2026-02-26T05:42:47.919635
16928,Unknown,United Kingdom,Loyal Customers,6.1669,14.0245,314.5,0.6417859610978717,Low Potential,90,12,2026-02-26T05:42:47.919635
16929,Unknown,United Kingdom,Potential Loyalists,23.2497,15.4292,1304.45,0.6350600713947008,Low Potential,90,12,2026-02-26T05:42:47.919635
16930,Unknown,United Kingdom,About to Sleep,1580.4883,6.9161,39748.42,0.6271778892218242,Medium Potential,90,12,2026-02-26T05:42:47.919635
16931,Unknown,United Kingdom,Champions,29.698,5.2086,562.49,0.6398803414066186,Low Potential,90,12,2026-02-26T05:42:47.919635
16933,Unknown,United Kingdom,Promising,1375.9318,14.1042,70568.79,0.6370054547098494,High Potential,90,12,2026-02-26T05:42:47.919635
16938,Unknown,United Kingdom,Champions,40.5994,11.6436,1718.99,0.64331454211402,Low Potential,90,12,2026-02-26T05:42:47.919635
16942,Unknown,United Kingdom,Potential Loyalists,79.3707,7.4547,2151.58,0.6336587682334197,Medium Potential,90,12,2026-02-26T05:42:47.919635
16943,Unknown,United Kingdom,Need Attention,289.4669,34.42,36230.73,0.6432598872954712,Medium Potential,90,12,2026-02-26T05:42:47.919635
16945,Unknown,United Kingdom,Champions,19.2425,17.8545,1249.33,0.6435332078298328,Low Potential,90,12,2026-02-26T05:42:47.919635
16949,Unknown,United Kingdom,Recent Customers,23.0446,30.9432,2593.0,0.6350061178607801,Medium Potential,90,12,2026-02-26T05:42:47.919635
16950,Unknown,United Kingdom,Recent Customers,4.1168,29.7773,445.77,0.6351140295128037,Low Potential,90,12,2026-02-26T05:42:47.919635
16951,Unknown,United Kingdom,Potential Loyalists,4009.7262,15.0541,219501.16,0.6364644734644926,High Potential,90,12,2026-02-26T05:42:47.919635
16953,Unknown,United Kingdom,Need Attention,57.4768,20.8,4347.34,0.6386311589448211,Medium Potential,90,12,2026-02-26T05:42:47.919635
16954,Unknown,United Kingdom,Recent Customers,4.8015,45.51,794.6,0.6402066167499753,Low Potential,90,12,2026-02-26T05:42:47.919635
16955,Unknown,United Kingdom,Recent Customers,2.5088,20.7468,189.27,0.6366808108089309,Low Potential,90,12,2026-02-26T05:42:47.919635
16957,Unknown,United Kingdom,At Risk,226.1872,28.71,23613.94,0.6282978970603043,Medium Potential,90,12,2026-02-26T05:42:47.919635
16960,Unknown,United Kingdom,Loyal Customers,20.8583,5.0203,380.78,0.6402066167499753,Low Potential,90,12,2026-02-26T05:42:47.919635
16963,Unknown,United Kingdom,At Risk,397.9859,15.7929,22855.82,0.6317236055340981,Medium Potential,90,12,2026-02-26T05:42:47.919635
16966,Unknown,United Kingdom,About to Sleep,168.9213,128.6,78993.74,0.6256344932697319,High Potential,90,12,2026-02-26T05:42:47.919635
16967,Unknown,United Kingdom,About to Sleep,1187.7857,15.1914,65615.01,0.6284580613701972,High Potential,90,12,2026-02-26T05:42:47.919635
16968,Unknown,United Kingdom,About to Sleep,910.1458,11.6325,38499.17,0.6320457217532791,Medium Potential,90,12,2026-02-26T05:42:47.919635
16969,Unknown,United Kingdom,Need Attention,1519.517,14.717,81319.02,0.6253156444734737,High Potential,90,12,2026-02-26T05:42:47.919635
16971,Unknown,United Kingdom,Promising,2252.0928,8.8878,72786.0,0.6255813405155674,High Potential,90,12,2026-02-26T05:42:47.919635
16979,Unknown,United Kingdom,Recent Customers,12.3819,20.5531,925.41,0.6402610121462423,Low Potential,90,12,2026-02-26T05:42:47.919635
16982,Unknown,United Kingdom,Recent Customers,1267.6091,17.4573,80469.21,0.6402066167499753,High Potential,90,12,2026-02-26T05:42:47.919635
16983,Unknown,United Kingdom,Loyal Customers,7.0731,10.3057,265.07,0.64331454211402,Low Potential,90,12,2026-02-26T05:42:47.919635
16984,Unknown,United Kingdom,Champions,66.0382,11.2411,2699.43,0.6434785344338476,Medium Potential,90,12,2026-02-26T05:42:47.919635
16985,Unknown,United Kingdom,Loyal Customers,9.9203,53.4589,1928.47,0.6434785344338476,Medium Potential,90,12,2026-02-26T05:42:47.919635
16986,Unknown,United Kingdom,Recent Customers,5.7623,624.4,13083.56,0.6402610121462423,Medium Potential,90,12,2026-02-26T05:42:47.919635
16987,Unknown,United Kingdom,About to Sleep,1026.6144,10.0683,37586.41,0.6337126072892719,Medium Potential,90,12,2026-02-26T05:42:47.919635
16988,Unknown,United Kingdom,At Risk,397.1752,18.0171,26021.62,0.6304367814562728,Medium Potential,90,12,2026-02-26T05:42:47.919635
16989,Unknown,United Kingdom,Recent Customers,1.9237,102.93,720.02,0.6433692015763358,Low Potential,90,12,2026-02-26T05:42:47.919635
16990,Unknown,United Kingdom,At Risk,56.8503,179.0,37004.38,0.6316699354601715,Medium Potential,90,12,2026-02-26T05:42:47.919635
16992,Unknown,United Kingdom,Recent Customers,77.3332,17.7734,4998.09,0.6287250926223397,Medium Potential,90,12,2026-02-26T05:42:47.919635
16996,Unknown,United Kingdom,Potential Loyalists,21.2709,45.2925,3503.32,0.6400978398210466,Medium Potential,90,12,2026-02-26T05:42:47.919635
16997,Unknown,United Kingdom,At Risk,226.168,19.5,16037.37,0.6282445180282595,Medium Potential,90,12,2026-02-26T05:42:47.919635
16998,Unknown,United Kingdom,About to Sleep,57.2818,90.0,18746.77,0.6364644734644926,Medium Potential,90,12,2026-02-26T05:42:47.919635
17001,Unknown,United Kingdom,Loyal Customers,19.5154,25.0324,1776.43,0.6386854204817225,Low Potential,90,12,2026-02-26T05:42:47.919635
17002,Unknown,United Kingdom,Promising,744.8533,36.9585,100104.22,0.636626719579975,High Potential,90,12,2026-02-26T05:42:47.919635
17004,Unknown,United Kingdom,Recent Customers,1432.897,36.224,188746.4,0.6368431120726507,High Potential,90,12,2026-02-26T05:42:47.919635
17006,Unknown,United Kingdom,Promising,8.8193,25.4221,815.29,0.6369513358997455,Low Potential,90,12,2026-02-26T05:42:47.919635
17007,Unknown,United Kingdom,Need Attention,12.447,19.2815,872.72,0.6383056865188711,Low Potential,90,12,2026-02-26T05:42:47.919635
17011,Unknown,United Kingdom,Promising,862.1521,18.06,56619.88,0.6386311589448211,High Potential,90,12,2026-02-26T05:42:47.919635
17014,Unknown,United Kingdom,Recent Customers,22.5523,8.1476,668.17,0.6352759313761016,Low Potential,90,12,2026-02-26T05:42:47.919635
17015,Unknown,United Kingdom,Champions,62.2892,5.7201,1295.64,0.6419495637552085,Low Potential,90,12,2026-02-26T05:42:47.919635
17017,Unknown,United Kingdom,Loyal Customers,6.5507,36.6817,873.78,0.6353299078348292,Low Potential,90,12,2026-02-26T05:42:47.919635
17019,Unknown,United Kingdom,Promising,2654.0443,7.4452,71854.15,0.6143621074320499,High Potential,90,12,2026-02-26T05:42:47.919635
17022,Unknown,United Kingdom,About to Sleep,401.2793,10.1429,14800.49,0.6369513358997455,Medium Potential,90,12,2026-02-26T05:42:47.919635
17024,Unknown,United Kingdom,At Risk,0.9637,28.125,98.56,0.631777280168123,Low Potential,90,12,2026-02-26T05:42:47.919635
17025,Unknown,United Kingdom,Promising,0.8154,39.7522,117.87,0.6402066167499753,Low Potential,90,12,2026-02-26T05:42:47.919635
17026,Unknown,United Kingdom,About to Sleep,0.5443,38.7075,76.61,0.6350061178607801,Low Potential,90,12,2026-02-26T05:42:47.919635
17027,Unknown,United Kingdom,At Risk,112.5281,6.6,2700.67,0.625156281017392,Medium Potential,90,12,2026-02-26T05:42:47.919635
17030,Unknown,United Kingdom,Need Attention,628.8697,13.3518,30532.88,0.6352219595031147,Medium Potential,90,12,2026-02-26T05:42:47.919635
17031,Unknown,United Kingdom,Need Attention,744.9798,17.3808,47084.89,0.6367349066337685,High Potential,90,12,2026-02-26T05:42:47.919635
17033,Unknown,United Kingdom,Need Attention,344.6851,50.05,62732.69,0.6383056865188711,High Potential,90,12,2026-02-26T05:42:47.919635
17035,Unknown,United Kingdom,Recent Customers,7.4961,15.4832,422.05,0.6365726329465102,Low Potential,90,12,2026-02-26T05:42:47.919635
17038,Unknown,United Kingdom,Promising,1264.4897,5.1091,23492.38,0.6386311589448211,Medium Potential,90,12,2026-02-26T05:42:47.919635
17042,Unknown,United Kingdom,Loyal Customers,38.4059,9.6952,1354.01,0.6400978398210466,Low Potential,90,12,2026-02-26T05:42:47.919635
17043,Unknown,United Kingdom,Recent Customers,1772.4198,20.689,133343.98,0.6352759313761016,High Potential,90,12,2026-02-26T05:42:47.919635
17045,Unknown,United Kingdom,At Risk,114.0198,24.725,10251.42,0.6334434577467953,Medium Potential,90,12,2026-02-26T05:42:47.919635
17046,Unknown,United Kingdom,Recent Customers,1250.919,29.1827,132746.16,0.631777280168123,High Potential,90,12,2026-02-26T05:42:47.919635
17048,Unknown,United Kingdom,Loyal Customers,7.3063,20.0105,531.65,0.643041314451059,Low Potential,90,12,2026-02-26T05:42:47.919635
17049,Unknown,United Kingdom,Loyal Customers,62.67,19.91,4537.31,0.6383056865188711,Medium Potential,90,12,2026-02-26T05:42:47.919635
17050,Unknown,United Kingdom,Loyal Customers,139.6581,11.2879,5732.53,0.6332282204203763,Medium Potential,90,12,2026-02-26T05:42:47.919635
17052,Unknown,United Kingdom,Loyal Customers,4159.8332,4.8597,73511.06,0.6419495637552085,High Potential,90,12,2026-02-26T05:42:47.919635
17053,Unknown,United Kingdom,Need Attention,731.7436,38.3446,102030.6,0.6254219093460998,High Potential,90,12,2026-02-26T05:42:47.919635
17054,Unknown,United Kingdom,Potential Loyalists,19.2585,14.0327,982.72,0.6419495637552085,Low Potential,90,12,2026-02-26T05:42:47.919635
17059,Unknown,United Kingdom,Champions,29.0904,5.9875,633.38,0.6402610121462423,Low Potential,90,12,2026-02-26T05:42:47.919635
17061,Unknown,United Kingdom,Need Attention,113.7006,242.06,100081.34,0.6316699354601715,High Potential,90,12,2026-02-26T05:42:47.919635
17062,Unknown,United Kingdom,Need Attention,17.2163,7.6155,476.77,0.6191830751035756,Low Potential,90,12,2026-02-26T05:42:47.919635
17064,Unknown,United Kingdom,Loyal Customers,34.7508,18.2436,2305.38,0.6435332078298328,Medium Potential,90,12,2026-02-26T05:42:47.919635
17068,Unknown,United Kingdom,Recent Customers,11.3106,15.8306,651.1,0.6336049337516346,Low Potential,90,12,2026-02-26T05:42:47.919635
17069,Unknown,United Kingdom,Champions,8.3896,18.3549,559.96,0.6419495637552085,Low Potential,90,12,2026-02-26T05:42:47.919635
17071,Unknown,United Kingdom,Champions,18.4829,17.6372,1185.41,0.6434785344338476,Low Potential,90,12,2026-02-26T05:42:47.919635
17076,Unknown,United Kingdom,Potential Loyalists,3.7297,33.6432,456.29,0.6415133826517266,Low Potential,90,12,2026-02-26T05:42:47.919635
17078,Unknown,United Kingdom,Need Attention,1584.3872,13.5071,77819.91,0.6287250926223397,High Potential,90,12,2026-02-26T05:42:47.919635
17082,Unknown,United Kingdom,Potential Loyalists,3250.6695,23.9809,283469.02,0.6336587682334197,High Potential,90,12,2026-02-26T05:42:47.919635
17083,Unknown,United Kingdom,Recent Customers,1148.6574,34.568,144388.32,0.6381430125139277,High Potential,90,12,2026-02-26T05:42:47.919635
17084,Unknown,United Kingdom,Loyal Customers,8283.2355,18.4092,554500.87,0.6303832207085496,High Potential,90,12,2026-02-26T05:42:47.919635
17085,Unknown,United Kingdom,Loyal Customers,29.9744,8.3279,907.72,0.6367890070548783,Low Potential,90,12,2026-02-26T05:42:47.919635
17086,Unknown,United Kingdom,Champions,21.5198,18.7659,1468.5,0.6386311589448211,Low Potential,90,12,2026-02-26T05:42:47.919635
17088,Unknown,United Kingdom,Potential Loyalists,60.9852,16.3832,3633.21,0.6419495637552085,Medium Potential,90,12,2026-02-26T05:42:47.919635
17090,Unknown,United Kingdom,Loyal Customers,7.8364,24.8122,707.05,0.6434785344338476,Low Potential,90,12,2026-02-26T05:42:47.919635
17091,Unknown,United Kingdom,Loyal Customers,19.0118,20.8205,1439.4,0.6369513358997455,Low Potential,90,12,2026-02-26T05:42:47.919635
17092,Unknown,United Kingdom,Recent Customers,45.9128,13.3716,2232.46,0.6348442847602177,Medium Potential,90,12,2026-02-26T05:42:47.919635
17095,Unknown,United Kingdom,Need Attention,918.8479,19.5719,65394.91,0.6380887970590081,High Potential,90,12,2026-02-26T05:42:47.919635
17096,Unknown,United Kingdom,Promising,521.2619,29.29,55519.13,0.6435332078298328,High Potential,90,12,2026-02-26T05:42:47.919635
17097,Unknown,Spain,Recent Customers,17.5502,3.4287,218.82,0.6353299078348292,Low Potential,90,12,2026-02-26T05:42:47.919635
17101,Unknown,United Kingdom,Promising,460.9879,58.875,98693.32,0.6402610121462423,High Potential,90,12,2026-02-26T05:42:47.919635
17105,Unknown,United Kingdom,Potential Loyalists,58.9507,7.3976,1585.8,0.6331744225171403,Low Potential,90,12,2026-02-26T05:42:47.919635
17107,Unknown,United Kingdom,Loyal Customers,342.9324,30.2847,37765.84,0.6350600713947008,Medium Potential,90,12,2026-02-26T05:42:47.919635
17109,Unknown,United Kingdom,Recent Customers,35.0752,5.4289,692.44,0.6402610121462423,Low Potential,90,12,2026-02-26T05:42:47.919635
17114,Unknown,United Kingdom,Potential Loyalists,29.0968,6.0857,643.91,0.6380887970590081,Low Potential,90,12,2026-02-26T05:42:47.919635
17115,Unknown,United Kingdom,Recent Customers,4.5303,25.1181,413.79,0.6399890813743078,Low Potential,90,12,2026-02-26T05:42:47.919635
17119,Unknown,United Kingdom,Potential Loyalists,13.3905,17.3403,844.35,0.641895024902707,Low Potential,90,12,2026-02-26T05:42:47.919635
17122,Unknown,United Kingdom,Need Attention,405.357,19.76,29126.74,0.6434238656828135,Medium Potential,90,12,2026-02-26T05:42:47.919635
17123,Unknown,United Kingdom,At Risk,506.5487,38.3667,70671.28,0.6253687746526738,High Potential,90,12,2026-02-26T05:42:47.919635
17124,Unknown,United Kingdom,Promising,1771.6671,9.4916,61148.93,0.6350061178607801,High Potential,90,12,2026-02-26T05:42:47.919635
17126,Unknown,United Kingdom,Loyal Customers,30.4395,4.0842,452.08,0.6400434582875998,Low Potential,90,12,2026-02-26T05:42:47.919635
17128,Unknown,United Kingdom,Need Attention,803.9919,11.2207,32804.92,0.6380887970590081,Medium Potential,90,12,2026-02-26T05:42:47.919635
17131,Unknown,United Kingdom,Recent Customers,51.3264,20.5015,3826.43,0.6336587682334197,Medium Potential,90,12,2026-02-26T05:42:47.919635
17133,Unknown,United Kingdom,Promising,3.4748,243.8856,3081.65,0.6348982245439281,Medium Potential,90,12,2026-02-26T05:42:47.919635
17135,Unknown,United Kingdom,Need Attention,2.6881,25.0,244.37,0.6272311776273506,Low Potential,90,12,2026-02-26T05:42:47.919635
17138,Unknown,United Kingdom,Recent Customers,1378.506,15.8542,79473.13,0.6381972325752837,High Potential,90,12,2026-02-26T05:42:47.919635
17139,Unknown,United Kingdom,Champions,36.9806,21.6386,2909.85,0.6434785344338476,Medium Potential,90,12,2026-02-26T05:42:47.919635
17140,Unknown,United Kingdom,Need Attention,911.9261,27.5925,91499.35,0.6332820228945715,High Potential,90,12,2026-02-26T05:42:47.919635
17144,Unknown,United Kingdom,Recent Customers,1433.2623,15.5472,81029.88,0.6370054547098494,High Potential,90,12,2026-02-26T05:42:47.919635
17147,Unknown,United Kingdom,Need Attention,1012.6671,22.75,83775.19,0.6251031688912595,High Potential,90,12,2026-02-26T05:42:47.919635
17157,Unknown,United Kingdom,At Risk,282.278,31.508,32341.87,0.6272844705605466,Medium Potential,90,12,2026-02-26T05:42:47.919635
17158,Unknown,United Kingdom,Recent Customers,1600.8953,20.3007,118179.26,0.6352759313761016,High Potential,90,12,2026-02-26T05:42:47.919635
17160,Unknown,United Kingdom,Champions,28.1035,13.675,1397.51,0.6432052371202953,Low Potential,90,12,2026-02-26T05:42:47.919635
17162,Unknown,United Kingdom,Champions,18.0808,16.2883,1070.93,0.6419495637552085,Low Potential,90,12,2026-02-26T05:42:47.919635
17164,Unknown,United Kingdom,Champions,48.5343,17.2151,3038.26,0.6417314361447506,Medium Potential,90,12,2026-02-26T05:42:47.919635
17166,Unknown,United Kingdom,At Risk,112.6046,39.375,16122.93,0.6255813405155674,Medium Potential,90,12,2026-02-26T05:42:47.919635
17169,Unknown,United Kingdom,Need Attention,1034.1431,17.1489,64488.79,0.6383599204018852,High Potential,90,12,2026-02-26T05:42:47.919635
17173,Unknown,United Kingdom,Loyal Customers,5.9833,38.368,834.79,0.6435332078298328,Low Potential,90,12,2026-02-26T05:42:47.919635
17174,Unknown,United Kingdom,At Risk,228.0009,14.975,12415.69,0.6333358299401141,Medium Potential,90,12,2026-02-26T05:42:47.919635
17175,Unknown,United Kingdom,Recent Customers,752.678,23.2785,63713.51,0.64331454211402,High Potential,90,12,2026-02-26T05:42:47.919635
17180,Unknown,United Kingdom,Potential Loyalists,2373.4273,7.4966,64700.49,0.6432052371202953,High Potential,90,12,2026-02-26T05:42:47.919635
17181,Unknown,United Kingdom,At Risk,109.1755,77.76,30870.86,0.6065306597126334,Medium Potential,90,12,2026-02-26T05:42:47.919635
17183,Unknown,United Kingdom,Recent Customers,8.0582,63.9924,1875.14,0.6352759313761016,Medium Potential,90,12,2026-02-26T05:42:47.919635
17186,Unknown,United Kingdom,Need Attention,57.6186,72.0,15085.6,0.6402066167499753,Medium Potential,90,12,2026-02-26T05:42:47.919635
17188,Unknown,United Kingdom,Potential Loyalists,5.8955,40.3994,866.09,0.6402610121462423,Low Potential,90,12,2026-02-26T05:42:47.919635
17190,Unknown,United Kingdom,Recent Customers,1042.5238,13.8744,52597.79,0.6435332078298328,High Potential,90,12,2026-02-26T05:42:47.919635
17191,Unknown,United Kingdom,Champions,25.5911,8.8971,827.95,0.6419495637552085,Low Potential,90,12,2026-02-26T05:42:47.919635
17193,Unknown,United Kingdom,Need Attention,1.4301,23.5267,122.35,0.6435332078298328,Low Potential,90,12,2026-02-26T05:42:47.919635
17194,Unknown,United Kingdom,Need Attention,57.7362,10.0,2099.5,0.6415133826517266,Medium Potential,90,12,2026-02-26T05:42:47.919635
17197,Unknown,United Kingdom,Potential Loyalists,1671.0812,34.9314,212266.2,0.6402610121462423,High Potential,90,12,2026-02-26T05:42:47.919635
17198,Unknown,United Kingdom,Recent Customers,23.0175,6.7988,569.06,0.6191830751035756,Low Potential,90,12,2026-02-26T05:42:47.919635
17203,Unknown,United Kingdom,Champions,32.6083,20.5846,2440.83,0.6402066167499753,Medium Potential,90,12,2026-02-26T05:42:47.919635
17204,Unknown,United Kingdom,Recent Customers,636.7732,41.9318,97094.71,0.6432052371202953,High Potential,90,12,2026-02-26T05:42:47.919635
17211,Unknown,United Kingdom,Loyal Customers,7.2752,11.2288,297.06,0.64331454211402,Low Potential,90,12,2026-02-26T05:42:47.919635
17213,Unknown,United Kingdom,About to Sleep,833.6984,20.86,63239.81,0.6175544073129242,High Potential,90,12,2026-02-26T05:42:47.919635
17214,Unknown,United Kingdom,Potential Loyalists,12.9772,9.6624,455.97,0.6402066167499753,Low Potential,90,12,2026-02-26T05:42:47.919635
17218,Unknown,United Kingdom,Champions,18.7318,6.4739,440.97,0.641840490683726,Low Potential,90,12,2026-02-26T05:42:47.919635
17219,Unknown,United Kingdom,Need Attention,1375.8149,4.6888,23457.89,0.6369513358997455,Medium Potential,90,12,2026-02-26T05:42:47.919635
17220,Unknown,United Kingdom,Potential Loyalists,38.5655,6.9387,973.07,0.6334434577467953,Low Potential,90,12,2026-02-26T05:42:47.919635
17221,Unknown,United Kingdom,Need Attention,129.9365,5.3948,2549.02,0.6287250926223397,Medium Potential,90,12,2026-02-26T05:42:47.919635
17222,Unknown,United Kingdom,Need Attention,1535.6101,12.1722,67970.01,0.63193833143466,High Potential,90,12,2026-02-26T05:42:47.919635
17223,Unknown,United Kingdom,Promising,11.2815,8.5823,352.08,0.6267517449275591,Low Potential,90,12,2026-02-26T05:42:47.919635
17226,Unknown,United Kingdom,Need Attention,1190.5136,18.7376,81117.7,0.6299013787016665,High Potential,90,12,2026-02-26T05:42:47.919635
17227,Unknown,United Kingdom,Promising,2.0196,14.1476,103.9,0.6402066167499753,Low Potential,90,12,2026-02-26T05:42:47.919635
17228,Unknown,United Kingdom,Loyal Customers,9.8069,10.265,366.06,0.6352219595031147,Low Potential,90,12,2026-02-26T05:42:47.919635
17229,Unknown,United Kingdom,About to Sleep,850.8728,10.7367,33220.24,0.6302761128639838,Medium Potential,90,12,2026-02-26T05:42:47.919635
17230,Unknown,United Kingdom,Need Attention,902.5225,42.1875,138455.16,0.6267517449275591,High Potential,90,12,2026-02-26T05:42:47.919635
17231,Unknown,United Kingdom,Loyal Customers,65.8909,6.2856,1506.05,0.636626719579975,Low Potential,90,12,2026-02-26T05:42:47.919635
17232,Unknown,United Kingdom,Need Attention,1029.2345,11.6517,43608.48,0.6353299078348292,High Potential,90,12,2026-02-26T05:42:47.919635
17233,Unknown,United Kingdom,Need Attention,1418.3622,7.6352,39379.92,0.6303832207085496,Medium Potential,90,12,2026-02-26T05:42:47.919635
17234,Unknown,United Kingdom,Need Attention,806.3862,10.7064,31394.52,0.6399890813743078,Medium Potential,90,12,2026-02-26T05:42:47.919635
17235,Unknown,United Kingdom,At Risk,547.3172,34.19,68046.45,0.6081302547245364,High Potential,90,12,2026-02-26T05:42:47.919635
17236,Unknown,United Kingdom,Recent Customers,4.2379,10.1971,157.14,0.6415678890778506,Low Potential,90,12,2026-02-26T05:42:47.919635
17238,Unknown,United Kingdom,Champions,23.8122,7.3956,640.38,0.6419495637552085,Low Potential,90,12,2026-02-26T05:42:47.919635
17242,Unknown,United Kingdom,Loyal Customers,1679.051,24.4634,149364.71,0.64331454211402,High Potential,90,12,2026-02-26T05:42:47.919635
17243,Unknown,United Kingdom,Champions,19.5045,22.6574,1606.99,0.6419495637552085,Low Potential,90,12,2026-02-26T05:42:47.919635
17248,Unknown,United Kingdom,Potential Loyalists,3927.7301,4.589,65543.1,0.6417859610978717,High Potential,90,12,2026-02-26T05:42:47.919635
17250,Unknown,United Kingdom,Need Attention,1825.0923,6.8334,45351.22,0.6337126072892719,High Potential,90,12,2026-02-26T05:42:47.919635
17251,Unknown,United Kingdom,Need Attention,2077.8829,7.2927,55103.19,0.623988855995589,High Potential,90,12,2026-02-26T05:42:47.919635
17252,Unknown,United Kingdom,Recent Customers,4845.4308,3.9648,69858.78,0.6333896415573925,High Potential,90,12,2026-02-26T05:42:47.919635
17254,Unknown,United Kingdom,Need Attention,3242.3946,1.7918,21126.26,0.6320457217532791,Medium Potential,90,12,2026-02-26T05:42:47.919635
17259,Unknown,United Kingdom,Need Attention,4091.6516,4.6581,69306.63,0.6143621074320499,High Potential,90,12,2026-02-26T05:42:47.919635
17262,Unknown,United Kingdom,At Risk,111.1598,134.43,54338.95,0.6175544073129242,High Potential,90,12,2026-02-26T05:42:47.919635
17265,Unknown,United Kingdom,Loyal Customers,4168.6782,5.1838,78580.34,0.64331454211402,High Potential,90,12,2026-02-26T05:42:47.919635
17266,Unknown,United Kingdom,Promising,87.6755,3.2507,1036.39,0.6353299078348292,Low Potential,90,12,2026-02-26T05:42:47.919635
17267,Unknown,United Kingdom,Need Attention,2098.6411,8.573,65424.18,0.6302225657663681,High Potential,90,12,2026-02-26T05:42:47.919635
17268,Unknown,United Kingdom,Promising,1.8529,77.87,524.67,0.6433692015763358,Low Potential,90,12,2026-02-26T05:42:47.919635
17274,Unknown,United Kingdom,Need Attention,1361.6278,4.305,21315.66,0.6303832207085496,Medium Potential,90,12,2026-02-26T05:42:47.919635
17278,Unknown,United Kingdom,Recent Customers,868.3271,16.4027,51792.4,0.6432052371202953,High Potential,90,12,2026-02-26T05:42:47.919635
17282,Unknown,United Kingdom,Need Attention,281.4399,137.4,140617.61,0.6254219093460998,High Potential,90,12,2026-02-26T05:42:47.919635
17284,Unknown,United Kingdom,Champions,91.0842,5.5562,1840.3,0.6417859610978717,Medium Potential,90,12,2026-02-26T05:42:47.919635
17287,Unknown,United Kingdom,Need Attention,6.3863,9.9443,230.94,0.6252093976562161,Low Potential,90,12,2026-02-26T05:42:47.919635
17288,Unknown,United Kingdom,At Risk,337.6131,21.2167,26047.4,0.6252093976562161,Medium Potential,90,12,2026-02-26T05:42:47.919635
17289,Unknown,United Kingdom,Champions,31.8766,9.1159,1056.67,0.64331454211402,Low Potential,90,12,2026-02-26T05:42:47.919635
17290,Unknown,United Kingdom,Need Attention,2509.5019,3.6782,33565.27,0.6337126072892719,Medium Potential,90,12,2026-02-26T05:42:47.919635
17291,Unknown,United Kingdom,About to Sleep,56.6911,550.8,113547.12,0.6299013787016665,High Potential,90,12,2026-02-26T05:42:47.919635
17293,Unknown,United Kingdom,Champions,17.9685,12.0265,785.81,0.6435332078298328,Low Potential,90,12,2026-02-26T05:42:47.919635
17295,Unknown,United Kingdom,Loyal Customers,25.5112,8.0441,746.24,0.6419495637552085,Low Potential,90,12,2026-02-26T05:42:47.919635
17298,Unknown,United Kingdom,About to Sleep,228.6411,26.91,22373.57,0.6351140295128037,Medium Potential,90,12,2026-02-26T05:42:47.919635
17299,Unknown,United Kingdom,Recent Customers,1501.9067,11.4369,62462.39,0.641840490683726,High Potential,90,12,2026-02-26T05:42:47.919635
17302,Unknown,United Kingdom,Potential Loyalists,38.8715,19.0611,2694.3,0.6384684019923119,Medium Potential,90,12,2026-02-26T05:42:47.919635
17306,Unknown,United Kingdom,Recent Customers,4.4495,147.5812,2387.86,0.6365185509081462,Medium Potential,90,12,2026-02-26T05:42:47.919635
17309,Unknown,United Kingdom,About to Sleep,625.5658,7.1818,16337.05,0.6318846431180163,Medium Potential,90,12,2026-02-26T05:42:47.919635
17312,Unknown,United Kingdom,Promising,6.0903,30.7308,680.58,0.6350600713947008,Low Potential,90,12,2026-02-26T05:42:47.919635
17313,Unknown,United Kingdom,Potential Loyalists,1375.8149,97.035,485462.54,0.6369513358997455,High Potential,90,12,2026-02-26T05:42:47.919635
17314,Unknown,United Kingdom,Champions,14.5642,15.6831,830.59,0.6435332078298328,Low Potential,90,12,2026-02-26T05:42:47.919635
17315,Unknown,United Kingdom,Champions,26.7735,15.438,1503.02,0.6432598872954712,Low Potential,90,12,2026-02-26T05:42:47.919635
17317,Unknown,United Kingdom,Potential Loyalists,404.3595,289.7057,425982.73,0.641840490683726,High Potential,90,12,2026-02-26T05:42:47.919635
17320,Unknown,United Kingdom,Need Attention,1216.437,20.4964,90663.92,0.6143621074320499,High Potential,90,12,2026-02-26T05:42:47.919635
17321,Unknown,United Kingdom,Recent Customers,94.3008,6.7291,2307.49,0.6286716772965468,Medium Potential,90,12,2026-02-26T05:42:47.919635
17323,Unknown,United Kingdom,Loyal Customers,73.6359,5.033,1347.67,0.63857690201788,Low Potential,90,12,2026-02-26T05:42:47.919635
17324,Unknown,United Kingdom,Potential Loyalists,2.0669,41.3076,310.47,0.643041314451059,Low Potential,90,12,2026-02-26T05:42:47.919635
17325,Unknown,United Kingdom,At Risk,340.1756,16.1333,19956.93,0.6299548985095023,Medium Potential,90,12,2026-02-26T05:42:47.919635
17330,Unknown,United Kingdom,At Risk,282.9023,52.98,54502.41,0.6286716772965468,High Potential,90,12,2026-02-26T05:42:47.919635
17331,Unknown,United Kingdom,About to Sleep,57.311,175.2,36512.32,0.6367890070548783,Medium Potential,90,12,2026-02-26T05:42:47.919635
17334,Unknown,United Kingdom,Promising,3.4611,27.9109,351.28,0.6397716199148393,Low Potential,90,12,2026-02-26T05:42:47.919635
17337,Unknown,United Kingdom,Champions,95.3538,3.864,1339.81,0.6432598872954712,Low Potential,90,12,2026-02-26T05:42:47.919635
17338,Unknown,United Kingdom,Champions,24.5258,9.7955,873.61,0.643041314451059,Low Potential,90,12,2026-02-26T05:42:47.919635
17339,Unknown,United Kingdom,About to Sleep,1.9007,27.04,186.89,0.6335511038435279,Low Potential,90,12,2026-02-26T05:42:47.919635
17340,Unknown,United Kingdom,Champions,38.8897,30.133,4261.32,0.6417859610978717,Medium Potential,90,12,2026-02-26T05:42:47.919635
17341,Unknown,United Kingdom,Potential Loyalists,28.219,4.4408,455.69,0.6334434577467953,Low Potential,90,12,2026-02-26T05:42:47.919635
17345,Unknown,United Kingdom,Need Attention,743.1466,11.9846,32386.6,0.6351679922154785,Medium Potential,90,12,2026-02-26T05:42:47.919635
17346,Unknown,United Kingdom,Champions,13.9601,4.9405,250.8,0.6435332078298328,Low Potential,90,12,2026-02-26T05:42:47.919635
17348,Unknown,United Kingdom,Loyal Customers,22.9482,3.5579,296.9,0.6419495637552085,Low Potential,90,12,2026-02-26T05:42:47.919635
17350,Unknown,United Kingdom,About to Sleep,563.071,39.498,80873.38,0.6256344932697319,High Potential,90,12,2026-02-26T05:42:47.919635
17351,Unknown,United Kingdom,Recent Customers,2.6797,32.5864,317.53,0.6415133826517266,Low Potential,90,12,2026-02-26T05:42:47.919635
17353,Unknown,United Kingdom,Recent Customers,2.5469,217.5,2014.37,0.6367349066337685,Medium Potential,90,12,2026-02-26T05:42:47.919635
17356,Unknown,United Kingdom,At Risk,1068.9264,9.38,36460.11,0.6251031688912595,Medium Potential,90,12,2026-02-26T05:42:47.919635
17358,Unknown,United Kingdom,Need Attention,976.3588,7.0088,24884.01,0.6381430125139277,Medium Potential,90,12,2026-02-26T05:42:47.919635
17360,Unknown,United Kingdom,Recent Customers,3036.9675,5.4421,60099.93,0.6366808108089309,High Potential,90,12,2026-02-26T05:42:47.919635
17361,Unknown,United Kingdom,Need Attention,855.076,13.3447,41493.57,0.6333896415573925,High Potential,90,12,2026-02-26T05:42:47.919635
17362,Unknown,United Kingdom,At Risk,678.5041,12.5,30841.1,0.6282445180282595,Medium Potential,90,12,2026-02-26T05:42:47.919635
17364,Unknown,United Kingdom,Champions,41.0269,12.6686,1890.01,0.643041314451059,Medium Potential,90,12,2026-02-26T05:42:47.919635
17365,Unknown,United Kingdom,Loyal Customers,4329.4796,9.3081,146542.65,0.641404383691382,High Potential,90,12,2026-02-26T05:42:47.919635
17368,Unknown,United Kingdom,Recent Customers,48.5986,22.0844,3902.8,0.6352759313761016,Medium Potential,90,12,2026-02-26T05:42:47.919635
17370,Unknown,United Kingdom,About to Sleep,515.8429,13.04,24460.33,0.6368431120726507,Medium Potential,90,12,2026-02-26T05:42:47.919635
17372,Unknown,United Kingdom,Loyal Customers,26.7106,4.7257,459.0,0.6402066167499753,Low Potential,90,12,2026-02-26T05:42:47.919635
17374,Unknown,United Kingdom,Promising,25.2668,17.7061,1626.82,0.6316699354601715,Low Potential,90,12,2026-02-26T05:42:47.919635
17376,Unknown,United Kingdom,At Risk,731.3707,8.1423,21654.69,0.6251031688912595,Medium Potential,90,12,2026-02-26T05:42:47.919635
17377,Unknown,United Kingdom,Champions,19.3419,9.6697,680.11,0.641840490683726,Low Potential,90,12,2026-02-26T05:42:47.919635
17381,Unknown,United Kingdom,Champions,7.849,190.0139,5423.34,0.6434238656828135,Medium Potential,90,12,2026-02-26T05:42:47.919635
17382,Unknown,United Kingdom,At Risk,113.7489,32.7,13525.78,0.63193833143466,Medium Potential,90,12,2026-02-26T05:42:47.919635
17383,Unknown,United Kingdom,Need Attention,2787.3216,3.9467,40002.63,0.6320457217532791,Medium Potential,90,12,2026-02-26T05:42:47.919635
17384,Unknown,United Kingdom,At Risk,170.1167,75.8833,46941.88,0.630061951767552,High Potential,90,12,2026-02-26T05:42:47.919635
17386,Unknown,United Kingdom,Need Attention,33.2092,57.251,6913.67,0.6272844705605466,Medium Potential,90,12,2026-02-26T05:42:47.919635
17387,Unknown,United Kingdom,Need Attention,1026.5272,17.1744,64109.05,0.6336587682334197,High Potential,90,12,2026-02-26T05:42:47.919635
17388,Unknown,United Kingdom,Recent Customers,57.8934,381.6,80334.99,0.6432598872954712,High Potential,90,12,2026-02-26T05:42:47.919635
17389,Unknown,United Kingdom,Champions,18.934,186.4717,12838.75,0.643041314451059,Medium Potential,90,12,2026-02-26T05:42:47.919635
17392,Unknown,United Kingdom,About to Sleep,740.8141,11.1923,30150.6,0.6331744225171403,Medium Potential,90,12,2026-02-26T05:42:47.919635
17394,Unknown,United Kingdom,At Risk,226.8223,50.9675,42038.42,0.630061951767552,High Potential,90,12,2026-02-26T05:42:47.919635
17396,Unknown,United Kingdom,Need Attention,1.4028,270.1667,1378.14,0.6286716772965468,Low Potential,90,12,2026-02-26T05:42:47.919635
17400,Unknown,United Kingdom,Potential Loyalists,5288.4251,8.2145,157970.07,0.6318309593626331,High Potential,90,12,2026-02-26T05:42:47.919635
17402,Unknown,United Kingdom,Loyal Customers,4.2488,35.7208,551.89,0.6386311589448211,Low Potential,90,12,2026-02-26T05:42:47.919635
17403,Unknown,United Kingdom,Need Attention,1810.7283,8.2475,54305.39,0.6287250926223397,High Potential,90,12,2026-02-26T05:42:47.919635
17404,Unknown,Sweden,Champions,9.8491,156.9605,5621.53,0.6432598872954712,Medium Potential,90,12,2026-02-26T05:42:47.919635
17405,Unknown,United Kingdom,Loyal Customers,27.2195,9.8493,974.88,0.6433692015763358,Low Potential,90,12,2026-02-26T05:42:47.919635
17406,Unknown,United Kingdom,Champions,14.5671,18.1635,962.14,0.6397172660964349,Low Potential,90,12,2026-02-26T05:42:47.919635
17409,Unknown,United Kingdom,Recent Customers,7.9246,59.3731,1710.94,0.6366808108089309,Low Potential,90,12,2026-02-26T05:42:47.919635
17410,Unknown,United Kingdom,Loyal Customers,10.1644,18.46,682.31,0.6435332078298328,Low Potential,90,12,2026-02-26T05:42:47.919635
17412,Unknown,United Kingdom,Loyal Customers,3.1792,19.5846,226.41,0.641895024902707,Low Potential,90,12,2026-02-26T05:42:47.919635
17414,Unknown,United Kingdom,Need Attention,286.5064,119.6,124604.24,0.6366808108089309,High Potential,90,12,2026-02-26T05:42:47.919635
17416,Unknown,United Kingdom,Champions,38.9348,20.8621,2953.68,0.6402610121462423,Medium Potential,90,12,2026-02-26T05:42:47.919635
17419,Unknown,United Kingdom,Loyal Customers,13.6185,20.0523,993.03,0.6365185509081462,Low Potential,90,12,2026-02-26T05:42:47.919635
17420,Unknown,United Kingdom,At Risk,382.1143,18.6929,25973.91,0.6065306597126334,Medium Potential,90,12,2026-02-26T05:42:47.919635
17422,Unknown,United Kingdom,Loyal Customers,13.6355,16.6869,827.4,0.64331454211402,Low Potential,90,12,2026-02-26T05:42:47.919635
17423,Unknown,United Kingdom,Need Attention,627.0025,40.8564,93152.96,0.6333358299401141,High Potential,90,12,2026-02-26T05:42:47.919635
17425,Unknown,United Kingdom,Loyal Customers,2419.981,16.404,144354.07,0.6402066167499753,High Potential,90,12,2026-02-26T05:42:47.919635
17426,Unknown,United Kingdom,Champions,39.9875,17.5827,2556.68,0.6385226497005074,Medium Potential,90,12,2026-02-26T05:42:47.919635
17428,Unknown,United Kingdom,Champions,16.5089,56.1165,3368.81,0.6432052371202953,Medium Potential,90,12,2026-02-26T05:42:47.919635
17429,Unknown,United Kingdom,Recent Customers,18.5739,13.4595,909.07,0.6350061178607801,Low Potential,90,12,2026-02-26T05:42:47.919635
17430,Unknown,United Kingdom,Need Attention,2.6505,18.9829,182.96,0.6352759313761016,Low Potential,90,12,2026-02-26T05:42:47.919635
17432,Unknown,United Kingdom,At Risk,846.7621,11.726,36105.94,0.6272311776273506,Medium Potential,90,12,2026-02-26T05:42:47.919635
17433,Unknown,United Kingdom,Potential Loyalists,3069.3926,5.6577,63148.01,0.6434785344338476,High Potential,90,12,2026-02-26T05:42:47.919635
17434,Unknown,United Kingdom,Recent Customers,12.4962,19.2448,874.5,0.6353299078348292,Low Potential,90,12,2026-02-26T05:42:47.919635
17436,Unknown,United Kingdom,About to Sleep,286.6525,18.78,19575.76,0.6370054547098494,Medium Potential,90,12,2026-02-26T05:42:47.919635
17440,Unknown,United Kingdom,At Risk,95.0165,37.284,12882.16,0.6334434577467953,Medium Potential,90,12,2026-02-26T05:42:47.919635
17442,Unknown,United Kingdom,Champions,24.424,16.8864,1499.76,0.6400978398210466,Low Potential,90,12,2026-02-26T05:42:47.919635
17443,Unknown,Canada,About to Sleep,56.7056,534.24,110161.45,0.630061951767552,High Potential,90,12,2026-02-26T05:42:47.919635
17444,Unknown,Canada,Champions,4447.1989,15.8135,255730.11,0.6417314361447506,High Potential,90,12,2026-02-26T05:42:47.919635
17446,Unknown,United Kingdom,At Risk,282.0383,13.62,13968.59,0.6267517449275591,Medium Potential,90,12,2026-02-26T05:42:47.919635
17449,Unknown,United Kingdom,Loyal Customers,35.2107,7.9854,1022.44,0.6353299078348292,Low Potential,90,12,2026-02-26T05:42:47.919635
17450,Unknown,United Kingdom,Champions,10.0456,344.4404,12582.22,0.6433692015763358,Medium Potential,90,12,2026-02-26T05:42:47.919635
17451,Unknown,United Kingdom,Need Attention,745.2964,22.6292,61328.95,0.6370054547098494,High Potential,90,12,2026-02-26T05:42:47.919635
17453,Unknown,United Kingdom,About to Sleep,513.22,38.0,70917.67,0.6336049337516346,High Potential,90,12,2026-02-26T05:42:47.919635
17456,Unknown,United Kingdom,About to Sleep,947.3501,14.6976,50631.9,0.6191830751035756,High Potential,90,12,2026-02-26T05:42:47.919635
17457,Unknown,United Kingdom,Recent Customers,8.2546,76.1389,2285.44,0.6318309593626331,Medium Potential,90,12,2026-02-26T05:42:47.919635
17459,Unknown,United Kingdom,Potential Loyalists,4379.0133,3.9525,62938.36,0.6402066167499753,High Potential,90,12,2026-02-26T05:42:47.919635
17460,Unknown,United Kingdom,About to Sleep,1.0003,25.5722,93.02,0.6335511038435279,Low Potential,90,12,2026-02-26T05:42:47.919635
17461,Unknown,United Kingdom,Potential Loyalists,2708.3041,8.1396,80161.86,0.6402610121462423,High Potential,90,12,2026-02-26T05:42:47.919635
17462,Unknown,United Kingdom,Promising,749.0417,16.3292,44477.28,0.6402066167499753,High Potential,90,12,2026-02-26T05:42:47.919635
17464,Unknown,United Kingdom,At Risk,510.4369,32.2178,59800.56,0.6301690232180153,High Potential,90,12,2026-02-26T05:42:47.919635
17469,Unknown,United Kingdom,Promising,1307.779,19.1613,91122.71,0.631777280168123,High Potential,90,12,2026-02-26T05:42:47.919635
17470,Unknown,United Kingdom,Recent Customers,10.0793,14.0771,515.95,0.6333358299401141,Low Potential,90,12,2026-02-26T05:42:47.919635
17472,Unknown,United Kingdom,Need Attention,3376.7045,4.3212,53059.69,0.6253156444734737,High Potential,90,12,2026-02-26T05:42:47.919635
17481,Unknown,United Kingdom,Potential Loyalists,26.6771,14.9648,1451.7,0.6351679922154785,Low Potential,90,12,2026-02-26T05:42:47.919635
17483,Unknown,United Kingdom,Need Attention,7.2419,19.6267,516.85,0.6383599204018852,Low Potential,90,12,2026-02-26T05:42:47.919635
17489,Unknown,United Kingdom,Potential Loyalists,47.9892,12.9876,2266.42,0.6435332078298328,Medium Potential,90,12,2026-02-26T05:42:47.919635
17490,Unknown,United Kingdom,Potential Loyalists,19.5682,33.6819,2396.71,0.6386854204817225,Medium Potential,90,12,2026-02-26T05:42:47.919635
17491,Unknown,United Kingdom,Loyal Customers,6.9492,35.9152,907.57,0.6370054547098494,Low Potential,90,12,2026-02-26T05:42:47.919635
17492,Unknown,United Kingdom,Need Attention,682.1456,31.2142,77427.74,0.6316162699459554,High Potential,90,12,2026-02-26T05:42:47.919635
17495,Unknown,United Kingdom,Need Attention,47.6344,18.4281,3192.04,0.6272844705605466,Medium Potential,90,12,2026-02-26T05:42:47.919635
17500,Unknown,United Kingdom,Need Attention,172.8705,96.0,60347.52,0.6402610121462423,High Potential,90,12,2026-02-26T05:42:47.919635
17501,Unknown,United Kingdom,About to Sleep,1018.0156,16.0333,59353.27,0.6284046687308877,High Potential,90,12,2026-02-26T05:42:47.919635
17502,Unknown,United Kingdom,Promising,633.8584,20.6,47481.76,0.6402610121462423,High Potential,90,12,2026-02-26T05:42:47.919635
17503,Unknown,United Kingdom,Recent Customers,11.9386,14.7095,638.58,0.6353299078348292,Low Potential,90,12,2026-02-26T05:42:47.919635
17504,Unknown,United Kingdom,Need Attention,741.0029,19.3654,52181.15,0.6333358299401141,High Potential,90,12,2026-02-26T05:42:47.919635
17505,Unknown,United Kingdom,Promising,1463.3629,25.3404,134844.37,0.6253687746526738,High Potential,90,12,2026-02-26T05:42:47.919635
17507,Unknown,United Kingdom,Need Attention,2487.8483,7.5695,68479.16,0.6282445180282595,High Potential,90,12,2026-02-26T05:42:47.919635
17508,Unknown,Greece,Need Attention,1247.3107,17.605,79850.56,0.6299548985095023,High Potential,90,12,2026-02-26T05:42:47.919635
17509,Unknown,United Kingdom,Champions,80.165,16.6003,4839.14,0.6402066167499753,Medium Potential,90,12,2026-02-26T05:42:47.919635
17511,Unknown,United Kingdom,Champions,41.1335,96.0064,14360.29,0.6432052371202953,Medium Potential,90,12,2026-02-26T05:42:47.919635
17512,Unknown,United Kingdom,Champions,17.6367,28.1943,1808.2,0.6419495637552085,Low Potential,90,12,2026-02-26T05:42:47.919635
17514,Unknown,United Kingdom,Need Attention,2262.8335,5.2162,42921.43,0.6285648602587788,High Potential,90,12,2026-02-26T05:42:47.919635
17515,Unknown,United Kingdom,About to Sleep,573.2562,6.765,14102.1,0.6369513358997455,Medium Potential,90,12,2026-02-26T05:42:47.919635
17516,Unknown,United Kingdom,Potential Loyalists,15.2554,5.7351,318.15,0.6434238656828135,Low Potential,90,12,2026-02-26T05:42:47.919635
17517,Unknown,United Kingdom,At Risk,623.6024,13.9945,31734.56,0.6299013787016665,Medium Potential,90,12,2026-02-26T05:42:47.919635
17519,Unknown,United Kingdom,About to Sleep,995.2666,18.6278,67416.83,0.6143621074320499,High Potential,90,12,2026-02-26T05:42:47.919635
17521,Unknown,United Kingdom,Recent Customers,13.8446,15.2338,766.93,0.6402610121462423,Low Potential,90,12,2026-02-26T05:42:47.919635
17522,Unknown,United Kingdom,Potential Loyalists,27.3362,14.1224,1403.83,0.6383599204018852,Low Potential,90,12,2026-02-26T05:42:47.919635
17526,Unknown,United Kingdom,Need Attention,3.2908,39.2786,470.03,0.6320457217532791,Low Potential,90,12,2026-02-26T05:42:47.919635
17527,Unknown,United Kingdom,About to Sleep,397.9521,41.73,60387.42,0.6316699354601715,High Potential,90,12,2026-02-26T05:42:47.919635
17528,Unknown,United Kingdom,Loyal Customers,27.511,18.2654,1827.27,0.6435332078298328,Medium Potential,90,12,2026-02-26T05:42:47.919635
17530,Unknown,United Kingdom,Potential Loyalists,16.8215,5.1433,314.61,0.6370054547098494,Low Potential,90,12,2026-02-26T05:42:47.919635
17531,Unknown,United Kingdom,About to Sleep,789.9756,21.1929,60879.54,0.6269647808687197,High Potential,90,12,2026-02-26T05:42:47.919635
17535,Unknown,United Kingdom,At Risk,737.0472,12.6462,33893.99,0.6299548985095023,Medium Potential,90,12,2026-02-26T05:42:47.919635
17537,Unknown,United Kingdom,Loyal Customers,109.3369,11.9955,4769.28,0.6402610121462423,Medium Potential,90,12,2026-02-26T05:42:47.919635
17550,Unknown,United Kingdom,Promising,1612.4985,5.5793,32714.96,0.6398803414066186,Medium Potential,90,12,2026-02-26T05:42:47.919635
17552,Unknown,United Kingdom,Promising,1.3333,22.5014,109.09,0.6402066167499753,Low Potential,90,12,2026-02-26T05:42:47.919635
17553,Unknown,United Kingdom,Need Attention,112.8728,743.8,305290.14,0.6270713259922407,High Potential,90,12,2026-02-26T05:42:47.919635
17554,Unknown,United Kingdom,Loyal Customers,18.615,31.9276,2161.21,0.641895024902707,Medium Potential,90,12,2026-02-26T05:42:47.919635
17555,Unknown,United Kingdom,Promising,2756.5436,3.9938,40033.03,0.6380887970590081,Medium Potential,90,12,2026-02-26T05:42:47.919635
17560,Unknown,United Kingdom,Recent Customers,3.331,37.9286,459.42,0.6397716199148393,Low Potential,90,12,2026-02-26T05:42:47.919635
17562,Unknown,United Kingdom,Promising,6.0887,18.1,400.75,0.6400978398210466,Low Potential,90,12,2026-02-26T05:42:47.919635
17566,Unknown,United Kingdom,Promising,3941.4973,5.8596,83983.99,0.6256344932697319,High Potential,90,12,2026-02-26T05:42:47.919635
17567,Unknown,United Kingdom,Loyal Customers,8.4443,25.7716,791.36,0.6368431120726507,Low Potential,90,12,2026-02-26T05:42:47.919635
17569,Unknown,United Kingdom,Recent Customers,1674.0654,11.8669,72239.88,0.641404383691382,High Potential,90,12,2026-02-26T05:42:47.919635
17571,Unknown,United Kingdom,At Risk,114.272,37.8,15707.21,0.6348442847602177,Medium Potential,90,12,2026-02-26T05:42:47.919635
17572,Unknown,United Kingdom,At Risk,0.933,19.1,64.8,0.6254750485541349,Low Potential,90,12,2026-02-26T05:42:47.919635
17573,Unknown,United Kingdom,Recent Customers,14.7124,15.5458,831.69,0.6402610121462423,Low Potential,90,12,2026-02-26T05:42:47.919635
17574,Unknown,United Kingdom,Need Attention,461.9289,23.2062,38980.42,0.6415678890778506,Medium Potential,90,12,2026-02-26T05:42:47.919635
17576,Unknown,United Kingdom,Champions,25.6777,9.6782,903.69,0.6433692015763358,Low Potential,90,12,2026-02-26T05:42:47.919635
17578,Unknown,United Kingdom,At Risk,284.2515,28.692,29657.25,0.6316699354601715,Medium Potential,90,12,2026-02-26T05:42:47.919635
17579,Unknown,United Kingdom,Need Attention,1763.4076,5.5948,35876.05,0.6320457217532791,Medium Potential,90,12,2026-02-26T05:42:47.919635
17580,Unknown,United Kingdom,At Risk,56.2688,47.7,9760.08,0.6252093976562161,Medium Potential,90,12,2026-02-26T05:42:47.919635
17581,Unknown,United Kingdom,Champions,23.9976,22.9293,2000.9,0.6399347090807783,Medium Potential,90,12,2026-02-26T05:42:47.919635
17584,Unknown,United Kingdom,Recent Customers,36.0946,35.4943,4658.74,0.6302225657663681,Medium Potential,90,12,2026-02-26T05:42:47.919635
17585,Unknown,United Kingdom,Promising,1591.2674,14.9218,86343.91,0.6314553007576973,High Potential,90,12,2026-02-26T05:42:47.919635
17589,Unknown,United Kingdom,Champions,56.5071,10.0119,2057.25,0.6417314361447506,Medium Potential,90,12,2026-02-26T05:42:47.919635
17590,Unknown,United Kingdom,Need Attention,914.8751,20.0581,66729.66,0.6353299078348292,High Potential,90,12,2026-02-26T05:42:47.919635
17591,Unknown,United Kingdom,Recent Customers,9.9166,7.9788,287.72,0.6384684019923119,Low Potential,90,12,2026-02-26T05:42:47.919635
17593,Unknown,United Kingdom,Champions,54.8843,19.5744,3906.64,0.6385226497005074,Medium Potential,90,12,2026-02-26T05:42:47.919635
17595,Unknown,United Kingdom,About to Sleep,1862.8766,4.7212,31981.87,0.6272311776273506,Medium Potential,90,12,2026-02-26T05:42:47.919635
17596,Unknown,United Kingdom,Loyal Customers,24.0027,11.1499,973.19,0.6352219595031147,Low Potential,90,12,2026-02-26T05:42:47.919635
17597,Unknown,United Kingdom,Loyal Customers,3167.6768,37.1704,428159.32,0.6399347090807783,High Potential,90,12,2026-02-26T05:42:47.919635
17602,Unknown,United Kingdom,Loyal Customers,1743.9806,9.7735,61981.07,0.6353299078348292,High Potential,90,12,2026-02-26T05:42:47.919635
17604,Unknown,United Kingdom,Need Attention,2052.0081,4.8089,35883.28,0.6333358299401141,Medium Potential,90,12,2026-02-26T05:42:47.919635
17608,Unknown,United Kingdom,Need Attention,3079.5816,3.5413,39657.17,0.6336587682334197,Medium Potential,90,12,2026-02-26T05:42:47.919635
17609,Unknown,United Kingdom,Need Attention,1036.43,5.7056,21503.47,0.6397716199148393,Medium Potential,90,12,2026-02-26T05:42:47.919635
17611,Unknown,United Kingdom,Champions,35.5162,10.4382,1348.09,0.6415678890778506,Low Potential,90,12,2026-02-26T05:42:47.919635
17612,Unknown,United Kingdom,Potential Loyalists,24.6204,13.811,1236.48,0.6383056865188711,Low Potential,90,12,2026-02-26T05:42:47.919635
17613,Unknown,United Kingdom,Recent Customers,16.2776,16.2069,959.31,0.6347903495591322,Low Potential,90,12,2026-02-26T05:42:47.919635
17615,Unknown,United Kingdom,At Risk,150.1013,26.3812,14399.46,0.6254219093460998,Medium Potential,90,12,2026-02-26T05:42:47.919635
17616,Unknown,United Kingdom,At Risk,55.4337,326.4,65794.76,0.6159300234875151,High Potential,90,12,2026-02-26T05:42:47.919635
17618,Unknown,United Kingdom,Recent Customers,26.2364,14.0308,1338.61,0.6316162699459554,Low Potential,90,12,2026-02-26T05:42:47.919635
17620,Unknown,United Kingdom,Need Attention,231.0822,20.36,17108.49,0.641895024902707,Medium Potential,90,12,2026-02-26T05:42:47.919635
17623,Unknown,United Kingdom,Recent Customers,1886.7695,15.9712,109578.08,0.6352759313761016,High Potential,90,12,2026-02-26T05:42:47.919635
17624,Unknown,United Kingdom,Promising,1421.2574,16.012,82753.36,0.6316699354601715,High Potential,90,12,2026-02-26T05:42:47.919635
17629,Unknown,United Kingdom,Champions,22.0372,14.5687,1167.47,0.6417859610978717,Low Potential,90,12,2026-02-26T05:42:47.919635
17631,Unknown,United Kingdom,About to Sleep,573.3049,11.183,23313.7,0.6370054547098494,Medium Potential,90,12,2026-02-26T05:42:47.919635
17633,Unknown,United Kingdom,Loyal Customers,24.0129,17.6549,1541.62,0.6417859610978717,Low Potential,90,12,2026-02-26T05:42:47.919635
17634,Unknown,United Kingdom,Champions,61.8535,7.9921,1797.6,0.6416224001351336,Low Potential,90,12,2026-02-26T05:42:47.919635
17637,Unknown,United Kingdom,Need Attention,630.5818,18.9191,43381.96,0.6369513358997455,High Potential,90,12,2026-02-26T05:42:47.919635
17639,Unknown,United Kingdom,About to Sleep,401.0067,15.5,22602.2,0.6365185509081462,Medium Potential,90,12,2026-02-26T05:42:47.919635
17642,Unknown,United Kingdom,Recent Customers,810.7141,22.6421,66750.07,0.6434238656828135,High Potential,90,12,2026-02-26T05:42:47.919635
17643,Unknown,United Kingdom,At Risk,436.7021,12.6938,20157.85,0.6065306597126334,Medium Potential,90,12,2026-02-26T05:42:47.919635
17644,Unknown,United Kingdom,Loyal Customers,14.5595,17.6693,935.48,0.6417859610978717,Low Potential,90,12,2026-02-26T05:42:47.919635
17646,Unknown,United Kingdom,Recent Customers,14.1072,19.7724,1014.3,0.630061951767552,Low Potential,90,12,2026-02-26T05:42:47.919635
17647,Unknown,United Kingdom,At Risk,398.1211,19.0086,27519.0,0.63193833143466,Medium Potential,90,12,2026-02-26T05:42:47.919635
17648,Unknown,United Kingdom,Loyal Customers,18.9013,20.5481,1412.31,0.6402066167499753,Low Potential,90,12,2026-02-26T05:42:47.919635
17651,Unknown,United Kingdom,Loyal Customers,88.7623,16.629,5367.38,0.6369513358997455,Medium Potential,90,12,2026-02-26T05:42:47.919635
17652,Unknown,United Kingdom,Champions,29.0435,18.1262,1914.36,0.6402066167499753,Medium Potential,90,12,2026-02-26T05:42:47.919635
17653,Unknown,United Kingdom,Loyal Customers,8.3877,27.4445,837.08,0.6417859610978717,Low Potential,90,12,2026-02-26T05:42:47.919635
17654,Unknown,United Kingdom,Need Attention,1256.9917,5.3432,24423.12,0.6348442847602177,Medium Potential,90,12,2026-02-26T05:42:47.919635
17655,Unknown,United Kingdom,Recent Customers,3.5499,45.0,580.89,0.6364644734644926,Low Potential,90,12,2026-02-26T05:42:47.919635
17656,Unknown,United Kingdom,Recent Customers,4.4064,22.5705,361.65,0.6434785344338476,Low Potential,90,12,2026-02-26T05:42:47.919635
17658,Unknown,United Kingdom,Promising,521.0405,35.2889,66861.62,0.6432598872954712,High Potential,90,12,2026-02-26T05:42:47.919635
17659,Unknown,United Kingdom,Loyal Customers,4.5417,18.6536,308.07,0.641895024902707,Low Potential,90,12,2026-02-26T05:42:47.919635
17663,Unknown,United Kingdom,Promising,6.1515,23.01,514.71,0.6367349066337685,Low Potential,90,12,2026-02-26T05:42:47.919635
17664,Unknown,United Kingdom,Recent Customers,1328.1584,14.1822,68495.3,0.6416224001351336,High Potential,90,12,2026-02-26T05:42:47.919635
17666,Unknown,United Kingdom,Promising,31.1095,40.4533,4576.3,0.6337126072892719,Medium Potential,90,12,2026-02-26T05:42:47.919635
17667,Unknown,United Kingdom,Loyal Customers,11.1602,17.6166,714.93,0.6432598872954712,Low Potential,90,12,2026-02-26T05:42:47.919635
17668,Unknown,United Kingdom,Need Attention,4.0374,23.1833,340.36,0.6370054547098494,Low Potential,90,12,2026-02-26T05:42:47.919635
17669,Unknown,United Kingdom,Recent Customers,6.222,49.6471,1123.29,0.6384684019923119,Low Potential,90,12,2026-02-26T05:42:47.919635
17671,Unknown,United Kingdom,Loyal Customers,5.6733,24.967,515.07,0.6432598872954712,Low Potential,90,12,2026-02-26T05:42:47.919635
17672,Unknown,United Kingdom,Recent Customers,2318.2223,28.7278,242172.46,0.6282445180282595,High Potential,90,12,2026-02-26T05:42:47.919635
17673,Unknown,United Kingdom,Loyal Customers,46.2343,7.0654,1187.87,0.6370054547098494,Low Potential,90,12,2026-02-26T05:42:47.919635
17674,Unknown,United Kingdom,About to Sleep,608.2185,27.3327,60451.83,0.6143621074320499,High Potential,90,12,2026-02-26T05:42:47.919635
17675,Unknown,United Kingdom,Champions,27.6536,32.3613,3254.21,0.6433692015763358,Medium Potential,90,12,2026-02-26T05:42:47.919635
17676,Unknown,United Kingdom,Loyal Customers,7.8816,17.2758,495.13,0.6435332078298328,Low Potential,90,12,2026-02-26T05:42:47.919635
17677,Unknown,United Kingdom,Champions,14.0807,54.0194,2765.93,0.6419495637552085,Medium Potential,90,12,2026-02-26T05:42:47.919635
17682,Unknown,United Kingdom,Recent Customers,5.9071,20.4673,439.65,0.6332820228945715,Low Potential,90,12,2026-02-26T05:42:47.919635
17685,Unknown,United Kingdom,Champions,6.7928,25.9844,641.84,0.6434785344338476,Low Potential,90,12,2026-02-26T05:42:47.919635
17686,Unknown,United Kingdom,Champions,39.9387,20.2934,2947.24,0.6417859610978717,Medium Potential,90,12,2026-02-26T05:42:47.919635
17690,Unknown,United Kingdom,Champions,13.3513,20.0635,974.09,0.6386311589448211,Low Potential,90,12,2026-02-26T05:42:47.919635
17691,Unknown,United Kingdom,At Risk,497.6333,15.8333,28651.55,0.6143621074320499,Medium Potential,90,12,2026-02-26T05:42:47.919635
17692,Unknown,United Kingdom,Need Attention,9.4098,16.2986,557.7,0.6347903495591322,Low Potential,90,12,2026-02-26T05:42:47.919635
17696,Unknown,United Kingdom,Loyal Customers,18.3409,18.6955,1246.88,0.6350600713947008,Low Potential,90,12,2026-02-26T05:42:47.919635
17700,Unknown,United Kingdom,Champions,25.0641,17.8918,1630.7,0.6399347090807783,Low Potential,90,12,2026-02-26T05:42:47.919635
17701,Unknown,United Kingdom,Need Attention,1350.4523,17.4146,85518.5,0.6252093976562161,High Potential,90,12,2026-02-26T05:42:47.919635
17702,Unknown,United Kingdom,Recent Customers,1092.0593,25.5579,101493.61,0.6386311589448211,High Potential,90,12,2026-02-26T05:42:47.919635
17703,Unknown,United Kingdom,Need Attention,1077.9553,16.1989,63497.05,0.6303832207085496,High Potential,90,12,2026-02-26T05:42:47.919635
17705,Unknown,United Kingdom,Loyal Customers,20.284,20.0462,1478.61,0.6414588808563683,Low Potential,90,12,2026-02-26T05:42:47.919635
17706,Unknown,United Kingdom,Champions,20.1122,23.3366,1706.73,0.6402066167499753,Low Potential,90,12,2026-02-26T05:42:47.919635
17707,Unknown,United Kingdom,About to Sleep,57.1506,30.48,6334.36,0.6350061178607801,Medium Potential,90,12,2026-02-26T05:42:47.919635
17708,Unknown,United Kingdom,At Risk,511.6961,17.3867,32351.66,0.6317236055340981,Medium Potential,90,12,2026-02-26T05:42:47.919635
17716,Unknown,United Kingdom,Champions,35.7872,22.4031,2915.43,0.6402610121462423,Medium Potential,90,12,2026-02-26T05:42:47.919635
17719,Unknown,United Kingdom,Champions,19.8721,21.5897,1560.12,0.6434785344338476,Low Potential,90,12,2026-02-26T05:42:47.919635
17720,Unknown,United Kingdom,At Risk,55.4337,102.0,20560.86,0.6159300234875151,Medium Potential,90,12,2026-02-26T05:42:47.919635
17722,Unknown,United Kingdom,Loyal Customers,20.0901,18.7129,1367.07,0.6302761128639838,Low Potential,90,12,2026-02-26T05:42:47.919635
17723,Unknown,United Kingdom,Recent Customers,1.6617,314.1857,1898.48,0.6383056865188711,Medium Potential,90,12,2026-02-26T05:42:47.919635
17725,Unknown,United Kingdom,About to Sleep,850.5114,20.886,64595.57,0.6300084228646686,High Potential,90,12,2026-02-26T05:42:47.919635
17728,Unknown,United Kingdom,Loyal Customers,250.6045,17.455,15906.55,0.6337126072892719,Medium Potential,90,12,2026-02-26T05:42:47.919635
17730,Unknown,United Kingdom,Champions,37.25,24.0037,3251.41,0.6419495637552085,Medium Potential,90,12,2026-02-26T05:42:47.919635
17731,Unknown,United Kingdom,Recent Customers,11.9956,18.9021,824.52,0.6383599204018852,Low Potential,90,12,2026-02-26T05:42:47.919635
17732,Unknown,United Kingdom,About to Sleep,985.171,16.8872,60497.38,0.6081302547245364,High Potential,90,12,2026-02-26T05:42:47.919635
17733,Unknown,United Kingdom,Need Attention,1294.9534,20.6626,97298.56,0.6255813405155674,High Potential,90,12,2026-02-26T05:42:47.919635
17735,Unknown,United Kingdom,Loyal Customers,53.3489,19.6112,3804.49,0.6367349066337685,Medium Potential,90,12,2026-02-26T05:42:47.919635
17737,Unknown,United Kingdom,Need Attention,347.5079,14.565,18405.28,0.6435332078298328,Medium Potential,90,12,2026-02-26T05:42:47.919635
17738,Unknown,United Kingdom,Recent Customers,2312.9104,19.0224,159989.48,0.6268049971255752,High Potential,90,12,2026-02-26T05:42:47.919635
17739,Unknown,United Kingdom,Potential Loyalists,5.254,46.3196,884.96,0.6397172660964349,Low Potential,90,12,2026-02-26T05:42:47.919635
17742,Unknown,United Kingdom,Promising,750.4431,23.2746,63513.68,0.641404383691382,High Potential,90,12,2026-02-26T05:42:47.919635
17744,Unknown,United Kingdom,Recent Customers,34.7908,16.5728,2096.66,0.6337126072892719,Medium Potential,90,12,2026-02-26T05:42:47.919635
17750,Unknown,United Kingdom,Recent Customers,23.7939,10.9236,945.15,0.6304367814562728,Low Potential,90,12,2026-02-26T05:42:47.919635
17754,Unknown,United Kingdom,Loyal Customers,12.6838,22.9887,1060.31,0.6386854204817225,Low Potential,90,12,2026-02-26T05:42:47.919635
17757,Unknown,United Kingdom,Champions,30.0459,7.266,793.87,0.6400434582875998,Low Potential,90,12,2026-02-26T05:42:47.919635
17758,Unknown,United Kingdom,Loyal Customers,34.7747,7.1643,905.95,0.6400434582875998,Low Potential,90,12,2026-02-26T05:42:47.919635
17760,Unknown,United Kingdom,At Risk,491.2898,19.1711,34249.33,0.6065306597126334,Medium Potential,90,12,2026-02-26T05:42:47.919635
17761,Unknown,United Kingdom,Recent Customers,1086.3218,37.5147,148192.86,0.6352759313761016,High Potential,90,12,2026-02-26T05:42:47.919635
17764,Unknown,United Kingdom,Recent Customers,984.1876,13.5688,48560.89,0.6432598872954712,High Potential,90,12,2026-02-26T05:42:47.919635
17765,Unknown,United Kingdom,At Risk,680.5825,8.5567,21176.51,0.6301690232180153,Medium Potential,90,12,2026-02-26T05:42:47.919635
17768,Unknown,United Kingdom,Potential Loyalists,27.7543,20.7681,2096.01,0.6336587682334197,Medium Potential,90,12,2026-02-26T05:42:47.919635
17769,Unknown,United Kingdom,Champions,44.4111,11.2057,1809.66,0.641895024902707,Low Potential,90,12,2026-02-26T05:42:47.919635
17770,Unknown,United Kingdom,Potential Loyalists,6.5096,31.1958,738.44,0.6416224001351336,Low Potential,90,12,2026-02-26T05:42:47.919635
17774,Unknown,United Kingdom,Potential Loyalists,61.6246,8.6514,1938.69,0.6347903495591322,Medium Potential,90,12,2026-02-26T05:42:47.919635
17781,Unknown,United Kingdom,At Risk,565.6603,8.602,17693.85,0.6285114585460324,Medium Potential,90,12,2026-02-26T05:42:47.919635
17783,Unknown,United Kingdom,Need Attention,1709.8615,3.747,23297.64,0.6332820228945715,Medium Potential,90,12,2026-02-26T05:42:47.919635
17787,Unknown,United Kingdom,Champions,8.5302,15.3915,477.43,0.6400434582875998,Low Potential,90,12,2026-02-26T05:42:47.919635
17788,Unknown,United Kingdom,At Risk,169.3093,5.5667,3427.25,0.6270713259922407,Medium Potential,90,12,2026-02-26T05:42:47.919635
17789,Unknown,United Kingdom,About to Sleep,791.6554,16.1357,46450.6,0.6282978970603043,High Potential,90,12,2026-02-26T05:42:47.919635
17790,Unknown,United Kingdom,Champions,13.8913,9.7633,493.18,0.6433692015763358,Low Potential,90,12,2026-02-26T05:42:47.919635
17791,Unknown,United Kingdom,Need Attention,576.2349,10.61,22232.19,0.6402610121462423,Medium Potential,90,12,2026-02-26T05:42:47.919635
17796,Unknown,United Kingdom,Recent Customers,6.2605,7.3856,168.14,0.6380887970590081,Low Potential,90,12,2026-02-26T05:42:47.919635
17797,Unknown,United Kingdom,Recent Customers,2534.3568,6.1911,57056.21,0.6399890813743078,High Potential,90,12,2026-02-26T05:42:47.919635
17799,Unknown,United Kingdom,Potential Loyalists,14.2904,6.7354,350.01,0.6415678890778506,Low Potential,90,12,2026-02-26T05:42:47.919635
17800,Unknown,United Kingdom,Loyal Customers,14.2416,11.4838,594.72,0.6415133826517266,Low Potential,90,12,2026-02-26T05:42:47.919635
17802,Unknown,United Kingdom,Loyal Customers,6.5595,8.4323,201.13,0.64331454211402,Low Potential,90,12,2026-02-26T05:42:47.919635
17809,Unknown,United Kingdom,Loyal Customers,3.0662,87.1403,971.6,0.6414588808563683,Low Potential,90,12,2026-02-26T05:42:47.919635
17811,Unknown,United Kingdom,Champions,54.8471,8.7893,1752.97,0.6434785344338476,Low Potential,90,12,2026-02-26T05:42:47.919635
17812,Unknown,United Kingdom,Need Attention,10.5732,5.328,204.85,0.6255813405155674,Low Potential,90,12,2026-02-26T05:42:47.919635
17813,Unknown,United Kingdom,Potential Loyalists,93.5201,4.6659,1586.75,0.6336049337516346,Low Potential,90,12,2026-02-26T05:42:47.919635
17816,Unknown,United Kingdom,About to Sleep,3.7916,1.9662,27.11,0.63193833143466,Low Potential,90,12,2026-02-26T05:42:47.919635
17817,Unknown,United Kingdom,Promising,35.1606,11.8384,1513.62,0.6348442847602177,Low Potential,90,12,2026-02-26T05:42:47.919635
17819,Unknown,United Kingdom,Potential Loyalists,2.0104,78.9785,577.38,0.6399890813743078,Low Potential,90,12,2026-02-26T05:42:47.919635
17827,Unknown,United Kingdom,Champions,31.2516,9.2886,1055.58,0.6415678890778506,Low Potential,90,12,2026-02-26T05:42:47.919635
17828,Unknown,Malta,Potential Loyalists,2521.256,18.9355,173604.52,0.6366808108089309,High Potential,90,12,2026-02-26T05:42:47.919635
17830,Unknown,United Kingdom,About to Sleep,401.3134,15.8643,23151.11,0.6370054547098494,Medium Potential,90,12,2026-02-26T05:42:47.919635
17831,Unknown,United Kingdom,At Risk,114.0586,17.7,7341.23,0.6336587682334197,Medium Potential,90,12,2026-02-26T05:42:47.919635
17835,Unknown,United Kingdom,Need Attention,1086.4141,6.0074,23732.81,0.6353299078348292,Medium Potential,90,12,2026-02-26T05:42:47.919635
17837,Unknown,United Kingdom,Loyal Customers,19.4662,8.7185,617.15,0.641895024902707,Low Potential,90,12,2026-02-26T05:42:47.919635
17838,Unknown,United Kingdom,Champions,6.004,22.3448,487.85,0.641840490683726,Low Potential,90,12,2026-02-26T05:42:47.919635
17841,Unknown,United Kingdom,Champions,267.7357,5.2095,5071.89,0.6435332078298328,Medium Potential,90,12,2026-02-26T05:42:47.919635
17843,Unknown,United Kingdom,Promising,2067.5834,5.5744,41911.04,0.6381430125139277,High Potential,90,12,2026-02-26T05:42:47.919635
17848,Unknown,United Kingdom,Need Attention,15.8019,21.6194,1242.28,0.6300084228646686,Low Potential,90,12,2026-02-26T05:42:47.919635
17849,Unknown,United Kingdom,Recent Customers,7.3417,23.9132,638.41,0.6397172660964349,Low Potential,90,12,2026-02-26T05:42:47.919635
17850,Unknown,United Kingdom,Recent Customers,72.3871,18.498,4869.15,0.6081302547245364,Medium Potential,90,12,2026-02-26T05:42:47.919635
17854,Unknown,United Kingdom,Need Attention,171.4517,66.5,41460.14,0.6350061178607801,High Potential,90,12,2026-02-26T05:42:47.919635
17855,Unknown,United Kingdom,About to Sleep,930.4393,12.2924,41590.3,0.6081302547245364,High Potential,90,12,2026-02-26T05:42:47.919635
17856,Unknown,United Kingdom,Recent Customers,3.8928,68.9282,975.72,0.6370054547098494,Low Potential,90,12,2026-02-26T05:42:47.919635
17857,Unknown,United Kingdom,Loyal Customers,3.8325,523.8457,7300.5,0.6417859610978717,Medium Potential,90,12,2026-02-26T05:42:47.919635
17858,Unknown,United Kingdom,Champions,8.7618,18.9272,603.04,0.6434238656828135,Low Potential,90,12,2026-02-26T05:42:47.919635
17859,Unknown,United Kingdom,Need Attention,1317.4815,6.1704,29561.41,0.6364644734644926,Medium Potential,90,12,2026-02-26T05:42:47.919635
17860,Unknown,United Kingdom,Need Attention,2709.3369,4.3531,42887.33,0.6143621074320499,High Potential,90,12,2026-02-26T05:42:47.919635
17861,Unknown,United Kingdom,Loyal Customers,70.4287,8.0794,2069.17,0.6402610121462423,Medium Potential,90,12,2026-02-26T05:42:47.919635
17863,Unknown,United Kingdom,Champions,9.3996,21.6112,738.68,0.641895024902707,Low Potential,90,12,2026-02-26T05:42:47.919635
17864,Unknown,United Kingdom,Loyal Customers,60.3522,5.5401,1215.84,0.641840490683726,Low Potential,90,12,2026-02-26T05:42:47.919635
17865,Unknown,United Kingdom,Champions,16.2923,28.63,1696.18,0.6434785344338476,Low Potential,90,12,2026-02-26T05:42:47.919635
17867,Unknown,United Kingdom,Recent Customers,3103.7474,2.7646,31202.25,0.6386311589448211,Medium Potential,90,12,2026-02-26T05:42:47.919635
17869,Unknown,United Kingdom,Promising,3.8289,11.1057,154.63,0.636626719579975,Low Potential,90,12,2026-02-26T05:42:47.919635
17870,Unknown,United Kingdom,Loyal Customers,13.8915,9.6771,488.83,0.6385226497005074,Low Potential,90,12,2026-02-26T05:42:47.919635
17873,Unknown,United Kingdom,Recent Customers,2.6092,41.4104,392.9,0.6366808108089309,Low Potential,90,12,2026-02-26T05:42:47.919635
17874,Unknown,United Kingdom,About to Sleep,342.9033,20.46,25512.01,0.6350061178607801,Medium Potential,90,12,2026-02-26T05:42:47.919635
17880,Unknown,United Kingdom,Need Attention,1452.5861,17.6508,93233.84,0.6207632947704186,High Potential,90,12,2026-02-26T05:42:47.919635
17881,Unknown,United Kingdom,About to Sleep,458.2544,16.6688,27776.55,0.6364644734644926,Medium Potential,90,12,2026-02-26T05:42:47.919635
17883,Unknown,United Kingdom,Promising,163.6306,4.73,2814.45,0.6348982245439281,Medium Potential,90,12,2026-02-26T05:42:47.919635
17884,Unknown,United Kingdom,Potential Loyalists,13.8529,6.1862,311.62,0.6337126072892719,Low Potential,90,12,2026-02-26T05:42:47.919635
17886,Unknown,United Kingdom,Potential Loyalists,31.5513,9.9917,1146.37,0.6369513358997455,Low Potential,90,12,2026-02-26T05:42:47.919635
17887,Unknown,United Kingdom,At Risk,564.3642,11.135,22851.62,0.6270713259922407,Medium Potential,90,12,2026-02-26T05:42:47.919635
17888,Unknown,United Kingdom,Loyal Customers,7.5271,10.5055,287.55,0.641895024902707,Low Potential,90,12,2026-02-26T05:42:47.919635
17889,Unknown,United Kingdom,Need Attention,519.7141,11.3356,21422.8,0.6416224001351336,Medium Potential,90,12,2026-02-26T05:42:47.919635
17892,Unknown,United Kingdom,Need Attention,1486.0406,5.4654,29533.84,0.6350600713947008,Medium Potential,90,12,2026-02-26T05:42:47.919635
17894,Unknown,United Kingdom,Need Attention,6.3815,8.7285,202.55,0.6302761128639838,Low Potential,90,12,2026-02-26T05:42:47.919635
17897,Unknown,United Kingdom,Promising,19.9071,6.1103,442.32,0.6159300234875151,Low Potential,90,12,2026-02-26T05:42:47.919635
17899,Unknown,United Kingdom,About to Sleep,1640.4149,5.1155,30514.7,0.6285114585460324,Medium Potential,90,12,2026-02-26T05:42:47.919635
17900,Unknown,United Kingdom,At Risk,225.7073,19.95,16374.04,0.6269647808687197,Medium Potential,90,12,2026-02-26T05:42:47.919635
17901,Unknown,United Kingdom,Need Attention,1094.8463,5.8095,23129.13,0.6402610121462423,Medium Potential,90,12,2026-02-26T05:42:47.919635
17905,Unknown,United Kingdom,Promising,3.0123,15.7533,172.56,0.6334434577467953,Low Potential,90,12,2026-02-26T05:42:47.919635
17906,Unknown,United Kingdom,About to Sleep,683.9446,6.075,15108.96,0.6332820228945715,Medium Potential,90,12,2026-02-26T05:42:47.919635
17908,Unknown,United Kingdom,Need Attention,2783.9757,3.9702,40192.51,0.6065306597126334,Medium Potential,90,12,2026-02-26T05:42:47.919635
17912,Unknown,United Kingdom,At Risk,7.9869,7.2438,210.38,0.6267517449275591,Low Potential,90,12,2026-02-26T05:42:47.919635
17913,Unknown,United Kingdom,Recent Customers,1447.9497,6.262,32971.13,0.6435332078298328,Medium Potential,90,12,2026-02-26T05:42:47.919635
17914,Unknown,United Kingdom,Promising,4106.4577,4.3897,65549.52,0.6337126072892719,High Potential,90,12,2026-02-26T05:42:47.919635
17917,Unknown,United Kingdom,About to Sleep,1572.4519,3.8271,21883.38,0.623988855995589,Medium Potential,90,12,2026-02-26T05:42:47.919635
17919,Unknown,United Kingdom,Loyal Customers,1332.0006,56.6974,274621.71,0.6434785344338476,High Potential,90,12,2026-02-26T05:42:47.919635
17920,Unknown,United Kingdom,Loyal Customers,36.3216,5.0827,671.32,0.6336587682334197,Low Potential,90,12,2026-02-26T05:42:47.919635
17921,Unknown,United Kingdom,Promising,2338.0022,5.482,46607.01,0.6336049337516346,High Potential,90,12,2026-02-26T05:42:47.919635
17923,Unknown,United Kingdom,At Risk,56.4124,207.5,42565.72,0.6268049971255752,High Potential,90,12,2026-02-26T05:42:47.919635
17924,Unknown,United Kingdom,Potential Loyalists,1.7521,103.836,661.57,0.6414588808563683,Low Potential,90,12,2026-02-26T05:42:47.919635
17925,Unknown,United Kingdom,At Risk,54.7317,244.08,48577.87,0.6081302547245364,High Potential,90,12,2026-02-26T05:42:47.919635
17928,Unknown,United Kingdom,About to Sleep,971.3943,4.6035,16261.14,0.6348982245439281,Medium Potential,90,12,2026-02-26T05:42:47.919635
17929,Unknown,United Kingdom,At Risk,113.3822,98.1,40446.52,0.6299013787016665,Medium Potential,90,12,2026-02-26T05:42:47.919635
17930,Unknown,United Kingdom,Promising,13.3057,53.5629,2591.61,0.6336049337516346,Medium Potential,90,12,2026-02-26T05:42:47.919635
17932,Unknown,United Kingdom,Loyal Customers,71.5773,14.501,3774.34,0.6432598872954712,Medium Potential,90,12,2026-02-26T05:42:47.919635
17934,Unknown,United Kingdom,Potential Loyalists,1100.4418,33.6026,134464.38,0.6435332078298328,High Potential,90,12,2026-02-26T05:42:47.919635
17936,Unknown,United Kingdom,Recent Customers,3858.2731,5.1753,72609.89,0.6304367814562728,High Potential,90,12,2026-02-26T05:42:47.919635
17937,Unknown,United Kingdom,Potential Loyalists,5.4483,90.4461,1791.92,0.6369513358997455,Low Potential,90,12,2026-02-26T05:42:47.919635
17939,Unknown,United Kingdom,At Risk,678.7924,8.2617,20392.65,0.6285114585460324,Medium Potential,90,12,2026-02-26T05:42:47.919635
17940,Unknown,United Kingdom,Potential Loyalists,3.8755,252.6814,3560.97,0.6397716199148393,Medium Potential,90,12,2026-02-26T05:42:47.919635
17941,Unknown,United Kingdom,At Risk,112.5759,152.28,62338.39,0.6254219093460998,High Potential,90,12,2026-02-26T05:42:47.919635
17942,Unknown,United Kingdom,At Risk,112.9112,38.75,15910.21,0.6272844705605466,Medium Potential,90,12,2026-02-26T05:42:47.919635
17947,Unknown,United Kingdom,At Risk,508.0573,19.6311,36268.09,0.6272311776273506,Medium Potential,90,12,2026-02-26T05:42:47.919635
17949,Unknown,United Kingdom,Loyal Customers,2.1885,548.9983,4369.03,0.6433692015763358,Medium Potential,90,12,2026-02-26T05:42:47.919635
17950,Unknown,United Kingdom,Need Attention,2006.1532,6.5175,47545.83,0.6191830751035756,High Potential,90,12,2026-02-26T05:42:47.919635
17951,Unknown,United Kingdom,At Risk,272.9388,59.1,58657.03,0.6065306597126334,High Potential,90,12,2026-02-26T05:42:47.919635
17954,Unknown,United Kingdom,Loyal Customers,26.4255,4.77,458.36,0.6367890070548783,Low Potential,90,12,2026-02-26T05:42:47.919635
17955,Unknown,United Kingdom,Need Attention,34.1102,21.8944,2715.72,0.6316699354601715,Medium Potential,90,12,2026-02-26T05:42:47.919635
17956,Unknown,United Kingdom,At Risk,56.7008,12.75,2628.86,0.6300084228646686,Medium Potential,90,12,2026-02-26T05:42:47.919635
17957,Unknown,United Kingdom,Need Attention,1758.6198,3.6026,23038.56,0.6303296645112487,Medium Potential,90,12,2026-02-26T05:42:47.919635
17961,Unknown,United Kingdom,Potential Loyalists,6.1832,4.1092,92.39,0.6434785344338476,Low Potential,90,12,2026-02-26T05:42:47.919635
17964,Unknown,United Kingdom,Potential Loyalists,9.2562,4.8099,161.9,0.6369513358997455,Low Potential,90,12,2026-02-26T05:42:47.919635
17965,Unknown,United Kingdom,Champions,23.4348,8.3052,707.75,0.643041314451059,Low Potential,90,12,2026-02-26T05:42:47.919635
17966,Unknown,United Kingdom,Loyal Customers,13.3118,15.3456,742.83,0.6417314361447506,Low Potential,90,12,2026-02-26T05:42:47.919635
17967,Unknown,United Kingdom,Need Attention,2249.3453,2.6322,21529.92,0.6095786758790397,Medium Potential,90,12,2026-02-26T05:42:47.919635
17968,Unknown,United Kingdom,Need Attention,4039.4942,3.2027,47044.68,0.6065306597126334,High Potential,90,12,2026-02-26T05:42:47.919635
17970,Unknown,United Kingdom,Potential Loyalists,1563.1215,19.7996,112542.47,0.6432598872954712,High Potential,90,12,2026-02-26T05:42:47.919635
17972,Unknown,United Kingdom,Recent Customers,1736.6541,4.5063,28457.76,0.6432052371202953,Medium Potential,90,12,2026-02-26T05:42:47.919635
17974,Unknown,United Kingdom,At Risk,1020.7004,8.84,32810.88,0.630061951767552,Medium Potential,90,12,2026-02-26T05:42:47.919635
17975,Unknown,United Kingdom,Loyal Customers,21.1804,12.7846,984.67,0.6352219595031147,Low Potential,90,12,2026-02-26T05:42:47.919635
17976,Unknown,United Kingdom,Need Attention,3064.9765,5.5945,62352.77,0.6081302547245364,High Potential,90,12,2026-02-26T05:42:47.919635
17977,Unknown,United Kingdom,Promising,1094.8463,14.0237,55831.99,0.6402610121462423,High Potential,90,12,2026-02-26T05:42:47.919635
17978,Unknown,United Kingdom,About to Sleep,668.7177,25.0767,60979.03,0.6191830751035756,High Potential,90,12,2026-02-26T05:42:47.919635
17979,Unknown,United Kingdom,Need Attention,2212.6451,4.3282,34824.62,0.6303832207085496,Medium Potential,90,12,2026-02-26T05:42:47.919635
17987,Unknown,United Kingdom,Need Attention,742.9572,15.2746,41266.81,0.6350061178607801,High Potential,90,12,2026-02-26T05:42:47.919635
17988,Unknown,United Kingdom,At Risk,225.1328,3.3425,2736.39,0.6253687746526738,Medium Potential,90,12,2026-02-26T05:42:47.919635
17994,Unknown,United Kingdom,Recent Customers,8.3503,10.4183,316.35,0.6415133826517266,Low Potential,90,12,2026-02-26T05:42:47.919635
17995,Unknown,United Kingdom,At Risk,113.0936,38.05,15648.04,0.6282978970603043,Medium Potential,90,12,2026-02-26T05:42:47.919635
17997,Unknown,United Kingdom,Loyal Customers,26.1618,11.5945,1103.03,0.6400434582875998,Low Potential,90,12,2026-02-26T05:42:47.919635
17999,Unknown,United Kingdom,Recent Customers,27.1457,4.2618,420.69,0.6272311776273506,Low Potential,90,12,2026-02-26T05:42:47.919635
18004,Unknown,United Kingdom,About to Sleep,1797.0879,4.36,28492.01,0.623988855995589,Medium Potential,90,12,2026-02-26T05:42:47.919635
18005,Unknown,United Kingdom,Need Attention,1768.0582,2.9242,18800.57,0.6337126072892719,Medium Potential,90,12,2026-02-26T05:42:47.919635
18008,Unknown,United Kingdom,Need Attention,57.7411,162.5,34119.74,0.6415678890778506,Medium Potential,90,12,2026-02-26T05:42:47.919635
18011,Unknown,United Kingdom,About to Sleep,1528.4573,3.6711,20404.07,0.6065306597126334,Medium Potential,90,12,2026-02-26T05:42:47.919635
18013,Unknown,United Kingdom,Need Attention,1771.8176,6.0416,38925.87,0.6350600713947008,Medium Potential,90,12,2026-02-26T05:42:47.919635
18014,Unknown,United Kingdom,Recent Customers,1675.4884,5.5059,33545.71,0.6419495637552085,Medium Potential,90,12,2026-02-26T05:42:47.919635
18015,Unknown,United Kingdom,Need Attention,2616.6693,2.6093,24827.91,0.6320457217532791,Medium Potential,90,12,2026-02-26T05:42:47.919635
18016,Unknown,United Kingdom,Potential Loyalists,11.3509,12.7946,528.11,0.6352759313761016,Low Potential,90,12,2026-02-26T05:42:47.919635
18017,Unknown,United Kingdom,At Risk,56.4077,165.0,33844.62,0.6267517449275591,Medium Potential,90,12,2026-02-26T05:42:47.919635
18022,Unknown,United Kingdom,Recent Customers,7999.5631,3.7504,109096.59,0.6303832207085496,High Potential,90,12,2026-02-26T05:42:47.919635
18024,Unknown,United Kingdom,Recent Customers,1209.6821,18.561,81646.94,0.6400434582875998,High Potential,90,12,2026-02-26T05:42:47.919635
18027,Unknown,United Kingdom,At Risk,1185.2655,5.491,23666.52,0.6271246053435824,Medium Potential,90,12,2026-02-26T05:42:47.919635
18030,Unknown,United Kingdom,At Risk,284.4206,21.91,22660.56,0.6320457217532791,Medium Potential,90,12,2026-02-26T05:42:47.919635
18032,Unknown,United Kingdom,About to Sleep,287.14,14.7,15348.94,0.6380887970590081,Medium Potential,90,12,2026-02-26T05:42:47.919635
18033,Unknown,United Kingdom,Need Attention,1819.9824,2.8803,19062.16,0.63193833143466,Medium Potential,90,12,2026-02-26T05:42:47.919635
18035,Unknown,United Kingdom,Need Attention,1248.1588,9.7323,44172.57,0.6303832207085496,High Potential,90,12,2026-02-26T05:42:47.919635
18036,Unknown,United Kingdom,Recent Customers,171.8746,3.5588,2224.24,0.6365726329465102,Medium Potential,90,12,2026-02-26T05:42:47.919635
18037,Unknown,United Kingdom,About to Sleep,1.9263,5.0625,35.46,0.6367349066337685,Low Potential,90,12,2026-02-26T05:42:47.919635
18040,Unknown,United Kingdom,Need Attention,687.4984,19.9167,49791.63,0.6365726329465102,High Potential,90,12,2026-02-26T05:42:47.919635
18041,Unknown,United Kingdom,Champions,17.5662,10.3856,663.4,0.6399347090807783,Low Potential,90,12,2026-02-26T05:42:47.919635
18043,Unknown,United Kingdom,Need Attention,3279.2139,4.7103,56167.57,0.6175544073129242,High Potential,90,12,2026-02-26T05:42:47.919635
18044,Unknown,United Kingdom,Recent Customers,19.4023,16.9857,1198.41,0.6320457217532791,Low Potential,90,12,2026-02-26T05:42:47.919635
18055,Unknown,United Kingdom,Potential Loyalists,23.194,20.4186,1722.14,0.6285648602587788,Low Potential,90,12,2026-02-26T05:42:47.919635
18059,Unknown,United Kingdom,At Risk,339.4827,20.68,25529.1,0.6286716772965468,Medium Potential,90,12,2026-02-26T05:42:47.919635
18061,Unknown,United Kingdom,Loyal Customers,3.0667,50.5796,564.05,0.6417314361447506,Low Potential,90,12,2026-02-26T05:42:47.919635
18062,Unknown,United Kingdom,Need Attention,12.9502,24.296,1144.14,0.6331206291844751,Low Potential,90,12,2026-02-26T05:42:47.919635
18065,Unknown,United Kingdom,Loyal Customers,14.1448,17.4686,898.51,0.6383599204018852,Low Potential,90,12,2026-02-26T05:42:47.919635
18069,Unknown,United Kingdom,Champions,3725.7407,5.5513,75209.83,0.6434785344338476,High Potential,90,12,2026-02-26T05:42:47.919635
18071,Unknown,United Kingdom,About to Sleep,780.1707,18.4964,52474.0,0.6191830751035756,High Potential,90,12,2026-02-26T05:42:47.919635
18072,Unknown,United Kingdom,Need Attention,1028.7099,13.7467,51423.15,0.6350061178607801,High Potential,90,12,2026-02-26T05:42:47.919635
18073,Unknown,United Kingdom,Potential Loyalists,10.8643,59.0009,2330.92,0.6350600713947008,Medium Potential,90,12,2026-02-26T05:42:47.919635
18074,Unknown,United Kingdom,Need Attention,709.6409,37.6615,97185.97,0.6065306597126334,High Potential,90,12,2026-02-26T05:42:47.919635
18075,Unknown,United Kingdom,Potential Loyalists,5.9442,19.8591,429.26,0.641895024902707,Low Potential,90,12,2026-02-26T05:42:47.919635
18077,Unknown,United Kingdom,Champions,10.7106,11.9817,466.66,0.6417859610978717,Low Potential,90,12,2026-02-26T05:42:47.919635
18078,Unknown,United Kingdom,At Risk,456.0018,17.2738,28643.21,0.6333358299401141,Medium Potential,90,12,2026-02-26T05:42:47.919635
18079,Unknown,United Kingdom,Recent Customers,2274.5915,14.8338,122693.95,0.6318309593626331,High Potential,90,12,2026-02-26T05:42:47.919635
18080,Unknown,United Kingdom,Recent Customers,57.7411,841.5,176687.77,0.6415678890778506,High Potential,90,12,2026-02-26T05:42:47.919635
18081,Unknown,United Kingdom,At Risk,396.0968,19.3429,27860.58,0.6287250926223397,Medium Potential,90,12,2026-02-26T05:42:47.919635
18085,Unknown,United Kingdom,At Risk,491.2898,33.7667,60324.49,0.6065306597126334,High Potential,90,12,2026-02-26T05:42:47.919635
18086,Unknown,United Kingdom,Need Attention,403.0904,14.4771,21220.29,0.6398259783514365,Medium Potential,90,12,2026-02-26T05:42:47.919635
18087,Unknown,United Kingdom,Need Attention,56.4412,852.8,175029.29,0.6271246053435824,High Potential,90,12,2026-02-26T05:42:47.919635
18088,Unknown,United Kingdom,Promising,2011.5172,4.6909,34312.09,0.63857690201788,Medium Potential,90,12,2026-02-26T05:42:47.919635
18092,Unknown,United Kingdom,Champions,7.1745,93.8161,2447.58,0.6434238656828135,Medium Potential,90,12,2026-02-26T05:42:47.919635
18093,Unknown,United Kingdom,Loyal Customers,15.1504,57.56,3171.12,0.6417859610978717,Medium Potential,90,12,2026-02-26T05:42:47.919635
18094,Unknown,United Kingdom,Need Attention,170.5509,211.0,130859.05,0.6316699354601715,High Potential,90,12,2026-02-26T05:42:47.919635
18095,Unknown,United Kingdom,Recent Customers,923.6223,23.4219,78665.42,0.641404383691382,High Potential,90,12,2026-02-26T05:42:47.919635
18096,Unknown,United Kingdom,Promising,2286.7991,3.3015,27454.06,0.6352219595031147,Medium Potential,90,12,2026-02-26T05:42:47.919635
18097,Unknown,United Kingdom,Potential Loyalists,34.7879,29.0577,3675.84,0.6318309593626331,Medium Potential,90,12,2026-02-26T05:42:47.919635
18099,Unknown,United Kingdom,About to Sleep,1077.6806,8.8584,34714.64,0.6302225657663681,Medium Potential,90,12,2026-02-26T05:42:47.919635
18102,Unknown,United Kingdom,Champions,21.0003,657.2356,50189.62,0.6386854204817225,High Potential,90,12,2026-02-26T05:42:47.919635
18104,Unknown,United Kingdom,Promising,2145.1306,19.8589,154908.85,0.6272311776273506,High Potential,90,12,2026-02-26T05:42:47.919635
18105,Unknown,United Kingdom,At Risk,1016.1145,6.3044,23294.52,0.6272311776273506,Medium Potential,90,12,2026-02-26T05:42:47.919635
18109,Unknown,United Kingdom,Champions,22.937,19.9458,1663.62,0.64331454211402,Low Potential,90,12,2026-02-26T05:42:47.919635
18113,Unknown,United Kingdom,At Risk,55.2926,76.32,15345.2,0.6143621074320499,Medium Potential,90,12,2026-02-26T05:42:47.919635
18116,Unknown,United Kingdom,Recent Customers,60.7575,3.1149,688.19,0.6286716772965468,Low Potential,90,12,2026-02-26T05:42:47.919635
18118,Unknown,United Kingdom,Champions,55.8777,4.4312,900.38,0.6419495637552085,Low Potential,90,12,2026-02-26T05:42:47.919635
18119,Unknown,United Kingdom,About to Sleep,1607.5774,6.231,36424.78,0.6159300234875151,Medium Potential,90,12,2026-02-26T05:42:47.919635
18120,Unknown,United Kingdom,Need Attention,976.6077,6.5382,23219.11,0.6383056865188711,Medium Potential,90,12,2026-02-26T05:42:47.919635
18121,Unknown,United Kingdom,Recent Customers,1604.572,22.2339,129730.52,0.6367349066337685,High Potential,90,12,2026-02-26T05:42:47.919635
18122,Unknown,United Kingdom,Champions,23.7597,5.1193,442.3,0.6433692015763358,Low Potential,90,12,2026-02-26T05:42:47.919635
18123,Unknown,United Kingdom,Need Attention,745.2331,23.7292,64304.67,0.6369513358997455,High Potential,90,12,2026-02-26T05:42:47.919635
18125,Unknown,United Kingdom,Recent Customers,1382.9638,8.2438,41457.73,0.6402610121462423,High Potential,90,12,2026-02-26T05:42:47.919635
18126,Unknown,United Kingdom,Recent Customers,2996.167,3.8638,42096.69,0.6402066167499753,High Potential,90,12,2026-02-26T05:42:47.919635
18129,Unknown,United Kingdom,Need Attention,748.66,7.9769,21716.31,0.6398803414066186,Medium Potential,90,12,2026-02-26T05:42:47.919635
18130,Unknown,United Kingdom,Potential Loyalists,1791.0393,14.7068,95783.48,0.6419495637552085,High Potential,90,12,2026-02-26T05:42:47.919635
18133,Unknown,United Kingdom,Recent Customers,57.746,931.5,195601.45,0.6416224001351336,High Potential,90,12,2026-02-26T05:42:47.919635
18135,Unknown,United Kingdom,Recent Customers,3.1661,37.1073,427.22,0.6402610121462423,Low Potential,90,12,2026-02-26T05:42:47.919635
18136,Unknown,United Kingdom,Recent Customers,7.8234,24.767,704.59,0.6432598872954712,Low Potential,90,12,2026-02-26T05:42:47.919635
18142,Unknown,United Kingdom,Recent Customers,9.5494,67.968,2360.19,0.636626719579975,Medium Potential,90,12,2026-02-26T05:42:47.919635
18144,Unknown,United Kingdom,Recent Customers,1.3084,80.19,381.53,0.6416224001351336,Low Potential,90,12,2026-02-26T05:42:47.919635
18146,Unknown,United Kingdom,At Risk,226.2257,19.1625,15763.82,0.6284046687308877,Medium Potential,90,12,2026-02-26T05:42:47.919635
18149,Unknown,United Kingdom,Recent Customers,8.9812,39.2629,1282.28,0.6415133826517266,Low Potential,90,12,2026-02-26T05:42:47.919635
18150,Unknown,United Kingdom,Need Attention,628.9232,13.9364,31872.46,0.6352759313761016,Medium Potential,90,12,2026-02-26T05:42:47.919635
18154,Unknown,United Kingdom,At Risk,570.3413,17.87,37061.81,0.6337126072892719,Medium Potential,90,12,2026-02-26T05:42:47.919635
18156,Unknown,United Kingdom,Need Attention,2757.3575,3.7376,37476.0,0.6127461204705137,Medium Potential,90,12,2026-02-26T05:42:47.919635
18158,Unknown,United Kingdom,Recent Customers,1389.9136,14.325,72401.86,0.6434785344338476,High Potential,90,12,2026-02-26T05:42:47.919635
18159,Unknown,United Kingdom,Recent Customers,1327.8199,23.05,111295.45,0.6414588808563683,High Potential,90,12,2026-02-26T05:42:47.919635
18161,Unknown,United Kingdom,Promising,11.6228,19.6944,832.38,0.6336049337516346,Low Potential,90,12,2026-02-26T05:42:47.919635
18164,Unknown,United Kingdom,Need Attention,1354.8193,16.6521,82038.5,0.6272311776273506,High Potential,90,12,2026-02-26T05:42:47.919635
18167,Unknown,United Kingdom,Need Attention,510.6104,43.4,80583.6,0.6303832207085496,High Potential,90,12,2026-02-26T05:42:47.919635
18168,Unknown,United Kingdom,Potential Loyalists,4.9188,8.5833,153.53,0.6397716199148393,Low Potential,90,12,2026-02-26T05:42:47.919635
18169,Unknown,United Kingdom,Need Attention,518.5674,22.5167,42459.73,0.6402066167499753,High Potential,90,12,2026-02-26T05:42:47.919635
18170,Unknown,United Kingdom,Need Attention,180.5927,33.1058,21740.6,0.6336587682334197,Medium Potential,90,12,2026-02-26T05:42:47.919635
18171,Unknown,United Kingdom,Loyal Customers,5.5325,24.6044,495.0,0.6435332078298328,Low Potential,90,12,2026-02-26T05:42:47.919635
18172,Unknown,United Kingdom,Champions,13.8593,43.0759,2170.92,0.6432598872954712,Medium Potential,90,12,2026-02-26T05:42:47.919635
18173,Unknown,United Kingdom,Recent Customers,806.1807,60.9629,178716.78,0.6398259783514365,High Potential,90,12,2026-02-26T05:42:47.919635
18174,Unknown,United Kingdom,At Risk,56.4556,104.0,21350.48,0.6272844705605466,Medium Potential,90,12,2026-02-26T05:42:47.919635
18177,Unknown,United Kingdom,Recent Customers,18.5114,20.2506,1363.15,0.6369513358997455,Low Potential,90,12,2026-02-26T05:42:47.919635
18178,Unknown,United Kingdom,Potential Loyalists,31.4311,16.4001,1874.45,0.630061951767552,Medium Potential,90,12,2026-02-26T05:42:47.919635
18179,Unknown,United Kingdom,Need Attention,6.0977,28.7263,636.96,0.6347364189402819,Low Potential,90,12,2026-02-26T05:42:47.919635
18180,Unknown,United Kingdom,Loyal Customers,17.566,14.6992,938.93,0.6434785344338476,Low Potential,90,12,2026-02-26T05:42:47.919635
18183,Unknown,United Kingdom,Promising,1094.1024,16.4632,65499.73,0.6398259783514365,High Potential,90,12,2026-02-26T05:42:47.919635
18185,Unknown,United Kingdom,About to Sleep,963.9129,17.8971,62731.8,0.6300084228646686,High Potential,90,12,2026-02-26T05:42:47.919635
18196,Unknown,United Kingdom,Promising,3469.0467,3.8664,48773.54,0.6318846431180163,High Potential,90,12,2026-02-26T05:42:47.919635
18198,Unknown,United Kingdom,Loyal Customers,22.0251,29.573,2368.54,0.6369513358997455,Medium Potential,90,12,2026-02-26T05:42:47.919635
18202,Unknown,United Kingdom,Need Attention,1293.9636,21.1187,99370.29,0.6251031688912595,High Potential,90,12,2026-02-26T05:42:47.919635
18203,Unknown,United Kingdom,About to Sleep,1080.3391,8.4432,33169.16,0.631777280168123,Medium Potential,90,12,2026-02-26T05:42:47.919635
18205,Unknown,United Kingdom,About to Sleep,961.9494,17.1529,60000.81,0.6287250926223397,High Potential,90,12,2026-02-26T05:42:47.919635
18209,Unknown,United Kingdom,Need Attention,462.2037,17.3875,29223.88,0.6419495637552085,Medium Potential,90,12,2026-02-26T05:42:47.919635
18210,Unknown,United Kingdom,Recent Customers,24.9702,19.2027,1743.62,0.6402610121462423,Low Potential,90,12,2026-02-26T05:42:47.919635
18211,Unknown,United Kingdom,At Risk,455.9243,17.2375,28578.16,0.6332282204203763,Medium Potential,90,12,2026-02-26T05:42:47.919635
18215,Unknown,United Kingdom,Recent Customers,750.9534,23.0262,62878.56,0.641840490683726,High Potential,90,12,2026-02-26T05:42:47.919635
18216,Unknown,United Kingdom,Recent Customers,1490.4661,18.5288,100423.81,0.6369513358997455,High Potential,90,12,2026-02-26T05:42:47.919635
18217,Unknown,United Kingdom,Promising,691.4819,25.3208,63668.64,0.6402610121462423,High Potential,90,12,2026-02-26T05:42:47.919635
18218,Unknown,United Kingdom,Potential Loyalists,4.18,32.096,487.86,0.6432598872954712,Low Potential,90,12,2026-02-26T05:42:47.919635
18219,Unknown,United Kingdom,Recent Customers,4.8511,17.8995,315.75,0.6383056865188711,Low Potential,90,12,2026-02-26T05:42:47.919635
18221,Unknown,United Kingdom,Loyal Customers,13.335,17.288,838.31,0.6432598872954712,Low Potential,90,12,2026-02-26T05:42:47.919635
18222,Unknown,United Kingdom,Promising,1089.0017,23.3158,92330.71,0.6368431120726507,High Potential,90,12,2026-02-26T05:42:47.919635
18223,Unknown,United Kingdom,Potential Loyalists,74.6058,20.915,5674.11,0.6332282204203763,Medium Potential,90,12,2026-02-26T05:42:47.919635
18225,Unknown,United Kingdom,Recent Customers,7.7995,19.9775,566.6,0.6347903495591322,Low Potential,90,12,2026-02-26T05:42:47.919635
18226,Unknown,United Kingdom,Champions,26.2976,20.1016,1922.27,0.6417859610978717,Medium Potential,90,12,2026-02-26T05:42:47.919635
18227,Unknown,United Kingdom,At Risk,285.0011,18.75,19431.89,0.6333358299401141,Medium Potential,90,12,2026-02-26T05:42:47.919635
18229,Unknown,United Kingdom,Champions,4.2379,47.0145,724.52,0.6435332078298328,Low Potential,90,12,2026-02-26T05:42:47.919635
18230,Unknown,United Kingdom,Loyal Customers,11.7305,29.7881,1270.65,0.6402610121462423,Low Potential,90,12,2026-02-26T05:42:47.919635
18232,Unknown,United Kingdom,At Risk,454.8796,16.205,26804.81,0.631777280168123,Medium Potential,90,12,2026-02-26T05:42:47.919635
18235,Unknown,United Kingdom,Loyal Customers,19.6238,14.1472,1009.53,0.6417859610978717,Low Potential,90,12,2026-02-26T05:42:47.919635
18236,Unknown,United Kingdom,Recent Customers,7.9967,18.4262,535.81,0.6402610121462423,Low Potential,90,12,2026-02-26T05:42:47.919635
18237,Unknown,United Kingdom,Loyal Customers,11.4724,15.8029,659.26,0.6434238656828135,Low Potential,90,12,2026-02-26T05:42:47.919635
18239,Unknown,United Kingdom,Recent Customers,6.995,16.4511,418.46,0.6316699354601715,Low Potential,90,12,2026-02-26T05:42:47.919635
18241,Unknown,United Kingdom,Loyal Customers,9.66,17.6614,620.4,0.641895024902707,Low Potential,90,12,2026-02-26T05:42:47.919635
18242,Unknown,United Kingdom,Need Attention,518.3471,34.9178,65816.51,0.6399347090807783,High Potential,90,12,2026-02-26T05:42:47.919635
18245,Unknown,United Kingdom,Champions,17.9939,15.1699,992.6,0.6432598872954712,Low Potential,90,12,2026-02-26T05:42:47.919635
18248,Unknown,United Kingdom,Potential Loyalists,28.7311,17.1068,1787.26,0.6384684019923119,Low Potential,90,12,2026-02-26T05:42:47.919635
18250,Unknown,United Kingdom,About to Sleep,1184.5608,16.6319,71641.81,0.6267517449275591,High Potential,90,12,2026-02-26T05:42:47.919635
18255,Unknown,United Kingdom,Need Attention,346.5939,17.2167,21698.92,0.641840490683726,Medium Potential,90,12,2026-02-26T05:42:47.919635
18257,Unknown,United Kingdom,Need Attention,1471.0917,20.4762,109535.88,0.6286716772965468,High Potential,90,12,2026-02-26T05:42:47.919635
18259,Unknown,United Kingdom,About to Sleep,389.0593,53.7571,76053.45,0.6175544073129242,High Potential,90,12,2026-02-26T05:42:47.919635
18260,Unknown,United Kingdom,Recent Customers,1493.1278,21.4258,116332.57,0.6380887970590081,High Potential,90,12,2026-02-26T05:42:47.919635
18261,Unknown,United Kingdom,Need Attention,853.0443,14.9867,46488.43,0.6318846431180163,High Potential,90,12,2026-02-26T05:42:47.919635
18263,Unknown,United Kingdom,Potential Loyalists,13.9782,18.0311,916.52,0.6350600713947008,Low Potential,90,12,2026-02-26T05:42:47.919635
18265,Unknown,United Kingdom,Need Attention,1644.7412,16.8466,100757.44,0.6301690232180153,High Potential,90,12,2026-02-26T05:42:47.919635
18269,Unknown,United Kingdom,At Risk,389.0593,24.0857,34075.51,0.6175544073129242,Medium Potential,90,12,2026-02-26T05:42:47.919635
18270,Unknown,United Kingdom,At Risk,337.8139,28.5333,35050.71,0.6255813405155674,Medium Potential,90,12,2026-02-26T05:42:47.919635
18272,Unknown,United Kingdom,Champions,34.5192,18.9394,2377.36,0.6433692015763358,Medium Potential,90,12,2026-02-26T05:42:47.919635
18273,Unknown,United Kingdom,About to Sleep,1.7869,76.5,497.08,0.6353299078348292,Low Potential,90,12,2026-02-26T05:42:47.919635
18274,Unknown,United Kingdom,Need Attention,632.2448,15.9927,36768.37,0.6386311589448211,Medium Potential,90,12,2026-02-26T05:42:47.919635
18277,Unknown,United Kingdom,Need Attention,463.3439,13.7975,23247.23,0.6435332078298328,Medium Potential,90,12,2026-02-26T05:42:47.919635
18280,Unknown,United Kingdom,At Risk,571.3599,18.06,37522.76,0.6348442847602177,Medium Potential,90,12,2026-02-26T05:42:47.919635
18281,Unknown,United Kingdom,Need Attention,405.2882,11.5457,17015.77,0.64331454211402,Medium Potential,90,12,2026-02-26T05:42:47.919635
18282,Unknown,United Kingdom,About to Sleep,8.028,14.8375,433.15,0.6318309593626331,Low Potential,90,12,2026-02-26T05:42:47.919635
18283,Unknown,United Kingdom,Loyal Customers,78.4423,2.6621,759.35,0.6402610121462423,Low Potential,90,12,2026-02-26T05:42:47.919635
18287,Unknown,United Kingdom,Loyal Customers,2200.8836,26.3505,210888.67,0.6435332078298328,High Potential,90,12,2026-02-26T05:42:47.919635
