customer_id,customer_name,state,age_group,loyalty_tier,customer_segment,cluster_id,cluster_label,recency_days,frequency,monetary_total,avg_order_value,product_variety,purchase_span,avg_monthly_spend,pca_x,pca_y
17841,Unknown,United Kingdom,,,,0,Elite Buyers,0,555,410932.87,740.4195855855855,2567,2179,5707.400972222223,-4.680581817508533,2.1780595472673614
14911,Unknown,EIRE,,,,0,Elite Buyers,2,438,318022.13,726.0779223744292,2375,2177,4416.974027777777,-4.505747920654807,1.9995939420422866
12748,Unknown,United Kingdom,,,,0,Elite Buyers,17,379,249010.52,657.0198416886543,2365,2162,3458.4794444444447,-4.2944951210587705,1.7981851996911684
14096,Unknown,United Kingdom,,,,0,Elite Buyers,0,288,204246.14,709.1879861111111,2124,1786,3461.7989830508473,-3.8685561958853953,2.0968876026718233
15311,Unknown,United Kingdom,,,,0,Elite Buyers,0,267,193575.72,725.0026966292135,1955,2179,2688.5516666666667,-4.184240024320207,1.6672419088086698
14646,Unknown,Netherlands,,,,0,Elite Buyers,0,163,178981.51,1098.046073619632,1619,1820,2983.025166666667,-3.9336971349890426,2.283876432728289
16446,Unknown,United Kingdom,,,,0,Elite Buyers,1314,2,170447.17,85223.585,64,257,18938.574444444443,-2.072463890222113,8.837583042637608
14606,Unknown,United Kingdom,,,,0,Elite Buyers,0,229,142771.74,623.4573799126638,1934,2179,1982.9408333333333,-3.9506845972012785,1.3614878098632377
13089,Unknown,United Kingdom,,,,0,Elite Buyers,14,186,130953.71,704.0522043010752,1656,2045,1925.7898529411764,-3.7740187737806554,1.5367675913907444
18102,Unknown,United Kingdom,,,,0,Elite Buyers,1,52,124262.47,2389.6628846153844,672,1997,1882.764696969697,-3.9914048916713045,2.391791298790876
15039,Unknown,United Kingdom,,,,0,Elite Buyers,6,150,120429.59,802.8639333333333,1621,2022,1797.4565671641792,-3.762459909423996,1.5948420693904182
17511,Unknown,United Kingdom,,,,0,Elite Buyers,27,115,110975.95,965.0082608695652,1324,2152,1563.0415492957748,-3.835298434339645,1.5586435940522665
14156,Unknown,EIRE,,,,0,Elite Buyers,0,128,99131.96,774.4684375,1305,2120,1416.1708571428571,-3.685887306897248,1.3275803349095707
15719,Unknown,United Kingdom,,,,0,Elite Buyers,7,147,93853.89,638.4618367346939,1564,1810,1564.2315,-3.330723779122011,1.4878532603881025
13081,Unknown,United Kingdom,,,,0,Elite Buyers,42,114,91523.38,802.8366666666667,1408,2078,1326.4257971014492,-3.58195898655455,1.392800284167011
16891,Unknown,United Kingdom,,,,0,Elite Buyers,21,35,81084.33,2316.695142857143,649,2099,1175.1352173913044,-3.8005576217090176,2.0139925003838677
18118,Unknown,United Kingdom,,,,0,Elite Buyers,29,122,78602.73,644.2846721311475,1434,2030,1173.1750746268656,-3.3870570725891396,1.1731363268418564
13263,Unknown,United Kingdom,,,,0,Elite Buyers,35,125,75486.45,603.8916,1337,1785,1279.4313559322034,-3.0937794915416146,1.3580251332271738
12415,Unknown,Australia,,,,0,Elite Buyers,20,51,75070.4,1471.9686274509804,894,1802,1251.1733333333334,-3.381573115385167,1.9499091093198266
14298,Unknown,United Kingdom,,,,0,Elite Buyers,10,102,73494.61,720.5353921568627,1336,1807,1224.9101666666666,-3.197496611332533,1.4178675831579008
14527,Unknown,United Kingdom,,,,0,Elite Buyers,0,111,71551.34,644.6066666666667,1273,2059,1052.225588235294,-3.3687703168899543,1.045855984965168
14796,Unknown,United Kingdom,,,,0,Elite Buyers,30,95,65420.14,688.633052631579,1281,1937,1022.1896875,-3.198095145310214,1.1957647305936867
14056,Unknown,United Kingdom,,,,0,Elite Buyers,17,111,61681.65,555.6905405405405,1287,1742,1063.4767241379311,-2.920975800039967,1.1890821630065473
17337,Unknown,United Kingdom,,,,0,Elite Buyers,40,105,59718.51,568.7477142857143,1399,1753,1029.6294827586207,-2.91337213837626,1.2056166499487724
13230,Unknown,United Kingdom,,,,0,Elite Buyers,23,81,58992.2,728.2987654320988,1146,1913,936.384126984127,-3.123575820533854,1.1839452799250998
15061,Unknown,United Kingdom,,,,0,Elite Buyers,14,54,58623.6,1085.6222222222223,798,2134,825.6845070422535,-3.40499597356079,1.2123423981256203
16029,Unknown,United Kingdom,,,,0,Elite Buyers,325,42,58116.67,1383.730238095238,422,1854,952.7322950819672,-2.717823262470436,1.9845657810334203
17735,Unknown,United Kingdom,,,,0,Elite Buyers,13,97,56577.1,583.2690721649484,1175,1985,857.2287878787879,-3.094944502809632,0.9059770430366425
16984,Unknown,United Kingdom,,,,0,Elite Buyers,9,89,55742.74,626.3229213483146,1276,1809,929.0456666666666,-2.979317036101156,1.1335172000584166
15856,Unknown,United Kingdom,,,,0,Elite Buyers,89,71,55210.07,777.6066197183098,1108,1847,905.0831147540983,-2.963602630381202,1.3274053138367492
14587,Unknown,United Kingdom,,,,0,Elite Buyers,91,60,53931.99,898.8665,936,1733,946.1752631578947,-2.8643260262779484,1.5348709217054115
16360,Unknown,United Kingdom,,,,0,Elite Buyers,1,86,53494.52,622.0293023255814,1193,1814,891.5753333333333,-2.9526884253434127,1.0860289463108956
14667,Unknown,United Kingdom,,,,0,Elite Buyers,19,69,53000.09,768.1172463768116,1009,2009,791.046119402985,-3.1454959534324645,1.0386843068480744
16033,Unknown,United Kingdom,,,,0,Elite Buyers,5,101,52987.91,524.6327722772277,1181,2054,779.2339705882353,-3.0905999208923753,0.7088261922718323
13098,Unknown,United Kingdom,,,,0,Elite Buyers,41,84,52709.24,627.4909523809524,934,1691,941.2364285714285,-2.7323376820532905,1.244381196615964
14534,Unknown,United Kingdom,,,,0,Elite Buyers,3,77,52495.96,681.7657142857142,1144,1694,937.4278571428572,-2.8582053103945846,1.2691483887929467
16684,Unknown,United Kingdom,,,,0,Elite Buyers,43,29,51280.57,1768.2955172413792,470,1722,899.6591228070175,-2.994708000743767,1.921653548021802
12921,Unknown,United Kingdom,,,,0,Elite Buyers,6,74,50875.91,687.5122972972973,1044,2173,706.6098611111111,-3.2526262446604775,0.7538529321106815
12757,Unknown,Portugal,,,,0,Elite Buyers,7,61,50775.29,832.3818032786885,1065,1658,923.1870909090909,-2.864002262039767,1.4321227508810626
12433,Unknown,Norway,,,,0,Elite Buyers,15,70,50666.85,723.8121428571428,1047,2164,703.70625,-3.251458891892205,0.8061793279723057
17920,Unknown,United Kingdom,,,,0,Elite Buyers,17,67,50460.59,753.1431343283582,1122,2162,700.8415277777777,-3.27616769191176,0.8399862926500639
13975,Unknown,United Kingdom,,,,0,Elite Buyers,70,71,49538.23,697.7215492957746,1032,1689,884.61125,-2.7243789423820286,1.3206194530918094
16764,Unknown,United Kingdom,,,,0,Elite Buyers,10,72,48918.94,679.4297222222223,1069,1807,815.3156666666666,-2.894138180213871,1.103526725115576
12682,Unknown,France,,,,0,Elite Buyers,12,71,48717.93,686.1680281690141,997,2108,695.9704285714286,-3.15009490213113,0.7941958558344702
13694,Unknown,United Kingdom,,,,0,Elite Buyers,23,53,48225.3,909.9113207547169,870,2156,679.2295774647887,-3.2556322010378977,0.9543921584031534
14367,Unknown,United Kingdom,,,,0,Elite Buyers,17,63,48163.68,764.5028571428571,1019,1797,802.728,-2.9025841314425853,1.1933967124396085
16729,Unknown,United Kingdom,,,,0,Elite Buyers,0,63,47774.57,758.3265079365079,837,1817,796.2428333333334,-2.890104295748363,1.1375966024985702
16923,Unknown,United Kingdom,,,,0,Elite Buyers,3,69,47762.21,692.2059420289855,1114,1842,782.9870491803279,-2.937821589477669,1.0606494253005458
17238,Unknown,United Kingdom,,,,0,Elite Buyers,34,67,47370.28,707.0191044776119,951,2086,686.5257971014493,-3.088834264990388,0.8439158886059985
14159,Unknown,United Kingdom,,,,0,Elite Buyers,10,69,47241.5,684.6594202898551,1143,1835,774.4508196721312,-2.9178722468504255,1.0602118277054349
17675,Unknown,United Kingdom,,,,0,Elite Buyers,19,62,46928.68,756.9141935483871,957,1979,711.040606060606,-3.031947451492855,0.9785787158436423
17757,Unknown,United Kingdom,,,,0,Elite Buyers,2,82,46572.99,567.9632926829269,1040,2146,655.9576056338028,-3.107445815265005,0.581032468670461
17811,Unknown,United Kingdom,,,,0,Elite Buyers,6,81,46431.15,573.2240740740741,1096,1817,773.8525,-2.8182758701319663,0.9344140305532354
15547,Unknown,United Kingdom,,,,0,Elite Buyers,1,59,45709.48,774.7369491525424,1135,1844,749.3357377049181,-2.9660260095958044,1.1123256279388447
13319,Unknown,United Kingdom,,,,0,Elite Buyers,7,75,45652.83,608.7044,988,1929,713.32546875,-2.9080609273779356,0.8440247422778697
16241,Unknown,United Kingdom,,,,0,Elite Buyers,12,85,44873.36,527.9218823529412,1080,2047,659.9023529411764,-2.963598372545683,0.6160171859030653
15358,Unknown,United Kingdom,,,,0,Elite Buyers,8,77,43721.27,567.8087012987013,974,1928,683.14484375,-2.8509700736428187,0.7666435957336333
16791,Unknown,United Kingdom,,,,0,Elite Buyers,19,73,43719.87,598.9023287671233,1042,1556,840.7667307692308,-2.5387904683376386,1.214810830072598
14849,Unknown,United Kingdom,,,,0,Elite Buyers,33,52,42915.05,825.2894230769231,933,2146,604.437323943662,-3.145636241860283,0.8308792081554881
13798,Unknown,United Kingdom,,,,0,Elite Buyers,34,60,42856.29,714.2715,568,2114,612.2327142857143,-2.94438302343469,0.7323723713898508
13969,Unknown,United Kingdom,,,,0,Elite Buyers,51,54,42021.74,778.1803703703704,877,1885,677.77,-2.838261023722886,1.062600777568458
15023,Unknown,United Kingdom,,,,0,Elite Buyers,28,72,41922.01,582.2501388888888,1041,2031,625.7016417910447,-2.9220381507453284,0.6793325170361592
16549,Unknown,United Kingdom,,,,0,Elite Buyers,37,71,41555.7,585.2915492957746,1003,1600,784.0698113207548,-2.5107553961699978,1.138972918257163
12428,Unknown,Finland,,,,0,Elite Buyers,7,53,40926.08,772.1901886792452,995,1816,682.1013333333333,-2.8401099958526443,1.069258575075108
17450,Unknown,United Kingdom,,,,0,Elite Buyers,8,32,40920.98,1278.780625,393,1990,620.0148484848485,-2.98351358285769,1.210290648305913
12931,Unknown,United Kingdom,,,,0,Elite Buyers,51,20,40869.45,2043.4725,279,1706,717.0078947368421,-2.782092167509183,1.8790415078494058
14415,Unknown,United Kingdom,,,,0,Elite Buyers,5,67,40426.96,603.3874626865671,1017,1814,673.7826666666666,-2.741667305284642,0.8811515599111432
12637,Unknown,France,,,,0,Elite Buyers,1,55,40218.17,731.2394545454546,948,1756,693.416724137931,-2.7511549745284953,1.0729038276549971
15555,Unknown,United Kingdom,,,,0,Elite Buyers,5,72,40193.65,558.2451388888888,987,2054,591.0830882352941,-2.9182497701925647,0.5687615481944728
17231,Unknown,United Kingdom,,,,0,Elite Buyers,13,57,39857.58,699.2557894736842,978,1776,675.5522033898305,-2.7382185473915945,1.0251943994659594
17059,Unknown,United Kingdom,,,,0,Elite Buyers,41,55,39810.75,723.8318181818182,896,2018,594.1902985074627,-2.9158592491311532,0.823021745352601
14730,Unknown,United Kingdom,,,,0,Elite Buyers,9,61,39630.16,649.6747540983606,981,1687,707.6814285714286,-2.6318016426707,1.0587445273407392
17340,Unknown,United Kingdom,,,,0,Elite Buyers,0,58,39562.56,682.1131034482759,899,1967,608.6547692307693,-2.8941506984397436,0.7859820932044819
15005,Unknown,United Kingdom,,,,0,Elite Buyers,0,80,38878.02,485.97525,929,1967,598.1233846153846,-2.7586527654263997,0.5280691490216886
12517,Unknown,Germany,,,,0,Elite Buyers,96,50,38543.77,770.8754,944,1693,688.2816071428572,-2.5741993919812924,1.2539766108229664
13521,Unknown,United Kingdom,,,,0,Elite Buyers,73,63,38463.02,610.524126984127,1071,1651,699.3276363636363,-2.4996464847625406,1.1051633541535808
14535,Unknown,United Kingdom,,,,0,Elite Buyers,5,63,38192.41,606.2287301587302,1030,1723,670.0422807017544,-2.6325093986214214,0.9454820197464429
13458,Unknown,United Kingdom,,,,0,Elite Buyers,14,54,37904.61,701.9372222222222,912,1803,631.7435,-2.7184328477216018,0.9641610943473373
12536,Unknown,France,,,,0,Elite Buyers,7,52,37872.19,728.3113461538461,956,1505,757.4438,-2.4853159128396536,1.3078642807444836
16873,Unknown,United Kingdom,,,,0,Elite Buyers,56,60,37863.8,631.0633333333334,815,1850,620.7180327868853,-2.642450693236998,0.8798059368671614
12681,Unknown,France,,,,0,Elite Buyers,56,49,37386.21,762.9838775510204,911,1942,584.15953125,-2.8187097153816563,0.9205985063625226
12451,Unknown,Switzerland,,,,0,Elite Buyers,1,45,37347.83,829.9517777777778,889,1700,666.9255357142857,-2.694853563126313,1.1762503357529956
15640,Unknown,United Kingdom,,,,0,Elite Buyers,55,38,37191.82,978.7321052631579,711,2093,539.011884057971,-2.9959501195360123,0.930544960563723
16745,Unknown,United Kingdom,,,,0,Elite Buyers,2,52,36805.82,707.8042307692308,860,1822,613.4303333333334,-2.7248467400943697,0.9200276447345719
16422,Unknown,United Kingdom,,,,0,Elite Buyers,13,51,36751.76,720.6227450980392,662,2046,540.4670588235294,-2.8597259025766872,0.6938268376342048
15078,Unknown,United Kingdom,,,,0,Elite Buyers,42,43,36692.37,853.3109302325581,832,1986,555.945,-2.8876661300482995,0.9216936968943787
13451,Unknown,United Kingdom,,,,0,Elite Buyers,2,57,36496.69,640.2928070175439,971,1696,651.7266071428571,-2.5946761374588276,0.9800619150132943
14688,Unknown,United Kingdom,,,,0,Elite Buyers,5,56,36470.97,651.2673214285714,880,2174,506.54125,-3.007223856137213,0.491165500694681
18109,Unknown,United Kingdom,,,,0,Elite Buyers,13,62,36423.19,587.4708064516129,876,2046,535.6351470588236,-2.8381227773364923,0.5524590560575392
14505,Unknown,United Kingdom,,,,0,Elite Buyers,7,70,36397.7,519.9671428571429,1005,1838,596.6836065573771,-2.640212563886328,0.679905380970154
13069,Unknown,United Kingdom,,,,0,Elite Buyers,1,64,36345.63,567.90046875,825,2058,534.4945588235294,-2.836214492451175,0.5004439491448005
12471,Unknown,Germany,,,,0,Elite Buyers,26,51,36005.2,705.9843137254902,754,1880,580.7290322580645,-2.7043340338740514,0.861931689906509
17581,Unknown,United Kingdom,,,,0,Elite Buyers,45,52,35877.03,689.9428846153846,833,2103,512.529,-2.8939757283650325,0.6337633664006551
17813,Unknown,United Kingdom,,,,0,Elite Buyers,1,52,35646.97,685.5186538461538,922,1814,594.1161666666667,-2.7036179105258595,0.8851057113145369
17139,Unknown,United Kingdom,,,,0,Elite Buyers,34,49,35555.02,725.6126530612245,907,1781,602.6274576271186,-2.6505696576790783,0.9943401674279593
17191,Unknown,United Kingdom,,,,0,Elite Buyers,0,56,35436.57,632.7958928571428,957,2028,528.9040298507463,-2.8723247584693414,0.6009052930192575
12700,Unknown,France,,,,0,Elite Buyers,30,51,35057.53,687.4025490196078,856,1753,604.4401724137931,-2.5879867916967,0.9686936926739078
17827,Unknown,United Kingdom,,,,0,Elite Buyers,41,52,35004.79,673.1690384615384,943,1865,564.5933870967742,-2.6878880068239623,0.8488376254578185
14286,Unknown,United Kingdom,,,,0,Elite Buyers,26,39,34672.73,889.0443589743589,912,1492,693.4546,-2.467940527303266,1.4267025815738597
15249,Unknown,United Kingdom,,,,0,Elite Buyers,13,53,34384.12,648.7569811320755,751,1715,603.2301754385965,-2.5105642224698683,0.9274032355576189
14800,Unknown,United Kingdom,,,,0,Elite Buyers,51,62,34348.95,554.0153225806451,865,2008,520.4386363636364,-2.6995611236575443,0.5566438895979167
15838,Unknown,United Kingdom,,,,0,Elite Buyers,42,32,34337.82,1073.056875,407,1956,528.2741538461538,-2.751124933958605,1.042706042454785
13668,Unknown,United Kingdom,,,,0,Elite Buyers,19,47,34006.83,723.5495744680851,748,1826,557.4890163934426,-2.6383867751625947,0.8866418326339873
14456,Unknown,United Kingdom,,,,0,Elite Buyers,0,74,33982.43,459.222027027027,984,1724,596.1829824561404,-2.454373391245616,0.6589149262797569
16007,Unknown,United Kingdom,,,,0,Elite Buyers,31,55,33499.81,609.0874545454545,902,1754,577.5829310344827,-2.5264867222669136,0.853918960467819
15502,Unknown,United Kingdom,,,,0,Elite Buyers,8,42,33449.74,796.422380952381,692,2051,491.9079411764706,-2.867386080878927,0.699897253463123
16938,Unknown,United Kingdom,,,,0,Elite Buyers,80,49,33230.86,678.1808163265306,877,1734,572.9458620689655,-2.4786167905183016,0.9956009897550588
13709,Unknown,United Kingdom,,,,0,Elite Buyers,100,31,33118.42,1068.336129032258,894,1656,602.1530909090909,-2.567308498518672,1.4364045098563492
16904,Unknown,United Kingdom,,,,0,Elite Buyers,2,63,33025.4,524.2126984126984,901,1996,500.3848484848485,-2.7133122172801563,0.4497381786105993
13767,Unknown,United Kingdom,,,,0,Elite Buyers,73,55,33014.78,600.2687272727272,750,2106,471.63971428571426,-2.737168898563109,0.5012770938636749
12753,Unknown,Japan,,,,0,Elite Buyers,24,32,32680.74,1021.273125,590,1821,544.679,-2.6893867308701687,1.1189928850915307
15752,Unknown,United Kingdom,,,,0,Elite Buyers,35,44,32516.13,739.0029545454546,787,2113,464.5161428571429,-2.874781299066325,0.5995561810379395
12540,Unknown,Spain,,,,0,Elite Buyers,76,60,32117.07,535.2845,723,1748,553.7425862068966,-2.3407312238800633,0.7748960397212641
13373,Unknown,United Kingdom,,,,0,Elite Buyers,0,48,32052.68,667.7641666666667,841,1729,562.3277192982456,-2.537734010302568,0.8839841311677592
17389,Unknown,United Kingdom,,,,0,Elite Buyers,1,41,31992.88,780.3141463414635,393,1814,533.2146666666666,-2.499703481798705,0.8681291251229384
12378,Unknown,Switzerland,,,,0,Elite Buyers,19,46,31817.92,691.6939130434782,875,1768,539.2867796610169,-2.5668990783612973,0.8809064319605104
14449,Unknown,United Kingdom,,,,0,Elite Buyers,27,46,31580.03,686.5223913043478,888,2121,451.1432857142857,-2.874363423096227,0.5177895093789278
15769,Unknown,United Kingdom,,,,0,Elite Buyers,0,29,31326.92,1080.2386206896551,396,2120,447.5274285714286,-2.897386988841428,0.7762432587435308
16746,Unknown,United Kingdom,,,,0,Elite Buyers,12,52,31318.84,602.2853846153846,774,1807,521.9806666666667,-2.519781413330927,0.716423020349144
14178,Unknown,United Kingdom,,,,0,Elite Buyers,0,51,31300.91,613.7433333333333,772,1814,521.6818333333333,-2.547735517326248,0.7110209291995052
16942,Unknown,United Kingdom,,,,0,Elite Buyers,2,39,31267.54,801.7317948717948,821,1759,539.0955172413793,-2.6150242120115887,0.9712319651316774
17954,Unknown,United Kingdom,,,,0,Elite Buyers,84,52,31266.12,601.2715384615385,884,2036,466.65850746268654,-2.66878639634423,0.564164707993745
13408,Unknown,United Kingdom,,,,0,Elite Buyers,22,62,31220.7,503.55967741935484,627,2157,439.72816901408453,-2.7058342253301437,0.22477513921201667
12567,Unknown,France,,,,0,Elite Buyers,7,41,30872.29,752.9826829268293,749,2052,454.00426470588235,-2.8204853097929727,0.6097200216271133
13102,Unknown,United Kingdom,,,,0,Elite Buyers,91,44,30861.69,701.4020454545455,680,1845,505.9293442622951,-2.4802833988188553,0.8597570979748661
17686,Unknown,United Kingdom,,,,0,Elite Buyers,1,47,30728.29,653.7934042553192,802,1782,520.8184745762712,-2.5408003595015214,0.7820183371566249
14546,Unknown,United Kingdom,,,,0,Elite Buyers,29,31,30708.24,990.5883870967742,855,1695,548.3614285714285,-2.607264260884902,1.2138480748020049
13418,Unknown,United Kingdom,,,,0,Elite Buyers,8,48,30498.77,635.3910416666666,763,2140,429.5601408450704,-2.8296074083583984,0.3888772717252369
13334,Unknown,United Kingdom,,,,0,Elite Buyers,36,47,30276.14,644.1731914893617,856,1753,522.0024137931034,-2.472687899990012,0.8340379955707906
13468,Unknown,United Kingdom,,,,0,Elite Buyers,29,51,30187.78,591.9172549019607,746,2150,425.18,-2.7747898989823985,0.3438664966077033
13488,Unknown,United Kingdom,,,,0,Elite Buyers,10,49,29927.6,610.7673469387755,762,1988,453.44848484848484,-2.6623502429593353,0.5056617019394608
17348,Unknown,United Kingdom,,,,0,Elite Buyers,41,32,29715.1,928.596875,629,1684,530.6267857142857,-2.467946237519888,1.1519309774045645
14713,Unknown,United Kingdom,,,,0,Elite Buyers,58,45,29708.33,660.1851111111112,707,1878,479.1666129032258,-2.51420609700289,0.7232293868752641
13137,Unknown,United Kingdom,,,,0,Elite Buyers,17,53,29503.32,556.6664150943396,866,1805,491.722,-2.4727656823272675,0.6333114589536871
15159,Unknown,United Kingdom,,,,0,Elite Buyers,77,48,29380.77,612.099375,723,1680,524.6566071428572,-2.280654078643974,0.8881937216587996
16839,Unknown,United Kingdom,,,,0,Elite Buyers,169,49,29259.09,597.1242857142857,654,1890,464.43,-2.32229745771951,0.7396122808997774
16558,Unknown,United Kingdom,,,,0,Elite Buyers,3,48,29140.44,607.0925,789,1964,448.31446153846156,-2.6401059248795296,0.5046196084719787
12971,Unknown,United Kingdom,,,,0,Elite Buyers,28,58,29075.31,501.2984482758621,715,2120,415.36157142857144,-2.6525190438072657,0.22553876211065696
14670,Unknown,United Kingdom,,,,0,Elite Buyers,33,36,28936.65,803.7958333333333,636,1700,516.7258928571429,-2.4236623204526295,1.0078753024819942
14088,Unknown,United Kingdom,,,,0,Elite Buyers,16,33,28492.69,863.4148484848484,633,1773,482.92694915254236,-2.527441255998551,0.949628935032439
16013,Unknown,United Kingdom,,,,0,Elite Buyers,96,34,28250.08,830.8847058823529,366,2024,421.6429850746269,-2.512469301235869,0.7151359940699029
17107,Unknown,United Kingdom,,,,0,Elite Buyers,17,43,28143.89,654.5090697674418,685,1655,511.70709090909094,-2.3219552573789652,0.8703204316412871
12583,Unknown,France,,,,0,Elite Buyers,36,48,27989.36,583.1116666666667,636,2143,394.216338028169,-2.6747270543318873,0.2899177904004978
13777,Unknown,United Kingdom,,,,0,Elite Buyers,26,26,27952.83,1075.1088461538461,426,2153,393.7018309859155,-2.8469615530837937,0.6990200191038919
17381,Unknown,United Kingdom,,,,0,Elite Buyers,75,32,27891.45,871.6078125,360,2073,404.22391304347826,-2.5900932559762424,0.6657673764001824
16713,Unknown,United Kingdom,,,,0,Elite Buyers,20,37,27816.46,751.7962162162162,755,1947,434.6321875,-2.653040768541655,0.6686474362403225
16931,Unknown,United Kingdom,,,,0,Elite Buyers,16,53,27559.65,519.9933962264151,857,2043,405.2889705882353,-2.6217621990612012,0.28974463791642047
14592,Unknown,United Kingdom,,,,0,Elite Buyers,84,30,27518.79,917.293,812,1641,509.6072222222222,-2.38854558149848,1.204457187395386
15453,Unknown,United Kingdom,,,,0,Elite Buyers,9,43,27315.98,635.2553488372093,771,1716,479.22771929824563,-2.3848932865646724,0.7613813614784863
15834,Unknown,United Kingdom,,,,0,Elite Buyers,31,36,27237.14,756.5872222222222,797,1611,513.9083018867924,-2.3401642042558786,1.0306332052577605
18041,Unknown,United Kingdom,,,,0,Elite Buyers,106,57,27234.81,477.80368421052634,713,2042,400.51191176470587,-2.4288847395101048,0.30933904239575594
16210,Unknown,United Kingdom,,,,0,Elite Buyers,126,22,27220.53,1237.2968181818183,368,2053,400.3019117647059,-2.641116294519984,0.9868847610230773
13571,Unknown,United Kingdom,,,,0,Elite Buyers,2,37,27156.75,733.9662162162163,626,1813,452.6125,-2.4874808102549952,0.7441067245426743
12484,Unknown,Spain,,,,0,Elite Buyers,17,44,27121.22,616.3913636363636,800,1708,475.81087719298245,-2.359876918616923,0.7517715277817
14680,Unknown,United Kingdom,,,,0,Elite Buyers,58,30,27054.57,901.819,479,2062,397.8613235294118,-2.663509107671515,0.6826789611439319
16242,Unknown,United Kingdom,,,,0,Elite Buyers,48,45,27030.42,600.676,667,1766,458.1427118644068,-2.320449371645843,0.6928402616305458
18283,Unknown,United Kingdom,,,,0,Elite Buyers,76,45,27001.1,600.0244444444445,711,1621,500.02037037037036,-2.170059173923186,0.8817345325544874
13174,Unknown,United Kingdom,,,,0,Elite Buyers,9,27,26967.48,998.7955555555556,763,2050,396.5805882352941,-2.8567029549201046,0.7357857235410229
16722,Unknown,United Kingdom,,,,0,Elite Buyers,12,40,26858.93,671.47325,735,2016,400.87955223880596,-2.6536599367407394,0.47717501796313666
13599,Unknown,United Kingdom,,,,0,Elite Buyers,35,38,26660.4,701.5894736842105,628,1932,416.56875,-2.5270869664809448,0.6100811597310528
14121,Unknown,United Kingdom,,,,0,Elite Buyers,0,30,26591.73,886.391,651,1663,483.486,-2.42719074843992,1.029258719320752
13224,Unknown,United Kingdom,,,,0,Elite Buyers,13,21,26580.14,1265.7209523809524,402,1530,521.1792156862745,-2.3236799295849115,1.4220062436412075
17243,Unknown,United Kingdom,,,,0,Elite Buyers,48,50,26429.57,528.5914,712,2011,394.4711940298507,-2.494134555588669,0.3329648451977927
15531,Unknown,United Kingdom,,,,0,Elite Buyers,50,42,26284.25,625.8154761904761,767,1764,453.17672413793105,-2.350433449098028,0.7233629428171987
15676,Unknown,United Kingdom,,,,0,Elite Buyers,1,52,26263.12,505.06,769,1822,437.71866666666665,-2.3780223811197887,0.4505950821759307
15615,Unknown,United Kingdom,,,,0,Elite Buyers,136,38,26250.85,690.8118421052632,648,1499,525.017,-2.006593165815903,1.1605257722091171
16161,Unknown,United Kingdom,,,,0,Elite Buyers,40,34,26229.48,771.4552941176471,725,1988,397.41636363636366,-2.6326626515988947,0.6229975250547223
15498,Unknown,United Kingdom,,,,0,Elite Buyers,7,42,26070.42,620.7242857142858,756,1960,401.0833846153846,-2.5678897921015498,0.45538083974449106
15356,Unknown,United Kingdom,,,,0,Elite Buyers,3,49,25974.64,530.094693877551,757,2025,387.68119402985076,-2.5680298674964392,0.2668429565452648
13437,Unknown,United Kingdom,,,,0,Elite Buyers,26,26,25890.31,995.7811538461539,748,1791,438.81881355932205,-2.5738657477993936,0.9980341536229409
15427,Unknown,United Kingdom,,,,0,Elite Buyers,27,38,25871.24,680.8221052631579,745,1637,479.097037037037,-2.2820152346871314,0.8833200806405528
15048,Unknown,United Kingdom,,,,0,Elite Buyers,51,23,25829.35,1123.0152173913043,725,1977,397.37461538461537,-2.7512081419469645,0.9166818714317517
14502,Unknown,United Kingdom,,,,0,Elite Buyers,153,60,25819.57,430.32616666666667,819,1632,478.1401851851852,-1.9628071113302954,0.6912575846126184
17576,Unknown,United Kingdom,,,,0,Elite Buyers,36,43,25762.63,599.1309302325582,742,1900,408.93063492063493,-2.4532274776645595,0.5148792566134786
17164,Unknown,United Kingdom,,,,0,Elite Buyers,393,22,25605.99,1163.9086363636363,717,1241,624.5363414634146,-1.6831563405537413,2.108670519835188
14189,Unknown,United Kingdom,,,,0,Elite Buyers,65,29,25605.62,882.9524137931035,659,1963,393.93261538461536,-2.5981025618108986,0.7561437412502856
13013,Unknown,United Kingdom,,,,0,Elite Buyers,14,44,25486.13,579.2302272727272,695,2106,364.08757142857144,-2.63251887547055,0.24225151719882734
14702,Unknown,United Kingdom,,,,0,Elite Buyers,37,47,25212.15,536.4287234042553,722,1899,400.1928571428571,-2.3890869617088972,0.4205712109750285
17611,Unknown,United Kingdom,,,,0,Elite Buyers,57,45,25207.27,560.1615555555555,703,1726,442.23280701754385,-2.2201228775412467,0.6571602641862789
17965,Unknown,United Kingdom,,,,0,Elite Buyers,6,52,25099.05,482.6740384615385,800,2053,369.10367647058825,-2.546112221710722,0.15306122735935226
13004,Unknown,United Kingdom,,,,0,Elite Buyers,19,36,24989.94,694.165,707,1713,438.42,-2.335181176587464,0.7786486147799059
15513,Unknown,United Kingdom,,,,0,Elite Buyers,23,34,24879.93,731.7626470588235,588,2156,350.42154929577464,-2.7090257407417995,0.3528245123893816
14903,Unknown,United Kingdom,,,,0,Elite Buyers,51,48,24829.93,517.2902083333333,798,1621,459.8135185185185,-2.121382293461819,0.6982047081369193
16712,Unknown,United Kingdom,,,,0,Elite Buyers,3,42,24827.07,591.1207142857143,735,1784,420.7977966101695,-2.36097144404313,0.5682885477632527
15756,Unknown,United Kingdom,,,,0,Elite Buyers,16,38,24621.56,647.9357894736842,717,1716,431.95719298245615,-2.3093668814401767,0.7136199299535129
17706,Unknown,United Kingdom,,,,0,Elite Buyers,2,41,24612.74,600.310731707317,625,1965,378.6575384615385,-2.4899999128327726,0.37508626345468865
15021,Unknown,United Kingdom,,,,0,Elite Buyers,20,42,24594.77,585.5897619047619,708,1947,384.29328125,-2.4706398106603213,0.4036522257846964
17377,Unknown,United Kingdom,,,,0,Elite Buyers,15,40,24477.04,611.926,690,2164,339.9588888888889,-2.681419212957024,0.1979616912206699
17364,Unknown,United Kingdom,,,,0,Elite Buyers,5,41,24418.72,595.5785365853659,703,1778,413.8766101694915,-2.3362412214171444,0.5680436343125496
16326,Unknown,United Kingdom,,,,0,Elite Buyers,13,52,24376.44,468.7776923076923,671,1747,420.28344827586204,-2.1925487036368922,0.430467877559662
14031,Unknown,United Kingdom,,,,0,Elite Buyers,90,28,24375.39,870.5496428571429,533,2058,358.4616176470588,-2.5725828538251014,0.6337396224684673
14030,Unknown,United Kingdom,,,,0,Elite Buyers,8,37,23965.64,647.72,697,1959,368.70215384615386,-2.51682175157561,0.43077817844616206
15416,Unknown,United Kingdom,,,,0,Elite Buyers,84,33,23827.0,722.030303030303,653,1708,418.0175438596491,-2.22168830955576,0.8477601282239646
12357,Unknown,Switzerland,,,,0,Elite Buyers,9,26,23821.17,916.1988461538461,546,1655,433.1121818181818,-2.3201031446358487,0.9909330461801342
13001,Unknown,United Kingdom,,,,0,Elite Buyers,45,26,23694.44,911.3246153846154,630,1684,423.115,-2.3294984658020814,0.9983983362613673
14669,Unknown,United Kingdom,,,,0,Elite Buyers,23,38,23691.7,623.4657894736843,771,1498,473.834,-2.0853411108772333,0.9068914846639828
17097,Unknown,Spain,,,,0,Elite Buyers,125,32,23643.73,738.8665625,581,1811,394.06216666666666,-2.2432772972421726,0.7920451479594599
15708,Unknown,United Kingdom,,,,0,Elite Buyers,13,36,23597.77,655.4936111111111,684,2046,347.0260294117647,-2.5812489130342433,0.34358825982251284
15464,Unknown,United Kingdom,,,,0,Elite Buyers,64,37,23543.14,636.3010810810811,738,1641,435.9840740740741,-2.158918812406216,0.8100036635730612
12720,Unknown,Germany,,,,0,Elite Buyers,5,35,23510.38,671.7251428571428,525,2054,345.7408823529412,-2.546092973255756,0.33063360641769524
12621,Unknown,Germany,,,,0,Elite Buyers,5,35,23465.83,670.4522857142857,707,1931,366.65359375,-2.500352635324341,0.4697094554556106
16255,Unknown,United Kingdom,,,,0,Elite Buyers,19,35,23413.81,668.966,653,1917,365.84078125,-2.4494622151146626,0.489257193465106
15628,Unknown,United Kingdom,,,,0,Elite Buyers,24,26,23389.73,899.605,573,1943,365.46453125,-2.5557878535948735,0.6838008855408739
16426,Unknown,United Kingdom,,,,0,Elite Buyers,26,39,23369.63,599.2212820512821,673,1757,402.9246551724138,-2.2601499068165367,0.5896781056439652
12627,Unknown,Germany,,,,0,Elite Buyers,52,31,23265.17,750.4893548387097,621,1735,401.1236206896552,-2.2753887434544815,0.7941174987476314
16133,Unknown,United Kingdom,,,,0,Elite Buyers,37,41,23243.01,566.9026829268292,594,1781,393.9493220338983,-2.2144718846110356,0.5241711826260624
17690,Unknown,United Kingdom,,,,0,Elite Buyers,26,43,23193.77,539.39,686,2153,326.67281690140845,-2.577663913374865,0.09781060722564025
12683,Unknown,France,,,,0,Elite Buyers,7,42,23177.43,551.8435714285714,622,1929,362.14734375,-2.3828834552676907,0.3163358172980898
16779,Unknown,United Kingdom,,,,0,Elite Buyers,42,43,23133.07,537.9783720930233,547,1925,361.45421875,-2.295830755546687,0.3312012958413766
12841,Unknown,United Kingdom,,,,0,Elite Buyers,15,48,23128.68,481.8475,666,2105,330.4097142857143,-2.4935724049643255,0.04519461853110654
15749,Unknown,United Kingdom,,,,0,Elite Buyers,1521,1,22998.4,22998.4,5,0,22998.4,0.2886351508171261,7.890222448149378
13280,Unknown,United Kingdom,,,,0,Elite Buyers,9,17,22955.09,1350.2994117647058,613,1665,417.3652727272727,-2.4909060039797493,1.2504529364294963
15298,Unknown,United Kingdom,,,,0,Elite Buyers,47,30,22915.82,763.8606666666667,687,1920,358.0596875,-2.470280526961245,0.6034508041323782
14895,Unknown,United Kingdom,,,,0,Elite Buyers,79,43,22833.06,531.0013953488373,679,1704,400.58,-2.0874287421045157,0.5949475699176635
15493,Unknown,United Kingdom,,,,0,Elite Buyers,37,36,22797.58,633.2661111111111,728,1695,407.09964285714284,-2.2167926086049397,0.6961544624768367
17220,Unknown,United Kingdom,,,,0,Elite Buyers,9,43,22777.08,529.699534883721,693,1897,361.5409523809524,-2.350060614898031,0.3157659662568797
13881,Unknown,United Kingdom,,,,0,Elite Buyers,9,29,22753.12,784.5903448275863,507,1815,379.21866666666665,-2.360303080531412,0.6757339994213968
18069,Unknown,United Kingdom,,,,0,Elite Buyers,8,49,22587.2,460.9632653061224,734,1478,460.9632653061224,-1.9296064730605207,0.661382039925135
17160,Unknown,United Kingdom,,,,0,Elite Buyers,36,29,22504.85,776.0293103448275,581,1693,401.8723214285714,-2.238069326871542,0.8263501207762307
17346,Unknown,United Kingdom,,,,0,Elite Buyers,15,41,22398.42,546.3029268292682,686,2164,311.08916666666664,-2.5855393857621096,0.057933519682131146
15152,Unknown,United Kingdom,,,,0,Elite Buyers,86,27,22230.32,823.3451851851852,650,1673,404.1876363636364,-2.2020084702644764,0.9460707044594245
17790,Unknown,United Kingdom,,,,0,Elite Buyers,48,30,22169.54,738.9846666666666,681,1858,357.5732258064516,-2.379226526287766,0.6230687134675092
12362,Unknown,Belgium,,,,0,Elite Buyers,22,35,22155.43,633.0122857142857,624,1703,395.6326785714286,-2.191583526622858,0.6470905174963801
15601,Unknown,United Kingdom,,,,0,Elite Buyers,23,32,22144.68,692.02125,585,2125,316.3525714285714,-2.592283368264405,0.268873469197377
16771,Unknown,United Kingdom,,,,0,Elite Buyers,9,44,22016.22,500.36863636363637,741,1784,373.1562711864407,-2.2223172599068515,0.37640666097374287
15544,Unknown,United Kingdom,,,,0,Elite Buyers,7,37,21988.44,594.2821621621622,642,2141,309.696338028169,-2.5825476514644228,0.12073176818782774
16686,Unknown,United Kingdom,,,,0,Elite Buyers,2,30,21631.2,721.04,684,1784,366.6305084745763,-2.3473094539647352,0.6216104788678143
17589,Unknown,United Kingdom,,,,0,Elite Buyers,7,34,21606.24,635.4776470588235,662,1693,385.8257142857143,-2.2012079660369057,0.6288186108971751
15114,Unknown,United Kingdom,,,,0,Elite Buyers,49,41,21585.17,526.4675609756098,529,1621,399.72537037037034,-1.9584874931732,0.5989149830568434
15518,Unknown,United Kingdom,,,,0,Elite Buyers,36,40,21573.89,539.34725,608,1724,378.489298245614,-2.1085250521667627,0.5017157000740862
17050,Unknown,United Kingdom,,,,0,Elite Buyers,10,37,21564.99,582.8375675675676,656,1753,371.8101724137931,-2.2140208645879866,0.5027530859146476
14907,Unknown,United Kingdom,,,,0,Elite Buyers,22,28,21490.5,767.5178571428571,530,1976,330.62307692307695,-2.46008478740615,0.4734887836208943
12749,Unknown,United Kingdom,,,,0,Elite Buyers,1,33,21474.54,650.7436363636364,581,1817,357.909,-2.296499559969459,0.49813171591152294
17884,Unknown,United Kingdom,,,,0,Elite Buyers,49,29,21453.7,739.7827586206896,632,2071,310.9231884057971,-2.536361119032097,0.380093095350317
13093,Unknown,United Kingdom,,,,0,Elite Buyers,2,31,21375.91,689.5454838709677,580,2177,296.8876388888889,-2.6417676120497573,0.16589368394623913
16333,Unknown,United Kingdom,,,,0,Elite Buyers,370,15,21365.8,1424.3866666666668,103,1452,445.12083333333334,-1.4364436574165405,1.7791028566040594
17509,Unknown,United Kingdom,,,,0,Elite Buyers,29,29,21282.24,733.8703448275862,557,1606,401.5516981132075,-2.1060409224640235,0.8349464685622436
12705,Unknown,Germany,,,,0,Elite Buyers,13,28,21262.96,759.3914285714286,581,1716,373.0343859649123,-2.2460098467285485,0.7228940444998218
16705,Unknown,United Kingdom,,,,0,Elite Buyers,105,21,21254.5,1012.1190476190476,531,1719,372.8859649122807,-2.2303324330276952,1.0266504403789123
14395,Unknown,United Kingdom,,,,0,Elite Buyers,15,37,21251.68,574.3697297297298,638,2133,299.3194366197183,-2.531036570843443,0.08891109715131681
16910,Unknown,United Kingdom,,,,0,Elite Buyers,63,36,21199.12,588.8644444444444,626,1631,392.5762962962963,-2.0235643320553254,0.6851036604133658
16393,Unknown,United Kingdom,,,,0,Elite Buyers,92,36,21023.35,583.9819444444445,619,1967,323.43615384615384,-2.2804850290118983,0.34995815075363745
16814,Unknown,United Kingdom,,,,0,Elite Buyers,54,27,20941.0,775.5925925925926,618,2005,317.2878787878788,-2.4719034125635644,0.47687446796176425
13209,Unknown,United Kingdom,,,,0,Elite Buyers,47,30,20940.17,698.0056666666667,584,1712,367.37140350877195,-2.159711562056628,0.6916514829393187
16843,Unknown,United Kingdom,,,,0,Elite Buyers,139,27,20938.3,775.4925925925926,613,1558,402.6596153846154,-1.962071524044836,1.0366823694525256
13548,Unknown,United Kingdom,,,,0,Elite Buyers,2,29,20878.77,719.9575862068965,625,1725,366.2942105263158,-2.25342315774546,0.6565346135986618
13471,Unknown,United Kingdom,,,,0,Elite Buyers,31,26,20876.4,802.9384615384615,616,1693,372.79285714285714,-2.2291536786735504,0.8011225444038668
15426,Unknown,United Kingdom,,,,0,Elite Buyers,2,37,20875.06,564.1908108108108,659,2057,306.98617647058825,-2.4688582755633766,0.13268152786004325
17315,Unknown,United Kingdom,,,,0,Elite Buyers,19,47,20753.93,441.5729787234043,615,1801,345.89883333333336,-2.0996470380830408,0.22742289160356835
16710,Unknown,United Kingdom,,,,0,Elite Buyers,26,34,20702.06,608.8841176470588,699,2002,313.6675757575758,-2.428818587350551,0.2701561503121631
17449,Unknown,United Kingdom,,,,0,Elite Buyers,45,26,20675.92,795.2276923076923,613,1778,350.4393220338983,-2.2776933654196507,0.7108200516736993
15044,Unknown,United Kingdom,,,,0,Elite Buyers,3,37,20620.14,557.3010810810811,634,1842,338.0350819672131,-2.2520644478498175,0.3375249932021098
16440,Unknown,United Kingdom,,,,0,Elite Buyers,19,42,20611.72,490.7552380952381,642,1764,349.35118644067796,-2.1134254522866835,0.34009263154437064
17428,Unknown,United Kingdom,,,,0,Elite Buyers,13,33,20610.61,624.5639393939394,467,2015,307.6210447761194,-2.37119216789294,0.23441183488577802
17652,Unknown,United Kingdom,,,,0,Elite Buyers,13,40,20578.95,514.47375,590,1776,348.7957627118644,-2.1308635821471213,0.3531367612389166
14081,Unknown,United Kingdom,,,,0,Elite Buyers,93,30,20578.72,685.9573333333333,445,1966,316.59569230769233,-2.254944119805693,0.4397445120905533
13148,Unknown,United Kingdom,,,,0,Elite Buyers,104,26,20435.45,785.9788461538461,639,1802,340.5908333333333,-2.2250563011878555,0.7339969550107924
16283,Unknown,United Kingdom,,,,0,Elite Buyers,2,31,20420.86,658.7374193548387,601,1783,346.11627118644066,-2.2488135983562594,0.5128909297630605
17634,Unknown,United Kingdom,,,,0,Elite Buyers,5,41,20353.53,496.42756097560977,663,1751,350.92293103448276,-2.1248121693752706,0.34496510315468687
17341,Unknown,United Kingdom,,,,0,Elite Buyers,64,39,20325.65,521.1705128205128,635,1903,322.6293650793651,-2.1984550126188656,0.2816792861499948
14719,Unknown,United Kingdom,,,,0,Elite Buyers,9,36,20301.25,563.9236111111111,704,1723,356.1622807017544,-2.1575250482414,0.4745918416151269
15150,Unknown,United Kingdom,,,,0,Elite Buyers,27,26,20238.38,778.3992307692308,627,1732,355.05929824561406,-2.244022306057043,0.7156241348979401
15034,Unknown,United Kingdom,,,,0,Elite Buyers,17,37,20174.54,545.2578378378379,663,1688,360.25964285714286,-2.0855051670469917,0.4877989108293568
13985,Unknown,United Kingdom,,,,0,Elite Buyers,9,40,20139.36,503.484,528,1719,353.3221052631579,-2.038807131928781,0.37508802560235754
15998,Unknown,United Kingdom,,,,0,Elite Buyers,114,41,19969.0,487.0487804878049,700,1731,350.3333333333333,-1.9684425557446668,0.4636839944450156
18022,Unknown,United Kingdom,,,,0,Elite Buyers,8,35,19942.89,569.7968571428571,578,1717,349.8752631578947,-2.1021314851278716,0.46470943066374126
14135,Unknown,United Kingdom,,,,0,Elite Buyers,135,23,19812.97,861.4334782608696,509,2013,295.71597014925374,-2.3456034608244902,0.5838336807947283
13269,Unknown,United Kingdom,,,,0,Elite Buyers,6,33,19803.49,600.1057575757576,586,2053,291.2277941176471,-2.4282797038942263,0.1460960126282382
13050,Unknown,United Kingdom,,,,0,Elite Buyers,38,33,19800.91,600.0275757575757,615,1929,309.38921875,-2.287320977189795,0.31053026173607645
15808,Unknown,United Kingdom,,,,0,Elite Buyers,9,35,19798.65,565.6757142857143,593,2050,291.15661764705885,-2.4008792375790486,0.10888047358523908
13869,Unknown,United Kingdom,,,,0,Elite Buyers,45,43,19755.51,459.4304651162791,638,1561,379.91365384615386,-1.8491127290105098,0.5130666836480534
16837,Unknown,United Kingdom,,,,0,Elite Buyers,12,35,19742.49,564.0711428571428,608,1750,340.3877586206897,-2.1289670191265806,0.4232866251432069
17677,Unknown,United Kingdom,,,,0,Elite Buyers,21,36,19734.57,548.1825,507,2007,299.00863636363636,-2.2982360232692733,0.1369285879250787
15570,Unknown,United Kingdom,,,,0,Elite Buyers,91,34,19732.95,580.3808823529412,606,1968,303.58384615384614,-2.2399353139378517,0.30212010035305814
12709,Unknown,Germany,,,,0,Elite Buyers,35,32,19731.19,616.5996875,490,1932,308.29984375,-2.2509512225437938,0.3111232189835551
12409,Unknown,Switzerland,,,,0,Elite Buyers,6,20,19726.21,986.3105,440,1541,386.78843137254904,-2.0978483011862936,1.0368939996822628
17284,Unknown,United Kingdom,,,,0,Elite Buyers,27,37,19720.25,532.9797297297297,697,1617,365.18981481481484,-1.9985747303638022,0.5436684821431286
16880,Unknown,United Kingdom,,,,0,Elite Buyers,2,40,19708.77,492.71925,658,1815,328.4795,-2.16361187607675,0.24839381087002402
17596,Unknown,United Kingdom,,,,0,Elite Buyers,57,33,19647.54,595.38,571,1971,302.2698461538462,-2.2785293288125867,0.27575597827507914
15189,Unknown,United Kingdom,,,,0,Elite Buyers,22,35,19622.77,560.6505714285714,455,1795,327.0461666666667,-2.0843733286653525,0.35973804631766104
16701,Unknown,United Kingdom,,,,0,Elite Buyers,9,31,19600.57,632.2764516129032,553,1805,326.6761666666667,-2.201382480627392,0.434839982876868
13588,Unknown,United Kingdom,,,,0,Elite Buyers,156,13,19543.43,1503.3407692307692,337,1661,355.3350909090909,-2.125773894109012,1.3601216830350527
13680,Unknown,United Kingdom,,,,0,Elite Buyers,114,26,19533.02,751.27,503,1621,361.7225925925926,-1.9526256087046916,0.8642772025906844
14465,Unknown,United Kingdom,,,,0,Elite Buyers,9,27,19510.65,722.6166666666667,571,1632,361.30833333333334,-2.1044032198327747,0.7185055846671177
14684,Unknown,United Kingdom,,,,0,Elite Buyers,8,37,19447.95,525.6202702702702,692,1837,318.8188524590164,-2.205141728302285,0.2712361186192155
16244,Unknown,United Kingdom,,,,0,Elite Buyers,1,22,19407.52,882.16,494,2147,273.34535211267604,-2.6233209264670214,0.3068500603523049
12949,Unknown,United Kingdom,,,,0,Elite Buyers,7,34,19331.12,568.5623529411764,621,1815,322.18533333333335,-2.1900873602194695,0.34359791265075224
14048,Unknown,United Kingdom,,,,0,Elite Buyers,51,22,19249.16,874.9618181818182,633,1592,363.19169811320756,-2.1088635442966663,0.9420426138478613
16592,Unknown,United Kingdom,,,,0,Elite Buyers,55,29,19227.11,663.0037931034483,468,1767,325.88322033898305,-2.0804659162840924,0.5372170579890464
17975,Unknown,United Kingdom,,,,0,Elite Buyers,78,37,19225.54,519.6091891891892,616,1889,305.1673015873016,-2.128512882882079,0.26910920819806483
16960,Unknown,United Kingdom,,,,0,Elite Buyers,59,37,19173.12,518.1924324324324,576,1763,330.57103448275865,-2.0218227099449364,0.3800763493550475
17719,Unknown,United Kingdom,,,,0,Elite Buyers,6,31,19070.11,615.1648387096774,511,1783,323.2222033898305,-2.1415622139846855,0.4152486300514163
17042,Unknown,United Kingdom,,,,0,Elite Buyers,78,31,18954.46,611.434193548387,505,1593,357.63132075471697,-1.8740442445193144,0.6859917563436763
18226,Unknown,United Kingdom,,,,0,Elite Buyers,2,36,18947.83,526.3286111111111,564,1758,326.68672413793104,-2.081413869987065,0.3251590888275261
13078,Unknown,United Kingdom,,,,0,Elite Buyers,47,37,18895.36,510.6854054054054,566,1920,295.24,-2.1586808655635794,0.17535159884044546
17865,Unknown,United Kingdom,,,,0,Elite Buyers,52,25,18844.84,753.7936,528,1854,308.9318032786885,-2.2316589413844357,0.5361234271970748
14936,Unknown,Channel Islands,,,,0,Elite Buyers,10,33,18809.01,569.97,566,1686,335.8751785714286,-2.0343969386496994,0.4617483591432361
14506,Unknown,United Kingdom,,,,0,Elite Buyers,45,32,18798.77,587.4615625,670,2014,280.5786567164179,-2.337609880402132,0.18463336696962954
13772,Unknown,United Kingdom,,,,0,Elite Buyers,38,34,18798.39,552.8938235294117,577,1689,335.6855357142857,-1.9950906521409428,0.46796673929696586
15194,Unknown,United Kingdom,,,,0,Elite Buyers,2,43,18791.94,437.0218604651163,519,2026,280.47671641791044,-2.2264449517705343,-0.10188080150055179
16743,Unknown,United Kingdom,,,,0,Elite Buyers,7,29,18766.42,647.1179310344828,522,1631,347.5262962962963,-2.0198599832912807,0.6068279461038919
12856,Unknown,United Kingdom,,,,0,Elite Buyers,27,32,18726.2,585.19375,594,1756,322.86551724137934,-2.096121539634243,0.42682405465890305
15952,Unknown,United Kingdom,,,,0,Elite Buyers,8,21,18664.29,888.7757142857142,493,1777,316.34389830508474,-2.259752356203745,0.6772069533394097
14711,Unknown,United Kingdom,,,,0,Elite Buyers,26,40,18647.19,466.17975,575,1736,321.50327586206896,-1.9782727556547108,0.27091677792511115
15867,Unknown,United Kingdom,,,,0,Elite Buyers,3,34,18633.76,548.0517647058823,609,2056,274.02588235294115,-2.3736236174979206,0.03700477475687122
15679,Unknown,United Kingdom,,,,0,Elite Buyers,152,27,18600.34,688.9014814814815,536,1455,387.50708333333336,-1.7123531002898926,1.0005126731562954
15529,Unknown,United Kingdom,,,,0,Elite Buyers,124,38,18552.27,488.21763157894736,599,1843,304.1355737704918,-1.980656678815157,0.30073296064314614
12685,Unknown,France,,,,0,Elite Buyers,73,30,18542.52,618.084,561,1563,356.5869230769231,-1.869382238750166,0.7125755838353751
13344,Unknown,United Kingdom,,,,0,Elite Buyers,217,26,18534.53,712.8665384615384,613,1540,363.4221568627451,-1.7500860182454399,1.0049688846313962
13047,Unknown,United Kingdom,,,,0,Elite Buyers,14,26,18502.4,711.6307692307693,482,2165,256.97777777777776,-2.505267692524993,0.11069885629538698
14573,Unknown,United Kingdom,,,,0,Elite Buyers,0,30,18442.95,614.765,597,2148,259.7598591549296,-2.496390345233155,0.016733536062396998
13018,Unknown,United Kingdom,,,,0,Elite Buyers,6,32,18393.96,574.81125,607,1696,328.4635714285714,-2.0557703703507397,0.4447883385238397
15819,Unknown,United Kingdom,,,,0,Elite Buyers,43,5,18334.01,3666.802,231,1568,352.5771153846154,-2.431605446015154,1.93945976151865
17416,Unknown,United Kingdom,,,,0,Elite Buyers,28,27,18286.31,677.2707407407407,591,1736,315.28120689655174,-2.1191467495097456,0.536127867096757
15581,Unknown,United Kingdom,,,,0,Elite Buyers,6,27,18258.26,676.2318518518518,546,1961,280.8963076923077,-2.330591342972702,0.27316606062293713
12472,Unknown,Germany,,,,0,Elite Buyers,194,22,18235.77,828.8986363636363,390,1865,294.12532258064516,-2.0173872222886464,0.7077834661954208
15707,Unknown,United Kingdom,,,,0,Elite Buyers,47,26,18200.67,700.0257692307692,531,1678,325.01196428571427,-2.0301453827448555,0.6351849320704628
16945,Unknown,United Kingdom,,,,0,Elite Buyers,8,29,18124.6,624.9862068965517,522,1778,307.1966101694915,-2.1170085481358765,0.40183839798717
12502,Unknown,Spain,,,,0,Elite Buyers,16,29,18104.67,624.2989655172414,566,1749,312.1494827586207,-2.098601372245255,0.44417015245174674
17338,Unknown,United Kingdom,,,,0,Elite Buyers,3,27,18061.33,668.9381481481481,579,1816,301.0221666666667,-2.206550753944189,0.41103889053521947
16380,Unknown,United Kingdom,,,,0,Elite Buyers,122,13,18057.72,1389.0553846153846,497,1451,376.2025,-1.993309128208226,1.4648511255605303
16520,Unknown,United Kingdom,,,,0,Elite Buyers,52,29,17999.58,620.6751724137931,587,1884,290.3158064516129,-2.1799644927732125,0.33800995851422055
14662,Unknown,United Kingdom,,,,0,Elite Buyers,135,25,17935.37,717.4148,620,1445,373.6535416666667,-1.7524795064761627,1.0042021220318573
17049,Unknown,United Kingdom,,,,0,Elite Buyers,16,32,17882.78,558.836875,561,1683,319.33535714285716,-1.9860791566293803,0.42363293129302015
14388,Unknown,United Kingdom,,,,0,Elite Buyers,73,27,17827.15,660.2648148148148,475,2075,258.3644927536232,-2.2972695378836887,0.18716679249609489
12886,Unknown,United Kingdom,,,,0,Elite Buyers,114,23,17821.19,774.834347826087,510,1643,330.022037037037,-1.938281363160489,0.8114153103633197
14462,Unknown,United Kingdom,,,,0,Elite Buyers,43,33,17776.51,538.6821212121212,493,1692,317.4376785714286,-1.9144548412470697,0.4083198035345066
15764,Unknown,United Kingdom,,,,0,Elite Buyers,8,30,17768.92,592.2973333333333,589,1603,335.262641509434,-1.955640005046435,0.5452127850623211
14258,Unknown,United Kingdom,,,,0,Elite Buyers,30,22,17768.58,807.6627272727272,380,1644,323.0650909090909,-1.9876732606213177,0.7252888309501014
16525,Unknown,United Kingdom,,,,0,Elite Buyers,55,36,17724.4,492.34444444444443,343,1912,281.33968253968254,-1.978704098812824,0.10460149715590841
12867,Unknown,United Kingdom,,,,0,Elite Buyers,19,30,17678.05,589.2683333333333,576,1708,310.14122807017543,-2.0250887892264497,0.4317274319064216
13115,Unknown,United Kingdom,,,,0,Elite Buyers,22,23,17663.4,767.9739130434782,514,1586,333.27169811320755,-1.9911202968688713,0.7544200384221509
12662,Unknown,Germany,,,,0,Elite Buyers,128,24,17628.12,734.505,518,2051,259.2370588235294,-2.2644842666169898,0.3482698982747511
13365,Unknown,United Kingdom,,,,0,Elite Buyers,20,26,17590.46,676.5561538461538,501,1650,319.82654545454545,-1.9923794780410584,0.5868889547688374
16186,Unknown,United Kingdom,,,,0,Elite Buyers,44,29,17562.15,605.5913793103448,521,2104,250.88785714285714,-2.3374012322524216,0.057471307587644155
15351,Unknown,United Kingdom,,,,0,Elite Buyers,173,23,17548.47,762.9769565217391,535,1886,283.03983870967744,-2.0808915925833986,0.5984794140997879
12524,Unknown,Germany,,,,0,Elite Buyers,1,29,17526.46,604.3606896551725,529,1820,292.10766666666666,-2.135158080561299,0.3073759120889624
13139,Unknown,United Kingdom,,,,0,Elite Buyers,9,17,17520.26,1030.6035294117646,470,1625,324.44925925925924,-2.1355509787021343,0.9071423657027424
14401,Unknown,United Kingdom,,,,0,Elite Buyers,20,24,17519.71,729.9879166666667,530,1795,291.99516666666665,-2.1631228322793383,0.4869511330701667
12965,Unknown,United Kingdom,,,,0,Elite Buyers,253,24,17515.58,729.8158333333333,469,1260,417.03761904761905,-1.3752708547332861,1.3246248430426097
17426,Unknown,United Kingdom,,,,0,Elite Buyers,12,31,17504.28,564.6541935483871,553,1802,291.738,-2.0867236792459396,0.28552364366208993
14132,Unknown,United Kingdom,,,,0,Elite Buyers,28,35,17499.47,499.98485714285715,531,1731,307.0082456140351,-1.947021208927625,0.2916052377977211
16358,Unknown,United Kingdom,,,,0,Elite Buyers,5,28,17464.93,623.7475,514,1630,323.42462962962964,-1.9630745529084381,0.5319502745837451
16145,Unknown,United Kingdom,,,,0,Elite Buyers,23,33,17456.01,528.97,526,1794,295.8645762711864,-2.028724557179256,0.25910161893538397
14110,Unknown,United Kingdom,,,,0,Elite Buyers,28,20,17448.9,872.445,312,1734,306.12105263157895,-2.0488469582449156,0.6694919807620056
14842,Unknown,United Kingdom,,,,0,Elite Buyers,161,28,17351.84,619.7085714285714,477,1659,315.488,-1.774997373091891,0.6568762679198926
12626,Unknown,Germany,,,,0,Elite Buyers,43,27,17340.4,642.237037037037,483,1685,309.65,-1.9589320449103071,0.5262726510244263
17800,Unknown,United Kingdom,,,,0,Elite Buyers,17,24,17336.34,722.3475,554,1802,288.939,-2.1735971368212583,0.46580346994227373
12501,Unknown,Germany,,,,0,Elite Buyers,3,23,17307.02,752.4791304347826,539,1641,320.5003703703704,-2.056662991841538,0.6552934514831165
17015,Unknown,United Kingdom,,,,0,Elite Buyers,3,23,17272.91,750.9960869565217,556,1636,319.8687037037037,-2.057014194592038,0.6582309068963584
13090,Unknown,United Kingdom,,,,0,Elite Buyers,52,20,17242.39,862.1195,481,2096,249.88971014492753,-2.434058988446485,0.32280885891371247
17126,Unknown,United Kingdom,,,,0,Elite Buyers,82,27,17234.33,638.3085185185186,579,1763,297.14362068965517,-2.017957538872,0.4904571360375507
17857,Unknown,United Kingdom,,,,0,Elite Buyers,243,16,17234.14,1077.13375,111,1693,307.7525,-1.5917782861994054,1.0392257085170853
18116,Unknown,United Kingdom,,,,0,Elite Buyers,0,31,17231.55,555.8564516129032,615,1906,273.51666666666665,-2.2053888762054648,0.15034336783863236
14291,Unknown,United Kingdom,,,,0,Elite Buyers,49,31,17226.98,555.7090322580646,522,1677,307.6246428571429,-1.9004036910124928,0.4327895439713375
15993,Unknown,United Kingdom,,,,0,Elite Buyers,0,30,17226.56,574.2186666666666,557,1814,287.1093333333333,-2.11237430211355,0.26524242106001783
17961,Unknown,United Kingdom,,,,0,Elite Buyers,93,37,17224.34,465.5227027027027,516,2055,253.29911764705884,-2.116285871699064,-0.042684020078504775
14161,Unknown,United Kingdom,,,,0,Elite Buyers,24,24,17212.32,717.18,483,2035,256.9002985074627,-2.3391709450998546,0.21870182728740814
12766,Unknown,Portugal,,,,0,Elite Buyers,50,26,17207.56,661.8292307692308,468,1917,273.135873015873,-2.1612332304058004,0.30908792645776983
16652,Unknown,United Kingdom,,,,0,Elite Buyers,12,22,17161.48,780.0672727272728,386,1507,343.2296,-1.8588733780270221,0.8120658626267361
17085,Unknown,United Kingdom,,,,0,Elite Buyers,14,28,17140.39,612.1567857142857,610,1831,280.99,-2.1530481383839732,0.30774763173107833
14446,Unknown,United Kingdom,,,,0,Elite Buyers,13,40,17114.21,427.85525,639,1628,316.9298148148148,-1.8403269039599137,0.2637510760885764
17419,Unknown,United Kingdom,,,,0,Elite Buyers,54,18,17089.24,949.4022222222222,501,1944,267.019375,-2.336587851653056,0.548969365493941
12557,Unknown,Spain,,,,0,Elite Buyers,92,14,17074.66,1219.6185714285714,290,2028,254.84567164179106,-2.342099549322894,0.6582403822820061
14217,Unknown,United Kingdom,,,,0,Elite Buyers,105,27,17044.28,631.2696296296297,393,1862,274.9077419354839,-1.9787922979082797,0.37095215477383126
17863,Unknown,United Kingdom,,,,0,Elite Buyers,13,27,17028.86,630.6985185185185,495,2046,250.4244117647059,-2.3099249796907966,0.09137429475314943
14562,Unknown,United Kingdom,,,,0,Elite Buyers,13,34,16963.92,498.93882352941176,488,1802,282.732,-1.9904566833402215,0.1695551175864439
16550,Unknown,United Kingdom,,,,0,Elite Buyers,20,29,16951.7,584.5413793103448,451,2008,256.8439393939394,-2.2142291428947782,0.07953727866561286
14051,Unknown,United Kingdom,,,,0,Elite Buyers,51,27,16900.17,625.9322222222222,386,1916,268.25666666666666,-2.082936917599585,0.2488546468067717
15965,Unknown,United Kingdom,,,,0,Elite Buyers,26,21,16881.49,803.8804761904762,497,1972,259.71523076923074,-2.320707041629419,0.3584274246286975
13266,Unknown,United Kingdom,,,,0,Elite Buyers,212,24,16848.83,702.0345833333333,459,1517,336.9766,-1.6111671487422983,0.940430059168176
16735,Unknown,United Kingdom,,,,0,Elite Buyers,131,16,16842.93,1052.683125,261,1655,306.2350909090909,-1.8661109634864335,0.9680085573428352
16016,Unknown,United Kingdom,,,,0,Elite Buyers,38,33,16816.84,509.60121212121214,575,1929,262.763125,-2.115925003716834,0.0833159564807073
15984,Unknown,United Kingdom,,,,0,Elite Buyers,86,31,16793.37,541.7216129032258,540,1942,262.39640625,-2.0789571196347283,0.16558577947891648
14083,Unknown,United Kingdom,,,,0,Elite Buyers,17,26,16705.96,642.5369230769231,567,2103,238.65657142857143,-2.3843803199029336,0.04498332783154338
17084,Unknown,United Kingdom,,,,0,Elite Buyers,59,26,16690.45,641.9403846153846,546,1666,303.46272727272725,-1.9295840371144166,0.5485069869294266
12359,Unknown,Cyprus,,,,0,Elite Buyers,91,29,16652.63,574.2286206896551,548,1670,302.7750909090909,-1.8495818718245203,0.4968396793588471
14085,Unknown,United Kingdom,,,,0,Elite Buyers,208,33,16627.64,503.8678787878788,550,1820,277.12733333333335,-1.7894179082493828,0.36691348293972337
15342,Unknown,United Kingdom,,,,0,Elite Buyers,556,5,16603.96,3320.792,173,1231,404.9746341463415,-1.3463864243692574,2.723657938552404
12590,Unknown,Germany,,,,0,Elite Buyers,28,12,16599.33,1383.2775,309,1459,345.819375,-1.9598435756085797,1.27600205518701
14360,Unknown,United Kingdom,,,,0,Elite Buyers,30,29,16587.83,571.9941379310345,574,1727,291.01456140350876,-1.981866805262846,0.36565545156426416
12539,Unknown,Spain,,,,0,Elite Buyers,128,19,16577.61,872.5057894736842,533,1424,352.7151063829787,-1.7432828396703957,1.109154985623367
14653,Unknown,United Kingdom,,,,0,Elite Buyers,8,25,16574.37,662.9748,536,1749,285.765,-2.0706220416099743,0.42073028943573865
12836,Unknown,United Kingdom,,,,0,Elite Buyers,36,34,16554.19,486.8879411764706,575,1788,280.57949152542375,-1.96482099974296,0.1880073423208867
14664,Unknown,United Kingdom,,,,0,Elite Buyers,29,16,16407.24,1025.4525,437,1635,303.8377777777778,-2.0658871658961866,0.871684274913465
17014,Unknown,United Kingdom,,,,0,Elite Buyers,12,16,16397.43,1024.839375,462,1802,273.2905,-2.247738596451229,0.6732480407530747
12712,Unknown,Germany,,,,0,Elite Buyers,12,34,16368.03,481.41264705882355,430,2108,233.829,-2.206332680710309,-0.2033818330115264
15251,Unknown,United Kingdom,,,,0,Elite Buyers,68,20,16315.23,815.7615,349,1660,296.6405454545455,-1.8939109623987285,0.7023067939376048
13534,Unknown,United Kingdom,,,,0,Elite Buyers,14,29,16279.68,561.3682758620689,480,1805,271.328,-2.0120988055249973,0.227684863316698
14920,Unknown,United Kingdom,,,,0,Elite Buyers,539,12,16270.73,1355.8941666666667,461,978,493.05242424242425,-0.9865804919818113,2.378367410831237
16474,Unknown,United Kingdom,,,,0,Elite Buyers,107,30,16248.64,541.6213333333334,530,1676,290.1542857142857,-1.789137806153116,0.44123844781876076
15089,Unknown,United Kingdom,,,,0,Elite Buyers,0,24,16231.74,676.3225,527,1759,279.85758620689654,-2.082530544017164,0.4044162255766577
17728,Unknown,United Kingdom,,,,0,Elite Buyers,8,30,16198.96,539.9653333333333,504,1688,289.26714285714286,-1.9073944053993739,0.31733255399763116
18092,Unknown,United Kingdom,,,,0,Elite Buyers,73,16,16155.11,1009.694375,330,1863,260.56629032258064,-2.137429072875994,0.638064103089781
14071,Unknown,United Kingdom,,,,0,Elite Buyers,2,27,16144.36,597.9392592592593,549,1661,293.53381818181816,-1.94887299482857,0.4177173615808977
16409,Unknown,United Kingdom,,,,0,Elite Buyers,93,31,16108.94,519.6432258064516,538,1663,292.88981818181816,-1.777988725611836,0.40934880661199147
12569,Unknown,Germany,,,,0,Elite Buyers,12,35,15975.48,456.44228571428573,445,1810,266.258,-1.9095930060456194,0.05379423647156076
16010,Unknown,United Kingdom,,,,0,Elite Buyers,21,16,15970.43,998.151875,500,1824,266.17383333333333,-2.2508024649326335,0.6328939564633217
14146,Unknown,United Kingdom,,,,0,Elite Buyers,90,19,15940.43,838.97,467,1724,279.6566666666667,-1.9893325734154743,0.6790227465031752
15874,Unknown,United Kingdom,,,,0,Elite Buyers,152,24,15927.97,663.6654166666667,461,1518,318.5594,-1.632760253956855,0.7977085801997499
12347,Unknown,Iceland,,,,0,Elite Buyers,41,30,15927.19,530.9063333333334,448,1957,245.03369230769232,-2.066498978307504,0.0398986403904554
14530,Unknown,United Kingdom,,,,0,Elite Buyers,90,29,15925.7,549.1620689655173,523,1669,289.5581818181818,-1.7965516289984396,0.43305303534554107
15038,Unknown,United Kingdom,,,,0,Elite Buyers,38,31,15925.44,513.723870967742,522,2021,237.6931343283582,-2.150175129066745,-0.045211459498047696
14748,Unknown,United Kingdom,,,,0,Elite Buyers,55,24,15921.78,663.4075,343,1973,244.95046153846152,-2.0924983593740336,0.1919999538333982
14844,Unknown,United Kingdom,,,,0,Elite Buyers,6,24,15906.53,662.7720833333333,449,1629,294.5653703703704,-1.9021402486326646,0.5121768412562179
15144,Unknown,United Kingdom,,,,0,Elite Buyers,57,31,15905.37,513.0764516129033,420,1757,274.2305172413793,-1.8380484231237497,0.24065413709200648
16031,Unknown,United Kingdom,,,,0,Elite Buyers,71,21,15898.95,757.0928571428572,511,1600,299.98018867924526,-1.8792032563624432,0.7184952754369196
17412,Unknown,United Kingdom,,,,0,Elite Buyers,107,18,15860.91,881.1616666666666,448,2041,233.24867647058824,-2.2616297197599127,0.393153147592885
16790,Unknown,United Kingdom,,,,0,Elite Buyers,12,18,15839.07,879.9483333333334,428,1772,268.45881355932204,-2.122763825502995,0.5669328545987501
13381,Unknown,United Kingdom,,,,0,Elite Buyers,47,12,15820.52,1318.3766666666668,503,1556,304.2407692307692,-2.0858625402947766,1.1413568528645803
14704,Unknown,United Kingdom,,,,0,Elite Buyers,140,8,15741.62,1967.7025,207,1346,349.8137777777778,-1.7464256679399712,1.7246795533721355
13908,Unknown,United Kingdom,,,,0,Elite Buyers,65,23,15727.75,683.8152173913044,438,1633,291.2546296296296,-1.8344124528042571,0.5874552702028997
15291,Unknown,United Kingdom,,,,0,Elite Buyers,89,32,15677.62,489.925625,430,2090,227.21188405797102,-2.0793452809776287,-0.11347697885023564
16813,Unknown,United Kingdom,,,,0,Elite Buyers,56,24,15672.64,653.0266666666666,504,1764,270.2179310344828,-1.975244402017539,0.4108013482956636
14040,Unknown,United Kingdom,,,,0,Elite Buyers,3,27,15655.34,579.8274074074075,495,1663,284.6425454545454,-1.8966073980138707,0.36980070128192044
14729,Unknown,United Kingdom,,,,0,Elite Buyers,2,15,15629.18,1041.9453333333333,369,2177,217.07194444444445,-2.530011214251499,0.24788819688308875
16676,Unknown,United Kingdom,,,,0,Elite Buyers,21,17,15622.5,918.9705882352941,519,1653,284.04545454545456,-2.058766873616916,0.7371763172489412
14583,Unknown,United Kingdom,,,,0,Elite Buyers,8,32,15579.13,486.8478125,553,1716,273.3180701754386,-1.8906411716533786,0.19067028090819846
13715,Unknown,United Kingdom,,,,0,Elite Buyers,2,30,15513.16,517.1053333333333,500,2146,218.49521126760564,-2.2863367364225144,-0.22540155336108667
18198,Unknown,United Kingdom,,,,0,Elite Buyers,16,25,15509.27,620.3708,424,1777,262.8689830508475,-1.9690290525421807,0.2963090242603046
14961,Unknown,United Kingdom,,,,0,Elite Buyers,103,26,15499.21,596.1234615384616,493,1538,303.9060784313725,-1.6669636209535712,0.6268107548105054
12480,Unknown,Germany,,,,0,Elite Buyers,59,16,15417.06,963.56625,423,1585,290.8879245283019,-1.9161487705257927,0.8661401956249963
17404,Unknown,Sweden,,,,0,Elite Buyers,8,16,15386.51,961.656875,280,1720,269.93877192982455,-2.0046193755377333,0.6456082131113369
13124,Unknown,United Kingdom,,,,0,Elite Buyers,93,21,15337.98,730.38,516,1729,269.08736842105264,-1.9363008268352677,0.5568028794606605
15889,Unknown,United Kingdom,,,,0,Elite Buyers,37,18,15330.69,851.705,425,2022,228.81626865671643,-2.286096020221364,0.28989745689326196
12839,Unknown,United Kingdom,,,,0,Elite Buyers,42,25,15321.57,612.8628,496,1956,235.71646153846154,-2.1229356580606296,0.12770235685776563
17722,Unknown,United Kingdom,,,,0,Elite Buyers,2,28,15235.51,544.1253571428572,437,1965,234.39246153846153,-2.101233476828563,-0.020356861203285864
15059,Unknown,United Kingdom,,,,0,Elite Buyers,0,26,15169.02,583.4238461538462,489,1609,286.2079245283019,-1.8345437208050392,0.4105435065306853
16265,Unknown,United Kingdom,,,,0,Elite Buyers,47,28,15135.37,540.5489285714285,472,1859,244.11887096774194,-1.9605569104140423,0.13026190645859584
12490,Unknown,France,,,,0,Elite Buyers,161,24,15098.64,629.11,466,1623,279.6044444444444,-1.6654947880203588,0.6156455923954606
17091,Unknown,United Kingdom,,,,0,Elite Buyers,26,24,15081.81,628.40875,425,1972,232.02784615384616,-2.123992997877698,0.09789968736289914
15025,Unknown,United Kingdom,,,,0,Elite Buyers,19,24,15065.27,627.7195833333334,495,1645,273.914,-1.8698204795880466,0.43570338273282916
13422,Unknown,United Kingdom,,,,0,Elite Buyers,14,27,15032.99,556.7774074074074,517,1651,273.3270909090909,-1.8426953792569671,0.33812416055444505
12647,Unknown,Germany,,,,0,Elite Buyers,38,22,14981.12,680.96,475,2021,223.59880597014924,-2.206772146565889,0.11818027405921047
13736,Unknown,United Kingdom,,,,0,Elite Buyers,0,28,14905.82,532.3507142857143,484,1724,261.5056140350877,-1.8885726247797592,0.2062247228968224
16903,Unknown,United Kingdom,,,,0,Elite Buyers,91,19,14837.74,780.9336842105263,494,1451,309.1195833333333,-1.6888217565366639,0.8820062375381561
14432,Unknown,United Kingdom,,,,0,Elite Buyers,24,23,14808.52,643.8486956521739,508,1791,250.99186440677965,-2.0030299229413324,0.3006047452089803
15696,Unknown,United Kingdom,,,,0,Elite Buyers,33,25,14723.53,588.9412,448,1729,258.3075438596491,-1.868789662312376,0.3004164817168675
12708,Unknown,Germany,,,,0,Elite Buyers,329,16,14720.32,920.02,469,1699,262.86285714285714,-1.6690805632730121,0.9839550414356575
14673,Unknown,United Kingdom,,,,0,Elite Buyers,80,16,14694.84,918.4275,440,1918,229.606875,-2.1532191680449952,0.4716639591981032
15727,Unknown,United Kingdom,,,,0,Elite Buyers,23,17,14664.84,862.6376470588235,452,1679,261.8721428571429,-1.9873713294531405,0.6166327631588139
15255,Unknown,United Kingdom,,,,0,Elite Buyers,31,18,14647.88,813.7711111111112,489,1695,261.56928571428574,-1.9868933008436471,0.5725700847242731
13268,Unknown,United Kingdom,,,,0,Elite Buyers,48,27,14641.74,542.2866666666666,477,1767,248.1650847457627,-1.861428436174781,0.20971901067856216
14191,Unknown,United Kingdom,,,,0,Elite Buyers,16,30,14641.7,488.0566666666667,408,1799,244.02833333333334,-1.8520740615179223,0.05639073650564455
15301,Unknown,United Kingdom,,,,0,Elite Buyers,19,16,14575.63,910.976875,452,2009,217.54671641791046,-2.3087057744025357,0.3015939229506348
15508,Unknown,United Kingdom,,,,0,Elite Buyers,29,16,14575.31,910.956875,478,1732,255.70719298245615,-2.060516822974927,0.6113148983371582
12674,Unknown,France,,,,0,Elite Buyers,38,19,14564.1,766.5315789473684,457,1777,246.84915254237288,-2.0088228088036946,0.4395591314346643
17861,Unknown,United Kingdom,,,,0,Elite Buyers,26,25,14557.73,582.3092,529,1642,269.5875925925926,-1.8266737836639197,0.38012507539271634
17966,Unknown,United Kingdom,,,,0,Elite Buyers,24,18,14496.82,805.3788888888889,396,1760,249.9451724137931,-1.9961979273860753,0.4718868436200877
17218,Unknown,United Kingdom,,,,0,Elite Buyers,36,36,14489.61,402.4891666666667,526,1992,219.53954545454545,-1.97866314891563,-0.25589844253538213
13253,Unknown,United Kingdom,,,,0,Elite Buyers,43,12,14421.86,1201.8216666666667,346,1692,257.5332142857143,-2.039781445920845,0.848147941753512
17528,Unknown,United Kingdom,,,,0,Elite Buyers,26,19,14392.27,757.4878947368421,459,1576,276.7744230769231,-1.8337771619209509,0.6292816849420417
12381,Unknown,Norway,,,,0,Elite Buyers,21,24,14383.31,599.3045833333333,445,1673,261.51472727272727,-1.8259505443084052,0.3462047763605367
17254,Unknown,United Kingdom,,,,0,Elite Buyers,265,17,14382.41,846.0241176470588,300,1429,306.0087234042553,-1.3587103762759472,1.1118628161290651
16515,Unknown,United Kingdom,,,,0,Elite Buyers,37,21,14364.72,684.0342857142857,415,1787,243.4698305084746,-1.9444943762703581,0.33295717008675774
17071,Unknown,United Kingdom,,,,0,Elite Buyers,0,26,14360.58,552.33,435,1765,247.59620689655173,-1.8957159265283174,0.16322006890522114
15787,Unknown,United Kingdom,,,,0,Elite Buyers,62,19,14344.72,754.9852631578948,408,1511,286.8944,-1.701585067066612,0.7279112618177636
15407,Unknown,United Kingdom,,,,0,Elite Buyers,15,30,14341.7,478.0566666666667,582,1806,239.02833333333334,-1.921200067670378,0.0391533942508184
16324,Unknown,United Kingdom,,,,0,Elite Buyers,27,19,14340.62,754.7694736842105,411,1732,251.5898245614035,-1.9439190293331776,0.45276870219224563
13113,Unknown,United Kingdom,,,,0,Elite Buyers,177,23,14315.87,622.4291304347826,328,1790,242.64186440677966,-1.683082994783301,0.39898179411515
14257,Unknown,United Kingdom,,,,0,Elite Buyers,47,28,14270.1,509.64642857142854,378,1713,250.35263157894738,-1.7225440960038922,0.19400471427040775
12500,Unknown,Germany,,,,0,Elite Buyers,496,5,14246.96,2849.392,456,1268,339.2133333333333,-1.526614412247338,2.4566908400672918
15673,Unknown,United Kingdom,,,,0,Elite Buyers,5,25,14236.05,569.442,430,1663,258.8372727272727,-1.8019266555202076,0.291181192589544
14525,Unknown,United Kingdom,,,,0,Elite Buyers,13,24,14211.99,592.16625,484,1626,263.185,-1.8001352980882441,0.37163779283575127
15898,Unknown,United Kingdom,,,,0,Elite Buyers,6,25,14192.02,567.6808,442,2022,211.82119402985074,-2.1277617652101224,-0.08904415202038343
17997,Unknown,United Kingdom,,,,0,Elite Buyers,73,28,14153.88,505.4957142857143,518,1713,248.3136842105263,-1.7546985305011404,0.2268899918345759
16719,Unknown,United Kingdom,,,,0,Elite Buyers,7,23,14140.16,614.7895652173913,420,2021,211.04716417910447,-2.143692263203238,-0.03346997614482314
15674,Unknown,United Kingdom,,,,0,Elite Buyers,241,10,14087.18,1408.718,273,1461,287.4934693877551,-1.5884805156016837,1.3999005903766004
16386,Unknown,United Kingdom,,,,0,Elite Buyers,23,19,14079.68,741.0357894736842,527,1488,287.3404081632653,-1.769892809091401,0.7004878479402503
13426,Unknown,United Kingdom,,,,0,Elite Buyers,101,20,14075.36,703.768,456,1564,270.68,-1.6871389077386227,0.65184102120486
15910,Unknown,United Kingdom,,,,0,Elite Buyers,216,24,14019.2,584.1333333333333,475,1601,264.5132075471698,-1.5126844906910868,0.6006953302984362
16348,Unknown,United Kingdom,,,,0,Elite Buyers,107,20,14017.97,700.8985,404,1713,245.92929824561404,-1.7815098572737513,0.48525426807641214
12577,Unknown,France,,,,0,Elite Buyers,104,20,13986.6,699.33,504,1621,259.0111111111111,-1.7508563266784385,0.5885902077450588
15024,Unknown,United Kingdom,,,,0,Elite Buyers,71,24,13983.22,582.6341666666667,493,1927,218.4878125,-1.988833408839537,0.09400790170328463
16794,Unknown,United Kingdom,,,,0,Elite Buyers,99,21,13961.46,664.8314285714285,453,1503,279.2292,-1.6064557105139805,0.6691123372469078
16919,Unknown,United Kingdom,,,,0,Elite Buyers,29,24,13959.87,581.66125,487,1999,211.5131818181818,-2.101779048142994,-0.026524560882649817
16817,Unknown,United Kingdom,,,,0,Elite Buyers,247,27,13937.14,516.1903703703704,441,1781,236.2227118644068,-1.5667034465194893,0.3426578489431592
12449,Unknown,Belgium,,,,0,Elite Buyers,80,20,13916.27,695.8135,408,1707,244.14508771929823,-1.8039976124743315,0.4513753412261937
16776,Unknown,United Kingdom,,,,0,Elite Buyers,85,19,13915.98,732.42,431,1458,289.91625,-1.6105585205532542,0.7750028817813834
16143,Unknown,United Kingdom,,,,0,Elite Buyers,15,23,13897.86,604.2547826086957,390,2044,204.38029411764705,-2.1210086275314097,-0.07738956314707551
17802,Unknown,United Kingdom,,,,0,Elite Buyers,19,25,13887.18,555.4872,450,2129,195.59408450704225,-2.1918084302640493,-0.2161967141114882
16626,Unknown,United Kingdom,,,,0,Elite Buyers,187,17,13868.66,815.8035294117647,390,1598,261.67283018867926,-1.628144842707595,0.8005695422264172
15572,Unknown,United Kingdom,,,,0,Elite Buyers,40,26,13847.63,532.6011538461538,434,1662,251.77509090909092,-1.718236045316986,0.26372428422574756
16607,Unknown,United Kingdom,,,,0,Elite Buyers,125,21,13831.2,658.6285714285714,437,1662,251.47636363636363,-1.6999602311571296,0.511585812398844
15485,Unknown,United Kingdom,,,,0,Elite Buyers,80,24,13823.18,575.9658333333333,324,2099,197.474,-2.0269738640526427,-0.11230161819429282
14701,Unknown,United Kingdom,,,,0,Elite Buyers,21,20,13822.98,691.149,537,1651,251.32690909090908,-1.8823599985042057,0.4531916729060671
13527,Unknown,United Kingdom,,,,0,Elite Buyers,44,12,13817.21,1151.4341666666667,305,1620,255.87425925925925,-1.9036006984636058,0.8586766873957741
17507,Unknown,United Kingdom,,,,0,Elite Buyers,68,11,13805.02,1255.0018181818182,467,1697,246.5182142857143,-2.0760904255446198,0.8906390757286584
12838,Unknown,United Kingdom,,,,0,Elite Buyers,50,31,13797.99,445.09645161290325,494,2129,197.11414285714287,-2.085241707916386,-0.33843037312735397
17949,Unknown,United Kingdom,,,,0,Elite Buyers,230,15,13636.92,909.128,33,1890,216.45904761904762,-1.3143683450775305,0.479729277919974
14868,Unknown,United Kingdom,,,,0,Elite Buyers,42,20,13636.18,681.809,330,1777,231.12169491525424,-1.8463331293824918,0.29954735605873073
14493,Unknown,United Kingdom,,,,0,Elite Buyers,21,22,13634.23,619.7377272727273,394,1762,235.07293103448276,-1.8616164098019563,0.2350848445977328
15514,Unknown,United Kingdom,,,,0,Elite Buyers,17,28,13616.49,486.30321428571426,467,1889,216.13476190476192,-1.9208978981184157,-0.07908325310575168
17203,Unknown,United Kingdom,,,,0,Elite Buyers,259,17,13587.77,799.2805882352941,368,1466,277.3014285714286,-1.3890211004372142,0.9894423426851049
13842,Unknown,United Kingdom,,,,0,Elite Buyers,38,37,13583.33,367.117027027027,511,1929,212.23953125,-1.8398554064316348,-0.29896905285370734
15235,Unknown,United Kingdom,,,,0,Elite Buyers,42,19,13571.8,714.3052631578947,438,2137,191.15211267605633,-2.253014378829256,-0.02885473020494264
15862,Unknown,United Kingdom,,,,0,Elite Buyers,99,25,13556.64,542.2656,409,2080,196.47304347826088,-2.0052446895674203,-0.11486591244720387
17162,Unknown,United Kingdom,,,,0,Elite Buyers,37,24,13533.84,563.91,404,1752,233.34206896551723,-1.796300585191502,0.1877904585706813
14700,Unknown,United Kingdom,,,,0,Elite Buyers,7,18,13502.07,750.115,459,1754,232.79431034482758,-1.976855802585688,0.36836415413127077
13771,Unknown,United Kingdom,,,,0,Elite Buyers,49,19,13499.69,710.51,444,1622,249.99425925925925,-1.7768957032653816,0.5108982935241746
15379,Unknown,United Kingdom,,,,0,Elite Buyers,14,28,13485.78,481.635,442,1660,245.196,-1.6974916527230148,0.14739177449225835
16327,Unknown,United Kingdom,,,,0,Elite Buyers,49,13,13470.87,1036.2207692307693,397,2010,201.05776119402984,-2.2521873051242114,0.3718342842971786
12955,Unknown,United Kingdom,,,,0,Elite Buyers,65,18,13464.85,748.0472222222222,406,1749,232.15258620689656,-1.8705333977288672,0.4253887408211071
16609,Unknown,United Kingdom,,,,0,Elite Buyers,36,19,13442.01,707.4742105263158,429,1786,227.8306779661017,-1.9289581309527974,0.317004283021889
12395,Unknown,Belgium,,,,0,Elite Buyers,128,19,13428.5,706.7631578947369,431,1992,203.46212121212122,-2.002496551314377,0.19900617670620743
17870,Unknown,United Kingdom,,,,0,Elite Buyers,44,31,13402.91,432.351935483871,490,1923,209.42046875,-1.8743748455345135,-0.17826664876460446
18122,Unknown,United Kingdom,,,,0,Elite Buyers,23,28,13351.13,476.8260714285714,494,1791,226.29033898305084,-1.8205893894671252,0.011706481341742375
15376,Unknown,United Kingdom,,,,0,Elite Buyers,75,18,13348.48,741.5822222222222,444,1746,230.14620689655172,-1.8674835582306473,0.4312979805299262
16398,Unknown,United Kingdom,,,,0,Elite Buyers,55,11,13309.43,1209.9481818181819,418,1552,260.96921568627454,-1.9026819837813356,0.979709408999955
17295,Unknown,United Kingdom,,,,0,Elite Buyers,48,14,13263.26,947.3757142857143,365,1617,245.61592592592592,-1.8348989674383887,0.7047025019377239
13186,Unknown,United Kingdom,,,,0,Elite Buyers,51,16,13259.13,828.695625,384,1708,232.61631578947367,-1.8700792833491346,0.5139977385276276
16000,Unknown,United Kingdom,,,,0,Elite Buyers,1409,2,13247.34,6623.67,50,224,1655.9175,0.5614798341787839,5.499011373737207
17593,Unknown,United Kingdom,,,,0,Elite Buyers,14,24,13235.05,551.4604166666667,418,1649,240.63727272727272,-1.7175405263694135,0.24102950609864662
13178,Unknown,United Kingdom,,,,0,Elite Buyers,70,17,13224.6,777.9176470588235,328,1655,240.44727272727272,-1.7370453404751558,0.5371845470445631
17769,Unknown,United Kingdom,,,,0,Elite Buyers,91,23,13173.96,572.7808695652174,424,1581,253.3453846153846,-1.5801208838441863,0.43003085136821584
14419,Unknown,United Kingdom,,,,0,Elite Buyers,142,28,13162.07,470.07392857142855,434,1764,226.93224137931034,-1.6079147643582663,0.144173480576022
13297,Unknown,United Kingdom,,,,0,Elite Buyers,136,20,13156.62,657.831,401,1647,239.21127272727273,-1.6241742716364775,0.49877692251115346
14709,Unknown,United Kingdom,,,,0,Elite Buyers,44,22,13143.6,597.4363636363636,306,1774,222.7728813559322,-1.7505224583630536,0.17987764670524034
15271,Unknown,United Kingdom,,,,0,Elite Buyers,69,28,13136.56,469.16285714285715,420,1867,211.88,-1.7795240953297302,-0.052275409050221044
15290,Unknown,United Kingdom,,,,0,Elite Buyers,82,20,13108.14,655.407,354,1732,229.96736842105264,-1.736255349441618,0.34404100238114266
17069,Unknown,United Kingdom,,,,0,Elite Buyers,23,23,13083.39,568.8430434782608,432,2156,184.27309859154929,-2.1800303628816207,-0.2563196388697807
14965,Unknown,United Kingdom,,,,0,Elite Buyers,44,18,13079.84,726.6577777777778,444,1683,233.56857142857143,-1.8291939797685874,0.4364250158344323
16725,Unknown,United Kingdom,,,,0,Elite Buyers,21,25,13064.8,522.592,400,2099,189.3449275362319,-2.078619609948934,-0.2666941742205127
17673,Unknown,United Kingdom,,,,0,Elite Buyers,103,23,13049.95,567.3891304347826,472,1623,241.66574074074074,-1.6169602182096545,0.3848462206457556
16053,Unknown,United Kingdom,,,,0,Elite Buyers,27,19,12978.83,683.0963157894737,405,1607,244.88358490566037,-1.7329782194782168,0.44883920013437817
17372,Unknown,United Kingdom,,,,0,Elite Buyers,0,27,12921.84,478.58666666666664,510,1845,211.83344262295083,-1.8874630086812418,-0.0882096138374227
17764,Unknown,United Kingdom,,,,0,Elite Buyers,212,9,12918.23,1435.358888888889,444,1275,307.57690476190476,-1.5337039472598044,1.5708117588699495
13949,Unknown,United Kingdom,,,,0,Elite Buyers,169,25,12909.59,516.3836,475,1527,253.1292156862745,-1.408101323177539,0.4838074445872722
15494,Unknown,United Kingdom,,,,0,Elite Buyers,196,20,12882.82,644.141,411,1349,286.2848888888889,-1.2720133564644467,0.8664966294732435
16670,Unknown,United Kingdom,,,,0,Elite Buyers,5,29,12877.99,444.0686206896552,424,1787,218.27101694915254,-1.7555324953304052,-0.08742833269448366
17908,Unknown,United Kingdom,,,,0,Elite Buyers,5,15,12855.26,857.0173333333333,435,2174,178.54527777777778,-2.3741665304912374,-0.005826645537476582
17314,Unknown,United Kingdom,,,,0,Elite Buyers,16,24,12847.93,535.3304166666667,455,1808,214.13216666666668,-1.849486493690581,0.03937269470479407
17228,Unknown,United Kingdom,,,,0,Elite Buyers,17,17,12836.25,755.0735294117648,387,2131,180.79225352112675,-2.241039309718876,-0.05179065143956718
13486,Unknown,United Kingdom,,,,0,Elite Buyers,52,14,12815.23,915.3735714285714,407,1707,224.82859649122807,-1.9025719116894666,0.5705620063125161
13271,Unknown,United Kingdom,,,,0,Elite Buyers,22,20,12786.75,639.3375,423,1762,220.46120689655172,-1.8533740319517447,0.22190409079371595
15228,Unknown,United Kingdom,,,,0,Elite Buyers,8,20,12785.18,639.259,439,1779,216.6979661016949,-1.8932310490642352,0.18713210208193523
17716,Unknown,United Kingdom,,,,0,Elite Buyers,99,24,12754.3,531.4291666666667,392,1633,236.19074074074075,-1.5503698521697382,0.30033356053842997
15608,Unknown,United Kingdom,,,,0,Elite Buyers,101,19,12753.09,671.2152631578947,426,1442,265.689375,-1.4894629450590537,0.6852183096390958
15750,Unknown,United Kingdom,,,,0,Elite Buyers,26,33,12740.43,386.07363636363635,458,1941,199.06921875,-1.825252764567661,-0.33112286063970797
16205,Unknown,United Kingdom,,,,0,Elite Buyers,24,20,12672.85,633.6425,444,1760,218.49741379310345,-1.8514780868659861,0.21588853321832344
16795,Unknown,United Kingdom,,,,0,Elite Buyers,37,16,12661.77,791.360625,402,1899,200.9804761904762,-2.026405602527563,0.23875837485710424
14547,Unknown,United Kingdom,,,,0,Elite Buyers,282,19,12636.9,665.1,429,1412,268.87021276595743,-1.234529756673926,0.9029864503025953
12520,Unknown,Germany,,,,0,Elite Buyers,40,19,12630.44,664.76,459,1479,257.7640816326531,-1.6051256732707797,0.5704358478501848
17768,Unknown,United Kingdom,,,,0,Elite Buyers,257,16,12626.92,789.1825,306,1557,242.82538461538462,-1.3847526651324022,0.8220806663452525
14277,Unknown,France,,,,0,Elite Buyers,16,19,12617.69,664.088947368421,401,1501,252.3538,-1.6216089939770908,0.5094866962543178
17964,Unknown,United Kingdom,,,,0,Elite Buyers,94,25,12589.8,503.592,474,2054,185.14411764705883,-1.9508591162649342,-0.18663910702512226
16523,Unknown,United Kingdom,,,,0,Elite Buyers,37,28,12567.6,448.84285714285716,314,1660,228.50181818181818,-1.5241913772823477,0.05853408369356486
12832,Unknown,United Kingdom,,,,0,Elite Buyers,189,7,12558.73,1794.1042857142857,471,1597,236.95716981132077,-1.9365635543350141,1.3326955317345572
13097,Unknown,United Kingdom,,,,0,Elite Buyers,49,20,12527.86,626.393,386,1625,231.9974074074074,-1.6559708758749085,0.3612989424739149
17597,Unknown,United Kingdom,,,,0,Elite Buyers,68,15,12511.37,834.0913333333333,373,1480,255.33408163265307,-1.610746305244923,0.7505901753653973
17289,Unknown,United Kingdom,,,,0,Elite Buyers,63,19,12508.26,658.3294736842105,476,1601,236.00490566037735,-1.6846564896339309,0.4503226839557537
14426,Unknown,United Kingdom,,,,0,Elite Buyers,127,24,12507.54,521.1475,460,1688,223.34892857142856,-1.5827669450435073,0.25136367073939025
13558,Unknown,United Kingdom,,,,0,Elite Buyers,17,28,12470.84,445.38714285714286,466,1768,211.37016949152542,-1.727234532555025,-0.07240486308402891
16200,Unknown,United Kingdom,,,,0,Elite Buyers,41,24,12464.6,519.3583333333333,448,1653,226.6290909090909,-1.6468892344621655,0.1883942180243394
14307,Unknown,United Kingdom,,,,0,Elite Buyers,77,25,12437.65,497.506,377,2102,177.6807142857143,-1.9508738947032056,-0.2849852208532388
17522,Unknown,United Kingdom,,,,0,Elite Buyers,82,16,12400.12,775.0075,384,1619,229.63185185185185,-1.6885208664506934,0.5518978770647612
13911,Unknown,United Kingdom,,,,0,Elite Buyers,40,18,12339.24,685.5133333333333,365,1694,220.34357142857144,-1.7444198940667646,0.3333819045612375
17604,Unknown,United Kingdom,,,,0,Elite Buyers,7,18,12327.7,684.8722222222223,399,1663,224.14,-1.7763045675451639,0.33389364919237574
15880,Unknown,United Kingdom,,,,0,Elite Buyers,138,19,12323.45,648.6026315789474,432,1921,192.55390625,-1.8437276191105019,0.16358184324703431
17567,Unknown,United Kingdom,,,,0,Elite Buyers,105,18,12312.8,684.0444444444445,356,2043,181.0705882352941,-1.9716970691641351,0.030847483560313332
17774,Unknown,United Kingdom,,,,0,Elite Buyers,28,21,12288.76,585.1790476190477,428,1704,219.44214285714287,-1.7393099959533613,0.20124539454412957
18036,Unknown,United Kingdom,,,,0,Elite Buyers,265,26,12287.7,472.6038461538462,419,1369,273.06,-1.0615012918735327,0.6684305360432103
17472,Unknown,United Kingdom,,,,0,Elite Buyers,38,12,12280.77,1023.3975,347,1782,208.14864406779662,-1.9737630865120632,0.526546076049822
15046,Unknown,United Kingdom,,,,0,Elite Buyers,5,24,12276.24,511.51,426,1788,208.07186440677967,-1.787114781339719,-0.014612309462757628
16011,Unknown,United Kingdom,,,,0,Elite Buyers,1,35,12268.03,350.51514285714285,414,1966,188.73892307692307,-1.7958140256633977,-0.48529706739622647
16700,Unknown,United Kingdom,,,,0,Elite Buyers,42,26,12264.11,471.69653846153847,368,1925,191.62671875,-1.7985827982640272,-0.18900411661429928
13756,Unknown,United Kingdom,,,,0,Elite Buyers,401,22,12263.62,557.4372727272727,361,1597,231.38905660377358,-1.1270541167133927,0.671443353486906
16469,Unknown,United Kingdom,,,,0,Elite Buyers,135,11,12260.94,1114.6309090909092,401,1506,245.2188,-1.6748444386132768,0.9980286008210035
17644,Unknown,United Kingdom,,,,0,Elite Buyers,124,21,12259.29,583.7757142857142,413,1632,227.02388888888888,-1.5462145410881756,0.37479641441491773
17730,Unknown,United Kingdom,,,,0,Elite Buyers,66,23,12238.86,532.1243478260869,374,1597,230.92188679245282,-1.5249779133968384,0.27439744190139836
13769,Unknown,United Kingdom,,,,0,Elite Buyers,12,24,12233.91,509.74625,378,1986,185.36227272727274,-1.9262185072790148,-0.22788480782725073
16928,Unknown,United Kingdom,,,,0,Elite Buyers,36,24,12208.7,508.6958333333333,280,2143,171.95352112676056,-1.969805960161714,-0.3794799770798881
14175,Unknown,United Kingdom,,,,0,Elite Buyers,40,20,12179.88,608.994,411,1472,248.56897959183672,-1.5179312047770868,0.48307565913717565
15854,Unknown,United Kingdom,,,,0,Elite Buyers,14,11,12178.41,1107.128181818182,296,1810,202.9735,-2.019556935403844,0.5151542287293271
17744,Unknown,United Kingdom,,,,0,Elite Buyers,160,14,12163.86,868.8471428571429,386,1603,229.50679245283018,-1.6166948527512792,0.7299697086900675
17602,Unknown,United Kingdom,,,,0,Elite Buyers,241,26,12161.09,467.73423076923075,441,1396,264.37152173913046,-1.1160952226325467,0.5992162178328556
15157,Unknown,United Kingdom,,,,0,Elite Buyers,0,18,12150.19,675.0105555555556,406,1663,220.91254545454547,-1.7749627206006224,0.3073054336479618
15392,Unknown,United Kingdom,,,,0,Elite Buyers,65,16,12132.54,758.28375,352,1629,224.67666666666668,-1.6783257471884503,0.49102925253543306
13394,Unknown,United Kingdom,,,,0,Elite Buyers,90,14,12126.5,866.1785714285714,209,1675,216.54464285714286,-1.6228831527255236,0.5363060900588849
17090,Unknown,United Kingdom,,,,0,Elite Buyers,187,13,12066.44,928.1876923076923,329,1599,227.66867924528302,-1.5658359739937056,0.7980955327810826
14060,Unknown,United Kingdom,,,,0,Elite Buyers,64,20,12042.62,602.131,360,2084,174.53072463768115,-1.9988318302169195,-0.16071359588781403
13838,Unknown,United Kingdom,,,,0,Elite Buyers,3,19,12027.29,633.0152631578948,414,2056,176.87191176470589,-2.099215386932132,-0.15469875484576406
15632,Unknown,United Kingdom,,,,0,Elite Buyers,66,21,12021.23,572.4395238095238,361,1569,231.1775,-1.5113079061262353,0.34599783566134257
12607,Unknown,USA,,,,0,Elite Buyers,8,20,11973.59,598.6795,407,1535,234.77627450980393,-1.5946746681269461,0.3557145679176039
14913,Unknown,United Kingdom,,,,0,Elite Buyers,209,16,11948.13,746.758125,376,1516,238.9626,-1.4025280399526228,0.7551469598169196
17646,Unknown,United Kingdom,,,,0,Elite Buyers,21,19,11913.37,627.0194736842105,366,1915,189.10111111111112,-1.912760588858915,-0.006312332868701698
12635,Unknown,Germany,,,,0,Elite Buyers,41,20,11897.34,594.867,367,1566,228.795,-1.552348254161036,0.3438334817167632
17651,Unknown,United Kingdom,,,,0,Elite Buyers,8,17,11894.05,699.65,380,1657,216.25545454545454,-1.7469340949028576,0.33041564535397194
18245,Unknown,United Kingdom,,,,0,Elite Buyers,206,16,11880.73,742.545625,346,1577,228.47557692307691,-1.4361936791906196,0.6731732768514102
14696,Unknown,United Kingdom,,,,0,Elite Buyers,57,24,11829.11,492.87958333333336,385,2122,168.98728571428572,-1.9678053159039859,-0.3606245110748788
13983,Unknown,United Kingdom,,,,0,Elite Buyers,198,20,11822.44,591.122,353,1769,200.38033898305085,-1.5268405245180583,0.28316221142981424
12772,Unknown,Portugal,,,,0,Elite Buyers,34,19,11803.1,621.2157894736843,388,1478,240.8795918367347,-1.5084925636509248,0.46344369587333756
16367,Unknown,United Kingdom,,,,0,Elite Buyers,19,29,11801.26,406.94,504,1826,193.46327868852458,-1.7281514757685603,-0.22935437380408416
14129,Unknown,United Kingdom,,,,0,Elite Buyers,51,12,11798.82,983.235,418,1646,214.524,-1.8387863156266755,0.6365395569964774
18180,Unknown,United Kingdom,,,,0,Elite Buyers,90,19,11795.0,620.7894736842105,427,1604,222.54716981132074,-1.5737097722416908,0.39124897228169686
13510,Unknown,United Kingdom,,,,0,Elite Buyers,26,22,11785.5,535.7045454545455,389,1671,214.28181818181818,-1.631686046804404,0.1375241423336084
17434,Unknown,United Kingdom,,,,0,Elite Buyers,131,13,11763.6,904.8923076923077,332,1653,213.88363636363636,-1.6598881002150612,0.642853608611978
17265,Unknown,United Kingdom,,,,0,Elite Buyers,13,15,11758.96,783.9306666666666,436,1473,239.9787755102041,-1.6474669229343248,0.6195009720378531
16065,Unknown,United Kingdom,,,,0,Elite Buyers,56,20,11746.08,587.304,390,1880,189.45290322580644,-1.8184110766457742,0.01324479757271843
17221,Unknown,United Kingdom,,,,0,Elite Buyers,84,17,11743.22,690.7776470588235,395,1699,209.70035714285714,-1.689124073358291,0.3552570407527401
16187,Unknown,United Kingdom,,,,0,Elite Buyers,124,13,11726.66,902.0507692307692,331,1693,209.40464285714285,-1.7013016916216883,0.5903615069758932
15858,Unknown,United Kingdom,,,,0,Elite Buyers,20,18,11715.05,650.8361111111111,444,1978,180.23153846153846,-2.020855178619814,-0.045803143071287356
17864,Unknown,United Kingdom,,,,0,Elite Buyers,13,16,11647.96,727.9975,435,1567,223.99923076923076,-1.6956690294945027,0.45638901364487494
14389,Unknown,United Kingdom,,,,0,Elite Buyers,281,15,11632.76,775.5173333333333,267,1508,232.6552,-1.2293669751365892,0.8334126469552547
16221,Unknown,United Kingdom,,,,0,Elite Buyers,24,22,11615.28,527.9672727272728,387,1974,178.6966153846154,-1.8922677334293099,-0.2043965933594827
14032,Unknown,United Kingdom,,,,0,Elite Buyers,7,16,11613.73,725.858125,312,1960,178.67276923076923,-1.978125065165343,0.011792236569315856
18055,Unknown,United Kingdom,,,,0,Elite Buyers,216,26,11606.3,446.3961538461538,398,1843,190.2672131147541,-1.4774508839629625,0.01591103574305383
13362,Unknown,United Kingdom,,,,0,Elite Buyers,134,10,11600.01,1160.001,388,1476,236.73489795918368,-1.6280699715694702,1.0229992067841145
13232,Unknown,United Kingdom,,,,0,Elite Buyers,92,14,11557.5,825.5357142857143,348,1694,206.38392857142858,-1.7088315937949807,0.482803773118858
18156,Unknown,United Kingdom,,,,0,Elite Buyers,140,17,11532.9,678.4058823529411,358,1919,180.2015625,-1.7779123575150435,0.14894777345306418
17017,Unknown,United Kingdom,,,,0,Elite Buyers,332,21,11524.34,548.7780952380953,344,1816,192.07233333333335,-1.3566902188114995,0.310760750875269
13895,Unknown,United Kingdom,,,,0,Elite Buyers,5,17,11515.59,677.3876470588235,334,1721,202.02789473684211,-1.7479895507408225,0.2086680422066716
13211,Unknown,United Kingdom,,,,0,Elite Buyers,33,14,11496.75,821.1964285714286,372,1664,209.03181818181818,-1.7642309253304527,0.447227078859177
15525,Unknown,United Kingdom,,,,0,Elite Buyers,12,19,11487.4,604.6,422,2167,159.54722222222222,-2.1492710939773563,-0.3221539324039687
17086,Unknown,United Kingdom,,,,0,Elite Buyers,30,15,11456.57,763.7713333333334,350,1753,197.52706896551723,-1.8025239151071604,0.28963466827719675
15521,Unknown,United Kingdom,,,,0,Elite Buyers,91,21,11453.89,545.4233333333333,376,1611,216.1111320754717,-1.4821849807662062,0.2664277386827031
17758,Unknown,United Kingdom,,,,0,Elite Buyers,96,26,11450.74,440.4130769230769,440,1667,208.19527272727274,-1.4761951234559167,0.06077455681131347
14116,Unknown,United Kingdom,,,,0,Elite Buyers,136,18,11445.51,635.8616666666667,346,1529,224.42176470588234,-1.3945834854961006,0.5069753765285744
14194,Unknown,United Kingdom,,,,0,Elite Buyers,3,23,11429.22,496.9226086956522,415,1731,200.51263157894738,-1.681254366335433,-0.023296222747981543
16350,Unknown,United Kingdom,,,,0,Elite Buyers,79,13,11401.03,877.0023076923077,325,1586,215.11377358490566,-1.6282916803568799,0.6131890993166913
12679,Unknown,France,,,,0,Elite Buyers,23,14,11382.56,813.04,391,1800,189.70933333333332,-1.8994458703287331,0.276547175194253
17252,Unknown,United Kingdom,,,,0,Elite Buyers,236,18,11370.84,631.7133333333334,416,1433,236.8925,-1.22238371235802,0.7203830745496024
17259,Unknown,United Kingdom,,,,0,Elite Buyers,23,16,11338.03,708.626875,378,2005,171.78833333333333,-2.0209967033347516,-0.03740010733826579
16556,Unknown,United Kingdom,,,,0,Elite Buyers,72,12,11325.12,943.76,384,1654,205.91127272727272,-1.7623735631016793,0.5923728856385938
13162,Unknown,United Kingdom,,,,0,Elite Buyers,6,20,11307.28,565.364,312,1602,213.34490566037735,-1.5421445777758604,0.19038017889949446
13700,Unknown,United Kingdom,,,,0,Elite Buyers,2,25,11304.82,452.1928,412,1603,213.29849056603774,-1.5219993742145816,0.034990728215069405
13317,Unknown,United Kingdom,,,,0,Elite Buyers,3,19,11284.36,593.9136842105263,394,1723,197.97122807017544,-1.725913203295511,0.10357053707910671
12406,Unknown,Denmark,,,,0,Elite Buyers,21,12,11261.63,938.4691666666666,348,1556,216.5698076923077,-1.7088268179936819,0.6286482554872462
13755,Unknown,United Kingdom,,,,0,Elite Buyers,8,26,11216.41,431.4003846153846,469,1807,186.94016666666667,-1.7036281775367115,-0.21170181687656742
14418,Unknown,United Kingdom,,,,0,Elite Buyers,85,12,11213.28,934.44,363,1578,215.64,-1.6573640144879278,0.6763707175809326
13158,Unknown,United Kingdom,,,,0,Elite Buyers,65,16,11190.42,699.40125,443,1601,211.14,-1.6285742319767962,0.42281749951231196
14428,Unknown,United Kingdom,,,,0,Elite Buyers,22,18,11187.65,621.5361111111112,428,1761,192.8905172413793,-1.769696764412441,0.11780552020211824
13040,Unknown,United Kingdom,,,,0,Elite Buyers,188,17,11146.59,655.6817647058823,354,1626,206.41833333333332,-1.4209284191694929,0.46643031356707443
16012,Unknown,United Kingdom,,,,0,Elite Buyers,16,24,11140.23,464.17625,337,1743,192.07293103448276,-1.586075236442963,-0.1033510441029728
13198,Unknown,United Kingdom,,,,0,Elite Buyers,1,23,11132.45,484.0195652173913,383,1731,195.3061403508772,-1.6403017754640472,-0.06553661143798167
15033,Unknown,United Kingdom,,,,0,Elite Buyers,58,28,11129.86,397.495,441,1702,198.7475,-1.4982966093636565,-0.10999001478423612
12576,Unknown,Poland,,,,0,Elite Buyers,36,18,11098.63,616.5905555555555,384,1689,198.18982142857143,-1.6547792031370732,0.19051877013595966
15906,Unknown,United Kingdom,,,,0,Elite Buyers,19,22,11096.33,504.37863636363636,411,1766,188.07338983050846,-1.6787397172082954,-0.05776027660494126
14829,Unknown,United Kingdom,,,,0,Elite Buyers,210,18,11091.72,616.2066666666667,353,1938,173.308125,-1.6472737409823315,0.11320463128897887
14733,Unknown,United Kingdom,,,,0,Elite Buyers,6,16,11082.99,692.686875,307,1992,167.92409090909092,-1.9601188647050876,-0.08688292517063217
16612,Unknown,United Kingdom,,,,0,Elite Buyers,520,18,11071.31,615.0727777777778,353,1304,257.47232558139535,-0.7006388871248284,1.136601764950154
17293,Unknown,United Kingdom,,,,0,Elite Buyers,59,29,11068.55,381.67413793103447,401,1755,190.83706896551723,-1.5033146842025589,-0.20544944995844447
15681,Unknown,United Kingdom,,,,0,Elite Buyers,92,18,11054.64,614.1466666666666,301,1641,204.71555555555557,-1.485006117851221,0.2884874016658613
16495,Unknown,United Kingdom,,,,0,Elite Buyers,134,21,11016.42,524.5914285714285,355,1529,216.00823529411764,-1.3045926416143798,0.34039978856175157
13626,Unknown,United Kingdom,,,,0,Elite Buyers,110,5,11005.82,2201.164,94,1712,193.08456140350876,-1.7862104222708328,1.1099244050595305
13576,Unknown,United Kingdom,,,,0,Elite Buyers,56,20,10961.56,548.078,291,2123,156.5937142857143,-1.906369951082617,-0.3469266539896806
12483,Unknown,Sweden,,,,0,Elite Buyers,22,17,10936.94,643.3494117647059,330,1764,185.37186440677965,-1.712690530651254,0.1058505380685307
14511,Unknown,United Kingdom,,,,0,Elite Buyers,30,15,10935.84,729.056,341,1666,198.83345454545454,-1.6743139655082346,0.31858945438351705
16385,Unknown,United Kingdom,,,,0,Elite Buyers,23,19,10916.13,574.5331578947369,369,1944,170.56453125,-1.8548398120010061,-0.1539261272021799
14312,Unknown,United Kingdom,,,,0,Elite Buyers,31,20,10878.96,543.948,347,1762,187.56827586206896,-1.6429207578775162,0.00037220397429565955
12851,Unknown,United Kingdom,,,,0,Elite Buyers,0,15,10872.99,724.866,341,1727,190.7542105263158,-1.7602351550161883,0.2129090941534433
12843,Unknown,United Kingdom,,,,0,Elite Buyers,41,26,10862.0,417.7692307692308,388,1721,190.56140350877192,-1.5123708319466205,-0.13703330445226342
16477,Unknown,United Kingdom,,,,0,Elite Buyers,49,25,10849.02,433.9608,324,2071,157.23217391304348,-1.7918510465897626,-0.47853717043661076
18065,Unknown,United Kingdom,,,,0,Elite Buyers,70,22,10821.01,491.8640909090909,439,1836,177.39360655737704,-1.6711482997096303,-0.1050544318838176
15955,Unknown,United Kingdom,,,,0,Elite Buyers,196,21,10817.92,515.1390476190476,339,1952,166.42953846153847,-1.5812282320456617,-0.06973959456228626
14299,Unknown,United Kingdom,,,,0,Elite Buyers,47,17,10760.46,632.9682352941177,319,1889,170.80095238095237,-1.7719817235095887,-0.0213949681265575
15471,Unknown,United Kingdom,,,,0,Elite Buyers,24,14,10753.34,768.0957142857143,400,1609,202.89320754716982,-1.6790842075684,0.4104646573317364
12721,Unknown,France,,,,0,Elite Buyers,16,25,10707.47,428.2988,363,1625,198.28648148148147,-1.443265330852165,-0.05659390095289174
12868,Unknown,United Kingdom,,,,0,Elite Buyers,42,20,10682.95,534.1475,369,2137,150.46408450704226,-1.9647858442400825,-0.40296063363047163
13523,Unknown,United Kingdom,,,,0,Elite Buyers,24,18,10675.68,593.0933333333334,407,1943,166.8075,-1.87538486100926,-0.13781438695231113
17858,Unknown,United Kingdom,,,,0,Elite Buyers,10,25,10671.71,426.8684,326,2049,156.93691176470588,-1.8056524711507345,-0.5188169814498613
16892,Unknown,United Kingdom,,,,0,Elite Buyers,103,19,10628.65,559.4026315789474,350,1499,212.573,-1.3184429225674814,0.36361770869193577
12371,Unknown,Switzerland,,,,0,Elite Buyers,56,16,10615.28,663.455,319,1456,221.15166666666667,-1.385960563995864,0.48548935081112843
16889,Unknown,United Kingdom,,,,0,Elite Buyers,213,21,10563.11,503.0052380952381,374,1431,220.06479166666668,-1.0921699802746607,0.4774097192418898
14841,Unknown,United Kingdom,,,,0,Elite Buyers,10,17,10552.37,620.7276470588235,328,1540,206.9092156862745,-1.492458178142567,0.28939755503218667
13890,Unknown,United Kingdom,,,,0,Elite Buyers,17,18,10546.43,585.9127777777778,387,1797,175.77383333333333,-1.7272781407731732,-0.017596364061003483
13577,Unknown,United Kingdom,,,,0,Elite Buyers,15,16,10546.0,659.125,346,1590,198.9811320754717,-1.5661234995349747,0.28384038928114563
17406,Unknown,United Kingdom,,,,0,Elite Buyers,3,18,10544.99,585.8327777777778,365,1964,162.2306153846154,-1.882964928307725,-0.20679597849561657
16274,Unknown,United Kingdom,,,,0,Elite Buyers,9,15,10534.96,702.3306666666666,384,2170,146.3188888888889,-2.14682550703634,-0.2771119335095557
17612,Unknown,United Kingdom,,,,0,Elite Buyers,136,15,10534.8,702.32,292,1561,202.59230769230768,-1.3788408624279778,0.48454182983999217
15128,Unknown,United Kingdom,,,,0,Elite Buyers,125,19,10532.97,554.3668421052631,378,1606,198.73528301886793,-1.3969901795402229,0.26643246138786747
18079,Unknown,United Kingdom,,,,0,Elite Buyers,177,16,10509.24,656.8275,318,1521,210.1848,-1.2857382058439413,0.5321054077076021
15031,Unknown,United Kingdom,,,,0,Elite Buyers,13,25,10505.09,420.2036,317,1779,178.05237288135592,-1.5362995680157638,-0.25679478034719583
17321,Unknown,United Kingdom,,,,0,Elite Buyers,6,18,10499.19,583.2883333333333,420,1808,174.9865,-1.765711610202506,-0.040518359403289905
15907,Unknown,United Kingdom,,,,0,Elite Buyers,149,22,10462.73,475.57863636363635,439,1514,209.2546,-1.2546177405667063,0.28340198563289043
14482,Unknown,United Kingdom,,,,0,Elite Buyers,97,19,10460.37,550.5457894736842,388,1720,183.51526315789474,-1.5321659841587543,0.10336863635503138
16775,Unknown,United Kingdom,,,,0,Elite Buyers,20,16,10449.0,653.0625,272,1978,160.75384615384615,-1.8474729670060714,-0.14041478100325738
14099,Unknown,United Kingdom,,,,0,Elite Buyers,3,25,10439.36,417.5744,383,1698,186.41714285714286,-1.5134379165569323,-0.17801443284893892
15184,Unknown,United Kingdom,,,,0,Elite Buyers,10,18,10435.84,579.7688888888889,378,1779,176.8786440677966,-1.7050008144131026,-0.018839626125991382
14904,Unknown,United Kingdom,,,,0,Elite Buyers,133,14,10433.12,745.2228571428572,376,1500,208.6624,-1.4043548460958974,0.598341510630519
16455,Unknown,United Kingdom,,,,0,Elite Buyers,243,17,10415.44,612.6729411764705,296,1877,167.9909677419355,-1.4745097898906299,0.15955310915014534
16180,Unknown,United Kingdom,,,,0,Elite Buyers,245,15,10412.19,694.146,313,1577,200.23442307692306,-1.2656794057182554,0.5771996422156639
16887,Unknown,United Kingdom,,,,0,Elite Buyers,412,10,10395.46,1039.546,336,1313,236.26045454545454,-1.0058120033279094,1.3467142963437178
16906,Unknown,United Kingdom,,,,0,Elite Buyers,79,9,10392.38,1154.7088888888889,284,1623,192.4514814814815,-1.6932490777919744,0.7128247098830341
12739,Unknown,United Arab Emirates,,,,0,Elite Buyers,211,8,10381.76,1297.72,214,1606,195.8822641509434,-1.5011649087566443,0.9495573454559076
16656,Unknown,United Kingdom,,,,0,Elite Buyers,97,12,10374.21,864.5175,146,1809,172.9035,-1.5678179516855208,0.28655136468052667
17251,Unknown,United Kingdom,,,,0,Elite Buyers,0,16,10353.08,647.0675,343,1845,169.72262295081967,-1.7947737603964586,-0.027075858085984228
17211,Unknown,United Kingdom,,,,0,Elite Buyers,129,16,10351.25,646.953125,365,1930,161.73828125,-1.727558595622665,0.025622649979849893
16442,Unknown,United Kingdom,,,,0,Elite Buyers,19,11,10333.98,939.4527272727273,265,1583,194.98075471698112,-1.6265072531667832,0.5289180687254027
14852,Unknown,United Kingdom,,,,0,Elite Buyers,54,17,10269.52,604.0894117647059,340,1768,174.05966101694915,-1.6240798904575913,0.05257516348031996
14443,Unknown,United Kingdom,,,,0,Elite Buyers,78,11,10263.52,933.0472727272727,245,1950,157.9003076923077,-1.8607181244152147,0.1918199478652938
17837,Unknown,United Kingdom,,,,0,Elite Buyers,51,14,10258.03,732.7164285714285,290,1645,186.50963636363636,-1.5582384207440487,0.3135161962008519
13952,Unknown,United Kingdom,,,,0,Elite Buyers,154,16,10245.98,640.37375,342,1516,204.9196,-1.3013355600581358,0.48014375316184643
12885,Unknown,United Kingdom,,,,0,Elite Buyers,87,18,10245.84,569.2133333333334,344,1548,200.89882352941177,-1.3657641004390997,0.2863682498722684
15367,Unknown,United Kingdom,,,,0,Elite Buyers,70,20,10239.89,511.9945,317,1540,200.7821568627451,-1.3174093203504267,0.19205745285190937
17897,Unknown,United Kingdom,,,,0,Elite Buyers,178,15,10189.1,679.2733333333333,379,2001,154.38030303030303,-1.752210661293146,0.03535473758846683
12534,Unknown,Germany,,,,0,Elite Buyers,23,14,10184.76,727.4828571428571,295,1795,169.746,-1.7242494654684677,0.1141292228439901
17999,Unknown,United Kingdom,,,,0,Elite Buyers,15,21,10178.69,484.6995238095238,448,1952,156.59523076923077,-1.8078071307309818,-0.3354090253197609
16140,Unknown,United Kingdom,,,,0,Elite Buyers,56,13,10138.87,779.9130769230769,338,2064,149.1010294117647,-1.9859460754860878,-0.06835907151374146
12481,Unknown,Germany,,,,0,Elite Buyers,27,21,10135.92,482.66285714285715,340,1909,160.88761904761904,-1.6884421319891856,-0.2934437074303838
18044,Unknown,United Kingdom,,,,0,Elite Buyers,87,14,10123.47,723.105,275,1736,174.54258620689654,-1.5712356110165417,0.23456527180368233
17653,Unknown,United Kingdom,,,,0,Elite Buyers,94,14,10123.17,723.0835714285714,326,1723,177.59947368421052,-1.5908493127736132,0.2688341848416169
16930,Unknown,United Kingdom,,,,0,Elite Buyers,1,5,10092.41,2018.482,317,1784,171.0577966101695,-2.177935795245075,0.8603263242382828
14651,Unknown,United Kingdom,,,,0,Elite Buyers,22,21,10082.69,480.1280952380952,373,1735,176.88929824561404,-1.5542050702559531,-0.11612571321372603
13109,Unknown,United Kingdom,,,,0,Elite Buyers,76,12,10063.04,838.5866666666667,331,1623,186.3525925925926,-1.5829587925350657,0.46058985293558175
18016,Unknown,United Kingdom,,,,0,Elite Buyers,222,15,10025.88,668.392,285,1684,179.03357142857143,-1.331030243691855,0.37633219108744476
14553,Unknown,United Kingdom,,,,0,Elite Buyers,166,23,10020.71,435.68304347826086,351,1569,192.70596153846154,-1.172472328681819,0.13693763381157462
16788,Unknown,United Kingdom,,,,0,Elite Buyers,115,16,10018.33,626.145625,348,1491,204.4557142857143,-1.3097304585033385,0.4370939314860738
13265,Unknown,United Kingdom,,,,0,Elite Buyers,118,22,10003.19,454.69045454545454,327,1492,200.0638,-1.1612831209260817,0.19135978572563014
13285,Unknown,United Kingdom,,,,0,Elite Buyers,135,12,9997.53,833.1275,340,1684,178.52732142857144,-1.5653700382555156,0.45147708468313386
16115,Unknown,United Kingdom,,,,0,Elite Buyers,96,16,9994.77,624.673125,327,1421,212.65468085106383,-1.2537970125594602,0.48529386180516965
16379,Unknown,United Kingdom,,,,0,Elite Buyers,8,14,9964.01,711.715,332,1776,168.88152542372882,-1.7321576735586879,0.09658293362213824
15796,Unknown,United Kingdom,,,,0,Elite Buyers,279,16,9949.79,621.861875,306,1421,211.69765957446808,-1.0106631025676267,0.6742843168401703
13850,Unknown,United Kingdom,,,,0,Elite Buyers,115,18,9929.2,551.6222222222223,388,1672,180.5309090909091,-1.4398982931296664,0.14593697656026053
16347,Unknown,United Kingdom,,,,0,Elite Buyers,163,10,9901.08,990.108,294,1593,186.81283018867924,-1.4819372187691848,0.693987963460161
17048,Unknown,United Kingdom,,,,0,Elite Buyers,152,11,9862.95,896.6318181818182,351,1640,182.6472222222222,-1.5361827046673215,0.5688489894802644
12731,Unknown,France,,,,0,Elite Buyers,203,10,9853.43,985.343,268,1703,175.95410714285714,-1.5072213568984347,0.6125300272141829
14221,Unknown,United Kingdom,,,,0,Elite Buyers,38,16,9848.05,615.503125,301,1751,169.7939655172414,-1.5858929507196853,0.03760014263409647
18043,Unknown,United Kingdom,,,,0,Elite Buyers,78,18,9846.29,547.0161111111111,424,1889,156.29031746031745,-1.691069696147851,-0.1370462274997455
13126,Unknown,United Kingdom,,,,0,Elite Buyers,159,15,9823.19,654.8793333333333,307,1808,163.71983333333333,-1.5171904893699906,0.152735625100645
14952,Unknown,United Kingdom,,,,0,Elite Buyers,227,12,9793.8,816.15,273,1679,174.8892857142857,-1.3784568241298158,0.5160969784888941
17799,Unknown,United Kingdom,,,,0,Elite Buyers,3,12,9786.83,815.5691666666667,349,1814,163.11383333333333,-1.8298800673514248,0.14450781834895723
17843,Unknown,United Kingdom,,,,0,Elite Buyers,3,12,9781.05,815.0875,289,1578,188.0971153846154,-1.575140735422577,0.3887068265344369
12994,Unknown,United Kingdom,,,,0,Elite Buyers,167,12,9779.33,814.9441666666667,351,1527,191.75156862745098,-1.3716749428744859,0.6261644159145817
17905,Unknown,United Kingdom,,,,0,Elite Buyers,182,15,9747.87,649.858,320,1997,147.695,-1.6626492352297444,-0.02618139319316054
16918,Unknown,United Kingdom,,,,0,Elite Buyers,26,27,9692.53,358.9825925925926,312,1734,170.0443859649123,-1.3699205386284965,-0.3584920917212918
16456,Unknown,United Kingdom,,,,0,Elite Buyers,24,20,9678.76,483.938,350,2155,136.3205633802817,-1.8979079344643879,-0.5749229611026698
17976,Unknown,United Kingdom,,,,0,Elite Buyers,45,15,9678.41,645.2273333333334,371,2103,138.263,-1.9525025936873237,-0.2890552959538961
12970,Unknown,United Kingdom,,,,0,Elite Buyers,8,18,9655.99,536.4438888888889,421,1775,163.6608474576271,-1.6539181315846483,-0.11866164784602412
17403,Unknown,United Kingdom,,,,0,Elite Buyers,71,11,9619.07,874.4609090909091,314,1685,171.76910714285714,-1.6251289151907384,0.3885998980415941
15111,Unknown,United Kingdom,,,,0,Elite Buyers,304,15,9605.63,640.3753333333333,292,1844,157.4693442622951,-1.3399922843919752,0.24031903009807862
12717,Unknown,Greece,,,,0,Elite Buyers,12,21,9601.46,457.21238095238095,383,1598,181.15962264150943,-1.4018837794977395,-0.04932255333138949
14715,Unknown,United Kingdom,,,,0,Elite Buyers,180,11,9582.25,871.1136363636364,320,1486,195.55612244897958,-1.315922714670811,0.7227481675305445
14408,Unknown,United Kingdom,,,,0,Elite Buyers,360,9,9564.19,1062.6877777777777,326,1458,199.25395833333334,-1.156145690407092,1.0964667893144464
15974,Unknown,United Kingdom,,,,0,Elite Buyers,3,29,9560.44,329.67034482758623,362,1694,170.72214285714287,-1.3538330537841623,-0.40684241919082453
14591,Unknown,United Kingdom,,,,0,Elite Buyers,490,7,9553.92,1364.8457142857144,298,1058,272.96914285714286,-0.7310455984085517,1.881085875142886
17068,Unknown,United Kingdom,,,,0,Elite Buyers,246,19,9551.61,502.7163157894737,305,1782,161.89169491525425,-1.2642972710055762,0.06292715931348405
15701,Unknown,United Kingdom,,,,0,Elite Buyers,66,21,9541.36,454.3504761904762,354,1719,167.39228070175437,-1.4203334827856589,-0.13353270288992264
13984,Unknown,United Kingdom,,,,0,Elite Buyers,559,7,9528.2,1361.1714285714286,312,1408,202.72765957446808,-0.9579445461607783,1.5410601796014647
16744,Unknown,United Kingdom,,,,0,Elite Buyers,29,19,9523.39,501.23105263157896,330,1698,170.06053571428572,-1.4696402857163324,-0.08142528294185405
13267,Unknown,United Kingdom,,,,0,Elite Buyers,17,28,9520.36,340.0128571428571,303,1950,146.46707692307692,-1.5360428247666587,-0.6539852224002107
13999,Unknown,United Kingdom,,,,0,Elite Buyers,22,25,9499.29,379.9716,332,1675,169.63017857142856,-1.345333702365087,-0.27501841372442154
13046,Unknown,United Kingdom,,,,0,Elite Buyers,292,7,9497.18,1356.74,258,1280,220.8646511627907,-1.1248044905821935,1.3803882762061646
15527,Unknown,United Kingdom,,,,0,Elite Buyers,69,17,9496.87,558.6394117647059,320,1746,163.7391379310345,-1.497986204911704,-0.015952525882947627
15804,Unknown,United Kingdom,,,,0,Elite Buyers,128,18,9489.51,527.195,327,1656,172.53654545454546,-1.3263316692616236,0.10244574993088904
17566,Unknown,United Kingdom,,,,0,Elite Buyers,132,19,9481.03,499.00157894736844,385,1682,169.30410714285713,-1.35906674015042,0.0450115283357749
15620,Unknown,United Kingdom,,,,0,Elite Buyers,8,10,9464.82,946.482,294,1754,163.18655172413793,-1.7733748793017676,0.2937375606959878
17530,Unknown,United Kingdom,,,,0,Elite Buyers,78,19,9460.03,497.8963157894737,372,1858,152.58112903225808,-1.5732867518807814,-0.20597000838175822
16748,Unknown,United Kingdom,,,,0,Elite Buyers,2,12,9430.04,785.8366666666667,294,1782,159.83118644067795,-1.727643177788995,0.11730429766829062
14112,Unknown,United Kingdom,,,,0,Elite Buyers,33,22,9429.86,428.63,353,1785,159.82813559322034,-1.4899721252593991,-0.2885027338171543
12726,Unknown,France,,,,0,Elite Buyers,142,16,9422.14,588.88375,318,1466,192.28857142857143,-1.1734025598639395,0.3981836899148421
14963,Unknown,United Kingdom,,,,0,Elite Buyers,1,22,9403.94,427.45181818181817,410,1663,170.98072727272728,-1.4508802636999287,-0.18951864905137428
13077,Unknown,United Kingdom,,,,0,Elite Buyers,36,14,9402.88,671.6342857142857,351,1931,146.92,-1.7954796346981838,-0.11125403320415642
18272,Unknown,United Kingdom,,,,0,Elite Buyers,49,16,9381.67,586.354375,266,1592,177.01264150943396,-1.3549092027076555,0.14562363377460155
12463,Unknown,Belgium,,,,0,Elite Buyers,178,7,9373.89,1339.1271428571429,293,1310,213.04295454545453,-1.3068892811032295,1.2107721230570678
15276,Unknown,United Kingdom,,,,0,Elite Buyers,182,12,9355.96,779.6633333333333,298,1544,183.45019607843136,-1.2902477057011459,0.5597063181326951
14514,Unknown,United Kingdom,,,,0,Elite Buyers,156,14,9345.09,667.5064285714286,300,1417,198.83170212765958,-1.1467032567634385,0.5555855963833373
15607,Unknown,United Kingdom,,,,0,Elite Buyers,167,8,9336.82,1167.1025,350,1477,190.54734693877552,-1.4499874741402103,0.9204696957456522
14665,Unknown,United Kingdom,,,,0,Elite Buyers,141,14,9333.49,666.6778571428572,302,1652,169.6998181818182,-1.373964512562326,0.2781189823503729
14451,Unknown,United Kingdom,,,,0,Elite Buyers,386,15,9324.11,621.6073333333334,290,1157,239.0797435897436,-0.5985007992512699,1.0425145735809607
13919,Unknown,Denmark,,,,0,Elite Buyers,52,11,9320.55,847.3227272727273,252,1493,186.411,-1.3959688361522093,0.5194514032043375
17512,Unknown,United Kingdom,,,,0,Elite Buyers,87,14,9318.98,665.6414285714286,292,1614,172.5737037037037,-1.3962586382328164,0.2546569839239514
14472,Unknown,United Kingdom,,,,0,Elite Buyers,5,20,9313.57,465.6785,336,1695,166.31375,-1.458359890093411,-0.1723096941024569
13305,Unknown,United Kingdom,,,,0,Elite Buyers,581,13,9305.51,715.8084615384615,227,1567,178.95211538461538,-0.722787157007394,0.885203716858034
15091,Unknown,United Kingdom,,,,0,Elite Buyers,475,8,9297.0,1162.125,281,1282,216.2093023255814,-0.8463444064692588,1.4533760090483274
17444,Unknown,Canada,,,,0,Elite Buyers,10,19,9296.16,489.2715789473684,329,1505,185.9232,-1.2959105668544646,0.07128282708443653
16921,Unknown,United Kingdom,,,,0,Elite Buyers,7,9,9293.7,1032.6333333333334,311,1566,178.725,-1.6444928111885622,0.5490582024525366
12437,Unknown,France,,,,0,Elite Buyers,113,20,9285.57,464.2785,336,1680,165.81375,-1.3089382816617143,-0.047049408117560976
13324,Unknown,United Kingdom,,,,0,Elite Buyers,159,11,9275.82,843.2563636363636,189,1597,175.0154716981132,-1.2888662655425502,0.5043825603886458
15414,Unknown,United Kingdom,,,,0,Elite Buyers,495,10,9260.52,926.052,279,1289,215.36093023255813,-0.7310753393450365,1.2985095802236193
12553,Unknown,France,,,,0,Elite Buyers,138,19,9234.41,486.0215789473684,328,1676,164.90017857142857,-1.2842868942504793,0.01225703725255059
14504,Unknown,United Kingdom,,,,0,Elite Buyers,17,14,9229.8,659.2714285714286,379,1655,167.81454545454545,-1.5694707823741085,0.13730491185415658
16912,Unknown,United Kingdom,,,,0,Elite Buyers,188,11,9219.6,838.1454545454545,255,1569,177.3,-1.2908385080516829,0.5736731570803123
13155,Unknown,United Kingdom,,,,0,Elite Buyers,29,13,9214.26,708.7892307692308,317,1999,139.61,-1.8536751340643844,-0.1658684141455683
14621,Unknown,United Kingdom,,,,0,Elite Buyers,13,20,9210.41,460.5205,331,1687,164.47160714285715,-1.426791267499956,-0.17311205213781888
14346,Unknown,United Kingdom,,,,0,Elite Buyers,157,10,9196.63,919.663,347,1357,204.36955555555556,-1.2476550581500065,0.8581682793311629
16833,Unknown,United Kingdom,,,,0,Elite Buyers,143,11,9168.15,833.4681818181818,314,1459,191.003125,-1.290971912212935,0.652102514780737
16261,Unknown,United Kingdom,,,,0,Elite Buyers,105,13,9145.96,703.5353846153846,269,1536,179.33254901960785,-1.2991017597628738,0.387412316619954
15238,Unknown,United Kingdom,,,,0,Elite Buyers,29,12,9143.48,761.9566666666667,262,1668,166.24509090909092,-1.5370223273646106,0.2219268058335311
13235,Unknown,United Kingdom,,,,0,Elite Buyers,54,15,9124.28,608.2853333333334,262,1463,186.20979591836735,-1.229375562908473,0.29894168249201325
14180,Unknown,United Kingdom,,,,0,Elite Buyers,99,30,9123.02,304.10066666666665,289,2049,134.1620588235294,-1.4474223686120955,-0.7765597034853431
17422,Unknown,United Kingdom,,,,0,Elite Buyers,183,18,9113.58,506.31,306,1579,175.26115384615386,-1.1375806703649156,0.19054203783211224
13327,Unknown,United Kingdom,,,,0,Elite Buyers,243,12,9111.0,759.25,294,1693,162.69642857142858,-1.320246367321444,0.42679523922447526
14044,Unknown,United Kingdom,,,,0,Elite Buyers,134,11,9097.61,827.0554545454545,341,1631,168.47425925925927,-1.4657154510766497,0.4445601885193653
17386,Unknown,United Kingdom,,,,0,Elite Buyers,61,8,9097.19,1137.14875,288,1756,156.84810344827585,-1.7601758911879186,0.45940738534233994
16102,Unknown,United Kingdom,,,,0,Elite Buyers,99,16,9095.72,568.4825,293,1687,162.42357142857142,-1.3715456875166554,0.06100411483926363
14397,Unknown,United Kingdom,,,,0,Elite Buyers,148,21,9083.81,432.562380952381,267,1580,174.68865384615384,-1.0854668386428183,0.0271090496367489
17459,Unknown,United Kingdom,,,,0,Elite Buyers,83,22,9079.82,412.71909090909094,352,1460,189.16291666666666,-1.1022671297197038,0.06832700836349673
17796,Unknown,United Kingdom,,,,0,Elite Buyers,49,10,9070.16,907.016,237,2010,135.3755223880597,-1.864033775462465,-0.0022083609300996843
14790,Unknown,United Kingdom,,,,0,Elite Buyers,148,7,9054.38,1293.4828571428573,224,1363,201.20844444444444,-1.297957397817283,1.0642175123175905
12939,Unknown,United Kingdom,,,,0,Elite Buyers,149,6,9048.62,1508.1033333333332,85,1516,180.9724,-1.2769656323553868,0.9598268084246251
14387,Unknown,United Kingdom,,,,0,Elite Buyers,36,15,9036.51,602.434,370,1598,170.50018867924527,-1.4419213605879015,0.13944147362043727
14552,Unknown,United Kingdom,,,,0,Elite Buyers,40,14,9031.31,645.0935714285714,288,1475,184.31244897959184,-1.297738434291976,0.3155346737810417
18097,Unknown,United Kingdom,,,,0,Elite Buyers,2,17,9017.6,530.4470588235295,306,1781,152.8406779661017,-1.5520827232276464,-0.1977243155626632
14410,Unknown,United Kingdom,,,,0,Elite Buyers,10,18,9014.5,500.80555555555554,313,1722,158.14912280701753,-1.4711833437003745,-0.16736597029634626
15738,Unknown,United Kingdom,,,,0,Elite Buyers,30,20,9011.6,450.58,303,2118,128.73714285714286,-1.755461743392594,-0.6370886582163884
16535,Unknown,United Kingdom,,,,0,Elite Buyers,122,13,8961.73,689.3638461538461,286,1602,169.08924528301887,-1.3320786060880936,0.31056811534143236
17932,Unknown,United Kingdom,,,,0,Elite Buyers,43,16,8961.16,560.0725,330,1499,179.2232,-1.284458241673745,0.18828716057316372
17400,Unknown,United Kingdom,,,,0,Elite Buyers,147,16,8944.01,559.000625,318,1551,175.37274509803922,-1.1950050573867421,0.24562767072668687
14383,Unknown,United Kingdom,,,,0,Elite Buyers,65,13,8924.35,686.4884615384616,287,1750,153.86810344827586,-1.531000478179374,0.08342181576158461
12518,Unknown,Germany,,,,0,Elite Buyers,107,18,8921.65,495.64722222222224,332,1464,182.07448979591837,-1.1245474897163503,0.20261151336077196
13015,Unknown,United Kingdom,,,,0,Elite Buyers,55,17,8918.24,524.6023529411765,327,1677,159.25428571428571,-1.3974111878725715,-0.04463679872007695
12508,Unknown,France,,,,0,Elite Buyers,110,14,8911.88,636.5628571428572,326,1432,185.66416666666666,-1.1884972575130288,0.4234845159009569
15553,Unknown,United Kingdom,,,,0,Elite Buyers,87,14,8911.27,636.5192857142857,268,1456,185.65145833333332,-1.1952072931249305,0.36901288859278747
14499,Unknown,United Kingdom,,,,0,Elite Buyers,99,11,8906.97,809.7245454545455,324,1573,171.28788461538463,-1.4250191030305444,0.43867384846506907
18177,Unknown,United Kingdom,,,,0,Elite Buyers,147,9,8887.92,987.5466666666666,250,1552,174.2729411764706,-1.3697920259654452,0.6486183930727858
16445,Unknown,United Kingdom,,,,0,Elite Buyers,68,16,8874.04,554.6275,358,1596,167.43471698113208,-1.3499920725280823,0.10176396811077862
14930,Unknown,Channel Islands,,,,0,Elite Buyers,36,14,8872.64,633.76,293,1514,177.4528,-1.3249313245602932,0.24722275857275597
14087,Unknown,United Kingdom,,,,0,Elite Buyers,160,14,8871.73,633.695,323,1473,181.0557142857143,-1.158160116281223,0.4286968357782991
18004,Unknown,United Kingdom,,,,0,Elite Buyers,3,12,8870.16,739.18,342,1842,145.41245901639346,-1.7564275423357683,-0.021176636924779058
15860,Unknown,United Kingdom,,,,0,Elite Buyers,59,17,8866.09,521.5347058823529,339,1969,136.40138461538461,-1.6598684271933781,-0.34917415238934624
18223,Unknown,United Kingdom,,,,0,Elite Buyers,42,15,8863.64,590.9093333333333,292,1685,158.27928571428572,-1.4398676288261834,0.012761344660136481
15687,Unknown,United Kingdom,,,,0,Elite Buyers,6,22,8861.97,402.8168181818182,322,1818,147.6995,-1.4726869448161974,-0.441610275323175
14720,Unknown,United Kingdom,,,,0,Elite Buyers,260,11,8857.64,805.24,263,1464,180.76816326530613,-1.0770723241336388,0.7098645210391056
15156,Unknown,United Kingdom,,,,0,Elite Buyers,23,21,8851.46,421.49809523809523,310,1671,160.93563636363638,-1.3288565668557664,-0.23496029866097268
13629,Unknown,United Kingdom,,,,0,Elite Buyers,471,11,8832.34,802.94,192,1346,196.27422222222222,-0.6408892293346818,1.0521826723646222
16951,Unknown,United Kingdom,,,,0,Elite Buyers,17,18,8815.46,489.7477777777778,380,1595,166.32943396226415,-1.3712523979034414,-0.04546275505331765
14309,Unknown,United Kingdom,,,,0,Elite Buyers,338,15,8808.07,587.2046666666666,257,1476,179.7565306122449,-0.8566809975737331,0.5471464878743029
17214,Unknown,United Kingdom,,,,0,Elite Buyers,1,19,8796.32,462.9642105263158,360,1764,151.6606896551724,-1.5075028165514293,-0.2851523343482461
13790,Unknown,United Kingdom,,,,0,Elite Buyers,366,14,8776.83,626.9164285714286,245,1328,199.4734090909091,-0.7057482223785676,0.7884650449616217
15883,Unknown,United Kingdom,,,,0,Elite Buyers,199,13,8770.21,674.6315384615384,276,1465,178.9838775510204,-1.086026476931627,0.5084645973732759
16875,Unknown,United Kingdom,,,,0,Elite Buyers,51,14,8769.17,626.3692857142858,309,1706,153.84508771929825,-1.477610615831436,0.03672738025786029
16359,Unknown,United Kingdom,,,,0,Elite Buyers,175,21,8768.62,417.55333333333334,288,1608,165.44566037735848,-1.0607751223740438,-0.019220677833578587
14732,Unknown,United Kingdom,,,,0,Elite Buyers,84,20,8768.4,438.42,328,1739,151.1793103448276,-1.3370849010779526,-0.2214778043923672
16818,Unknown,United Kingdom,,,,0,Elite Buyers,3,19,8706.1,458.2157894736842,334,1817,145.10166666666666,-1.525389069488607,-0.3587763692930143
16368,Unknown,United Kingdom,,,,0,Elite Buyers,145,15,8678.15,578.5433333333333,267,1488,177.10510204081632,-1.0987238956817733,0.30957725938780567
13495,Unknown,United Kingdom,,,,0,Elite Buyers,117,12,8663.33,721.9441666666667,232,1911,137.5131746031746,-1.5691745040176297,-0.019585447885704266
16253,Unknown,United Kingdom,,,,0,Elite Buyers,108,16,8662.54,541.40875,293,1618,160.4174074074074,-1.2515159611800075,0.07599074344236387
13635,Unknown,United Kingdom,,,,0,Elite Buyers,201,13,8635.79,664.2915384615385,275,1556,166.07288461538462,-1.1489511409377622,0.38932086665904164
17787,Unknown,United Kingdom,,,,0,Elite Buyers,234,21,8635.64,411.2209523809524,344,1886,139.28451612903226,-1.2647483950132592,-0.26183428272755244
15694,Unknown,United Kingdom,,,,0,Elite Buyers,122,17,8611.39,506.5523529411765,185,2026,128.52820895522387,-1.4688781919328286,-0.4107941169095446
13884,Unknown,United Kingdom,,,,0,Elite Buyers,222,18,8587.58,477.0877777777778,300,1601,162.0298113207547,-1.0476342696083356,0.12426396564295586
14140,Unknown,United Kingdom,,,,0,Elite Buyers,66,16,8586.45,536.653125,302,1597,162.00849056603772,-1.283230491672021,0.04510628172027217
13650,Unknown,United Kingdom,,,,0,Elite Buyers,13,16,8583.37,536.460625,303,1713,150.58543859649123,-1.451986873749016,-0.1388388967024688
14375,Unknown,United Kingdom,,,,0,Elite Buyers,160,17,8572.55,504.2676470588235,319,1479,174.95,-1.0500195248674358,0.23325685291158835
13743,Unknown,United Kingdom,,,,0,Elite Buyers,131,15,8565.97,571.0646666666667,273,1539,167.96019607843138,-1.1530324529705802,0.21875172104399712
16332,Unknown,United Kingdom,,,,0,Elite Buyers,171,20,8563.63,428.1815,354,1647,155.70236363636363,-1.1428459816586471,-0.05756280040477499
12530,Unknown,Germany,,,,0,Elite Buyers,33,15,8563.59,570.906,297,1611,161.57716981132074,-1.3568110480057518,0.04091979192940934
12535,Unknown,France,,,,0,Elite Buyers,71,11,8559.6,778.1454545454545,239,1598,161.50188679245284,-1.3739542597606162,0.30985181290664954
16094,Unknown,United Kingdom,,,,0,Elite Buyers,188,13,8556.39,658.1838461538462,213,1543,167.77235294117648,-1.0876892726835214,0.36874143594613273
17537,Unknown,United Kingdom,,,,0,Elite Buyers,89,16,8548.31,534.269375,276,1492,170.9662,-1.135746869707154,0.17031156365154518
13883,Unknown,United Kingdom,,,,0,Elite Buyers,188,13,8539.56,656.8892307692307,232,1513,170.7912,-1.078561059037212,0.4033942567717157
15281,Unknown,United Kingdom,,,,0,Elite Buyers,369,13,8538.28,656.7907692307692,240,1272,203.29238095238094,-0.6524942556202832,0.8734192587308591
14866,Unknown,United Kingdom,,,,0,Elite Buyers,129,10,8511.6,851.16,131,1838,139.5344262295082,-1.4157303643959267,0.14864594114974625
16655,Unknown,United Kingdom,,,,0,Elite Buyers,145,18,8504.42,472.46777777777777,313,1494,170.0884,-1.0455550324575633,0.14206605392450952
14344,Unknown,United Kingdom,,,,0,Elite Buyers,5,16,8503.28,531.455,334,2023,126.91462686567164,-1.755645361528183,-0.47821422562472615
14740,Unknown,United Kingdom,,,,0,Elite Buyers,232,7,8491.04,1213.0057142857142,100,1591,160.20830188679244,-1.1521054498698562,0.7699419293477063
13654,Unknown,United Kingdom,,,,0,Elite Buyers,34,10,8484.34,848.434,243,1485,173.14979591836735,-1.3536247865881101,0.45503336921763826
16014,Unknown,United Kingdom,,,,0,Elite Buyers,47,18,8464.17,470.2316666666667,348,1737,145.93396551724138,-1.402355110890913,-0.22787935305550955
15827,Unknown,United Kingdom,,,,0,Elite Buyers,268,18,8462.45,470.1361111111111,237,1880,136.49112903225807,-1.1750176396486611,-0.15324903438290083
16672,Unknown,United Kingdom,,,,0,Elite Buyers,90,19,8458.34,445.17578947368423,215,1727,148.3919298245614,-1.210337054028018,-0.23047335158242294
15108,Unknown,European Community,,,,0,Elite Buyers,605,7,8404.53,1200.6471428571429,248,1095,233.45916666666668,-0.4585728213453356,1.7784580683336173
14867,Unknown,United Kingdom,,,,0,Elite Buyers,127,13,8393.83,645.6792307692308,332,1574,161.4198076923077,-1.2725365958118364,0.2649478490883749
12727,Unknown,France,,,,0,Elite Buyers,20,16,8383.71,523.981875,304,1744,144.54672413793102,-1.449620919800144,-0.19610750697271911
14209,Unknown,United Kingdom,,,,0,Elite Buyers,13,17,8375.48,492.67529411764707,213,1535,164.22509803921568,-1.1650935872944772,-0.04138753914325308
16374,Unknown,United Kingdom,,,,0,Elite Buyers,17,13,8363.93,643.3792307692307,327,1709,146.7356140350877,-1.5198170079146678,-0.009903862743374042
14626,Unknown,United Kingdom,,,,0,Elite Buyers,44,13,8358.56,642.9661538461538,277,1621,154.78814814814814,-1.3697517913541382,0.10533662421447579
13384,Unknown,United Kingdom,,,,0,Elite Buyers,80,13,8351.27,642.4053846153846,296,1679,149.12982142857143,-1.3917754341821822,0.08347803372450993
14901,Unknown,United Kingdom,,,,0,Elite Buyers,178,20,8344.63,417.2315,307,1970,128.3789230769231,-1.3697391606332991,-0.428318760650688
14390,Unknown,United Kingdom,,,,0,Elite Buyers,42,20,8338.94,416.947,299,2106,119.12771428571429,-1.652103137434417,-0.7210716892849366
18178,Unknown,United Kingdom,,,,0,Elite Buyers,383,19,8335.52,438.7115789473684,299,1523,163.44156862745098,-0.7290414795589594,0.2984930828087745
17705,Unknown,United Kingdom,,,,0,Elite Buyers,55,12,8309.88,692.49,248,1613,156.7901886792453,-1.3526253644167658,0.17736648289537602
15704,Unknown,United Kingdom,,,,0,Elite Buyers,47,17,8301.09,488.2994117647059,269,1653,150.9289090909091,-1.2732217470488068,-0.1339250949214259
12477,Unknown,Germany,,,,0,Elite Buyers,105,12,8299.18,691.5983333333334,252,1530,162.72901960784313,-1.218189617749823,0.3149957466217924
17618,Unknown,United Kingdom,,,,0,Elite Buyers,10,17,8297.6,488.09411764705885,324,1835,136.02622950819674,-1.5241160697671563,-0.3585270361148348
14801,Unknown,United Kingdom,,,,0,Elite Buyers,211,14,8273.21,590.9435714285714,332,1362,183.8491111111111,-0.9381120911796279,0.5172144577155723
15723,Unknown,United Kingdom,,,,0,Elite Buyers,115,9,8264.62,918.2911111111111,306,1791,140.07830508474575,-1.5992568267842082,0.26645584650922216
14250,Unknown,United Kingdom,,,,0,Elite Buyers,13,19,8250.74,434.2494736842105,323,1770,139.84305084745762,-1.4107819320755763,-0.377524993326746
16150,Unknown,United Kingdom,,,,0,Elite Buyers,5,13,8233.51,633.3469230769231,308,2143,115.96492957746479,-1.8995987054168815,-0.4963950125700203
14944,Unknown,United Kingdom,,,,0,Elite Buyers,178,17,8224.98,483.82235294117646,243,1492,164.4996,-0.9367629559778975,0.16305215601961562
14766,Unknown,United Kingdom,,,,0,Elite Buyers,15,14,8224.09,587.435,286,1952,126.52446153846154,-1.6650892473679832,-0.3515281959887213
15421,Unknown,United Kingdom,,,,0,Elite Buyers,140,13,8200.92,630.84,277,1653,149.10763636363637,-1.262974060917746,0.14936211676061192
18241,Unknown,United Kingdom,,,,0,Elite Buyers,58,17,8199.78,482.34,255,1759,141.3755172413793,-1.33212108138602,-0.25092810083006883
16825,Unknown,United Kingdom,,,,0,Elite Buyers,135,9,8170.49,907.8322222222222,312,1680,145.90160714285713,-1.4671047166090747,0.386555480567912
16759,Unknown,United Kingdom,,,,0,Elite Buyers,0,13,8165.37,628.1053846153847,292,1783,138.39610169491525,-1.5593813666560785,-0.142211000887078
14560,Unknown,United Kingdom,,,,0,Elite Buyers,6,21,8149.18,388.05619047619047,293,1817,135.81966666666668,-1.3887757326676111,-0.5261023179855732
14649,Unknown,United Kingdom,,,,0,Elite Buyers,37,14,8144.51,581.7507142857143,322,1657,148.082,-1.3903684321078913,-0.02211239017819222
13370,Unknown,United Kingdom,,,,0,Elite Buyers,148,14,8127.42,580.53,261,1972,125.03723076923077,-1.4897509911025786,-0.24434148417087
16637,Unknown,United Kingdom,,,,0,Elite Buyers,220,14,8110.4,579.3142857142857,285,1414,172.56170212765957,-0.9185148621139535,0.43080147795453994
13632,Unknown,United Kingdom,,,,0,Elite Buyers,169,12,8101.09,675.0908333333333,290,1380,176.11065217391305,-1.0159939475080195,0.5254743816454613
14341,Unknown,United Kingdom,,,,0,Elite Buyers,133,8,8098.05,1012.25625,213,1685,144.6080357142857,-1.4278894208005442,0.43608911325830557
15996,Unknown,United Kingdom,,,,0,Elite Buyers,33,15,8095.49,539.6993333333334,288,1934,126.49203125,-1.5861536231405986,-0.38264186996494287
12645,Unknown,Germany,,,,0,Elite Buyers,24,12,8070.96,672.58,264,1707,141.59578947368422,-1.4591392115596435,-0.0012406071920995076
16121,Unknown,United Kingdom,,,,0,Elite Buyers,36,12,8070.06,672.505,321,1573,155.19346153846155,-1.3701296403224634,0.1705197268778252
15192,Unknown,United Kingdom,,,,0,Elite Buyers,43,11,8061.45,732.8590909090909,277,1893,127.95952380952382,-1.649263512160712,-0.11061073218609324
17197,Unknown,United Kingdom,,,,0,Elite Buyers,61,12,8056.41,671.3675,275,1481,164.41653061224488,-1.2208431453292854,0.2883137775275566
16685,Unknown,United Kingdom,,,,0,Elite Buyers,282,12,8050.74,670.895,328,1291,187.22651162790697,-0.8218486106573161,0.7475530557241495
13758,Unknown,United Kingdom,,,,0,Elite Buyers,147,21,8042.32,382.96761904761905,298,2032,120.03462686567164,-1.4025240316061538,-0.6134203123700412
15805,Unknown,United Kingdom,,,,0,Elite Buyers,138,19,8011.47,421.6563157894737,280,1768,135.78762711864408,-1.195436837364623,-0.28775662382821143
17114,Unknown,United Kingdom,,,,0,Elite Buyers,21,13,7992.74,614.8261538461538,319,1711,140.22350877192983,-1.4678662653009718,-0.07058343343415427
18263,Unknown,United Kingdom,,,,0,Elite Buyers,187,12,7980.84,665.07,278,1635,147.79333333333332,-1.1976769451493678,0.24494452398967295
16717,Unknown,United Kingdom,,,,0,Elite Buyers,17,15,7976.34,531.756,280,1950,122.71292307692308,-1.5987819207070626,-0.44146276875944734
17886,Unknown,United Kingdom,,,,0,Elite Buyers,57,17,7964.41,468.49470588235295,311,1675,142.22160714285715,-1.273597050014794,-0.198184388534827
13507,Unknown,United Kingdom,,,,0,Elite Buyers,141,9,7948.6,883.1777777777778,242,1645,144.52,-1.343969401319467,0.37891708349562414
16107,Unknown,United Kingdom,,,,0,Elite Buyers,187,7,7937.77,1133.9671428571428,206,1390,172.56021739130435,-1.1289420339626535,0.8904137105831518
16110,Unknown,United Kingdom,,,,0,Elite Buyers,40,17,7934.26,466.72117647058826,391,1784,134.47898305084746,-1.4420979115883146,-0.32175803660974417
14317,Unknown,United Kingdom,,,,0,Elite Buyers,45,7,7930.47,1132.9242857142858,143,1620,146.86055555555555,-1.4222304084953628,0.45971430901348287
15088,Unknown,United Kingdom,,,,0,Elite Buyers,100,11,7927.96,720.7236363636364,265,1657,144.14472727272727,-1.3414060422159833,0.17737739697579355
17425,Unknown,United Kingdom,,,,0,Elite Buyers,147,10,7919.05,791.905,236,1396,172.15326086956523,-1.0643822844341078,0.5816778084178613
12808,Unknown,Portugal,,,,0,Elite Buyers,28,14,7914.96,565.3542857142858,188,2000,119.92363636363636,-1.5618881970471896,-0.4566958720769763
15018,Unknown,United Kingdom,,,,0,Elite Buyers,22,13,7908.95,608.3807692307693,303,1976,121.67615384615385,-1.6856193631301706,-0.3594425852202267
15349,Unknown,United Kingdom,,,,0,Elite Buyers,215,14,7904.07,564.5764285714286,292,1514,158.0814,-0.9949007112831209,0.28294477580634225
17323,Unknown,United Kingdom,,,,0,Elite Buyers,68,20,7891.91,394.5955,345,1569,151.7675,-1.116143249289542,-0.19445496686681835
14334,Unknown,United Kingdom,,,,0,Elite Buyers,128,15,7885.89,525.726,278,1508,157.7178,-1.0541871467847734,0.13702335479339592
13725,Unknown,United Kingdom,,,,0,Elite Buyers,383,15,7881.35,525.4233333333333,249,1351,175.14111111111112,-0.5775155897037373,0.5810176764252801
16076,Unknown,United Kingdom,,,,0,Elite Buyers,119,14,7869.11,562.0792857142857,303,1544,154.2962745098039,-1.1431046651537142,0.14155381305673395
14640,Unknown,United Kingdom,,,,0,Elite Buyers,618,7,7859.87,1122.8385714285714,246,1110,212.42891891891892,-0.38802897635982747,1.676185360355942
15916,Unknown,United Kingdom,,,,0,Elite Buyers,136,17,7848.44,461.6729411764706,241,1831,128.66295081967212,-1.2457662819974087,-0.3096292603328346
18235,Unknown,United Kingdom,,,,0,Elite Buyers,111,11,7846.94,713.3581818181818,303,1559,150.90269230769232,-1.2604936977997365,0.2862055043038272
13117,Unknown,United Kingdom,,,,0,Elite Buyers,240,16,7846.65,490.415625,293,1908,124.55,-1.2578854530098522,-0.2194331271251722
14759,Unknown,United Kingdom,,,,0,Elite Buyers,34,17,7842.21,461.3064705882353,290,1660,142.58563636363635,-1.2586834909545606,-0.22777246091440076
17809,Unknown,United Kingdom,,,,0,Elite Buyers,73,13,7840.77,603.1361538461539,170,2106,112.011,-1.6006366153167344,-0.4830916840541595
16401,Unknown,United Kingdom,,,,0,Elite Buyers,16,15,7825.06,521.6706666666666,246,1805,130.41766666666666,-1.4215274080989726,-0.32238778920362293
16971,Unknown,United Kingdom,,,,0,Elite Buyers,0,10,7784.6,778.46,299,1815,129.74333333333334,-1.6552411138875363,-0.04612170775875704
16551,Unknown,United Kingdom,,,,0,Elite Buyers,19,11,7779.63,707.2390909090909,261,1799,129.6605,-1.545948766125809,-0.09058008897383199
16950,Unknown,United Kingdom,,,,0,Elite Buyers,196,7,7778.33,1111.19,250,1802,129.63883333333334,-1.509471279447935,0.43102855247709515
15671,Unknown,United Kingdom,,,,0,Elite Buyers,41,10,7776.77,777.677,250,1657,141.39581818181819,-1.4209539151123578,0.15447684327375752
12779,Unknown,Poland,,,,0,Elite Buyers,6,17,7767.9,456.93529411764706,274,2114,110.97,-1.681451337467102,-0.7485826679902062
17883,Unknown,United Kingdom,,,,0,Elite Buyers,22,18,7764.36,431.35333333333335,324,1641,143.78444444444443,-1.249899168624189,-0.26744430355905663
17188,Unknown,United Kingdom,,,,0,Elite Buyers,147,11,7731.06,702.8236363636364,232,1698,138.05464285714285,-1.267210713532418,0.14600512402071283
15549,Unknown,United Kingdom,,,,0,Elite Buyers,147,11,7725.03,702.2754545454545,214,1552,151.47117647058823,-1.118007484237921,0.3004470498711628
13320,Unknown,United Kingdom,,,,0,Elite Buyers,240,11,7723.59,702.1445454545454,269,1308,175.53613636363636,-0.8376649667670893,0.675557073107507
16905,Unknown,United Kingdom,,,,0,Elite Buyers,8,12,7719.37,643.2808333333334,273,2112,110.27671428571429,-1.8111645325758636,-0.4969956649150339
17629,Unknown,United Kingdom,,,,0,Elite Buyers,309,18,7712.28,428.46,294,1454,160.6725,-0.703624146545856,0.23331068846466588
13536,Unknown,United Kingdom,,,,0,Elite Buyers,15,11,7699.51,699.9554545454546,254,1709,135.07912280701754,-1.4538039456219942,-0.014863006698285358
17921,Unknown,United Kingdom,,,,0,Elite Buyers,43,10,7685.43,768.543,268,1622,142.3227777777778,-1.3913534190032293,0.1804568933877778
17105,Unknown,United Kingdom,,,,0,Elite Buyers,34,18,7685.01,426.945,290,1726,134.82473684210527,-1.2759952686557017,-0.3667945579312169
13450,Unknown,United Kingdom,,,,0,Elite Buyers,30,12,7677.44,639.7866666666666,216,1789,130.12610169491526,-1.4336764844131258,-0.15503989466882973
13313,Unknown,United Kingdom,,,,0,Elite Buyers,45,17,7669.9,451.17058823529413,260,1690,136.9625,-1.226067715905651,-0.28400465744852676
16218,Unknown,United Kingdom,,,,0,Elite Buyers,2,14,7663.93,547.4235714285714,271,2177,106.44347222222223,-1.806891910143038,-0.6925367503624088
13634,Unknown,United Kingdom,,,,0,Elite Buyers,51,20,7639.23,381.9615,330,1613,144.1364150943396,-1.1360469466777454,-0.3037866282574843
12689,Unknown,France,,,,0,Elite Buyers,204,9,7612.21,845.8011111111111,246,1524,149.25901960784313,-1.1212939806009095,0.5202529015659756
15306,Unknown,United Kingdom,,,,0,Elite Buyers,241,9,7601.77,844.6411111111111,285,1424,161.73978723404255,-1.0212024679448062,0.6828718018587772
17360,Unknown,United Kingdom,,,,0,Elite Buyers,16,12,7583.87,631.9891666666666,286,1592,143.09188679245284,-1.3250714794164433,0.03419056521744332
17082,Unknown,United Kingdom,,,,0,Elite Buyers,184,15,7576.36,505.09066666666666,254,1480,154.61959183673468,-0.9022739570819289,0.17000377765414607
14485,Unknown,United Kingdom,,,,0,Elite Buyers,131,12,7563.41,630.2841666666667,268,1684,135.06089285714285,-1.2495662682050477,0.053102794703858175
16174,Unknown,United Kingdom,,,,0,Elite Buyers,404,6,7557.45,1259.575,169,1294,175.7546511627907,-0.7518428245624263,1.270590963291507
12985,Unknown,United Kingdom,,,,0,Elite Buyers,5,13,7555.43,581.1869230769231,370,1566,145.29673076923078,-1.3380925276295905,0.0005213900401411509
13110,Unknown,United Kingdom,,,,0,Elite Buyers,45,17,7545.76,443.86823529411765,306,1779,127.8942372881356,-1.327430770119267,-0.3932935060699841
12872,Unknown,United Kingdom,,,,0,Elite Buyers,29,12,7542.02,628.5016666666667,276,1907,119.71460317460317,-1.5799769882815742,-0.292748292279852
13448,Unknown,United Kingdom,,,,0,Elite Buyers,2,15,7535.17,502.3446666666667,259,2177,104.65513888888889,-1.7525271768418194,-0.7687951875077126
13695,Unknown,United Kingdom,,,,0,Elite Buyers,71,16,7508.74,469.29625,182,1715,131.73228070175438,-1.1394454612997438,-0.2862474927465514
14076,Unknown,United Kingdom,,,,0,Elite Buyers,62,14,7501.07,535.7907142857143,326,1725,131.5977192982456,-1.345551910976773,-0.17792539535983554
12423,Unknown,Belgium,,,,0,Elite Buyers,283,9,7492.81,832.5344444444445,196,1537,146.9178431372549,-0.9705623350241035,0.5622762914308466
18196,Unknown,United Kingdom,,,,0,Elite Buyers,12,15,7488.41,499.2273333333333,298,1685,133.72160714285715,-1.320151829689146,-0.24952693837903145
16402,Unknown,United Kingdom,,,,0,Elite Buyers,168,15,7475.9,498.3933333333333,283,1891,118.66507936507936,-1.3013749658681653,-0.3041402292573306
17442,Unknown,United Kingdom,,,,0,Elite Buyers,125,16,7453.88,465.8675,273,1637,138.0348148148148,-1.08953295041808,-0.1302909498429482
17613,Unknown,United Kingdom,,,,0,Elite Buyers,58,13,7451.0,573.1538461538462,284,1764,128.4655172413793,-1.3783712169733695,-0.18309704011286987
14092,Unknown,United Kingdom,,,,0,Elite Buyers,48,15,7435.59,495.706,238,1769,126.02694915254237,-1.2933148339111913,-0.322564205169027
15573,Unknown,United Kingdom,,,,0,Elite Buyers,69,15,7429.62,495.308,284,1534,145.67882352941177,-1.0970487382300924,-0.037266079345541936
12989,Unknown,United Kingdom,,,,0,Elite Buyers,243,14,7422.59,530.185,177,1663,134.95618181818182,-0.9196883760940091,0.03931649900208581
15288,Unknown,United Kingdom,,,,0,Elite Buyers,217,14,7421.44,530.1028571428571,244,1719,130.20070175438596,-1.074169198363085,-0.03408677706241983
12842,Unknown,United Kingdom,,,,0,Elite Buyers,147,7,7419.98,1059.9971428571428,257,1587,139.99962264150943,-1.3373507632584833,0.543713310443822
13655,Unknown,United Kingdom,,,,0,Elite Buyers,234,9,7419.48,824.3866666666667,244,1254,176.65428571428572,-0.8201960112268156,0.8216194376928656
12628,Unknown,Germany,,,,0,Elite Buyers,35,13,7415.5,570.4230769230769,274,1659,134.8272727272727,-1.2985133801366935,-0.10777958619428327
16884,Unknown,United Kingdom,,,,0,Elite Buyers,202,10,7411.47,741.147,230,1582,139.83905660377357,-1.0910627998533287,0.3362574412232643
16191,Unknown,United Kingdom,,,,0,Elite Buyers,486,9,7405.29,822.81,172,1158,189.87923076923076,-0.3468362642292001,1.1852176018100244
12844,Unknown,United Kingdom,,,,0,Elite Buyers,31,15,7397.52,493.168,285,1787,125.38169491525424,-1.367588970225185,-0.3536295055631329
12747,Unknown,United Kingdom,,,,0,Elite Buyers,15,16,7395.88,462.2425,201,2044,108.76294117647059,-1.5133033322844989,-0.7073181515693101
18230,Unknown,United Kingdom,,,,0,Elite Buyers,563,16,7381.63,461.351875,215,1259,175.75309523809523,-0.15473375321589272,0.7366579302059089
17700,Unknown,United Kingdom,,,,0,Elite Buyers,6,16,7377.24,461.0775,287,1758,127.19379310344827,-1.3450759107906067,-0.4006047780635982
16782,Unknown,United Kingdom,,,,0,Elite Buyers,48,22,7375.69,335.25863636363636,263,1888,117.07444444444444,-1.2620096204590898,-0.7355289024250066
18172,Unknown,United Kingdom,,,,0,Elite Buyers,49,18,7369.07,409.3927777777778,235,1768,124.89949152542373,-1.2062955698818998,-0.4677146592999397
13764,Unknown,United Kingdom,,,,0,Elite Buyers,71,14,7357.17,525.5121428571429,294,1603,138.81452830188678,-1.1831791593060172,-0.0688862153341985
14825,Unknown,United Kingdom,,,,0,Elite Buyers,282,18,7350.78,408.37666666666667,240,1746,126.73758620689655,-0.9046105812541969,-0.19196441004076403
16126,Unknown,United Kingdom,,,,0,Elite Buyers,7,10,7349.9,734.99,146,1601,138.67735849056604,-1.2367077084068834,0.07498321564567031
16243,Unknown,United Kingdom,,,,0,Elite Buyers,40,13,7335.13,564.2407692307693,301,1624,135.83574074074073,-1.2716932624560038,-0.07605335745236105
12397,Unknown,Belgium,,,,0,Elite Buyers,38,17,7328.4,431.08235294117645,293,1687,130.86428571428573,-1.2154145007680794,-0.3454506180869484
17064,Unknown,United Kingdom,,,,0,Elite Buyers,114,12,7318.7,609.8916666666667,268,1433,152.47291666666666,-1.0144648134701786,0.2610913648064497
13183,Unknown,United Kingdom,,,,0,Elite Buyers,1,17,7316.47,430.3805882352941,236,1783,124.00796610169492,-1.296568155153408,-0.4995701672436793
16916,Unknown,United Kingdom,,,,0,Elite Buyers,2,13,7307.02,562.0784615384615,315,2146,102.91577464788732,-1.7972938091612807,-0.6642568129124764
16667,Unknown,United Kingdom,,,,0,Elite Buyers,147,10,7303.66,730.366,243,1638,135.25296296296295,-1.2087547616356227,0.20555058413439056
16057,Unknown,United Kingdom,,,,0,Elite Buyers,203,11,7289.57,662.6881818181819,227,1524,142.93274509803922,-0.9804280950943871,0.3075488475905549
15829,Unknown,United Kingdom,,,,0,Elite Buyers,381,10,7280.81,728.081,251,1436,151.68354166666666,-0.7456555396729335,0.6724629825633344
12676,Unknown,Sweden,,,,0,Elite Buyers,80,9,7280.75,808.9722222222222,185,1744,125.53017241379311,-1.3631420436519202,0.07537103332860243
16081,Unknown,United Kingdom,,,,0,Elite Buyers,90,12,7273.9,606.1583333333333,283,1877,117.32096774193549,-1.4494102687838413,-0.24346036504315652
17490,Unknown,United Kingdom,,,,0,Elite Buyers,30,9,7267.45,807.4944444444444,232,1635,134.5824074074074,-1.3769967723269163,0.1498308674041369
14691,Unknown,United Kingdom,,,,0,Elite Buyers,2,13,7267.36,559.0276923076923,237,1725,127.49754385964913,-1.3462058913841,-0.24777168540202996
17250,Unknown,United Kingdom,,,,0,Elite Buyers,245,8,7257.9,907.2375,299,1418,154.42340425531916,-1.0259714307339158,0.718295625355142
13722,Unknown,United Kingdom,,,,0,Elite Buyers,188,8,7257.2,907.15,188,1604,136.92830188679244,-1.1557405151187456,0.42926284451717045
13971,Unknown,United Kingdom,,,,0,Elite Buyers,75,10,7253.43,725.343,234,1503,145.0686,-1.1601642468662905,0.2595150393756894
14107,Unknown,United Kingdom,,,,0,Elite Buyers,128,14,7253.39,518.0992857142858,206,1778,122.93881355932203,-1.175612084874242,-0.23352007211441034
13213,Unknown,United Kingdom,,,,0,Elite Buyers,456,11,7252.23,659.2936363636363,181,1303,168.65651162790698,-0.4213235420456465,0.8177586939081063
14995,Unknown,United Kingdom,,,,0,Elite Buyers,126,12,7231.33,602.6108333333333,285,1689,129.13089285714287,-1.2316213311844688,-0.014749898042806658
16678,Unknown,United Kingdom,,,,0,Elite Buyers,111,21,7222.58,343.9323809523809,280,1681,128.97464285714287,-1.0115251527745923,-0.4388155852778486
16929,Unknown,United Kingdom,,,,0,Elite Buyers,70,14,7221.9,515.85,206,1686,128.9625,-1.1595676679102263,-0.20478680623016352
17470,Unknown,United Kingdom,,,,0,Elite Buyers,287,15,7220.33,481.3553333333333,284,1711,126.67245614035087,-0.961250078873776,-0.03238288717123339
17914,Unknown,United Kingdom,,,,0,Elite Buyers,160,13,7217.52,555.1938461538462,310,1503,144.3504,-1.008359641815562,0.1654820006783521
13309,Unknown,United Kingdom,,,,0,Elite Buyers,89,16,7216.3,451.01875,276,1694,128.8625,-1.1559182142695414,-0.2753377039845636
14659,Unknown,United Kingdom,,,,0,Elite Buyers,211,19,7214.68,379.72,275,1603,136.12603773584905,-0.8552385473711471,-0.1717922107891363
17838,Unknown,United Kingdom,,,,0,Elite Buyers,5,11,7210.89,655.5354545454545,232,2143,101.56183098591549,-1.776583144023883,-0.5688476684451945
16629,Unknown,United Kingdom,,,,0,Elite Buyers,0,13,7200.49,553.8838461538462,234,1727,126.32438596491228,-1.3388633594135324,-0.264861329983359
16907,Unknown,United Kingdom,,,,0,Elite Buyers,34,14,7179.98,512.8557142857143,336,1902,113.96793650793651,-1.5042190798333452,-0.4542624832439376
17223,Unknown,United Kingdom,,,,0,Elite Buyers,2,13,7168.75,551.4423076923077,290,2026,106.99626865671642,-1.6510348652224691,-0.5716482440201782
13177,Unknown,United Kingdom,,,,0,Elite Buyers,502,8,7166.96,895.87,173,1163,183.76820512820512,-0.3509544365929159,1.2411483626373454
13611,Unknown,United Kingdom,,,,0,Elite Buyers,155,11,7161.27,651.0245454545454,285,1358,159.13933333333333,-0.9281972952551696,0.4322320231248351
15240,Unknown,United Kingdom,,,,0,Elite Buyers,30,13,7149.79,549.9838461538461,258,1794,121.18288135593221,-1.3783525024252268,-0.3066266911120626
18239,Unknown,United Kingdom,,,,0,Elite Buyers,31,16,7125.76,445.36,294,2117,101.79657142857143,-1.6118497842812525,-0.793745036747517
15877,Unknown,United Kingdom,,,,0,Elite Buyers,9,7,7125.76,1017.9657142857143,213,1593,134.44830188679245,-1.4305268465583525,0.3242768045737161
16693,Unknown,United Kingdom,,,,0,Elite Buyers,50,10,7098.86,709.886,271,1735,122.39413793103448,-1.4103038496845675,-0.04314493873335934
13023,Unknown,United Kingdom,,,,0,Elite Buyers,77,9,7089.29,787.6988888888889,207,1710,124.37350877192982,-1.3360443019720003,0.07653975458514858
13833,Unknown,United Kingdom,,,,0,Elite Buyers,267,7,7085.36,1012.1942857142857,231,1493,141.7072,-1.0383078925938591,0.7072187146765437
13375,Unknown,United Kingdom,,,,0,Elite Buyers,195,10,7076.35,707.635,260,1288,164.56627906976743,-0.8237732804549682,0.6018414475033333
15665,Unknown,United Kingdom,,,,0,Elite Buyers,110,16,7046.33,440.395625,282,1439,146.79854166666667,-0.8840342259558363,-0.00939581451708224
13026,Unknown,United Kingdom,,,,0,Elite Buyers,71,13,7044.44,541.88,258,1691,125.79357142857143,-1.2206134835647084,-0.17589597354056802
13819,Unknown,United Kingdom,,,,0,Elite Buyers,34,11,7038.86,639.8963636363636,186,1731,123.48877192982457,-1.2953857816190246,-0.15063739436024157
13493,Unknown,Switzerland,,,,0,Elite Buyers,1345,3,7037.98,2345.9933333333333,132,235,879.7475,1.0445080024258124,4.2948114712805605
14239,Unknown,United Kingdom,,,,0,Elite Buyers,13,21,7032.21,334.8671428571429,297,1805,117.2035,-1.2310092377891149,-0.7096402186506654
17204,Unknown,United Kingdom,,,,0,Elite Buyers,2,6,7027.31,1171.2183333333332,173,1486,143.41448979591837,-1.3492777504630444,0.5228736181918111
17685,Unknown,United Kingdom,,,,0,Elite Buyers,360,12,7021.69,585.1408333333334,224,1788,119.01169491525424,-0.9522720966836917,0.08340367895331899
16284,Unknown,United Kingdom,,,,0,Elite Buyers,188,16,7019.64,438.7275,278,1415,149.35404255319148,-0.7610951522682198,0.09799931575091994
12597,Unknown,Spain,,,,0,Elite Buyers,794,7,6979.01,997.0014285714286,274,783,268.42346153846154,0.1904369859512035,2.1296000349431106
12670,Unknown,France,,,,0,Elite Buyers,41,12,6977.21,581.4341666666667,246,1745,120.29672413793104,-1.3179134455761452,-0.22416401971070074
14507,Unknown,United Kingdom,,,,0,Elite Buyers,161,11,6973.99,633.9990909090909,262,1450,145.29145833333334,-0.957727249429309,0.29523138917331004
17491,Unknown,United Kingdom,,,,0,Elite Buyers,64,13,6971.11,536.2392307692307,185,1934,108.92359375,-1.3628266876456574,-0.47042972449156806
16595,Unknown,United Kingdom,,,,0,Elite Buyers,23,13,6961.51,535.5007692307693,315,1550,136.50019607843137,-1.1881100016648276,-0.07865133440459265
13868,Unknown,United Kingdom,,,,0,Elite Buyers,251,10,6960.57,696.057,180,1564,133.85711538461538,-0.9003824030192891,0.3140944181983931
15574,Unknown,United Kingdom,,,,0,Elite Buyers,65,19,6953.48,365.97263157894736,303,2083,100.77507246376811,-1.4536014545215377,-0.8812018774780702
16353,Unknown,United Kingdom,,,,0,Elite Buyers,132,13,6947.16,534.396923076923,137,1927,108.549375,-1.2015072003492802,-0.41074830996702943
14971,Unknown,United Kingdom,,,,0,Elite Buyers,71,13,6937.69,533.6684615384615,278,1654,126.13981818181819,-1.1893576609925254,-0.1550639608401178
16571,Unknown,United Kingdom,,,,0,Elite Buyers,280,10,6929.69,692.969,231,1484,141.4222448979592,-0.8470224343451392,0.44298288180141243
17968,Unknown,United Kingdom,,,,0,Elite Buyers,37,12,6900.6,575.05,269,2142,97.19154929577465,-1.6926357392778093,-0.6502214798924632
16747,Unknown,United Kingdom,,,,0,Elite Buyers,149,8,6900.2,862.525,272,1635,127.78148148148148,-1.2669226449192164,0.30310771767599975
14396,Unknown,United Kingdom,,,,0,Elite Buyers,122,14,6897.76,492.69714285714286,270,1998,104.51151515151516,-1.395954863953511,-0.5230414907134885
16709,Unknown,United Kingdom,,,,0,Elite Buyers,3,11,6882.41,625.6736363636363,197,1761,118.66224137931034,-1.3518187070384697,-0.2441208676559063
14427,Unknown,United Kingdom,,,,0,Elite Buyers,149,8,6864.71,858.08875,230,1486,140.0961224489796,-1.0912850568493537,0.45117985784933046
15214,Unknown,United Kingdom,,,,0,Elite Buyers,10,18,6861.46,381.1922222222222,297,1805,114.35766666666666,-1.2728941051921971,-0.6332762364260136
15164,Unknown,United Kingdom,,,,0,Elite Buyers,21,14,6860.21,490.015,266,1764,116.27474576271186,-1.2977617837061075,-0.4015565122541527
17092,Unknown,United Kingdom,,,,0,Elite Buyers,176,12,6852.09,571.0075,250,1522,134.35470588235293,-0.9388206869307705,0.13583395241323273
14488,Unknown,United Kingdom,,,,0,Elite Buyers,77,13,6844.77,526.5207692307692,180,1680,122.22803571428571,-1.0933926123049464,-0.21786676466460644
14336,Unknown,United Kingdom,,,,0,Elite Buyers,58,12,6839.24,569.9366666666666,247,1673,124.34981818181818,-1.215643533012479,-0.1511513340623776
16175,Unknown,United Kingdom,,,,0,Elite Buyers,97,5,6838.12,1367.624,213,1569,131.50230769230768,-1.4051433495203627,0.6412639011635073
13091,Unknown,United Kingdom,,,,0,Elite Buyers,164,9,6829.34,758.8155555555555,222,1347,151.7631111111111,-0.8868542003403546,0.5216701496390671
17001,Unknown,United Kingdom,,,,0,Elite Buyers,166,14,6827.8,487.7,227,1567,131.30384615384617,-0.904372439404856,-0.04343020145014739
17667,Unknown,United Kingdom,,,,0,Elite Buyers,219,13,6819.86,524.6046153846154,260,1600,128.6766037735849,-0.9290111398499381,0.03874091014160172
12610,Unknown,Italy,,,,0,Elite Buyers,33,11,6798.29,618.0263636363636,219,1665,123.60527272727273,-1.2408875580927772,-0.12182548692407275
13294,Unknown,United Kingdom,,,,0,Elite Buyers,20,14,6788.45,484.88928571428573,231,1741,117.04224137931034,-1.236656585389663,-0.39797416273098984
17812,Unknown,United Kingdom,,,,0,Elite Buyers,31,15,6769.22,451.28133333333335,265,1997,102.56393939393939,-1.4561499270889906,-0.6983968026444076
13642,Unknown,United Kingdom,,,,0,Elite Buyers,15,15,6766.58,451.1053333333333,298,1594,127.67132075471699,-1.1382237848448868,-0.28691310997585723
14910,Unknown,United Kingdom,,,,0,Elite Buyers,180,8,6765.07,845.63375,203,1453,140.93895833333335,-0.9815771264521723,0.49434891387760116
16156,Unknown,United Kingdom,,,,0,Elite Buyers,16,12,6751.83,562.6525,217,1798,112.5305,-1.3358599833723044,-0.3603957392413648
13199,Unknown,United Kingdom,,,,0,Elite Buyers,15,20,6750.01,337.5005,165,1952,103.84630769230769,-1.2081329787492945,-0.9116615351446481
15093,Unknown,United Kingdom,,,,0,Elite Buyers,447,11,6737.84,612.5309090909091,177,1701,120.31857142857143,-0.7105650061271371,0.26719317345923266
15220,Unknown,United Kingdom,,,,0,Elite Buyers,37,12,6717.61,559.8008333333333,224,1696,119.95732142857143,-1.2220741354760567,-0.22995371131396894
16458,Unknown,United Kingdom,,,,0,Elite Buyers,2,20,6715.53,335.7765,228,1813,111.9255,-1.1676087147842666,-0.7685697738765943
14335,Unknown,Germany,,,,0,Elite Buyers,259,7,6696.34,956.62,192,1468,136.66,-0.9303443932250532,0.6410577537794455
17035,Unknown,United Kingdom,,,,0,Elite Buyers,110,6,6672.44,1112.0733333333333,192,1714,117.06035087719299,-1.3939630481602117,0.32293033542364413
15505,Unknown,United Kingdom,,,,0,Elite Buyers,40,11,6671.86,606.5327272727272,221,1658,121.30654545454546,-1.2096948535446548,-0.1337561051037084
16628,Unknown,United Kingdom,,,,0,Elite Buyers,63,10,6665.62,666.562,235,1638,123.4374074074074,-1.2165233190160545,-0.0123695955592871
16316,Unknown,United Kingdom,,,,0,Elite Buyers,24,16,6660.67,416.291875,224,1675,118.94053571428572,-1.093059158852121,-0.45045959307451233
15465,Unknown,United Kingdom,,,,0,Elite Buyers,26,14,6658.24,475.5885714285714,163,2033,99.37671641791044,-1.3970229756222434,-0.7359109331318618
17278,Unknown,United Kingdom,,,,0,Elite Buyers,318,6,6657.67,1109.6116666666667,221,1170,170.70948717948718,-0.6884188821329229,1.160588247812839
16009,Unknown,United Kingdom,,,,0,Elite Buyers,119,15,6656.87,443.79133333333334,322,1641,123.27537037037037,-1.0563461502453106,-0.2389669159989784
14639,Unknown,United Kingdom,,,,0,Elite Buyers,135,6,6653.17,1108.8616666666667,172,1379,144.6341304347826,-1.0370914730280907,0.7065510677765215
18088,Unknown,United Kingdom,,,,0,Elite Buyers,87,9,6626.52,736.28,187,1486,135.23510204081632,-1.0375526412884848,0.2380064087280873
16365,Unknown,United Kingdom,,,,0,Elite Buyers,69,12,6623.91,551.9925,212,1929,103.49859375,-1.3665771002250757,-0.46494530117089994
15605,Unknown,United Kingdom,,,,0,Elite Buyers,73,14,6612.07,472.2907142857143,240,2106,94.45814285714286,-1.4862047357514458,-0.7534285926468446
14503,Unknown,United Kingdom,,,,0,Elite Buyers,42,8,6608.15,826.01875,215,1741,113.93362068965517,-1.3970167575019374,-0.0013390259999363219
15983,Unknown,United Kingdom,,,,0,Elite Buyers,76,13,6602.64,507.8953846153846,253,2103,94.32342857142856,-1.5202925690435038,-0.6924341075133554
17731,Unknown,United Kingdom,,,,0,Elite Buyers,183,11,6602.44,600.2218181818182,243,1576,126.97,-0.9737950872309221,0.10296730773781379
13167,Unknown,United Kingdom,,,,0,Elite Buyers,192,13,6597.97,507.53615384615387,238,1626,122.18462962962963,-0.9332672179651116,-0.06954403346641916
17555,Unknown,United Kingdom,,,,0,Elite Buyers,227,13,6593.89,507.2223076923077,311,1355,146.53088888888888,-0.7102521886394715,0.28097460598805657
17725,Unknown,United Kingdom,,,,0,Elite Buyers,26,4,6586.93,1646.7325,116,1706,115.56017543859649,-1.5364904155508703,0.4976095499578782
17659,Unknown,United Kingdom,,,,0,Elite Buyers,19,13,6583.92,506.4553846153846,210,2129,92.7312676056338,-1.568403738685879,-0.7948408581972312
16431,Unknown,United Kingdom,,,,0,Elite Buyers,196,9,6568.72,729.8577777777778,257,1352,145.97155555555557,-0.8486744616258965,0.5063987962805714
18159,Unknown,United Kingdom,,,,0,Elite Buyers,577,5,6564.22,1312.844,251,943,205.131875,-0.2688343578929789,1.835214492689299
17290,Unknown,United Kingdom,,,,0,Elite Buyers,169,11,6554.72,595.8836363636364,266,1494,131.0944,-0.9298779070988085,0.1662422327444336
17936,Unknown,United Kingdom,,,,0,Elite Buyers,184,12,6551.54,545.9616666666667,271,1540,128.461568627451,-0.9219620752731305,0.07251933266676316
18126,Unknown,United Kingdom,,,,0,Elite Buyers,358,11,6550.84,595.5309090909091,274,1185,167.9702564102564,-0.4356608976643524,0.7315976904080282
14815,Unknown,United Kingdom,,,,0,Elite Buyers,344,12,6533.29,544.4408333333333,236,1413,139.00617021276597,-0.5791130139802966,0.3742315341372041
12474,Unknown,Germany,,,,0,Elite Buyers,19,14,6532.57,466.6121428571429,225,1767,110.72152542372882,-1.2183405885339544,-0.4815266254080631
13021,Unknown,United Kingdom,,,,0,Elite Buyers,482,13,6531.46,502.42,225,1333,148.44227272727272,-0.29721708282922743,0.5559581011478968
16820,Unknown,United Kingdom,,,,0,Elite Buyers,26,10,6526.56,652.656,211,1671,118.66472727272728,-1.246886833820271,-0.12162144921145387
14245,Unknown,United Kingdom,,,,0,Elite Buyers,93,6,6522.21,1087.035,176,1638,120.78166666666667,-1.3061422492294799,0.35431029834845207
18257,Unknown,United Kingdom,,,,0,Elite Buyers,6,9,6517.8,724.2,268,1751,112.37586206896552,-1.4388610626346385,-0.14345390354175838
13851,Unknown,United Kingdom,,,,0,Elite Buyers,90,12,6503.39,541.9491666666667,201,1669,118.24345454545454,-1.0777444342759412,-0.1924360051508685
14452,Unknown,United Kingdom,,,,0,Elite Buyers,289,10,6503.18,650.318,161,1347,144.5151111111111,-0.5709706436298093,0.49624211876181656
12473,Unknown,Germany,,,,0,Elite Buyers,111,7,6495.52,927.9314285714286,218,1709,113.95649122807018,-1.3261960530491108,0.18325279597011992
16168,Unknown,United Kingdom,,,,0,Elite Buyers,232,20,6495.01,324.7505,189,1827,106.4755737704918,-0.8235401014216743,-0.5927066244054545
15104,Unknown,United Kingdom,,,,0,Elite Buyers,143,7,6488.95,926.9928571428571,237,1649,117.9809090909091,-1.2512980326409329,0.2851570320320823
17481,Unknown,United Kingdom,,,,0,Elite Buyers,132,14,6473.48,462.39142857142855,243,1624,119.87925925925926,-0.961195796515901,-0.21260060810434833
15939,Unknown,United Kingdom,,,,0,Elite Buyers,15,15,6457.88,430.5253333333333,178,1809,107.63133333333333,-1.1698000171462093,-0.6056684166004919
14339,Unknown,United Kingdom,,,,0,Elite Buyers,2,11,6445.04,585.9127272727272,247,1516,128.9008,-1.1223619682787247,-0.05966933299009519
15932,Unknown,United Kingdom,,,,0,Elite Buyers,5,9,6440.85,715.65,188,1689,115.01517857142858,-1.292368615208936,-0.11289331038555778
15865,Unknown,United Kingdom,,,,0,Elite Buyers,93,8,6426.98,803.3725,146,1455,133.89541666666668,-0.9661003151737882,0.31159827279143626
12364,Unknown,Belgium,,,,0,Elite Buyers,258,7,6406.6,915.2285714285714,256,1525,125.61960784313726,-1.0050544527950311,0.530086574713043
15296,Unknown,United Kingdom,,,,0,Elite Buyers,27,14,6402.86,457.34714285714284,232,1550,125.54627450980392,-1.003771292079589,-0.2587569789731614
14262,Unknown,United Kingdom,,,,0,Elite Buyers,91,17,6394.75,376.1617647058824,242,1723,112.18859649122807,-1.0097860159820353,-0.5209738546751804
16395,Unknown,United Kingdom,,,,0,Elite Buyers,17,10,6386.43,638.643,234,1526,125.22411764705882,-1.129369163460495,-0.004979986228353883
13706,Unknown,United Kingdom,,,,0,Elite Buyers,554,7,6386.06,912.2942857142857,254,997,193.5169696969697,-0.17941608988223878,1.4656620965692029
13402,Unknown,United Kingdom,,,,0,Elite Buyers,31,9,6380.13,708.9033333333333,248,2117,91.14471428571429,-1.702038208822871,-0.5290960836139446
12957,Unknown,United Kingdom,,,,0,Elite Buyers,120,17,6374.31,374.95941176470586,248,1615,118.04277777777777,-0.8787865620894323,-0.3812180862447667
12600,Unknown,Germany,,,,0,Elite Buyers,454,7,6364.92,909.2742857142857,177,1666,115.72581818181818,-0.8028027288337986,0.5675721964374801
17505,Unknown,United Kingdom,,,,0,Elite Buyers,16,12,6361.0,530.0833333333334,249,1803,106.01666666666667,-1.315029015792649,-0.43910779593535554
13464,Unknown,United Kingdom,,,,0,Elite Buyers,1,13,6357.1,489.0076923076923,249,1481,129.73673469387754,-1.0128145485406834,-0.16504948661576685
17433,Unknown,United Kingdom,,,,0,Elite Buyers,201,8,6354.27,794.28375,244,1282,147.77372093023257,-0.7855215993033234,0.6277028285224625
15831,Unknown,United Kingdom,,,,0,Elite Buyers,54,9,6348.37,705.3744444444444,201,1583,122.08403846153846,-1.1401002004789484,0.042327626749339514
16225,Unknown,United Kingdom,,,,0,Elite Buyers,201,11,6344.13,576.7390909090909,236,1441,132.169375,-0.7859522384637618,0.21113772628604113
15491,Unknown,United Kingdom,,,,0,Elite Buyers,145,14,6340.77,452.91214285714284,237,1556,121.93788461538462,-0.8585480643469099,-0.1563144639614403
17266,Unknown,United Kingdom,,,,0,Elite Buyers,246,11,6328.55,575.3227272727273,223,1417,134.65,-0.6950027700299094,0.2824258442504768
17940,Unknown,United Kingdom,,,,0,Elite Buyers,604,10,6327.79,632.779,89,1155,166.5207894736842,0.1399932371900563,1.0006820996278434
15953,Unknown,United Kingdom,,,,0,Elite Buyers,9,13,6327.68,486.7446153846154,228,2050,93.05411764705882,-1.4901183767098711,-0.7727662090984863
13780,Unknown,United Kingdom,,,,0,Elite Buyers,280,15,6326.52,421.768,261,1503,126.5304,-0.6388056149045214,0.0013128578707205796
18221,Unknown,United Kingdom,,,,0,Elite Buyers,132,10,6313.66,631.366,230,1533,123.79725490196078,-0.9806882687918255,0.09751260110209595
15576,Unknown,United Kingdom,,,,0,Elite Buyers,623,10,6306.14,630.614,183,1161,161.69589743589742,0.0005685331627404144,1.0365662444271406
12865,Unknown,Austria,,,,0,Elite Buyers,7,10,6305.78,630.578,251,1599,118.97698113207547,-1.2114475780661726,-0.1058558416164602
12744,Unknown,Singapore,,,,0,Elite Buyers,274,9,6290.76,698.9733333333334,197,1458,131.0575,-0.7464657174688619,0.4040618758354787
13804,Unknown,United Kingdom,,,,0,Elite Buyers,173,9,6276.62,697.4022222222222,221,1554,120.70423076923078,-0.9772522007055584,0.18426899953005602
14431,Unknown,United Kingdom,,,,0,Elite Buyers,261,6,6276.01,1046.0016666666668,188,1290,145.95372093023255,-0.7694078447474154,0.8695781359666428
17119,Unknown,United Kingdom,,,,0,Elite Buyers,17,8,6272.01,784.00125,190,1646,114.03654545454546,-1.2640442034421082,-0.00568348413524139
16674,Unknown,United Kingdom,,,,0,Elite Buyers,139,9,6265.14,696.1266666666667,223,1647,113.91163636363636,-1.1024195766774827,0.04524010636283851
17623,Unknown,United Kingdom,,,,0,Elite Buyers,206,12,6257.7,521.475,248,1428,133.14255319148936,-0.732452732101733,0.15582294196825694
16618,Unknown,United Kingdom,,,,0,Elite Buyers,6,10,6256.27,625.627,236,1597,118.04283018867925,-1.1892002256144267,-0.1191963917585811
17514,Unknown,United Kingdom,,,,0,Elite Buyers,82,11,6255.92,568.72,195,1677,111.71285714285715,-1.0846882888541374,-0.20584442385663265
12384,Unknown,Switzerland,,,,0,Elite Buyers,327,8,6241.99,780.24875,217,1218,156.04975,-0.5345060159208741,0.817616806913259
15743,Unknown,United Kingdom,,,,0,Elite Buyers,259,12,6241.18,520.0983333333334,228,1525,122.37607843137255,-0.730142421543955,0.09100795959667976
13506,Unknown,United Kingdom,,,,0,Elite Buyers,54,8,6223.98,777.9975,205,2005,94.30272727272727,-1.5543888273944266,-0.3437357468242986
17288,Unknown,United Kingdom,,,,0,Elite Buyers,507,4,6220.72,1555.18,187,1315,141.38,-0.6545732328366901,1.3959040838249317
16496,Unknown,United Kingdom,,,,0,Elite Buyers,92,6,6216.01,1036.0016666666668,236,1722,109.05280701754386,-1.402889586667974,0.21028349246223035
13583,Unknown,United Kingdom,,,,0,Elite Buyers,33,14,6215.82,443.9871428571429,270,1605,117.27962264150943,-1.0512504973952204,-0.34666092168394325
15123,Unknown,United Kingdom,,,,0,Elite Buyers,15,8,6210.8,776.35,244,1768,105.2677966101695,-1.4236374958395555,-0.1385187784761201
14878,Unknown,United Kingdom,,,,0,Elite Buyers,78,7,6205.78,886.54,224,1678,110.8175,-1.3012323350542978,0.11930675991216208
17405,Unknown,United Kingdom,,,,0,Elite Buyers,29,16,6197.94,387.37125,238,1573,119.19115384615385,-0.9421377839693725,-0.42521625960165743
14886,Unknown,United Kingdom,,,,0,Elite Buyers,490,8,6188.07,773.50875,210,1332,140.63795454545453,-0.4184265698420305,0.8466367708580427
18248,Unknown,United Kingdom,,,,0,Elite Buyers,68,11,6185.54,562.3218181818182,228,1601,116.70830188679246,-1.0595385495992502,-0.14285970308858348
16113,Unknown,United Kingdom,,,,0,Elite Buyers,153,7,6177.22,882.46,240,1424,131.43021276595744,-0.9959271168584103,0.48074921404740933
14723,Unknown,United Kingdom,,,,0,Elite Buyers,48,17,6164.6,362.6235294117647,284,2072,89.34202898550724,-1.3787281050312483,-0.9767481695955536
12684,Unknown,France,,,,0,Elite Buyers,125,13,6161.77,473.9823076923077,206,1658,112.03218181818181,-0.9458448919818865,-0.27707403763656435
16475,Unknown,United Kingdom,,,,0,Elite Buyers,10,10,6157.14,615.714,197,1509,123.1428,-1.0498167739872013,-0.048826883154288236
12462,Unknown,Spain,,,,0,Elite Buyers,63,10,6152.65,615.265,236,1518,123.053,-1.0340707394586044,0.009415565125928477
14320,Unknown,United Kingdom,,,,0,Elite Buyers,68,7,6149.56,878.5085714285714,224,1453,128.11583333333334,-1.1054247061909832,0.34616678656897126
17306,Unknown,United Kingdom,,,,0,Elite Buyers,138,9,6144.02,682.6688888888889,154,1679,109.71464285714286,-1.029771493520431,-0.03504136843777278
16322,Unknown,United Kingdom,,,,0,Elite Buyers,129,14,6136.01,438.2864285714286,271,1627,113.62981481481482,-0.9414533833123282,-0.28603675502193543
16603,Unknown,United Kingdom,,,,0,Elite Buyers,93,9,6133.39,681.4877777777778,253,1481,125.17122448979592,-1.0201892946441742,0.1579468382599377
13372,Unknown,United Kingdom,,,,0,Elite Buyers,271,9,6131.6,681.2888888888889,224,1242,149.55121951219513,-0.5646378950148021,0.6166042548459612
17324,Unknown,United Kingdom,,,,0,Elite Buyers,176,4,6129.33,1532.3325,218,1791,103.88694915254237,-1.5055359261766075,0.5092368726199666
16992,Unknown,United Kingdom,,,,0,Elite Buyers,166,12,6120.16,510.0133333333333,208,1620,113.3362962962963,-0.8893939649285243,-0.14346772450364265
14067,Unknown,United Kingdom,,,,0,Elite Buyers,58,14,6119.75,437.125,270,1669,111.26818181818182,-1.0633323778361579,-0.40904804242006876
13854,Unknown,United Kingdom,,,,0,Elite Buyers,189,18,6114.07,339.67055555555555,114,1747,105.415,-0.6746116508067306,-0.5829170961072091
14364,Unknown,United Kingdom,,,,0,Elite Buyers,29,9,6104.99,678.3322222222222,174,1671,110.99981818181818,-1.1790452262592586,-0.14154833177609155
15289,Unknown,United Kingdom,,,,0,Elite Buyers,285,8,6104.18,763.0225,159,1447,127.17041666666667,-0.6937498432040383,0.4601381935714832
16376,Unknown,United Kingdom,,,,0,Elite Buyers,1084,4,6087.38,1521.845,92,730,253.64083333333335,0.7257887710694841,2.696708341240288
16706,Unknown,United Kingdom,,,,0,Elite Buyers,3,14,6086.81,434.77214285714285,246,1783,103.16627118644068,-1.2062022535655754,-0.604075413345623
13259,Unknown,United Kingdom,,,,0,Elite Buyers,234,12,6086.47,507.2058333333333,262,1339,135.2548888888889,-0.6032860416789889,0.2423914190197897
12678,Unknown,France,,,,0,Elite Buyers,539,6,6084.81,1014.135,168,1193,152.12025,-0.2892276827253038,1.2335615640315232
14739,Unknown,United Kingdom,,,,0,Elite Buyers,161,14,6081.9,434.4214285714286,157,1837,99.70327868852459,-0.9585783977559725,-0.5147934326576441
16116,Unknown,United Kingdom,,,,0,Elite Buyers,30,10,6076.58,607.658,218,1457,126.59541666666667,-0.9903476498402588,0.02001190120410326
18265,Unknown,United Kingdom,,,,0,Elite Buyers,682,6,6068.85,1011.475,227,1047,173.3957142857143,-0.05492045133818069,1.5771824426781216
16561,Unknown,United Kingdom,,,,0,Elite Buyers,541,8,6068.82,758.6025,213,1183,155.61076923076922,-0.21093508955938645,1.0498100133598782
15265,Unknown,United Kingdom,,,,0,Elite Buyers,614,6,6067.12,1011.1866666666666,226,901,202.23733333333334,-0.013930438641502563,1.6887763089793348
18219,Unknown,United Kingdom,,,,0,Elite Buyers,184,8,6055.64,756.955,184,1844,99.2727868852459,-1.198324151400802,-0.08036106614948718
13564,Unknown,United Kingdom,,,,0,Elite Buyers,28,12,6048.3,504.025,207,2000,91.64090909090909,-1.3895373118301257,-0.7060896176046816
18027,Unknown,United Kingdom,,,,0,Elite Buyers,12,9,6006.43,667.3811111111111,253,1774,101.80389830508474,-1.3606219122383805,-0.27776202079760115
13752,Unknown,United Kingdom,,,,0,Elite Buyers,56,16,5999.79,374.986875,196,1585,113.20358490566038,-0.8433530191918828,-0.46815009759791004
16230,Unknown,United Kingdom,,,,0,Elite Buyers,154,8,5995.61,749.45125,195,1608,113.12471698113208,-1.027052387311651,0.12957549054050968
17554,Unknown,United Kingdom,,,,0,Elite Buyers,7,9,5988.04,665.3377777777778,159,1595,112.98188679245283,-1.0978909139861783,-0.11842064046843725
16533,Unknown,United Kingdom,,,,0,Elite Buyers,218,13,5987.26,460.55846153846153,234,1567,115.13961538461538,-0.7523107516516023,-0.11061573867643654
17115,Unknown,United Kingdom,,,,0,Elite Buyers,62,12,5985.6,498.8,220,1752,103.2,-1.127269104408139,-0.4223848550386974
13681,Unknown,United Kingdom,,,,0,Elite Buyers,387,7,5980.48,854.3542857142858,209,1398,130.01043478260868,-0.6249136801576498,0.7138323051391888
16317,Unknown,United Kingdom,,,,0,Elite Buyers,218,8,5967.33,745.91625,185,1601,112.59113207547169,-0.9255694317185061,0.19559137517766165
13500,Unknown,United Kingdom,,,,0,Elite Buyers,76,10,5962.54,596.254,175,1680,106.47392857142857,-1.0635370455029203,-0.2155709845872173
16362,Unknown,United Kingdom,,,,0,Elite Buyers,9,13,5957.68,458.2830769230769,256,1625,110.3274074074074,-1.0751419667416826,-0.4031980668549723
16172,Unknown,United Kingdom,,,,0,Elite Buyers,134,11,5953.25,541.2045454545455,222,1684,106.30803571428571,-1.009998222020339,-0.2164508292672408
14282,Unknown,United Kingdom,,,,0,Elite Buyers,50,13,5946.95,457.4576923076923,185,1948,92.92109375,-1.241814400320555,-0.7142813572878186
16567,Unknown,United Kingdom,,,,0,Elite Buyers,14,11,5939.58,539.9618181818182,229,1630,109.99222222222222,-1.1136411898422687,-0.28845165496943714
17671,Unknown,United Kingdom,,,,0,Elite Buyers,1,16,5928.79,370.549375,182,1935,92.63734375,-1.1986207524329893,-0.9146658429645103
14657,Unknown,United Kingdom,,,,0,Elite Buyers,437,9,5926.33,658.4811111111111,207,1355,131.69622222222222,-0.4094735436634146,0.6136185109994932
14256,Unknown,United Kingdom,,,,0,Elite Buyers,285,8,5923.49,740.43625,240,1621,109.69425925925925,-0.9128699999972764,0.24687764508597995
13690,Unknown,United Kingdom,,,,0,Elite Buyers,356,7,5916.24,845.1771428571428,167,1156,155.69052631578947,-0.3902017899544891,0.9342577972981259
13824,Unknown,United Kingdom,,,,0,Elite Buyers,108,10,5915.86,591.586,166,1685,105.64035714285714,-1.009768922386236,-0.19833636978058572
14698,Unknown,United Kingdom,,,,0,Elite Buyers,80,8,5909.29,738.66125,258,1522,115.86843137254903,-1.0886531823881587,0.13029612396017523
13208,Unknown,United Kingdom,,,,0,Elite Buyers,167,14,5908.52,422.03714285714284,244,1598,111.48150943396226,-0.8092424989839098,-0.27003011709249647
15332,Unknown,Lithuania,,,,0,Elite Buyers,73,10,5907.13,590.713,185,1986,89.5019696969697,-1.3474427501712414,-0.5492545061316572
18125,Unknown,United Kingdom,,,,0,Elite Buyers,92,6,5903.47,983.9116666666666,206,1450,122.98895833333333,-1.0800037063417127,0.42896089065607224
18229,Unknown,United Kingdom,,,,0,Elite Buyers,24,16,5902.68,368.9175,158,2155,83.13633802816902,-1.3347416027504533,-1.1269958332981849
16871,Unknown,United Kingdom,,,,0,Elite Buyers,156,9,5882.27,653.5855555555555,170,1357,130.7171111111111,-0.7031043200423793,0.28705853877637
17083,Unknown,United Kingdom,,,,0,Elite Buyers,24,9,5872.57,652.5077777777777,178,1557,112.93403846153846,-1.0496249050401647,-0.08172958988233447
17979,Unknown,United Kingdom,,,,0,Elite Buyers,9,7,5854.8,836.4,213,1716,102.71578947368421,-1.3531993746247766,-0.07636338667467565
14062,Unknown,United Kingdom,,,,0,Elite Buyers,37,8,5854.03,731.75375,141,1869,94.41983870967742,-1.3075813124646078,-0.32690239994227144
16572,Unknown,United Kingdom,,,,0,Elite Buyers,325,11,5840.48,530.9527272727273,197,1403,124.26553191489361,-0.48007535722921735,0.2634762219783404
17696,Unknown,United Kingdom,,,,0,Elite Buyers,236,14,5832.67,416.6192857142857,198,1670,106.04854545454546,-0.7303484476676136,-0.2980727113210814
12840,Unknown,United Kingdom,,,,0,Elite Buyers,2,12,5829.75,485.8125,218,1576,112.11057692307692,-1.0160658440581523,-0.3332968383121638
12652,Unknown,France,,,,0,Elite Buyers,24,9,5829.28,647.6977777777778,226,1467,118.96489795918367,-1.0167776137319822,0.01924098909069913
12420,Unknown,Cyprus,,,,0,Elite Buyers,153,6,5826.97,971.1616666666666,218,1482,118.91775510204081,-1.0343363070433291,0.4451105504448085
14778,Unknown,United Kingdom,,,,0,Elite Buyers,446,11,5826.87,529.7154545454546,218,1288,135.50860465116278,-0.25226265047296625,0.5289212834404193
13291,Unknown,United Kingdom,,,,0,Elite Buyers,112,8,5820.92,727.615,173,1526,114.13568627450981,-0.9482228577553389,0.12103317174329872
17248,Unknown,United Kingdom,,,,0,Elite Buyers,204,13,5795.57,445.81307692307695,264,1310,131.7175,-0.5370252491307574,0.11761161663187406
13330,Unknown,United Kingdom,,,,0,Elite Buyers,27,15,5787.89,385.8593333333333,255,1612,109.20547169811321,-0.9564139706405185,-0.5100694003114828
13643,Unknown,United Kingdom,,,,0,Elite Buyers,76,10,5787.27,578.727,217,1710,101.53105263157894,-1.1108179593672465,-0.2776732285330414
15245,Unknown,United Kingdom,,,,0,Elite Buyers,80,6,5785.57,964.2616666666667,210,1620,107.14018518518519,-1.230230553195602,0.19973651365500358
18075,Unknown,United Kingdom,,,,0,Elite Buyers,108,11,5780.73,525.5209090909091,201,1715,101.41631578947369,-1.019024106607131,-0.3227919559426692
15830,Unknown,United Kingdom,,,,0,Elite Buyers,146,8,5778.61,722.32625,233,1638,107.0112962962963,-1.068873066774154,0.04687080513489919
14224,Unknown,United Kingdom,,,,0,Elite Buyers,143,12,5776.35,481.3625,189,1466,117.88469387755102,-0.7031276683248389,-0.0847166177326385
18073,Unknown,United Kingdom,,,,0,Elite Buyers,150,11,5774.53,524.9572727272728,178,1609,108.9533962264151,-0.8451588551013356,-0.166927655708785
13082,Unknown,United Kingdom,,,,0,Elite Buyers,0,9,5761.77,640.1966666666667,161,1705,102.88875,-1.1723796957564903,-0.29156745273630374
15260,Unknown,United Kingdom,,,,0,Elite Buyers,72,9,5755.57,639.5077777777777,234,2076,83.41405797101449,-1.502392199456116,-0.5887451975627821
16438,Unknown,United Kingdom,,,,0,Elite Buyers,160,11,5754.95,523.1772727272727,230,1596,108.58396226415094,-0.8753218871943196,-0.13724292386503098
15658,Unknown,United Kingdom,,,,0,Elite Buyers,313,12,5754.31,479.5258333333333,215,1835,94.33295081967213,-0.8518876724172555,-0.29459967341983617
15092,Unknown,United Kingdom,,,,0,Elite Buyers,85,6,5745.29,957.5483333333333,119,1738,99.05672413793103,-1.1943031337209575,0.03999426047229901
16553,Unknown,United Kingdom,,,,0,Elite Buyers,14,9,5742.48,638.0533333333333,186,1598,108.34867924528302,-1.0878402734518942,-0.16267809899570546
12598,Unknown,France,,,,0,Elite Buyers,23,11,5740.07,521.8245454545455,191,1796,95.66783333333333,-1.1768856497222755,-0.5154142360715503
16602,Unknown,United Kingdom,,,,0,Elite Buyers,41,11,5737.89,521.6263636363636,218,1715,100.66473684210526,-1.1122755500855286,-0.40155976109104663
12375,Unknown,Finland,,,,0,Elite Buyers,342,5,5732.42,1146.484,134,1444,119.42541666666666,-0.7205328737854371,0.7788503900024217
16098,Unknown,United Kingdom,,,,0,Elite Buyers,141,16,5732.29,358.268125,205,2038,84.29838235294118,-1.1147945144718032,-0.9129986700436258
13184,Unknown,United Kingdom,,,,0,Elite Buyers,136,13,5731.08,440.8523076923077,270,1686,102.34071428571428,-0.9496692161477234,-0.3812308722298837
18168,Unknown,United Kingdom,,,,0,Elite Buyers,211,14,5726.74,409.05285714285714,213,1937,89.4803125,-1.0003285948027942,-0.6297217287456988
17169,Unknown,United Kingdom,,,,0,Elite Buyers,296,10,5720.84,572.084,210,1281,133.0427906976744,-0.4418705688909994,0.41525801693586817
12999,Unknown,United Kingdom,,,,0,Elite Buyers,191,10,5703.05,570.305,226,1419,121.34148936170213,-0.7068671869702977,0.1497596322879655
13476,Unknown,United Kingdom,,,,0,Elite Buyers,247,8,5700.91,712.61375,203,1517,114.0182,-0.7932404255443228,0.2629179281492261
15579,Unknown,United Kingdom,,,,0,Elite Buyers,154,8,5680.54,710.0675,178,1631,105.19518518518518,-0.9748190668881631,0.024301438133886605
15274,Unknown,United Kingdom,,,,0,Elite Buyers,170,8,5664.65,708.08125,161,1524,111.07156862745099,-0.8330809458189228,0.144735502146181
13601,Unknown,United Kingdom,,,,0,Elite Buyers,10,14,5663.43,404.5307142857143,248,1477,115.58020408163266,-0.8567091734604297,-0.3648513061302465
12615,Unknown,France,,,,0,Elite Buyers,170,9,5648.27,627.5855555555555,172,1586,106.5711320754717,-0.8519583825343912,-0.010232224252082756
13593,Unknown,United Kingdom,,,,0,Elite Buyers,261,5,5647.62,1129.524,201,1383,122.77434782608695,-0.8433473697422651,0.7591012551711482
16434,Unknown,United Kingdom,,,,0,Elite Buyers,33,12,5647.39,470.61583333333334,237,1694,100.84625,-1.0721740352255846,-0.46717104504202955
12617,Unknown,France,,,,0,Elite Buyers,64,10,5641.39,564.139,219,1478,115.1304081632653,-0.8967213931876223,-0.07059956031295067
17052,Unknown,United Kingdom,,,,0,Elite Buyers,191,12,5636.77,469.73083333333335,239,1320,128.10840909090908,-0.5459745190629313,0.11132729593184229
16900,Unknown,United Kingdom,,,,0,Elite Buyers,51,15,5611.49,374.09933333333333,238,1584,105.87716981132075,-0.8547629321152541,-0.5069954566879066
12491,Unknown,France,,,,0,Elite Buyers,302,7,5609.89,801.4128571428571,221,1513,112.1978,-0.7817415914095217,0.4070292905405015
13447,Unknown,United Kingdom,,,,0,Elite Buyers,527,7,5609.65,801.3785714285714,148,1198,140.24125,-0.13743372029554923,0.9843404803495637
18287,Unknown,United Kingdom,,,,0,Elite Buyers,160,11,5587.6,507.96363636363634,184,1322,126.99090909090908,-0.5535157758557004,0.11510065236215825
17229,Unknown,United Kingdom,,,,0,Elite Buyers,198,7,5554.99,793.57,148,1529,108.92137254901961,-0.821607323920018,0.2389984579160019
14102,Unknown,United Kingdom,,,,0,Elite Buyers,259,7,5552.67,793.2385714285714,177,1525,108.87588235294118,-0.7833540538452377,0.3168435967691089
13862,Unknown,United Kingdom,,,,0,Elite Buyers,224,12,5549.1,462.425,177,1476,113.2469387755102,-0.5605724883374256,-0.06319404740185225
14937,Unknown,Channel Islands,,,,0,Elite Buyers,33,3,5546.71,1848.9033333333334,159,1785,94.01203389830509,-1.6346775874718582,0.4221253271708586
17365,Unknown,United Kingdom,,,,0,Elite Buyers,61,13,5545.42,426.57076923076926,254,1460,115.52958333333333,-0.7957158053628925,-0.25976713050824374
13016,Unknown,United Kingdom,,,,0,Elite Buyers,413,8,5544.13,693.01625,187,1193,138.60325,-0.25812489361708296,0.7614792104356884
12468,Unknown,Germany,,,,0,Elite Buyers,448,8,5543.19,692.89875,155,1252,131.9807142857143,-0.22385608059074996,0.720542933676844
17608,Unknown,United Kingdom,,,,0,Elite Buyers,12,11,5541.39,503.76272727272726,248,1652,100.75254545454546,-1.0870590565201006,-0.4073792044283081
12901,Unknown,United Kingdom,,,,0,Elite Buyers,114,8,5541.11,692.63875,141,1700,98.94839285714286,-1.0095728851689656,-0.13675294339568628
17591,Unknown,United Kingdom,,,,0,Elite Buyers,108,9,5527.59,614.1766666666666,236,1890,87.7395238095238,-1.2525687975872177,-0.4136250222630651
14021,Unknown,United Kingdom,,,,0,Elite Buyers,481,5,5524.97,1104.994,178,1157,145.39394736842104,-0.3299305021944189,1.2286142117044896
12933,Unknown,United Kingdom,,,,0,Elite Buyers,225,3,5516.45,1838.8166666666666,137,1598,104.08396226415094,-1.1927830508207253,0.8142370672037114
13637,Unknown,United Kingdom,,,,0,Elite Buyers,194,10,5507.85,550.785,197,1506,110.157,-0.715557889479661,0.0007582029597032747
14422,Unknown,United Kingdom,,,,0,Elite Buyers,624,7,5506.92,786.7028571428572,107,947,172.09125,0.2884885894295365,1.349415875018343
14024,Unknown,United Kingdom,,,,0,Elite Buyers,289,8,5496.27,687.03375,188,1348,122.13933333333334,-0.5385799869194372,0.43797954459635435
16258,Unknown,United Kingdom,,,,0,Elite Buyers,818,6,5487.7,914.6166666666667,180,913,182.92333333333335,0.3714702144907015,1.7513221541499877
15636,Unknown,United Kingdom,,,,0,Elite Buyers,2,7,5480.97,782.9957142857143,177,1790,92.8977966101695,-1.3242052646492826,-0.25873600561591265
15894,Unknown,United Kingdom,,,,0,Elite Buyers,157,7,5475.83,782.2614285714286,227,1902,86.9179365079365,-1.290896200907248,-0.19899818453375118
13340,Unknown,United Kingdom,,,,0,Elite Buyers,7,8,5466.38,683.2975,122,1604,103.13924528301887,-1.0082949452276257,-0.17659006081310802
15511,Unknown,United Kingdom,,,,0,Elite Buyers,190,12,5454.71,454.55916666666667,216,1625,101.01314814814815,-0.7635843673422215,-0.277019397857134
16293,Unknown,United Kingdom,,,,0,Elite Buyers,174,9,5419.13,602.1255555555556,188,1824,90.31883333333333,-1.0432465906055133,-0.30568556041592404
12478,Unknown,Greece,,,,0,Elite Buyers,178,10,5409.79,540.979,243,1485,110.40387755102041,-0.7477332898438285,-0.0047530431493841285
16767,Unknown,United Kingdom,,,,0,Elite Buyers,17,16,5380.72,336.295,203,1714,94.39859649122808,-0.9112591469924736,-0.7941543233984508
16169,Unknown,United Kingdom,,,,0,Elite Buyers,180,17,5374.49,316.1464705882353,193,1634,99.5275925925926,-0.6040731035136684,-0.5774327551527174
15058,Unknown,United Kingdom,,,,0,Elite Buyers,98,12,5373.5,447.7916666666667,218,1539,105.36274509803921,-0.7874236905605811,-0.3020392301360579
15339,Unknown,United Kingdom,,,,0,Elite Buyers,108,9,5369.86,596.6511111111112,202,1618,99.44185185185185,-0.9447296203652309,-0.17270916544949366
15618,Unknown,United Kingdom,,,,0,Elite Buyers,203,11,5368.2,488.0181818181818,191,1431,111.8375,-0.5662796770849929,-0.017705465273253368
15785,Unknown,United Kingdom,,,,0,Elite Buyers,306,10,5350.1,535.01,165,1393,116.30652173913043,-0.4112486626990637,0.20180057962288703
14577,Unknown,United Kingdom,,,,0,Elite Buyers,141,9,5341.87,593.5411111111111,218,1704,93.71701754385965,-0.9934951630833844,-0.2336955374017408
14676,Unknown,United Kingdom,,,,0,Elite Buyers,527,7,5338.43,762.6328571428571,148,1296,124.14953488372093,-0.17629256738545263,0.8052749956488983
12783,Unknown,Portugal,,,,0,Elite Buyers,43,10,5338.38,533.838,202,1591,100.72415094339622,-0.9513246051967663,-0.2990153647120056
15904,Unknown,United Kingdom,,,,0,Elite Buyers,213,7,5335.86,762.2657142857142,101,1601,100.6766037735849,-0.7434218025634449,0.10573449988648889
17233,Unknown,United Kingdom,,,,0,Elite Buyers,22,8,5315.29,664.41125,229,1703,94.91589285714285,-1.1952907212626953,-0.27153048193662815
17131,Unknown,United Kingdom,,,,0,Elite Buyers,316,9,5311.92,590.2133333333334,194,1408,113.01957446808511,-0.48424176438640826,0.26729492365265506
18015,Unknown,United Kingdom,,,,0,Elite Buyers,22,9,5311.92,590.2133333333334,221,1672,96.58036363636364,-1.1099974975405185,-0.32826236509759454
16141,Unknown,United Kingdom,,,,0,Elite Buyers,24,7,5311.55,758.7928571428571,145,1459,110.65729166666667,-0.9263712303923394,0.07120340766951325
12725,Unknown,Italy,,,,0,Elite Buyers,117,6,5311.35,885.225,166,2003,80.475,-1.396674419169078,-0.287799814712258
16106,Unknown,United Kingdom,,,,0,Elite Buyers,617,4,5299.92,1324.98,151,1079,147.22,-0.11407267590853748,1.564485490387
14497,Unknown,United Kingdom,,,,0,Elite Buyers,145,7,5290.54,755.7914285714286,182,1620,97.97296296296297,-0.9679799901897327,0.0262674013702128
14293,Unknown,United Kingdom,,,,0,Elite Buyers,96,10,5282.84,528.284,199,1932,82.544375,-1.1806813134779106,-0.6159956699631677
13396,Unknown,United Kingdom,,,,0,Elite Buyers,135,6,5266.76,877.7933333333333,136,1407,112.05872340425532,-0.7851097833767875,0.34272346966213796
16983,Unknown,United Kingdom,,,,0,Elite Buyers,127,15,5240.21,349.3473333333333,251,1932,81.87828125,-1.022934953071801,-0.8805555690943618
13141,Unknown,United Kingdom,,,,0,Elite Buyers,37,5,5237.84,1047.568,184,1541,102.70274509803922,-1.1657567845405237,0.235128095441113
13520,Unknown,Switzerland,,,,0,Elite Buyers,272,10,5228.59,522.859,173,1848,85.71459016393443,-0.8483034024399441,-0.3570277627580695
15053,Unknown,United Kingdom,,,,0,Elite Buyers,58,14,5224.82,373.20142857142855,203,1706,91.66350877192983,-0.8791934464407891,-0.6851121001569672
14216,Unknown,United Kingdom,,,,0,Elite Buyers,51,13,5216.29,401.25307692307695,217,1763,89.93603448275861,-0.984430745311913,-0.6910003457071286
13875,Unknown,United Kingdom,,,,0,Elite Buyers,119,12,5208.55,434.04583333333335,205,1489,106.2969387755102,-0.6744078213576299,-0.2669161717412637
16644,Unknown,United Kingdom,,,,0,Elite Buyers,177,9,5205.45,578.3833333333333,190,1340,115.67666666666666,-0.5694928448043437,0.16202113760510192
13417,Unknown,United Kingdom,,,,0,Elite Buyers,84,8,5204.05,650.50625,184,1610,98.18962264150943,-0.9661683582968668,-0.14459266306602475
15106,Unknown,United Kingdom,,,,0,Elite Buyers,127,8,5199.51,649.93875,197,1569,99.99057692307693,-0.8908617390207778,-0.05405419934519737
14918,Unknown,United Kingdom,,,,0,Elite Buyers,323,10,5196.15,519.615,163,1284,120.8406976744186,-0.262390606083757,0.29774227123864305
13994,Unknown,United Kingdom,,,,0,Elite Buyers,442,12,5188.01,432.33416666666665,218,1315,117.90931818181818,-0.1341856620962903,0.26957225407934327
13427,Unknown,United Kingdom,,,,0,Elite Buyers,160,9,5179.39,575.4877777777778,160,1449,107.90395833333334,-0.6442647062960315,0.011297452523404722
15533,Unknown,United Kingdom,,,,0,Elite Buyers,247,6,5163.88,860.6466666666666,178,1266,122.94952380952381,-0.5673460415452465,0.6143690238718689
12951,Unknown,United Kingdom,,,,0,Elite Buyers,405,8,5156.38,644.5475,149,1409,109.71021276595745,-0.33689656113450517,0.3962431655799308
13606,Unknown,United Kingdom,,,,0,Elite Buyers,33,10,5153.1,515.31,190,1791,87.3406779661017,-1.096691259109114,-0.5705979890888628
17682,Unknown,United Kingdom,,,,0,Elite Buyers,255,11,5150.0,468.1818181818182,174,1773,87.28813559322033,-0.7483115818267159,-0.39069101249011245
15919,Unknown,United Kingdom,,,,0,Elite Buyers,3,11,5147.71,467.9736363636364,191,2025,76.83149253731344,-1.305860654533501,-0.9202484635794496
17383,Unknown,United Kingdom,,,,0,Elite Buyers,19,10,5142.88,514.288,215,1675,91.83714285714285,-1.0339489424037447,-0.46518959812894567
12826,Unknown,United Kingdom,,,,0,Elite Buyers,145,9,5138.33,570.9255555555555,184,1791,87.09033898305084,-0.9930938729513561,-0.3767987380128789
16066,Unknown,United Kingdom,,,,0,Elite Buyers,199,12,5125.5,427.125,179,1438,106.78125,-0.48357854104216125,-0.15843567483814006
14515,Unknown,United Kingdom,,,,0,Elite Buyers,37,9,5116.18,568.4644444444444,175,1783,86.71491525423728,-1.101879851393555,-0.4958570245894657
15406,Unknown,United Kingdom,,,,0,Elite Buyers,14,11,5115.51,465.04636363636365,236,1589,96.51905660377359,-0.9404599286642555,-0.44966616606578225
15073,Unknown,United Kingdom,,,,0,Elite Buyers,372,11,5108.84,464.44,174,1297,118.81023255813953,-0.17468446245740799,0.2500579243023572
15241,Unknown,United Kingdom,,,,0,Elite Buyers,50,15,5099.37,339.958,208,1773,86.43,-0.9041955205976087,-0.8460312676659715
13873,Unknown,United Kingdom,,,,0,Elite Buyers,48,6,5098.34,849.7233333333334,165,1717,89.44456140350877,-1.181256387738206,-0.12250731418582994
17267,Unknown,United Kingdom,,,,0,Elite Buyers,52,8,5097.34,637.1675,194,1676,91.02392857142857,-1.0548385175682489,-0.28256711513758515
17928,Unknown,United Kingdom,,,,0,Elite Buyers,182,9,5093.68,565.9644444444444,201,1459,106.11833333333334,-0.6628926237577194,0.015650429182353293
15032,Unknown,United Kingdom,,,,0,Elite Buyers,20,6,5076.43,846.0716666666667,98,1947,79.31921875,-1.302192444945832,-0.42235516647200677
18095,Unknown,United Kingdom,,,,0,Elite Buyers,174,6,5064.09,844.015,191,1347,112.53533333333333,-0.7241074061484225,0.4161159561124408
14438,Unknown,United Kingdom,,,,0,Elite Buyers,183,7,5063.42,723.3457142857143,196,1490,103.33510204081632,-0.78222109321345,0.15917840852188134
12982,Unknown,United Kingdom,,,,0,Elite Buyers,338,6,5056.05,842.675,177,1180,129.6423076923077,-0.36027938764797496,0.78612485303786
16170,Unknown,United Kingdom,,,,0,Elite Buyers,26,11,5053.28,459.3890909090909,209,1676,90.23714285714286,-0.964136384186996,-0.5541961488600002
13456,Unknown,United Kingdom,,,,0,Elite Buyers,196,8,5046.15,630.76875,166,1442,105.128125,-0.6256980965237029,0.10938330220099532
17517,Unknown,United Kingdom,,,,0,Elite Buyers,397,4,5042.84,1260.71,71,1337,114.61,-0.39068005653844284,0.922734174909374
17516,Unknown,United Kingdom,,,,0,Elite Buyers,138,8,5034.91,629.36375,199,1532,98.72372549019607,-0.8155023331936118,-0.047051855684580896
13810,Unknown,Germany,,,,0,Elite Buyers,286,3,5019.9,1673.3,97,1225,122.43658536585366,-0.619616183133624,1.149164090885624
17088,Unknown,United Kingdom,,,,0,Elite Buyers,292,9,5004.01,556.0011111111111,192,1255,119.14309523809524,-0.31956903865106734,0.3324637999130555
17849,Unknown,United Kingdom,,,,0,Elite Buyers,148,8,5003.33,625.41625,205,1553,96.21788461538462,-0.8220263238313426,-0.06882652347508789
14223,Unknown,United Kingdom,,,,0,Elite Buyers,126,7,4991.38,713.0542857142857,157,1573,95.98807692307692,-0.8611098213394255,-0.026747665148151467
13212,Unknown,United Kingdom,,,,0,Elite Buyers,265,11,4990.86,453.71454545454543,248,1308,113.42863636363636,-0.37159064296102917,0.10093090661674639
13808,Unknown,United Kingdom,,,,0,Elite Buyers,350,12,4989.36,415.78,189,1377,108.46434782608695,-0.23166846877603564,0.0394268657323151
13931,Unknown,United Kingdom,,,,0,Elite Buyers,19,14,4988.14,356.29571428571427,178,1714,87.51122807017543,-0.8605509534376147,-0.8038759268579968
13244,Unknown,United Kingdom,,,,0,Elite Buyers,8,9,4985.45,553.9388888888889,198,1597,94.06509433962265,-0.9734326718866327,-0.3585561590244293
14487,Unknown,United Kingdom,,,,0,Elite Buyers,16,13,4981.23,383.1715384615385,218,2012,74.34671641791044,-1.2080835655344813,-1.056915781722331
17899,Unknown,United Kingdom,,,,0,Elite Buyers,84,9,4979.25,553.25,207,1676,88.91517857142857,-0.9593239228995935,-0.3637605623620844
17573,Unknown,United Kingdom,,,,0,Elite Buyers,241,8,4977.01,622.12625,195,1395,108.1958695652174,-0.5536465329886923,0.20414165701677597
14057,Unknown,United Kingdom,,,,0,Elite Buyers,258,13,4976.25,382.78846153846155,212,1506,99.525,-0.4501005836629924,-0.25837745171924287
14810,Unknown,United Kingdom,,,,0,Elite Buyers,36,11,4974.91,452.26454545454544,212,2023,74.25238805970149,-1.2546970871164076,-0.9242090051600464
16271,Unknown,United Kingdom,,,,0,Elite Buyers,17,9,4965.87,551.7633333333333,153,1681,88.67625,-0.9748961351471643,-0.45938086422895474
15090,Unknown,United Kingdom,,,,0,Elite Buyers,149,6,4959.6,826.6,146,1585,93.57735849056604,-0.884617493483294,0.08221159167312295
14276,Unknown,United Kingdom,,,,0,Elite Buyers,83,12,4953.11,412.75916666666666,195,1703,86.89666666666666,-0.8481547936457838,-0.6170130801914331
14073,Unknown,United Kingdom,,,,0,Elite Buyers,139,9,4947.9,549.7666666666667,148,1495,98.958,-0.6482562499428854,-0.13307979031728362
16059,Unknown,United Kingdom,,,,0,Elite Buyers,97,10,4946.47,494.647,186,1901,78.51539682539682,-1.0732106908432528,-0.6761300673282492
17410,Unknown,United Kingdom,,,,0,Elite Buyers,42,15,4925.02,328.3346666666667,209,1742,84.91413793103449,-0.853921390060292,-0.8693322892243918
12701,Unknown,Germany,,,,0,Elite Buyers,80,8,4923.12,615.39,158,1438,102.565,-0.7288684393147874,-0.04942930042320606
16682,Unknown,United Kingdom,,,,0,Elite Buyers,324,13,4921.65,378.58846153846156,179,1405,104.71595744680852,-0.23010170987339484,-0.10128031937464357
17633,Unknown,United Kingdom,,,,0,Elite Buyers,127,10,4916.66,491.666,194,1476,100.34,-0.6589638095051777,-0.19477477125299414
18096,Unknown,United Kingdom,,,,0,Elite Buyers,498,8,4916.63,614.57875,157,1137,129.385,0.048264379585581496,0.7483766530469369
14656,Unknown,United Kingdom,,,,0,Elite Buyers,21,5,4915.33,983.066,143,1802,81.92216666666667,-1.3006610228117776,-0.1647596266431897
17860,Unknown,United Kingdom,,,,0,Elite Buyers,160,8,4904.75,613.09375,224,1868,79.10887096774194,-1.0923903437245022,-0.4112610848625391
17934,Unknown,United Kingdom,,,,0,Elite Buyers,349,8,4893.43,611.67875,161,1133,128.77447368421053,-0.13121113835380732,0.584797244381982
15127,Unknown,United Kingdom,,,,0,Elite Buyers,58,5,4888.77,977.754,155,1638,90.53277777777778,-1.1223528499056576,0.05117775068255456
12694,Unknown,France,,,,0,Elite Buyers,446,6,4884.79,814.1316666666667,218,1131,128.5471052631579,-0.1983251796134627,0.9177811454921583
12643,Unknown,France,,,,0,Elite Buyers,204,8,4870.23,608.77875,88,1558,93.65826923076924,-0.5411103775345174,-0.09142530948124264
15117,Unknown,United Kingdom,,,,0,Elite Buyers,51,8,4856.91,607.11375,133,1558,93.40211538461539,-0.8189402987589137,-0.2404637843499898
12427,Unknown,Germany,,,,0,Elite Buyers,318,6,4855.56,809.26,177,1802,80.926,-0.8966708345930869,0.015776279532011578
13865,Unknown,United Kingdom,,,,0,Elite Buyers,372,8,4850.7,606.3375,175,1297,112.80697674418604,-0.2575901497658932,0.41471380619640574
15134,Unknown,United Kingdom,,,,0,Elite Buyers,63,11,4846.08,440.5527272727273,173,1665,88.11054545454546,-0.8275259412368531,-0.5640273800932251
15606,Unknown,United Kingdom,,,,0,Elite Buyers,604,10,4841.11,484.111,98,1217,118.07585365853659,0.32306829724343056,0.5554839796457793
12358,Unknown,Austria,,,,0,Elite Buyers,688,7,4837.18,691.0257142857142,114,914,161.23933333333332,0.5005122435868521,1.2993429337755706
12380,Unknown,Belgium,,,,0,Elite Buyers,75,9,4832.52,536.9466666666667,183,1564,92.93307692307692,-0.8142304047217785,-0.2972991570679089
14708,Unknown,United Kingdom,,,,0,Elite Buyers,115,7,4828.88,689.84,144,1913,76.64888888888889,-1.129549349147515,-0.4482409877080159
13901,Unknown,United Kingdom,,,,0,Elite Buyers,176,10,4827.85,482.785,191,1553,92.84326923076924,-0.6455606441297749,-0.25577340542832266
15641,Unknown,United Kingdom,,,,0,Elite Buyers,13,9,4827.27,536.3633333333333,213,1779,81.81813559322033,-1.116491230006459,-0.5881902513090772
12950,Unknown,United Kingdom,,,,0,Elite Buyers,16,7,4826.53,689.5042857142857,107,1798,80.44216666666667,-1.0773911886673146,-0.45640382731676854
15821,Unknown,United Kingdom,,,,0,Elite Buyers,1,10,4823.48,482.348,210,1572,92.75923076923077,-0.8985599694683009,-0.4575651062204742
16570,Unknown,United Kingdom,,,,0,Elite Buyers,58,11,4813.78,437.61636363636364,133,1766,81.58949152542372,-0.857026256960993,-0.7044160410087638
14565,Unknown,United Kingdom,,,,0,Elite Buyers,2,7,4811.8,687.4,193,1695,85.925,-1.1338067126925884,-0.33244362944282513
12609,Unknown,Germany,,,,0,Elite Buyers,309,7,4802.15,686.0214285714286,203,1360,106.71444444444444,-0.46990930590773194,0.36795820658461287
17198,Unknown,United Kingdom,,,,0,Elite Buyers,49,12,4800.77,400.06416666666667,262,2071,69.5763768115942,-1.260438895511904,-1.0640433410343746
15346,Unknown,United Kingdom,,,,0,Elite Buyers,93,10,4793.78,479.378,177,1428,101.99531914893618,-0.6140649537436094,-0.21372400337762448
12356,Unknown,Portugal,,,,0,Elite Buyers,110,9,4788.58,532.0644444444445,164,1500,95.7716,-0.6805844056238729,-0.20820959351476623
15410,Unknown,United Kingdom,,,,0,Elite Buyers,44,8,4788.24,598.53,129,1773,81.15661016949153,-1.0000162649579045,-0.4988325670599094
12980,Unknown,United Kingdom,,,,0,Elite Buyers,1067,7,4779.2,682.7428571428571,32,725,199.13333333333333,1.4165298424940236,1.8818438116969494
16778,Unknown,United Kingdom,,,,0,Elite Buyers,87,2,4767.34,2383.67,118,1463,97.29265306122448,-1.2524708182292148,0.9073180520956092
17461,Unknown,United Kingdom,,,,0,Elite Buyers,325,12,4766.49,397.2075,223,1217,119.16225,-0.11802355661689445,0.14906304596444583
14437,Unknown,United Kingdom,,,,0,Elite Buyers,236,2,4760.53,2380.265,99,1700,85.00946428571429,-1.242692020330783,0.8073374061193808
17676,Unknown,United Kingdom,,,,0,Elite Buyers,3,12,4752.14,396.01166666666666,170,1964,73.10984615384615,-1.112253323139167,-1.036653804067456
15153,Unknown,United Kingdom,,,,0,Elite Buyers,241,7,4744.85,677.8357142857143,180,1362,105.44111111111111,-0.516210154391636,0.2700992293582536
12919,Unknown,United Kingdom,,,,0,Elite Buyers,26,10,4733.0,473.3,180,1788,80.22033898305085,-1.0089193913523484,-0.6946608205874446
12947,Unknown,United Kingdom,,,,0,Elite Buyers,8,15,4730.77,315.38466666666665,200,2171,65.70513888888888,-1.2365780212506767,-1.4062192730618077
17213,Unknown,United Kingdom,,,,0,Elite Buyers,164,4,4727.41,1181.8525,131,1803,78.79016666666666,-1.1661952338828008,0.09836911079300534
13744,Unknown,United Kingdom,,,,0,Elite Buyers,981,4,4726.66,1181.665,87,716,196.94416666666666,0.8678887920683684,2.2468261036232504
14243,Unknown,United Kingdom,,,,0,Elite Buyers,48,16,4722.85,295.178125,188,1888,74.96587301587302,-0.888047061826208,-1.127484728132992
16142,Unknown,United Kingdom,,,,0,Elite Buyers,212,8,4719.3,589.9125,164,1520,94.386,-0.6100671558129275,-0.04667615167439043
15870,Unknown,United Kingdom,,,,0,Elite Buyers,194,8,4704.18,588.0225,228,1440,98.00375,-0.6312698544407193,0.028825934288810556
17334,Unknown,United Kingdom,,,,0,Elite Buyers,10,9,4704.15,522.6833333333333,156,1724,82.52894736842106,-0.9756850236083097,-0.5826850469433056
16394,Unknown,United Kingdom,,,,0,Elite Buyers,84,10,4703.28,470.328,201,1618,87.09777777777778,-0.803081953009229,-0.45801741530715595
14078,Unknown,United Kingdom,,,,0,Elite Buyers,87,11,4699.44,427.2218181818182,145,2092,68.10782608695652,-1.115084115286037,-1.034652854534043
12693,Unknown,Germany,,,,0,Elite Buyers,475,6,4698.27,783.045,177,1253,111.86357142857143,-0.18449214462823427,0.7426931021849895
12828,Unknown,United Kingdom,,,,0,Elite Buyers,159,12,4681.51,390.12583333333333,178,1659,85.11836363636364,-0.6423994865939142,-0.5649146519657946
13203,Unknown,United Kingdom,,,,0,Elite Buyers,26,8,4676.92,584.615,202,1492,93.5384,-0.8490596639823833,-0.22748039737623305
14354,Unknown,United Kingdom,,,,0,Elite Buyers,794,5,4672.91,934.582,112,930,150.73903225806453,0.5131084407302269,1.5888764680864762
12669,Unknown,France,,,,0,Elite Buyers,91,12,4655.93,387.9941666666667,149,1611,87.8477358490566,-0.6379177547156111,-0.5999765945577026
13627,Unknown,United Kingdom,,,,0,Elite Buyers,124,5,4651.6,930.32,158,1388,101.12173913043478,-0.7756884359870881,0.3287951238079213
15651,Unknown,United Kingdom,,,,0,Elite Buyers,189,7,4640.0,662.8571428571429,144,1567,89.23076923076923,-0.6889905101156604,-0.057668620438471235
12410,Unknown,Switzerland,,,,0,Elite Buyers,183,11,4638.95,421.7227272727273,198,1551,90.95980392156862,-0.5684501126017903,-0.3612279838626921
13467,Unknown,United Kingdom,,,,0,Elite Buyers,140,11,4628.42,420.76545454545453,225,1616,85.71148148148148,-0.7039925277613477,-0.482215356315171
16062,Unknown,United Kingdom,,,,0,Elite Buyers,342,9,4623.48,513.72,168,1564,88.91307692307693,-0.42619887006821944,-0.07240800632228048
16020,Unknown,United Kingdom,,,,0,Elite Buyers,89,6,4621.1,770.1833333333333,128,1607,87.19056603773585,-0.881939747023867,-0.10407151137842818
18161,Unknown,United Kingdom,,,,0,Elite Buyers,169,8,4620.01,577.50125,172,1653,84.00018181818182,-0.7705090116916455,-0.26956836465508693
12829,Unknown,United Kingdom,,,,0,Elite Buyers,842,4,4618.18,1154.545,100,802,171.0437037037037,0.6195618266136251,1.949933602842475
14549,Unknown,United Kingdom,,,,0,Elite Buyers,140,13,4615.97,355.0746153846154,212,1684,82.42803571428571,-0.681425183576503,-0.6831023415062452
12910,Unknown,United Kingdom,,,,0,Elite Buyers,92,9,4613.82,512.6466666666666,121,1573,88.72730769230769,-0.6641632419576418,-0.3702597355194419
14004,Unknown,United Kingdom,,,,0,Elite Buyers,50,10,4612.94,461.294,145,1736,79.53344827586207,-0.8577302383462083,-0.6648235993112299
17819,Unknown,United Kingdom,,,,0,Elite Buyers,168,9,4612.74,512.5266666666666,111,1952,70.96523076923077,-0.8917444614962373,-0.6976272181955807
16718,Unknown,United Kingdom,,,,0,Elite Buyers,1,8,4611.54,576.4425,161,2058,67.81676470588235,-1.3258582824404956,-0.8792085613105612
15971,Unknown,United Kingdom,,,,0,Elite Buyers,90,10,4603.09,460.309,88,1734,79.36362068965518,-0.691880952066245,-0.6477314354920615
16829,Unknown,United Kingdom,,,,0,Elite Buyers,644,3,4599.14,1533.0466666666666,96,1024,135.26882352941178,0.07621441912789573,1.6620894433086713
18121,Unknown,United Kingdom,,,,0,Elite Buyers,3,7,4593.3,656.1857142857143,176,1604,86.66603773584906,-0.9857761990508723,-0.3015731265497108
14466,Unknown,United Kingdom,,,,0,Elite Buyers,175,11,4593.02,417.54727272727274,144,1973,70.66184615384616,-0.8760173610954871,-0.8480984513780636
14934,Unknown,Channel Islands,,,,0,Elite Buyers,27,6,4592.47,765.4116666666666,147,1765,77.83847457627118,-1.1233108253104924,-0.3479438884386939
16600,Unknown,United Kingdom,,,,0,Elite Buyers,512,8,4589.44,573.68,166,1193,114.736,0.07042581025848904,0.6042704214226859
16444,Unknown,United Kingdom,,,,0,Elite Buyers,196,4,4588.68,1147.17,113,1501,91.7736,-0.794608871017429,0.4098109397971572
14188,Unknown,United Kingdom,,,,0,Elite Buyers,84,12,4587.47,382.2891666666667,138,1709,80.4819298245614,-0.7011453810354137,-0.7429362582452659
13005,Unknown,United Kingdom,,,,0,Elite Buyers,363,7,4586.92,655.2742857142857,133,1278,109.21238095238095,-0.1930490878689604,0.43926615976756966
12762,Unknown,Portugal,,,,0,Elite Buyers,143,12,4583.02,381.91833333333335,175,1640,84.87074074074074,-0.6216132131565322,-0.5887624316087571
15002,Unknown,United Kingdom,,,,0,Elite Buyers,209,9,4582.49,509.16555555555556,151,1789,77.66932203389831,-0.7588103834838165,-0.47210894658208397
12393,Unknown,Australia,,,,0,Elite Buyers,289,10,4578.36,457.836,140,1321,104.05363636363636,-0.18169503901814893,0.03999836225889444
14377,Unknown,United Kingdom,,,,0,Elite Buyers,182,6,4576.91,762.8183333333334,156,1638,84.75759259259259,-0.8316800706600511,-0.039737674151939045
15845,Unknown,United Kingdom,,,,0,Elite Buyers,28,7,4567.38,652.4828571428571,184,1697,81.56035714285714,-1.0433479401444925,-0.3795249976418853
13455,Unknown,United Kingdom,,,,0,Elite Buyers,152,8,4561.66,570.2075,161,1815,76.02766666666666,-0.910589325489173,-0.4782761545025134
14823,Unknown,United Kingdom,,,,0,Elite Buyers,370,8,4557.49,569.68625,199,1116,123.1754054054054,-0.07244412084538748,0.5463145684129653
17906,Unknown,United Kingdom,,,,0,Elite Buyers,118,3,4552.18,1517.3933333333334,209,1553,87.54192307692308,-1.1945953368837898,0.5014281210740901
12719,Unknown,France,,,,0,Elite Buyers,111,9,4546.03,505.1144444444444,140,1613,85.77415094339622,-0.6962845281950901,-0.4033946385137419
16893,Unknown,United Kingdom,,,,0,Elite Buyers,58,6,4545.9,757.65,225,1909,72.15714285714286,-1.3038569347509745,-0.45250253050672495
16015,Unknown,United Kingdom,,,,0,Elite Buyers,87,11,4541.61,412.87363636363636,199,1576,87.33865384615385,-0.6886051006898144,-0.5228534213186434
13630,Unknown,United Kingdom,,,,0,Elite Buyers,218,11,4538.4,412.58181818181816,191,1506,90.768,-0.45539153584783765,-0.30978056764072015
13871,Unknown,United Kingdom,,,,0,Elite Buyers,9,11,4536.83,412.4390909090909,187,1725,79.59350877192982,-0.9021046314439793,-0.7731026886518164
14479,Unknown,United Kingdom,,,,0,Elite Buyers,82,5,4535.22,907.044,109,1854,74.34786885245902,-1.1361194603067584,-0.2717192275869966
13880,Unknown,United Kingdom,,,,0,Elite Buyers,35,11,4534.14,412.19454545454545,167,1963,69.756,-1.0587937683477189,-1.0019887145173514
15275,Unknown,United Kingdom,,,,0,Elite Buyers,2,9,4531.27,503.47444444444443,211,1782,76.80118644067797,-1.0703128349510318,-0.6894938870263785
15799,Unknown,United Kingdom,,,,0,Elite Buyers,119,10,4528.88,452.888,160,1520,90.5776,-0.5867757195873146,-0.37003150170849713
17430,Unknown,United Kingdom,,,,0,Elite Buyers,17,7,4528.71,646.9585714285714,170,1919,70.76109375,-1.2296871473710569,-0.6455658596359373
13742,Unknown,United Kingdom,,,,0,Elite Buyers,301,11,4514.13,410.37545454545455,147,1399,98.13326086956522,-0.19577898940410476,-0.11697310007434342
18183,Unknown,United Kingdom,,,,0,Elite Buyers,185,9,4503.97,500.4411111111111,153,1365,100.08822222222223,-0.3965646711606712,-0.05852383647616663
12857,Unknown,United Kingdom,,,,0,Elite Buyers,240,6,4496.98,749.4966666666667,140,1311,102.20409090909091,-0.4273626215766615,0.34868769863367577
16933,Unknown,United Kingdom,,,,0,Elite Buyers,23,8,4489.57,561.19625,153,1579,86.33788461538461,-0.8301676282961552,-0.3884344505597588
13014,Unknown,United Kingdom,,,,0,Elite Buyers,44,7,4479.28,639.8971428571429,124,1720,78.5838596491228,-0.9358689890668663,-0.4349762110945813
17396,Unknown,United Kingdom,,,,0,Elite Buyers,268,4,4467.06,1116.765,73,1852,73.23049180327868,-0.8983200897596122,0.057451674696837846
16357,Unknown,United Kingdom,,,,0,Elite Buyers,344,9,4463.49,495.9433333333333,178,1320,101.44295454545454,-0.18703289114529864,0.15560931001995612
18077,Unknown,United Kingdom,,,,0,Elite Buyers,98,15,4461.05,297.4033333333333,181,1869,71.95241935483871,-0.7734288575876804,-1.0831614463554244
14883,Unknown,United Kingdom,,,,0,Elite Buyers,85,10,4459.39,445.939,143,1402,94.88063829787234,-0.48129637002235415,-0.3107664243224065
15467,Unknown,United Kingdom,,,,0,Elite Buyers,133,10,4451.64,445.164,197,1413,94.71574468085106,-0.5042831360077377,-0.2539513682538542
13704,Unknown,United Kingdom,,,,0,Elite Buyers,141,10,4448.96,444.896,177,1583,83.94264150943397,-0.6198382604708745,-0.44193483128876243
13956,Unknown,United Kingdom,,,,0,Elite Buyers,269,9,4445.29,493.9211111111111,223,1455,92.61020833333333,-0.4462843294004784,-0.06765645869206624
17183,Unknown,United Kingdom,,,,0,Elite Buyers,20,5,4439.73,887.946,120,1763,76.54706896551724,-1.1312841595322851,-0.26732742211881066
17011,Unknown,United Kingdom,,,,0,Elite Buyers,320,6,4437.0,739.5,95,1252,105.64285714285714,-0.1774464030316017,0.4658930477488661
17739,Unknown,United Kingdom,,,,0,Elite Buyers,230,8,4433.69,554.21125,145,1585,83.6545283018868,-0.5565182070300163,-0.19681281636765466
16352,Unknown,United Kingdom,,,,0,Elite Buyers,449,3,4430.75,1476.9166666666667,79,1335,100.69886363636364,-0.35276342849902254,1.0246196769527043
13610,Unknown,United Kingdom,,,,0,Elite Buyers,93,9,4429.88,492.2088888888889,226,1607,83.58264150943396,-0.7964721371886938,-0.42933660251070993
17124,Unknown,United Kingdom,,,,0,Elite Buyers,101,7,4426.83,632.4042857142857,188,1538,86.80058823529411,-0.786409016077725,-0.1720070613043039
14475,Unknown,United Kingdom,,,,0,Elite Buyers,314,7,4421.01,631.5728571428572,125,1355,98.24466666666666,-0.27001953050935223,0.24000637913507186
12494,Unknown,France,,,,0,Elite Buyers,152,8,4420.91,552.61375,157,1784,74.9306779661017,-0.8469724475627819,-0.48983960872185994
14001,Unknown,United Kingdom,,,,0,Elite Buyers,824,3,4417.87,1472.6233333333332,129,1355,98.17488888888889,-0.01902697284621724,1.4259354991046402
16418,Unknown,United Kingdom,,,,0,Elite Buyers,155,7,4396.53,628.0757142857143,186,1450,91.594375,-0.6334636213581686,-0.02544303051262814
14403,Unknown,United Kingdom,,,,0,Elite Buyers,190,11,4381.28,398.29818181818183,139,1628,81.13481481481482,-0.49282092105583575,-0.5369162617793041
17109,Unknown,United Kingdom,,,,0,Elite Buyers,406,11,4381.04,398.2763636363636,215,1228,106.85463414634147,0.026618112799178473,0.16427453737393757
16212,Unknown,United Kingdom,,,,0,Elite Buyers,133,8,4379.47,547.43375,189,1690,78.20482142857144,-0.8185445736358556,-0.4148788262894606
13727,Unknown,United Kingdom,,,,0,Elite Buyers,3,9,4370.23,485.5811111111111,174,1661,79.45872727272727,-0.8820353617003517,-0.6186299567615505
13560,Unknown,United Kingdom,,,,0,Elite Buyers,27,8,4365.48,545.685,184,1756,75.26689655172414,-0.9986905331438413,-0.6045086978786863
14529,Unknown,United Kingdom,,,,0,Elite Buyers,231,11,4365.02,396.82,243,1312,99.205,-0.2845232360344158,-0.12342257967046187
13477,Unknown,United Kingdom,,,,0,Elite Buyers,411,5,4362.44,872.488,133,1373,94.83565217391305,-0.3099695180145292,0.5559168485563445
18171,Unknown,United Kingdom,,,,0,Elite Buyers,113,7,4357.94,622.5628571428572,178,1704,76.45508771929825,-0.8917772646091582,-0.3664666265914241
15211,Unknown,United Kingdom,,,,0,Elite Buyers,92,12,4351.78,362.6483333333333,183,1844,71.34065573770492,-0.8276552633867962,-0.9313758494982455
13678,Unknown,United Kingdom,,,,0,Elite Buyers,17,4,4351.32,1087.83,145,1498,87.0264,-1.0162802435305678,0.15794418501430804
14240,Unknown,United Kingdom,,,,0,Elite Buyers,86,7,4349.34,621.3342857142857,152,1486,88.76204081632653,-0.6940967835756078,-0.16343474986454093
16209,Unknown,United Kingdom,,,,0,Elite Buyers,115,8,4348.57,543.57125,154,1554,83.62634615384616,-0.6645270660492679,-0.3115402239911786
15252,Unknown,United Kingdom,,,,0,Elite Buyers,124,10,4343.96,434.396,178,1632,80.4437037037037,-0.6643041498806194,-0.5407271500228467
18203,Unknown,United Kingdom,,,,0,Elite Buyers,238,6,4341.16,723.5266666666666,165,1461,88.59510204081633,-0.5657305487659132,0.13775548651700467
12893,Unknown,United Kingdom,,,,0,Elite Buyers,43,11,4337.96,394.36,185,1529,85.05803921568628,-0.6388933776216545,-0.5902327449115352
14629,Unknown,United Kingdom,,,,0,Elite Buyers,42,12,4331.68,360.97333333333336,176,1652,78.75781818181818,-0.7020154303831261,-0.792767077923011
17138,Unknown,United Kingdom,,,,0,Elite Buyers,107,6,4327.05,721.175,170,1473,88.30714285714286,-0.7411573511608001,-0.01708212549072538
17967,Unknown,United Kingdom,,,,0,Elite Buyers,27,10,4325.25,432.525,182,2093,62.68478260869565,-1.2008284566307406,-1.1320588834264211
16697,Unknown,United Kingdom,,,,0,Elite Buyers,469,5,4322.31,864.462,111,1019,127.12676470588235,0.11723381411430245,1.0164972649198638
13813,Unknown,Germany,,,,0,Elite Buyers,206,6,4317.63,719.605,150,1307,100.41,-0.4445661099434265,0.27280029418117846
17913,Unknown,United Kingdom,,,,0,Elite Buyers,143,8,4315.57,539.44625,182,1339,95.90155555555556,-0.47007673561007435,-0.04549299857552283
13892,Unknown,United Kingdom,,,,0,Elite Buyers,133,9,4315.42,479.49111111111114,168,1532,84.61607843137254,-0.587245728610552,-0.35888689487978803
16188,Unknown,United Kingdom,,,,0,Elite Buyers,154,5,4312.49,862.498,82,1364,95.83311111111111,-0.49773749787006566,0.2540141090929777
15757,Unknown,United Kingdom,,,,0,Elite Buyers,336,9,4311.01,479.00111111111113,170,1360,95.80022222222222,-0.1892306691810926,0.054779803726747706
13867,Unknown,United Kingdom,,,,0,Elite Buyers,29,8,4297.22,537.1525,116,1672,78.13127272727273,-0.8016515533817663,-0.5556522548669679
17848,Unknown,United Kingdom,,,,0,Elite Buyers,92,7,4289.42,612.7742857142857,151,1701,76.59678571428572,-0.8642018422246232,-0.40908490231584416
16883,Unknown,United Kingdom,,,,0,Elite Buyers,92,7,4271.47,610.21,138,2028,63.75328358208955,-1.1349486532134403,-0.7630909797354664
17797,Unknown,United Kingdom,,,,0,Elite Buyers,128,10,4263.22,426.322,201,1419,90.7068085106383,-0.4794964333508876,-0.3223612116389492
16005,Unknown,United Kingdom,,,,0,Elite Buyers,161,5,4260.94,852.188,144,1386,92.62913043478261,-0.6237047762125248,0.24591794234018818
14214,Unknown,United Kingdom,,,,0,Elite Buyers,282,8,4259.26,532.4075,162,1386,92.59260869565217,-0.304055557778137,0.03367769328164197
13685,Unknown,United Kingdom,,,,0,Elite Buyers,30,8,4256.5,532.0625,112,1664,77.39090909090909,-0.7756630580307746,-0.5628111209326311
15612,Unknown,United Kingdom,,,,0,Elite Buyers,1094,5,4254.34,850.868,62,662,193.3790909090909,1.3212444922035715,2.1235964509723626
16751,Unknown,United Kingdom,,,,0,Elite Buyers,453,5,4253.04,850.608,111,1119,114.94702702702703,0.026423833343205083,0.8588916707084664
15930,Unknown,United Kingdom,,,,0,Elite Buyers,217,7,4251.8,607.4,160,1540,83.3686274509804,-0.5714252245551261,-0.1110448837944169
17781,Unknown,United Kingdom,,,,0,Elite Buyers,195,8,4246.23,530.77875,162,1565,81.65826923076924,-0.5661254581861233,-0.2637256854816335
13272,Unknown,United Kingdom,,,,0,Elite Buyers,106,6,4246.2,707.7,108,1497,84.924,-0.6424132776438154,-0.09498981278123159
14453,Unknown,United Kingdom,,,,0,Elite Buyers,275,5,4239.1,847.82,177,1514,84.782,-0.6401748720053937,0.2325709828750682
18033,Unknown,United Kingdom,,,,0,Elite Buyers,13,7,4238.13,605.4471428571428,178,1683,75.68089285714285,-0.9692035976824211,-0.48828247550732995
16250,Unknown,United Kingdom,,,,0,Elite Buyers,40,7,4231.38,604.4828571428571,97,2139,59.596901408450705,-1.2102965610719152,-0.9654275610670878
17972,Unknown,United Kingdom,,,,0,Elite Buyers,63,12,4229.44,352.4533333333333,171,1425,89.98808510638298,-0.4460418031312051,-0.5511849040832113
15079,Unknown,United Kingdom,,,,0,Elite Buyers,80,9,4228.28,469.8088888888889,193,1856,68.19806451612904,-0.9544002633217049,-0.7855563664046961
15208,Unknown,United Kingdom,,,,0,Elite Buyers,281,9,4226.56,469.6177777777778,166,1354,93.92355555555555,-0.2263800881546364,-0.02823062656169037
13352,Unknown,United Kingdom,,,,0,Elite Buyers,30,5,4216.55,843.31,194,1513,84.331,-0.9544531404747945,-0.03506487891541818
13435,Unknown,United Kingdom,,,,0,Elite Buyers,35,9,4214.03,468.22555555555556,153,1726,73.93035087719298,-0.8376675078389799,-0.7084699383893452
13953,Unknown,United Kingdom,,,,0,Elite Buyers,0,5,4203.13,840.626,90,1783,71.23949152542373,-1.055746296266013,-0.40191804253044827
15483,Unknown,United Kingdom,,,,0,Elite Buyers,162,9,4197.93,466.43666666666667,212,1657,76.326,-0.6902550253696372,-0.48790724583869194
13462,Unknown,United Kingdom,,,,0,Elite Buyers,10,6,4197.65,699.6083333333333,152,1812,69.96083333333333,-1.1093566826861911,-0.5330751054635446
17672,Unknown,United Kingdom,,,,0,Elite Buyers,183,6,4195.65,699.275,131,1582,80.68557692307692,-0.6581315306384332,-0.1043685822113328
15489,Unknown,United Kingdom,,,,0,Elite Buyers,220,8,4194.41,524.30125,168,1267,99.86690476190476,-0.2691324396803343,0.08359258360360264
13075,Unknown,United Kingdom,,,,0,Elite Buyers,121,6,4191.11,698.5183333333333,103,1666,76.202,-0.7531017578035911,-0.27780699156003885
14897,Unknown,United Kingdom,,,,0,Elite Buyers,126,9,4183.06,464.78444444444443,151,1657,76.05563636363637,-0.6538685827587678,-0.5488534207836373
13030,Unknown,United Kingdom,,,,0,Elite Buyers,83,9,4181.13,464.57,194,1945,65.33015625,-1.0235654751780239,-0.8835562213065669
16372,Unknown,United Kingdom,,,,0,Elite Buyers,133,12,4171.14,347.595,227,1531,81.7870588235294,-0.5044199827424877,-0.6016312956607408
12923,Unknown,United Kingdom,,,,0,Elite Buyers,570,6,4170.92,695.1533333333333,159,1095,115.85888888888888,0.20421030555364816,0.8729775638272821
14029,Unknown,United Kingdom,,,,0,Elite Buyers,119,4,4168.76,1042.19,125,1516,83.3752,-0.8344412572707802,0.1878683049292829
12447,Unknown,Belgium,,,,0,Elite Buyers,112,9,4166.81,462.9788888888889,166,1437,86.80854166666667,-0.49204022771282474,-0.32654629909841
18035,Unknown,United Kingdom,,,,0,Elite Buyers,142,9,4165.5,462.8333333333333,138,1583,78.59433962264151,-0.5426810479509335,-0.465470860187716
17750,Unknown,United Kingdom,,,,0,Elite Buyers,78,11,4160.27,378.2063636363636,167,1739,71.72879310344828,-0.7209143016867877,-0.8411580296434776
15864,Unknown,United Kingdom,,,,0,Elite Buyers,321,6,4158.73,693.1216666666667,125,1465,84.87204081632653,-0.364215140442528,0.15190947362422438
17046,Unknown,United Kingdom,,,,0,Elite Buyers,15,8,4158.55,519.81875,151,1684,74.25982142857143,-0.8566734120831964,-0.6199719338441125
16796,Unknown,United Kingdom,,,,0,Elite Buyers,135,9,4156.77,461.86333333333334,134,1378,90.3645652173913,-0.36103728318017037,-0.2491697165497299
14082,Unknown,United Kingdom,,,,0,Elite Buyers,373,6,4155.83,692.6383333333333,186,1533,81.48686274509804,-0.45114018170562153,0.15462073757790343
18225,Unknown,United Kingdom,,,,0,Elite Buyers,27,11,4146.95,376.99545454545455,137,1909,65.82460317460317,-0.8900026252746482,-1.0849632942305032
14332,Unknown,United Kingdom,,,,0,Elite Buyers,775,4,4144.04,1036.01,134,951,129.50125,0.4510507611918839,1.5483994552575986
13557,Unknown,United Kingdom,,,,0,Elite Buyers,43,8,4134.62,516.8275,154,1690,73.8325,-0.827202408277512,-0.6013838807101884
14619,Unknown,United Kingdom,,,,0,Elite Buyers,49,7,4120.72,588.6742857142857,120,1561,79.24461538461539,-0.6997464154660133,-0.3760036441465179
16968,Unknown,United Kingdom,,,,0,Elite Buyers,339,6,4118.42,686.4033333333333,131,1355,91.52044444444445,-0.24721087019978538,0.2869063496718164
16806,Unknown,United Kingdom,,,,0,Elite Buyers,601,6,4114.21,685.7016666666667,171,1161,105.4925641025641,0.18434488925660864,0.8030895042326567
14447,Unknown,United Kingdom,,,,0,Elite Buyers,62,5,4111.98,822.396,157,1671,74.76327272727272,-0.9849019877154365,-0.21520252344479296
17754,Unknown,United Kingdom,,,,0,Elite Buyers,370,8,4107.41,513.42625,142,1414,87.39170212765957,-0.15648223041756443,0.04079043653406764
13955,Unknown,United Kingdom,,,,0,Elite Buyers,26,11,4105.22,373.20181818181817,201,1617,76.02259259259259,-0.7042740493607356,-0.7762032732430462
14921,Unknown,United Kingdom,,,,0,Elite Buyers,84,7,4101.58,585.94,159,1488,83.70571428571428,-0.6527009261541612,-0.24514203901378517
16801,Unknown,United Kingdom,,,,0,Elite Buyers,24,9,4099.49,455.49888888888887,153,1495,81.9898,-0.6168558095732756,-0.5132514280185088
14775,Unknown,United Kingdom,,,,0,Elite Buyers,192,10,4093.96,409.396,167,1956,62.984,-0.8016888766243376,-0.8950342950081326
15812,Unknown,United Kingdom,,,,0,Elite Buyers,52,7,4090.53,584.3614285714285,158,1709,71.76368421052632,-0.88371332776111,-0.5292033455570038
16985,Unknown,United Kingdom,,,,0,Elite Buyers,369,9,4089.83,454.42555555555555,117,1330,92.95068181818182,0.012407727892299936,0.034006321927741084
17043,Unknown,United Kingdom,,,,0,Elite Buyers,36,12,4080.53,340.0441666666667,160,1598,76.9911320754717,-0.5829087078707087,-0.8256248294422456
18014,Unknown,United Kingdom,,,,0,Elite Buyers,58,7,4076.04,582.2914285714286,185,1453,84.9175,-0.6814748179467582,-0.23684622028878818
12399,Unknown,Belgium,,,,0,Elite Buyers,373,10,4074.44,407.444,153,1204,101.861,0.11402150080411577,0.11275135825834223
18123,Unknown,United Kingdom,,,,0,Elite Buyers,252,8,4072.59,509.07375,183,1351,90.502,-0.2943619864212238,-0.01597822225894241
15450,Unknown,United Kingdom,,,,0,Elite Buyers,12,6,4068.13,678.0216666666666,168,1560,78.23326923076922,-0.8728328050949584,-0.3016255627693406
17361,Unknown,United Kingdom,,,,0,Elite Buyers,229,6,4053.07,675.5116666666667,128,1440,84.43895833333333,-0.4357489520998154,0.04740007469063792
16235,Unknown,United Kingdom,,,,0,Elite Buyers,6,6,4052.37,675.395,140,1663,73.67945454545455,-0.9281285061997462,-0.43072471100200516
13814,Unknown,Germany,,,,0,Elite Buyers,252,7,4052.36,578.9085714285715,126,1353,90.05244444444445,-0.2625629855495946,0.05573503328652815
13355,Unknown,United Kingdom,,,,0,Elite Buyers,411,7,4045.56,577.9371428571428,122,1164,103.73230769230769,0.10658286355157154,0.44021279892063814
14929,Unknown,United Kingdom,,,,0,Elite Buyers,553,5,4042.89,808.578,151,1081,112.3025,0.16088272040652085,0.9562912013008309
13492,Unknown,Switzerland,,,,0,Elite Buyers,42,8,4030.16,503.77,137,1777,68.30779661016949,-0.8554917979302143,-0.7366716153989649
18218,Unknown,United Kingdom,,,,0,Elite Buyers,595,6,4022.66,670.4433333333334,118,1169,103.1451282051282,0.27483610099069644,0.7406662250284423
17140,Unknown,United Kingdom,,,,0,Elite Buyers,125,5,4022.38,804.476,156,1546,78.87019607843138,-0.7734096554171792,-0.0428475477926554
17232,Unknown,United Kingdom,,,,0,Elite Buyers,24,10,4021.88,402.188,174,1609,75.88452830188679,-0.6878712375722851,-0.728750087118447
15051,Unknown,United Kingdom,,,,0,Elite Buyers,113,9,4021.79,446.86555555555555,173,1372,87.43021739130435,-0.40854976539404864,-0.3004329584532703
16411,Unknown,United Kingdom,,,,0,Elite Buyers,45,8,4014.06,501.7575,158,2014,59.91134328358209,-1.0946104278777329,-0.979584587615253
15500,Unknown,United Kingdom,,,,0,Elite Buyers,234,8,4011.61,501.45125,145,1580,77.14634615384615,-0.45358133207751183,-0.31686450881287154
16752,Unknown,United Kingdom,,,,0,Elite Buyers,197,6,4010.05,668.3416666666667,120,1951,61.69307692307692,-0.9085785446115808,-0.5522440453909506
16842,Unknown,United Kingdom,,,,0,Elite Buyers,8,13,4003.45,307.9576923076923,165,1630,74.13796296296296,-0.6022058384190774,-0.9735511523055391
12614,Unknown,Germany,,,,0,Elite Buyers,72,6,4003.15,667.1916666666667,152,1570,76.98365384615384,-0.771086088658792,-0.271718325598051
16642,Unknown,United Kingdom,,,,0,Elite Buyers,70,5,4003.12,800.624,171,1624,74.13185185185185,-0.9255862324090061,-0.192678016904956
16173,Unknown,United Kingdom,,,,0,Elite Buyers,31,9,4002.08,444.67555555555555,185,1784,67.83186440677966,-0.8884545713208554,-0.8358568663150254
16766,Unknown,United Kingdom,,,,0,Elite Buyers,567,6,4001.24,666.8733333333333,145,952,125.03875,0.3854383128781428,0.9758408779455896
18104,Unknown,United Kingdom,,,,0,Elite Buyers,286,7,3990.18,570.0257142857142,164,1498,79.8036,-0.3937707180777481,-0.07895998790704442
13846,Unknown,United Kingdom,,,,0,Elite Buyers,112,6,3988.36,664.7266666666667,157,1406,84.85872340425531,-0.5793062825785701,-0.05446980698014495
18164,Unknown,United Kingdom,,,,0,Elite Buyers,136,8,3988.32,498.54,152,1648,72.51490909090909,-0.63766812956665,-0.5083586275288121
16466,Unknown,United Kingdom,,,,0,Elite Buyers,679,6,3982.35,663.725,143,985,120.67727272727272,0.5017660147722602,1.0499328861068176
13914,Unknown,United Kingdom,,,,0,Elite Buyers,79,8,3977.99,497.24875,169,1677,71.03553571428571,-0.7548503812009248,-0.5998079520889132
12644,Unknown,Germany,,,,0,Elite Buyers,169,9,3975.34,441.70444444444445,157,1618,73.61740740740741,-0.5259859182673217,-0.5301108544434591
13316,Unknown,United Kingdom,,,,0,Elite Buyers,3,7,3970.6,567.2285714285714,107,1781,67.29830508474576,-0.8925258149222973,-0.7160715368480398
15007,Unknown,United Kingdom,,,,0,Elite Buyers,156,5,3962.38,792.476,74,1604,74.76188679245283,-0.6041052285784692,-0.13094439890878684
14459,Unknown,United Kingdom,,,,0,Elite Buyers,37,6,3960.82,660.1366666666667,99,1601,74.73245283018868,-0.7343998606680189,-0.3791758694086422
13924,Unknown,United Kingdom,,,,0,Elite Buyers,68,8,3959.56,494.945,168,1535,77.63843137254902,-0.6362120387682181,-0.4623310176525066
13941,Unknown,United Kingdom,,,,0,Elite Buyers,587,5,3958.61,791.722,67,1561,76.12711538461538,-0.014576845241579428,0.37359918793130364
13064,Unknown,United Kingdom,,,,0,Elite Buyers,40,11,3957.39,359.76272727272726,164,1506,79.1478,-0.5077293037461705,-0.6976540396294494
17655,Unknown,United Kingdom,,,,0,Elite Buyers,75,9,3956.37,439.5966666666667,128,1892,62.79952380952381,-0.836921608314428,-0.9385426521178586
15577,Unknown,United Kingdom,,,,0,Elite Buyers,8,9,3946.5,438.5,189,1635,73.08333333333333,-0.7744102476930312,-0.7192393750223571
12414,Unknown,Austria,,,,0,Elite Buyers,129,6,3944.02,657.3366666666667,133,1664,71.70945454545455,-0.7412374329722187,-0.33770813638867303
17175,Unknown,United Kingdom,,,,0,Elite Buyers,27,4,3933.43,983.3575,115,1459,81.94645833333334,-0.8222467145395949,0.06852662306448956
12830,Unknown,United Kingdom,,,,0,Elite Buyers,43,6,3933.11,655.5183333333333,86,1741,67.81224137931035,-0.813358851659006,-0.5422359331317684
16182,Unknown,United Kingdom,,,,0,Elite Buyers,278,5,3930.18,786.036,71,1540,77.06235294117647,-0.38048672205107636,0.056933189582995175
12976,Unknown,United Kingdom,,,,0,Elite Buyers,380,7,3927.53,561.0757142857143,125,1107,106.14945945945946,0.14034077151943303,0.43654316565991524
16792,Unknown,United Kingdom,,,,0,Elite Buyers,189,6,3926.13,654.355,176,1603,74.07792452830189,-0.6724370078867521,-0.19909032296101814
15067,Unknown,United Kingdom,,,,0,Elite Buyers,50,9,3921.3,435.7,165,1742,67.60862068965517,-0.7811987094475827,-0.8072355582465804
15589,Unknown,United Kingdom,,,,0,Elite Buyers,428,3,3916.71,1305.57,82,1365,87.038,-0.29539684379532366,0.8008394149482387
16128,Unknown,United Kingdom,,,,0,Elite Buyers,27,6,3908.54,651.4233333333333,134,1765,66.2464406779661,-0.9484201602035771,-0.5728687407930593
14292,Unknown,United Kingdom,,,,0,Elite Buyers,83,11,3891.14,353.74,114,1709,68.26561403508772,-0.5375500386957374,-0.9142197719799613
13225,Unknown,United Kingdom,,,,0,Elite Buyers,71,4,3881.31,970.3275,34,1634,71.87611111111111,-0.6375866288121378,-0.1559400660574305
12866,Unknown,Belgium,,,,0,Elite Buyers,13,12,3877.53,323.1275,139,1810,64.6255,-0.7209066381256761,-1.153496566477479
12854,Unknown,United Kingdom,,,,0,Elite Buyers,104,10,3870.64,387.064,190,1384,84.14434782608696,-0.3725777040956312,-0.44539667437953917
18005,Unknown,United Kingdom,,,,0,Elite Buyers,153,6,3870.23,645.0383333333333,164,1510,77.4046,-0.6036620969975056,-0.16035926588399943
17402,Unknown,United Kingdom,,,,0,Elite Buyers,10,10,3869.34,386.934,130,2049,56.90205882352941,-0.9982612478292591,-1.2771867778650243
15334,Unknown,United Kingdom,,,,0,Elite Buyers,247,6,3865.68,644.28,170,1421,82.24851063829787,-0.41700147254315,0.041039883246255876
15195,Unknown,United Kingdom,,,,1,Active Buyers,1633,1,3861.0,3861.0,1,0,3861.0,2.383900611507486,5.5059945526562695
17495,Unknown,United Kingdom,,,,0,Elite Buyers,142,7,3858.31,551.1871428571428,134,1673,68.89839285714285,-0.6478349743116618,-0.482691190198625
17765,Unknown,United Kingdom,,,,0,Elite Buyers,143,4,3857.73,964.4325,123,1586,72.78735849056604,-0.7882310226873641,0.02492650836005003
14586,Unknown,United Kingdom,,,,0,Elite Buyers,553,9,3854.25,428.25,163,1058,110.12142857142857,0.4547977864229278,0.48980524996798647
17738,Unknown,United Kingdom,,,,0,Elite Buyers,348,7,3837.05,548.15,160,1444,79.93854166666667,-0.22762043354488898,-0.004788723227952374
14171,Unknown,United Kingdom,,,,0,Elite Buyers,194,10,3834.64,383.464,180,1592,72.35169811320755,-0.42581679878940304,-0.5938692134183078
17313,Unknown,United Kingdom,,,,0,Elite Buyers,89,6,3827.63,637.9383333333334,84,1514,76.5526,-0.5238177683160465,-0.28168106635958606
17701,Unknown,United Kingdom,,,,0,Elite Buyers,103,4,3825.86,956.465,100,1719,67.12035087719298,-0.9024556257269112,-0.17990247036569285
16030,Unknown,United Kingdom,,,,0,Elite Buyers,2,6,3822.54,637.09,160,1763,65.90586206896552,-0.9980413782312716,-0.6124834675321837
12759,Unknown,Netherlands,,,,0,Elite Buyers,56,8,3822.03,477.75375,130,1524,74.94176470588235,-0.5483756533199456,-0.5275361584576018
12775,Unknown,Netherlands,,,,0,Elite Buyers,187,9,3818.02,424.22444444444443,151,1637,70.70407407407407,-0.47501146194402744,-0.5831592214385166
13882,Unknown,United Kingdom,,,,0,Elite Buyers,177,10,3817.24,381.724,162,1488,77.90285714285714,-0.32702993905149147,-0.5052195331348495
18169,Unknown,United Kingdom,,,,0,Elite Buyers,1239,2,3815.59,1907.795,151,304,381.559,1.244483155488564,3.499073670308477
12755,Unknown,Japan,,,,1,Active Buyers,1733,2,3811.95,1905.975,4,203,544.5642857142857,2.6836220719796344,4.098871510007423
15145,Unknown,United Kingdom,,,,0,Elite Buyers,374,10,3804.54,380.454,163,1328,86.46681818181818,0.05762800479694852,-0.11890458182223027
18144,Unknown,United Kingdom,,,,0,Elite Buyers,167,8,3787.56,473.445,105,2012,56.53074626865671,-0.7955926977356278,-0.945330852468121
14204,Unknown,United Kingdom,,,,0,Elite Buyers,50,6,3783.96,630.66,152,1583,72.76846153846154,-0.7568160908703959,-0.38311032023600894
13562,Unknown,United Kingdom,,,,0,Elite Buyers,135,5,3779.84,755.968,140,1475,77.1395918367347,-0.6133277184111307,-0.04729989892639794
12444,Unknown,Norway,,,,0,Elite Buyers,5,7,3775.06,539.2942857142857,97,1540,74.02078431372549,-0.603793448348448,-0.5285852440199287
13276,Unknown,United Kingdom,,,,0,Elite Buyers,330,6,3774.2,629.0333333333333,156,1487,77.02448979591837,-0.3320918690447128,0.022261467879056446
13055,Unknown,United Kingdom,,,,0,Elite Buyers,19,9,3772.49,419.16555555555556,141,1529,73.97039215686274,-0.5556957048113041,-0.6725623816845202
15841,Unknown,United Kingdom,,,,0,Elite Buyers,336,7,3765.27,537.8957142857142,120,1369,83.67266666666667,-0.0941703453274142,0.03093836986466683
17723,Unknown,United Kingdom,,,,0,Elite Buyers,163,6,3764.06,627.3433333333334,36,1657,68.43745454545454,-0.3545993035131175,-0.4239282575013362
17053,Unknown,United Kingdom,,,,0,Elite Buyers,471,4,3761.58,940.395,138,1347,83.59066666666666,-0.1773656320601314,0.617371747098773
13717,Unknown,United Kingdom,,,,0,Elite Buyers,246,9,3760.45,417.8277777777778,139,1513,75.209,-0.25876142877455327,-0.409826204770931
13636,Unknown,United Kingdom,,,,0,Elite Buyers,28,9,3759.89,417.7655555555556,134,1794,63.726949152542375,-0.7691166280882811,-0.9486497476204284
12883,Unknown,United Kingdom,,,,0,Elite Buyers,208,9,3750.31,416.7011111111111,154,1305,87.21651162790698,-0.14251531995299271,-0.21498346504305557
17888,Unknown,United Kingdom,,,,0,Elite Buyers,104,12,3745.51,312.12583333333333,200,1715,65.71070175438597,-0.5733342511139536,-0.9842615502820328
15976,Unknown,United Kingdom,,,,0,Elite Buyers,3,8,3744.55,468.06875,188,1759,64.56120689655172,-0.8894418966253064,-0.8413976436119812
14857,Unknown,United Kingdom,,,,0,Elite Buyers,255,9,3743.39,415.9322222222222,159,1257,89.12833333333333,-0.04689257799815927,-0.11563170470791692
13963,Unknown,United Kingdom,,,,0,Elite Buyers,827,7,3740.97,534.4242857142857,110,1171,95.9223076923077,0.7065368718619265,0.7735500163349716
12913,Unknown,United Kingdom,,,,0,Elite Buyers,896,6,3740.49,623.415,107,1132,98.43394736842106,0.7671060045758653,1.004208144733411
15801,Unknown,United Kingdom,,,,0,Elite Buyers,97,7,3729.19,532.7414285714286,152,1446,77.69145833333333,-0.49756723350313214,-0.32022531515127406
14543,Unknown,United Kingdom,,,,0,Elite Buyers,710,13,3724.06,286.4661538461539,124,1196,93.1015,0.774032291244535,0.15812023128438377
17656,Unknown,United Kingdom,,,,0,Elite Buyers,213,8,3718.0,464.75,146,1546,72.90196078431373,-0.377699378716185,-0.4070243031878429
13748,Unknown,United Kingdom,,,,0,Elite Buyers,40,7,3716.07,530.8671428571429,91,2139,52.33901408450704,-1.0720206810864414,-1.1457605206793688
17135,Unknown,United Kingdom,,,,0,Elite Buyers,160,5,3714.44,742.888,122,1960,57.14523076923077,-0.9707666817908625,-0.5678175250365955
14064,Unknown,United Kingdom,,,,0,Elite Buyers,874,9,3706.04,411.78222222222223,160,676,161.1321739130435,1.2084288703107136,1.27680136818964
17924,Unknown,United Kingdom,,,,0,Elite Buyers,159,5,3704.92,740.984,86,2020,55.29731343283582,-0.9449828905986337,-0.6518109989407004
15680,Unknown,United Kingdom,,,,0,Elite Buyers,124,6,3695.85,615.975,149,1843,60.587704918032784,-0.8720247297603777,-0.6166184312731683
12633,Unknown,Germany,,,,0,Elite Buyers,206,9,3694.83,410.5366666666667,151,1581,69.71377358490567,-0.3685319822314156,-0.5536252856050815
15218,Unknown,United Kingdom,,,,0,Elite Buyers,55,7,3694.45,527.7785714285715,133,1615,68.41574074074074,-0.6592800173372073,-0.5737656809568378
17585,Unknown,United Kingdom,,,,0,Elite Buyers,397,4,3691.56,922.89,116,1308,85.85023255813954,-0.17822625060742636,0.5541157948781397
13888,Unknown,United Kingdom,,,,0,Elite Buyers,434,7,3689.37,527.0528571428572,147,1267,87.84214285714286,0.08959921910990509,0.23251854019665133
14167,Unknown,United Kingdom,,,,0,Elite Buyers,19,6,3687.34,614.5566666666666,104,1472,75.25183673469388,-0.5837440760125495,-0.35500984584398515
16979,Unknown,United Kingdom,,,,0,Elite Buyers,49,7,3685.32,526.4742857142858,125,1614,68.24666666666667,-0.6492368206299309,-0.5859477610268619
13894,Unknown,United Kingdom,,,,0,Elite Buyers,1,7,3672.75,524.6785714285714,141,1792,62.25,-0.8936940241709068,-0.8198214070633704
17663,Unknown,United Kingdom,,,,0,Elite Buyers,9,7,3672.03,524.5757142857143,129,1775,62.23779661016949,-0.8471260592755969,-0.8020146889046016
14311,Unknown,United Kingdom,,,,0,Elite Buyers,56,6,3671.48,611.9133333333333,153,1462,74.92816326530613,-0.612136491784619,-0.2932598241688715
17770,Unknown,United Kingdom,,,,0,Elite Buyers,212,9,3671.47,407.9411111111111,121,1580,70.6051923076923,-0.3062546295793788,-0.5578663383886947
16863,Unknown,United Kingdom,,,,0,Elite Buyers,300,7,3666.38,523.7685714285715,152,1667,66.66145454545455,-0.43089048067722635,-0.361994155122565
17648,Unknown,United Kingdom,,,,0,Elite Buyers,43,8,3664.16,458.02,136,1689,65.43142857142857,-0.6828221663152527,-0.7717326309194755
15763,Unknown,United Kingdom,,,,0,Elite Buyers,772,5,3659.31,731.862,130,831,130.68964285714284,0.7697187126949552,1.3625533812896187
14411,Unknown,United Kingdom,,,,0,Elite Buyers,160,8,3649.09,456.13625,126,1633,67.57574074074074,-0.46867630770590823,-0.5929756167033631
14628,Unknown,United Kingdom,,,,0,Elite Buyers,607,3,3642.24,1214.08,84,967,113.82,0.33195079929032156,1.3686362619168781
12928,Unknown,United Kingdom,,,,0,Elite Buyers,372,7,3636.08,519.44,143,1353,80.80177777777777,-0.041078552600120166,0.04411868633103186
13379,Unknown,United Kingdom,,,,0,Elite Buyers,44,6,3630.7,605.1166666666667,164,1741,62.59827586206897,-0.8818829849496401,-0.6180435679064161
14047,Unknown,United Kingdom,,,,0,Elite Buyers,93,7,3627.01,518.1442857142857,122,2055,53.338382352941174,-0.9741906956615626,-1.0196974564053976
12646,Unknown,USA,,,,0,Elite Buyers,139,6,3617.0,602.8333333333334,115,1555,69.5576923076923,-0.5146675462399425,-0.33936465905901275
14498,Unknown,United Kingdom,,,,0,Elite Buyers,260,4,3612.27,903.0675,131,1409,76.8568085106383,-0.4396827985409273,0.2612164767394667
12673,Unknown,Germany,,,,0,Elite Buyers,218,7,3606.07,515.1528571428571,132,1506,72.1214,-0.3388474591448906,-0.30840309587244813
15319,Unknown,United Kingdom,,,,0,Elite Buyers,234,3,3601.94,1200.6466666666668,135,1589,67.9611320754717,-0.7626061168838592,0.24769632478060208
12602,Unknown,France,,,,0,Elite Buyers,49,4,3601.62,900.405,110,1433,75.03375,-0.6759945365182826,-0.00909706216919734
14184,Unknown,United Kingdom,,,,0,Elite Buyers,231,8,3601.13,450.14125,148,1495,72.0226,-0.281310940068373,-0.380324559621107
15482,Unknown,United Kingdom,,,,0,Elite Buyers,731,3,3598.88,1199.6266666666668,21,1032,105.84941176470588,0.7478059762010363,1.3392458929204742
14210,Unknown,United Kingdom,,,,0,Elite Buyers,769,7,3594.89,513.5557142857143,139,1351,79.88644444444445,0.463501637373227,0.45941258336579927
17312,Unknown,United Kingdom,,,,0,Elite Buyers,175,6,3594.49,599.0816666666667,87,1585,67.82056603773584,-0.42841837031654806,-0.355449175192166
16518,Unknown,United Kingdom,,,,0,Elite Buyers,171,7,3593.48,513.3542857142858,159,1402,76.45702127659574,-0.34186126953612805,-0.24338931406794245
14049,Unknown,United Kingdom,,,,0,Elite Buyers,69,7,3585.7,512.2428571428571,138,1660,65.19454545454545,-0.6633914898890697,-0.6420930089731443
13338,Unknown,United Kingdom,,,,0,Elite Buyers,20,6,3580.5,596.75,132,1679,63.9375,-0.7928926256575596,-0.6083522601956572
18205,Unknown,United Kingdom,,,,0,Elite Buyers,19,6,3579.12,596.52,152,1737,61.70896551724138,-0.8776912056144597,-0.6652473445666416
13508,Unknown,United Kingdom,,,,0,Elite Buyers,184,5,3577.63,715.526,169,1365,79.50288888888889,-0.44729739824907344,0.06655279345705581
12562,Unknown,France,,,,0,Elite Buyers,577,9,3574.57,397.1744444444444,115,1237,87.18463414634147,0.4806774874787676,0.1810728675459908
14655,Unknown,United Kingdom,,,,0,Elite Buyers,232,10,3557.3,355.73,121,1589,67.1188679245283,-0.21483289575035303,-0.6725961358369393
14231,Unknown,United Kingdom,,,,0,Elite Buyers,392,4,3553.41,888.3525,83,1185,91.11307692307692,0.035126520655885396,0.6222191373639436
15365,Unknown,United Kingdom,,,,0,Elite Buyers,62,6,3545.53,590.9216666666666,141,1665,64.46418181818181,-0.7357126561309948,-0.5537221134532981
16982,Unknown,United Kingdom,,,,0,Elite Buyers,91,6,3545.2,590.8666666666667,143,1452,73.85833333333333,-0.5133903545626879,-0.28946077021384864
13311,Unknown,United Kingdom,,,,0,Elite Buyers,199,8,3544.6,443.075,140,1495,70.892,-0.29274278635423967,-0.439428501515038
14246,Unknown,United Kingdom,,,,0,Elite Buyers,12,6,3543.93,590.655,120,1598,66.8666037735849,-0.6994370766996514,-0.5461152528232627
13623,Unknown,United Kingdom,,,,0,Elite Buyers,149,8,3539.4,442.425,150,1614,65.54444444444445,-0.4741371682292068,-0.6223331753182555
12519,Unknown,Germany,,,,0,Elite Buyers,170,4,3533.18,883.295,119,1465,72.10571428571428,-0.5560659877706071,0.06491534084440756
16899,Unknown,United Kingdom,,,,0,Elite Buyers,458,11,3517.68,319.78909090909093,166,1325,79.94727272727273,0.2728238285543646,-0.20175992312266366
14600,Unknown,United Kingdom,,,,0,Elite Buyers,139,7,3503.31,500.47285714285715,146,1504,70.0662,-0.4287529542651991,-0.42689065688079597
18119,Unknown,United Kingdom,,,,0,Elite Buyers,13,6,3502.68,583.78,152,1985,53.07090909090909,-1.0891357561964776,-0.9588201961808964
17374,Unknown,United Kingdom,,,,0,Elite Buyers,183,9,3501.08,389.00888888888886,134,1581,67.32846153846154,-0.320466357536237,-0.649885383985245
12623,Unknown,Germany,,,,0,Elite Buyers,365,5,3497.26,699.452,119,1246,85.2990243902439,-0.02073909352757053,0.3514087678115917
14998,Unknown,United Kingdom,,,,0,Elite Buyers,9,11,3496.4,317.8545454545455,163,1479,71.35510204081632,-0.40241331615740167,-0.8699376198381201
12619,Unknown,Germany,,,,0,Elite Buyers,48,9,3496.4,388.4888888888889,106,1681,62.43571428571428,-0.5191675874024573,-0.9232838445571299
14891,Unknown,United Kingdom,,,,0,Elite Buyers,8,6,3493.76,582.2933333333333,121,1692,62.38857142857143,-0.7770408692424237,-0.6698033017822544
17569,Unknown,United Kingdom,,,,0,Elite Buyers,5,8,3491.65,436.45625,140,1516,69.833,-0.5358753996373894,-0.6875389338337945
17076,Unknown,United Kingdom,,,,0,Elite Buyers,429,6,3491.26,581.8766666666667,99,1477,71.25020408163266,-0.02406415204487289,0.0085646574317024
14329,Unknown,United Kingdom,,,,0,Elite Buyers,135,8,3489.78,436.2225,158,1384,75.86478260869565,-0.28601966814104995,-0.3976629175212503
16306,Unknown,United Kingdom,,,,0,Elite Buyers,517,9,3487.24,387.4711111111111,163,1481,71.16816326530612,0.13694087532421007,-0.17605312445279503
12528,Unknown,Germany,,,,0,Elite Buyers,21,10,3485.9,348.59,151,1614,64.5537037037037,-0.5256142770553629,-0.9464556508087261
16727,Unknown,United Kingdom,,,,0,Elite Buyers,276,8,3485.55,435.69375,141,1630,64.54722222222222,-0.3057091199500285,-0.5216380558871799
16841,Unknown,United Kingdom,,,,0,Elite Buyers,517,8,3480.09,435.01125,139,1239,84.88024390243902,0.33932990380124184,0.17431723953830178
17873,Unknown,United Kingdom,,,,0,Elite Buyers,239,9,3461.32,384.5911111111111,127,1940,54.083125,-0.5517837701139076,-0.9892367178889572
16153,Unknown,United Kingdom,,,,0,Elite Buyers,45,7,3449.41,492.77285714285716,110,1625,63.87796296296296,-0.572732421809494,-0.6959633691620982
15571,Unknown,United Kingdom,,,,0,Elite Buyers,208,6,3446.45,574.4083333333333,150,1456,71.80104166666666,-0.35810100917206383,-0.2019912479104536
17462,Unknown,United Kingdom,,,,0,Elite Buyers,63,6,3445.78,574.2966666666666,143,1480,70.32204081632653,-0.5451271452599188,-0.3903891198779651
15165,Unknown,United Kingdom,,,,0,Elite Buyers,118,6,3442.32,573.72,125,2061,50.62235294117647,-0.9698959832821201,-0.9531715929610781
18270,Unknown,United Kingdom,,,,0,Elite Buyers,638,3,3442.09,1147.3633333333332,99,1177,88.25871794871794,0.20708477750589982,1.0764314497471865
14958,Unknown,United Kingdom,,,,0,Elite Buyers,126,10,3427.53,342.753,111,1513,68.5506,-0.22283226572916032,-0.7555840418616441
12526,Unknown,Germany,,,,0,Elite Buyers,311,6,3423.15,570.525,126,1355,76.07,-0.09612517783051455,0.0018648050963394336
18129,Unknown,United Kingdom,,,,0,Elite Buyers,859,5,3422.72,684.544,145,690,148.81391304347827,1.0281471611529978,1.5711348107446368
17647,Unknown,United Kingdom,,,,0,Elite Buyers,150,4,3396.8,849.2,128,1546,66.60392156862746,-0.6330841510209324,-0.09014710801280967
17302,Unknown,United Kingdom,,,,0,Elite Buyers,162,9,3394.07,377.1188888888889,145,1481,69.26673469387755,-0.2446953634261283,-0.6039831198228273
17977,Unknown,United Kingdom,,,,0,Elite Buyers,247,6,3386.41,564.4016666666666,154,1295,78.75372093023256,-0.15688115278643028,-0.0037273093169651605
14594,Unknown,United Kingdom,,,,0,Elite Buyers,15,16,3384.57,211.535625,170,2164,47.00791666666667,-0.8394750828105005,-1.9046710461023506
16070,Unknown,United Kingdom,,,,0,Elite Buyers,762,7,3382.5,483.2142857142857,118,872,116.63793103448276,0.9613937552625815,0.9407020173279126
13532,Unknown,United Kingdom,,,,0,Elite Buyers,63,10,3382.37,338.237,187,1601,63.818301886792455,-0.4836745361761271,-0.9126491447647225
14098,Unknown,United Kingdom,,,,0,Elite Buyers,526,3,3382.28,1127.4266666666667,97,1230,82.49463414634147,0.04616995584322048,0.8651586254792558
12512,Unknown,Israel,,,,0,Elite Buyers,530,7,3375.92,482.2742857142857,128,1196,84.398,0.38596029872031257,0.28731620854827566
13569,Unknown,United Kingdom,,,,0,Elite Buyers,29,7,3374.82,482.1171428571429,144,1969,51.920307692307695,-0.9433844608868278,-1.0896274702747633
12544,Unknown,Spain,,,,0,Elite Buyers,134,7,3372.48,481.78285714285715,147,1622,62.45333333333333,-0.5051732642105208,-0.6132193447114591
15596,Unknown,United Kingdom,,,,0,Elite Buyers,24,11,3372.09,306.5536363636364,165,1912,53.525238095238095,-0.7415896192506017,-1.36336869621586
15737,Unknown,United Kingdom,,,,0,Elite Buyers,215,8,3366.47,420.80875,128,1546,66.00921568627452,-0.25070414718498923,-0.547042744642999
17526,Unknown,United Kingdom,,,,0,Elite Buyers,19,6,3360.21,560.035,129,1917,52.50328125,-0.9428526645290811,-0.9485505419504983
16830,Unknown,United Kingdom,,,,0,Elite Buyers,108,7,3358.18,479.74,162,1707,58.91543859649123,-0.6307941800433821,-0.7348582724352155
14863,Unknown,United Kingdom,,,,0,Elite Buyers,19,6,3357.26,559.5433333333333,155,1523,65.82862745098039,-0.6292258663640077,-0.5218785079349669
15386,Unknown,United Kingdom,,,,0,Elite Buyers,93,8,3354.17,419.27125,135,1576,64.50326923076923,-0.43515224657810575,-0.7145156138264812
15957,Unknown,United Kingdom,,,,0,Elite Buyers,456,7,3353.88,479.1257142857143,152,1147,88.26,0.3041195832845798,0.26879914642662317
13359,Unknown,United Kingdom,,,,0,Elite Buyers,124,8,3352.75,419.09375,114,1511,67.055,-0.30031755756305306,-0.6200849497060743
12710,Unknown,Germany,,,,0,Elite Buyers,141,12,3347.9,278.9916666666667,134,1678,59.78392857142857,-0.29659967472650356,-1.079496170436893
16898,Unknown,United Kingdom,,,,0,Elite Buyers,245,9,3341.63,371.2922222222222,139,1783,56.63779661016949,-0.3890487655296957,-0.8633069316208777
16758,Unknown,United Kingdom,,,,0,Elite Buyers,26,4,3333.6,833.4,136,1670,60.61090909090909,-0.8915352700453731,-0.3808028602773492
17859,Unknown,United Kingdom,,,,0,Elite Buyers,464,7,3329.78,475.68285714285713,145,1148,87.62578947368421,0.3305032554807481,0.2644406563853403
13441,Unknown,United Kingdom,,,,0,Elite Buyers,356,4,3329.69,832.4225,112,1218,81.2119512195122,-0.040473591145245846,0.4607552477389373
15643,Unknown,United Kingdom,,,,0,Elite Buyers,577,8,3328.26,416.0325,136,1243,81.1770731707317,0.4563148269288937,0.17410917753326996
16967,Unknown,United Kingdom,,,,0,Elite Buyers,128,8,3326.73,415.84125,126,1633,61.60611111111111,-0.41959171804547346,-0.7539030105355352
12580,Unknown,Germany,,,,0,Elite Buyers,22,6,3323.58,553.93,160,1619,61.547777777777775,-0.7092667071110579,-0.6336209383329175
12740,Unknown,France,,,,0,Elite Buyers,65,4,3323.02,830.755,77,1570,63.90423076923077,-0.6221348343440205,-0.2656761648353217
17994,Unknown,United Kingdom,,,,0,Elite Buyers,52,12,3318.03,276.5025,149,1709,58.211052631578944,-0.4488179171252971,-1.2158020841972625
14984,Unknown,United Kingdom,,,,0,Elite Buyers,63,8,3316.73,414.59125,120,1423,70.56872340425532,-0.2983783351708765,-0.6000640030497727
13012,Unknown,United Kingdom,,,,0,Elite Buyers,34,9,3314.54,368.28222222222223,124,1697,59.18821428571429,-0.5363280567495383,-1.0165137119977388
12436,Unknown,Norway,,,,0,Elite Buyers,232,8,3313.7,414.2125,133,1585,62.52264150943396,-0.2567192585482299,-0.5965706815323893
18237,Unknown,United Kingdom,,,,0,Elite Buyers,328,11,3313.63,301.2390909090909,146,1368,73.63622222222222,0.16104308684669388,-0.47552997693923
15655,Unknown,United Kingdom,,,,0,Elite Buyers,267,5,3312.84,662.568,131,1282,77.04279069767442,-0.13976832942805933,0.12598825313885817
13726,Unknown,United Kingdom,,,,0,Elite Buyers,492,8,3311.84,413.98,133,1323,75.2690909090909,0.2931418388576966,-0.021629565382794397
15026,Unknown,United Kingdom,,,,0,Elite Buyers,5,4,3308.64,827.16,112,1637,61.27111111111111,-0.8363173900200769,-0.388790607945298
15299,Unknown,United Kingdom,,,,1,Active Buyers,1757,2,3307.01,1653.505,5,391,254.38538461538462,2.699485205703671,3.516383167285378
13107,Unknown,United Kingdom,,,,0,Elite Buyers,345,6,3295.47,549.245,140,1207,82.38675,0.08707744970192732,0.16352942472772622
13863,Unknown,United Kingdom,,,,0,Elite Buyers,542,6,3287.57,547.9283333333333,141,1129,86.515,0.3979736868418756,0.4600239466932934
15304,Unknown,United Kingdom,,,,0,Elite Buyers,253,10,3286.37,328.637,116,1775,55.701186440677965,-0.27138927629463017,-0.9576621437911533
17535,Unknown,United Kingdom,,,,0,Elite Buyers,150,7,3278.11,468.3014285714286,124,1583,61.851132075471696,-0.38446916876280657,-0.60330114502269
15370,Unknown,United Kingdom,,,,0,Elite Buyers,19,6,3269.85,544.975,118,1502,65.397,-0.524289006593577,-0.5459359745147045
15133,Unknown,United Kingdom,,,,0,Elite Buyers,37,8,3267.07,408.38375,116,1691,58.340535714285714,-0.5466902526289608,-0.9443441174882091
17919,Unknown,United Kingdom,,,,0,Elite Buyers,295,6,3259.88,543.3133333333334,110,1188,81.497,0.10930019812995173,0.09785392305298915
17937,Unknown,United Kingdom,,,,0,Elite Buyers,663,6,3258.92,543.1533333333333,79,1182,83.56205128205129,0.637022419501255,0.4959132521063492
14000,Unknown,United Kingdom,,,,0,Elite Buyers,623,6,3258.22,543.0366666666666,119,864,112.35241379310345,0.7682442485453747,0.8599836005644539
13781,Unknown,United Kingdom,,,,0,Elite Buyers,121,6,3258.14,543.0233333333333,116,1642,60.33592592592593,-0.5186593774811615,-0.588244058695192
12625,Unknown,Germany,,,,0,Elite Buyers,147,6,3248.39,541.3983333333333,125,1340,72.18644444444445,-0.2302983264693349,-0.2357855782343426
14145,Unknown,United Kingdom,,,,0,Elite Buyers,528,4,3246.42,811.605,13,1201,81.1605,0.6841466676237931,0.5317117897143744
12572,Unknown,Germany,,,,0,Elite Buyers,100,7,3244.01,463.43,125,1714,56.912456140350876,-0.5555980727103883,-0.8094323558362774
15010,Unknown,United Kingdom,,,,0,Elite Buyers,36,3,3242.06,1080.6866666666667,92,1689,57.893928571428575,-0.9076913562515854,-0.23522019512889272
15822,Unknown,United Kingdom,,,,0,Elite Buyers,197,6,3239.02,539.8366666666667,112,1466,66.10244897959184,-0.2533913671568412,-0.3303586458689558
12532,Unknown,France,,,,0,Elite Buyers,97,6,3233.82,538.97,119,1475,65.99632653061225,-0.39653764553841586,-0.4453281325045948
12754,Unknown,Japan,,,,0,Elite Buyers,404,9,3230.55,358.95,183,1330,73.42159090909091,0.17879571518142412,-0.22774073892501065
18216,Unknown,United Kingdom,,,,0,Elite Buyers,220,7,3230.31,461.47285714285715,119,1383,70.22413043478261,-0.09881232015779695,-0.32551765531801957
12664,Unknown,Finland,,,,0,Elite Buyers,197,6,3224.84,537.4733333333334,35,1617,59.71925925925926,-0.12273952447994324,-0.5589941206350817
13549,Unknown,United Kingdom,,,,0,Elite Buyers,20,11,3223.46,293.0418181818182,146,1645,58.608363636363634,-0.43347395525132987,-1.1593767611172
15227,Unknown,United Kingdom,,,,0,Elite Buyers,196,9,3217.47,357.49666666666667,147,1560,61.87442307692308,-0.22469448766308142,-0.7292757706302329
17282,Unknown,United Kingdom,,,,0,Elite Buyers,469,4,3215.97,803.9925,76,1349,71.466,0.10268209945953088,0.36955702180719996
17230,Unknown,United Kingdom,,,,0,Elite Buyers,50,5,3213.61,642.722,104,1743,55.40706896551724,-0.7344533514707521,-0.6669693097204595
12925,Unknown,United Kingdom,,,,0,Elite Buyers,213,4,3209.1,802.275,115,1481,65.49183673469388,-0.4194109057001457,-0.03461027463356128
14623,Unknown,United Kingdom,,,,0,Elite Buyers,65,9,3207.67,356.40777777777777,157,1604,60.522075471698116,-0.43718220266566676,-0.9162878722466448
17432,Unknown,United Kingdom,,,,0,Elite Buyers,272,5,3206.3,641.26,100,1512,64.126,-0.24604160976286898,-0.17917965238479627
14813,Unknown,United Kingdom,,,,0,Elite Buyers,586,5,3205.48,641.096,115,1473,65.41795918367347,0.14181637815517734,0.20856293078436636
15012,Unknown,United Kingdom,,,,0,Elite Buyers,21,9,3203.87,355.98555555555555,142,2158,45.12492957746479,-0.9686462487091492,-1.547539041645263
12723,Unknown,France,,,,0,Elite Buyers,367,9,3198.23,355.3588888888889,155,1329,72.68704545454545,0.18179631618802594,-0.28912792214010263
17867,Unknown,United Kingdom,,,,0,Elite Buyers,175,5,3195.7,639.14,130,1397,69.47173913043478,-0.3194258462981358,-0.14616696102763432
14871,Unknown,United Kingdom,,,,0,Elite Buyers,97,5,3192.16,638.432,158,1566,61.387692307692305,-0.6069510744785735,-0.4129958721998235
18024,Unknown,United Kingdom,,,,0,Elite Buyers,155,6,3191.73,531.955,112,1391,69.3854347826087,-0.2256170736978676,-0.3076752694683562
16639,Unknown,United Kingdom,,,,0,Elite Buyers,54,3,3191.33,1063.7766666666666,139,1549,62.57509803921569,-0.8395868508611107,-0.06226470486571786
12408,Unknown,Belgium,,,,0,Elite Buyers,106,7,3187.57,455.3671428571429,106,1680,56.92089285714286,-0.46341244756238753,-0.7998097444747365
17054,Unknown,United Kingdom,,,,0,Elite Buyers,187,7,3184.03,454.8614285714286,134,1423,67.74531914893618,-0.18843011426020145,-0.4169269656204903
17894,Unknown,United Kingdom,,,,0,Elite Buyers,302,6,3175.54,529.2566666666667,132,1665,57.73709090909091,-0.3222314017418719,-0.4470889704721036
15318,Unknown,United Kingdom,,,,0,Elite Buyers,415,11,3175.06,288.64181818181817,155,1248,77.44048780487805,0.39963356522082183,-0.29851330623241407
13800,Unknown,United Kingdom,,,,0,Elite Buyers,48,9,3170.52,352.28,106,1717,55.62315789473684,-0.4586429991966612,-1.093652066085457
15551,Unknown,United Kingdom,,,,0,Elite Buyers,608,5,3169.46,633.892,127,1148,83.40684210526315,0.44135690719689813,0.5964223944839887
17019,Unknown,United Kingdom,,,,0,Elite Buyers,44,7,3160.67,451.5242857142857,148,1984,47.888939393939395,-0.8814794967369215,-1.1800908548047466
13052,Unknown,United Kingdom,,,,0,Elite Buyers,399,9,3146.83,349.6477777777778,128,1118,85.04945945945946,0.46334884436289037,-0.0394283918900859
12802,Unknown,Netherlands,,,,0,Elite Buyers,96,5,3139.95,627.99,144,1573,60.38365384615385,-0.5781764573760844,-0.44695113991062985
17732,Unknown,United Kingdom,,,,0,Elite Buyers,10,7,3139.78,448.54,121,2138,44.22225352112676,-1.0115136116387424,-1.3928494520393193
17850,Unknown,United Kingdom,,,,0,Elite Buyers,875,5,3133.91,626.782,113,1304,72.88162790697675,0.6686959406169959,0.684330282206224
12956,Unknown,United Kingdom,,,,0,Elite Buyers,421,6,3132.72,522.12,125,1252,74.58857142857143,0.2162397809187504,0.11337637041827961
15980,Unknown,United Kingdom,,,,0,Elite Buyers,198,4,3132.45,783.1125,68,1285,72.84767441860465,-0.1219300771171275,0.1058441358364903
14404,Unknown,United Kingdom,,,,0,Elite Buyers,19,9,3129.5,347.72222222222223,150,2040,46.02205882352941,-0.8520447481652453,-1.4643005072204174
17095,Unknown,United Kingdom,,,,0,Elite Buyers,261,6,3124.99,520.8316666666667,148,1321,71.0225,-0.076525199557131,-0.1313735084040084
15539,Unknown,United Kingdom,,,,0,Elite Buyers,14,6,3119.7,519.95,137,1769,52.876271186440675,-0.7581678363897408,-0.8967209563403189
14988,Unknown,United Kingdom,,,,0,Elite Buyers,373,6,3118.0,519.6666666666666,140,1114,84.27027027027027,0.25486865121701374,0.22770825873890863
17409,Unknown,United Kingdom,,,,0,Elite Buyers,176,4,3114.11,778.5275,83,1526,61.060980392156864,-0.4011095618167554,-0.18595982499193095
14163,Unknown,United Kingdom,,,,0,Elite Buyers,64,7,3111.94,444.5628571428571,102,1482,63.508979591836734,-0.30736392087328523,-0.6612975788723278
15837,Unknown,United Kingdom,,,,0,Elite Buyers,27,5,3108.37,621.674,144,1638,57.562407407407406,-0.7113217464321457,-0.6047842394651951
12704,Unknown,Finland,,,,0,Elite Buyers,52,9,3105.69,345.07666666666665,105,1731,54.48578947368421,-0.44546636791033606,-1.1293599543119273
15951,Unknown,United Kingdom,,,,0,Elite Buyers,317,6,3104.57,517.4283333333333,84,1497,62.0914,-0.028861558135670262,-0.30639680726009993
17828,Unknown,Malta,,,,0,Elite Buyers,267,7,3100.17,442.88142857142856,116,1341,68.89266666666667,0.04168443901725172,-0.2882537078162336
12560,Unknown,Germany,,,,0,Elite Buyers,27,8,3096.3,387.0375,138,1697,55.29107142857143,-0.5528680337097296,-1.0245824155200844
17030,Unknown,United Kingdom,,,,0,Elite Buyers,37,5,3094.02,618.804,82,1598,58.377735849056606,-0.5308519534670878,-0.5878084934598385
12948,Unknown,United Kingdom,,,,0,Elite Buyers,45,7,3093.47,441.9242857142857,111,1533,60.65627450980392,-0.3886513812058301,-0.7445633668250143
16808,Unknown,United Kingdom,,,,0,Elite Buyers,313,6,3091.75,515.2916666666666,150,1504,61.835,-0.1677326697881717,-0.2930551404536629
15901,Unknown,United Kingdom,,,,0,Elite Buyers,336,6,3084.85,514.1416666666667,125,1271,73.44880952380953,0.10863384148390165,-0.015347679976729228
13240,Unknown,United Kingdom,,,,0,Elite Buyers,785,7,3083.12,440.4457142857143,137,1151,81.13473684210527,0.8063321412236613,0.5022022588112115
16203,Unknown,United Kingdom,,,,0,Elite Buyers,149,7,3079.96,439.9942857142857,111,1999,46.666060606060604,-0.6778227451566992,-1.128079517914383
18173,Unknown,United Kingdom,,,,0,Elite Buyers,83,4,3077.36,769.34,73,1467,62.80326530612245,-0.42218922317719004,-0.2441681400867552
13732,Unknown,United Kingdom,,,,0,Elite Buyers,229,9,3076.28,341.8088888888889,142,1282,71.54139534883721,0.11276871625833673,-0.4480705902076666
14776,Unknown,United Kingdom,,,,0,Elite Buyers,1057,5,3076.06,615.212,105,644,139.82090909090908,1.4844871981055672,1.6803344869058499
14235,Unknown,United Kingdom,,,,0,Elite Buyers,345,5,3071.7,614.34,96,1354,68.26,0.0337546126235061,0.01352756327472307
14023,Unknown,United Kingdom,,,,0,Elite Buyers,47,6,3070.24,511.70666666666665,135,1736,52.935172413793104,-0.6693398326050213,-0.8492255341338287
17362,Unknown,United Kingdom,,,,0,Elite Buyers,21,4,3066.48,766.62,119,1744,52.87034482758621,-0.8530514046933745,-0.5900046579010811
16449,Unknown,United Kingdom,,,,0,Elite Buyers,22,4,3063.91,765.9775,113,1711,53.75280701754386,-0.809442783454577,-0.5583005908541516
12616,Unknown,France,,,,0,Elite Buyers,177,8,3062.22,382.7775,136,1520,61.2444,-0.19775443927774455,-0.6847590167362392
12363,Unknown,Unspecified,,,,0,Elite Buyers,586,8,3056.35,382.04375,100,932,98.59193548387097,0.88591323188557,0.4262717435240866
15806,Unknown,United Kingdom,,,,0,Elite Buyers,282,7,3042.95,434.70714285714286,87,1417,64.74361702127659,0.07441414201756746,-0.3924614060051894
15234,Unknown,United Kingdom,,,,0,Elite Buyers,734,5,3040.37,608.074,117,877,104.84034482758621,0.8837458512518328,1.0098281115827732
17912,Unknown,United Kingdom,,,,0,Elite Buyers,194,5,3039.22,607.844,117,1712,53.319649122807014,-0.5038923247235331,-0.5482411392289455
13491,Unknown,United Kingdom,,,,0,Elite Buyers,45,10,3035.65,303.565,149,2103,43.36642857142857,-0.8040249347345246,-1.6193471150568381
13473,Unknown,United Kingdom,,,,0,Elite Buyers,324,8,3030.94,378.8675,121,1219,73.92536585365853,0.28596267920146257,-0.21441925889087418
14856,Unknown,United Kingdom,,,,0,Elite Buyers,691,5,3015.16,603.032,108,1065,86.14742857142858,0.6976854718828147,0.7132772003506221
14595,Unknown,United Kingdom,,,,0,Elite Buyers,136,6,3011.19,501.865,112,1437,62.733125,-0.23277060190295729,-0.4635768325605243
16996,Unknown,United Kingdom,,,,0,Elite Buyers,485,9,3008.63,334.2922222222222,93,1125,81.31432432432432,0.6767878832975549,-0.029168172862054143
14005,Unknown,United Kingdom,,,,0,Elite Buyers,3,6,3004.93,500.82166666666666,153,1606,56.69679245283019,-0.6158496604553909,-0.7753665032056501
14077,Unknown,United Kingdom,,,,0,Elite Buyers,3,6,3004.01,500.66833333333335,150,1547,58.902156862745095,-0.5585232275628811,-0.7121725483949266
13145,Unknown,United Kingdom,,,,0,Elite Buyers,790,5,3001.69,600.338,90,1358,66.70422222222223,0.6104817462825869,0.4582802477935828
17222,Unknown,United Kingdom,,,,0,Elite Buyers,187,6,2997.05,499.5083333333333,102,1509,59.941,-0.2096233174832341,-0.4955889945539934
14645,Unknown,United Kingdom,,,,0,Elite Buyers,126,5,2990.08,598.016,101,1542,58.62901960784314,-0.3868586178671335,-0.46531234212504546
18061,Unknown,United Kingdom,,,,0,Elite Buyers,201,10,2986.03,298.603,87,1766,50.6106779661017,-0.16993033430653853,-1.1517086481354986
12750,Unknown,Poland,,,,0,Elite Buyers,727,3,2984.01,994.67,112,1032,87.765,0.5483826985493312,1.1612929215526624
14315,Unknown,United Kingdom,,,,0,Elite Buyers,883,8,2979.41,372.42625,107,937,96.11,1.2531966303335025,0.7129146894310082
18136,Unknown,United Kingdom,,,,0,Elite Buyers,380,8,2979.15,372.39375,111,1255,70.93214285714286,0.35840304057342387,-0.22124530806672815
17356,Unknown,United Kingdom,,,,0,Elite Buyers,127,5,2976.2,595.24,97,1697,53.14642857142857,-0.5110030050952683,-0.6390661042112272
17464,Unknown,United Kingdom,,,,0,Elite Buyers,320,3,2972.8,990.9333333333333,101,1409,63.251063829787235,-0.24861236523672325,0.2626494236311734
13666,Unknown,United Kingdom,,,,0,Elite Buyers,478,3,2972.51,990.8366666666667,100,1065,84.92885714285714,0.2447975002850945,0.8408201788988987
17733,Unknown,United Kingdom,,,,0,Elite Buyers,30,6,2970.67,495.1116666666667,146,1785,50.35033898305085,-0.7218383158635124,-0.9559463945759374
16614,Unknown,United Kingdom,,,,0,Elite Buyers,569,6,2959.59,493.265,131,978,89.68454545454546,0.6773013994156565,0.5259871281577376
17226,Unknown,United Kingdom,,,,0,Elite Buyers,225,9,2959.4,328.8222222222222,119,1509,59.188,-0.016968147652995813,-0.7640119233622231
13565,Unknown,United Kingdom,,,,0,Elite Buyers,491,4,2957.31,739.3275,114,1091,82.1475,0.341237849634354,0.6056064705718242
15109,Unknown,United Kingdom,,,,0,Elite Buyers,56,6,2950.68,491.78,106,1554,56.74384615384616,-0.4025086337010264,-0.7105602035484713
14414,Unknown,United Kingdom,,,,0,Elite Buyers,576,8,2941.75,367.71875,133,1241,71.75,0.5798236817359455,0.004976348642970002
18135,Unknown,United Kingdom,,,,0,Elite Buyers,37,8,2940.85,367.60625,68,1778,49.844915254237286,-0.4039189030266127,-1.207711429068909
14125,Unknown,United Kingdom,,,,0,Elite Buyers,19,5,2938.66,587.732,114,1492,58.7732,-0.4824631176780338,-0.5497308436676841
15503,Unknown,United Kingdom,,,,0,Elite Buyers,54,7,2938.42,419.7742857142857,161,1791,49.803728813559324,-0.6453112072486672,-1.059063018762879
13823,Unknown,United Kingdom,,,,0,Elite Buyers,1,6,2935.43,489.23833333333334,83,1573,56.45057692307692,-0.4279525047165913,-0.8050052979916151
12713,Unknown,Germany,,,,0,Elite Buyers,42,4,2933.43,733.3575,121,1529,57.518235294117645,-0.5959828170650376,-0.3964866043157631
13590,Unknown,United Kingdom,,,,0,Elite Buyers,99,9,2926.79,325.1988888888889,113,1482,59.73040816326531,-0.12500147505373654,-0.887706632664308
18185,Unknown,United Kingdom,,,,0,Elite Buyers,345,3,2920.72,973.5733333333334,92,1387,63.49391304347826,-0.16135342020609672,0.28814512520176605
14524,Unknown,United Kingdom,,,,0,Elite Buyers,112,7,2908.31,415.47285714285715,128,1652,52.87836363636364,-0.3863775926829549,-0.8783170422310506
14690,Unknown,United Kingdom,,,,0,Elite Buyers,5,9,2906.84,322.9822222222222,151,1510,58.1368,-0.3237676075895737,-1.0159637509272155
12758,Unknown,Portugal,,,,0,Elite Buyers,155,6,2906.78,484.4633333333333,104,1456,60.557916666666664,-0.17750903051107664,-0.5103184913583464
16803,Unknown,United Kingdom,,,,0,Elite Buyers,196,9,2904.97,322.77444444444444,142,1500,58.0994,-0.0660449785678427,-0.8045831835625994
17144,Unknown,United Kingdom,,,,0,Elite Buyers,286,4,2900.27,725.0675,104,1316,65.91522727272728,-0.06394780290729218,0.08216170155354577
16232,Unknown,United Kingdom,,,,0,Elite Buyers,876,4,2891.48,722.87,117,733,115.6592,1.13056231297621,1.4431919412525551
12413,Unknown,France,,,,0,Elite Buyers,621,5,2891.45,578.29,119,1105,78.1472972972973,0.5980428194676974,0.5283690268862414
15136,Unknown,United Kingdom,,,,0,Elite Buyers,561,6,2888.89,481.4816666666667,122,1166,74.07410256410256,0.5446315767061642,0.25539431648858857
16184,Unknown,United Kingdom,,,,0,Elite Buyers,428,6,2876.72,479.4533333333333,117,1237,70.16390243902438,0.33276298281069616,0.023843239051542647
14165,Unknown,United Kingdom,,,,0,Elite Buyers,237,6,2874.92,479.1533333333333,122,1343,63.88711111111111,-0.0011590108835509705,-0.30856394939337006
16337,Unknown,United Kingdom,,,,0,Elite Buyers,359,3,2874.52,958.1733333333333,96,1397,62.4895652173913,-0.14830754847983924,0.2755358879469897
12373,Unknown,Austria,,,,0,Elite Buyers,148,5,2874.26,574.852,115,1676,51.32607142857143,-0.4702622571093502,-0.6381724236838175
16303,Unknown,United Kingdom,,,,0,Elite Buyers,40,7,2867.42,409.63142857142856,118,1512,57.3484,-0.3182703043928404,-0.8248037012362082
15594,Unknown,United Kingdom,,,,0,Elite Buyers,594,6,2866.91,477.8183333333333,124,1042,81.91171428571428,0.695724781171088,0.4293092165792489
15773,Unknown,United Kingdom,,,,0,Elite Buyers,443,5,2864.26,572.852,87,1281,66.6106976744186,0.30775297788293077,0.09851052635986693
12952,Unknown,United Kingdom,,,,0,Elite Buyers,523,6,2860.81,476.8016666666667,103,1201,71.52025,0.514926913775108,0.152920658766984
17579,Unknown,United Kingdom,,,,0,Elite Buyers,507,4,2859.78,714.945,126,1187,73.3276923076923,0.2867618909762403,0.4693880459777673
15646,Unknown,United Kingdom,,,,0,Elite Buyers,51,12,2855.11,237.92583333333334,153,2097,41.37840579710145,-0.6659060308471553,-1.8181363904821493
15382,Unknown,United Kingdom,,,,0,Elite Buyers,593,6,2855.05,475.84166666666664,115,1015,83.97205882352941,0.7381967175191042,0.4533020798057308
12993,Unknown,United Kingdom,,,,0,Elite Buyers,930,5,2847.06,569.412,72,584,142.353,1.534927264426924,1.5080727756661776
16085,Unknown,United Kingdom,,,,0,Elite Buyers,44,8,2839.74,354.9675,154,1438,59.16125,-0.24210409022391455,-0.8412910861855717
15739,Unknown,United Kingdom,,,,0,Elite Buyers,119,3,2834.05,944.6833333333333,106,1607,53.47264150943396,-0.6370414334041302,-0.23118838456139207
14747,Unknown,United Kingdom,,,,0,Elite Buyers,426,4,2830.55,707.6375,113,1306,65.82674418604651,0.1186114825551331,0.22299834485293632
13656,Unknown,United Kingdom,,,,0,Elite Buyers,143,9,2828.9,314.3222222222222,114,1531,55.46862745098039,-0.08347310360865573,-0.9430230166731957
18274,Unknown,United Kingdom,,,,0,Elite Buyers,64,5,2826.45,565.29,134,1508,56.529,-0.44239328227167707,-0.5589732020647479
14496,Unknown,United Kingdom,,,,0,Elite Buyers,348,6,2826.23,471.03833333333336,98,1831,46.33163934426229,-0.23591979992704476,-0.7506425253808321
13249,Unknown,United Kingdom,,,,0,Elite Buyers,364,7,2819.97,402.85285714285715,137,1272,67.14214285714286,0.27153375647552247,-0.21805452407866913
18086,Unknown,United Kingdom,,,,0,Elite Buyers,461,4,2808.26,702.065,103,1089,78.00722222222223,0.3788120767047942,0.4989366769782795
13959,Unknown,United Kingdom,,,,0,Elite Buyers,678,7,2807.73,401.1042857142857,145,1167,71.99307692307693,0.7395121692925273,0.23696562096829535
16003,Unknown,United Kingdom,,,,0,Elite Buyers,266,7,2807.4,401.0571428571429,133,1276,66.84285714285714,0.15882965050441367,-0.3352052919443326
18093,Unknown,United Kingdom,,,,0,Elite Buyers,223,7,2805.17,400.73857142857145,58,1413,59.68446808510638,0.17499106005823528,-0.5844084369074873
17423,Unknown,United Kingdom,,,,0,Elite Buyers,537,4,2795.68,698.92,99,1133,73.57052631578948,0.4487985213286714,0.5140929331718954
14968,Unknown,United Kingdom,,,,0,Elite Buyers,233,8,2792.29,349.03625,122,1339,62.05088888888889,0.14595724832402657,-0.5625092636178837
15882,Unknown,United Kingdom,,,,0,Elite Buyers,135,7,2790.86,398.69428571428574,135,1893,44.29936507936508,-0.5482369508230536,-1.1614070892950945
15065,Unknown,United Kingdom,,,,0,Elite Buyers,12,5,2788.83,557.766,114,1772,47.26830508474576,-0.692523391855613,-0.9278549059449075
13153,Unknown,United Kingdom,,,,0,Elite Buyers,615,4,2784.54,696.135,101,1109,75.25783783783784,0.5635072978581472,0.6253054455202369
13166,Unknown,United Kingdom,,,,0,Elite Buyers,419,7,2784.0,397.7142857142857,153,1404,59.234042553191486,0.21155698726117667,-0.32631499270201825
16484,Unknown,United Kingdom,,,,0,Elite Buyers,420,5,2779.54,555.908,101,1369,60.42478260869565,0.19741044807858388,-0.06068890612156161
17457,Unknown,United Kingdom,,,,0,Elite Buyers,602,6,2778.86,463.1433333333333,77,1220,67.77707317073171,0.6894331261997142,0.15828316705057863
15197,Unknown,United Kingdom,,,,0,Elite Buyers,82,5,2778.64,555.728,125,1740,47.90758620689655,-0.5953557473805563,-0.8188981885672778
17460,Unknown,United Kingdom,,,,0,Elite Buyers,278,6,2775.76,462.62666666666667,94,1901,44.05968253968254,-0.3588490540586502,-0.9240445676866681
13784,Unknown,United Kingdom,,,,0,Elite Buyers,71,9,2769.36,307.70666666666665,43,1753,47.74758620689655,-0.13159180593569436,-1.3347021942130823
17817,Unknown,United Kingdom,,,,0,Elite Buyers,6,7,2767.75,395.39285714285717,111,1688,49.424107142857146,-0.46920664288667374,-1.1050147338468619
16211,Unknown,United Kingdom,,,,0,Elite Buyers,145,4,2767.37,691.8425,108,1338,62.89477272727273,-0.221384550583466,-0.15087816735921683
13282,Unknown,United Kingdom,,,,0,Elite Buyers,401,6,2766.65,461.10833333333335,93,1361,61.48111111111111,0.27990315478543826,-0.21130413550249894
17869,Unknown,United Kingdom,,,,0,Elite Buyers,365,9,2766.62,307.40222222222224,83,1663,50.302181818181815,0.16201462476186046,-0.8883657649029407
14141,Unknown,United Kingdom,,,,0,Elite Buyers,56,6,2763.22,460.5366666666667,107,1577,53.13884615384615,-0.3642997069674421,-0.8183478917749842
12523,Unknown,France,,,,0,Elite Buyers,49,7,2761.05,394.4357142857143,101,1773,46.797457627118646,-0.4690837077781717,-1.1580088515899067
17950,Unknown,United Kingdom,,,,0,Elite Buyers,0,8,2755.29,344.41125,129,1936,43.05140625,-0.6749478860312075,-1.4681555395404575
16120,Unknown,United Kingdom,,,,0,Elite Buyers,254,4,2749.41,687.3525,86,1258,65.46214285714285,0.041441623530627525,0.03229585057122289
15264,Unknown,United Kingdom,,,,0,Elite Buyers,216,7,2748.83,392.69,95,1449,57.267291666666665,0.04231874920507461,-0.6334593583080748
13027,Unknown,United Kingdom,,,,0,Elite Buyers,230,5,2743.42,548.684,52,1469,55.98816326530612,0.03773673859904769,-0.42635614855662546
17957,Unknown,United Kingdom,,,,0,Elite Buyers,31,7,2741.51,391.64428571428573,146,1695,48.955535714285716,-0.4984055371724867,-1.0828400149556079
14297,Unknown,United Kingdom,,,,0,Elite Buyers,83,8,2738.73,342.34125,115,1467,55.89244897959183,-0.1193777572925308,-0.8954985823365839
16424,Unknown,United Kingdom,,,,0,Elite Buyers,234,2,2737.94,1368.97,77,1586,51.65924528301887,-0.5564858829121935,0.15351957826039833
12599,Unknown,France,,,,0,Elite Buyers,42,10,2734.41,273.441,119,1656,49.716545454545454,-0.25309811027111195,-1.3086710258522005
17007,Unknown,United Kingdom,,,,0,Elite Buyers,44,4,2725.36,681.34,75,1594,51.42188679245283,-0.47368790269251015,-0.5880716179460925
14769,Unknown,United Kingdom,,,,0,Elite Buyers,78,5,2722.15,544.43,106,1555,52.34903846153846,-0.3772162062379761,-0.6619405321611395
15363,Unknown,United Kingdom,,,,0,Elite Buyers,149,7,2721.8,388.8285714285714,97,1999,41.23939393939394,-0.5295614857089285,-1.3031373990504627
12383,Unknown,Belgium,,,,0,Elite Buyers,153,9,2720.06,302.2288888888889,111,1455,56.66791666666666,0.038548613084142924,-0.8990216172112511
17830,Unknown,United Kingdom,,,,0,Elite Buyers,206,3,2718.83,906.2766666666666,102,1396,59.105,-0.2949444118003116,0.03739222566786102
14201,Unknown,United Kingdom,,,,0,Elite Buyers,209,9,2711.29,301.25444444444446,105,1460,56.48520833333333,0.1178163128867481,-0.8495336755031287
14251,Unknown,United Kingdom,,,,0,Elite Buyers,439,6,2711.14,451.8566666666667,99,1163,69.51641025641025,0.5062148494289531,0.028328833964824746
17783,Unknown,United Kingdom,,,,0,Elite Buyers,279,4,2709.79,677.4475,78,1392,58.908478260869565,-0.01102864717929497,-0.11359904215288946
14824,Unknown,United Kingdom,,,,0,Elite Buyers,282,6,2703.57,450.595,88,1382,58.77326086956522,0.15117005329518984,-0.40117749345312104
16419,Unknown,United Kingdom,,,,0,Elite Buyers,307,7,2701.28,385.89714285714285,78,1517,54.0256,0.15370944178145907,-0.6413251567263962
15484,Unknown,United Kingdom,,,,0,Elite Buyers,196,4,2700.78,675.195,86,1406,57.46340425531915,-0.1423437421821973,-0.22395093689058873
12722,Unknown,France,,,,0,Elite Buyers,748,6,2699.31,449.885,129,737,107.9724,1.1876462305013422,0.910015157531425
17855,Unknown,United Kingdom,,,,0,Elite Buyers,166,7,2699.17,385.5957142857143,121,1982,40.89651515151515,-0.5343750655649583,-1.2711319735716944
17609,Unknown,United Kingdom,,,,0,Elite Buyers,8,4,2697.81,674.4525,97,1543,52.89823529411765,-0.5212235837269997,-0.5700796153204137
15187,Unknown,United Kingdom,,,,0,Elite Buyers,162,11,2695.77,245.07,73,1652,49.014,0.06027710142878706,-1.289239760173471
12922,Unknown,United Kingdom,,,,0,Elite Buyers,854,5,2693.15,538.63,107,965,84.1609375,1.0929759245973674,0.8554663950010961
16529,Unknown,United Kingdom,,,,0,Elite Buyers,453,4,2691.54,672.885,140,1336,61.17136363636364,0.12484573369656449,0.1599395501890565
14538,Unknown,United Kingdom,,,,0,Elite Buyers,135,5,2691.11,538.222,91,1530,52.76686274509804,-0.2402225826810898,-0.5946775009362116
15105,Unknown,United Kingdom,,,,0,Elite Buyers,24,8,2684.3,335.5375,119,1733,47.09298245614035,-0.41967120709752614,-1.266741900002071
13108,Unknown,United Kingdom,,,,0,Elite Buyers,548,5,2682.64,536.528,73,1600,50.61584905660377,0.25418433920262595,-0.23550629403974893
16528,Unknown,United Kingdom,,,,0,Elite Buyers,119,5,2680.52,536.104,103,1544,52.55921568627451,-0.2975522533469324,-0.6226273279570792
12667,Unknown,Finland,,,,0,Elite Buyers,498,4,2675.3,668.825,90,984,81.06969696969696,0.5920939676382422,0.5891584744274347
16789,Unknown,United Kingdom,,,,0,Elite Buyers,406,2,2674.41,1337.205,81,1408,56.90234042553192,-0.17716560143548143,0.5071992685047099
14834,Unknown,United Kingdom,,,,0,Elite Buyers,406,6,2673.75,445.625,132,1108,72.26351351351352,0.46100851923717934,0.055482742360851905
13429,Unknown,United Kingdom,,,,0,Elite Buyers,483,5,2669.61,533.922,59,1060,76.27457142857143,0.7006673824668486,0.2952351611591899
13094,Unknown,United Kingdom,,,,0,Elite Buyers,822,10,2669.19,266.919,65,1206,66.72975,1.257727104171853,-0.02215580186727578
16112,Unknown,United Kingdom,,,,0,Elite Buyers,245,7,2655.54,379.36285714285714,109,1460,55.32375,0.06897025317192185,-0.6511659612621569
13990,Unknown,United Kingdom,,,,0,Elite Buyers,160,4,2653.26,663.315,108,1388,57.67956521739131,-0.20599862474634056,-0.25193011832015966
15203,Unknown,United Kingdom,,,,0,Elite Buyers,101,5,2652.16,530.432,103,1723,46.52912280701754,-0.4695153833480207,-0.8501692010649793
13552,Unknown,United Kingdom,,,,0,Elite Buyers,162,6,2650.18,441.69666666666666,86,1564,50.965,-0.13296370308967914,-0.7606282966529497
16987,Unknown,United Kingdom,,,,0,Elite Buyers,236,5,2643.18,528.636,114,1427,56.23787234042553,-0.060516288259603646,-0.37936493543304106
12556,Unknown,Spain,,,,0,Elite Buyers,266,6,2642.22,440.37,157,1249,62.91,0.14043129118445896,-0.27335152041338445
15449,Unknown,United Kingdom,,,,0,Elite Buyers,323,4,2642.09,660.5225,101,1316,60.0475,0.07686187853393411,-0.006446317869301693
16179,Unknown,United Kingdom,,,,0,Elite Buyers,2,7,2636.64,376.66285714285715,111,1541,51.69882352941176,-0.2966329701298152,-1.0156045285571134
14413,Unknown,United Kingdom,,,,0,Elite Buyers,380,6,2635.78,439.2966666666667,84,1465,53.79142857142857,0.23283387417662182,-0.42658874867045427
14970,Unknown,United Kingdom,,,,0,Elite Buyers,675,8,2631.92,328.99,94,1147,69.26105263157895,0.9674255014714082,0.05244745418807126
18222,Unknown,United Kingdom,,,,0,Elite Buyers,19,7,2620.92,374.41714285714284,107,1586,49.45132075471698,-0.3008600857194403,-1.0603028101303253
14138,Unknown,United Kingdom,,,,0,Elite Buyers,51,7,2620.66,374.38,100,1584,49.44641509433962,-0.24441482163307865,-1.0274809424601812
16025,Unknown,United Kingdom,,,,0,Elite Buyers,387,6,2613.81,435.635,99,1155,68.78447368421052,0.48218039599134777,-0.060285315005553564
15258,Unknown,United Kingdom,,,,0,Elite Buyers,20,4,2605.71,651.4275,117,1650,47.37654545454546,-0.610453848036463,-0.7145846388752393
15171,Unknown,United Kingdom,,,,0,Elite Buyers,635,2,2605.06,1302.53,80,856,89.8296551724138,0.6075805713803311,1.3769757319030502
12879,Unknown,United Kingdom,,,,1,Active Buyers,1374,2,2601.81,1300.905,100,200,371.6871428571429,1.9268482774652163,3.3398565563709615
18074,Unknown,United Kingdom,,,,0,Elite Buyers,458,3,2601.62,867.2066666666667,80,1721,45.64245614035088,-0.17917758293876995,-0.11827380099518958
17970,Unknown,United Kingdom,,,,0,Elite Buyers,472,7,2597.82,371.1171428571429,122,1015,76.4064705882353,0.7317142058561483,0.08177594254583428
14869,Unknown,United Kingdom,,,,0,Elite Buyers,185,6,2591.66,431.9433333333333,94,1629,47.9937037037037,-0.16208941621600836,-0.830799377690034
16136,Unknown,United Kingdom,,,,0,Elite Buyers,374,5,2589.58,517.916,109,1268,61.656666666666666,0.2784349905278459,-0.081958431612286
13193,Unknown,United Kingdom,,,,0,Elite Buyers,567,7,2585.36,369.33714285714285,120,1006,76.04,0.8648894161501421,0.18477229030494738
17133,Unknown,United Kingdom,,,,0,Elite Buyers,206,5,2584.59,516.918,21,1583,48.76584905660378,0.16489145633589064,-0.7046797730653966
15782,Unknown,United Kingdom,,,,0,Elite Buyers,391,5,2584.35,516.87,67,1122,69.8472972972973,0.537192644876656,0.0829531449100728
17584,Unknown,United Kingdom,,,,0,Elite Buyers,588,6,2578.83,429.805,103,1195,64.47075,0.6991737981023531,0.08667156248194377
14440,Unknown,United Kingdom,,,,0,Elite Buyers,199,4,2576.27,644.0675,71,1737,44.41844827586207,-0.34596645162019446,-0.6544700032067969
16986,Unknown,United Kingdom,,,,0,Elite Buyers,234,3,2572.8,857.6,28,1338,57.17333333333333,0.13477077377203361,-0.014908912387153667
16539,Unknown,United Kingdom,,,,0,Elite Buyers,707,8,2572.09,321.51125,92,1472,52.491632653061224,0.7488991837958621,-0.3193974042774589
15270,Unknown,United Kingdom,,,,0,Elite Buyers,215,6,2569.32,428.22,75,1578,49.41,-0.021327984380593912,-0.7636048737998387
12407,Unknown,Belgium,,,,0,Elite Buyers,335,7,2569.02,367.0028571428571,95,1333,58.386818181818185,0.3542515455472921,-0.4647141953343149
14681,Unknown,United Kingdom,,,,0,Elite Buyers,246,2,2565.57,1282.785,57,1241,62.57487804878049,-0.10862985139770881,0.45420044734881004
12584,Unknown,Italy,,,,0,Elite Buyers,106,11,2564.38,233.12545454545455,94,1627,47.48851851851852,0.004391407831098704,-1.377137804981343
15172,Unknown,United Kingdom,,,,0,Elite Buyers,160,6,2561.6,426.93333333333334,107,1654,46.57454545454546,-0.2328381773667597,-0.8955566448467112
17761,Unknown,United Kingdom,,,,0,Elite Buyers,66,7,2554.56,364.9371428571429,90,1568,49.12615384615385,-0.16469947299037085,-1.0300837372956366
14608,Unknown,United Kingdom,,,,0,Elite Buyers,580,7,2538.52,362.6457142857143,69,1265,60.44095238095238,0.7975456534759597,-0.15578404158516512
12944,Unknown,United Kingdom,,,,0,Elite Buyers,566,3,2538.22,846.0733333333334,77,1159,65.0825641025641,0.4840180097414757,0.5841451333614582
15597,Unknown,United Kingdom,,,,0,Elite Buyers,373,6,2537.6,422.93333333333334,96,1352,56.39111111111111,0.3296119960468924,-0.35063306375451997
13817,Unknown,Germany,,,,0,Elite Buyers,399,5,2536.5,507.3,74,1143,66.75,0.5252767526730286,0.04247014414340336
13806,Unknown,United Kingdom,,,,0,Elite Buyers,30,4,2533.23,633.3075,61,1605,47.79679245283019,-0.38526204816962856,-0.7221767167640937
15625,Unknown,United Kingdom,,,,1,Active Buyers,1241,3,2531.63,843.8766666666667,75,577,133.2436842105263,1.7953129784606987,2.0965453096239304
13517,Unknown,United Kingdom,,,,0,Elite Buyers,183,4,2529.41,632.3525,112,1329,57.48659090909091,-0.08866804544454171,-0.2232112624582033
17181,Unknown,United Kingdom,,,,0,Elite Buyers,453,2,2528.44,1264.22,82,1726,44.35859649122807,-0.3538896079701462,0.140432280991685
14570,Unknown,United Kingdom,,,,0,Elite Buyers,226,4,2526.64,631.66,114,1507,50.5328,-0.19620943319474582,-0.37707644130186013
15223,Unknown,United Kingdom,,,,0,Elite Buyers,120,6,2522.77,420.46166666666664,79,1612,47.59943396226415,-0.16240548445563352,-0.9248416489318952
15454,Unknown,United Kingdom,,,,0,Elite Buyers,738,4,2522.67,630.6675,85,1107,68.18027027027027,0.8490130636348305,0.6168344475869181
13837,Unknown,United Kingdom,,,,0,Elite Buyers,87,3,2521.78,840.5933333333334,101,1400,53.65489361702128,-0.36774508143625206,-0.20734624641308486
13233,Unknown,United Kingdom,,,,0,Elite Buyers,764,5,2519.18,503.836,84,880,86.86827586206897,1.1718930381382113,0.7662595523383147
14737,Unknown,United Kingdom,,,,0,Elite Buyers,105,3,2515.31,838.4366666666666,67,1654,45.73290909090909,-0.4779985005686357,-0.48613821206743624
15815,Unknown,United Kingdom,,,,0,Elite Buyers,314,6,2515.25,419.2083333333333,57,1321,57.16477272727273,0.4106368452263792,-0.4177687730578231
14229,Unknown,United Kingdom,,,,0,Elite Buyers,275,7,2514.53,359.2185714285714,89,1277,59.8697619047619,0.3647547043258542,-0.49667125882441576
14836,Unknown,United Kingdom,,,,0,Elite Buyers,133,4,2511.04,627.76,82,1439,52.31333333333333,-0.16858574112434932,-0.4299645607954683
15308,Unknown,United Kingdom,,,,0,Elite Buyers,391,6,2510.58,418.43,102,1159,64.37384615384616,0.5179571193384218,-0.12388445228381782
16583,Unknown,United Kingdom,,,,0,Elite Buyers,544,7,2509.66,358.52285714285716,112,1635,46.47518518518518,0.32675616002716357,-0.5955341483586543
12824,Unknown,United Kingdom,,,,0,Elite Buyers,771,3,2499.83,833.2766666666666,57,741,99.9932,1.1684915557699733,1.3032515758655674
15097,Unknown,United Kingdom,,,,0,Elite Buyers,57,8,2498.69,312.33625,107,1637,46.27203703703704,-0.20050252978932276,-1.2324563919293536
16688,Unknown,United Kingdom,,,,0,Elite Buyers,730,5,2498.29,499.658,74,872,86.14793103448275,1.1745818230013356,0.718195182612845
15456,Unknown,United Kingdom,,,,0,Elite Buyers,98,6,2491.59,415.265,124,1725,43.712105263157895,-0.38009501904533916,-1.0662970804588237
13570,Unknown,United Kingdom,,,,0,Elite Buyers,679,6,2487.41,414.5683333333333,110,870,85.77275862068966,1.1063284288415927,0.542880028723811
14326,Unknown,United Kingdom,,,,0,Elite Buyers,233,3,2487.33,829.11,105,1285,57.844883720930234,-0.08413856011250087,0.06610375343334327
14854,Unknown,United Kingdom,,,,0,Elite Buyers,163,7,2479.61,354.23,85,1659,45.08381818181818,-0.08629639714983206,-1.0664324698200156
14765,Unknown,United Kingdom,,,,0,Elite Buyers,26,4,2476.66,619.165,105,1516,49.5332,-0.41177060620051076,-0.6327218964897964
13673,Unknown,United Kingdom,,,,0,Elite Buyers,467,5,2473.44,494.688,138,1167,63.42153846153846,0.4714513426940148,0.08230988697450517
12849,Unknown,United Kingdom,,,,0,Elite Buyers,603,3,2466.39,822.13,42,1000,74.7390909090909,0.8266331399496794,0.7565061923232137
12654,Unknown,Germany,,,,0,Elite Buyers,227,3,2448.92,816.3066666666666,100,1557,47.09461538461539,-0.30637876779162876,-0.2672203133889921
17974,Unknown,United Kingdom,,,,0,Elite Buyers,798,6,2448.24,408.04,101,933,78.97548387096774,1.233209248896698,0.5658850655732904
12716,Unknown,France,,,,0,Elite Buyers,492,4,2444.16,611.04,93,1171,62.67076923076923,0.5024397270824144,0.23649856401379118
14738,Unknown,United Kingdom,,,,0,Elite Buyers,185,6,2443.17,407.195,114,1480,49.86061224489796,-0.01673525527955999,-0.7384994206790045
14735,Unknown,United Kingdom,,,,0,Elite Buyers,176,8,2442.74,305.3425,92,1641,45.235925925925926,-0.003195228991703214,-1.1450112999739468
17955,Unknown,United Kingdom,,,,0,Elite Buyers,31,7,2441.82,348.83142857142855,92,1700,43.60392857142857,-0.2884555685674723,-1.2676890387768516
17158,Unknown,United Kingdom,,,,0,Elite Buyers,182,5,2441.3,488.26,98,1452,50.860416666666666,-0.0382877763710443,-0.5832532198940631
14127,Unknown,United Kingdom,,,,0,Elite Buyers,309,6,2440.5,406.75,127,1484,49.80612244897959,0.10758557276451008,-0.6033275454381392
17595,Unknown,United Kingdom,,,,0,Elite Buyers,308,6,2438.64,406.44,133,1476,49.76816326530612,0.10437445629428088,-0.5966155779902812
14960,Unknown,United Kingdom,,,,0,Elite Buyers,563,5,2438.43,487.686,95,1251,58.057857142857145,0.6143705245686806,0.04798575949067982
14128,Unknown,United Kingdom,,,,0,Elite Buyers,407,7,2437.56,348.22285714285715,104,1136,64.14631578947369,0.6451753558210764,-0.2301495580208967
14898,Unknown,United Kingdom,,,,0,Elite Buyers,581,4,2436.76,609.19,77,1539,47.779607843137256,0.3323043119350698,-0.09553421445717286
15839,Unknown,United Kingdom,,,,0,Elite Buyers,58,5,2436.61,487.322,95,1606,45.97377358490566,-0.31836788319934306,-0.8898666200659503
13954,Unknown,United Kingdom,,,,0,Elite Buyers,409,4,2434.43,608.6075,122,1193,60.86075,0.32510945615234144,0.1257911600956941
13721,Unknown,United Kingdom,,,,0,Elite Buyers,34,7,2434.15,347.73571428571427,123,1722,42.704385964912284,-0.36666151914587053,-1.2796684197094228
14407,Unknown,United Kingdom,,,,0,Elite Buyers,117,4,2433.31,608.3275,73,1494,48.6662,-0.18037196398504662,-0.5583037329109343
15950,Unknown,United Kingdom,,,,0,Elite Buyers,229,5,2432.29,486.458,78,1374,52.87586956521739,0.14465855321375165,-0.46689719281095343
16954,Unknown,United Kingdom,,,,0,Elite Buyers,203,9,2430.52,270.0577777777778,88,1580,46.74076923076923,0.1478246065549721,-1.1458696488383118
15300,Unknown,United Kingdom,,,,0,Elite Buyers,570,6,2430.19,405.0316666666667,101,1095,67.50527777777778,0.8225045342878896,0.11198482413310903
17791,Unknown,United Kingdom,,,,0,Elite Buyers,79,6,2419.14,403.19,73,1463,49.37020408163265,-0.019829794246076005,-0.8753704757467272
16633,Unknown,United Kingdom,,,,0,Elite Buyers,223,5,2414.93,482.986,87,1263,57.498333333333335,0.21619503809905238,-0.34822265679201647
13310,Unknown,United Kingdom,,,,0,Elite Buyers,135,6,2414.03,402.3383333333333,73,1376,52.47891304347826,0.12738223233025459,-0.7195294423525412
12589,Unknown,France,,,,0,Elite Buyers,145,3,2407.27,802.4233333333333,76,1366,53.49488888888889,-0.16056179752802802,-0.17567486924062836
15716,Unknown,United Kingdom,,,,0,Elite Buyers,153,8,2404.15,300.51875,99,1906,38.16111111111111,-0.27103986168546174,-1.4696996419992523
14075,Unknown,United Kingdom,,,,0,Elite Buyers,895,3,2399.59,799.8633333333333,82,799,88.8737037037037,1.2303913984135102,1.3193680666903995
16711,Unknown,United Kingdom,,,,0,Elite Buyers,377,6,2394.36,399.06,71,1286,55.68279069767442,0.5164129167786349,-0.36727432884384553
16302,Unknown,United Kingdom,,,,0,Elite Buyers,941,4,2389.41,597.3525,74,757,95.5764,1.4723561505757545,1.210367141126632
14808,Unknown,United Kingdom,,,,0,Elite Buyers,79,5,2386.96,477.392,80,1467,48.713469387755104,-0.10903348714292294,-0.756856439540782
16895,Unknown,United Kingdom,,,,0,Elite Buyers,37,9,2382.88,264.76444444444445,146,1628,44.12740740740741,-0.19280814793612844,-1.3827764854501512
14321,Unknown,United Kingdom,,,,0,Elite Buyers,62,5,2382.02,476.404,120,1490,48.61265306122449,-0.241698994223983,-0.7765904385159531
15886,Unknown,United Kingdom,,,,0,Elite Buyers,733,5,2378.39,475.678,95,810,88.08851851851851,1.2203427136173162,0.748102378546296
18099,Unknown,United Kingdom,,,,0,Elite Buyers,362,4,2377.18,594.295,97,1366,52.82622222222222,0.18872425881666255,-0.16070204361127932
13045,Unknown,United Kingdom,,,,0,Elite Buyers,854,5,2376.97,475.394,97,963,74.2803125,1.2362537150732082,0.6815801282263104
16206,Unknown,United Kingdom,,,,0,Elite Buyers,191,3,2372.0,790.6666666666666,80,1446,49.416666666666664,-0.17160647046903804,-0.2362039141309848
15922,Unknown,United Kingdom,,,,0,Elite Buyers,492,4,2370.49,592.6225,73,1687,42.33017857142857,0.12958991667857844,-0.39289536392900376
14948,Unknown,United Kingdom,,,,0,Elite Buyers,929,5,2370.31,474.062,74,857,81.73482758620689,1.482557570534068,0.8744393954064225
13475,Unknown,United Kingdom,,,,0,Elite Buyers,660,8,2365.41,295.67625,89,1160,60.651538461538465,1.0536792257475065,-0.13394140342945932
15193,Unknown,United Kingdom,,,,0,Elite Buyers,9,7,2363.95,337.70714285714286,115,1534,46.351960784313725,-0.1852947471409041,-1.1492411155720097
14177,Unknown,United Kingdom,,,,0,Elite Buyers,122,4,2358.97,589.7425,109,1575,45.36480769230769,-0.3089168180398319,-0.6579289288820512
14195,Unknown,United Kingdom,,,,0,Elite Buyers,876,2,2357.79,1178.895,33,946,73.6809375,1.12018497553859,1.342361940586497
15987,Unknown,United Kingdom,,,,0,Elite Buyers,595,5,2346.21,469.242,78,1433,48.879375,0.5743806017283954,-0.18530629156942277
14050,Unknown,United Kingdom,,,,0,Elite Buyers,160,5,2344.37,468.874,89,1443,48.84104166666667,0.0038992325510115444,-0.6598136034408937
15568,Unknown,United Kingdom,,,,0,Elite Buyers,314,3,2343.81,781.27,116,1319,53.26840909090909,0.018866090107929168,0.04029095174259631
17317,Unknown,United Kingdom,,,,0,Elite Buyers,834,3,2342.51,780.8366666666667,20,679,101.84826086956522,1.5895325132194076,1.3179443668958686
16159,Unknown,United Kingdom,,,,0,Elite Buyers,281,6,2340.79,390.13166666666666,120,1483,47.77122448979592,0.1269107660465454,-0.6925578523611206
16086,Unknown,United Kingdom,,,,0,Elite Buyers,90,9,2339.79,259.9766666666667,90,1908,37.13952380952381,-0.25403620895759066,-1.6682561439004224
13419,Unknown,United Kingdom,,,,0,Elite Buyers,44,6,2329.45,388.2416666666667,94,1591,43.95188679245283,-0.19825834914473173,-1.0900551374050043
13431,Unknown,United Kingdom,,,,0,Elite Buyers,832,5,2317.44,463.488,72,925,74.75612903225806,1.3337788351834132,0.6528534904687221
15443,Unknown,United Kingdom,,,,0,Elite Buyers,30,9,2315.34,257.26,124,1572,44.52576923076923,-0.08724287480929899,-1.375912901839903
15103,Unknown,United Kingdom,,,,0,Elite Buyers,514,6,2314.98,385.83,84,1089,64.305,0.8477749460918742,-0.019359485904487272
16356,Unknown,United Kingdom,,,,0,Elite Buyers,670,4,2314.29,578.5725,100,972,72.3215625,0.924879984587138,0.6060051531637207
14355,Unknown,United Kingdom,,,,0,Elite Buyers,546,4,2313.62,578.405,123,1390,50.29608695652174,0.3651723046055496,-0.015146692187961525
16807,Unknown,United Kingdom,,,,0,Elite Buyers,743,4,2313.58,578.395,91,866,79.77862068965517,1.1266104474026857,0.8088933362847224
16034,Unknown,United Kingdom,,,,0,Elite Buyers,426,3,2313.04,771.0133333333333,68,1095,64.25111111111111,0.48196074857939886,0.38581793497498595
17180,Unknown,United Kingdom,,,,0,Elite Buyers,80,4,2311.14,577.785,144,1408,49.1731914893617,-0.2540957065226344,-0.5380843613527407
13581,Unknown,United Kingdom,,,,0,Elite Buyers,171,4,2309.15,577.2875,79,1594,43.5688679245283,-0.17212706346948392,-0.6735649806242737
14555,Unknown,United Kingdom,,,,0,Elite Buyers,206,4,2305.9,576.475,70,1345,51.242222222222225,0.1209199696257135,-0.3706035177604623
12594,Unknown,Italy,,,,0,Elite Buyers,140,7,2304.58,329.2257142857143,85,1644,41.90145454545455,-0.030182064438956435,-1.1787827869729357
17508,Unknown,Greece,,,,0,Elite Buyers,227,8,2302.68,287.835,107,1506,46.0536,0.20282648633110445,-1.0195685548052578
12820,Unknown,United Kingdom,,,,0,Elite Buyers,245,6,2301.01,383.50166666666667,87,1418,48.95765957446808,0.22990471278897562,-0.7002349227583576
15944,Unknown,United Kingdom,,,,0,Elite Buyers,412,3,2290.41,763.47,61,1199,57.26025,0.41046615801143593,0.22176644943519044
14352,Unknown,United Kingdom,,,,1,Active Buyers,1080,3,2284.95,761.65,80,619,108.80714285714286,1.6531509986903683,1.7072312496560023
14350,Unknown,United Kingdom,,,,0,Elite Buyers,190,5,2283.8,456.76,63,1360,50.75111111111111,0.2160486334210846,-0.5848837701615721
14528,Unknown,United Kingdom,,,,0,Elite Buyers,684,4,2282.56,570.64,94,1100,61.69081081081081,0.8624786963391846,0.43244552815652515
12593,Unknown,France,,,,1,Active Buyers,1022,5,2282.47,456.494,92,765,87.78730769230769,1.6592394551470404,1.0567193714747727
12659,Unknown,France,,,,0,Elite Buyers,406,2,2280.67,1140.335,84,1136,60.017631578947366,0.20470533594335905,0.6045810775492269
15530,Unknown,United Kingdom,,,,0,Elite Buyers,262,9,2277.45,253.05,140,1379,49.50978260869565,0.3569203142524108,-0.9308712189915522
15920,Unknown,United Kingdom,,,,0,Elite Buyers,9,6,2274.63,379.105,116,1598,42.91754716981132,-0.27267605225043634,-1.1556209551889065
13187,Unknown,United Kingdom,,,,0,Elite Buyers,248,8,2273.54,284.1925,119,1426,48.3731914893617,0.2867061575759303,-0.9171302151389515
14126,Unknown,United Kingdom,,,,0,Elite Buyers,349,3,2268.76,756.2533333333333,90,1434,47.26583333333333,0.049032851264356414,-0.10981290022896975
12778,Unknown,Netherlands,,,,0,Elite Buyers,863,5,2267.94,453.588,95,772,87.22846153846154,1.456932034534534,0.8714131271902112
16503,Unknown,United Kingdom,,,,0,Elite Buyers,349,4,2265.47,566.3675,69,1229,55.25536585365854,0.41710895139113,-0.10586184157028655
13524,Unknown,United Kingdom,,,,0,Elite Buyers,72,5,2263.49,452.698,74,1659,41.154363636363634,-0.22161100783187976,-1.046519082314772
17173,Unknown,United Kingdom,,,,0,Elite Buyers,239,6,2256.76,376.12666666666667,68,1485,46.056326530612246,0.23666264421547245,-0.8179182018091156
15918,Unknown,United Kingdom,,,,0,Elite Buyers,793,3,2253.87,751.29,93,996,68.2990909090909,0.9702808150842437,0.8822928280057079
15622,Unknown,United Kingdom,,,,0,Elite Buyers,304,4,2251.46,562.865,85,1488,45.94816326530612,0.09142086637202995,-0.44017725928808465
16351,Unknown,United Kingdom,,,,0,Elite Buyers,226,3,2250.56,750.1866666666666,43,1295,52.33860465116279,0.19373951969201475,-0.1305420580736782
13168,Unknown,United Kingdom,,,,0,Elite Buyers,610,4,2246.88,561.72,96,1146,59.12842105263158,0.7409280080325469,0.2827730919123721
15488,Unknown,United Kingdom,,,,0,Elite Buyers,302,3,2236.42,745.4733333333334,86,1303,52.00976744186047,0.1293252944594383,-0.02877246223658969
13539,Unknown,United Kingdom,,,,0,Elite Buyers,219,5,2235.5,447.1,70,1546,43.833333333333336,0.082938802317995,-0.7824402483791567
13504,Unknown,United Kingdom,,,,0,Elite Buyers,71,5,2234.04,446.808,91,1594,42.151698113207544,-0.1984400497629228,-0.9863265095365588
17004,Unknown,United Kingdom,,,,1,Active Buyers,1169,2,2230.77,1115.385,68,436,148.718,1.7730685364832386,2.3636013547762538
17031,Unknown,United Kingdom,,,,0,Elite Buyers,50,6,2230.23,371.705,84,1557,42.88903846153846,-0.09341248671048202,-1.1125705020750594
17456,Unknown,United Kingdom,,,,0,Elite Buyers,65,6,2228.32,371.38666666666666,120,1871,35.94064516129032,-0.4380724067915357,-1.4104761419296001
15730,Unknown,United Kingdom,,,,0,Elite Buyers,436,7,2226.62,318.0885714285714,106,1260,53.014761904761905,0.6544249705276182,-0.46518621004430905
18130,Unknown,United Kingdom,,,,0,Elite Buyers,241,8,2223.77,277.97125,118,1270,52.94690476190476,0.43882958476216616,-0.7799605047255856
17666,Unknown,United Kingdom,,,,0,Elite Buyers,34,6,2221.29,370.215,75,1662,40.38709090909091,-0.1786176170235303,-1.2505559442269554
14012,Unknown,United Kingdom,,,,0,Elite Buyers,533,5,2220.36,444.072,76,1109,60.00972972972973,0.8397913860944677,0.046679195709283666
14837,Unknown,United Kingdom,,,,0,Elite Buyers,387,6,2215.06,369.1766666666667,82,1126,58.29105263157895,0.7106020437260883,-0.27190201546539117
12963,Unknown,United Kingdom,,,,0,Elite Buyers,264,5,2211.75,442.35,88,1672,40.21363636363636,-0.01649850547956222,-0.8716619065187551
13270,Unknown,United Kingdom,,,,0,Elite Buyers,848,2,2210.11,1105.055,30,1119,59.7327027027027,1.0185746044438029,1.0154903541656868
12650,Unknown,France,,,,0,Elite Buyers,233,4,2208.85,552.2125,81,1430,46.01770833333333,0.0874004009414856,-0.4895431234291565
17503,Unknown,United Kingdom,,,,0,Elite Buyers,59,7,2207.12,315.30285714285714,109,1756,38.05379310344828,-0.24638979897743207,-1.4268992684109947
16400,Unknown,United Kingdom,,,,0,Elite Buyers,15,5,2202.3,440.46,92,1651,40.04181818181818,-0.30654448595269146,-1.1282561257233972
15315,Unknown,United Kingdom,,,,0,Elite Buyers,677,5,2198.13,439.626,95,988,66.61,1.0786401201870224,0.3481152838547208
17552,Unknown,United Kingdom,,,,0,Elite Buyers,408,7,2189.52,312.7885714285714,111,1740,37.750344827586204,0.19926135596420025,-1.045246485562395
18120,Unknown,United Kingdom,,,,0,Elite Buyers,332,6,2184.43,364.07166666666666,103,1246,53.27878048780488,0.4980133240106297,-0.46956540199527663
12967,Unknown,United Kingdom,,,,0,Elite Buyers,41,5,2180.31,436.062,54,2079,31.598695652173912,-0.5329380156050533,-1.5854298704643595
14149,Unknown,United Kingdom,,,,0,Elite Buyers,44,5,2177.9,435.58,102,1718,38.208771929824564,-0.3444327089735039,-1.1766178892801913
12877,Unknown,United Kingdom,,,,0,Elite Buyers,98,10,2176.85,217.685,121,1724,38.190350877192984,-0.0329911133444758,-1.6279033384046337
14270,Unknown,United Kingdom,,,,0,Elite Buyers,240,6,2171.52,361.92,108,1251,51.70285714285714,0.3784745710790014,-0.5894719050117567
13497,Unknown,United Kingdom,,,,0,Elite Buyers,33,5,2169.5,433.9,77,1995,32.871212121212125,-0.5416332337931324,-1.4959066670952
17501,Unknown,United Kingdom,,,,0,Elite Buyers,660,4,2165.45,541.3625,53,1102,58.52567567567568,1.0103738715460078,0.3043685619089086
13860,Unknown,United Kingdom,,,,0,Elite Buyers,167,7,2164.84,309.2628571428571,106,1435,45.100833333333334,0.19876223677241123,-0.995100859441309
13369,Unknown,United Kingdom,,,,0,Elite Buyers,785,3,2157.91,719.3033333333333,64,1151,56.7871052631579,0.9529218680161888,0.608598385480158
16229,Unknown,United Kingdom,,,,0,Elite Buyers,793,3,2150.02,716.6733333333333,52,724,89.58416666666666,1.371501446381586,1.147907517025396
13731,Unknown,United Kingdom,,,,0,Elite Buyers,315,6,2148.91,358.15166666666664,101,1416,45.721489361702126,0.3488766426313925,-0.7083514057508823
14710,Unknown,United Kingdom,,,,0,Elite Buyers,34,5,2146.77,429.354,125,1478,43.811632653061224,-0.17446357429909576,-0.9367749952856604
15520,Unknown,United Kingdom,,,,0,Elite Buyers,73,6,2140.21,356.70166666666665,104,1529,41.96490196078432,-0.049469588417491384,-1.1019054620222866
13397,Unknown,United Kingdom,,,,0,Elite Buyers,244,5,2137.67,427.534,40,1491,42.7534,0.3323587820920141,-0.790703292410754
15762,Unknown,United Kingdom,,,,1,Active Buyers,1091,5,2137.63,427.526,90,605,106.8815,1.9347368532222848,1.2846836833007147
18062,Unknown,United Kingdom,,,,0,Elite Buyers,19,6,2129.09,354.84833333333336,87,1743,36.70844827586207,-0.2622057715903136,-1.4057020154225603
12735,Unknown,France,,,,0,Elite Buyers,881,4,2126.9,531.725,71,793,78.77407407407408,1.493708336840899,0.921584197865879
14016,Unknown,EIRE,,,,0,Elite Buyers,252,7,2125.04,303.57714285714286,99,1567,40.86615384615384,0.21746526790761278,-1.0733178701346917
12649,Unknown,Germany,,,,0,Elite Buyers,324,6,2124.08,354.0133333333333,85,1193,53.102,0.6066773662191951,-0.472241118163579
13989,Unknown,United Kingdom,,,,0,Elite Buyers,310,5,2122.53,424.506,89,1386,46.14195652173913,0.33216349587597527,-0.5678609466386745
13809,Unknown,Cyprus,,,,0,Elite Buyers,9,5,2121.09,424.218,103,1634,39.279444444444444,-0.2893080365736615,-1.1585618418230188
16625,Unknown,United Kingdom,,,,0,Elite Buyers,236,8,2116.5,264.5625,111,1314,48.10227272727273,0.4565424402757834,-0.9115569047081128
15722,Unknown,United Kingdom,,,,0,Elite Buyers,14,5,2114.71,422.942,76,1711,37.100175438596494,-0.2798934570470446,-1.2581966414376315
16091,Unknown,United Kingdom,,,,0,Elite Buyers,30,3,2114.0,704.6666666666666,41,1577,40.65384615384615,-0.2260812158163646,-0.7419076207823386
13136,Unknown,United Kingdom,,,,1,Active Buyers,978,5,2113.75,422.75,115,539,117.43055555555556,1.803226764579568,1.2584114221041658
15550,Unknown,United Kingdom,,,,0,Elite Buyers,237,8,2111.91,263.98875,97,1457,43.998125,0.36217733679206865,-1.073927272794601
16043,Unknown,United Kingdom,,,,0,Elite Buyers,820,6,2109.28,351.5466666666667,97,964,65.915,1.3851166890949012,0.3453602463066203
13226,Unknown,United Kingdom,,,,0,Elite Buyers,106,6,2109.21,351.535,97,1413,44.8768085106383,0.12316495257529769,-0.9600309731490255
15855,Unknown,United Kingdom,,,,0,Elite Buyers,188,7,2107.72,301.10285714285715,96,1389,45.82,0.3117998783968019,-0.9579918080079791
15766,Unknown,United Kingdom,,,,0,Elite Buyers,91,3,2106.3,702.1,70,1574,40.50576923076923,-0.26495626664823363,-0.6517330397711277
17669,Unknown,United Kingdom,,,,0,Elite Buyers,146,6,2104.5,350.75,86,1586,39.70754716981132,0.04807879112806002,-1.1179691629439499
13652,Unknown,United Kingdom,,,,0,Elite Buyers,456,5,2103.29,420.658,79,1572,40.447884615384616,0.38063807693703233,-0.6317767681902099
15745,Unknown,United Kingdom,,,,0,Elite Buyers,894,2,2098.55,1049.275,35,770,80.71346153846154,1.3860295229452393,1.4385489619840746
15326,Unknown,United Kingdom,,,,0,Elite Buyers,57,5,2089.62,417.924,83,1495,41.7924,-0.042171979716535635,-0.9915206391519914
14450,Unknown,United Kingdom,,,,0,Elite Buyers,16,6,2086.98,347.83,86,1533,40.921176470588236,-0.05611711839610911,-1.2107666185498425
15611,Unknown,United Kingdom,,,,0,Elite Buyers,231,6,2086.76,347.79333333333335,77,1589,39.372830188679245,0.18207535410146258,-1.0452402075007396
16955,Unknown,United Kingdom,,,,0,Elite Buyers,62,9,2084.73,231.63666666666666,89,2117,29.78185714285714,-0.365927332323783,-2.070856480016677
17492,Unknown,United Kingdom,,,,0,Elite Buyers,149,3,2079.92,693.3066666666666,71,1553,39.99846153846154,-0.16491065256201964,-0.5881506485997793
15811,Unknown,United Kingdom,,,,0,Elite Buyers,222,5,2078.15,415.63,92,1714,36.458771929824564,-0.0549944312899211,-1.0491837439434455
13561,Unknown,United Kingdom,,,,0,Elite Buyers,273,6,2070.63,345.105,89,1336,47.05977272727273,0.431097010852466,-0.7173561770715456
13159,Unknown,United Kingdom,,,,0,Elite Buyers,100,5,2067.48,413.496,86,1714,36.27157894736842,-0.1840193648888453,-1.1918932214186795
17368,Unknown,United Kingdom,,,,0,Elite Buyers,296,8,2064.17,258.02125,96,1378,44.873260869565215,0.5298498042657365,-0.9589779835669482
15364,Unknown,United Kingdom,,,,0,Elite Buyers,45,4,2061.13,515.2825,69,1652,37.47509090909091,-0.23919394449649234,-1.0347132515175306
17874,Unknown,United Kingdom,,,,0,Elite Buyers,371,3,2060.71,686.9033333333333,80,1268,49.06452380952381,0.3391214882304874,-0.030501757159508563
15344,Unknown,United Kingdom,,,,0,Elite Buyers,766,3,2059.6,686.5333333333333,80,868,71.02068965517242,1.1658149066002585,0.8823360222842005
17930,Unknown,United Kingdom,,,,0,Elite Buyers,754,5,2056.69,411.338,64,971,64.2715625,1.3380148756302512,0.348268359086201
13993,Unknown,United Kingdom,,,,0,Elite Buyers,267,5,2054.56,410.912,47,1398,44.66434782608696,0.4424717905033473,-0.7003715225068637
15027,Unknown,United Kingdom,,,,1,Active Buyers,953,5,2048.66,409.732,68,778,78.79461538461538,1.7335425896412948,0.8085542868053492
13782,Unknown,United Kingdom,,,,0,Elite Buyers,84,5,2048.56,409.712,88,1701,36.581428571428575,-0.18950441767931575,-1.2024799721456714
14111,Unknown,United Kingdom,,,,0,Elite Buyers,430,5,2048.06,409.612,89,1267,48.763333333333335,0.6173400843552443,-0.3504324427788159
13662,Unknown,United Kingdom,,,,0,Elite Buyers,89,3,2045.93,681.9766666666667,57,1428,43.530425531914894,-0.06411902612386755,-0.5415915104416319
18261,Unknown,United Kingdom,,,,0,Elite Buyers,208,6,2045.66,340.9433333333333,75,1489,41.748163265306125,0.26638487674989497,-0.9836040273771194
13461,Unknown,United Kingdom,,,,0,Elite Buyers,929,4,2044.38,511.095,79,886,68.146,1.4885986401851006,0.8037340308604621
16926,Unknown,United Kingdom,,,,0,Elite Buyers,586,3,2039.74,679.9133333333333,77,1534,39.99490196078431,0.3857644924231396,-0.112858132830089
15062,Unknown,United Kingdom,,,,0,Elite Buyers,556,4,2038.06,509.515,87,1114,55.082702702702704,0.8179770081251101,0.12374285843869567
15373,Unknown,United Kingdom,,,,0,Elite Buyers,462,5,2037.57,407.514,83,1658,37.046727272727274,0.3304280346883359,-0.7599618101117771
17654,Unknown,United Kingdom,,,,0,Elite Buyers,80,5,2034.87,406.974,95,1562,39.13211538461538,-0.07947127127925457,-1.067278709062292
14406,Unknown,United Kingdom,,,,0,Elite Buyers,311,5,2033.6,406.72,79,1173,52.14358974358974,0.5877174659339321,-0.38676922371235256
14045,Unknown,United Kingdom,,,,0,Elite Buyers,66,3,2033.07,677.69,22,2113,29.043857142857142,-0.49136489049385546,-1.349389387891347
16924,Unknown,United Kingdom,,,,0,Elite Buyers,107,5,2025.48,405.096,67,1558,38.95153846153846,0.04051966043679622,-1.0584443782043393
15981,Unknown,United Kingdom,,,,0,Elite Buyers,731,6,2024.42,337.4033333333333,68,1093,56.23388888888889,1.2846373281642811,0.0193309708754065
17987,Unknown,United Kingdom,,,,0,Elite Buyers,413,5,2021.48,404.296,83,1226,49.30439024390244,0.6615865390570501,-0.34642343272221987
15948,Unknown,United Kingdom,,,,0,Elite Buyers,93,6,2018.74,336.45666666666665,88,1721,35.41649122807018,-0.10440418782651001,-1.3718647729568234
13173,Unknown,United Kingdom,,,,0,Elite Buyers,24,7,2018.71,288.38714285714286,114,1974,31.057076923076924,-0.4120548179304887,-1.8098556024172066
16774,Unknown,United Kingdom,,,,0,Elite Buyers,647,5,2015.75,403.15,90,1110,54.479729729729726,1.0322342090756658,0.0461241331113135
16471,Unknown,United Kingdom,,,,0,Elite Buyers,15,5,2011.48,402.296,75,1535,39.44078431372549,-0.07075416737247037,-1.135040907747657
18202,Unknown,United Kingdom,,,,0,Elite Buyers,495,2,2011.15,1005.575,85,1329,45.70795454545455,0.26136776852917676,0.31001020415124636
12638,Unknown,Sweden,,,,0,Elite Buyers,770,5,2009.35,401.87,102,894,66.97833333333334,1.3415775770628964,0.4476332173459746
16754,Unknown,United Kingdom,,,,1,Active Buyers,2148,1,2002.4,2002.4,2,0,2002.4,3.54908656313307,5.183837334240625
17692,Unknown,United Kingdom,,,,0,Elite Buyers,121,6,2002.1,333.68333333333334,75,1607,37.77547169811321,0.07554027642388994,-1.2368647931945937
17234,Unknown,United Kingdom,,,,0,Elite Buyers,230,4,2001.99,500.4975,55,1317,45.49977272727273,0.3636087238327351,-0.5167240559985997
16201,Unknown,United Kingdom,,,,0,Elite Buyers,42,4,2001.46,500.365,94,1621,37.06407407407407,-0.2567313159824351,-1.0294228415516362
14420,Unknown,United Kingdom,,,,0,Elite Buyers,295,7,1997.16,285.30857142857144,85,1522,39.16,0.40480062016015583,-1.0737323892968096
15473,Unknown,United Kingdom,,,,0,Elite Buyers,516,4,1994.15,498.5375,31,1027,58.65147058823529,1.0949333489095086,0.10673661938643533
14584,Unknown,United Kingdom,,,,0,Elite Buyers,26,8,1993.83,249.22875,107,1551,39.09470588235294,0.05296135670269031,-1.4786103590569357
16616,Unknown,United Kingdom,,,,0,Elite Buyers,988,2,1990.96,995.48,75,711,82.95666666666666,1.4282419063203915,1.5889472976948993
17353,Unknown,United Kingdom,,,,0,Elite Buyers,274,3,1989.22,663.0733333333334,13,1513,39.7844,0.43827856471576987,-0.54667731743263
14289,Unknown,United Kingdom,,,,0,Elite Buyers,345,5,1989.09,397.818,72,1469,40.59367346938775,0.41170401932407596,-0.7234879662780044
12461,Unknown,Switzerland,,,,0,Elite Buyers,171,5,1988.45,397.69,98,1495,39.769,0.1069653084794775,-0.9270838971678388
16882,Unknown,United Kingdom,,,,0,Elite Buyers,290,3,1981.4,660.4666666666667,83,1436,41.27916666666667,0.12235329263892358,-0.36399017874434075
13037,Unknown,United Kingdom,,,,0,Elite Buyers,26,4,1980.9,495.225,76,1705,34.752631578947366,-0.2934670063076866,-1.162875488289661
18040,Unknown,United Kingdom,,,,0,Elite Buyers,106,4,1979.78,494.945,45,1504,39.5956,0.10161094102801893,-0.8833325668620153
17242,Unknown,United Kingdom,,,,0,Elite Buyers,91,4,1978.98,494.745,84,1395,43.02130434782609,0.03920018318748841,-0.7447294167663213
12350,Unknown,Norway,,,,0,Elite Buyers,573,5,1978.19,395.638,74,1220,48.248536585365855,0.9094917843037316,-0.20318795964086533
16239,Unknown,United Kingdom,,,,0,Elite Buyers,591,6,1974.86,329.1433333333333,88,1170,50.6374358974359,1.013941024781979,-0.25052897033093724
18236,Unknown,United Kingdom,,,,0,Elite Buyers,439,7,1954.67,279.23857142857145,94,1348,43.43711111111111,0.7322747358925641,-0.746544177692957
13802,Unknown,United Kingdom,,,,0,Elite Buyers,778,3,1952.72,650.9066666666666,60,1046,55.792,1.1460603487236667,0.5823501775415834
15609,Unknown,United Kingdom,,,,0,Elite Buyers,66,3,1952.12,650.7066666666667,74,1542,38.276862745098036,-0.2068963346602518,-0.7451986923040173
15800,Unknown,United Kingdom,,,,0,Elite Buyers,105,4,1948.95,487.2375,88,1536,38.21470588235294,-0.06394226538746428,-0.906940001899109
15970,Unknown,United Kingdom,,,,0,Elite Buyers,759,2,1947.12,973.56,79,822,69.54,1.0687091630953731,1.1557748564809864
16320,Unknown,Unspecified,,,,0,Elite Buyers,567,4,1945.64,486.41,85,981,58.95878787878788,0.9961056515889444,0.2287289798149583
13591,Unknown,United Kingdom,,,,0,Elite Buyers,145,4,1945.62,486.405,67,1520,38.9124,0.06117704621986553,-0.8580022211682223
14441,Unknown,United Kingdom,,,,1,Active Buyers,1274,3,1943.18,647.7266666666667,44,392,149.47538461538463,2.341702911914577,2.059074126859865
15869,Unknown,United Kingdom,,,,0,Elite Buyers,192,5,1940.69,388.138,58,1450,40.431041666666665,0.3126838712867763,-0.90945620135405
17358,Unknown,United Kingdom,,,,0,Elite Buyers,9,5,1940.63,388.126,88,1572,37.31980769230769,-0.1135089812275295,-1.2207635083955537
15205,Unknown,United Kingdom,,,,0,Elite Buyers,378,3,1934.59,644.8633333333333,51,1350,42.99088888888889,0.4378214085237052,-0.22768713445710403
13649,Unknown,United Kingdom,,,,0,Elite Buyers,325,3,1933.9,644.6333333333333,90,1642,35.81296296296296,-0.015533874431835182,-0.5730491367830479
16638,Unknown,United Kingdom,,,,0,Elite Buyers,364,5,1928.82,385.764,67,1664,35.06945454545455,0.30526709913169636,-0.9563948999690558
15923,Unknown,United Kingdom,,,,0,Elite Buyers,682,4,1927.16,481.79,89,1466,39.329795918367346,0.7126610473041814,-0.22167102408004175
16055,Unknown,United Kingdom,,,,0,Elite Buyers,838,3,1926.7,642.2333333333333,88,924,62.151612903225804,1.2496954045079172,0.7997776612572984
18210,Unknown,United Kingdom,,,,0,Elite Buyers,167,5,1916.77,383.354,88,1435,39.93270833333333,0.21461515645488138,-0.9204498164116033
14644,Unknown,United Kingdom,,,,0,Elite Buyers,778,4,1914.89,478.7225,73,979,58.026969696969694,1.305486537397349,0.42992006066426425
16915,Unknown,United Kingdom,,,,0,Elite Buyers,94,6,1913.6,318.93333333333334,96,1729,33.5719298245614,-0.07966805646687919,-1.4456082770931542
14508,Unknown,United Kingdom,,,,0,Elite Buyers,70,6,1912.2,318.7,94,1443,39.8375,0.15307344259091926,-1.16751322539406
16532,Unknown,United Kingdom,,,,1,Active Buyers,1705,1,1910.4,1910.4,1,0,1910.4,3.145040783574271,4.618244380393282
13292,Unknown,United Kingdom,,,,0,Elite Buyers,255,4,1903.3,475.825,82,1560,36.60192307692308,0.13699292914106231,-0.8078104347647254
16117,Unknown,United Kingdom,,,,0,Elite Buyers,192,4,1897.5,474.375,100,1569,36.49038461538461,0.009372829960422546,-0.8777198665976008
14212,Unknown,United Kingdom,,,,0,Elite Buyers,366,3,1896.6,632.2,44,1147,49.910526315789475,0.6515944142473375,-0.03728677379203496
15350,Unknown,United Kingdom,,,,1,Active Buyers,1296,2,1893.71,946.855,61,883,63.123666666666665,1.7590737321974408,1.6080229892086186
13522,Unknown,United Kingdom,,,,0,Elite Buyers,881,3,1891.72,630.5733333333334,82,691,82.24869565217391,1.525762257164227,1.1363483323451247
16517,Unknown,United Kingdom,,,,0,Elite Buyers,420,4,1887.46,471.865,89,1222,46.035609756097564,0.6273589760261751,-0.25927250814227754
14624,Unknown,United Kingdom,,,,0,Elite Buyers,301,7,1883.15,269.02142857142854,79,1211,47.07875,0.7569917151299941,-0.7936508170327694
17504,Unknown,United Kingdom,,,,0,Elite Buyers,528,3,1882.48,627.4933333333333,67,1142,49.538947368421056,0.7673782342385014,0.15319315539794234
16433,Unknown,United Kingdom,,,,0,Elite Buyers,222,5,1879.53,375.906,73,1289,43.71,0.47102817116833906,-0.7308875716848883
14817,Unknown,United Kingdom,,,,0,Elite Buyers,283,3,1876.46,625.4866666666667,84,1359,41.69911111111111,0.2298921309935319,-0.35479382825606803
12834,Unknown,United Kingdom,,,,0,Elite Buyers,468,5,1875.81,375.162,83,1324,42.632045454545455,0.7135611100438455,-0.49866937781852627
17917,Unknown,United Kingdom,,,,0,Elite Buyers,146,7,1875.35,267.90714285714284,93,1699,33.488392857142856,0.10189047833648146,-1.5003830654643218
17553,Unknown,United Kingdom,,,,0,Elite Buyers,265,2,1875.07,937.535,26,1522,36.76607843137255,0.14197578629409036,-0.31369340773728094
17469,Unknown,United Kingdom,,,,0,Elite Buyers,493,3,1867.78,622.5933333333334,75,1206,46.6945,0.6507897669679825,0.03604867379494922
15107,Unknown,United Kingdom,,,,1,Active Buyers,1372,5,1867.76,373.552,63,776,71.83692307692307,2.353055877331548,1.1346788277844981
12691,Unknown,France,,,,0,Elite Buyers,57,4,1866.17,466.5425,69,1454,38.87854166666666,0.04577284449935115,-0.9375409724955298
12541,Unknown,Spain,,,,0,Elite Buyers,176,7,1864.3,266.3285714285714,102,1557,35.85192307692308,0.2520602105788433,-1.3240404606604543
18232,Unknown,United Kingdom,,,,0,Elite Buyers,566,3,1861.52,620.5066666666667,61,1133,48.98736842105263,0.8543021577863645,0.1818202306086126
13686,Unknown,United Kingdom,,,,0,Elite Buyers,185,5,1860.62,372.124,97,1362,41.34711111111111,0.30601545870279234,-0.8494952546359948
17901,Unknown,United Kingdom,,,,0,Elite Buyers,51,3,1841.23,613.7433333333333,86,1491,37.57612244897959,-0.15872248132526479,-0.7749515031852509
15244,Unknown,United Kingdom,,,,0,Elite Buyers,693,3,1835.85,611.95,78,1009,53.995588235294115,1.074370579681513,0.4616184215720096
17451,Unknown,United Kingdom,,,,0,Elite Buyers,204,4,1832.47,458.1175,98,1398,39.836304347826086,0.21292695347435064,-0.7215881631483058
12558,Unknown,USA,,,,0,Elite Buyers,376,4,1828.14,457.035,63,1407,38.89659574468085,0.5188344350993994,-0.5767637739027474
12981,Unknown,United Kingdom,,,,0,Elite Buyers,738,2,1827.64,913.82,57,804,67.69037037037037,1.189991536111298,1.0605683881761925
14232,Unknown,United Kingdom,,,,0,Elite Buyers,22,2,1825.37,912.685,67,1647,33.188545454545455,-0.4524500930796455,-0.70110804837297
13730,Unknown,United Kingdom,,,,0,Elite Buyers,252,4,1825.36,456.34,81,1567,35.10307692307693,0.16913701005459947,-0.8742292404570486
15797,Unknown,United Kingdom,,,,1,Active Buyers,1578,2,1825.2,912.6,6,34,912.6,3.1348404689722265,3.6214536422608123
13592,Unknown,United Kingdom,,,,0,Elite Buyers,611,4,1818.82,454.705,60,1114,49.1572972972973,1.077359801274265,0.009738540988971783
15885,Unknown,United Kingdom,,,,0,Elite Buyers,174,6,1816.08,302.68,61,1591,34.26566037735849,0.295091832457255,-1.3091222558291629
15307,Unknown,United Kingdom,,,,0,Elite Buyers,306,4,1815.29,453.8225,71,1391,39.46282608695652,0.42605544736196355,-0.6341427743607736
18158,Unknown,United Kingdom,,,,0,Elite Buyers,82,6,1813.4,302.23333333333335,79,1401,38.58297872340425,0.2956389838158411,-1.1921106090436713
17835,Unknown,United Kingdom,,,,0,Elite Buyers,664,5,1805.84,361.168,82,969,56.4325,1.2981295839783267,0.0872128040198539
18170,Unknown,United Kingdom,,,,0,Elite Buyers,223,5,1804.31,360.862,76,1447,37.58979166666666,0.36209636029166936,-0.9590316724417133
13436,Unknown,United Kingdom,,,,0,Elite Buyers,318,3,1803.8,601.2666666666667,50,1284,41.948837209302326,0.49414546612861665,-0.3158847481796594
16761,Unknown,United Kingdom,,,,0,Elite Buyers,259,3,1803.06,601.02,56,1468,36.79714285714286,0.2342896866324381,-0.5804353612290479
14959,Unknown,United Kingdom,,,,0,Elite Buyers,10,7,1799.74,257.10571428571427,86,1655,32.722545454545454,0.03289884193578296,-1.6641735020928252
15781,Unknown,United Kingdom,,,,0,Elite Buyers,37,3,1793.44,597.8133333333334,60,1606,33.838490566037734,-0.17185307861954097,-0.9709139603306562
17939,Unknown,United Kingdom,,,,0,Elite Buyers,38,3,1792.69,597.5633333333334,67,1722,31.450701754385964,-0.2987845769011055,-1.0902935696858334
16581,Unknown,United Kingdom,,,,0,Elite Buyers,114,4,1781.67,445.4175,63,1433,37.118125,0.20036313751550072,-0.9261458994753048
17376,Unknown,United Kingdom,,,,0,Elite Buyers,398,3,1780.81,593.6033333333334,89,1426,37.88957446808511,0.34756144066284356,-0.37150689784267243
16109,Unknown,United Kingdom,,,,0,Elite Buyers,177,4,1779.92,444.98,43,1557,34.22923076923077,0.2532138005316472,-1.0131509093934248
17642,Unknown,United Kingdom,,,,0,Elite Buyers,50,5,1778.07,355.614,54,1434,37.043125,0.25392190324781594,-1.1730165008069866
14755,Unknown,United Kingdom,,,,0,Elite Buyers,678,5,1777.29,355.458,95,904,59.243,1.3524940252555224,0.1687120503397402
14794,Unknown,United Kingdom,,,,0,Elite Buyers,187,6,1776.62,296.10333333333335,74,1446,37.01291666666667,0.4171599679078888,-1.1549601343150642
17123,Unknown,United Kingdom,,,,0,Elite Buyers,93,4,1774.23,443.5575,45,1726,31.126842105263158,-0.009394427575736941,-1.2830329974855348
15267,Unknown,United Kingdom,,,,0,Elite Buyers,339,4,1773.37,443.3425,22,1299,41.24116279069767,0.8302304662908655,-0.5840649378548872
14976,Unknown,United Kingdom,,,,1,Active Buyers,1262,4,1769.48,442.37,94,288,176.948,2.4421845628934866,1.9389197006176644
13848,Unknown,United Kingdom,,,,0,Elite Buyers,376,4,1768.86,442.215,48,1591,33.374716981132075,0.44719021391080926,-0.8361076263571946
18154,Unknown,United Kingdom,,,,0,Elite Buyers,236,4,1765.72,441.43,67,1427,37.56851063829787,0.34758096038200315,-0.7891253118194581
14578,Unknown,United Kingdom,,,,0,Elite Buyers,21,6,1764.55,294.09166666666664,94,1642,32.67685185185185,-0.009137642828156878,-1.5421108772784011
13831,Unknown,United Kingdom,,,,0,Elite Buyers,2,3,1759.32,586.44,55,2057,25.87235294117647,-0.5842535071830933,-1.5121682228259739
16006,Unknown,United Kingdom,,,,0,Elite Buyers,212,3,1752.34,584.1133333333333,62,1275,41.72238095238095,0.3498597901329241,-0.44223031057418716
16858,Unknown,United Kingdom,,,,0,Elite Buyers,267,3,1750.02,583.34,67,1761,30.172758620689656,-0.03160196606517163,-0.913743914777847
14006,Unknown,United Kingdom,,,,0,Elite Buyers,339,4,1748.34,437.085,75,1149,46.008947368421055,0.7015885565319471,-0.3679868563407
13762,Unknown,United Kingdom,,,,0,Elite Buyers,313,3,1746.03,582.01,64,1388,37.957173913043476,0.3709642619660307,-0.46686376309220196
17392,Unknown,United Kingdom,,,,0,Elite Buyers,813,5,1745.85,349.17,74,860,60.20172413793104,1.6294590251704109,0.32877093735497565
12561,Unknown,Germany,,,,0,Elite Buyers,44,3,1744.28,581.4266666666666,62,1507,34.8856,-0.05519929824862724,-0.8940491039465133
15312,Unknown,United Kingdom,,,,0,Elite Buyers,555,4,1743.68,435.92,74,1054,49.819428571428574,1.0534633532996283,-0.025365672008627826
13845,Unknown,United Kingdom,,,,0,Elite Buyers,79,4,1742.26,435.565,74,1586,32.872830188679245,0.006205924100537219,-1.153284822954116
14290,Unknown,United Kingdom,,,,0,Elite Buyers,1,4,1735.7,433.925,80,1756,29.925862068965518,-0.25711811215579927,-1.4158555997136835
15602,Unknown,United Kingdom,,,,0,Elite Buyers,862,7,1729.52,247.0742857142857,73,1166,44.346666666666664,1.5821983899557637,-0.25733066889881834
13711,Unknown,United Kingdom,,,,0,Elite Buyers,170,2,1728.39,864.195,34,1531,33.89,0.03551495613057298,-0.5217677781056017
14865,Unknown,United Kingdom,,,,0,Elite Buyers,530,4,1727.52,431.88,77,1618,31.99111111111111,0.5279173614056196,-0.7076162152289763
18105,Unknown,United Kingdom,,,,0,Elite Buyers,527,4,1723.51,430.8775,84,1257,41.03595238095238,0.8267619637320376,-0.30862809495870364
12724,Unknown,France,,,,0,Elite Buyers,568,6,1723.04,287.17333333333335,63,1156,45.34315789473684,1.2014942027936077,-0.4553474848418897
13719,Unknown,United Kingdom,,,,0,Elite Buyers,56,3,1721.52,573.84,70,1608,32.481509433962266,-0.146232434519944,-0.9998838115227249
14855,Unknown,United Kingdom,,,,0,Elite Buyers,402,2,1719.87,859.935,81,1082,47.774166666666666,0.5231487001222261,0.2805841409705345
18094,Unknown,United Kingdom,,,,1,Active Buyers,1443,2,1715.9,857.95,47,258,190.65555555555557,2.5528488598887114,2.649915803457195
17287,Unknown,United Kingdom,,,,0,Elite Buyers,650,7,1715.25,245.03571428571428,75,1498,34.305,1.0326841907219282,-0.8736228901182008
13763,Unknown,United Kingdom,,,,1,Active Buyers,1635,1,1714.96,1714.96,15,0,1714.96,2.688072858346237,4.499256297432113
12648,Unknown,Germany,,,,0,Elite Buyers,19,6,1711.45,285.2416666666667,84,1588,32.29150943396226,0.09293653468692464,-1.5394364163776975
18059,Unknown,United Kingdom,,,,0,Elite Buyers,154,3,1710.47,570.1566666666666,48,1603,32.27301886792453,0.06919087318467976,-0.9169879576151655
15182,Unknown,United Kingdom,,,,0,Elite Buyers,357,3,1709.88,569.96,69,1250,40.71142857142857,0.5506428016469189,-0.2926310399465006
17590,Unknown,United Kingdom,,,,0,Elite Buyers,162,4,1708.39,427.0975,69,1471,34.865102040816325,0.24422657571755857,-0.9663833615158763
14247,Unknown,United Kingdom,,,,0,Elite Buyers,45,3,1705.99,568.6633333333333,89,1627,31.592407407407407,-0.2213812543547405,-1.035549387818403
14622,Unknown,United Kingdom,,,,0,Elite Buyers,50,5,1704.29,340.858,78,1558,32.77480769230769,0.10097574693760492,-1.347355394889842
18269,Unknown,United Kingdom,,,,0,Elite Buyers,233,4,1701.0,425.25,70,1734,29.32758620689655,0.09708558613364471,-1.1803186412484645
15442,Unknown,United Kingdom,,,,0,Elite Buyers,6,2,1699.55,849.775,48,1696,30.349107142857143,-0.37450222600109373,-0.8796414169819271
13220,Unknown,United Kingdom,,,,0,Elite Buyers,126,6,1696.66,282.77666666666664,71,1605,32.01245283018868,0.25343816914719375,-1.4573891671620354
16370,Unknown,United Kingdom,,,,0,Elite Buyers,69,7,1692.57,241.7957142857143,115,1478,34.542244897959186,0.25553260520418764,-1.4757003085964875
15212,Unknown,United Kingdom,,,,0,Elite Buyers,390,3,1691.75,563.9166666666666,33,1098,45.722972972972975,0.8981571894843405,-0.1298374996576154
13699,Unknown,United Kingdom,,,,1,Active Buyers,1114,3,1690.16,563.3866666666667,57,524,93.89777777777778,2.1324208943633134,1.4589636022773327
18179,Unknown,United Kingdom,,,,0,Elite Buyers,397,4,1688.67,422.1675,65,1425,35.929148936170215,0.5956445500242118,-0.6750222651257543
13596,Unknown,United Kingdom,,,,0,Elite Buyers,392,7,1687.39,241.0557142857143,83,1332,38.34977272727273,0.8556764651465598,-0.9810365638062499
17703,Unknown,United Kingdom,,,,1,Active Buyers,1038,3,1684.71,561.57,74,687,73.24826086956521,1.8553018882304384,1.1464594464639706
17616,Unknown,United Kingdom,,,,1,Active Buyers,1226,2,1683.54,841.77,40,772,64.75153846153846,1.9706336853330124,1.5025664293077734
13323,Unknown,United Kingdom,,,,0,Elite Buyers,503,5,1680.3,336.06,57,1311,38.18863636363636,0.9582747368869813,-0.6185460611316091
17062,Unknown,United Kingdom,,,,0,Elite Buyers,190,6,1679.85,279.975,75,1869,27.094354838709677,0.09159005655976382,-1.6801712016742043
13754,Unknown,United Kingdom,,,,0,Elite Buyers,835,2,1677.19,838.595,61,680,72.92130434782608,1.4763397162868581,1.22192207870035
14264,Unknown,United Kingdom,,,,0,Elite Buyers,164,5,1675.77,335.154,87,1446,34.911875,0.3308065353543478,-1.1159154173880654
13157,Unknown,United Kingdom,,,,0,Elite Buyers,114,2,1674.98,837.49,60,1374,36.412608695652175,0.01002319703357557,-0.4253489407415131
13404,Unknown,United Kingdom,,,,0,Elite Buyers,619,4,1670.95,417.7375,61,983,50.63484848484848,1.2775260401982764,0.05945091425489871
15201,Unknown,United Kingdom,,,,1,Active Buyers,1143,4,1667.34,416.835,68,555,87.75473684210526,2.244571898092628,1.2166869953040658
13169,Unknown,United Kingdom,,,,0,Elite Buyers,266,4,1665.15,416.2875,43,1556,32.02211538461538,0.4264353756283854,-1.0063375355529196
13301,Unknown,United Kingdom,,,,0,Elite Buyers,108,8,1663.37,207.92125,121,1713,29.181929824561404,0.15389754510932274,-1.8086302412577255
14540,Unknown,United Kingdom,,,,0,Elite Buyers,343,3,1660.67,553.5566666666666,50,1422,35.33340425531915,0.48036847443075414,-0.5516067639697441
16610,Unknown,United Kingdom,,,,0,Elite Buyers,13,3,1657.0,552.3333333333334,70,1718,29.07017543859649,-0.2604034111960552,-1.218837928861737
16338,Unknown,United Kingdom,,,,0,Elite Buyers,82,4,1654.44,413.61,60,1617,30.637777777777778,0.07843951166568386,-1.2638839475374222
14436,Unknown,United Kingdom,,,,0,Elite Buyers,673,6,1653.95,275.65833333333336,62,1113,44.70135135135135,1.4108880448965095,-0.35148746337892556
12990,Unknown,United Kingdom,,,,0,Elite Buyers,384,5,1652.91,330.582,60,1409,35.168297872340425,0.7298181052104162,-0.8753445212979868
13533,Unknown,United Kingdom,,,,0,Elite Buyers,506,4,1651.8,412.95,72,1041,47.19428571428571,1.0638949775694857,-0.14303886459872744
13792,Unknown,United Kingdom,,,,0,Elite Buyers,227,5,1650.63,330.126,65,1499,33.0126,0.44135349996411777,-1.1431602470751088
17521,Unknown,United Kingdom,,,,0,Elite Buyers,197,6,1648.57,274.76166666666666,76,1499,32.9714,0.4480316221742733,-1.304912122964883
16245,Unknown,United Kingdom,,,,0,Elite Buyers,447,5,1646.45,329.29,61,1098,44.49864864864865,1.0797399176697915,-0.4561090292008062
12372,Unknown,Denmark,,,,0,Elite Buyers,484,4,1642.89,410.7225,74,1033,48.32029411764706,1.040314295136111,-0.1539853576108644
13995,Unknown,United Kingdom,,,,0,Elite Buyers,23,5,1638.98,327.796,72,1587,30.924150943396228,0.09732962180311822,-1.4653799360258752
15254,Unknown,United Kingdom,,,,0,Elite Buyers,247,5,1634.47,326.894,46,1481,33.356530612244896,0.5677157145669256,-1.1287415090793826
12680,Unknown,France,,,,0,Elite Buyers,140,6,1633.52,272.25333333333333,64,1431,34.031666666666666,0.4867718980069693,-1.315014299658271
14176,Unknown,United Kingdom,,,,0,Elite Buyers,441,3,1624.62,541.54,65,1557,31.24269230769231,0.44339511467726744,-0.6149984773238343
14804,Unknown,United Kingdom,,,,0,Elite Buyers,236,3,1623.98,541.3266666666667,63,1578,31.230384615384615,0.17985673295755544,-0.8565832849441423
16552,Unknown,United Kingdom,,,,1,Active Buyers,1059,5,1618.33,323.666,72,1120,43.73864864864865,1.7857678713895164,0.1746421293867885
13147,Unknown,United Kingdom,,,,1,Active Buyers,1452,3,1615.27,538.4233333333333,42,365,124.25153846153846,2.772314005637051,2.0189257004637158
15712,Unknown,United Kingdom,,,,0,Elite Buyers,202,2,1613.99,806.995,28,1375,35.08673913043478,0.3216980199875388,-0.4187295961798717
15297,Unknown,United Kingdom,,,,0,Elite Buyers,204,7,1613.03,230.43285714285713,105,1431,33.604791666666664,0.5299867413440624,-1.3520834336699323
15129,Unknown,United Kingdom,,,,1,Active Buyers,1140,5,1608.17,321.634,56,561,84.64052631578947,2.409391105079791,0.9833507412195961
17274,Unknown,United Kingdom,,,,0,Elite Buyers,181,6,1604.81,267.4683333333333,98,1544,31.46686274509804,0.3554612898881311,-1.3911466846379188
14053,Unknown,United Kingdom,,,,0,Elite Buyers,322,6,1603.03,267.1716666666667,54,1438,33.396458333333335,0.7585486226283922,-1.1573120429075308
16850,Unknown,United Kingdom,,,,0,Elite Buyers,547,4,1601.39,400.3475,76,1005,47.09970588235294,1.1627980580526986,-0.09634304117965828
16308,Unknown,United Kingdom,,,,1,Active Buyers,1670,2,1600.0,800.0,1,114,400.0,3.664847546760317,3.109951094612074
16554,Unknown,United Kingdom,,,,0,Elite Buyers,196,5,1599.19,319.838,73,1625,29.61462962962963,0.29450324846824905,-1.3492476780188143
16103,Unknown,United Kingdom,,,,0,Elite Buyers,720,6,1596.16,266.02666666666664,56,1063,45.604571428571425,1.566896182576841,-0.2894557037039166
16750,Unknown,United Kingdom,,,,1,Active Buyers,1340,2,1594.95,797.475,48,205,227.85,2.5133070691132855,2.5915097940981187
16457,Unknown,United Kingdom,,,,1,Active Buyers,874,5,1580.29,316.058,78,827,56.43892857142857,1.814909093900682,0.3036980120237496
17691,Unknown,United Kingdom,,,,0,Elite Buyers,21,2,1567.24,783.62,31,2007,23.746060606060606,-0.4636587345949495,-1.317509728092839
14035,Unknown,United Kingdom,,,,0,Elite Buyers,231,3,1565.33,521.7766666666666,63,1280,36.403023255813956,0.47493483393300506,-0.5884860466156568
12881,Unknown,United Kingdom,,,,0,Elite Buyers,553,3,1565.05,521.6833333333333,48,1027,46.03088235294118,1.1469729982487062,0.05340641345166838
15780,Unknown,United Kingdom,,,,0,Elite Buyers,108,4,1558.91,389.7275,63,1469,31.814489795918366,0.28775538419031943,-1.152242169714651
17147,Unknown,United Kingdom,,,,0,Elite Buyers,23,4,1557.64,389.41,62,1801,25.96066666666667,-0.10951264598310512,-1.602438060843391
13200,Unknown,United Kingdom,,,,0,Elite Buyers,495,6,1555.92,259.32,65,1203,38.898,1.1628761714607199,-0.7319244915412174
16877,Unknown,United Kingdom,,,,0,Elite Buyers,117,4,1553.91,388.4775,78,1429,33.06191489361702,0.2876020556194573,-1.085943071173887
16497,Unknown,United Kingdom,,,,0,Elite Buyers,370,5,1553.66,310.732,67,1182,39.837435897435896,0.9446559440372144,-0.7048152409161541
17235,Unknown,United Kingdom,,,,1,Active Buyers,1179,2,1552.83,776.415,26,969,48.5259375,1.919515438660929,1.0705356594899527
14533,Unknown,United Kingdom,,,,0,Elite Buyers,47,6,1550.74,258.45666666666665,55,1738,26.736896551724136,0.18149237902874948,-1.824181230345781
12596,Unknown,Spain,,,,0,Elite Buyers,113,4,1547.45,386.8625,57,1405,32.92446808510638,0.38042654703335166,-1.0919899474999557
16781,Unknown,United Kingdom,,,,0,Elite Buyers,310,2,1546.24,773.12,56,1838,25.348196721311474,-0.07485697032174171,-0.8223075024923243
17760,Unknown,United Kingdom,,,,0,Elite Buyers,495,5,1544.36,308.872,65,1684,27.577857142857145,0.6664596462891277,-1.1414218332567618
13085,Unknown,United Kingdom,,,,0,Elite Buyers,344,5,1543.66,308.732,73,1355,34.303555555555555,0.7490637286651605,-0.9393864738558148
15755,Unknown,United Kingdom,,,,0,Elite Buyers,796,3,1543.59,514.53,65,687,67.11260869565217,1.67208919402827,0.7580299319908221
16080,Unknown,United Kingdom,,,,0,Elite Buyers,72,3,1538.5,512.8333333333334,58,1478,31.397959183673468,0.13924386924817733,-1.0053689519704367
16105,Unknown,United Kingdom,,,,0,Elite Buyers,414,4,1534.17,383.5425,70,1288,35.678372093023256,0.8132755750933949,-0.6338538132207734
16949,Unknown,United Kingdom,,,,0,Elite Buyers,310,6,1531.37,255.22833333333332,61,1391,33.290652173913045,0.8005389026365668,-1.1699947365631667
17320,Unknown,United Kingdom,,,,1,Active Buyers,1118,4,1531.28,382.82,61,910,51.04266666666667,2.0301585407502447,0.5821267319720436
16969,Unknown,United Kingdom,,,,0,Elite Buyers,108,5,1527.84,305.568,74,1712,26.80421052631579,0.14934668034717646,-1.5996194592018902
16643,Unknown,United Kingdom,,,,0,Elite Buyers,267,4,1526.21,381.5525,63,1343,33.91577777777778,0.6142990700953956,-0.869758852791848
16671,Unknown,United Kingdom,,,,0,Elite Buyers,175,4,1521.55,380.3875,39,1550,29.834313725490198,0.4263021445706391,-1.2191818952427032
14273,Unknown,United Kingdom,,,,0,Elite Buyers,474,4,1520.78,380.195,50,1196,38.0195,1.0510467707154687,-0.4916615371462025
15545,Unknown,United Kingdom,,,,0,Elite Buyers,14,4,1514.9,378.725,76,2106,21.64142857142857,-0.4172153440806333,-1.952920839710707
15903,Unknown,United Kingdom,,,,0,Elite Buyers,28,2,1512.92,756.46,15,1483,30.875918367346937,0.2091831800000793,-0.8402359200251863
15814,Unknown,United Kingdom,,,,1,Active Buyers,1127,4,1511.84,377.96,54,629,71.99238095238096,2.3104249338507206,0.9506872366250951
13712,Unknown,United Kingdom,,,,0,Elite Buyers,405,4,1504.43,376.1075,61,1236,36.69341463414634,0.8965922690824757,-0.6144463399038558
17708,Unknown,United Kingdom,,,,0,Elite Buyers,378,3,1497.03,499.01,72,1322,34.02340909090909,0.6291498168139735,-0.5270266274997809
14409,Unknown,United Kingdom,,,,0,Elite Buyers,527,4,1489.07,372.2675,52,1501,29.7814,0.8580379432427476,-0.8040937179213065
15043,Unknown,United Kingdom,,,,0,Elite Buyers,317,2,1488.44,744.22,51,1286,34.61488372093023,0.4843972168366042,-0.2734262503466709
17384,Unknown,United Kingdom,,,,1,Active Buyers,1146,2,1481.15,740.575,48,585,74.0575,2.104253114389337,1.515222697119678
18142,Unknown,United Kingdom,,,,0,Elite Buyers,167,4,1480.83,370.2075,35,1532,29.035882352941176,0.48379088302330664,-1.2553122852756706
15557,Unknown,United Kingdom,,,,1,Active Buyers,1435,2,1475.84,737.92,58,76,491.94666666666666,2.6845850813275747,3.0716041050025646
13192,Unknown,United Kingdom,,,,0,Elite Buyers,748,4,1475.15,368.7875,75,949,46.0984375,1.5367955987935646,0.0807756238674566
14108,Unknown,United Kingdom,,,,0,Elite Buyers,295,4,1471.21,367.8025,63,1277,34.21418604651163,0.742016801764227,-0.8161601006471539
14607,Unknown,United Kingdom,,,,0,Elite Buyers,6,2,1465.8,732.9,11,1750,25.27241379310345,0.039281537101159336,-1.2103006929947013
17887,Unknown,United Kingdom,,,,0,Elite Buyers,48,4,1465.26,366.315,67,1739,25.263103448275864,0.017814719465035656,-1.5894914471577422
14912,Unknown,Italy,,,,0,Elite Buyers,413,4,1453.98,363.495,50,1228,35.46292682926829,0.991161506779616,-0.6554759224656541
14745,Unknown,United Kingdom,,,,0,Elite Buyers,259,6,1450.29,241.715,69,1349,32.22866666666667,0.800289817946507,-1.2494535376853604
18072,Unknown,United Kingdom,,,,0,Elite Buyers,336,5,1449.58,289.916,60,1303,33.71116279069768,0.8882107866876536,-0.9815441209575093
12442,Unknown,Spain,,,,0,Elite Buyers,561,2,1447.9,723.95,44,1102,39.13243243243243,1.0024632830721607,0.16026025987269973
15087,Unknown,United Kingdom,,,,1,Active Buyers,1357,2,1442.58,721.29,54,407,103.04142857142857,2.4909002993461185,2.012961201065008
12516,Unknown,Germany,,,,0,Elite Buyers,204,5,1440.23,288.046,54,1282,33.493720930232556,0.7769440102276386,-1.1216329514264722
13003,Unknown,United Kingdom,,,,0,Elite Buyers,1,5,1439.05,287.81,33,1577,27.674038461538462,0.37599908051544095,-1.6880689521059573
17122,Unknown,United Kingdom,,,,0,Elite Buyers,64,3,1438.76,479.58666666666664,55,1420,30.611914893617023,0.25644420847586924,-1.04278822711386
16389,Unknown,United Kingdom,,,,0,Elite Buyers,121,3,1438.56,479.52,62,1702,25.68857142857143,0.04684469536390479,-1.2789370509368574
14896,Unknown,United Kingdom,,,,1,Active Buyers,1282,4,1436.52,359.13,72,654,65.29636363636364,2.46533915068956,1.022989643118108
16040,Unknown,United Kingdom,,,,0,Elite Buyers,177,3,1435.84,478.61333333333334,57,1519,28.7168,0.29991503184739166,-1.0280317325627237
13140,Unknown,United Kingdom,,,,0,Elite Buyers,157,4,1433.5,358.375,58,1810,23.891666666666666,0.1395180093334527,-1.5801926765929133
14113,Unknown,United Kingdom,,,,0,Elite Buyers,418,2,1429.91,714.955,38,1245,34.875853658536585,0.7458608944539793,-0.17931347710503567
13835,Unknown,United Kingdom,,,,0,Elite Buyers,591,6,1428.52,238.08666666666667,80,1047,40.81485714285714,1.450068152362372,-0.5495057264112693
18282,Unknown,United Kingdom,,,,0,Elite Buyers,147,4,1428.47,357.1175,49,1636,26.45314814814815,0.3245958243276489,-1.418079010775819
16460,Unknown,United Kingdom,,,,0,Elite Buyers,240,4,1428.4,357.1,63,1271,34.00952380952381,0.7059422406467692,-0.9010639962582985
13414,Unknown,United Kingdom,,,,0,Elite Buyers,322,2,1427.0,713.5,32,1377,31.02173913043478,0.5542632737383071,-0.4510263804935438
16318,Unknown,United Kingdom,,,,1,Active Buyers,1217,3,1413.29,471.0966666666667,60,508,83.13470588235295,2.4262546388992416,1.3664644343352959
18133,Unknown,United Kingdom,,,,1,Active Buyers,1116,2,1410.74,705.37,22,401,100.76714285714286,2.4223784309342493,1.6818461402372342
15462,Unknown,United Kingdom,,,,0,Elite Buyers,254,4,1397.61,349.4025,45,1446,29.116875,0.6653871955293358,-1.131307167881448
14569,Unknown,United Kingdom,,,,0,Elite Buyers,526,3,1396.49,465.49666666666667,60,1076,38.79138888888889,1.131844417592298,-0.18427792507879248
13538,Unknown,United Kingdom,,,,0,Elite Buyers,61,6,1395.6,232.6,33,1605,26.332075471698115,0.5308846065341013,-1.8305744332649883
15215,Unknown,United Kingdom,,,,0,Elite Buyers,427,4,1394.78,348.695,54,1300,32.43674418604651,0.9664949577569142,-0.7718313138831935
15028,Unknown,United Kingdom,,,,0,Elite Buyers,202,5,1388.89,277.778,68,1826,22.768688524590164,0.2714116163055106,-1.7522975334194226
12538,Unknown,Spain,,,,0,Elite Buyers,693,3,1386.5,462.1666666666667,53,849,49.517857142857146,1.5607917577818067,0.27327684143987674
16753,Unknown,United Kingdom,,,,0,Elite Buyers,724,4,1382.66,345.665,92,758,55.3064,1.6788026948715777,0.23812653651248086
14333,Unknown,United Kingdom,,,,0,Elite Buyers,61,2,1381.44,690.72,48,1696,24.66857142857143,-0.11001011189339821,-1.1011290396419247
14567,Unknown,United Kingdom,,,,0,Elite Buyers,591,3,1376.91,458.97,40,1227,33.58317073170732,1.1845348151890884,-0.33138796406598453
14304,Unknown,United Kingdom,,,,0,Elite Buyers,194,3,1376.43,458.81,56,1627,25.489444444444445,0.269282727827134,-1.1882079600565347
15973,Unknown,United Kingdom,,,,0,Elite Buyers,1011,2,1370.92,685.46,56,956,42.84125,1.6749583402936814,0.7668634954488696
15139,Unknown,United Kingdom,,,,1,Active Buyers,1172,3,1369.07,456.3566666666667,62,472,85.566875,2.421843092261752,1.3313580852190743
16248,Unknown,United Kingdom,,,,1,Active Buyers,1431,2,1360.04,680.02,26,142,272.008,2.933533445844256,2.639492123585793
17742,Unknown,United Kingdom,,,,0,Elite Buyers,411,4,1357.03,339.2575,58,1110,36.67648648648649,1.1233170413178053,-0.6042597307794686
16654,Unknown,United Kingdom,,,,0,Elite Buyers,500,5,1355.08,271.016,52,1528,26.570196078431373,0.9870158529029645,-1.1576691376298207
13900,Unknown,United Kingdom,,,,0,Elite Buyers,785,2,1351.66,675.83,51,792,50.06148148148148,1.5718148340141869,0.7040959953579062
17531,Unknown,United Kingdom,,,,0,Elite Buyers,273,4,1349.91,337.4775,73,1516,26.9982,0.5501295642615067,-1.2080268131431875
16519,Unknown,United Kingdom,,,,0,Elite Buyers,451,3,1345.7,448.56666666666666,52,1485,27.463265306122448,0.7477019705570518,-0.7870679115697068
16988,Unknown,United Kingdom,,,,1,Active Buyers,1228,2,1345.41,672.705,45,496,79.14176470588235,2.377504162705288,1.6122529985238587
17947,Unknown,United Kingdom,,,,1,Active Buyers,974,4,1344.12,336.03,58,810,49.782222222222224,2.073992694607391,0.372438057147064
14211,Unknown,United Kingdom,,,,0,Elite Buyers,103,3,1341.04,447.0133333333333,45,1624,24.834074074074074,0.2346417398059376,-1.3305951743436137
13705,Unknown,United Kingdom,,,,0,Elite Buyers,150,5,1340.45,268.09,60,2029,20.006716417910447,0.08401324429340062,-2.0674864398858896
17227,Unknown,United Kingdom,,,,0,Elite Buyers,714,5,1340.28,268.056,52,1314,30.46090909090909,1.449001822837106,-0.7036912606430279
14561,Unknown,United Kingdom,,,,0,Elite Buyers,330,2,1338.18,669.09,65,1278,31.861428571428572,0.5522314778020967,-0.37542683064622495
17414,Unknown,United Kingdom,,,,0,Elite Buyers,418,3,1330.91,443.63666666666666,25,1190,33.27275,1.1422643944744915,-0.5476012983055057
18032,Unknown,United Kingdom,,,,1,Active Buyers,1087,2,1326.49,663.245,47,495,78.02882352941177,2.209898325045214,1.4429144133468812
12686,Unknown,France,,,,0,Elite Buyers,178,3,1319.26,439.75333333333333,52,1942,20.6134375,0.02142068873094516,-1.5944959703605825
16432,Unknown,United Kingdom,,,,0,Elite Buyers,644,4,1309.15,327.2875,65,1021,38.504411764705885,1.4929872779753848,-0.28615719472387413
13617,Unknown,United Kingdom,,,,0,Elite Buyers,251,2,1303.54,651.77,49,1235,31.793658536585365,0.5827927813271074,-0.46552896820616835
14697,Unknown,United Kingdom,,,,0,Elite Buyers,202,5,1302.0,260.4,80,1499,26.04,0.5896254216663837,-1.4816368479421513
17624,Unknown,United Kingdom,,,,0,Elite Buyers,747,4,1298.55,324.6375,56,954,40.5796875,1.7178324967640757,-0.11245301943259592
15554,Unknown,United Kingdom,,,,0,Elite Buyers,206,5,1297.58,259.516,64,1436,27.032916666666665,0.7042050501930011,-1.4244883413760099
12504,Unknown,Germany,,,,0,Elite Buyers,205,3,1295.64,431.88,44,1367,28.792,0.6246661984459931,-0.9815067760762498
12388,Unknown,Australia,,,,0,Elite Buyers,616,3,1295.1,431.7,45,1027,38.09117647058824,1.4187966250955237,-0.13916628725684282
15469,Unknown,United Kingdom,,,,0,Elite Buyers,663,3,1294.79,431.5966666666667,67,851,44.64793103448276,1.538907968408254,0.14252321741100774
12697,Unknown,Sweden,,,,1,Active Buyers,741,4,1291.34,322.835,46,770,49.66692307692308,1.9134629347175278,0.10239722495672757
13689,Unknown,United Kingdom,,,,0,Elite Buyers,219,3,1291.25,430.4166666666667,26,1416,27.47340425531915,0.7192361843425972,-1.055012947950373
14712,Unknown,United Kingdom,,,,0,Elite Buyers,716,2,1289.34,644.67,26,826,46.04785714285714,1.6534410220262443,0.488522460007781
14932,Unknown,Channel Islands,,,,0,Elite Buyers,285,3,1288.1,429.3666666666667,49,1651,23.42,0.45239225402791194,-1.213188330863113
16591,Unknown,United Kingdom,,,,1,Active Buyers,960,2,1287.54,643.77,62,825,45.98357142857143,1.7606472216746867,0.7949275842487544
13515,Unknown,United Kingdom,,,,0,Elite Buyers,349,3,1286.17,428.72333333333336,54,1322,29.231136363636363,0.8028187591386409,-0.7789459340192506
17892,Unknown,United Kingdom,,,,0,Elite Buyers,212,5,1281.36,256.272,76,1426,27.262978723404256,0.6920605459189304,-1.409438771457958
16500,Unknown,United Kingdom,,,,1,Active Buyers,972,4,1278.78,319.695,53,784,49.183846153846154,2.159942473736966,0.3352697493115634
17737,Unknown,United Kingdom,,,,0,Elite Buyers,365,3,1275.2,425.06666666666666,57,1117,34.464864864864865,0.9965829004077955,-0.5300793861318261
15119,Unknown,United Kingdom,,,,0,Elite Buyers,362,4,1271.03,317.7575,61,1248,31.000731707317073,0.9928402767139517,-0.8998474900745093
13382,Unknown,United Kingdom,,,,0,Elite Buyers,187,4,1268.62,317.155,37,1546,24.874901960784314,0.6294082895645163,-1.4518928565580387
13791,Unknown,United Kingdom,,,,0,Elite Buyers,604,4,1265.88,316.47,36,1124,34.21297297297297,1.518391607861496,-0.5243574659556925
13787,Unknown,United Kingdom,,,,0,Elite Buyers,412,3,1265.63,421.87666666666667,55,1494,25.3126,0.7394269933564401,-0.9255685722382847
14353,Unknown,United Kingdom,,,,0,Elite Buyers,120,5,1265.55,253.11,44,1489,25.827551020408162,0.6578497428416203,-1.6220795126883116
15713,Unknown,United Kingdom,,,,0,Elite Buyers,488,3,1261.06,420.35333333333335,53,1479,25.73591836734694,0.8562575099603362,-0.8291473124080098
15675,Unknown,United Kingdom,,,,1,Active Buyers,1114,3,1258.56,419.52,53,619,59.93142857142857,2.356373725057586,0.9088129141150516
12492,Unknown,Germany,,,,1,Active Buyers,905,4,1258.14,314.535,58,730,52.4225,2.1161411975754585,0.3231972927592548
13034,Unknown,United Kingdom,,,,1,Active Buyers,1028,4,1255.47,313.8675,52,1031,36.925588235294114,2.0426807146385197,0.05424631372824365
14788,Unknown,United Kingdom,,,,0,Elite Buyers,379,3,1255.35,418.45,38,1404,26.709574468085105,0.8693384786475336,-0.8913139954298156
14741,Unknown,United Kingdom,,,,1,Active Buyers,1354,2,1251.46,625.73,56,794,46.35037037037037,2.3179808499207084,1.2193552061867108
15733,Unknown,United Kingdom,,,,0,Elite Buyers,222,3,1245.86,415.2866666666667,47,1570,23.958846153846153,0.4882906103435847,-1.2391921542514464
17101,Unknown,United Kingdom,,,,1,Active Buyers,852,3,1245.05,415.01666666666665,40,690,54.13260869565217,2.051262688983515,0.499054328984988
16861,Unknown,United Kingdom,,,,0,Elite Buyers,562,4,1242.97,310.7425,53,1167,31.871025641025643,1.3626619964339841,-0.6329774534511884
17562,Unknown,United Kingdom,,,,0,Elite Buyers,76,6,1242.33,207.055,58,1592,23.44018867924528,0.5464453982588404,-1.9332069417253739
13059,Unknown,United Kingdom,,,,0,Elite Buyers,272,4,1237.79,309.4475,45,1460,25.78729166666667,0.7893004102486192,-1.2877736010425431
12797,Unknown,Portugal,,,,0,Elite Buyers,357,5,1233.8,246.76,57,1579,23.726923076923075,0.8335751129428983,-1.4848474106065825
17299,Unknown,United Kingdom,,,,0,Elite Buyers,153,6,1231.88,205.31333333333333,65,1360,27.37511111111111,0.8285752568750229,-1.5975877743282003
12794,Unknown,Portugal,,,,0,Elite Buyers,210,5,1230.21,246.042,61,1576,23.657884615384614,0.644311125692713,-1.6424332295239579
13255,Unknown,United Kingdom,,,,0,Elite Buyers,545,3,1223.47,407.8233333333333,47,1634,22.65685185185185,0.8428250367622974,-0.9813240398423493
18215,Unknown,United Kingdom,,,,0,Elite Buyers,194,4,1221.95,305.4875,51,1319,27.77159090909091,0.8045532884364279,-1.232076259949267
14220,Unknown,United Kingdom,,,,0,Elite Buyers,21,4,1215.72,303.93,51,1650,22.104,0.3034114622225732,-1.7901291850002556
17578,Unknown,United Kingdom,,,,0,Elite Buyers,7,4,1214.26,303.565,39,1694,21.683214285714286,0.3068170289801949,-1.863586915190056
12817,Unknown,Austria,,,,0,Elite Buyers,86,4,1213.69,303.4225,40,1678,21.673035714285714,0.41368758456213617,-1.764235071008566
17789,Unknown,United Kingdom,,,,0,Elite Buyers,315,4,1211.83,302.9575,67,1449,25.246458333333333,0.7834419380912783,-1.241112861280398
14174,Unknown,United Kingdom,,,,0,Elite Buyers,521,3,1209.69,403.23,54,1143,31.833947368421054,1.2275701560370917,-0.4676763352407845
12997,Unknown,United Kingdom,,,,0,Elite Buyers,90,5,1208.14,241.628,77,1393,26.26391304347826,0.6253060204394132,-1.584853374710075
13982,Unknown,United Kingdom,,,,0,Elite Buyers,644,3,1203.11,401.0366666666667,55,1292,27.979302325581397,1.2492175122159155,-0.5144276705358956
16122,Unknown,United Kingdom,,,,0,Elite Buyers,728,4,1201.86,300.465,52,1239,29.313658536585365,1.5380057429925933,-0.5793163479344688
13940,Unknown,United Kingdom,,,,0,Elite Buyers,506,4,1201.49,300.3725,58,1159,30.807435897435898,1.3140106619678593,-0.7287863311995242
15330,Unknown,United Kingdom,,,,1,Active Buyers,948,4,1201.04,300.26,39,686,52.219130434782606,2.339218502932284,0.34103418954695874
14215,Unknown,United Kingdom,,,,0,Elite Buyers,187,6,1200.33,200.055,64,1841,19.67754098360656,0.46787126902460296,-2.1159506854506698
17025,Unknown,United Kingdom,,,,0,Elite Buyers,7,5,1199.0,239.8,55,2172,16.65277777777778,-0.09571789084830201,-2.523529749932209
16027,Unknown,United Kingdom,,,,1,Active Buyers,866,4,1193.02,298.255,40,835,42.60785714285714,2.1186860068604134,0.03863596199919714
15969,Unknown,United Kingdom,,,,0,Elite Buyers,98,4,1191.69,297.9225,50,1541,23.366470588235295,0.5177149553742555,-1.6141407730104227
17350,Unknown,United Kingdom,,,,0,Elite Buyers,427,3,1191.42,397.14,50,1387,25.900434782608695,0.9304534772289286,-0.8736168653592412
15660,Unknown,United Kingdom,,,,0,Elite Buyers,528,5,1187.63,237.526,50,1408,25.26872340425532,1.2619850747902268,-1.1756349421623091
18008,Unknown,United Kingdom,,,,1,Active Buyers,1098,2,1187.19,593.595,42,420,84.79928571428572,2.4038694678900896,1.442572037880353
14828,Unknown,United Kingdom,,,,1,Active Buyers,1331,2,1184.18,592.09,33,313,107.65272727272728,2.8196038667366197,1.8714305861069558
14034,Unknown,United Kingdom,,,,0,Elite Buyers,366,4,1183.4,295.85,61,1333,26.895454545454545,0.9916069644835572,-1.0914579578618453
12924,Unknown,United Kingdom,,,,0,Elite Buyers,411,5,1182.94,236.588,51,1169,30.331794871794873,1.327893637044257,-1.0334745622255197
14227,Unknown,United Kingdom,,,,0,Elite Buyers,93,5,1181.08,236.216,54,1517,23.6216,0.6198785776343048,-1.7659818278959265
17637,Unknown,United Kingdom,,,,0,Elite Buyers,197,2,1179.24,589.62,40,1406,25.090212765957446,0.5078371904411678,-0.8670955953160747
14114,Unknown,United Kingdom,,,,0,Elite Buyers,478,3,1178.41,392.80333333333334,36,1041,33.66885714285714,1.3795195053323217,-0.4519380480516848
15692,Unknown,United Kingdom,,,,1,Active Buyers,1172,3,1165.8,388.6,40,339,97.15,2.7677345032951965,1.3227139926015739
13131,Unknown,United Kingdom,,,,0,Elite Buyers,287,4,1162.85,290.7125,56,1413,24.74148936170213,0.8610867905782127,-1.298062908147117
13066,Unknown,United Kingdom,,,,0,Elite Buyers,78,2,1161.94,580.97,73,1556,22.345,0.10815093596590863,-1.1509886111868994
14821,Unknown,United Kingdom,,,,0,Elite Buyers,882,2,1161.06,580.53,42,1085,32.251666666666665,1.6288342888384326,0.23142818453636935
14193,Unknown,United Kingdom,,,,0,Elite Buyers,49,4,1158.04,289.51,52,1708,20.316491228070177,0.32741775808807305,-1.886621039648574
14789,Unknown,United Kingdom,,,,1,Active Buyers,1345,2,1155.37,577.685,30,166,192.56166666666667,2.9512552481599696,2.2309202146697507
13484,Unknown,United Kingdom,,,,0,Elite Buyers,41,3,1143.87,381.29,45,1447,23.830625,0.4676858648576885,-1.4194771716063492
14997,Unknown,United Kingdom,,,,1,Active Buyers,731,4,1142.63,285.6575,68,752,45.7052,1.9429187516424946,-0.024176136570467827
18085,Unknown,United Kingdom,,,,0,Elite Buyers,243,3,1141.35,380.45,55,1936,17.83359375,0.2316476387927494,-1.7117975833225616
16589,Unknown,United Kingdom,,,,0,Elite Buyers,405,5,1135.96,227.192,66,1414,24.16936170212766,1.085763851737291,-1.3603335712584301
12352,Unknown,Norway,,,,0,Elite Buyers,540,3,1133.25,377.75,31,1283,26.3546511627907,1.3153985857103028,-0.7292701462383091
18071,Unknown,United Kingdom,,,,0,Elite Buyers,227,4,1132.22,283.055,43,1709,19.863508771929826,0.6079345428104654,-1.7341819061750396
15253,Unknown,United Kingdom,,,,1,Active Buyers,1136,2,1128.38,564.19,61,347,94.03166666666667,2.4676152214444804,1.5589148430456456
14019,Unknown,United Kingdom,,,,1,Active Buyers,937,3,1122.57,374.19,38,849,40.09178571428571,2.1345396873313343,0.23400585207683947
13348,Unknown,United Kingdom,,,,0,Elite Buyers,26,3,1120.79,373.5966666666667,64,1639,20.755370370370372,0.2175652160718845,-1.6515689020839286
17631,Unknown,United Kingdom,,,,0,Elite Buyers,294,2,1111.46,555.73,23,1308,25.260454545454547,0.8921560271229456,-0.7615547067058209
16295,Unknown,United Kingdom,,,,1,Active Buyers,869,6,1110.32,185.05333333333334,67,796,41.122962962962966,2.2819384076875076,-0.28397222274027356
15353,Unknown,United Kingdom,,,,0,Elite Buyers,86,3,1110.02,370.00666666666666,44,1912,17.61936507936508,0.13746348368566208,-1.9045917941347439
15124,Unknown,United Kingdom,,,,0,Elite Buyers,211,3,1108.84,369.61333333333334,54,1609,20.921509433962264,0.5189258196663931,-1.4415655838025339
12386,Unknown,Australia,,,,0,Elite Buyers,147,4,1108.29,277.0725,44,1820,18.4715,0.423724336279217,-1.9604039524693233
14779,Unknown,United Kingdom,,,,0,Elite Buyers,5,3,1102.91,367.63666666666666,52,1728,19.349298245614037,0.17381680582042514,-1.8014100653536644
13494,Unknown,United Kingdom,,,,0,Elite Buyers,442,5,1102.73,220.546,56,1382,23.972391304347827,1.2245555806040456,-1.333405100100616
16732,Unknown,United Kingdom,,,,0,Elite Buyers,329,4,1102.42,275.605,52,1274,26.24809523809524,1.1012336161549854,-1.1678555198989342
16597,Unknown,United Kingdom,,,,0,Elite Buyers,273,3,1101.69,367.23,42,1421,23.440212765957448,0.825139851675355,-1.192047470728292
17219,Unknown,United Kingdom,,,,0,Elite Buyers,212,4,1100.62,275.155,59,1391,23.926521739130436,0.8287393078716097,-1.4242908365065405
15081,Unknown,United Kingdom,,,,0,Elite Buyers,156,5,1099.81,219.962,50,1842,18.029672131147542,0.4900765970924226,-2.1453873663532868
17620,Unknown,United Kingdom,,,,0,Elite Buyers,160,3,1098.62,366.20666666666665,47,1352,24.413777777777778,0.7262871824467161,-1.2383723958115793
14284,Unknown,United Kingdom,,,,0,Elite Buyers,386,3,1096.07,365.3566666666667,44,1186,28.104358974358973,1.1635768349281348,-0.8041184230405871
15181,Unknown,United Kingdom,,,,0,Elite Buyers,552,2,1087.84,543.92,45,1174,27.893333333333334,1.1952008014077846,-0.31794190088670576
16531,Unknown,United Kingdom,,,,0,Elite Buyers,568,5,1087.71,217.542,59,1216,26.529512195121953,1.5272279393837622,-1.029038621881903
16282,Unknown,United Kingdom,,,,1,Active Buyers,924,4,1085.05,271.2625,59,811,40.18703703703704,2.2119308514531233,0.026852901073853436
18260,Unknown,United Kingdom,,,,0,Elite Buyers,498,3,1082.14,360.7133333333333,46,1084,30.059444444444445,1.3921365047667995,-0.5808397044193725
13925,Unknown,United Kingdom,,,,0,Elite Buyers,295,4,1079.62,269.905,49,1310,24.53681818181818,1.0633645466262296,-1.284860128124792
14744,Unknown,United Kingdom,,,,1,Active Buyers,885,4,1076.21,269.0525,45,1082,29.89472222222222,2.0040524297965465,-0.38298558987870746
18209,Unknown,United Kingdom,,,,0,Elite Buyers,45,4,1068.43,267.1075,47,1466,21.80469387755102,0.6383957773692404,-1.74441574435698
13499,Unknown,United Kingdom,,,,0,Elite Buyers,517,3,1068.25,356.0833333333333,36,1025,31.419117647058822,1.532693436936729,-0.5175805095738969
13248,Unknown,United Kingdom,,,,0,Elite Buyers,392,5,1064.2,212.84,58,1369,23.648888888888887,1.1993585916774834,-1.4141696579024898
18255,Unknown,United Kingdom,,,,1,Active Buyers,1043,2,1063.08,531.54,35,470,66.4425,2.44998988010316,1.1248069338103042
13579,Unknown,United Kingdom,,,,0,Elite Buyers,408,4,1059.88,264.97,42,1651,19.270545454545456,0.9491346561396408,-1.5659452484297953
17128,Unknown,United Kingdom,,,,0,Elite Buyers,423,5,1058.14,211.628,63,1159,27.13179487179487,1.4107639151885136,-1.1528604643320537
14448,Unknown,United Kingdom,,,,0,Elite Buyers,462,3,1053.75,351.25,52,1444,21.953125,1.0309084106045987,-1.06418510586097
14636,Unknown,United Kingdom,,,,0,Elite Buyers,59,3,1053.7,351.23333333333335,41,1697,18.81607142857143,0.36422348925460646,-1.7835515554179087
17027,Unknown,United Kingdom,,,,1,Active Buyers,898,3,1052.95,350.98333333333335,44,925,33.96612903225807,2.053515357425931,0.006672683941611274
13697,Unknown,United Kingdom,,,,0,Elite Buyers,576,2,1052.92,526.46,48,1239,25.680975609756096,1.184059411518009,-0.40698953624177403
15945,Unknown,United Kingdom,,,,1,Active Buyers,1269,2,1045.46,522.73,42,667,47.52090909090909,2.5486339245411,1.058935339210485
13741,Unknown,United Kingdom,,,,1,Active Buyers,629,7,1038.25,148.32142857142858,59,1041,29.664285714285715,1.9384821477762006,-1.0653341176652438
14331,Unknown,United Kingdom,,,,0,Elite Buyers,531,2,1035.49,517.745,57,1106,27.986216216216217,1.2232369387353408,-0.31828645650145904
15774,Unknown,United Kingdom,,,,1,Active Buyers,1092,2,1031.39,515.695,62,693,44.84304347826087,2.2380559662851582,0.8275764756334456
16989,Unknown,United Kingdom,,,,1,Active Buyers,1485,4,1029.3,257.325,7,301,102.93,3.783941357441461,1.304307110511899
14541,Unknown,United Kingdom,,,,0,Elite Buyers,206,6,1027.9,171.31666666666666,43,1372,22.345652173913045,1.148604033934853,-1.8242981769006554
16019,Unknown,United Kingdom,,,,0,Elite Buyers,554,5,1025.49,205.098,54,1352,22.788666666666668,1.4650391370950802,-1.2781934077211543
14972,Unknown,United Kingdom,,,,0,Elite Buyers,556,2,1025.19,512.595,52,1203,25.62975,1.1990601760815731,-0.4211645572016868
14037,Unknown,United Kingdom,,,,1,Active Buyers,1002,3,1022.68,340.8933333333333,62,904,34.089333333333336,2.148110304805908,0.12789731660594492
12781,Unknown,Czech Republic,,,,0,Elite Buyers,615,4,1020.11,255.0275,53,1020,30.003235294117648,1.7416064816571564,-0.6656666960633829
16756,Unknown,United Kingdom,,,,0,Elite Buyers,366,4,1020.06,255.015,50,1212,25.5015,1.2833576218493363,-1.1637283829126908
17483,Unknown,United Kingdom,,,,0,Elite Buyers,183,3,1015.06,338.35333333333335,33,1513,20.3012,0.7645887500288429,-1.5130677068262959
13318,Unknown,United Kingdom,,,,1,Active Buyers,1408,4,1013.76,253.44,29,376,77.98153846153846,3.3612224099699994,1.09235192975455
15101,Unknown,United Kingdom,,,,0,Elite Buyers,21,3,1011.06,337.02,32,1793,17.136610169491526,0.3250508370166725,-1.992469499668893
15199,Unknown,United Kingdom,,,,0,Elite Buyers,544,4,1009.34,252.335,10,1190,25.2335,1.8823973722506597,-1.0445081311589317
18149,Unknown,United Kingdom,,,,1,Active Buyers,1104,4,999.91,249.9775,35,505,58.81823529411765,2.868002127295977,0.5324418268866757
17190,Unknown,United Kingdom,,,,0,Elite Buyers,462,3,997.66,332.55333333333334,56,1020,29.34294117647059,1.436687519807372,-0.6440918550989673
14916,Unknown,United Kingdom,,,,1,Active Buyers,965,2,994.72,497.36,55,671,43.248695652173915,2.1654613034788586,0.6524936889445032
14672,Unknown,United Kingdom,,,,0,Elite Buyers,117,3,993.99,331.33,55,1527,19.49,0.5786399112400884,-1.607409037357931
17500,Unknown,United Kingdom,,,,0,Elite Buyers,659,2,993.16,496.58,39,883,33.105333333333334,1.6956290373592129,0.015571840064836223
12793,Unknown,Portugal,,,,0,Elite Buyers,85,5,990.3,198.06,49,2035,14.780597014925373,0.33099097889358264,-2.560294941949337
17889,Unknown,United Kingdom,,,,1,Active Buyers,625,4,989.22,247.305,54,892,32.974,1.8881516375334901,-0.5382883472140483
12695,Unknown,France,,,,0,Elite Buyers,344,4,982.7,245.675,40,1439,20.472916666666666,1.1430410463602345,-1.5103624619396265
15071,Unknown,United Kingdom,,,,1,Active Buyers,1580,2,982.07,491.035,25,56,491.035,3.408846472212123,2.8221221517768775
16125,Unknown,United Kingdom,,,,0,Elite Buyers,135,3,976.95,325.65,58,1863,15.75725806451613,0.30222502630651427,-1.963104746497283
14882,Unknown,United Kingdom,,,,1,Active Buyers,659,4,976.87,244.2175,39,1005,28.731470588235293,1.9195701709587114,-0.6795817466846253
16811,Unknown,United Kingdom,,,,1,Active Buyers,1162,3,975.0,325.0,27,532,54.166666666666664,2.8742458797319155,0.7167202773108239
13811,Unknown,Germany,,,,1,Active Buyers,990,3,971.71,323.9033333333333,17,587,48.5855,2.7272340190524367,0.41324759949456646
14889,Unknown,United Kingdom,,,,0,Elite Buyers,654,3,970.91,323.63666666666666,40,990,29.421515151515152,1.7980188975621285,-0.4522632903995423
18242,Unknown,United Kingdom,,,,0,Elite Buyers,345,3,966.64,322.2133333333333,27,1203,24.166,1.3276723101923693,-1.0672894624557203
18250,Unknown,United Kingdom,,,,0,Elite Buyers,259,4,965.67,241.4175,45,1534,18.93470588235294,0.9444546070174404,-1.722963655217128
14233,Unknown,United Kingdom,,,,0,Elite Buyers,148,3,965.0,321.6666666666667,19,1645,17.545454545454547,0.7740554486839686,-1.7931774436209698
16621,Unknown,United Kingdom,,,,0,Elite Buyers,2,4,963.89,240.9725,46,1640,17.849814814814813,0.5310555144421001,-2.1132254288502823
18080,Unknown,United Kingdom,,,,0,Elite Buyers,194,2,960.5,480.25,9,1324,21.829545454545453,1.093020723163334,-1.124911872522862
13801,Unknown,United Kingdom,,,,0,Elite Buyers,556,4,945.95,236.4875,55,1170,24.255128205128205,1.6036330518760717,-1.01007974228262
17370,Unknown,United Kingdom,,,,0,Elite Buyers,435,2,942.76,471.38,31,1170,24.173333333333332,1.275007222248779,-0.6539284228587061
14522,Unknown,United Kingdom,,,,0,Elite Buyers,271,4,939.19,234.7975,29,1334,21.34522727272727,1.2596776771719447,-1.544607528546002
13584,Unknown,United Kingdom,,,,0,Elite Buyers,85,4,936.15,234.0375,61,1588,17.66320754716981,0.645169138309218,-1.9983972703144355
15226,Unknown,United Kingdom,,,,0,Elite Buyers,625,3,932.49,310.83,43,1168,23.91,1.6319330447234983,-0.7502409789073817
15552,Unknown,United Kingdom,,,,0,Elite Buyers,551,3,931.06,310.35333333333335,43,1119,25.163783783783785,1.5842588871268415,-0.7705598108838487
17550,Unknown,United Kingdom,,,,1,Active Buyers,682,3,927.18,309.06,61,867,31.971724137931034,1.8856660361987552,-0.3086138790430246
17942,Unknown,United Kingdom,,,,0,Elite Buyers,376,2,919.58,459.79,54,1407,19.56553191489362,0.8950297528608102,-0.9953080971458167
15561,Unknown,United Kingdom,,,,0,Elite Buyers,456,4,916.31,229.0775,30,1153,24.11342105263158,1.6600301924008143,-1.1667348692766903
17881,Unknown,United Kingdom,,,,0,Elite Buyers,412,3,915.59,305.19666666666666,54,1200,22.88975,1.309930719099407,-1.0314473052721294
14133,Unknown,United Kingdom,,,,1,Active Buyers,1067,2,909.52,454.76,32,720,37.89666666666667,2.4537413900802374,0.5564834856057359
15224,Unknown,United Kingdom,,,,0,Elite Buyers,10,2,905.21,452.605,22,1835,14.839508196721312,0.27697960548957845,-1.914008698491148
18078,Unknown,United Kingdom,,,,1,Active Buyers,861,2,900.25,450.125,48,809,33.342592592592595,2.049074905345296,0.2164936563801618
13939,Unknown,United Kingdom,,,,1,Active Buyers,877,4,898.88,224.72,40,947,28.09,2.308577997512053,-0.4817264994252357
15985,Unknown,United Kingdom,,,,0,Elite Buyers,89,2,897.0,448.5,23,1517,17.94,0.6576669290266253,-1.4973946800964404
13460,Unknown,United Kingdom,,,,1,Active Buyers,665,3,896.61,298.87,28,877,30.91758620689655,2.060520581689716,-0.4190923215359663
12912,Unknown,United Kingdom,,,,0,Elite Buyers,530,3,893.67,297.89,22,1284,20.783023255813955,1.603218366698616,-1.0789082362367037
14699,Unknown,United Kingdom,,,,0,Elite Buyers,595,3,889.37,296.45666666666665,49,983,26.95060606060606,1.7707602678876104,-0.6194365397963835
16849,Unknown,United Kingdom,,,,0,Elite Buyers,301,4,887.99,221.9975,44,1368,19.73311111111111,1.2266553740954549,-1.6042863414857564
15463,Unknown,United Kingdom,,,,0,Elite Buyers,84,3,887.43,295.81,30,1458,18.488125,0.8407064806351772,-1.7446246359677382
17002,Unknown,United Kingdom,,,,1,Active Buyers,988,3,884.49,294.83,36,621,42.11857142857143,2.6227147295210336,0.27092503527828793
17429,Unknown,United Kingdom,,,,1,Active Buyers,971,5,880.82,176.164,55,788,33.87769230769231,2.5972026907535466,-0.33985081169413095
17236,Unknown,United Kingdom,,,,0,Elite Buyers,0,5,880.47,176.094,57,1845,14.433934426229508,0.4776675968667401,-2.609392325721349
12464,Unknown,Belgium,,,,0,Elite Buyers,635,3,880.42,293.47333333333336,36,1130,23.16894736842105,1.7720575036981705,-0.7840117011682213
17489,Unknown,United Kingdom,,,,0,Elite Buyers,250,4,878.75,219.6875,43,1267,20.922619047619047,1.2691805774932712,-1.5638101094041823
15100,Unknown,United Kingdom,,,,1,Active Buyers,1552,3,876.0,292.0,1,627,41.714285714285715,3.981556588413522,0.7173009765614644
16963,Unknown,United Kingdom,,,,1,Active Buyers,1211,2,865.16,432.58,29,489,50.89176470588235,2.8821866388105346,0.9753230780161557
15709,Unknown,United Kingdom,,,,0,Elite Buyers,203,3,860.78,286.9266666666667,53,1620,15.94037037037037,0.7450425693793143,-1.8091987251721688
15652,Unknown,United Kingdom,,,,0,Elite Buyers,24,5,860.06,172.012,46,1550,16.86392156862745,0.8424136383994014,-2.311518792011219
12763,Unknown,Japan,,,,1,Active Buyers,997,3,857.46,285.82,33,1062,24.498857142857144,2.3153236729884457,-0.34144639210035915
18087,Unknown,United Kingdom,,,,1,Active Buyers,1786,1,852.8,852.8,1,0,852.8,4.015321195970352,3.5994401915437813
13675,Unknown,United Kingdom,,,,0,Elite Buyers,84,4,848.58,212.145,61,1431,17.67875,0.8776500527161868,-1.962749514627988
15582,Unknown,United Kingdom,,,,0,Elite Buyers,143,3,847.64,282.5466666666667,44,1619,15.697037037037036,0.7288466411582133,-1.9033604251267104
15452,Unknown,United Kingdom,,,,0,Elite Buyers,121,2,846.54,423.27,36,1421,18.01148936170213,0.7387813781270831,-1.415020055005474
16441,Unknown,United Kingdom,,,,1,Active Buyers,829,2,846.52,423.26,30,928,27.30709677419355,2.0739262144510366,-0.08026562288128758
13329,Unknown,United Kingdom,,,,1,Active Buyers,1394,3,844.4,281.46666666666664,19,573,44.44210526315789,3.338319320486459,0.699001724642903
14150,Unknown,United Kingdom,,,,0,Elite Buyers,379,4,833.02,208.255,41,1346,18.511555555555557,1.4196204069348564,-1.5913436686650981
15653,Unknown,United Kingdom,,,,1,Active Buyers,1605,1,829.44,829.44,2,0,829.44,3.7280480703076577,3.3854889764640492
16927,Unknown,United Kingdom,,,,0,Elite Buyers,28,2,818.24,409.12,29,1583,15.438490566037736,0.5620725362258292,-1.753828440872695
15649,Unknown,United Kingdom,,,,1,Active Buyers,1644,2,816.0,408.0,1,354,68.0,4.17488550709804,1.4880184296510044
14964,Unknown,United Kingdom,,,,0,Elite Buyers,272,3,815.47,271.8233333333333,28,1399,17.727608695652172,1.218197224312574,-1.5922920204053845
13747,Unknown,United Kingdom,,,,0,Elite Buyers,392,2,813.44,406.72,15,1787,13.787118644067796,0.9707956985307682,-1.6087527403181374
12559,Unknown,Germany,,,,1,Active Buyers,985,2,811.49,405.745,50,808,30.055185185185184,2.2912849605712275,0.21290060870808994
16872,Unknown,United Kingdom,,,,1,Active Buyers,720,2,805.25,402.625,14,888,26.841666666666665,2.188795705459144,-0.2565209624198096
18167,Unknown,United Kingdom,,,,0,Elite Buyers,390,3,802.35,267.45,24,1335,18.235227272727272,1.4685754135652145,-1.423079406860992
12738,Unknown,Germany,,,,0,Elite Buyers,573,3,799.94,266.64666666666665,44,1575,15.383461538461539,1.3477101268852643,-1.4633873216790396
16623,Unknown,United Kingdom,,,,0,Elite Buyers,138,3,794.35,264.78333333333336,49,1472,16.211224489795917,0.8914517894795813,-1.8309986321999308
16037,Unknown,United Kingdom,,,,0,Elite Buyers,68,2,792.6,396.3,28,1544,15.541176470588235,0.6822851567244983,-1.707387816454994
18011,Unknown,United Kingdom,,,,0,Elite Buyers,278,6,790.52,131.75333333333333,72,1901,12.547936507936507,0.8932074754585566,-2.633932473015134
18211,Unknown,United Kingdom,,,,0,Elite Buyers,503,2,787.96,393.98,28,1169,20.204102564102563,1.551992721102863,-0.8268718905068267
16163,Unknown,United Kingdom,,,,1,Active Buyers,841,2,787.2,393.6,13,1095,21.866666666666667,2.1947605336961913,-0.40463200294867674
16378,Unknown,United Kingdom,,,,1,Active Buyers,903,5,785.98,157.196,46,890,26.199333333333332,2.5801248204736824,-0.7203219153431356
16488,Unknown,United Kingdom,,,,1,Active Buyers,1256,2,781.26,390.63,21,408,55.80428571428571,3.160687107521459,1.0186801159466952
16505,Unknown,United Kingdom,,,,1,Active Buyers,1603,1,777.6,777.6,4,0,777.6,3.6706983317669435,3.3206139902987606
14345,Unknown,United Kingdom,,,,1,Active Buyers,904,2,777.54,388.77,26,911,25.918,2.290623058878718,-0.0934247283059052
15063,Unknown,United Kingdom,,,,0,Elite Buyers,367,2,772.99,386.495,15,1181,19.82025641025641,1.5280673776143723,-1.040128393078778
14819,Unknown,United Kingdom,,,,1,Active Buyers,596,4,772.44,193.11,39,1069,21.456666666666667,2.010108454316284,-1.1416241928514694
15380,Unknown,United Kingdom,,,,1,Active Buyers,1386,3,772.17,257.39,17,550,40.64052631578947,3.45994210187735,0.5821326418823052
17339,Unknown,United Kingdom,,,,0,Elite Buyers,80,5,770.98,154.196,38,1856,12.435161290322581,0.7826729505296308,-2.735892352546909
13434,Unknown,United Kingdom,,,,0,Elite Buyers,241,2,769.96,384.98,24,1486,15.713469387755103,1.0067315769763396,-1.5024948661632322
16217,Unknown,United Kingdom,,,,0,Elite Buyers,455,3,768.78,256.26,44,1337,17.472272727272728,1.4524640915340377,-1.3820641373987752
14501,Unknown,United Kingdom,,,,0,Elite Buyers,195,4,767.4,191.85,35,1382,16.682608695652174,1.2752405665983955,-1.947553977292401
17022,Unknown,United Kingdom,,,,1,Active Buyers,558,3,766.87,255.62333333333333,26,1045,21.91057142857143,1.9537151663179086,-0.9664100072196564
13899,Unknown,United Kingdom,,,,1,Active Buyers,1064,3,763.54,254.51333333333332,32,486,47.72125,2.9803780862987392,0.37372530449768426
17446,Unknown,United Kingdom,,,,0,Elite Buyers,387,3,760.49,253.49666666666667,24,1406,16.180638297872342,1.4544799855945105,-1.5835444785473782
12489,Unknown,France,,,,0,Elite Buyers,586,3,760.17,253.39,40,1058,21.719142857142856,1.8883504445165986,-0.937379854617925
17061,Unknown,United Kingdom,,,,1,Active Buyers,650,2,759.66,379.83,12,1051,21.704571428571427,2.051335798155184,-0.6160779840689738
16292,Unknown,United Kingdom,,,,0,Elite Buyers,26,3,758.74,252.91333333333333,35,1519,15.1748,0.8297541884919777,-2.077327191676904
17856,Unknown,United Kingdom,,,,1,Active Buyers,1602,2,758.21,379.105,11,162,126.36833333333334,3.8880621967460645,1.888560933801631
14477,Unknown,United Kingdom,,,,1,Active Buyers,1396,2,755.0,377.5,17,212,107.85714285714286,3.5177056132329465,1.5722810549882715
13950,Unknown,United Kingdom,,,,1,Active Buyers,1403,2,754.35,377.175,37,238,94.29375,3.3472637913130066,1.537515699068234
16183,Unknown,United Kingdom,,,,1,Active Buyers,1020,2,753.92,376.96,34,737,30.1568,2.5497532633364908,0.22239668360042694
13723,Unknown,United Kingdom,,,,0,Elite Buyers,379,4,747.98,186.995,38,1291,17.39488372093023,1.5865812602509894,-1.6763808538603209
12355,Unknown,Bahrain,,,,1,Active Buyers,637,2,746.13,373.065,33,941,24.068709677419356,1.9255463295388204,-0.46546974608963826
16668,Unknown,United Kingdom,,,,0,Elite Buyers,3,4,744.99,186.2475,37,1575,14.32673076923077,0.8833083674756173,-2.40048462534829
16325,Unknown,United Kingdom,,,,0,Elite Buyers,429,4,741.62,185.405,33,1209,18.5405,1.7582213988897029,-1.5438079986709836
13962,Unknown,United Kingdom,,,,1,Active Buyers,729,4,737.53,184.3825,38,881,25.432068965517242,2.3793463398047163,-0.8173109585324889
16716,Unknown,United Kingdom,,,,1,Active Buyers,1824,1,734.4,734.4,1,0,734.4,4.204643254958185,3.4356637117151876
14421,Unknown,United Kingdom,,,,1,Active Buyers,937,2,733.65,366.825,28,550,38.613157894736844,2.6660509192810706,0.35469637189668235
15747,Unknown,United Kingdom,,,,0,Elite Buyers,373,3,723.35,241.11666666666667,39,1141,19.035526315789475,1.6097916786529898,-1.3385599757766222
13376,Unknown,United Kingdom,,,,0,Elite Buyers,155,2,722.15,361.075,23,1662,13.13,0.8143152136848737,-1.8745266084197443
13043,Unknown,United Kingdom,,,,0,Elite Buyers,40,2,719.35,359.675,17,1479,14.68061224489796,0.9071858992334152,-1.8227974549898198
12816,Unknown,Poland,,,,1,Active Buyers,898,3,718.43,239.47666666666666,38,799,26.60851851851852,2.5554833578018257,-0.3579117514521001
12547,Unknown,Spain,,,,0,Elite Buyers,163,2,717.07,358.535,24,1570,13.789807692307692,0.9042055506358799,-1.7754572856034567
16162,Unknown,United Kingdom,,,,0,Elite Buyers,314,2,714.16,357.08,29,1508,14.2832,1.106635514846201,-1.5413746830104342
17816,Unknown,United Kingdom,,,,0,Elite Buyers,212,7,713.88,101.98285714285714,52,1724,12.52421052631579,1.2059871143928567,-2.7864648110377783
16041,Unknown,United Kingdom,,,,1,Active Buyers,874,2,712.79,356.395,13,698,30.99086956521739,2.6618010838647272,0.008647261101579345
16513,Unknown,United Kingdom,,,,1,Active Buyers,796,3,712.72,237.57333333333332,35,1018,20.96235294117647,2.2712962275115407,-0.7584779495647679
13587,Unknown,United Kingdom,,,,1,Active Buyers,1635,1,712.4,712.4,8,0,712.4,3.6593571716175157,3.2649297686743997
13889,Unknown,United Kingdom,,,,1,Active Buyers,862,2,704.98,352.49,27,743,28.1992,2.4655502090090295,-0.05619570156718037
16018,Unknown,United Kingdom,,,,1,Active Buyers,731,2,699.2,349.6,22,755,27.968,2.3465138360431834,-0.22918182856276864
13805,Unknown,United Kingdom,,,,0,Elite Buyers,104,2,695.44,347.72,11,1683,12.418571428571429,0.9275227378077846,-2.039752771615178
14850,Unknown,United Kingdom,,,,1,Active Buyers,1378,3,690.93,230.31,41,446,46.062,3.435416058059207,0.6507682247711296
13487,Unknown,United Kingdom,,,,1,Active Buyers,742,4,689.75,172.4375,38,806,25.546296296296298,2.5230891900175605,-0.8026017593472831
12942,Unknown,United Kingdom,,,,0,Elite Buyers,512,4,683.67,170.9175,34,1424,14.546170212765958,1.7403013276245223,-1.8032394763826876
17078,Unknown,United Kingdom,,,,1,Active Buyers,708,2,681.71,340.855,45,1048,19.47742857142857,1.9395067253209297,-0.6330849838036635
13513,Unknown,United Kingdom,,,,0,Elite Buyers,49,3,680.14,226.71333333333334,25,1649,12.366181818181818,0.9204824257101167,-2.360108964077188
14542,Unknown,United Kingdom,,,,1,Active Buyers,1234,2,678.44,339.22,25,405,48.46,3.2330095687990585,0.8134247085199595
15060,Unknown,United Kingdom,,,,0,Elite Buyers,239,2,676.76,338.38,22,1575,13.014615384615384,1.0660773949203555,-1.7788538206982571
15843,Unknown,United Kingdom,,,,0,Elite Buyers,154,3,671.8,223.93333333333334,38,1427,14.293617021276596,1.1652088436319645,-1.9974425773551447
12935,Unknown,United Kingdom,,,,1,Active Buyers,821,2,669.94,334.97,42,812,24.812592592592594,2.3081158616644264,-0.23669243104603563
15180,Unknown,United Kingdom,,,,1,Active Buyers,905,2,667.59,333.795,37,1093,18.544166666666666,2.2034857294473404,-0.5056383192969293
17006,Unknown,United Kingdom,,,,0,Elite Buyers,271,4,665.74,166.435,34,1423,14.16468085106383,1.4717597957226816,-2.0994603803226437
17387,Unknown,United Kingdom,,,,0,Elite Buyers,325,2,662.92,331.46,31,1339,15.066363636363636,1.3250199759852535,-1.4361373022367452
14219,Unknown,United Kingdom,,,,1,Active Buyers,628,2,662.51,331.255,25,1066,18.403055555555557,1.9848321218663059,-0.8135823868186866
18227,Unknown,United Kingdom,,,,0,Elite Buyers,503,3,662.49,220.83,28,1167,16.986923076923077,1.9032089922239002,-1.3640711472317057
14463,Unknown,United Kingdom,,,,1,Active Buyers,617,2,661.86,330.93,16,1169,16.970769230769232,1.9787326155500065,-0.9653464603976275
14603,Unknown,United Kingdom,,,,1,Active Buyers,1550,1,660.0,660.0,2,0,660.0,3.8792024440138526,3.0124554192296777
15399,Unknown,United Kingdom,,,,1,Active Buyers,724,2,659.51,329.755,41,878,22.741724137931033,2.15418508725233,-0.44807761437401716
14027,Unknown,United Kingdom,,,,0,Elite Buyers,352,4,653.85,163.4625,33,1191,16.34625,1.8007387952312741,-1.7820369418880202
13260,Unknown,United Kingdom,,,,0,Elite Buyers,23,2,651.14,325.57,15,1550,12.767450980392157,0.9433815975021969,-2.0549325154887685
15400,Unknown,United Kingdom,,,,1,Active Buyers,1605,4,649.0,162.25,9,154,108.16666666666667,4.400487534147736,1.1570329192681728
18013,Unknown,United Kingdom,,,,0,Elite Buyers,51,4,646.61,161.6525,59,1587,12.200188679245283,0.962047458154033,-2.532301946288301
14002,Unknown,United Kingdom,,,,0,Elite Buyers,111,2,645.98,322.99,30,1557,12.422692307692307,0.9029183357173234,-1.9502660733532684
13242,Unknown,United Kingdom,,,,0,Elite Buyers,150,2,645.91,322.955,26,1398,14.041521739130435,1.1223839228261614,-1.7357082747962622
13079,Unknown,United Kingdom,,,,1,Active Buyers,772,3,645.08,215.02666666666667,20,922,20.809032258064516,2.5418510859354333,-0.8295614592722808
17519,Unknown,United Kingdom,,,,1,Active Buyers,1202,2,642.12,321.06,33,826,22.93285714285714,2.8584368973631697,0.08069898586121929
17560,Unknown,United Kingdom,,,,0,Elite Buyers,29,5,639.3,127.86,19,1764,10.835593220338984,1.13285287045798,-2.9796156777709286
17527,Unknown,United Kingdom,,,,1,Active Buyers,542,4,637.44,159.36,26,1159,16.344615384615384,2.137774025078634,-1.5852079702400739
15569,Unknown,United Kingdom,,,,0,Elite Buyers,183,2,630.24,315.12,26,1338,14.005333333333333,1.2415681927615756,-1.6749882452534033
13509,Unknown,United Kingdom,,,,1,Active Buyers,1296,4,627.62,156.905,24,521,34.867777777777775,3.620084017773557,0.05171041125069373
18150,Unknown,United Kingdom,,,,1,Active Buyers,1234,2,625.76,312.88,30,400,44.69714285714286,3.2746716666374382,0.7163498421802733
12827,Unknown,United Kingdom,,,,1,Active Buyers,636,3,625.43,208.47666666666666,25,1088,17.373055555555556,2.212606770024317,-1.2053269310268993
12601,Unknown,Germany,,,,0,Elite Buyers,216,6,624.92,104.15333333333334,37,1545,12.253333333333334,1.5089321519018002,-2.672076083013171
17702,Unknown,United Kingdom,,,,0,Elite Buyers,314,2,623.15,311.575,24,1258,14.836904761904762,1.4996531321664763,-1.4585704858127588
12891,Unknown,United Kingdom,,,,0,Elite Buyers,19,3,621.37,207.12333333333333,12,1743,10.713275862068965,1.0422620658601072,-2.6462246514235037
14234,Unknown,United Kingdom,,,,1,Active Buyers,596,3,621.28,207.09333333333333,31,976,18.826666666666668,2.2210837842875484,-1.1198870577157816
14020,Unknown,United Kingdom,,,,0,Elite Buyers,276,3,620.23,206.74333333333334,33,1207,15.50575,1.6159610619156277,-1.7338793998203548
14054,Unknown,United Kingdom,,,,1,Active Buyers,1041,3,618.22,206.07333333333332,27,655,28.10090909090909,3.064194599358599,-0.2192745455790514
14173,Unknown,United Kingdom,,,,0,Elite Buyers,238,3,615.75,205.25,35,1493,12.315,1.3115825433046042,-2.105912702599665
14761,Unknown,United Kingdom,,,,1,Active Buyers,1357,3,611.51,203.83666666666667,20,225,76.43875,3.823760376226666,0.8767263438350861
17502,Unknown,United Kingdom,,,,0,Elite Buyers,383,2,609.89,304.945,37,1159,15.638205128205128,1.596249344777485,-1.2803947129238995
15125,Unknown,United Kingdom,,,,1,Active Buyers,1291,2,608.88,304.44,19,252,67.65333333333334,3.561512322139956,1.028902332060207
12884,Unknown,United Kingdom,,,,1,Active Buyers,1274,2,608.29,304.145,17,209,86.89857142857143,3.5775083564472236,1.1472012149762547
15917,Unknown,United Kingdom,,,,0,Elite Buyers,141,3,607.62,202.54,40,1530,11.914117647058823,1.1422644063851841,-2.2604664190952497
14500,Unknown,United Kingdom,,,,0,Elite Buyers,433,3,604.61,201.53666666666666,21,1328,13.741136363636363,1.8250229035657766,-1.7573557211414392
12917,Unknown,United Kingdom,,,,1,Active Buyers,1759,1,594.0,594.0,2,0,594.0,4.235381761978029,3.0947193024565984
13104,Unknown,United Kingdom,,,,1,Active Buyers,997,2,593.44,296.72,15,666,26.974545454545453,2.9817227999561875,-0.05480751073691223
17574,Unknown,United Kingdom,,,,1,Active Buyers,1186,2,592.69,296.345,27,332,53.88090909090909,3.328328538514942,0.7438495327813212
18146,Unknown,United Kingdom,,,,1,Active Buyers,1223,2,592.1,296.05,11,539,32.894444444444446,3.4253846031567927,0.3610552931528259
14974,Unknown,United Kingdom,,,,0,Elite Buyers,99,4,588.56,147.14,38,1685,10.51,1.1190014737628584,-2.7292999778228944
16832,Unknown,United Kingdom,,,,1,Active Buyers,1108,3,587.1,195.7,20,562,30.9,3.3337648878823165,-0.09336907488676452
16478,Unknown,United Kingdom,,,,1,Active Buyers,1223,4,581.27,145.3175,27,473,36.329375,3.6104834053479475,-0.03660619338546975
16611,Unknown,United Kingdom,,,,0,Elite Buyers,59,2,566.8,283.4,31,1610,10.69433962264151,0.9064971639185904,-2.2305523360631727
13531,Unknown,United Kingdom,,,,0,Elite Buyers,514,2,565.15,282.575,27,1453,11.773958333333333,1.636957379716899,-1.5799126788940823
15381,Unknown,United Kingdom,,,,0,Elite Buyers,14,2,562.88,281.44,15,1534,11.03686274509804,1.0855467517818662,-2.2463094143599283
17854,Unknown,United Kingdom,,,,1,Active Buyers,790,2,562.0,281.0,19,849,20.071428571428573,2.580122582731091,-0.5918170775227797
15775,Unknown,United Kingdom,,,,0,Elite Buyers,229,4,561.46,140.365,24,1381,12.205652173913043,1.6962873105597636,-2.3468033235013137
14915,Unknown,United Kingdom,,,,0,Elite Buyers,148,3,561.1,187.03333333333333,14,1494,11.222,1.4881511039871982,-2.3726353866539487
16866,Unknown,United Kingdom,,,,0,Elite Buyers,264,4,558.78,139.695,31,1555,10.74576923076923,1.532429361693632,-2.4938104334414293
14434,Unknown,United Kingdom,,,,1,Active Buyers,1543,3,552.0,184.0,3,241,69.0,4.51159884682119,0.8421283657017726
16425,Unknown,United Kingdom,,,,0,Elite Buyers,346,2,550.88,275.44,30,1205,13.772,1.6521770868540893,-1.5152639186014973
17291,Unknown,United Kingdom,,,,1,Active Buyers,1734,1,550.8,550.8,1,0,550.8,4.3694991643732415,2.9436061554676414
14924,Unknown,United Kingdom,,,,1,Active Buyers,598,2,550.77,275.385,20,1012,16.199117647058824,2.2177796792307825,-1.038012181737334
16565,Unknown,United Kingdom,,,,0,Elite Buyers,541,3,548.09,182.69666666666666,26,1365,12.179777777777778,1.9697448572294758,-1.8003861162752623
16914,Unknown,United Kingdom,,,,1,Active Buyers,920,3,545.94,181.98,45,836,19.497857142857143,2.7735397402322306,-0.7419292513321213
17096,Unknown,United Kingdom,,,,1,Active Buyers,608,3,539.53,179.84333333333333,22,874,18.60448275862069,2.5287419330554344,-1.1768396658226032
16224,Unknown,United Kingdom,,,,1,Active Buyers,649,2,537.71,268.855,27,1083,14.936388888888889,2.1749493491937355,-1.0817261267093878
15847,Unknown,United Kingdom,,,,1,Active Buyers,1136,3,536.91,178.97,31,679,23.34391304347826,3.2655822662532343,-0.33842379344666174
17443,Unknown,Canada,,,,1,Active Buyers,1731,1,534.24,534.24,1,0,534.24,4.3949923346580455,2.89850926172824
12651,Unknown,France,,,,1,Active Buyers,1084,2,532.43,266.215,14,498,31.319411764705883,3.338531598925489,0.13503704353257687
12476,Unknown,Germany,,,,1,Active Buyers,1431,2,531.55,265.775,19,270,59.06111111111111,3.8446342207242807,0.980921252333633
12367,Unknown,Denmark,,,,0,Elite Buyers,528,2,530.3,265.15,34,1166,13.597435897435897,1.9179018880845446,-1.320640039204367
13210,Unknown,United Kingdom,,,,1,Active Buyers,983,2,528.07,264.035,31,653,24.00318181818182,2.929836892069935,-0.1823493540901442
17453,Unknown,United Kingdom,,,,1,Active Buyers,1305,2,527.96,263.98,19,360,43.99666666666667,3.6438552256510164,0.6384432133708953
16966,Unknown,United Kingdom,,,,0,Elite Buyers,185,3,527.22,175.74,15,1629,9.763333333333334,1.4551853608367313,-2.552819405078045
17351,Unknown,United Kingdom,,,,1,Active Buyers,540,3,522.14,174.04666666666665,21,1216,13.0535,2.192126803617767,-1.7075259570071852
13718,Unknown,United Kingdom,,,,1,Active Buyers,982,2,521.27,260.635,12,659,23.69409090909091,3.1407123505493835,-0.2513650901981116
17674,Unknown,United Kingdom,,,,1,Active Buyers,905,2,514.41,257.205,26,1123,13.902972972972973,2.5025189428312875,-0.9090873158522673
16881,Unknown,United Kingdom,,,,1,Active Buyers,1076,2,513.49,256.745,6,650,23.340454545454545,3.4199047008892816,-0.1936698446255798
15237,Unknown,United Kingdom,,,,0,Elite Buyers,275,2,513.1,256.55,15,1327,11.661363636363637,1.6760786123861307,-1.8587805563647082
16809,Unknown,United Kingdom,,,,0,Elite Buyers,182,2,512.7,256.35,33,1391,11.145652173913044,1.334061868995615,-1.9926351582736872
13816,Unknown,Germany,,,,0,Elite Buyers,145,2,510.85,255.425,24,1520,10.217,1.2467634640704488,-2.191568838323514
15355,Unknown,United Kingdom,,,,1,Active Buyers,852,3,510.73,170.24333333333334,22,690,22.205652173913045,3.0305071141273188,-0.7396350683574904
15690,Unknown,United Kingdom,,,,1,Active Buyers,1119,3,508.45,169.48333333333332,35,575,26.760526315789473,3.3481316915002775,-0.25952592829086146
13049,Unknown,United Kingdom,,,,1,Active Buyers,1665,1,502.9,502.9,7,0,502.9,4.055637444517973,2.814101844826827
14947,Unknown,United Kingdom,,,,1,Active Buyers,1109,2,502.65,251.325,19,709,20.94375,3.193793900839281,-0.21809929661801786
15434,Unknown,United Kingdom,,,,1,Active Buyers,1242,3,502.56,167.52,21,572,26.450526315789475,3.624862198681015,-0.1642946989204481
13651,Unknown,United Kingdom,,,,0,Elite Buyers,394,2,500.26,250.13,18,1331,11.369545454545454,1.8024030173400103,-1.7581008025808853
14142,Unknown,United Kingdom,,,,0,Elite Buyers,554,2,499.94,249.97,29,1625,9.258148148148148,1.632307892397236,-1.8834427659731228
17995,Unknown,United Kingdom,,,,1,Active Buyers,996,2,499.78,249.89,20,768,19.22230769230769,3.002014917113303,-0.42732586218444013
13728,Unknown,United Kingdom,,,,0,Elite Buyers,415,4,497.46,124.365,36,1378,10.814347826086957,1.9511428405330777,-2.283978440199378
15899,Unknown,United Kingdom,,,,0,Elite Buyers,351,2,492.67,246.335,18,1677,8.797678571428571,1.4558066582576554,-2.20283929308173
15433,Unknown,United Kingdom,,,,0,Elite Buyers,267,3,489.88,163.29333333333332,24,1281,11.392558139534884,1.8345285899390338,-2.1645252721953554
14457,Unknown,United Kingdom,,,,1,Active Buyers,493,3,488.04,162.68,33,1300,11.349767441860465,2.025803715376018,-1.9243346848334197
12441,Unknown,France,,,,1,Active Buyers,1451,2,486.41,243.205,24,516,28.61235294117647,3.7390951244924295,0.42173111522452955
15937,Unknown,United Kingdom,,,,0,Elite Buyers,54,3,481.62,160.54,23,1611,9.087169811320754,1.3030354382937042,-2.7723620539266483
13812,Unknown,Germany,,,,1,Active Buyers,731,2,478.52,239.26,11,934,15.436129032258064,2.7063102332115943,-1.0094637338820316
17420,Unknown,United Kingdom,,,,0,Elite Buyers,233,2,475.15,237.575,12,1946,7.31,1.1878665084213218,-2.6749862326676532
17325,Unknown,United Kingdom,,,,0,Elite Buyers,2,2,474.97,237.485,25,1731,8.33280701754386,0.9416554915706645,-2.66495393838368
13870,Unknown,United Kingdom,,,,0,Elite Buyers,174,2,474.79,237.395,18,1459,9.891458333333333,1.468461797757942,-2.20541274509549
13029,Unknown,United Kingdom,,,,1,Active Buyers,1572,1,474.3,474.3,3,0,474.3,4.1560686221293235,2.597957135009734
12882,Unknown,United Kingdom,,,,1,Active Buyers,1664,1,471.84,471.84,5,0,471.84,4.180962613596961,2.7111163591391922
15198,Unknown,United Kingdom,,,,1,Active Buyers,537,3,471.22,157.07333333333332,23,1100,12.735675675675676,2.3690307850863612,-1.7173886430222964
13614,Unknown,United Kingdom,,,,0,Elite Buyers,166,3,469.02,156.34,32,1347,10.422666666666666,1.6298457782918319,-2.3899699249479522
16586,Unknown,United Kingdom,,,,1,Active Buyers,1702,1,463.95,463.95,8,0,463.95,4.150977979542087,2.74971653849261
17345,Unknown,United Kingdom,,,,1,Active Buyers,563,2,462.29,231.145,28,1073,12.841388888888888,2.214445002894703,-1.3676468184078916
17880,Unknown,United Kingdom,,,,1,Active Buyers,1906,1,458.92,458.92,26,0,458.92,4.1600326891128985,3.0115803738273144
17643,Unknown,United Kingdom,,,,1,Active Buyers,899,2,458.5,229.25,25,1280,10.662790697674419,2.477287802135091,-1.259884278754317
13058,Unknown,United Kingdom,,,,1,Active Buyers,1088,3,458.28,152.76,19,427,30.552,3.6587098789806705,-0.24304775568374448
12348,Unknown,Finland,,,,1,Active Buyers,798,2,457.82,228.91,12,904,15.260666666666667,2.837138398348417,-0.954223256668273
16104,Unknown,United Kingdom,,,,1,Active Buyers,1358,2,452.32,226.16,34,215,56.54,3.8206308429697176,0.8055271049241028
15247,Unknown,United Kingdom,,,,1,Active Buyers,1200,2,446.59,223.295,15,375,34.35307692307693,3.7204585865576316,0.23955255157809083
12915,Unknown,United Kingdom,,,,0,Elite Buyers,299,2,445.51,222.755,27,1849,7.303442622950819,1.2410828692211815,-2.545980322365298
18017,Unknown,United Kingdom,,,,0,Elite Buyers,191,2,445.3,222.65,12,1602,8.40188679245283,1.5086278898990053,-2.4467465947520997
14079,Unknown,United Kingdom,,,,1,Active Buyers,595,2,441.58,220.79,19,1042,12.61657142857143,2.408544485352462,-1.3763371072573132
16696,Unknown,United Kingdom,,,,1,Active Buyers,1548,2,440.1,220.05,6,154,73.35,4.471320294248686,1.066426227499518
13575,Unknown,United Kingdom,,,,1,Active Buyers,1112,2,437.81,218.905,19,370,33.67769230769231,3.5856521208300203,0.13250239839344277
12592,Unknown,Germany,,,,1,Active Buyers,1548,2,437.6,218.8,11,57,218.8,4.316699496793802,1.6407831233984262
18217,Unknown,United Kingdom,,,,1,Active Buyers,457,2,433.47,216.735,18,1085,12.040833333333333,2.2305789775834186,-1.5998301178409646
13876,Unknown,United Kingdom,,,,0,Elite Buyers,188,2,433.11,216.555,19,1447,9.023125,1.5720609933306897,-2.29983142881535
14491,Unknown,United Kingdom,,,,0,Elite Buyers,204,3,432.35,144.11666666666667,26,1944,6.75546875,1.2587369497856806,-3.0903985702148797
16714,Unknown,United Kingdom,,,,0,Elite Buyers,315,2,429.34,214.67,19,1386,9.333478260869565,1.7899675583978794,-2.1071782297457915
13602,Unknown,United Kingdom,,,,1,Active Buyers,1665,1,428.89,428.89,23,0,428.89,3.9569077115809064,2.6514762603986166
15411,Unknown,United Kingdom,,,,1,Active Buyers,958,3,427.76,142.58666666666667,25,679,18.598260869565216,3.310628352141018,-0.8483323364063861
14288,Unknown,United Kingdom,,,,1,Active Buyers,1548,1,426.6,426.6,16,0,426.6,3.8976910790206736,2.4998005554658898
15017,Unknown,United Kingdom,,,,1,Active Buyers,377,4,414.66,103.665,35,1287,9.643255813953488,2.1628137803528653,-2.467153134164923
15206,Unknown,United Kingdom,,,,1,Active Buyers,1220,3,414.12,138.04,13,597,20.706,3.8662538930388513,-0.5141044924813875
16835,Unknown,United Kingdom,,,,1,Active Buyers,1396,3,410.2,136.73333333333332,31,783,15.776923076923078,3.7516211966310777,-0.554370126755893
16045,Unknown,United Kingdom,,,,1,Active Buyers,1484,2,406.85,203.425,21,126,81.37,4.211971925601606,1.0491725829937535
13904,Unknown,United Kingdom,,,,0,Elite Buyers,388,3,405.33,135.11,29,1396,8.811521739130434,2.0153006788052212,-2.396134881885826
16319,Unknown,United Kingdom,,,,1,Active Buyers,1670,1,404.4,404.4,3,0,404.4,4.428111096383804,2.4858234632438565
17572,Unknown,United Kingdom,,,,1,Active Buyers,567,3,403.94,134.64666666666668,15,1612,7.480370370370371,2.1889863188504943,-2.4766605143655323
15221,Unknown,United Kingdom,,,,1,Active Buyers,1967,1,403.25,403.25,5,0,403.25,4.70137574737253,2.8245847288769586
13786,Unknown,United Kingdom,,,,1,Active Buyers,902,2,402.23,201.115,17,1096,10.871081081081082,2.849928246849484,-1.2395875296302643
12782,Unknown,Portugal,,,,1,Active Buyers,558,2,400.36,200.18,22,1136,10.535789473684211,2.3420533875747402,-1.6498236145596048
13470,Unknown,United Kingdom,,,,1,Active Buyers,985,3,399.26,133.08666666666667,17,832,14.259285714285713,3.3669489638643237,-1.1357751270926255
16917,Unknown,United Kingdom,,,,1,Active Buyers,1611,1,391.52,391.52,9,0,391.52,4.177743969825818,2.4237818091290406
17193,Unknown,United Kingdom,,,,1,Active Buyers,1267,3,382.36,127.45333333333333,11,458,23.8975,4.14327415016785,-0.371916445213305
17388,Unknown,United Kingdom,,,,1,Active Buyers,1487,1,381.6,381.6,1,0,381.6,4.417990869255668,2.1728015451428457
16473,Unknown,United Kingdom,,,,1,Active Buyers,1234,2,381.58,190.79,13,410,27.255714285714287,3.9166619987013886,-0.003373540890292487
15374,Unknown,United Kingdom,,,,1,Active Buyers,1169,2,380.57,190.285,13,590,19.0285,3.706582164672562,-0.37336710004771984
17668,Unknown,United Kingdom,,,,1,Active Buyers,978,3,378.97,126.32333333333334,17,837,13.534642857142858,3.4027696071863045,-1.2171959024610444
17038,Unknown,United Kingdom,,,,1,Active Buyers,1098,2,376.88,188.44,42,474,23.555,3.4595400860609393,-0.2192288216171835
18259,Unknown,United Kingdom,,,,1,Active Buyers,1967,1,376.3,376.3,7,0,376.3,4.701741756557132,2.7443777121810204
12873,Unknown,United Kingdom,,,,1,Active Buyers,1792,1,374.0,374.0,4,0,374.0,4.600926335218259,2.5223994814605137
13351,Unknown,United Kingdom,,,,1,Active Buyers,1726,1,373.94,373.94,16,0,373.94,4.241074387095704,2.5124174698486788
13134,Unknown,United Kingdom,,,,1,Active Buyers,1577,1,360.04,360.04,21,0,360.04,4.036223635210389,2.3119377647913355
13298,Unknown,United Kingdom,,,,1,Active Buyers,1602,1,360.0,360.0,2,0,360.0,4.521651259154646,2.2382354993325957
15057,Unknown,United Kingdom,,,,1,Active Buyers,1580,1,358.5,358.5,3,0,358.5,4.433079029662721,2.2231882309409263
15777,Unknown,United Kingdom,,,,1,Active Buyers,779,2,355.77,177.885,20,709,14.82375,3.1065463821434944,-1.0386382350681513
13133,Unknown,United Kingdom,,,,1,Active Buyers,1151,3,350.31,116.77,19,461,21.894375,3.964812227363578,-0.5923939164220494
15405,Unknown,United Kingdom,,,,1,Active Buyers,1761,1,349.1,349.1,8,0,349.1,4.494623804236736,2.4241200350221743
17664,Unknown,United Kingdom,,,,1,Active Buyers,497,2,347.86,173.93,28,1020,10.231176470588235,2.447114362611415,-1.7523986974357761
16042,Unknown,United Kingdom,,,,1,Active Buyers,983,2,347.53,173.765,24,538,19.307222222222222,3.4711494479277114,-0.58203459731719
13062,Unknown,United Kingdom,,,,1,Active Buyers,1820,1,346.98,346.98,11,0,346.98,4.506904233142642,2.4943159720607317
15045,Unknown,United Kingdom,,,,1,Active Buyers,1515,1,346.76,346.76,8,0,346.76,4.200300074307052,2.1480582557916845
16943,Unknown,United Kingdom,,,,1,Active Buyers,1311,2,346.31,173.155,8,176,57.718333333333334,4.3309699777786435,0.4776417735337848
15587,Unknown,United Kingdom,,,,1,Active Buyers,1513,1,344.88,344.88,2,0,344.88,4.45379337941923,2.0829365653085667
13645,Unknown,United Kingdom,,,,1,Active Buyers,854,2,342.85,171.425,13,660,15.584090909090909,3.363358024513779,-0.9517889035251842
16997,Unknown,United Kingdom,,,,1,Active Buyers,1442,2,342.63,171.315,14,323,31.14818181818182,4.313551807560332,0.25270662617225825
15110,Unknown,United Kingdom,,,,1,Active Buyers,665,3,340.34,113.44666666666667,18,1033,10.01,2.9408545965508415,-1.934977144385341
14226,Unknown,United Kingdom,,,,1,Active Buyers,1511,2,337.02,168.51,13,31,168.51,4.510223100080579,1.2727714521766669
16510,Unknown,United Kingdom,,,,1,Active Buyers,1127,2,333.79,166.895,21,1021,9.81735294117647,3.3182795071397067,-1.1386199625900504
15809,Unknown,United Kingdom,,,,1,Active Buyers,1551,3,331.26,110.42,21,205,47.322857142857146,4.6364910410177025,0.3292835098993443
15661,Unknown,United Kingdom,,,,1,Active Buyers,1283,2,331.19,165.595,16,422,23.65642857142857,4.054957271585188,-0.14164097653843613
13092,Unknown,United Kingdom,,,,1,Active Buyers,1185,3,328.8,109.6,19,457,21.92,4.062761762975252,-0.6106351232215899
14208,Unknown,United Kingdom,,,,0,Elite Buyers,107,2,328.1,164.05,24,1559,6.309615384615385,1.582971938406732,-2.8643495438977897
13483,Unknown,United Kingdom,,,,1,Active Buyers,862,2,327.44,163.72,20,834,11.694285714285714,3.1826328948989633,-1.2240168885840517
14548,Unknown,United Kingdom,,,,1,Active Buyers,1485,1,326.4,326.4,2,0,326.4,4.4721117604828295,1.9771606309128413
13750,Unknown,United Kingdom,,,,1,Active Buyers,1644,1,325.44,325.44,1,0,325.44,4.761848500032855,2.125119609420954
14340,Unknown,United Kingdom,,,,1,Active Buyers,1130,2,323.66,161.83,18,571,17.034736842105264,3.755068665291276,-0.5814382041313726
17309,Unknown,United Kingdom,,,,0,Elite Buyers,22,2,320.69,160.345,19,1675,5.726607142857143,1.4467506711271976,-3.1199547643071295
12929,Unknown,United Kingdom,,,,1,Active Buyers,1288,2,320.35,160.175,14,536,17.79722222222222,4.039629250987969,-0.38494658941459947
17658,Unknown,United Kingdom,,,,1,Active Buyers,1487,1,317.6,317.6,9,0,317.6,4.225833530612713,2.002746823922585
15257,Unknown,United Kingdom,,,,1,Active Buyers,1823,1,317.15,317.15,7,0,317.15,4.68888636717133,2.3540129972645722
12785,Unknown,Portugal,,,,1,Active Buyers,1906,1,311.95,311.95,14,0,311.95,4.66265177841621,2.453179614638389
17268,Unknown,United Kingdom,,,,1,Active Buyers,1485,3,311.48,103.82666666666667,3,125,62.296,5.041014964760042,0.2974679946997495
15935,Unknown,United Kingdom,,,,1,Active Buyers,1488,1,308.82,308.82,1,0,308.82,4.621142929311546,1.8841388037994797
16233,Unknown,United Kingdom,,,,0,Elite Buyers,208,2,308.29,154.145,8,1759,5.315344827586207,1.8155178749846987,-3.0912686152159785
13466,Unknown,United Kingdom,,,,1,Active Buyers,1608,1,307.9,307.9,17,0,307.9,4.2691909586327155,2.121243727000321
13395,Unknown,United Kingdom,,,,1,Active Buyers,1639,1,307.72,307.72,21,0,307.72,4.261845437423027,2.1642101349218956
14905,Unknown,United Kingdom,,,,1,Active Buyers,1699,1,307.6,307.6,8,0,307.6,4.539576893676106,2.1836013317776706
17941,Unknown,United Kingdom,,,,1,Active Buyers,1818,1,304.56,304.56,2,0,304.56,4.945282578065744,2.2435856490871253
17978,Unknown,United Kingdom,,,,1,Active Buyers,1936,1,300.92,300.92,12,0,300.92,4.766328493125425,2.4292193247893716
14285,Unknown,United Kingdom,,,,1,Active Buyers,1784,1,300.6,300.6,5,0,300.6,4.757994447278355,2.2238124466528637
17033,Unknown,United Kingdom,,,,1,Active Buyers,1578,1,300.3,300.3,6,0,300.3,4.47192240298125,2.006772469273751
16546,Unknown,United Kingdom,,,,1,Active Buyers,2148,1,299.4,299.4,6,0,299.4,5.171625935184628,2.6209815215737313
15098,Unknown,United Kingdom,,,,1,Active Buyers,1547,1,297.0,297.0,1,0,297.0,4.73049814453735,1.8947245286723102
14518,Unknown,United Kingdom,,,,1,Active Buyers,512,2,296.19,148.095,20,1153,7.794473684210526,2.5736596980600477,-2.117374093397876
17951,Unknown,United Kingdom,,,,1,Active Buyers,2179,1,295.5,295.5,5,0,295.5,5.257214141126715,2.62887586180794
15732,Unknown,United Kingdom,,,,1,Active Buyers,1517,2,294.12,147.06,13,631,14.005714285714285,4.341566285575142,-0.3953596064937568
12875,Unknown,United Kingdom,,,,1,Active Buyers,1845,1,293.76,293.76,1,0,293.76,5.105273438855791,2.2029729636210886
12787,Unknown,Netherlands,,,,1,Active Buyers,475,2,288.2,144.1,14,1099,7.789189189189189,2.680294697926417,-2.156204320427447
15986,Unknown,United Kingdom,,,,1,Active Buyers,1422,2,284.65,142.325,17,150,56.93,4.4984314577951965,0.4658237443995099
13525,Unknown,United Kingdom,,,,1,Active Buyers,1702,1,282.88,282.88,2,0,282.88,4.873900745296376,2.0166911825584823
15526,Unknown,United Kingdom,,,,1,Active Buyers,1195,2,281.48,140.74,10,469,17.5925,4.17049703541036,-0.5720615338887473
13938,Unknown,United Kingdom,,,,1,Active Buyers,1443,2,281.08,140.54,16,282,28.108,4.502598586295035,0.06582057457134619
14512,Unknown,United Kingdom,,,,1,Active Buyers,1371,2,278.89,139.445,14,329,25.353636363636365,4.4161150719731,-0.10760680787932686
15940,Unknown,United Kingdom,,,,1,Active Buyers,378,2,272.78,136.39,9,1446,5.682916666666666,2.39715477615585,-2.735566393396323
14104,Unknown,United Kingdom,,,,1,Active Buyers,1258,2,271.38,135.69,9,349,22.615,4.387044107304304,-0.34028472873196336
17262,Unknown,United Kingdom,,,,1,Active Buyers,1967,1,268.86,268.86,2,0,268.86,5.2463418576813465,2.234603104471313
14727,Unknown,United Kingdom,,,,1,Active Buyers,1550,1,268.58,268.58,10,0,268.58,4.440989093795014,1.8464772052660685
12821,Unknown,United Kingdom,,,,1,Active Buyers,1372,2,268.5,134.25,11,206,38.357142857142854,4.570675582209691,0.12230212807093957
15823,Unknown,United Kingdom,,,,0,Elite Buyers,392,2,267.77,133.885,15,1756,4.616724137931034,2.0433425619521177,-3.0424673565276974
14423,Unknown,United Kingdom,,,,1,Active Buyers,1701,1,265.2,265.2,3,0,265.2,4.868556610759698,1.941838653613458
17330,Unknown,United Kingdom,,,,1,Active Buyers,1757,1,264.9,264.9,5,0,264.9,4.845552676743266,2.0215236219832113
13314,Unknown,United Kingdom,,,,1,Active Buyers,1602,2,261.47,130.735,21,33,130.735,4.757840549915838,1.046367995177445
16048,Unknown,United Kingdom,,,,1,Active Buyers,2179,1,256.44,256.44,8,0,256.44,5.2998584762709395,2.4553805192382
17298,Unknown,United Kingdom,,,,1,Active Buyers,573,2,252.87,126.435,8,1064,7.224857142857143,3.0672771059597004,-2.197793891170344
12728,Unknown,France,,,,1,Active Buyers,1521,1,252.54,252.54,13,0,252.54,4.409199178893745,1.7429656335695074
16298,Unknown,United Kingdom,,,,1,Active Buyers,1394,2,250.33,125.165,12,275,25.033,4.620437349247187,-0.15168526148719846
12571,Unknown,France,,,,1,Active Buyers,1545,1,248.35,248.35,14,0,248.35,4.438740511784879,1.749602525034313
15621,Unknown,United Kingdom,,,,1,Active Buyers,1694,1,248.07,248.07,9,0,248.07,4.714516951440706,1.8892034148596515
16149,Unknown,United Kingdom,,,,1,Active Buyers,1419,2,247.75,123.875,12,275,27.52777777777778,4.648617984694608,-0.09423105987711902
17925,Unknown,United Kingdom,,,,1,Active Buyers,2148,1,244.08,244.08,1,0,244.08,5.652342610714936,2.2781927398618484
15035,Unknown,United Kingdom,,,,1,Active Buyers,1513,1,241.48,241.48,26,0,241.48,4.292198864164618,1.706222988095164
14620,Unknown,United Kingdom,,,,1,Active Buyers,1823,1,235.35,235.35,15,0,235.35,4.815115024053162,1.9809011669302035
12736,Unknown,France,,,,1,Active Buyers,1521,1,234.0,234.0,4,0,234.0,4.716874928455193,1.5866662359866965
12823,Unknown,United Kingdom,,,,1,Active Buyers,1728,1,229.5,229.5,1,0,229.5,5.197578730081419,1.7383658339010948
16038,Unknown,United Kingdom,,,,1,Active Buyers,1247,2,226.35,113.175,12,536,12.575,4.350066573543495,-0.9018254583524714
16462,Unknown,United Kingdom,,,,1,Active Buyers,696,3,225.19,75.06333333333333,13,1127,5.926052631578948,3.355724110858041,-2.5788044449681276
16160,Unknown,United Kingdom,,,,1,Active Buyers,1696,1,223.5,223.5,5,0,223.5,4.932948709048292,1.7229427518467566
14880,Unknown,United Kingdom,,,,1,Active Buyers,1639,1,218.47,218.47,17,0,218.47,4.634200183656525,1.6855020087589663
16499,Unknown,United Kingdom,,,,1,Active Buyers,1906,1,218.1,218.1,10,0,218.1,5.074634115842715,1.9479348994224315
16634,Unknown,United Kingdom,,,,1,Active Buyers,1821,2,217.9,108.95,9,327,19.80909090909091,5.294183557476687,0.029149078457238492
13502,Unknown,United Kingdom,,,,1,Active Buyers,223,2,217.38,108.69,11,1327,4.940454545454545,2.4839742385920354,-3.0599106330815826
16516,Unknown,United Kingdom,,,,1,Active Buyers,1174,2,215.15,107.575,11,398,15.367857142857144,4.432279186964226,-0.8379921594201768
14853,Unknown,United Kingdom,,,,1,Active Buyers,1487,1,214.5,214.5,3,0,214.5,4.8091413179900515,1.4195549816085742
14241,Unknown,United Kingdom,,,,1,Active Buyers,1577,1,213.7,213.7,10,0,213.7,4.691837214729602,1.563188732489896
14618,Unknown,United Kingdom,,,,1,Active Buyers,1674,1,211.8,211.8,5,0,211.8,4.957275559143526,1.6255790852215308
17615,Unknown,United Kingdom,,,,1,Active Buyers,1818,2,211.05,105.525,8,3,211.05,5.3757224560397106,1.268818161840534
17923,Unknown,United Kingdom,,,,1,Active Buyers,1792,1,207.5,207.5,1,0,207.5,5.371820746194525,1.6700406875907141
13099,Unknown,United Kingdom,,,,1,Active Buyers,1817,1,207.36,207.36,1,0,207.36,5.403026747976262,1.6962374815760937
16214,Unknown,United Kingdom,,,,1,Active Buyers,1822,1,206.7,206.7,5,0,206.7,5.161424985708386,1.752812959085076
13065,Unknown,United Kingdom,,,,1,Active Buyers,2179,1,205.86,205.86,14,0,205.86,5.3926085377291075,2.1808061342569043
13017,Unknown,United Kingdom,,,,1,Active Buyers,1783,1,204.0,204.0,1,0,204.0,5.377019425276294,1.6370304559296496
17394,Unknown,United Kingdom,,,,1,Active Buyers,1731,1,203.87,203.87,4,0,203.87,5.104918063186085,1.6260478786274168
13000,Unknown,United Kingdom,,,,1,Active Buyers,1906,1,201.75,201.75,11,0,201.75,5.12899551137996,1.8458317442967493
15347,Unknown,United Kingdom,,,,1,Active Buyers,1967,1,201.6,201.6,5,0,201.6,5.36248402002736,1.8759643262874828
13980,Unknown,United Kingdom,,,,1,Active Buyers,1543,1,200.14,200.14,11,0,200.14,4.692847924691494,1.4411133835477157
14931,Unknown,Channel Islands,,,,1,Active Buyers,1694,1,198.4,198.4,5,0,198.4,5.0439704918364825,1.5579603152751071
14185,Unknown,United Kingdom,,,,1,Active Buyers,1491,1,197.65,197.65,3,0,197.65,4.891948452383726,1.312091364296021
13207,Unknown,United Kingdom,,,,1,Active Buyers,1485,1,197.52,197.52,5,0,197.52,4.792695176080038,1.3251702914389865
13038,Unknown,United Kingdom,,,,1,Active Buyers,1577,1,196.66,196.66,7,0,196.66,4.843661113210293,1.4335424355438848
17929,Unknown,United Kingdom,,,,1,Active Buyers,1734,1,196.2,196.2,2,0,196.2,5.261695196207658,1.5510940408061809
13138,Unknown,United Kingdom,,,,1,Active Buyers,2148,1,193.23,193.23,14,0,193.23,5.415001599899223,2.060666571257874
12791,Unknown,Netherlands,,,,1,Active Buyers,2179,1,192.6,192.6,2,0,192.6,5.823352228679897,2.008514690801686
17788,Unknown,United Kingdom,,,,1,Active Buyers,918,3,190.24,63.413333333333334,18,869,6.56,3.9360089067248882,-2.229899392258645
14236,Unknown,United Kingdom,,,,1,Active Buyers,2148,1,189.3,189.3,3,0,189.3,5.736245882517672,1.9658133575911723
14803,Unknown,United Kingdom,,,,1,Active Buyers,1580,1,188.64,188.64,5,0,188.64,4.9526306524634025,1.3653814042661794
17440,Unknown,United Kingdom,,,,1,Active Buyers,1668,2,186.42,93.21,3,3,186.42,5.495211785960609,0.896077541609928
13672,Unknown,United Kingdom,,,,1,Active Buyers,1520,2,186.39,93.195,4,1,186.39,5.265434562379107,0.7482177004077891
14199,Unknown,United Kingdom,,,,1,Active Buyers,1701,1,185.4,185.4,2,0,185.4,5.275254462076552,1.4379521122635261
13822,Unknown,United Kingdom,,,,1,Active Buyers,400,2,183.57,91.785,8,1324,4.172045454545454,2.925817792854641,-3.097341888466587
15706,Unknown,United Kingdom,,,,1,Active Buyers,1635,2,181.8,90.9,3,30,90.9,5.535151989946744,0.5037814213922435
18280,Unknown,United Kingdom,,,,1,Active Buyers,1642,1,180.6,180.6,10,0,180.6,4.931540108807072,1.4037731185336944
13710,Unknown,United Kingdom,,,,1,Active Buyers,1603,1,180.48,180.48,8,0,180.48,4.930295840863125,1.350420435714243
16990,Unknown,United Kingdom,,,,1,Active Buyers,1701,1,179.0,179.0,1,0,179.0,5.401235429399039,1.3694879923228627
16593,Unknown,United Kingdom,,,,1,Active Buyers,1761,1,177.95,177.95,19,0,177.95,4.954636901312206,1.542880231114075
16384,Unknown,United Kingdom,,,,1,Active Buyers,1513,1,175.4,175.4,9,0,175.4,4.823391580191245,1.2191273335788049
17331,Unknown,United Kingdom,,,,1,Active Buyers,1606,1,175.2,175.2,1,0,175.2,5.3055153663467856,1.2371345576306194
16144,Unknown,United Kingdom,,,,1,Active Buyers,1641,1,175.2,175.2,1,0,175.2,5.348303823401494,1.2751013956700534
13917,Unknown,United Kingdom,,,,1,Active Buyers,287,2,174.37,87.185,10,1533,3.419019607843137,2.60116613915501,-3.496516321726255
15492,Unknown,United Kingdom,,,,1,Active Buyers,1511,1,171.72,171.72,7,0,171.72,4.892053703301714,1.1767325562699626
15393,Unknown,United Kingdom,,,,1,Active Buyers,988,3,168.72,56.24,13,776,6.489230769230769,4.281492068785915,-2.2084340385361227
14039,Unknown,United Kingdom,,,,1,Active Buyers,724,2,168.03,84.015,10,940,5.420322580645161,3.694988256621481,-2.410278441849309
16405,Unknown,United Kingdom,,,,1,Active Buyers,1551,2,167.25,83.625,3,242,18.583333333333332,5.48216381036419,-0.5126098094411459
14597,Unknown,United Kingdom,,,,1,Active Buyers,1820,1,165.1,165.1,3,0,165.1,5.465422678363106,1.423235750459792
16723,Unknown,United Kingdom,,,,1,Active Buyers,1574,1,165.0,165.0,1,0,165.0,5.323463345343644,1.1205342543843022
14987,Unknown,United Kingdom,,,,1,Active Buyers,1936,1,163.2,163.2,2,0,163.2,5.683907618635377,1.5187346586933708
14237,Unknown,United Kingdom,,,,1,Active Buyers,2179,1,161.0,161.0,9,0,161.0,5.719092387381923,1.8246415984785285
14616,Unknown,United Kingdom,,,,1,Active Buyers,1518,1,158.4,158.4,1,0,158.4,5.293829031628999,1.0040743655989035
17157,Unknown,United Kingdom,,,,1,Active Buyers,1783,1,157.54,157.54,5,0,157.54,5.372225436864489,1.339617019836451
17026,Unknown,United Kingdom,,,,1,Active Buyers,1639,2,154.83,77.415,4,420,11.059285714285714,5.488712865452514,-0.8341421490658029
18273,Unknown,United Kingdom,,,,1,Active Buyers,1633,2,153.0,76.5,1,64,51.0,5.869263440104969,0.030453987715278935
17707,Unknown,United Kingdom,,,,1,Active Buyers,1639,2,152.4,76.2,3,5,152.4,5.648784967487567,0.5888803074304665
15689,Unknown,United Kingdom,,,,1,Active Buyers,1484,1,150.6,150.6,3,0,150.6,5.142071906202508,0.9333179309105459
17045,Unknown,United Kingdom,,,,1,Active Buyers,1668,2,148.35,74.175,6,3,148.35,5.583941945663596,0.6136436085754684
12587,Unknown,Finland,,,,1,Active Buyers,1783,1,144.0,144.0,4,0,144.0,5.499275158548484,1.2078133197215328
13410,Unknown,United Kingdom,,,,1,Active Buyers,1700,1,140.4,140.4,2,0,140.4,5.538458195593256,1.0574436467904647
14820,Unknown,United Kingdom,,,,1,Active Buyers,1664,1,139.1,139.1,8,0,139.1,5.252535864191176,1.0612169200202999
14483,Unknown,United Kingdom,,,,1,Active Buyers,1764,1,137.1,137.1,9,0,137.1,5.364501177272581,1.1552723329004015
13217,Unknown,United Kingdom,,,,1,Active Buyers,1575,2,137.02,68.51,2,93,34.255,5.815656350134045,-0.30733141371036016
15691,Unknown,United Kingdom,,,,1,Active Buyers,1822,1,136.8,136.8,2,0,136.8,5.712287458954743,1.1543706779080949
16665,Unknown,United Kingdom,,,,1,Active Buyers,1845,1,135.4,135.4,9,0,135.4,5.475379824458912,1.2261293055238423
18081,Unknown,United Kingdom,,,,1,Active Buyers,1756,1,135.4,135.4,7,0,135.4,5.417505863125061,1.1183105360232968
14572,Unknown,United Kingdom,,,,1,Active Buyers,1663,1,135.05,135.05,4,0,135.05,5.413544746507069,0.9901516892456845
16555,Unknown,United Kingdom,,,,1,Active Buyers,1725,1,133.91,133.91,8,0,133.91,5.3632361052214135,1.0755506035224944
14768,Unknown,United Kingdom,,,,1,Active Buyers,1728,1,133.2,133.2,4,0,133.2,5.506111794171477,1.0418604427084595
18037,Unknown,United Kingdom,,,,1,Active Buyers,573,3,131.88,43.96,10,1272,3.14,3.6232643581343904,-3.5605308597084706
13928,Unknown,United Kingdom,,,,1,Active Buyers,1603,1,131.22,131.22,8,0,131.22,5.233362779266726,0.915551454321103
16770,Unknown,United Kingdom,,,,1,Active Buyers,2148,1,130.8,130.8,6,0,130.8,5.960045792813556,1.4896824686212036
16679,Unknown,United Kingdom,,,,1,Active Buyers,1967,1,129.75,129.75,3,0,129.75,5.874151507316685,1.2540808694883605
12897,Unknown,United Kingdom,,,,1,Active Buyers,1520,1,128.8,128.8,2,0,128.8,5.4003220923312005,0.7446407876173612
15522,Unknown,United Kingdom,,,,1,Active Buyers,1634,1,128.44,128.44,14,0,128.44,5.1750051131839125,0.945808554575654
13856,Unknown,United Kingdom,,,,1,Active Buyers,1577,1,124.6,124.6,3,0,124.6,5.43582348578478,0.7758391698231348
16569,Unknown,United Kingdom,,,,1,Active Buyers,1663,1,124.2,124.2,5,0,124.2,5.451468923785141,0.8852353044315489
14658,Unknown,United Kingdom,,,,1,Active Buyers,1724,1,124.01,124.01,15,0,124.01,5.303629045705805,0.9988777967301343
16658,Unknown,United Kingdom,,,,1,Active Buyers,2028,1,123.24,123.24,8,0,123.24,5.812513236776861,1.2910916077376215
15049,Unknown,United Kingdom,,,,1,Active Buyers,1519,1,121.17,121.17,3,0,121.17,5.391415532280102,0.6748999622547376
14731,Unknown,United Kingdom,,,,1,Active Buyers,1517,1,121.06,121.06,23,0,121.06,4.980875843563728,0.7620236683539845
16596,Unknown,United Kingdom,,,,1,Active Buyers,1967,1,120.65,120.65,6,0,120.65,5.815461462020048,1.1832931693512032
12552,Unknown,Italy,,,,1,Active Buyers,1815,1,120.0,120.0,1,0,120.0,5.920699038171315,0.9477546049019208
15266,Unknown,United Kingdom,,,,1,Active Buyers,1705,1,119.3,119.3,6,0,119.3,5.505839094004338,0.8837598901775665
14013,Unknown,United Kingdom,,,,1,Active Buyers,1580,1,118.5,118.5,8,0,118.5,5.302047863849894,0.7516994517242925
16957,Unknown,United Kingdom,,,,1,Active Buyers,1764,1,114.84,114.84,4,0,114.84,5.690920576700045,0.8788821086270568
15881,Unknown,United Kingdom,,,,1,Active Buyers,1906,1,114.45,114.45,3,0,114.45,5.918677874174555,1.017013432139623
16119,Unknown,United Kingdom,,,,1,Active Buyers,1814,1,113.88,113.88,5,0,113.88,5.7183974481978135,0.9309047095965615
15840,Unknown,United Kingdom,,,,1,Active Buyers,1482,1,113.82,113.82,10,0,113.82,5.174672030867557,0.6006702777570256
13807,Unknown,United Kingdom,,,,1,Active Buyers,1998,1,112.6,112.6,7,0,112.6,5.888404044404081,1.129650808783599
13083,Unknown,United Kingdom,,,,1,Active Buyers,1694,1,111.36,111.36,4,0,111.36,5.634534569656401,0.7610625703406466
13144,Unknown,United Kingdom,,,,1,Active Buyers,1521,1,110.95,110.95,3,0,110.95,5.4774668447728,0.5571033644116766
18277,Unknown,United Kingdom,,,,1,Active Buyers,1482,1,110.38,110.38,8,0,110.38,5.249584227804446,0.548760729878273
18030,Unknown,United Kingdom,,,,1,Active Buyers,1694,1,109.55,109.55,5,0,109.55,5.608463006133651,0.7479733005597289
17639,Unknown,United Kingdom,,,,1,Active Buyers,1611,1,108.5,108.5,7,0,108.5,5.450464963085134,0.6593679135374597
13885,Unknown,United Kingdom,,,,1,Active Buyers,1761,1,107.65,107.65,5,0,107.65,5.7069634024579745,0.7968462549613133
16313,Unknown,United Kingdom,,,,1,Active Buyers,1663,1,106.53,106.53,6,0,106.53,5.56188835725516,0.6840986349553696
15070,Unknown,United Kingdom,,,,1,Active Buyers,2148,1,106.2,106.2,1,0,106.2,6.443690123178167,1.1426928120716673
14520,Unknown,United Kingdom,,,,1,Active Buyers,1602,1,105.6,105.6,3,0,105.6,5.623355635898958,0.5777244857946746
15938,Unknown,United Kingdom,,,,1,Active Buyers,1702,1,105.0,105.0,3,0,105.0,5.751010182279295,0.6784501374788884
18174,Unknown,United Kingdom,,,,1,Active Buyers,1783,1,104.0,104.0,1,0,104.0,6.017312280389152,0.7182779745044914
16851,Unknown,United Kingdom,,,,1,Active Buyers,1694,1,102.99,102.99,6,0,102.99,5.631823030167545,0.6717576696554258
14981,Unknown,United Kingdom,,,,1,Active Buyers,1641,1,102.12,102.12,8,0,102.12,5.517708578579273,0.6154259640037963
17720,Unknown,United Kingdom,,,,1,Active Buyers,1998,1,102.0,102.0,1,0,102.0,6.298560428089138,0.9250939416108852
15179,Unknown,United Kingdom,,,,1,Active Buyers,1822,1,102.0,102.0,1,0,102.0,6.083395615471174,0.734174984612588
13759,Unknown,United Kingdom,,,,1,Active Buyers,1664,1,99.0,99.0,1,0,99.0,5.918524614874107,0.5221910849971056
14642,Unknown,United Kingdom,,,,1,Active Buyers,1482,1,96.12,96.12,2,0,96.12,5.631446847097222,0.30512058787334306
12450,Unknown,Spain,,,,1,Active Buyers,1668,1,96.0,96.0,2,0,96.0,5.860020141809053,0.5051894336960201
12962,Unknown,United Kingdom,,,,1,Active Buyers,1783,1,95.85,95.85,5,0,95.85,5.8438858072115005,0.6628343067608131
17436,Unknown,United Kingdom,,,,1,Active Buyers,1602,1,93.9,93.9,5,0,93.9,5.64207381144641,0.4385606500112045
13283,Unknown,United Kingdom,,,,1,Active Buyers,1512,2,93.66,46.83,7,127,18.732,5.8651384036166965,-0.9577843967388343
14287,Unknown,United Kingdom,,,,1,Active Buyers,1814,1,93.35,93.35,5,0,93.35,5.9068122149916205,0.6605494602029993
12789,Unknown,Netherlands,,,,1,Active Buyers,1696,1,91.85,91.85,4,0,91.85,5.819504785517464,0.5013278152874416
15754,Unknown,United Kingdom,,,,1,Active Buyers,1641,1,91.8,91.8,6,0,91.8,5.675983816711661,0.4579265145949981
14342,Unknown,United Kingdom,,,,1,Active Buyers,1603,1,91.04,91.04,5,0,91.04,5.6725815256198935,0.39762427312260806
13947,Unknown,United Kingdom,,,,1,Active Buyers,1696,1,90.6,90.6,5,0,90.6,5.790862594946512,0.49192712325730503
16998,Unknown,United Kingdom,,,,1,Active Buyers,1612,1,90.0,90.0,1,0,90.0,5.945210255535617,0.336273878942532
15729,Unknown,United Kingdom,,,,1,Active Buyers,1517,1,85.0,85.0,5,0,85.0,5.632402730206528,0.21112567498492094
14473,Unknown,United Kingdom,,,,1,Active Buyers,1792,1,85.0,85.0,1,0,85.0,6.219348406772972,0.4539281931046426
13841,Unknown,United Kingdom,,,,1,Active Buyers,1822,1,85.0,85.0,1,0,85.0,6.256024227105579,0.48647119713844345
12401,Unknown,Belgium,,,,1,Active Buyers,1581,1,84.3,84.3,5,0,84.3,5.718466040796771,0.2693276386697133
16620,Unknown,United Kingdom,,,,1,Active Buyers,1663,1,83.2,83.2,4,0,83.2,5.872748570542291,0.3312428017836838
12888,Unknown,United Kingdom,,,,1,Active Buyers,1578,1,81.36,81.36,1,0,81.36,5.9991161293176845,0.16239987399089847
13992,Unknown,United Kingdom,,,,1,Active Buyers,722,2,80.99,40.495,7,850,2.8925,4.514022852189339,-3.2462226470382984
18281,Unknown,United Kingdom,,,,1,Active Buyers,1486,1,80.82,80.82,7,0,80.82,5.576526943251077,0.12361179461196833
17900,Unknown,United Kingdom,,,,1,Active Buyers,1789,1,79.8,79.8,4,0,79.8,6.066233361034543,0.41132208833430206
16078,Unknown,United Kingdom,,,,1,Active Buyers,1823,1,79.2,79.2,1,0,79.2,6.324069403172397,0.39167253522586887
15753,Unknown,United Kingdom,,,,1,Active Buyers,1612,1,79.2,79.2,1,0,79.2,6.066116133499726,0.16278674018813769
17166,Unknown,United Kingdom,,,,1,Active Buyers,1815,1,78.75,78.75,2,0,78.75,6.227129503610871,0.3957540832736718
14517,Unknown,United Kingdom,,,,1,Active Buyers,1664,1,78.0,78.0,4,0,78.0,5.934978220388523,0.24478880450900523
18113,Unknown,United Kingdom,,,,1,Active Buyers,2028,1,76.32,76.32,1,0,76.32,6.609686497926564,0.5638298841620752
15668,Unknown,United Kingdom,,,,1,Active Buyers,1670,1,76.32,76.32,1,0,76.32,6.172021708624115,0.17548336935872075
14798,Unknown,United Kingdom,,,,1,Active Buyers,1793,1,75.68,75.68,6,0,75.68,6.044412573638011,0.3607927925760709
17571,Unknown,United Kingdom,,,,1,Active Buyers,1642,1,75.6,75.6,2,0,75.6,6.05419979685845,0.15274911178942666
16146,Unknown,United Kingdom,,,,1,Active Buyers,1699,1,75.0,75.0,1,0,75.0,6.223954203275393,0.183295696288052
16171,Unknown,United Kingdom,,,,1,Active Buyers,1512,1,73.2,73.2,3,0,73.2,5.860074497484523,-0.017448801171990352
17186,Unknown,United Kingdom,,,,1,Active Buyers,1543,1,72.0,72.0,1,0,72.0,6.071782803050204,-0.04123285748621122
15759,Unknown,United Kingdom,,,,1,Active Buyers,1701,1,68.0,68.0,1,0,68.0,6.318872924825267,0.05277530493388374
16321,Unknown,Australia,,,,1,Active Buyers,1643,1,67.95,67.95,2,0,67.95,6.156115475167356,0.009349863858211488
14393,Unknown,United Kingdom,,,,1,Active Buyers,1701,1,67.95,67.95,5,0,67.95,6.068816011008927,0.10728820929202812
17515,Unknown,United Kingdom,,,,1,Active Buyers,1603,1,67.65,67.65,10,0,67.65,5.814835078429977,0.02561871902349397
17382,Unknown,United Kingdom,,,,1,Active Buyers,1696,1,65.4,65.4,2,0,65.4,6.256974232818086,0.015093321203072246
13130,Unknown,United Kingdom,,,,1,Active Buyers,1666,1,64.0,64.0,2,0,64.0,6.240692271930945,-0.0467127127423381
15656,Unknown,United Kingdom,,,,1,Active Buyers,1762,1,63.91,63.91,4,0,63.91,6.242788501986134,0.08133211470656973
13302,Unknown,United Kingdom,,,,1,Active Buyers,1638,1,63.75,63.75,1,0,63.75,6.302694050030385,-0.10286446371511868
13218,Unknown,United Kingdom,,,,1,Active Buyers,1728,1,62.64,62.64,5,0,62.64,6.178519136358792,0.026527867040362835
16407,Unknown,United Kingdom,,,,1,Active Buyers,1518,1,60.0,60.0,3,0,60.0,6.054880284175681,-0.27994070279992617
17174,Unknown,United Kingdom,,,,1,Active Buyers,1670,1,59.9,59.9,4,0,59.9,6.191343638329275,-0.10603465277280713
13682,Unknown,United Kingdom,,,,1,Active Buyers,1700,1,59.5,59.5,3,0,59.5,6.285257000585964,-0.09381543286334787
15852,Unknown,United Kingdom,,,,1,Active Buyers,1669,1,57.5,57.5,1,0,57.5,6.437736420619439,-0.2086280844807047
17024,Unknown,United Kingdom,,,,1,Active Buyers,1699,2,56.25,28.125,1,118,14.0625,6.867916080850449,-1.400995727614001
13631,Unknown,United Kingdom,,,,1,Active Buyers,1817,1,52.5,52.5,1,0,52.5,6.704175379197167,-0.17077309661698464
13489,Unknown,United Kingdom,,,,1,Active Buyers,1699,1,51.36,51.36,4,0,51.36,6.371393076219674,-0.28205658008140966
16414,Unknown,United Kingdom,,,,1,Active Buyers,1733,1,50.8,50.8,3,0,50.8,6.474180598628969,-0.27121498417578244
13011,Unknown,United Kingdom,,,,1,Active Buyers,2148,1,50.55,50.55,3,0,50.55,6.986159443374539,0.1723196828854159
17580,Unknown,United Kingdom,,,,1,Active Buyers,1822,1,47.7,47.7,1,0,47.7,6.800250263535001,-0.29443556674787047
12507,Unknown,Spain,,,,1,Active Buyers,1638,1,46.75,46.75,1,0,46.75,6.594158460849216,-0.5210850459824675
14080,Unknown,United Kingdom,,,,1,Active Buyers,1634,1,45.6,45.6,4,0,45.6,6.403462028577673,-0.5126048026732081
15512,Unknown,United Kingdom,,,,1,Active Buyers,1059,2,43.76,21.88,4,579,2.303157894736842,5.815571878028478,-3.313982848972251
15423,Unknown,United Kingdom,,,,1,Active Buyers,1815,1,43.5,43.5,2,0,43.5,6.785461309352992,-0.4053929666863756
15992,Unknown,United Kingdom,,,,1,Active Buyers,1663,1,41.99,41.99,3,0,41.99,6.567013574684969,-0.603147970556772
14495,Unknown,United Kingdom,,,,1,Active Buyers,1545,1,40.6,40.6,2,0,40.6,6.519871465283021,-0.7908199707510014
14589,Unknown,United Kingdom,,,,1,Active Buyers,2120,1,39.75,39.75,3,0,39.75,7.176920247788422,-0.1808928785020574
12977,Unknown,United Kingdom,,,,1,Active Buyers,1668,1,39.24,39.24,9,0,39.24,6.427253856724279,-0.6422058439920539
16659,Unknown,United Kingdom,,,,1,Active Buyers,1761,1,39.12,39.12,2,0,39.12,6.818605561304649,-0.6062555246998406
12855,Unknown,United Kingdom,,,,1,Active Buyers,2148,1,38.1,38.1,3,0,38.1,7.250707814704154,-0.2072792313851924
16344,Unknown,United Kingdom,,,,1,Active Buyers,1729,1,35.7,35.7,1,0,35.7,6.9572979241080315,-0.7838060047574203
13368,Unknown,United Kingdom,,,,1,Active Buyers,1674,1,35.4,35.4,1,0,35.4,6.897914109060917,-0.8547395435279483
14576,Unknown,United Kingdom,,,,1,Active Buyers,2148,1,35.4,35.4,1,0,35.4,7.477392070316115,-0.34056007979389746
17831,Unknown,United Kingdom,,,,1,Active Buyers,1664,1,35.4,35.4,2,0,35.4,6.793144228900642,-0.8451007303175662
14682,Unknown,United Kingdom,,,,1,Active Buyers,1700,1,31.2,31.2,1,0,31.2,7.047032507241963,-0.9948955949141696
14460,Unknown,United Kingdom,,,,1,Active Buyers,1793,1,30.0,30.0,1,0,30.0,7.197074392308904,-0.9461661539476324
16354,Unknown,United Kingdom,,,,1,Active Buyers,1635,1,29.7,29.7,1,0,29.7,7.013221645790735,-1.130913257107344
16953,Unknown,United Kingdom,,,,1,Active Buyers,1572,1,20.8,20.8,1,0,20.8,7.2638402671470175,-1.6693791961088118
13122,Unknown,United Kingdom,,,,1,Active Buyers,1666,1,18.72,18.72,1,0,18.72,7.474724415989958,-1.7051130002407544
16828,Unknown,United Kingdom,,,,1,Active Buyers,1636,1,15.0,15.0,1,0,15.0,7.638108165572828,-2.024720313715113
13307,Unknown,United Kingdom,,,,1,Active Buyers,1514,1,15.0,15.0,1,0,15.0,7.488959829553559,-2.157061863452569
13692,Unknown,United Kingdom,,,,1,Active Buyers,1548,1,14.95,14.95,1,0,14.95,7.533521124695761,-2.1244778245933067
17988,Unknown,United Kingdom,,,,1,Active Buyers,1819,1,13.37,13.37,4,0,13.37,7.755521475326581,-1.9274586445511943
17956,Unknown,United Kingdom,,,,1,Active Buyers,1732,1,12.75,12.75,1,0,12.75,7.900506842912901,-2.1286940858714423
17194,Unknown,United Kingdom,,,,1,Active Buyers,1519,1,10.0,10.0,1,0,10.0,7.853661019564853,-2.6661746520475935
16498,Unknown,United Kingdom,,,,1,Active Buyers,1819,1,9.75,9.75,1,0,9.75,8.242420616545658,-2.372314283077441
14338,Unknown,United Kingdom,,,,1,Active Buyers,1819,1,8.25,8.25,1,0,8.25,8.386243461212182,-2.578684843623052
14792,Unknown,United Kingdom,,,,1,Active Buyers,1635,1,6.2,6.2,2,0,6.2,8.308527648609282,-3.101845516818857
16454,Unknown,United Kingdom,,,,1,Active Buyers,1665,1,5.9,5.9,1,0,5.9,8.478478412912946,-3.1482327172553486
