product_id,product_name,category,avg_unit_price,trading_days,avg_daily_demand,std_daily_demand,cv,safety_stock,reorder_point,eoq,max_stock,annual_demand,orders_per_year,annual_holding_cost,annual_ordering_cost,total_annual_cost,avg_daily_forecast,forecast_annual,forecast_rop,forecast_eoq,stockout_risk
23843,"PAPER CRAFT , LITTLE BIRDIE",General,2.1,3,27004.0,46757.578,1.732,203501.2,392529.2,48443.5,440972.7,9856460.0,203.5,10173.14,10173.14,20346.29,,,392529.2,48443.5,Critical
47556B,did  a credit  and did not tick ret,General,2.5,2,652.5,915.703,1.403,3985.4,8552.9,6908.5,15461.4,238162.5,34.5,1723.68,1723.68,3447.36,,,8552.9,6901.6,High
17096,Unknown,General,0.2,27,77.926,330.103,4.236,1436.7,1982.2,8440.3,10422.5,28443.0,3.4,168.49,168.49,336.99,,,1982.2,8432.5,Critical
16014,SMALL CHINESE STYLE SCISSOR,General,0.39,118,75.797,356.17,4.699,1550.1,2080.7,5919.8,8000.5,27665.8,4.7,233.67,233.67,467.34,,,2080.7,5955.6,Critical
84568,GIRLS ALPHABET IRON ON PATCHES ,General,0.21,60,72.217,210.24,2.911,915.0,1420.5,7976.1,9396.6,26359.1,3.3,165.24,165.24,330.48,,,1420.5,7922.1,Critical
84598,check,General,0.21,19,58.737,142.122,2.42,618.6,1029.7,7109.0,8138.8,21438.9,3.0,150.79,150.79,301.57,,,1029.8,7144.6,Critical
84077,WORLD WAR 2 GLIDERS ASSTD DESIGNS,General,0.29,752,42.176,179.109,4.247,779.5,1074.8,5155.3,6230.1,15394.1,3.0,149.3,149.3,298.6,13.93,5084.4,877.0,2960.8,Critical
17084R,ASSORTED INCENSE PACK,General,0.2,73,40.562,169.284,4.174,736.8,1020.7,6055.9,7076.6,14805.0,2.4,122.24,122.24,244.47,,,1020.7,6083.8,Critical
85123A,CREAM HANGING HEART T-LIGHT HOLDER,General,2.88,1303,37.213,96.332,2.589,419.3,679.8,1536.1,2215.9,13582.9,8.8,442.12,442.12,884.23,24.07,8785.6,587.8,1235.0,Critical
85099B,JUMBO BAG RED RETROSPOT,General,2.01,1267,36.872,79.344,2.152,345.3,603.4,1831.9,2435.4,13458.3,7.3,367.33,367.33,734.66,25.21,9201.6,521.8,1512.9,Critical
16033,Unknown,General,0.12,4,36.75,55.65,1.514,242.2,499.5,7555.1,8054.6,13413.8,1.8,88.77,88.77,177.55,,,499.4,7476.0,Critical
23446,BLUE BUNNY EASTER EGG BASKET,General,1.54,5,35.4,60.834,1.718,264.8,512.6,2048.2,2560.8,12921.0,6.3,315.42,315.42,630.85,,,512.6,2048.2,Critical
85135A,Unknown,General,8.1,3,35.333,56.039,1.586,243.9,491.2,892.1,1383.3,12896.7,14.5,722.86,722.86,1445.72,,,491.2,892.2,Critical
22197,POPCORN HOLDER,General,0.84,1101,34.224,107.415,3.139,467.5,707.1,2731.7,3438.8,12491.9,4.6,228.64,228.64,457.29,14.790000000000001,5398.4,571.0,1792.6,Critical
16216,LETTER SHAPE PENCIL SHARPENER,General,0.09,73,33.959,186.64,5.496,812.3,1050.0,8454.1,9504.1,12395.0,1.5,73.31,73.31,146.62,,,1050.0,8298.3,Critical
84879,damaged,General,1.68,1197,33.524,114.744,3.423,499.4,734.1,1909.0,2643.0,12236.2,6.4,320.49,320.49,640.98,21.79,7953.4,651.9,1538.5,Critical
22492,MINI PAINT SET VINTAGE ,General,0.66,546,32.738,107.356,3.279,467.2,696.4,3009.4,3705.8,11949.4,4.0,198.54,198.54,397.07,4.79,1748.4,500.7,1150.9,Critical
84212,"ASSORTED FLOWER COLOUR ""LEIS""",General,0.61,212,32.491,123.528,3.802,537.6,765.1,3123.9,3888.9,11859.1,3.8,189.81,189.81,379.63,,,765.0,3117.8,Critical
84422,Dagamed,General,0.49,22,30.091,100.762,3.349,438.5,649.2,3354.0,4003.1,10983.2,3.3,163.73,163.73,327.47,,,649.1,3347.7,Critical
16052,Unknown,General,0.28,23,29.174,68.169,2.337,296.7,500.9,4398.4,4899.3,10648.5,2.4,121.05,121.05,242.1,,,500.9,4360.6,Critical
16045,check,General,0.04,126,29.095,61.815,2.125,269.0,472.7,11255.7,11728.4,10619.8,0.9,47.17,47.17,94.35,,,472.7,11521.6,Critical
15036,Unknown,General,0.81,543,28.941,119.363,4.124,519.5,722.1,2558.9,3280.9,10563.5,4.1,206.41,206.41,412.82,,,722.1,2553.6,Critical
21915,John Lewis,General,1.25,827,28.677,124.042,4.325,539.9,740.6,2047.1,2787.7,10467.2,5.1,255.66,255.66,511.32,14.93,5449.4,644.4,1476.4,Critical
15034,PAPER POCKET TRAVELING FAN ,General,0.13,207,28.647,124.387,4.342,541.4,741.9,6233.2,6975.1,10456.3,1.7,83.88,83.88,167.75,,,741.9,6341.7,Critical
21212,PACK OF 72 RETROSPOT CAKE CASES,General,0.54,1086,28.564,57.657,2.019,250.9,450.9,3100.2,3551.1,10425.7,3.4,168.14,168.14,336.29,10.140000000000002,3701.1,321.9,1851.2,Critical
22423,damages,General,12.45,1271,27.266,26.023,0.954,113.3,304.1,632.1,936.2,9952.1,15.7,787.2,787.2,1574.4,20.93,7639.4,259.8,553.9,Medium
22616,PACK OF 12 LONDON TISSUES ,General,0.32,639,27.18,98.831,3.636,430.1,620.4,3919.1,4539.5,9920.7,2.5,126.57,126.57,253.13,5.36,1956.4,467.6,1748.4,Critical
40016,Unknown,General,0.4,171,26.544,88.201,3.323,383.9,569.7,3469.9,4039.6,9688.5,2.8,139.61,139.61,279.21,,,569.7,3480.0,Critical
16259,Unknown,General,0.08,65,26.308,57.258,2.176,249.2,433.4,7746.9,8180.3,9602.3,1.2,61.98,61.98,123.95,,,433.4,7746.9,Critical
20668,DISCO BALL CHRISTMAS DECORATION,General,0.12,329,26.267,75.886,2.889,330.3,514.1,6390.4,6904.5,9587.6,1.5,75.02,75.02,150.03,,,514.2,6320.5,Critical
16219,HOUSE SHAPE PENCIL SHARPENER,General,0.1,88,25.261,82.751,3.276,360.2,537.0,6688.0,7225.0,9220.4,1.4,68.93,68.93,137.86,,,537.0,6789.8,Critical
20725,LUNCH BAG RED SPOTTY,General,1.65,1180,25.191,30.461,1.209,132.6,308.9,1667.3,1976.2,9194.6,5.5,275.74,275.74,551.48,18.93,6909.4,265.1,1447.0,High
23203,JUMBO BAG VINTAGE DOILY ,General,2.05,1060,25.18,48.892,1.942,212.8,389.1,1495.6,1884.6,9190.8,6.1,307.27,307.27,614.53,19.21,7011.6,347.3,1307.7,Critical
22086,PAPER CHAIN KIT 50'S CHRISTMAS ,General,2.93,1051,24.696,49.737,2.014,216.5,389.3,1240.9,1630.3,9014.2,7.3,363.21,363.21,726.42,14.140000000000002,5161.1,315.5,938.5,Critical
22178,VICTORIAN GLASS HANGING T-LIGHT,General,1.42,1034,24.596,46.44,1.888,202.1,374.3,1778.5,2152.8,8977.4,5.0,252.39,252.39,504.79,20.36,7431.4,344.6,1617.6,Critical
47566,PARTY BUNTING,General,4.84,1197,24.019,28.015,1.166,121.9,290.1,951.3,1241.4,8767.0,9.2,460.77,460.77,921.55,16.29,5945.8,235.9,783.7,High
23084,website fixed,General,2.02,923,23.995,80.967,3.374,352.4,520.4,1472.4,1992.8,8758.0,5.9,297.4,297.4,594.8,8.0,2920.0,408.4,850.2,Critical
23326,HANGING MINI COLOURED BOTTLES,General,0.62,118,23.771,45.665,1.921,198.7,365.1,2652.4,3017.5,8676.5,3.3,163.56,163.56,327.12,,,365.1,2645.2,Critical
17021,NAMASTE SWAGAT INCENSE,General,0.29,84,23.571,91.257,3.872,397.2,562.2,3876.1,4438.3,8603.6,2.2,110.98,110.98,221.97,,,562.2,3851.5,Critical
22151,PLACE SETTING WHITE HEART,General,0.43,491,23.22,66.098,2.847,287.7,450.2,3144.9,3595.1,8475.3,2.7,134.75,134.75,269.49,,,450.2,3139.3,Critical
22386,JUMBO BAG PINK POLKADOT,General,2.01,1046,22.965,43.375,1.889,188.8,349.5,1443.9,1793.5,8382.1,5.8,290.25,290.25,580.5,8.43,3077.0,247.8,874.9,Critical
22469,Unknown,General,1.64,1058,22.951,56.787,2.474,247.2,407.8,1598.5,2006.3,8377.1,5.2,262.02,262.02,524.04,13.5,4927.5,341.7,1225.7,Critical
84950,ASSORTED COLOUR T-LIGHT HOLDER,General,0.67,167,22.91,140.716,6.142,612.4,772.8,2503.7,3276.5,8362.2,3.3,167.0,167.0,333.99,,,772.8,2498.1,Critical
23447,PINK BUNNY EASTER EGG BASKET,General,1.56,9,22.778,45.604,2.002,198.5,357.9,1633.6,1991.5,8313.9,5.1,254.47,254.47,508.94,,,357.9,1632.4,Critical
21108,FAIRY CAKE FLANNEL ASSORTED COLOUR,General,1.53,349,22.705,170.486,7.509,742.0,900.9,1647.3,2548.2,8287.3,5.0,251.54,251.54,503.08,,,900.9,1645.7,Critical
90176B,DIAMANTE NECKLACE BLACK ,General,7.47,4,22.5,37.687,1.675,164.0,321.5,741.3,1062.8,8212.5,11.1,553.93,553.93,1107.86,,,321.5,741.4,Critical
22693,GROW A FLYTRAP OR SUNFLOWER IN TIN,General,1.24,451,22.499,121.38,5.395,528.3,685.8,1818.9,2504.6,8212.1,4.5,225.75,225.75,451.49,,,685.8,1819.7,Critical
22608,PENS ASSORTED FUNKY JEWELED ,General,0.21,159,22.421,69.246,3.088,301.4,458.3,4362.9,4821.2,8183.8,1.9,93.79,93.79,187.58,,,458.3,4414.2,Critical
17003,BROCADE RING PURSE ,General,0.31,408,22.316,71.025,3.183,309.1,465.3,3635.1,4100.4,8145.4,2.2,112.04,112.04,224.08,,,465.3,3624.6,Critical
21137,Unknown,General,3.61,568,21.569,65.608,3.042,285.5,436.5,1043.7,1480.3,7872.6,7.5,377.13,377.13,754.26,,,436.5,1044.2,Critical
22275,WEEKEND BAG VINTAGE ROSE PAISLEY,General,7.66,8,21.5,22.672,1.054,98.7,249.2,715.8,964.9,7847.5,11.0,548.19,548.19,1096.38,,,249.2,715.7,High
17038,PORCELAIN BUDAH INCENSE HOLDER,General,0.09,53,21.472,34.176,1.592,148.7,299.0,6451.4,6750.4,7837.2,1.2,60.74,60.74,121.48,,,299.0,6598.5,Critical
22961,JAM MAKING SET PRINTED,General,1.46,1043,21.362,34.803,1.629,151.5,301.0,1631.7,1932.7,7797.3,4.8,238.94,238.94,477.87,16.36,5971.4,266.0,1430.0,Critical
23209,LUNCH BAG VINTAGE DOILY ,General,1.65,1020,21.354,28.107,1.316,122.3,271.8,1537.2,1809.0,7794.2,5.1,253.51,253.51,507.02,11.93,4354.4,205.8,1148.7,High
62018,SOMBRERO ,General,1.84,144,21.319,90.442,4.242,393.6,542.9,1454.1,1997.0,7781.6,5.4,267.57,267.57,535.15,,,542.8,1454.2,Critical
21703,BAG 125g SWIRLY MARBLES,General,0.43,489,21.311,73.868,3.466,321.5,470.7,3022.8,3493.4,7778.5,2.6,128.66,128.66,257.33,,,470.7,3007.5,Critical
85204,lost??,General,0.14,78,21.256,58.913,2.772,256.4,405.2,5188.5,5593.7,7758.6,1.5,74.77,74.77,149.53,,,405.2,5264.0,Critical
84946,ANTIQUE SILVER T-LIGHT GLASS,General,1.23,948,21.177,30.016,1.417,130.6,278.9,1771.4,2050.3,7729.7,4.4,218.18,218.18,436.36,11.0,4015.0,207.6,1277.5,High
22610,PENS ASSORTED FUNNY FACE,General,0.24,319,20.969,35.81,1.708,155.9,302.6,3978.7,4281.3,7653.6,1.9,96.18,96.18,192.36,,,302.7,3993.1,Critical
21326,AGED GLASS SILVER T-LIGHT HOLDER,General,0.64,584,20.846,36.791,1.765,160.1,306.0,2442.9,2748.9,7608.8,3.1,155.73,155.73,311.47,,,306.0,2438.1,Critical
16218,CARTOON  PENCIL SHARPENERS,General,0.07,127,20.819,47.024,2.259,204.7,350.4,7281.8,7632.2,7598.9,1.0,52.18,52.18,104.35,,,350.4,7367.4,Critical
21181,dotcom,General,2.07,936,20.699,31.547,1.524,137.3,282.2,1351.5,1633.7,7555.0,5.6,279.51,279.51,559.03,13.29,4850.8,230.3,1082.4,Critical
84755,COLOUR GLASS T-LIGHT HOLDER HANGING,General,0.65,816,20.661,34.429,1.666,149.8,294.5,2414.3,2708.8,7541.1,3.1,156.18,156.18,312.35,,,294.4,2408.5,Critical
21977,PACK OF 60 PINK PAISLEY CAKE CASES,General,0.55,898,20.551,39.248,1.91,170.8,314.7,2611.4,2926.1,7501.2,2.9,143.62,143.62,287.25,10.93,3989.4,247.3,1904.4,Critical
75049L,LARGE CIRCULAR MIRROR MOBILE,General,1.11,260,20.515,46.189,2.251,201.0,344.6,1834.2,2178.9,7488.1,4.1,204.12,204.12,408.24,,,344.6,1836.6,Critical
21790,VINTAGE SNAP CARDS,General,0.85,969,20.281,31.72,1.564,138.1,280.0,2092.5,2372.6,7402.5,3.5,176.88,176.88,353.75,12.71,4639.2,227.1,1652.0,Critical
85099F,Unknown,General,2.0,879,20.133,40.704,2.022,177.2,318.1,1356.7,1674.8,7348.6,5.4,270.83,270.83,541.66,14.21,5186.7,276.7,1138.7,Critical
85213,Unknown,General,0.5,54,20.13,64.723,3.215,281.7,422.6,2703.0,3125.6,7347.3,2.7,135.91,135.91,271.82,,,422.6,2710.6,Critical
20727,LUNCH BAG  BLACK SKULL.,General,1.64,1103,20.079,22.244,1.108,96.8,237.4,1493.0,1730.4,7328.8,4.9,245.43,245.43,490.87,8.71,3179.2,157.8,984.5,High
35957,Unknown,General,0.38,28,19.893,37.097,1.865,161.5,300.7,3108.5,3409.2,7260.9,2.3,116.79,116.79,233.58,,,300.8,3090.9,Critical
22383,LUNCH BAG SUKI DESIGN ,General,1.65,1109,19.885,23.048,1.159,100.3,239.5,1484.2,1723.7,7257.9,4.9,244.5,244.5,489.01,18.29,6675.8,228.3,1422.3,High
21787,RAIN PONCHO RETROSPOT,General,0.86,284,19.87,76.167,3.833,331.5,470.6,2053.5,2524.0,7252.4,3.5,176.59,176.59,353.18,,,470.6,2053.4,Critical
71459,HANGING JAM JAR T-LIGHT HOLDERS,General,0.82,676,19.629,34.133,1.739,148.6,286.0,2086.2,2372.1,7164.5,3.4,171.71,171.71,343.43,,,286.0,2090.1,Critical
22457,NATURAL SLATE HEART CHALKBOARD ,General,2.96,1100,19.61,26.99,1.376,117.5,254.7,1099.5,1354.2,7157.6,6.5,325.5,325.5,651.0,14.0,5110.0,215.5,929.1,High
44235,ASSORTED COLOURED CIRCLE MOBILE ,General,0.41,44,19.545,64.551,3.303,280.9,417.8,2941.7,3359.4,7134.1,2.4,121.26,121.26,242.52,,,417.7,2949.6,Critical
84991,60 TEATIME FAIRY CAKE CASES,General,0.55,895,19.347,32.853,1.698,143.0,278.4,2540.0,2818.4,7061.8,2.8,139.01,139.01,278.02,6.5,2372.5,188.5,1468.6,Critical
22470,Unknown,General,2.95,1004,19.317,46.6,2.412,202.8,338.0,1093.1,1431.1,7050.6,6.5,322.5,322.5,645.0,23.07,8420.6,364.3,1194.7,Critical
22910,PAPER CHAIN KIT VINTAGE CHRISTMAS,General,2.93,891,19.208,25.58,1.332,111.3,245.8,1094.3,1340.1,7010.8,6.4,320.33,320.33,640.66,16.5,6022.5,226.8,1013.8,High
84945,MULTI COLOUR SILVER T-LIGHT HOLDER,General,0.85,579,19.117,42.589,2.228,185.4,319.2,2031.5,2350.7,6977.9,3.4,171.74,171.74,343.48,,,319.2,2026.0,Critical
23201,JUMBO BAG ALPHABET,General,2.06,876,19.108,31.83,1.666,138.5,272.3,1302.5,1574.8,6974.6,5.4,267.73,267.73,535.46,,,272.3,1301.1,Critical
22741,FUNKY DIVA PEN,General,0.85,305,19.089,25.271,1.324,110.0,243.6,2021.8,2265.4,6967.3,3.4,172.31,172.31,344.62,,,243.6,2024.5,High
22382,LUNCH BAG SPACEBOY DESIGN ,General,1.65,1078,19.058,20.184,1.059,87.8,221.2,1450.0,1671.2,6956.0,4.8,239.86,239.86,479.73,18.36,6701.4,216.3,1425.0,High
22629,SPACEBOY LUNCH BOX ,General,1.92,963,19.023,29.442,1.548,128.1,261.3,1344.1,1605.4,6943.3,5.2,258.29,258.29,516.58,11.71,4274.2,210.1,1055.0,Critical
21175,GIN AND TONIC DIET METAL SIGN,General,2.44,947,18.945,68.885,3.636,299.8,432.4,1189.7,1622.1,6915.0,5.8,290.61,290.61,581.23,12.359999999999998,4511.4,386.3,961.5,Critical
20728,LUNCH BAG CARS BLUE,General,1.65,1065,18.82,21.274,1.13,92.6,224.3,1443.7,1668.0,6869.2,4.8,237.9,237.9,475.81,12.43,4537.0,179.6,1172.5,High
23232,WRAP VINTAGE LEAF DESIGN,General,0.42,412,18.794,39.883,2.122,173.6,305.1,2860.9,3166.0,6859.7,2.4,119.89,119.89,239.77,,,305.2,2857.7,Critical
23167,SMALL CERAMIC TOP STORAGE JAR ,General,0.82,296,18.78,80.918,4.309,352.2,483.6,2044.0,2527.7,6854.8,3.4,167.68,167.68,335.36,,,483.7,2044.4,Critical
21498,RED RETROSPOT WRAP ,General,0.42,604,18.772,35.545,1.894,154.7,286.1,2863.9,3150.0,6851.6,2.4,119.62,119.62,239.24,,,286.1,2856.0,Critical
23202,JUMBO BAG VINTAGE LEAF,General,2.07,916,18.635,24.586,1.319,107.0,237.5,1280.3,1517.8,6801.9,5.3,265.64,265.64,531.28,9.640000000000002,3518.6,174.5,921.9,High
23310,BUBBLEGUM RING ASSORTED,General,0.43,327,18.566,34.971,1.884,152.2,282.2,2809.3,3091.4,6776.5,2.4,120.61,120.61,241.22,,,282.2,2807.1,Critical
20724,RED RETROSPOT CHARLOTTE BAG,General,0.84,942,18.539,27.133,1.464,118.1,247.9,2004.8,2252.6,6766.8,3.4,168.77,168.77,337.54,6.64,2423.6,164.6,1201.1,High
23298,"BUNTING , SPOTTY ",General,4.92,1017,18.534,18.504,0.998,80.5,210.3,829.4,1039.7,6764.9,8.2,407.83,407.83,815.65,11.43,4172.0,160.5,651.1,Medium
22865,Unknown,General,2.1,845,18.528,33.814,1.825,147.2,276.9,1269.5,1546.4,6762.7,5.3,266.34,266.34,532.69,,,276.9,1268.9,Critical
23199,JUMBO BAG APPLES,General,2.06,906,18.502,29.926,1.617,130.2,259.8,1279.1,1538.8,6753.3,5.3,263.99,263.99,527.99,,,259.7,1280.3,Critical
23307,SET OF 60 PANTRY DESIGN CAKE CASES ,General,0.55,710,18.469,42.779,2.316,186.2,315.5,2468.5,2783.9,6741.2,2.7,136.55,136.55,273.09,,,315.5,2475.6,Critical
23206,LUNCH BAG APPLE DESIGN,General,1.64,927,18.45,25.88,1.403,112.6,241.8,1433.0,1674.7,6734.2,4.7,234.98,234.98,469.95,10.140000000000002,3701.1,183.6,1062.3,High
22609,PENS ASSORTED SPACEBALL,General,0.29,225,18.404,32.177,1.748,140.0,268.9,3416.8,3685.7,6717.6,2.0,98.3,98.3,196.6,,,268.8,3403.2,Critical
22440,BALLOON WATER BOMB PACK OF 35,General,0.42,335,18.328,92.6,5.052,403.0,531.3,2830.0,3361.3,6689.9,2.4,118.19,118.19,236.39,,,531.3,2822.1,Critical
22727,ALARM CLOCK BAKELIKE RED ,General,3.76,1072,18.322,29.912,1.633,130.2,258.4,943.2,1201.6,6687.5,7.1,354.52,354.52,709.03,16.93,6179.4,248.7,906.5,Critical
22952,72 CAKE CASES VINTAGE CHRISTMAS,General,0.54,726,18.304,31.583,1.725,137.5,265.6,2479.0,2744.6,6681.1,2.7,134.75,134.75,269.5,,,265.6,2487.2,Critical
16043,Unknown,General,0.12,7,18.286,25.682,1.404,111.8,239.8,5305.1,5544.9,6674.3,1.3,62.9,62.9,125.81,,,239.8,5273.5,High
22993,SET OF 4 PANTRY JELLY MOULDS,General,1.26,986,18.285,21.542,1.178,93.8,221.8,1630.3,1852.0,6674.0,4.1,204.69,204.69,409.38,10.43,3807.0,166.8,1229.1,High
20971,PINK BLUE FELT CRAFT TRINKET BOX,General,1.27,754,18.236,74.733,4.098,325.3,452.9,1621.8,2074.7,6656.2,4.1,205.2,205.2,410.41,,,453.0,1618.8,Critical
84978,HANGING HEART JAR T-LIGHT HOLDER,General,1.21,818,18.149,23.248,1.281,101.2,228.2,1652.7,1880.9,6624.4,4.0,200.41,200.41,400.82,,,228.2,1654.5,High
22998,TRAVEL CARD WALLET KEEP CALM,General,0.43,668,18.12,38.255,2.111,166.5,293.3,2786.2,3079.6,6613.7,2.4,118.69,118.69,237.37,,,293.3,2773.1,Critical
16008,check,General,0.15,156,18.045,39.684,2.199,172.7,299.0,4688.9,4987.9,6586.4,1.4,70.23,70.23,140.47,,,299.0,4685.6,Critical
21731,RED TOADSTOOL LED NIGHT LIGHT,General,1.66,769,18.023,43.046,2.388,187.3,313.5,1409.4,1722.9,6578.5,4.7,233.39,233.39,466.77,,,313.5,1407.6,Critical
21982,PACK OF 12 SUKI TISSUES ,General,0.34,458,18.0,68.196,3.789,296.8,422.8,3125.5,3548.4,6570.0,2.1,105.1,105.1,210.2,,,422.8,3108.3,Critical
22034,Unknown,General,0.42,3,18.0,24.269,1.348,105.6,231.6,2785.6,3017.3,6570.0,2.4,117.93,117.93,235.85,,,231.6,2796.7,High
10124A,SPOTS ON RED BOOKCOVER TAPE,General,0.42,21,18.0,26.95,1.497,117.3,243.3,2799.9,3043.2,6570.0,2.3,117.33,117.33,234.65,,,243.3,2796.7,High
79000,Unknown,General,0.81,227,17.996,48.184,2.678,209.7,335.7,2019.4,2355.1,6568.4,3.3,162.63,162.63,325.27,,,335.7,2013.6,Critical
22740,adjustment,General,0.85,184,17.908,23.764,1.327,103.4,228.8,1963.2,2191.9,6536.3,3.3,166.47,166.47,332.95,,,228.8,1960.8,High
21981,PACK OF 12 WOODLAND TISSUES ,General,0.33,391,17.87,46.651,2.611,203.0,328.1,3148.1,3476.2,6522.4,2.1,103.59,103.59,207.18,,,328.1,3143.6,Critical
21080,SET/20 RED RETROSPOT PAPER NAPKINS ,General,0.84,942,17.856,22.37,1.253,97.4,222.3,1971.9,2194.2,6517.3,3.3,165.26,165.26,330.51,,,222.4,1969.6,High
75131,Unknown,General,1.58,42,17.833,60.015,3.365,261.2,386.0,1433.1,1819.1,6509.2,4.5,227.11,227.11,454.21,,,386.0,1435.2,Critical
82482,WOODEN PICTURE FRAME WHITE FINISH,General,2.63,1064,17.78,19.732,1.11,85.9,210.3,1110.1,1320.4,6489.7,5.8,292.31,292.31,584.63,7.79,2843.4,140.4,735.2,High
23309,SET OF 60 I LOVE LONDON CAKE CASES ,General,0.56,499,17.735,47.95,2.704,208.7,332.8,2406.0,2738.8,6473.4,2.7,134.53,134.53,269.06,,,332.8,2404.1,Critical
22384,LUNCH BAG PINK POLKADOT,General,1.65,1043,17.731,21.389,1.206,93.1,217.2,1398.6,1615.8,6471.7,4.6,231.36,231.36,462.71,17.36,6336.4,214.6,1385.7,High
22867,Unknown,General,2.09,807,17.704,28.44,1.606,123.8,247.7,1242.3,1490.0,6461.9,5.2,260.08,260.08,520.16,,,247.7,1243.3,Critical
21733,RED HANGING HEART T-LIGHT HOLDER,General,2.94,910,17.7,36.556,2.065,159.1,283.0,1047.9,1330.9,6460.5,6.2,308.25,308.25,616.5,,,283.0,1048.2,Critical
20726,LUNCH BAG WOODLAND,General,1.65,1017,17.672,19.527,1.105,85.0,208.7,1397.3,1606.0,6450.1,4.6,230.81,230.81,461.61,20.5,7482.5,228.5,1505.8,High
21166,?,General,2.03,916,17.663,27.636,1.565,120.3,243.9,1259.9,1503.8,6446.9,5.1,255.86,255.86,511.71,,,243.9,1260.1,Critical
22720,Unknown,General,4.93,1088,17.635,18.194,1.032,79.2,202.6,807.9,1010.5,6436.8,8.0,398.37,398.37,796.74,10.71,3909.2,154.2,629.7,High
21891,Unknown,General,1.39,613,17.61,51.248,2.91,223.0,346.3,1523.1,1869.5,6427.7,4.2,211.0,211.0,422.0,,,346.3,1520.6,Critical
22560,TRADITIONAL MODELLING CLAY,General,1.25,580,17.605,44.482,2.527,193.6,316.8,1600.6,1917.5,6425.9,4.0,200.73,200.73,401.46,,,316.8,1603.2,Critical
21497,FANCY FONTS BIRTHDAY WRAP,General,0.42,494,17.595,35.746,2.032,155.6,278.7,2772.2,3050.9,6422.2,2.3,115.83,115.83,231.67,,,278.8,2765.0,Critical
POST,Unknown,General,41.07,1117,17.592,16.284,0.926,70.9,194.0,279.6,473.6,6421.0,23.0,1148.28,1148.28,2296.57,12.21,4456.7,156.4,232.9,Medium
44265,Unknown,General,4.19,7,17.571,17.491,0.995,76.1,199.1,875.0,1074.1,6413.6,7.3,366.49,366.49,732.99,,,199.1,874.8,Medium
22950,SET OF 36 VINTAGE CHRISTMAS DOILIES,General,1.43,272,17.562,38.532,2.194,167.7,290.6,1498.0,1788.6,6410.3,4.3,213.97,213.97,427.93,,,290.6,1497.1,Critical
21167,WHITE SAGE INCENSE,General,0.21,67,17.522,24.777,1.414,107.8,230.5,3905.1,4135.5,6395.7,1.6,81.89,81.89,163.78,,,230.5,3902.3,High
21650,ASSORTED TUTTI FRUTTI BRACELET,General,0.25,100,17.5,28.561,1.632,124.3,246.8,3543.2,3790.0,6387.5,1.8,90.14,90.14,180.28,,,246.8,3574.2,Critical
85099C,JUMBO  BAG BAROQUE BLACK WHITE,General,2.01,908,17.478,25.093,1.436,109.2,231.6,1259.4,1490.9,6379.5,5.1,253.28,253.28,506.56,,,231.5,1259.7,High
22659,LUNCH BOX I LOVE LONDON,General,1.93,751,17.434,36.823,2.112,160.3,282.3,1283.9,1566.2,6363.4,5.0,247.81,247.81,495.63,,,282.3,1284.0,Critical
22411,JUMBO SHOPPER VINTAGE RED PAISLEY,General,2.03,1018,17.41,21.427,1.231,93.3,215.1,1249.7,1464.8,6354.5,5.1,254.24,254.24,508.49,13.93,5084.4,190.8,1119.1,High
23076,ICE CREAM SUNDAE LIP GLOSS,General,1.24,480,17.408,29.03,1.668,126.3,248.2,1601.6,1849.8,6354.0,4.0,198.37,198.37,396.73,,,248.2,1600.7,Critical
22726,Unknown,General,3.77,1003,17.4,18.597,1.069,80.9,202.7,917.2,1119.9,6350.9,6.9,346.22,346.22,692.45,8.29,3025.8,138.9,633.5,High
21929,JUMBO BAG PINK VINTAGE PAISLEY,General,2.02,897,17.342,25.731,1.484,112.0,233.4,1250.2,1483.6,6329.9,5.1,253.16,253.16,506.32,,,233.4,1251.7,High
21829,adjustment,General,0.21,278,17.324,26.277,1.517,114.4,235.6,3860.4,4096.0,6323.2,1.6,81.9,81.9,163.8,,,235.7,3880.1,Critical
23344,JUMBO BAG 50'S CHRISTMAS ,General,2.07,776,17.312,26.383,1.524,114.8,236.0,1235.3,1471.3,6318.8,5.1,255.76,255.76,511.51,,,236.0,1235.4,Critical
22578,lost,General,0.42,612,17.302,34.575,1.998,150.5,271.6,2747.7,3019.3,6315.3,2.3,114.92,114.92,229.84,,,271.6,2741.9,Critical
22539,MINI JIGSAW DOLLY GIRL,General,0.38,187,17.299,35.718,2.065,155.5,276.6,2890.7,3167.2,6314.3,2.2,109.22,109.22,218.44,,,276.6,2882.4,Critical
84992,72 SWEETHEART FAIRY CAKE CASES,General,0.55,812,17.264,55.411,3.21,241.2,362.0,2386.9,2748.9,6301.2,2.6,132.0,132.0,263.99,,,362.0,2393.4,Critical
23233,WRAP POPPIES  DESIGN,General,0.42,267,17.232,44.233,2.567,192.5,313.1,2740.8,3053.9,6289.8,2.3,114.74,114.74,229.49,,,313.1,2736.4,Critical
22866,Unknown,General,2.09,761,17.2,29.607,1.721,128.9,249.3,1226.9,1476.1,6277.9,5.1,255.85,255.85,511.7,,,249.3,1225.5,Critical
84929,found,General,0.26,166,17.169,37.884,2.207,164.9,285.1,3457.1,3742.1,6266.6,1.8,90.63,90.63,181.27,,,285.1,3471.5,Critical
22577,check,General,0.47,649,17.149,28.17,1.643,122.6,242.7,2570.1,2812.7,6259.6,2.4,121.78,121.78,243.56,,,242.6,2580.5,Critical
85212,MINI PAINTED GARDEN DECORATION ,General,0.35,157,17.121,42.485,2.481,184.9,304.8,2991.0,3295.8,6249.2,2.1,104.47,104.47,208.93,,,304.7,2987.9,Critical
16011,ANIMAL STICKERS,General,0.21,86,17.116,24.816,1.45,108.0,227.8,3855.2,4083.1,6247.4,1.6,81.03,81.03,162.05,,,227.8,3856.8,High
21213,PACK OF 72 SKULL CAKE CASES,General,0.54,733,17.086,29.705,1.739,129.3,248.9,2398.2,2647.1,6236.4,2.6,130.02,130.02,260.04,,,248.9,2403.0,Critical
79321,Unknown,General,5.35,799,17.058,30.589,1.793,133.1,252.5,762.8,1015.3,6226.0,8.2,408.13,408.13,816.25,,,252.5,762.8,Critical
21931,JUMBO STORAGE BAG SUKI,General,2.03,1015,17.029,20.994,1.233,91.4,210.6,1237.2,1447.8,6215.4,5.0,251.18,251.18,502.37,11.57,4223.0,172.4,1019.9,High
90124C,GREEN MURANO TWIST NECKLACE,General,10.12,8,17.0,18.578,1.093,80.9,199.9,553.8,753.6,6205.0,11.2,560.23,560.23,1120.46,,,199.9,553.7,High
22699,ROSES REGENCY TEACUP AND SAUCER ,General,2.92,982,16.993,18.778,1.105,81.7,200.7,1030.1,1230.8,6202.4,6.0,301.05,301.05,602.11,,,200.7,1030.6,High
20974,12 PENCILS SMALL TUBE SKULL,General,0.65,559,16.989,37.758,2.222,164.3,283.3,2191.6,2474.9,6201.1,2.8,141.47,141.47,282.95,,,283.2,2184.1,Critical
23207,LUNCH BAG ALPHABET DESIGN,General,1.65,880,16.989,27.866,1.64,121.3,240.2,1369.9,1610.1,6200.9,4.5,226.33,226.33,452.66,,,240.2,1370.8,Critical
21980,PACK OF 12 RED RETROSPOT TISSUES ,General,0.32,454,16.936,33.557,1.981,146.1,264.6,3090.9,3355.6,6181.7,2.0,100.0,100.0,199.99,,,264.7,3107.9,Critical
23582,VINTAGE DOILY JUMBO BAG RED ,General,2.06,412,16.93,77.772,4.594,338.5,457.0,1225.1,1682.1,6179.3,5.0,252.19,252.19,504.38,,,457.0,1224.7,Critical
23284,Unknown,General,7.87,844,16.925,22.261,1.315,96.9,215.4,626.6,842.0,6177.8,9.9,492.92,492.92,985.85,,,215.4,626.5,High
21975,PACK OF 60 DINOSAUR CAKE CASES,General,0.56,788,16.925,33.339,1.97,145.1,263.6,2349.3,2612.8,6177.7,2.6,131.48,131.48,262.96,,,263.6,2348.6,Critical
21986,PACK OF 12 PINK POLKADOT TISSUES,General,0.34,277,16.913,79.066,4.675,344.1,462.5,2997.8,3460.3,6173.4,2.1,102.96,102.96,205.93,,,462.5,3013.1,Critical
22077,6 RIBBONS RUSTIC CHARM,General,1.77,935,16.864,20.684,1.226,90.0,208.1,1319.5,1527.6,6155.4,4.7,233.25,233.25,466.5,,,208.0,1318.6,High
22985,WRAP BILLBOARD FONTS DESIGN,General,0.42,215,16.856,55.407,3.287,241.1,359.1,2712.1,3071.3,6152.4,2.3,113.42,113.42,226.85,,,359.1,2706.3,Critical
84827,ASS DES PHONE SPONGE CRAFT STICKER,General,0.39,46,16.804,23.239,1.383,101.1,218.8,2787.6,3006.3,6133.6,2.2,110.02,110.02,220.03,,,218.7,2804.2,High
16156S,Unknown,General,0.42,398,16.794,36.851,2.194,160.4,277.9,2710.8,2988.7,6129.8,2.3,113.06,113.06,226.13,,,278.0,2701.4,Critical
23522,WALL ART DOG AND BALL ,General,2.13,32,16.719,27.02,1.616,117.6,234.6,1198.1,1432.7,6102.3,5.1,254.67,254.67,509.34,,,234.6,1196.9,Critical
22630,DOLLY GIRL LUNCH BOX,General,1.95,851,16.716,25.568,1.53,111.3,228.3,1251.7,1480.0,6101.2,4.9,243.72,243.72,487.44,,,228.3,1250.8,Critical
23301,GARDENERS KNEELING PAD KEEP CALM ,General,1.66,880,16.694,18.461,1.106,80.3,197.2,1354.0,1551.2,6093.4,4.5,225.01,225.01,450.03,,,197.2,1354.8,High
22666,RECIPE BOX PANTRY YELLOW DESIGN,General,2.94,1010,16.677,20.622,1.237,89.8,206.5,1016.8,1223.3,6087.2,6.0,299.32,299.32,598.64,,,206.5,1017.5,High
23077,DOUGHNUT LIP GLOSS ,General,1.25,603,16.667,27.552,1.653,119.9,236.6,1562.1,1798.7,6083.3,3.9,194.71,194.71,389.43,,,236.6,1559.9,Critical
82494L,crushed ctn,General,2.93,997,16.618,15.786,0.95,68.7,185.0,1017.2,1202.2,6065.5,6.0,298.16,298.16,596.31,,,185.0,1017.4,Medium
22065,CHRISTMAS PUDDING TRINKET POT ,General,0.68,283,16.572,34.617,2.089,150.7,266.7,2113.4,2380.0,6048.9,2.9,143.11,143.11,286.22,,,266.7,2109.0,Critical
22909,SET OF 20 VINTAGE CHRISTMAS NAPKINS,General,0.84,766,16.568,22.012,1.329,95.8,211.8,1891.9,2103.6,6047.3,3.2,159.82,159.82,319.65,,,211.8,1897.3,High
85230E,Damaged,General,0.26,50,16.5,23.433,1.42,102.0,217.5,3381.2,3598.6,6022.5,1.8,89.06,89.06,178.12,,,217.5,3403.2,High
84508A,check,General,2.4,76,16.461,40.064,2.434,174.4,289.6,1118.5,1408.1,6008.1,5.4,268.58,268.58,537.17,,,289.6,1118.8,Critical
22969,HOMEMADE JAM SCENTED CANDLES,General,1.44,762,16.428,21.491,1.308,93.5,208.5,1443.1,1651.6,5996.2,4.2,207.75,207.75,415.51,,,208.5,1442.9,High
22385,JUMBO BAG SPACEBOY DESIGN,General,2.01,809,16.402,22.788,1.389,99.2,214.0,1220.4,1434.4,5986.6,4.9,245.27,245.27,490.54,,,214.0,1220.3,High
22111,SCOTTIE DOG HOT WATER BOTTLE,General,4.91,877,16.395,15.809,0.964,68.8,183.6,780.5,964.1,5984.0,7.7,383.33,383.33,766.65,,,183.6,780.6,Medium
84683,Unknown,General,0.94,33,16.394,16.006,0.976,69.7,184.4,1784.1,1968.5,5983.8,3.4,167.7,167.7,335.4,,,184.5,1784.1,Medium
23078,ICE CREAM PEN LIP GLOSS ,General,1.25,403,16.387,22.137,1.351,96.3,211.1,1548.2,1759.2,5981.3,3.9,193.17,193.17,386.35,,,211.0,1546.8,High
23327,HANGING CLEAR MINI BOTTLE,General,0.62,85,16.376,28.695,1.752,124.9,239.5,2194.0,2433.5,5977.4,2.7,136.22,136.22,272.45,,,239.5,2195.6,Critical
22987,WRAP SUMMER ROSE DESIGN,General,0.42,8,16.375,15.775,0.963,68.7,183.3,2663.5,2846.8,5976.9,2.2,112.2,112.2,224.4,,,183.3,2667.5,Medium
20713,wrongly coded 23343,General,2.02,631,16.361,29.923,1.829,130.2,244.8,1216.6,1461.4,5971.9,4.9,245.42,245.42,490.85,,,244.7,1215.8,Critical
85152,Unknown,General,2.1,872,16.318,26.707,1.637,116.2,230.5,1192.0,1422.5,5955.9,5.0,249.82,249.82,499.65,,,230.4,1190.8,Critical
22960,JAM MAKING SET WITH JARS,General,4.17,992,16.299,16.782,1.03,73.0,187.1,844.7,1031.8,5949.3,7.0,352.17,352.17,704.34,,,187.1,844.6,High
22558,CLOTHES PEGS RETROSPOT PACK 24 ,General,1.58,877,16.274,19.688,1.21,85.7,199.6,1369.9,1569.5,5939.9,4.3,216.79,216.79,433.59,,,199.6,1371.0,High
22045,SPACEBOY GIFT WRAP,General,0.42,402,16.264,29.162,1.793,126.9,240.8,2666.4,2907.2,5936.2,2.2,111.32,111.32,222.63,,,240.7,2658.4,Critical
84228,crushed,General,0.42,41,16.244,25.019,1.54,108.9,222.6,2672.3,2894.9,5929.0,2.2,110.93,110.93,221.87,,,222.6,2656.8,Critical
20972,PINK CREAM FELT CRAFT TRINKET BOX ,General,1.26,805,16.214,23.335,1.439,101.6,215.1,1530.2,1745.2,5918.0,3.9,193.38,193.38,386.76,,,215.1,1532.5,High
44234,ASSORTED CIRCULAR MOBILE,General,0.21,74,16.203,50.961,3.145,221.8,335.2,3770.2,4105.4,5914.0,1.6,78.43,78.43,156.86,,,335.2,3752.5,Critical
21801,Unknown,General,0.42,46,16.174,18.38,1.136,80.0,193.2,2659.6,2852.8,5903.5,2.2,110.98,110.98,221.97,,,193.2,2651.0,High
21889,WOODEN BOX OF DOMINOES,General,1.27,714,16.169,23.593,1.459,102.7,215.9,1525.3,1741.2,5901.9,3.9,193.46,193.46,386.92,,,215.9,1524.3,High
37464,Unknown,General,1.26,6,16.167,17.337,1.072,75.5,188.6,1533.3,1721.9,5900.8,3.8,192.43,192.43,384.85,,,188.7,1530.2,High
23230,WRAP ALPHABET DESIGN,General,0.42,402,16.159,22.108,1.368,96.2,209.3,2654.6,2863.9,5898.1,2.2,111.09,111.09,222.19,,,209.3,2649.8,High
22147,check,General,1.46,738,16.159,48.164,2.981,209.6,322.7,1421.3,1744.0,5897.9,4.1,207.48,207.48,414.96,,,322.7,1421.2,Critical
23208,LUNCH BAG VINTAGE LEAF DESIGN,General,1.64,797,16.158,19.282,1.193,83.9,197.0,1339.5,1536.6,5897.7,4.4,220.14,220.14,440.28,,,197.0,1340.9,High
72818,check,General,0.62,91,16.143,44.439,2.753,193.4,306.4,2177.1,2483.5,5892.1,2.7,135.32,135.32,270.64,,,306.4,2179.8,Critical
23355,HOT WATER BOTTLE KEEP CALM,General,4.86,852,16.124,22.619,1.403,98.4,211.3,778.1,989.4,5885.4,7.6,378.18,378.18,756.37,,,211.3,778.1,High
20712,JUMBO BAG WOODLAND ANIMALS,General,2.03,747,16.124,25.949,1.609,112.9,225.8,1203.6,1429.4,5885.4,4.9,244.5,244.5,488.99,,,225.8,1204.0,Critical
22326,ROUND SNACK BOXES SET OF4 WOODLAND ,General,2.94,852,16.122,20.802,1.29,90.5,203.4,1000.5,1203.9,5884.6,5.9,294.08,294.08,588.16,,,203.4,1000.4,High
22791,Unknown,General,1.22,544,16.121,23.896,1.482,104.0,216.9,1549.9,1766.8,5884.3,3.8,189.82,189.82,379.65,,,216.8,1552.9,High
84347,ROTATING SILVER ANGELS T-LIGHT HLDR,General,2.58,504,16.099,25.118,1.56,109.3,222.0,1067.1,1289.2,5876.2,5.5,275.32,275.32,550.65,,,222.0,1067.1,Critical
22489,PACK OF 12 TRADITIONAL CRAYONS,General,0.43,538,16.099,27.867,1.731,121.3,234.0,2613.9,2847.9,5876.0,2.2,112.4,112.4,224.79,,,234.0,2613.9,Critical
22139,amazon,General,4.99,982,16.048,16.775,1.045,73.0,185.3,766.2,951.5,5857.5,7.6,382.24,382.24,764.49,,,185.3,766.1,High
22339,check,General,0.28,95,16.032,29.484,1.839,128.3,240.5,3256.4,3497.0,5851.5,1.8,89.85,89.85,179.69,,,240.5,3232.5,Critical
22038,BOTANICAL LAVENDER GIFT WRAP ,General,0.42,34,16.029,18.006,1.123,78.4,190.6,2630.9,2821.5,5850.7,2.2,111.19,111.19,222.39,,,190.6,2639.2,High
85136B,Unknown,General,8.09,5,16.0,14.283,0.893,62.2,174.2,600.8,774.9,5840.0,9.7,486.03,486.03,972.07,,,174.2,600.8,Medium
84915,HAND TOWEL PINK FLOWER AND DAISY,General,3.76,16,16.0,12.754,0.797,55.5,167.5,881.2,1048.7,5840.0,6.6,331.38,331.38,662.75,,,167.5,881.2,Medium
21985,PACK OF 12 HEARTS DESIGN TISSUES ,General,0.33,572,15.984,56.905,3.56,247.7,359.6,2958.7,3318.2,5834.3,2.0,98.6,98.6,197.19,,,359.6,2973.2,Critical
16161U,WRAP SUKI AND FRIENDS,General,0.42,339,15.973,28.223,1.767,122.8,234.6,2637.6,2872.2,5830.3,2.2,110.52,110.52,221.05,,,234.6,2634.5,Critical
22959,check,General,0.42,255,15.973,21.51,1.347,93.6,205.4,2636.6,2842.0,5830.0,2.2,110.56,110.56,221.12,,,205.4,2634.5,High
21232,STRAWBERRY CERAMIC TRINKET POT,General,1.25,819,15.967,21.746,1.362,94.6,206.4,1523.9,1730.3,5828.0,3.8,191.22,191.22,382.43,,,206.4,1526.8,High
23293,SET OF 12 FAIRY CAKE BAKING CASES,General,0.83,653,15.963,25.588,1.603,111.4,223.1,1878.6,2101.7,5826.6,3.1,155.08,155.08,310.15,,,223.1,1873.5,Critical
22154,ANGEL DECORATION 3 BUTTONS ,General,0.42,231,15.887,37.209,2.342,161.9,273.2,2629.4,2902.5,5798.9,2.2,110.27,110.27,220.54,,,273.1,2627.4,Critical
16169E,check,General,0.42,369,15.873,25.828,1.627,112.4,223.5,2626.9,2850.4,5793.5,2.2,110.27,110.27,220.55,,,223.5,2626.2,Critical
84970S,HANGING HEART ZINC T-LIGHT HOLDER,General,0.85,723,15.858,19.662,1.24,85.6,196.6,1841.9,2038.4,5788.0,3.1,157.12,157.12,314.25,,,196.6,1845.2,High
22149,Unknown,General,2.11,754,15.794,37.414,2.369,162.8,273.4,1169.6,1443.0,5765.0,4.9,246.45,246.45,492.91,,,273.4,1168.8,Critical
22112,CHOCOLATE HOT WATER BOTTLE,General,4.88,912,15.781,17.477,1.107,76.1,186.5,768.5,955.0,5760.0,7.5,374.77,374.77,749.54,,,186.6,768.2,High
22328,ROUND SNACK BOXES SET OF 4 FRUITS ,General,2.92,736,15.755,57.116,3.625,248.6,358.9,992.0,1350.8,5750.7,5.8,289.87,289.87,579.73,,,358.9,992.3,Critical
84666,Unknown,General,3.88,4,15.75,24.226,1.538,105.4,215.7,860.2,1075.8,5748.8,6.7,334.17,334.17,668.34,,,215.7,860.7,Critical
23692,WRAP A PRETTY THANK YOU,General,0.41,4,15.75,8.77,0.557,38.2,148.4,2631.8,2780.2,5748.8,2.2,109.22,109.22,218.44,,,148.4,2647.8,Medium
20719,WOODLAND CHARLOTTE BAG,General,0.84,758,15.726,20.955,1.333,91.2,201.3,1846.3,2047.6,5739.8,3.1,155.44,155.44,310.89,,,201.3,1848.4,High
21791,VINTAGE HEADS AND TAILS CARD GAME ,General,1.25,788,15.722,29.332,1.866,127.7,237.7,1513.8,1751.5,5738.6,3.8,189.54,189.54,379.08,,,237.8,1515.1,Critical
22710,WRAP I LOVE LONDON ,General,0.42,220,15.718,43.145,2.745,187.8,297.8,2621.8,2919.6,5737.1,2.2,109.41,109.41,218.83,,,297.8,2613.4,Critical
20975,Unknown,General,0.65,534,15.715,26.674,1.697,116.1,226.1,2105.7,2331.8,5736.1,2.7,136.2,136.2,272.4,,,226.1,2100.6,Critical
22336,damaged,General,0.44,131,15.702,38.014,2.421,165.4,275.4,2555.7,2831.1,5731.3,2.2,112.13,112.13,224.26,,,275.3,2552.0,Critical
84826,ASSTD DESIGN 3D PAPER STICKERS,General,0.56,79,15.684,30.162,1.923,131.3,241.1,2264.0,2505.0,5724.5,2.5,126.43,126.43,252.85,,,241.1,2260.8,Critical
20914,SET/5 RED SPOTTY LID GLASS BOWLS,General,2.95,974,15.668,15.313,0.977,66.6,176.3,984.5,1160.9,5719.0,5.8,290.44,290.44,580.88,,,176.3,984.5,Medium
23204,CHARLOTTE BAG APPLES DESIGN,General,0.84,680,15.656,22.4,1.431,97.5,207.1,1842.9,2050.0,5714.4,3.1,155.04,155.04,310.08,,,207.1,1844.3,High
23440,PAINT YOUR OWN EGGS IN CRATE,General,1.92,14,15.643,37.162,2.376,161.7,271.2,1219.4,1490.6,5709.6,4.7,234.12,234.12,468.24,,,271.2,1219.4,Critical
22573,STAR WOODEN CHRISTMAS DECORATION,General,0.9,288,15.635,36.975,2.365,160.9,270.4,1782.6,2053.0,5706.9,3.2,160.07,160.07,320.14,,,270.3,1780.6,Critical
22540,MINI JIGSAW CIRCUS PARADE ,General,0.38,169,15.621,31.365,2.008,136.5,245.9,2741.7,2987.6,5701.8,2.1,103.98,103.98,207.96,,,245.8,2739.0,Critical
21500,PINK POLKADOT WRAP ,General,0.41,487,15.618,23.062,1.477,100.4,209.7,2621.1,2830.8,5700.6,2.2,108.75,108.75,217.49,,,209.7,2636.7,High
22467,Unknown,General,2.47,818,15.6,19.172,1.229,83.4,192.6,1072.5,1265.2,5694.1,5.3,265.45,265.45,530.9,,,192.6,1073.6,High
35816P,"ACRYLIC JEWEL ANGEL,PINK",General,0.38,5,15.6,18.474,1.184,80.4,189.6,2737.2,2926.8,5694.0,2.1,104.01,104.01,208.02,,,189.6,2737.2,High
16161P,WRAP ENGLISH ROSE ,General,0.42,524,15.565,22.034,1.416,95.9,204.9,2602.5,2807.4,5681.2,2.2,109.15,109.15,218.29,,,204.9,2600.6,High
90059B,DIAMANTE HAIR GRIP PACK/2 BLACK DIA,General,1.65,9,15.556,25.769,1.657,112.2,221.0,1311.7,1532.7,5677.8,4.3,216.43,216.43,432.86,,,221.1,1311.7,Critical
23297,SET 40 HEART SHAPE PETIT FOUR CASES,General,1.63,273,15.535,34.082,2.194,148.3,257.1,1319.5,1576.6,5670.2,4.3,214.87,214.87,429.73,,,257.0,1318.8,Critical
84947,ANTIQUE SILVER TEA GLASS ENGRAVED,General,1.24,618,15.524,27.921,1.799,121.5,230.2,1510.7,1740.8,5666.4,3.8,187.55,187.55,375.09,,,230.2,1511.6,Critical
85175,Unknown,General,0.43,256,15.52,27.099,1.746,117.9,226.6,2578.8,2805.3,5664.6,2.2,109.83,109.83,219.66,,,226.5,2566.5,Critical
21928,JUMBO BAG SCANDINAVIAN BLUE PAISLEY,General,2.04,772,15.501,21.612,1.394,94.1,202.6,1176.9,1379.4,5658.0,4.8,240.38,240.38,480.77,,,202.6,1177.6,High
21499,BLUE POLKADOT WRAP,General,0.42,423,15.494,24.018,1.55,104.5,213.0,2606.3,2819.3,5655.3,2.2,108.49,108.49,216.99,,,213.0,2594.7,Critical
21495,SKULLS AND CROSSBONES WRAP,General,0.42,365,15.479,22.704,1.467,98.8,207.2,2601.7,2808.9,5650.0,2.2,108.58,108.58,217.16,,,207.2,2593.5,High
22554,PLASTERS IN TIN WOODLAND ANIMALS,General,1.66,857,15.48,15.776,1.019,68.7,177.0,1306.4,1483.4,5650.0,4.3,216.25,216.25,432.5,,,177.1,1304.5,High
21394,Unknown,General,0.45,223,15.444,23.258,1.506,101.2,209.3,2490.3,2699.6,5637.0,2.3,113.18,113.18,226.36,,,209.3,2502.7,Critical
23231,WRAP  VINTAGE DOILY ,General,0.42,477,15.44,20.149,1.305,87.7,195.8,2591.0,2786.8,5635.7,2.2,108.75,108.75,217.51,,,195.8,2590.2,High
23295,SET OF 12 MINI LOAF BAKING CASES,General,0.82,531,15.433,31.116,2.016,135.4,243.5,1851.6,2095.1,5633.1,3.0,152.11,152.11,304.23,,,243.4,1853.3,Critical
23308,SET OF 60 VINTAGE LEAF CAKE CASES ,General,0.56,471,15.401,35.967,2.335,156.5,264.3,2237.1,2501.5,5621.5,2.5,125.64,125.64,251.28,,,264.3,2240.4,Critical
51014A,"FEATHER PEN,HOT PINK",General,0.53,309,15.398,22.267,1.446,96.9,204.7,2310.1,2514.8,5620.3,2.4,121.65,121.65,243.29,,,204.7,2302.6,High
23245,SET OF 3 REGENCY CAKE TINS,General,4.91,817,15.39,17.764,1.154,77.3,185.0,756.1,941.1,5617.5,7.4,371.5,371.5,743.01,,,185.0,756.3,High
84836,ZINC METAL HEART DECORATION,General,1.25,834,15.38,19.983,1.299,87.0,194.6,1499.8,1694.4,5613.7,3.7,187.15,187.15,374.31,,,194.7,1498.5,High
21086,SET/6 RED SPOTTY PAPER CUPS,General,0.65,539,15.375,25.989,1.69,113.1,220.7,2073.4,2294.1,5611.8,2.7,135.33,135.33,270.66,,,220.7,2077.7,Critical
22697,GREEN REGENCY TEACUP AND SAUCER,General,2.93,934,15.368,16.682,1.085,72.6,180.2,978.0,1158.2,5609.4,5.7,286.79,286.79,573.57,,,180.2,978.4,High
21914,BLUE HARMONICA IN BOX ,General,1.27,808,15.349,21.294,1.387,92.7,200.1,1483.8,1683.9,5602.4,3.8,188.78,188.78,377.57,,,200.1,1485.1,High
22189,CREAM HEART CARD HOLDER,General,3.88,726,15.34,45.937,2.995,199.9,307.3,849.6,1156.9,5599.2,6.6,329.53,329.53,659.05,,,307.3,849.4,Critical
22047,EMPIRE GIFT WRAP,General,0.42,224,15.308,23.021,1.504,100.2,207.4,2589.3,2796.6,5587.4,2.2,107.9,107.9,215.79,,,207.4,2579.1,Critical
20685,DOORMAT RED RETROSPOT,General,7.69,892,15.303,20.047,1.31,87.3,194.4,602.7,797.1,5585.5,9.3,463.35,463.35,926.7,,,194.4,602.6,High
20723,STRAWBERRY CHARLOTTE BAG,General,0.86,758,15.298,20.475,1.338,89.1,196.2,1804.9,2001.1,5583.8,3.1,154.68,154.68,309.37,,,196.2,1801.8,High
22771,CLEAR DRAWER KNOB ACRYLIC EDWARDIAN,General,1.24,608,15.273,21.046,1.378,91.6,198.5,1498.7,1697.2,5574.7,3.7,185.98,185.98,371.97,,,198.5,1499.3,High
21399,Unknown,General,0.61,118,15.254,22.61,1.482,98.4,205.2,2140.4,2345.6,5567.8,2.6,130.06,130.06,260.13,,,205.2,2136.3,High
22633,Unknown,General,2.09,697,15.247,21.961,1.44,95.6,202.3,1154.3,1356.6,5565.1,4.8,241.05,241.05,482.11,,,202.3,1153.8,High
22379,RECYCLING BAG RETROSPOT ,General,2.1,621,15.246,41.533,2.724,180.8,287.5,1151.5,1439.0,5564.9,4.8,241.64,241.64,483.27,,,287.5,1151.1,Critical
21634,Unknown,General,0.67,49,15.245,40.544,2.66,176.5,283.2,2031.0,2314.2,5564.4,2.7,136.98,136.98,273.97,,,283.2,2037.8,Critical
22090,PAPER BUNTING RETROSPOT,General,2.89,799,15.243,17.505,1.148,76.2,182.9,981.2,1164.0,5563.6,5.7,283.52,283.52,567.05,,,182.9,981.1,High
16237,SLEEPING CAT ERASERS,General,0.21,363,15.242,24.131,1.583,105.0,211.7,3682.3,3894.1,5563.5,1.5,75.54,75.54,151.09,,,211.7,3639.6,Critical
35923,check,General,0.57,75,15.227,37.007,2.43,161.1,267.7,2202.7,2470.4,5557.7,2.5,126.16,126.16,252.31,,,267.7,2208.0,Critical
90057,crushed boxes,General,1.25,31,15.226,13.129,0.862,57.1,163.7,1490.8,1654.5,5557.4,3.7,186.39,186.39,372.79,,,163.7,1491.0,Medium
82583,amazon,General,2.07,675,15.222,20.065,1.318,87.3,193.9,1157.9,1351.8,5556.1,4.8,239.91,239.91,479.83,,,193.9,1158.5,High
21034,REX CASH+CARRY JUMBO SHOPPER,General,0.95,1027,15.213,15.326,1.007,66.7,173.2,1709.9,1883.1,5552.8,3.2,162.37,162.37,324.75,,,173.2,1709.5,High
22555,PLASTERS IN TIN STRONGMAN,General,1.65,711,15.208,22.243,1.463,96.8,203.3,1295.4,1498.7,5551.0,4.3,214.26,214.26,428.51,,,203.3,1297.0,High
22632,Unknown,General,2.08,637,15.201,22.913,1.507,99.7,206.1,1154.1,1360.2,5548.3,4.8,240.38,240.38,480.75,,,206.1,1154.9,Critical
22944,sold as set on dotcom,General,0.64,139,15.18,25.357,1.67,110.4,216.6,2085.0,2301.6,5540.6,2.7,132.87,132.87,265.74,,,216.7,2080.5,Critical
20694,?,General,3.74,12,15.167,17.388,1.146,75.7,181.8,860.2,1042.0,5535.8,6.4,321.78,321.78,643.56,,,181.9,860.3,High
90183C,BLACK DROP EARRINGS W LONG BEADS,General,2.96,6,15.167,17.093,1.127,74.4,180.6,967.3,1147.8,5535.8,5.7,286.15,286.15,572.31,,,180.6,967.0,High
35916C,Unknown,General,0.84,12,15.167,18.32,1.208,79.7,185.9,1815.3,2001.1,5535.8,3.0,152.48,152.48,304.96,,,185.9,1815.2,High
22722,Unknown,General,3.92,844,15.156,18.442,1.217,80.3,186.4,840.1,1026.5,5532.1,6.6,329.24,329.24,658.49,,,186.4,840.0,High
22992,REVOLVER WOODEN RULER ,General,1.95,470,15.153,38.416,2.535,167.2,273.3,1191.2,1464.4,5530.9,4.6,232.16,232.16,464.32,,,273.3,1190.9,Critical
22114,Unknown,General,4.16,754,15.15,16.581,1.094,72.2,178.2,814.9,993.1,5529.7,6.8,339.3,339.3,678.59,,,178.2,815.2,High
22551,PLASTERS IN TIN SPACEBOY,General,1.66,891,15.139,18.475,1.22,80.4,186.4,1291.9,1478.3,5525.8,4.3,213.86,213.86,427.72,,,186.4,1290.1,High
23144,ZINC T-LIGHT HOLDER STARS SMALL,General,0.83,461,15.111,25.314,1.675,110.2,215.9,1826.3,2042.2,5515.4,3.0,151.0,151.0,302.0,,,216.0,1822.8,Critical
22662,LUNCH BAG DOLLY GIRL DESIGN,General,1.66,850,15.102,19.145,1.268,83.3,189.0,1288.5,1477.6,5512.4,4.3,213.9,213.9,427.8,,,189.0,1288.6,High
21830,Unknown,General,0.42,208,15.091,17.33,1.148,75.4,181.1,2564.4,2745.5,5508.3,2.1,107.4,107.4,214.8,,,181.0,2560.8,High
23200,JUMBO BAG PEARS,General,2.06,709,15.059,20.627,1.37,89.8,195.2,1154.9,1350.1,5496.6,4.8,237.96,237.96,475.93,,,195.2,1155.0,High
84857C,Unknown,General,1.93,12,15.0,27.253,1.817,118.6,223.6,1191.7,1415.3,5475.0,4.6,229.71,229.71,459.41,,,223.6,1191.0,Critical
22816,CARD MOTORBIKE SANTA,General,0.42,339,14.982,19.999,1.335,87.0,191.9,2558.2,2750.1,5468.5,2.1,106.88,106.88,213.77,,,191.9,2551.5,High
22907,PACK OF 20 NAPKINS PANTRY DESIGN,General,0.85,791,14.96,18.548,1.24,80.7,185.4,1796.0,1981.5,5460.2,3.0,152.01,152.01,304.02,,,185.4,1792.2,High
20653,CHERRY BLOSSOM LUGGAGE TAG,General,1.68,20,14.95,20.304,1.358,88.4,193.0,1275.7,1468.7,5456.8,4.3,213.87,213.87,427.74,,,193.1,1274.4,High
23187,check,General,0.35,167,14.946,22.39,1.498,97.4,202.1,2781.8,2983.9,5455.3,2.0,98.05,98.05,196.1,,,202.0,2791.6,High
22418,10 COLOUR SPACEBOY PEN,General,0.86,480,14.929,23.785,1.593,103.5,208.0,1780.8,1988.9,5449.1,3.1,152.99,152.99,305.99,,,208.0,1779.9,Critical
22338,STAR DECORATION PAINTED ZINC ,General,0.36,243,14.922,32.333,2.167,140.7,245.2,2749.6,2994.8,5446.5,2.0,99.04,99.04,198.08,,,245.2,2750.4,Critical
22299,PIG KEYRING WITH LIGHT & SOUND ,General,0.89,115,14.922,22.698,1.521,98.8,203.2,1752.1,1955.4,5446.4,3.1,155.42,155.42,310.84,,,203.3,1749.2,Critical
22355,test,General,0.84,816,14.917,19.21,1.288,83.6,188.0,1795.5,1983.5,5444.6,3.0,151.62,151.62,303.23,,,188.0,1800.2,High
79163,damaged,General,0.57,81,14.914,30.133,2.021,131.1,235.5,2180.2,2415.7,5443.5,2.5,124.84,124.84,249.68,,,235.5,2185.2,Critical
22728,ALARM CLOCK BAKELIKE PINK,General,3.77,870,14.91,22.065,1.48,96.0,200.4,849.9,1050.3,5442.3,6.4,320.18,320.18,640.35,,,200.4,849.6,High
72741,GRAND CHOCOLATECANDLE,General,1.43,454,14.907,27.372,1.836,119.1,223.5,1380.8,1604.3,5441.2,3.9,197.03,197.03,394.07,,,223.4,1379.3,Critical
23321,SMALL WHITE HEART OF WICKER,General,1.64,805,14.897,16.678,1.12,72.6,176.9,1287.2,1464.1,5437.4,4.2,211.21,211.21,422.42,,,176.9,1287.5,High
21395,Unknown,General,0.39,172,14.895,18.809,1.263,81.9,186.1,2636.1,2822.2,5436.8,2.1,103.12,103.12,206.24,,,186.2,2640.1,High
20984,damaged,General,0.38,332,14.895,28.912,1.941,125.8,230.1,2672.3,2902.4,5436.5,2.0,101.72,101.72,203.44,,,230.1,2674.6,Critical
84378,SET OF 3 HEART COOKIE CUTTERS,General,1.32,821,14.848,15.699,1.057,68.3,172.3,1432.5,1604.8,5419.4,3.8,189.16,189.16,378.31,,,172.2,1432.8,High
21769,showroom,General,66.38,12,14.833,19.201,1.294,83.6,187.4,201.9,389.3,5414.2,26.8,1340.52,1340.52,2681.03,,,187.4,201.9,High
22138,BAKING SET 9 PIECE RETROSPOT ,General,4.97,965,14.83,15.356,1.035,66.8,170.6,737.6,908.2,5413.0,7.3,366.94,366.94,733.88,,,170.6,737.9,High
23546,WRAP PAISLEY PARK ,General,0.42,241,14.813,18.827,1.271,81.9,185.6,2535.2,2720.9,5406.8,2.1,106.63,106.63,213.27,,,185.6,2537.1,High
22556,PLASTERS IN TIN CIRCUS PARADE ,General,1.67,818,14.812,15.586,1.052,67.8,171.5,1273.0,1444.5,5406.3,4.2,212.34,212.34,424.69,,,171.5,1272.3,High
16162M,THE KING GIFT BAG 25x24x12cm,General,0.41,5,14.8,21.742,1.469,94.6,198.2,2554.2,2752.5,5402.0,2.1,105.75,105.75,211.49,,,198.2,2566.7,High
84926F,PSYCHEDELIC TILE COASTER,General,0.83,49,14.796,21.298,1.439,92.7,196.3,1799.7,1996.0,5400.5,3.0,150.04,150.04,300.08,,,196.3,1803.7,High
21094,SET/6 RED SPOTTY PAPER PLATES,General,0.83,589,14.795,21.372,1.445,93.0,196.6,1808.5,2005.1,5400.0,3.0,149.3,149.3,298.59,,,196.6,1803.6,High
23498,CLASSIC BICYCLE CLIPS ,General,1.44,211,14.782,53.389,3.612,232.4,335.8,1368.4,1704.3,5395.4,3.9,197.14,197.14,394.28,,,335.9,1368.7,Critical
22595,check,General,0.85,614,14.772,16.46,1.114,71.6,175.0,1777.8,1952.8,5391.8,3.0,151.64,151.64,303.29,,,175.0,1780.9,High
84877B,Unknown,General,1.25,28,14.75,22.515,1.526,98.0,201.2,1467.7,1668.9,5383.8,3.7,183.41,183.41,366.82,,,201.2,1467.5,Critical
71050,SMALL SINGLE FLAME CANDLE HOLDER,General,0.35,11,14.727,19.83,1.346,86.3,189.4,2782.0,2971.4,5375.5,1.9,96.61,96.61,193.22,,,189.4,2771.2,High
22579,Unknown,General,0.44,429,14.713,20.934,1.423,91.1,194.1,2480.4,2674.5,5370.3,2.2,108.26,108.26,216.52,,,194.1,2470.3,High
82484,WOOD BLACK BOARD ANT WHITE FINISH,General,7.38,887,14.702,23.046,1.568,100.3,203.2,602.8,806.0,5366.4,8.9,445.12,445.12,890.23,,,203.2,603.0,Critical
90210D,check,General,1.01,6,14.667,7.285,0.497,31.7,134.4,1632.0,1766.3,5353.3,3.3,164.01,164.01,328.03,,,134.4,1627.9,Low
22704,WRAP RED APPLES ,General,0.42,344,14.66,19.435,1.326,84.6,187.2,2528.1,2715.3,5350.9,2.1,105.83,105.83,211.65,,,187.2,2523.9,High
21287,SCENTED VELVET LOUNGE CANDLE ,General,0.57,122,14.656,29.936,2.043,130.3,232.9,2172.5,2405.4,5349.3,2.5,123.11,123.11,246.23,,,232.9,2166.2,Critical
23439,HAND WARMER RED LOVE HEART,General,2.1,581,14.654,19.87,1.356,86.5,189.1,1129.6,1318.6,5348.7,4.7,236.76,236.76,473.52,,,189.1,1128.5,High
21704,BAG 250g SWIRLY MARBLES,General,0.85,387,14.646,21.977,1.501,95.7,198.2,1770.8,1968.9,5345.8,3.0,150.95,150.95,301.89,,,198.2,1773.3,Critical
22988,Unknown,General,1.25,518,14.616,26.966,1.845,117.4,219.7,1458.9,1678.6,5334.8,3.7,182.83,182.83,365.67,,,219.7,1460.8,Critical
84692,BOX OF 24 COCKTAIL PARASOLS,General,0.43,666,14.608,17.545,1.201,76.4,178.6,2497.8,2676.4,5332.0,2.1,106.73,106.73,213.47,,,178.7,2490.0,High
21803,Unknown,General,0.42,98,14.602,18.127,1.241,78.9,181.1,2518.6,2699.7,5329.7,2.1,105.81,105.81,211.61,,,181.1,2518.9,High
21810,check,General,0.61,341,14.598,38.904,2.665,169.3,271.5,2095.4,2366.9,5328.4,2.5,127.14,127.14,254.29,,,271.5,2089.9,Critical
23271,CHRISTMAS TABLE SILVER CANDLE SPIKE,General,0.85,157,14.58,19.616,1.345,85.4,187.4,1773.3,1960.8,5321.6,3.0,150.04,150.04,300.09,,,187.5,1769.3,High
23170,REGENCY TEA PLATE ROSES ,General,1.65,502,14.566,17.142,1.177,74.6,176.6,1270.0,1446.6,5316.5,4.2,209.3,209.3,418.61,,,176.6,1269.3,High
22966,Unknown,General,1.26,819,14.548,15.59,1.072,67.9,169.7,1453.3,1622.9,5310.1,3.7,182.7,182.7,365.39,,,169.7,1451.6,High
22417,PACK OF 60 SPACEBOY CAKE CASES,General,0.55,696,14.547,20.896,1.436,90.9,192.8,2191.9,2384.7,5309.8,2.4,121.12,121.12,242.24,,,192.7,2197.1,High
17013D,Unknown,General,0.73,22,14.545,20.078,1.38,87.4,189.2,1908.7,2097.9,5309.1,2.8,139.08,139.08,278.15,,,189.2,1906.9,High
18007,Unknown,General,0.18,45,14.533,15.91,1.095,69.2,171.0,3838.6,4009.6,5304.7,1.4,69.1,69.1,138.19,,,170.9,3838.7,High
23501,KEY RING BASEBALL BOOT UNION JACK,General,1.23,190,14.532,23.595,1.624,102.7,204.4,1471.2,1675.6,5304.0,3.6,180.26,180.26,360.53,,,204.4,1468.4,Critical
23376,PACK OF 12 VINTAGE CHRISTMAS TISSUE,General,0.39,243,14.51,31.003,2.137,134.9,236.5,2612.0,2848.5,5296.3,2.0,101.38,101.38,202.76,,,236.5,2605.8,Critical
90129D,AMBER GLASS TASSLE BAG CHARM,General,3.0,6,14.5,20.266,1.398,88.2,189.7,939.5,1129.2,5292.5,5.6,281.68,281.68,563.36,,,189.7,939.2,High
22294,HEART FILIGREE DOVE  SMALL,General,1.25,471,14.499,22.854,1.576,99.5,201.0,1455.4,1656.4,5292.1,3.6,181.81,181.81,363.62,,,201.0,1454.9,Critical
84596B,SMALL DOLLY MIX DESIGN ORANGE BOWL,General,0.5,611,14.47,18.719,1.294,81.5,182.8,2288.6,2471.4,5281.4,2.3,115.38,115.38,230.77,,,182.8,2298.1,High
35953,FOLKART STAR CHRISTMAS DECORATIONS,General,0.55,190,14.442,20.505,1.42,89.2,190.3,2193.6,2383.9,5271.4,2.4,120.15,120.15,240.31,,,190.3,2189.1,High
71477,COLOURED GLASS STAR T-LIGHT HOLDER,General,3.48,539,14.442,28.388,1.966,123.6,224.6,870.6,1095.2,5271.2,6.1,302.75,302.75,605.49,,,224.7,870.3,Critical
22601,check,General,0.87,287,14.439,37.433,2.592,162.9,264.0,1744.1,2008.1,5270.2,3.0,151.09,151.09,302.18,,,264.0,1740.4,Critical
20826,Unknown,General,0.81,19,14.421,11.932,0.827,51.9,152.9,1799.0,1951.9,5263.7,2.9,146.29,146.29,292.58,,,152.8,1802.6,Medium
21754,HOME BUILDING BLOCK WORD,General,6.02,907,14.405,14.116,0.98,61.4,162.3,660.8,823.1,5257.7,8.0,397.8,397.8,795.6,,,162.2,660.8,Medium
22698,Unknown,General,2.95,853,14.403,17.439,1.211,75.9,176.7,944.5,1121.2,5257.2,5.6,278.3,278.3,556.6,,,176.7,944.0,High
21984,PACK OF 12 PINK PAISLEY TISSUES ,General,0.34,310,14.4,36.757,2.553,160.0,260.8,2765.0,3025.7,5256.0,1.9,95.05,95.05,190.09,,,260.8,2780.2,Critical
21930,JUMBO STORAGE BAG SKULLS,General,2.02,711,14.381,18.096,1.258,78.8,179.4,1138.7,1318.2,5249.1,4.6,230.48,230.48,460.96,,,179.5,1139.9,High
22920,HERB MARKER BASIL,General,0.65,428,14.379,73.972,5.145,321.9,422.6,2010.4,2433.0,5248.2,2.6,130.52,130.52,261.05,,,422.6,2009.2,Critical
22319,HAIRCLIPS FORTIES FABRIC ASSORTED,General,0.49,142,14.366,25.938,1.806,112.9,213.5,2323.4,2536.9,5243.7,2.3,112.84,112.84,225.69,,,213.5,2313.2,Critical
23343,20713,General,2.07,595,14.348,19.287,1.344,83.9,184.4,1125.4,1309.8,5237.0,4.7,232.67,232.67,465.34,,,184.3,1124.7,High
22536,MAGIC DRAWING SLATE PURDEY,General,0.41,288,14.344,39.647,2.764,172.6,273.0,2526.9,2799.9,5235.5,2.1,103.59,103.59,207.19,,,273.0,2526.8,Critical
21088,SET/6 FRUIT SALAD PAPER CUPS,General,0.23,156,14.321,23.792,1.661,103.5,203.8,3354.2,3558.0,5227.0,1.6,77.92,77.92,155.84,,,203.7,3370.9,Critical
22621,TRADITIONAL KNITTING NANCY,General,1.63,709,14.32,15.383,1.074,66.9,167.2,1266.9,1434.0,5226.9,4.1,206.29,206.29,412.59,,,167.1,1266.2,High
22273,FELTCRAFT DOLL MOLLY,General,2.96,521,14.296,46.118,3.226,200.7,300.8,938.9,1239.7,5217.9,5.6,277.86,277.86,555.72,,,300.8,938.8,Critical
90214L,"LETTER ""L"" BLING KEY RING",General,0.61,21,14.286,21.884,1.532,95.2,195.2,2066.6,2261.8,5214.3,2.5,126.16,126.16,252.32,,,195.2,2067.4,Critical
22615,PACK OF 12 CIRCUS PARADE TISSUES ,General,0.33,170,14.282,34.132,2.39,148.6,248.5,2823.1,3071.6,5213.1,1.8,92.33,92.33,184.66,,,248.6,2810.5,Critical
22144,CHRISTMAS CRAFT LITTLE FRIENDS,General,2.13,635,14.282,16.513,1.156,71.9,171.8,1106.2,1278.0,5212.9,4.7,235.63,235.63,471.25,,,171.9,1106.2,High
21833,damages,General,1.67,248,14.278,24.943,1.747,108.6,208.5,1247.4,1455.9,5211.6,4.2,208.89,208.89,417.79,,,208.5,1249.1,Critical
21918,Unknown,General,0.42,552,14.277,24.778,1.735,107.8,207.8,2478.4,2686.2,5211.2,2.1,105.13,105.13,210.27,,,207.7,2490.7,Critical
90040C,MURANO STYLE GLASS BRACELET GOLD,General,3.5,11,14.273,20.16,1.412,87.7,187.6,862.5,1050.1,5209.5,6.0,302.02,302.02,604.03,,,187.6,862.7,High
23296,SET OF 6 TEA TIME BAKING CASES,General,1.23,463,14.268,29.871,2.094,130.0,229.9,1452.5,1682.4,5207.8,3.6,179.26,179.26,358.53,,,229.9,1455.0,Critical
22651,GENTLEMAN SHIRT REPAIR KIT ,General,0.84,184,14.266,24.571,1.722,106.9,206.8,1761.4,1968.2,5207.2,3.0,147.82,147.82,295.63,,,206.8,1760.5,Critical
22561,WOODEN SCHOOL COLOURING SET,General,1.65,661,14.231,27.14,1.907,118.1,217.7,1255.8,1473.5,5194.5,4.1,206.83,206.83,413.65,,,217.7,1254.6,Critical
22951,60 CAKE CASES DOLLY GIRL DESIGN,General,0.56,618,14.227,23.81,1.674,103.6,203.2,2151.8,2355.1,5192.7,2.4,120.66,120.66,241.31,,,203.2,2153.2,Critical
84997D,CHILDRENS CUTLERY POLKADOT PINK,General,4.08,668,14.225,25.261,1.776,109.9,209.5,797.9,1007.4,5192.0,6.5,325.36,325.36,650.73,,,209.5,797.7,Critical
90214G,"LETTER ""G"" BLING KEY RING",General,0.29,9,14.222,13.452,0.946,58.5,158.1,2991.7,3149.8,5191.1,1.7,86.76,86.76,173.52,,,158.1,2991.7,Medium
90058A,CRYSTAL STUD EARRINGS CLEAR DISPLAY,General,0.38,23,14.217,13.724,0.965,59.7,159.3,2617.9,2777.1,5189.3,2.0,99.11,99.11,198.23,,,159.2,2613.0,Medium
90163A,PINK ROSEBUD & PEARL NECKLACE,General,7.59,5,14.2,11.692,0.823,50.9,150.3,584.3,734.6,5183.0,8.9,443.5,443.5,887.01,,,150.3,584.3,Medium
22029,SPACEBOY BIRTHDAY CARD,General,0.42,631,14.197,20.738,1.461,90.3,189.6,2477.4,2667.1,5181.7,2.1,104.58,104.58,209.16,,,189.7,2483.7,High
22541,MINI JIGSAW LEAP FROG,General,0.43,51,14.196,33.622,2.368,146.3,245.7,2461.6,2707.3,5181.6,2.1,105.25,105.25,210.5,,,245.7,2454.6,Critical
23497,CLASSIC CROME BICYCLE BELL ,General,1.44,336,14.193,40.128,2.827,174.6,274.0,1342.3,1616.3,5180.6,3.9,192.97,192.97,385.94,,,274.0,1341.2,Critical
35970,Unknown,General,1.72,518,14.193,17.287,1.218,75.2,174.6,1227.8,1402.4,5180.5,4.2,210.96,210.96,421.92,,,174.6,1227.2,High
35001W,Unknown,General,3.34,23,14.174,17.806,1.256,77.5,176.7,879.5,1056.2,5173.5,5.9,294.11,294.11,588.21,,,176.7,880.0,High
22708,WRAP DOLLY GIRL,General,0.42,196,14.168,17.961,1.268,78.2,177.3,2484.5,2661.8,5171.5,2.1,104.08,104.08,208.15,,,177.4,2481.2,High
22646,CERAMIC STRAWBERRY CAKE MONEY BANK,General,1.3,539,14.152,20.551,1.452,89.4,188.5,1410.2,1598.8,5165.5,3.7,183.14,183.14,366.29,,,188.5,1409.5,High
23437,GIFT BAG LARGE 50'S CHRISTMAS,General,1.25,213,14.146,31.821,2.25,138.5,237.5,1438.0,1675.5,5163.1,3.6,179.52,179.52,359.04,,,237.5,1437.1,Critical
90214H,"LETTER ""H"" BLING KEY RING",General,0.61,14,14.143,19.123,1.352,83.2,182.2,2057.0,2239.2,5162.1,2.5,125.48,125.48,250.95,,,182.2,2057.0,High
22624,IVORY KITCHEN SCALES,General,8.54,906,14.137,15.057,1.065,65.5,164.5,549.6,714.1,5160.0,9.4,469.44,469.44,938.89,,,164.5,549.6,High
23581,JUMBO BAG PAISLEY PARK,General,2.06,515,14.13,21.449,1.518,93.4,192.3,1118.1,1310.4,5157.5,4.6,230.63,230.63,461.26,,,192.3,1118.8,Critical
35817P,thrown away,General,0.38,8,14.125,9.094,0.644,39.6,138.5,2613.2,2751.6,5155.6,2.0,98.65,98.65,197.29,,,138.5,2604.6,Medium
22596,CHRISTMAS STAR WISH LIST CHALKBOARD,General,1.02,476,14.124,19.436,1.376,84.6,183.5,1586.2,1769.7,5155.2,3.3,162.5,162.5,325.01,,,183.5,1589.7,High
22759,found,General,1.67,573,14.119,32.118,2.275,139.8,238.6,1243.0,1481.6,5153.3,4.1,207.3,207.3,414.59,,,238.6,1242.1,Critical
22395,PAPERWEIGHT VINTAGE PAISLEY,General,0.9,58,14.103,15.978,1.133,69.5,168.3,1693.1,1861.4,5147.8,3.0,152.02,152.02,304.04,,,168.2,1691.1,High
22304,COFFEE MUG BLUE PAISLEY DESIGN,General,2.45,99,14.101,45.33,3.215,197.3,296.0,1024.6,1320.6,5146.9,5.0,251.18,251.18,502.35,,,296.0,1024.9,Critical
21884,CAKES AND BOWS GIFT  TAPE,General,0.49,90,14.078,31.602,2.245,137.5,236.1,2284.3,2520.3,5138.4,2.2,112.47,112.47,224.95,,,236.0,2289.8,Critical
21506,"FANCY FONT BIRTHDAY CARD, ",General,0.42,484,14.076,27.101,1.925,118.0,216.5,2479.0,2695.5,5137.9,2.1,103.63,103.63,207.26,,,216.5,2473.2,Critical
21811,Unknown,General,0.69,265,14.06,23.333,1.659,101.6,200.0,1926.6,2126.6,5132.0,2.7,133.19,133.19,266.38,,,200.0,1928.4,Critical
22356,CHARLOTTE BAG PINK POLKADOT,General,0.86,718,14.057,18.91,1.345,82.3,180.7,1727.3,1908.0,5130.8,3.0,148.52,148.52,297.04,,,180.7,1727.1,High
22337,ANGEL DECORATION PAINTED ZINC ,General,0.69,53,14.057,39.075,2.78,170.1,268.5,1922.0,2190.4,5130.7,2.7,133.47,133.47,266.95,,,268.5,1928.2,Critical
21642,check,General,0.39,157,14.045,18.43,1.312,80.2,178.5,2559.3,2737.9,5126.3,2.0,100.15,100.15,200.3,,,178.5,2563.6,High
23529,WALL ART DOLLY GIRL ,General,3.63,85,14.035,30.116,2.146,131.1,229.3,840.5,1069.8,5122.9,6.1,304.76,304.76,609.52,,,229.3,840.0,Critical
23354,6 GIFT TAGS 50'S CHRISTMAS ,General,0.83,447,14.031,19.656,1.401,85.5,183.8,1756.6,1940.4,5121.4,2.9,145.78,145.78,291.56,,,183.7,1756.5,High
82600,check,General,2.08,625,14.03,14.687,1.047,63.9,162.1,1110.6,1272.8,5121.1,4.6,230.55,230.55,461.1,,,162.1,1109.5,High
23521,WALL ART CAT AND BIRD ,General,2.19,34,14.029,40.439,2.882,176.0,274.2,1080.6,1354.8,5120.7,4.7,236.94,236.94,473.88,,,274.2,1081.3,Critical
23225,CHERUB HEART DECORATION SILVER ,General,0.92,123,14.024,18.277,1.303,79.5,177.7,1664.0,1841.7,5118.9,3.1,153.81,153.81,307.63,,,177.7,1667.9,High
23294,SET OF 6 SNACK LOAF BAKING CASES,General,0.82,414,14.022,23.946,1.708,104.2,202.4,1762.4,1964.7,5117.9,2.9,145.2,145.2,290.4,,,202.4,1766.5,Critical
23356,LOVE HOT WATER BOTTLE,General,5.87,679,14.007,17.503,1.25,76.2,174.2,660.1,834.3,5112.7,7.7,387.27,387.27,774.55,,,174.2,659.9,High
22544,MINI JIGSAW SPACEBOY,General,0.38,299,14.007,28.014,2.0,121.9,220.0,2594.4,2814.4,5112.4,2.0,98.53,98.53,197.05,,,219.9,2593.6,Critical
90152B,BLUE/GREEN SHELL NECKLACE W PENDANT,General,6.03,6,14.0,20.474,1.462,89.1,187.1,650.8,837.9,5110.0,7.9,392.62,392.62,785.24,,,187.1,650.9,High
35638A,PINK AND BLACK STRING CURTAIN,General,1.96,5,14.0,12.61,0.901,54.9,152.9,1142.3,1295.2,5110.0,4.5,223.67,223.67,447.33,,,152.9,1141.7,Medium
21117,BLOND DOLL DOORSTOP,General,1.26,18,14.0,9.375,0.67,40.8,138.8,1426.7,1565.5,5110.0,3.6,179.08,179.08,358.16,,,138.8,1424.0,Medium
21336,GOLD WASHBAG,General,2.95,4,14.0,12.302,0.879,53.5,151.5,930.3,1081.8,5110.0,5.5,274.66,274.66,549.31,,,151.5,930.6,Medium
48138,DOORMAT UNION FLAG,General,7.71,779,13.995,18.902,1.351,82.3,180.2,575.4,755.6,5108.1,8.9,443.87,443.87,887.74,,,180.3,575.6,High
21509,COWBOYS AND INDIANS BIRTHDAY CARD ,General,0.42,421,13.993,16.914,1.209,73.6,171.6,2451.5,2623.1,5107.4,2.1,104.17,104.17,208.34,,,171.6,2465.8,High
22652,check,General,1.65,669,13.99,23.002,1.644,100.1,198.0,1242.5,1440.5,5106.2,4.1,205.49,205.49,410.97,,,198.0,1243.9,Critical
22857,sold as set on dotcom,General,0.84,129,13.984,21.155,1.513,92.1,190.0,1746.1,1936.1,5104.3,2.9,146.16,146.16,292.32,,,190.0,1743.1,Critical
23691,WRAP KEEP CALM BIRTHDAY,General,0.42,99,13.98,17.649,1.262,76.8,174.7,2468.7,2643.4,5102.6,2.1,103.35,103.35,206.69,,,174.7,2464.7,High
22557,PLASTERS IN TIN VINTAGE PAISLEY ,General,1.66,807,13.975,15.747,1.127,68.5,166.4,1239.3,1405.7,5101.0,4.1,205.8,205.8,411.59,,,166.3,1239.5,High
84970L,SINGLE HEART ZINC T-LIGHT HOLDER,General,1.02,639,13.959,17.276,1.238,75.2,172.9,1580.1,1753.0,5095.1,3.2,161.23,161.23,322.46,,,172.9,1580.4,High
23275,SET OF 3 HANGING OWLS OLLIE BEAK,General,1.28,538,13.935,22.28,1.599,97.0,194.5,1411.5,1606.0,5086.3,3.6,180.17,180.17,360.35,,,194.5,1409.6,Critical
82580,BATHROOM METAL SIGN,General,0.56,594,13.928,21.159,1.519,92.1,189.6,2138.1,2327.7,5083.6,2.4,118.88,118.88,237.76,,,189.6,2130.5,Critical
23300,GARDENERS KNEELING PAD CUP OF TEA ,General,1.66,768,13.898,14.634,1.053,63.7,161.0,1236.1,1397.1,5072.9,4.1,205.2,205.2,410.4,,,161.0,1236.1,High
21393,Unknown,General,2.11,17,13.882,19.956,1.437,86.9,184.0,1095.0,1279.0,5067.1,4.6,231.37,231.37,462.74,,,184.1,1095.8,High
22986,WRAP GINGHAM ROSE ,General,0.42,323,13.876,19.572,1.41,85.2,182.3,2457.5,2639.8,5064.8,2.1,103.05,103.05,206.1,,,182.3,2455.5,High
21670,Unknown,General,1.31,486,13.868,16.682,1.203,72.6,169.7,1392.3,1561.9,5061.9,3.6,181.79,181.79,363.58,,,169.7,1390.0,High
20676,RED RETROSPOT BOWL,General,1.23,596,13.867,17.375,1.253,75.6,172.7,1432.2,1604.9,5061.6,3.5,176.7,176.7,353.41,,,172.7,1434.4,High
22996,TRAVEL CARD WALLET VINTAGE TICKET,General,0.42,504,13.867,15.526,1.12,67.6,164.6,2452.7,2617.4,5061.5,2.1,103.18,103.18,206.36,,,164.7,2454.7,High
23205,CHARLOTTE BAG ALPHABET  DESIGN,General,0.85,604,13.866,18.932,1.365,82.4,179.5,1723.0,1902.5,5061.1,2.9,146.87,146.87,293.73,,,179.5,1725.4,High
21231,SWEETHEART CERAMIC TRINKET BOX,General,1.27,621,13.862,16.642,1.201,72.4,169.5,1411.8,1581.3,5059.5,3.6,179.18,179.18,358.37,,,169.4,1411.4,High
23005,printing smudges/thrown away,General,0.42,310,13.852,33.72,2.434,146.8,243.7,2457.0,2700.7,5055.8,2.1,102.89,102.89,205.78,,,243.8,2453.3,Critical
22546,MINI JIGSAW PURDEY,General,0.35,149,13.846,28.777,2.078,125.2,222.2,2704.2,2926.4,5053.7,1.9,93.44,93.44,186.88,,,222.1,2686.9,Critical
23543,WALL ART KEEP CALM ,General,7.66,234,13.842,47.772,3.451,207.9,304.8,574.4,879.3,5052.3,8.8,439.76,439.76,879.51,,,304.8,574.3,Critical
21823,damaged,General,0.85,145,13.834,16.69,1.206,72.6,169.5,1726.0,1895.5,5049.6,2.9,146.28,146.28,292.56,,,169.4,1723.5,High
23366,SET 12 COLOURING PENCILS DOILEY,General,0.65,263,13.833,27.036,1.954,117.7,214.5,1973.4,2187.8,5048.9,2.6,127.93,127.93,255.86,,,214.5,1970.7,Critical
21871,SAVE THE PLANET MUG,General,1.37,478,13.826,32.154,2.326,139.9,236.7,1357.6,1594.3,5046.6,3.7,185.87,185.87,371.73,,,236.7,1357.1,Critical
22161,HEART DECORATION RUSTIC HANGING ,General,0.24,288,13.812,27.284,1.975,118.7,215.4,3272.5,3487.9,5041.6,1.5,77.03,77.03,154.06,,,215.4,3240.9,Critical
21586,Unknown,General,2.47,149,13.812,20.93,1.515,91.1,187.8,1009.3,1197.1,5041.4,5.0,249.75,249.75,499.5,,,187.8,1010.2,Critical
21422,Unknown,General,0.89,90,13.811,31.194,2.259,135.8,232.4,1683.9,1916.4,5041.1,3.0,149.68,149.68,299.37,,,232.5,1682.9,Critical
M,Manual,General,134.98,471,13.803,67.749,4.908,294.9,391.5,136.6,528.1,5037.9,36.9,1843.95,1843.95,3687.91,,,391.5,136.6,Critical
22983,CARD BILLBOARD FONT,General,0.42,523,13.786,20.42,1.481,88.9,185.4,2447.2,2632.5,5031.8,2.1,102.81,102.81,205.62,,,185.4,2447.5,High
21641,Unknown,General,0.38,37,13.784,12.214,0.886,53.2,149.6,2559.3,2708.9,5031.1,2.0,98.29,98.29,196.58,,,149.7,2572.9,Medium
23268,Unknown,General,1.53,147,13.782,32.977,2.393,143.5,240.0,1281.3,1521.3,5030.5,3.9,196.3,196.3,392.6,,,240.0,1282.2,Critical
21485,RETROSPOT HEART HOT WATER BOTTLE,General,4.96,796,13.768,14.086,1.023,61.3,157.7,712.0,869.7,5025.2,7.1,352.87,352.87,705.73,,,157.7,711.7,High
23550,WRAP ALPHABET POSTER  ,General,0.42,132,13.765,15.495,1.126,67.4,163.8,2449.0,2612.8,5024.3,2.1,102.58,102.58,205.16,,,163.8,2445.7,High
23547,WRAP FLOWER SHOP  ,General,0.42,114,13.754,16.403,1.193,71.4,167.7,2443.0,2610.7,5020.4,2.1,102.75,102.75,205.5,,,167.7,2444.7,High
22835,HOT WATER BOTTLE I AM SO POORLY,General,4.87,756,13.746,13.515,0.983,58.8,155.0,718.0,873.0,5017.3,7.0,349.4,349.4,698.81,,,155.0,717.7,Medium
23351,ROLL WRAP 50'S CHRISTMAS,General,1.25,459,13.745,15.238,1.109,66.3,162.5,1419.4,1581.9,5017.0,3.5,176.73,176.73,353.46,,,162.5,1416.6,High
22084,Unknown,General,2.9,552,13.739,24.004,1.747,104.5,200.6,929.8,1130.5,5014.8,5.4,269.67,269.67,539.34,,,200.7,929.8,Critical
22620,4 TRADITIONAL SPINNING TOPS,General,1.41,642,13.723,20.954,1.527,91.2,187.3,1330.4,1517.7,5008.8,3.8,188.24,188.24,376.48,,,187.3,1332.7,Critical
72232,FENG SHUI PILLAR CANDLE,General,0.19,147,13.721,20.163,1.469,87.8,183.8,3639.6,3823.4,5008.2,1.4,68.8,68.8,137.6,,,183.8,3630.4,High
22713,CARD I LOVE LONDON ,General,0.42,289,13.702,32.959,2.405,143.4,239.4,2452.0,2691.3,5001.4,2.0,101.99,101.99,203.97,,,239.3,2440.1,Critical
21169,Unknown,General,1.67,659,13.7,18.686,1.364,81.3,177.2,1223.8,1401.0,5000.3,4.1,204.29,204.29,408.59,,,177.2,1223.6,High
21121,SET/10 RED POLKADOT PARTY CANDLES,General,1.25,596,13.693,19.163,1.399,83.4,179.3,1414.2,1593.4,4997.9,3.5,176.71,176.71,353.41,,,179.3,1413.9,High
22049,damaged,General,0.27,70,13.686,15.441,1.128,67.2,163.0,3039.9,3202.9,4995.3,1.6,82.16,82.16,164.33,,,163.0,3041.5,High
17084N,FAIRY DREAMS INCENSE ,General,0.21,76,13.671,14.136,1.034,61.5,157.2,3454.3,3611.5,4989.9,1.4,72.23,72.23,144.46,,,157.2,3446.8,High
90038A,GLASS AND PAINTED BEADS BRACELET TO,General,3.67,6,13.667,14.814,1.084,64.5,160.1,824.0,984.2,4988.3,6.1,302.69,302.69,605.37,,,160.2,824.4,High
84380,SET OF 3 BUTTERFLY COOKIE CUTTERS,General,1.32,751,13.658,14.783,1.082,64.3,159.9,1372.0,1532.0,4985.1,3.6,181.67,181.67,363.34,,,159.9,1374.2,High
21818,check,General,0.54,273,13.648,16.478,1.207,71.7,167.3,2140.7,2308.0,4981.6,2.3,116.36,116.36,232.71,,,167.2,2147.7,High
22534,MAGIC DRAWING SLATE SPACEBOY ,General,0.42,397,13.647,18.791,1.377,81.8,177.3,2447.1,2624.4,4981.3,2.0,101.78,101.78,203.56,,,177.3,2435.2,High
21936,RED RETROSPOT PICNIC BAG,General,2.93,661,13.648,16.786,1.23,73.1,168.6,921.7,1090.2,4981.3,5.4,270.24,270.24,540.48,,,168.6,922.0,High
85169C,EAU DE NIL LOVE BIRD CANDLE,General,1.12,51,13.647,19.182,1.406,83.5,179.0,1490.3,1669.3,4981.2,3.3,167.12,167.12,334.25,,,179.0,1491.2,High
22083,PAPER CHAIN KIT RETROSPOT,General,2.92,719,13.643,14.695,1.077,64.0,159.5,922.8,1082.3,4979.5,5.4,269.8,269.8,539.59,,,159.5,923.4,High
20711,lost in space,General,2.0,419,13.64,21.701,1.591,94.4,189.9,1114.5,1304.4,4978.5,4.5,223.36,223.36,446.71,,,189.9,1115.6,Critical
85177,BASKET OF FLOWERS SEWING KIT,General,0.92,102,13.637,30.642,2.247,133.4,228.8,1641.5,1870.4,4977.6,3.0,151.61,151.61,303.23,,,228.9,1644.8,Critical
23353,6 GIFT TAGS VINTAGE CHRISTMAS ,General,0.83,470,13.636,18.95,1.39,82.5,177.9,1730.9,1908.8,4977.2,2.9,143.78,143.78,287.55,,,178.0,1731.6,High
48187,DOORMAT NEW ENGLAND,General,7.8,843,13.626,20.676,1.517,90.0,185.4,564.7,750.0,4973.6,8.8,440.41,440.41,880.83,,,185.4,564.6,Critical
22553,PLASTERS IN TIN SKULLS,General,1.64,725,13.619,15.073,1.107,65.6,160.9,1231.4,1392.4,4971.0,4.0,201.84,201.84,403.68,,,160.9,1231.1,High
22297,HEART IVORY TRELLIS SMALL,General,1.26,505,13.616,20.77,1.525,90.4,185.7,1407.0,1592.7,4969.8,3.5,176.61,176.61,353.23,,,185.7,1404.3,Critical
22564,ALPHABET STENCIL CRAFT,General,1.25,302,13.609,38.167,2.805,166.1,261.4,1407.9,1669.3,4967.4,3.5,176.41,176.41,352.82,,,261.4,1409.6,Critical
90214Y,"LETTER ""Y"" BLING KEY RING",General,0.29,10,13.6,14.089,1.036,61.3,156.5,2920.5,3077.0,4964.0,1.7,84.99,84.99,169.97,,,156.5,2925.5,High
21096,SET/6 FRUIT SALAD  PAPER PLATES,General,0.44,141,13.582,24.766,1.823,107.8,202.9,2383.2,2586.1,4957.3,2.1,104.0,104.0,208.01,,,202.9,2373.5,Critical
22367,CHILDRENS APRON SPACEBOY DESIGN,General,1.97,759,13.578,14.418,1.062,62.8,157.8,1120.4,1278.2,4956.1,4.4,221.18,221.18,442.36,,,157.8,1121.6,High
23135,Unknown,General,5.16,83,13.578,44.691,3.291,194.5,289.6,692.8,982.3,4956.1,7.2,357.71,357.71,715.42,,,289.5,693.0,Critical
21210,Unknown,General,1.46,571,13.578,15.645,1.152,68.1,163.1,1302.7,1465.8,4955.9,3.8,190.22,190.22,380.43,,,163.1,1302.8,High
23583,LUNCH BAG PAISLEY PARK  ,General,1.64,486,13.574,21.918,1.615,95.4,190.4,1227.8,1418.2,4954.5,4.0,201.76,201.76,403.52,,,190.4,1229.0,Critical
15056N,EDWARDIAN PARASOL NATURAL,General,5.83,686,13.569,16.439,1.212,71.5,166.5,651.8,818.3,4952.5,7.6,379.93,379.93,759.87,,,166.5,651.7,High
23313,VINTAGE CHRISTMAS BUNTING,General,4.9,600,13.568,14.982,1.104,65.2,160.2,710.9,871.1,4952.4,7.0,348.31,348.31,696.62,,,160.2,710.9,High
85230B,CINNAMON SCENTED VOTIVE CANDLE,General,0.28,104,13.558,15.186,1.12,66.1,161.0,2968.2,3129.2,4948.6,1.7,83.36,83.36,166.72,,,161.0,2972.7,High
22145,CHRISTMAS CRAFT HEART STOCKING ,General,2.14,9,13.556,14.414,1.063,62.7,157.6,1075.5,1233.1,4947.8,4.6,230.03,230.03,460.06,,,157.6,1075.2,High
23545,WRAP RED VINTAGE DOILY,General,0.42,162,13.537,13.963,1.031,60.8,155.5,2429.5,2585.0,4941.0,2.0,101.69,101.69,203.38,,,155.6,2425.3,High
22631,CIRCUS PARADE LUNCH BOX ,General,1.93,469,13.533,19.372,1.431,84.3,179.0,1131.0,1310.1,4939.6,4.4,218.36,218.36,436.73,,,179.0,1131.2,High
23155,sold as set on dotcom,General,0.82,207,13.531,15.337,1.133,66.8,161.5,1738.9,1900.4,4939.0,2.8,142.01,142.01,284.02,,,161.5,1735.4,High
23378,PACK OF 12 50'S CHRISTMAS TISSUES,General,0.39,251,13.522,30.555,2.26,133.0,227.6,2522.2,2749.8,4935.5,2.0,97.84,97.84,195.68,,,227.7,2515.5,Critical
22945,sold as set on dotcom,General,0.87,299,13.512,20.77,1.537,90.4,185.0,1680.5,1865.5,4931.8,2.9,146.73,146.73,293.47,,,185.0,1683.6,Critical
84029E,Unknown,General,3.97,634,13.506,16.015,1.186,69.7,164.2,787.7,952.0,4929.8,6.3,312.9,312.9,625.81,,,164.2,788.0,High
21917,SET 12 KIDS  WHITE CHALK STICKS,General,0.42,345,13.501,30.778,2.28,134.0,228.5,2409.7,2638.2,4928.0,2.0,102.25,102.25,204.51,,,228.5,2422.1,Critical
21242,RED RETROSPOT PLATE ,General,1.67,471,13.501,16.643,1.233,72.4,166.9,1216.0,1382.9,4927.9,4.1,202.63,202.63,405.25,,,166.9,1214.7,High
22712,Unknown,General,0.44,395,13.491,19.245,1.426,83.8,178.2,2374.7,2552.9,4924.3,2.1,103.68,103.68,207.37,,,178.2,2365.5,High
21648,Unknown,General,1.23,66,13.485,18.147,1.346,79.0,173.4,1412.8,1586.2,4922.0,3.5,174.19,174.19,348.37,,,173.4,1414.5,High
22346,PARTY PIZZA DISH GREEN POLKADOT,General,0.4,81,13.481,21.747,1.613,94.7,189.0,2477.1,2666.1,4920.7,2.0,99.33,99.33,198.65,,,189.1,2480.1,Critical
22027,TEA PARTY BIRTHDAY CARD,General,0.42,493,13.481,16.16,1.199,70.3,164.7,2419.1,2583.8,4920.5,2.0,101.7,101.7,203.4,,,164.7,2420.3,High
72816,Unknown,General,1.27,94,13.468,39.81,2.956,173.3,267.5,1389.3,1656.8,4915.9,3.5,176.92,176.92,353.85,,,267.6,1391.2,Critical
22570,Unknown,General,3.73,660,13.461,20.599,1.53,89.7,183.9,811.6,995.5,4913.1,6.1,302.67,302.67,605.33,,,183.9,811.5,Critical
23570,TRADITIONAL PICK UP STICKS GAME ,General,1.25,385,13.444,15.12,1.125,65.8,159.9,1399.8,1559.7,4907.1,3.5,175.28,175.28,350.57,,,159.9,1401.0,High
22048,BIRTHDAY BANQUET GIFT WRAP,General,0.42,89,13.438,14.647,1.09,63.7,157.8,2415.9,2573.7,4904.9,2.0,101.52,101.52,203.03,,,157.8,2416.4,High
16169M,WRAP DAISY CARPET ,General,0.42,63,13.429,10.078,0.751,43.9,137.9,2422.4,2560.2,4901.4,2.0,101.17,101.17,202.34,,,137.9,2415.6,Medium
23320,GIANT 50'S CHRISTMAS CRACKER,General,2.39,522,13.427,15.663,1.167,68.2,162.2,1013.4,1175.5,4900.9,4.8,241.81,241.81,483.62,,,162.2,1012.6,High
22155,Unknown,General,0.42,162,13.426,19.107,1.423,83.2,177.1,2415.8,2592.9,4900.5,2.0,101.43,101.43,202.85,,,177.2,2415.4,High
23304,SET 4 PICNIC CUTLERY CHERRY ,General,1.95,24,13.417,10.321,0.769,44.9,138.8,1119.5,1258.3,4897.1,4.4,218.72,218.72,437.44,,,138.8,1120.6,Medium
23506,MINI PLAYING CARDS SPACEBOY ,General,0.42,242,13.409,15.379,1.147,66.9,160.8,2412.8,2573.6,4894.3,2.0,101.42,101.42,202.85,,,160.8,2413.8,High
23503,PLAYING CARDS KEEP CALM & CARRY ON,General,1.25,535,13.393,15.452,1.154,67.3,161.0,1398.3,1559.3,4888.3,3.5,174.79,174.79,349.58,,,161.1,1398.3,High
21668,RED STRIPE CERAMIC DRAWER KNOB,General,1.32,592,13.385,15.994,1.195,69.6,163.3,1361.2,1524.5,4885.6,3.6,179.46,179.46,358.92,,,163.3,1360.4,High
82486,3 DRAWER ANTIQUE WHITE WOOD CABINET,General,8.67,817,13.383,14.175,1.059,61.7,155.4,530.6,686.0,4884.8,9.2,460.3,460.3,920.6,,,155.4,530.8,High
22043,dotcom,General,0.22,77,13.377,12.043,0.9,52.4,146.0,3332.5,3478.6,4882.5,1.5,73.25,73.25,146.51,,,146.0,3331.2,Medium
84802B,Unknown,General,1.69,8,13.375,15.528,1.161,67.6,161.2,1201.4,1362.6,4881.9,4.1,203.18,203.18,406.36,,,161.2,1201.8,High
21122,SET/10 PINK POLKADOT PARTY CANDLES,General,1.25,590,13.375,20.464,1.53,89.1,182.7,1399.4,1582.1,4881.7,3.5,174.42,174.42,348.84,,,182.7,1397.4,Critical
21154,RED RETROSPOT OVEN GLOVE ,General,1.28,522,13.374,22.297,1.667,97.0,190.7,1380.6,1571.2,4881.4,3.5,176.79,176.79,353.57,,,190.6,1380.9,Critical
21479,?,General,3.98,684,13.365,17.465,1.307,76.0,169.6,783.3,952.9,4878.4,6.2,311.41,311.41,622.81,,,169.6,782.9,High
84949,SILVER HANGING T-LIGHT HOLDER,General,1.63,547,13.364,17.314,1.296,75.4,168.9,1221.6,1390.5,4877.8,4.0,199.64,199.64,399.28,,,168.9,1223.2,High
84313C,damaged,General,2.18,58,13.362,26.732,2.001,116.3,209.9,1057.3,1267.1,4877.2,4.6,230.65,230.65,461.3,,,209.8,1057.7,Critical
21507,ELEPHANT BIRTHDAY CARD ,General,0.43,376,13.359,15.728,1.177,68.5,162.0,2394.5,2556.4,4876.1,2.0,101.82,101.82,203.64,,,162.0,2381.2,High
23445,ICE CREAM BUBBLES,General,0.82,184,13.359,21.344,1.598,92.9,186.4,1721.2,1907.6,4875.9,2.8,141.64,141.64,283.28,,,186.4,1724.3,Critical
21124,SET/10 BLUE POLKADOT PARTY CANDLES,General,1.25,467,13.345,22.242,1.667,96.8,190.2,1398.3,1588.5,4870.8,3.5,174.17,174.17,348.33,,,190.2,1395.8,Critical
23191,BUNDLE OF 3 RETRO EXERCISE BOOKS,General,1.67,470,13.34,16.561,1.241,72.1,165.5,1209.0,1374.5,4869.3,4.0,201.37,201.37,402.74,,,165.5,1207.4,High
21877,HOME SWEET HOME MUG,General,1.41,601,13.334,24.293,1.822,105.7,199.1,1315.0,1514.1,4867.1,3.7,185.06,185.06,370.12,,,199.0,1313.7,Critical
84976,Unknown,General,0.85,90,13.333,21.258,1.594,92.5,185.9,1687.2,1873.1,4866.7,2.9,144.22,144.22,288.44,,,185.8,1692.0,Critical
90214D,"LETTER ""D"" BLING KEY RING",General,0.29,9,13.333,10.63,0.797,46.3,139.6,2880.2,3019.8,4866.7,1.7,84.49,84.49,168.97,,,139.6,2896.7,Medium
21518,Unknown,General,0.41,31,13.323,14.865,1.116,64.7,158.0,2429.5,2587.4,4862.7,2.0,100.08,100.08,200.16,,,158.0,2435.2,High
23552,BICYCLE PUNCTURE REPAIR KIT ,General,2.06,265,13.321,47.901,3.596,208.5,301.7,1085.8,1387.5,4862.1,4.5,223.9,223.9,447.81,,,301.7,1086.3,Critical
23215,JINGLE BELL HEART ANTIQUE SILVER,General,2.11,398,13.319,33.201,2.493,144.5,237.7,1072.8,1310.5,4861.5,4.5,226.58,226.58,453.15,,,237.7,1073.3,Critical
84846A,Unknown,General,2.11,22,13.318,13.029,0.978,56.7,149.9,1073.5,1223.4,4861.1,4.5,226.43,226.43,452.85,,,149.9,1073.3,Medium
22413,METAL SIGN TAKE IT OR LEAVE IT ,General,2.94,647,13.3,55.96,4.208,243.6,336.6,908.4,1245.0,4854.4,5.3,267.21,267.21,534.41,,,336.7,908.6,Critical
21238,RED RETROSPOT CUP,General,0.84,523,13.294,16.511,1.242,71.9,164.9,1703.3,1868.2,4852.5,2.8,142.44,142.44,284.89,,,165.0,1699.5,High
22585,PACK OF 6 BIRDY GIFT TAGS,General,1.26,563,13.286,19.394,1.46,84.4,177.4,1385.8,1563.2,4849.4,3.5,174.97,174.97,349.95,,,177.4,1387.2,High
85230A,OPIUM SCENTED VOTIVE CANDLE,General,0.27,46,13.283,14.323,1.078,62.3,155.3,2990.0,3145.3,4848.2,1.6,81.07,81.07,162.15,,,155.3,2996.4,High
22188,BLACK HEART CARD HOLDER,General,3.85,350,13.28,55.949,4.213,243.5,336.5,793.7,1130.2,4847.2,6.1,305.34,305.34,610.68,,,336.5,793.4,Critical
23500,KEY RING BASEBALL BOOT ASSORTED ,General,1.24,155,13.277,17.825,1.343,77.6,170.5,1395.6,1566.1,4846.3,3.5,173.63,173.63,347.25,,,170.5,1397.9,High
21294,Unknown,General,0.51,151,13.272,15.324,1.155,66.7,159.6,2177.3,2336.9,4844.1,2.2,111.24,111.24,222.48,,,159.6,2179.2,High
21066,VINTAGE RED MUG,General,1.21,108,13.269,41.794,3.15,181.9,274.8,1412.3,1687.0,4843.0,3.4,171.46,171.46,342.93,,,274.8,1414.7,Critical
22661,CHARLOTTE BAG DOLLY GIRL DESIGN,General,0.84,579,13.266,17.721,1.336,77.1,170.0,1698.6,1868.6,4842.1,2.9,142.53,142.53,285.06,,,170.0,1697.7,High
22991,GIRAFFE WOODEN RULER,General,2.03,430,13.256,34.502,2.603,150.2,243.0,1092.5,1335.5,4838.4,4.4,221.43,221.43,442.86,,,243.0,1091.7,Critical
23024,LARGE BONNE JAM JAR  T-LIGHT HOLDER,General,2.87,8,13.25,9.647,0.728,42.0,134.7,917.7,1052.4,4836.2,5.3,263.5,263.5,526.99,,,134.8,917.9,Medium
23221,REINDEER HEART DECORATION SILVER,General,0.9,229,13.245,12.885,0.973,56.1,148.8,1636.7,1785.5,4834.3,3.0,147.68,147.68,295.36,,,148.8,1638.8,Medium
37340,sold as set on dotcom,General,0.41,113,13.23,19.51,1.475,84.9,177.5,2422.9,2600.4,4829.0,2.0,99.65,99.65,199.3,,,177.5,2426.7,High
22568,Unknown,General,3.74,702,13.229,15.086,1.14,65.7,158.3,803.2,961.5,4828.7,6.0,300.59,300.59,601.17,,,158.3,803.5,High
22113,GREY HEART HOT WATER BOTTLE,General,4.04,746,13.225,15.432,1.167,67.2,159.7,772.8,932.6,4827.2,6.2,312.31,312.31,624.62,,,159.8,772.9,High
16156L,WRAP CAROUSEL,General,0.42,58,13.224,13.569,1.026,59.1,151.6,2399.1,2550.7,4826.8,2.0,100.6,100.6,201.19,,,151.7,2397.1,High
23319,BOX OF 6 MINI 50'S CRACKERS,General,2.46,567,13.212,16.929,1.281,73.7,166.2,989.2,1155.3,4822.2,4.9,243.75,243.75,487.5,,,166.2,990.0,High
20973,Unknown,General,0.66,483,13.211,15.545,1.177,67.7,160.1,1913.1,2073.3,4822.1,2.5,126.03,126.03,252.05,,,160.2,1911.3,High
20992,JAZZ HEARTS PURSE NOTEBOOK,General,0.48,486,13.198,16.683,1.264,72.6,165.0,2248.6,2413.6,4817.1,2.1,107.11,107.11,214.22,,,165.0,2240.0,High
21313,GLASS HEART T-LIGHT HOLDER ,General,0.82,225,13.187,19.092,1.448,83.1,175.4,1718.0,1893.4,4813.1,2.8,140.08,140.08,280.16,,,175.4,1713.1,High
84818,damages,General,1.56,178,13.18,17.83,1.353,77.6,169.9,1241.0,1410.8,4810.6,3.9,193.83,193.83,387.65,,,169.9,1241.7,High
22053,EMPIRE DESIGN ROSETTE,General,1.22,34,13.176,19.008,1.443,82.7,175.0,1405.4,1580.4,4809.4,3.4,171.1,171.1,342.21,,,174.9,1403.9,High
22734,FOUND,General,2.91,502,13.175,14.622,1.11,63.6,155.9,908.8,1064.7,4809.0,5.3,264.56,264.56,529.13,,,155.8,909.0,High
23139,SINGLE WIRE HOOK PINK HEART,General,1.12,64,13.172,31.108,2.362,135.4,227.6,1464.3,1691.9,4807.7,3.3,164.17,164.17,328.33,,,227.6,1465.0,Critical
84562A,Unknown,General,7.86,6,13.167,15.484,1.176,67.4,159.6,552.8,712.4,4805.8,8.7,434.68,434.68,869.37,,,159.6,552.9,High
22730,ALARM CLOCK BAKELIKE IVORY,General,3.74,762,13.16,13.666,1.038,59.5,151.6,801.2,952.8,4803.4,6.0,299.78,299.78,599.57,,,151.6,801.4,High
84875B,GREEN SQUARE COMPACT MIRROR,General,2.48,13,13.154,13.459,1.023,58.6,150.7,983.9,1134.5,4801.2,4.9,244.0,244.0,487.99,,,150.7,983.9,High
23171,REGENCY TEA PLATE GREEN ,General,1.68,468,13.126,15.63,1.191,68.0,159.9,1195.3,1355.2,4791.0,4.0,200.42,200.42,400.83,,,159.9,1194.1,High
23157,check,General,2.13,268,13.119,21.404,1.631,93.2,185.0,1059.2,1244.2,4788.6,4.5,226.05,226.05,452.09,,,185.0,1060.2,Critical
21174,found,General,2.06,696,13.111,14.882,1.135,64.8,156.5,1076.5,1233.1,4785.4,4.4,222.26,222.26,444.53,,,156.6,1077.7,High
48194,DOORMAT HEARTS,General,7.95,756,13.108,20.372,1.554,88.7,180.4,548.7,729.1,4784.6,8.7,436.03,436.03,872.05,,,180.5,548.6,Critical
21398,damages,General,0.82,103,13.107,23.684,1.807,103.1,194.8,1706.9,1901.8,4784.0,2.8,140.13,140.13,280.27,,,194.8,1707.9,Critical
22219,???lost,General,0.85,545,13.106,20.37,1.554,88.7,180.4,1677.9,1858.3,4783.8,2.9,142.56,142.56,285.12,,,180.4,1677.5,Critical
23103,JINGLE BELL HEART DECORATION,General,1.65,483,13.106,13.742,1.049,59.8,151.5,1204.3,1355.8,4783.5,4.0,198.61,198.61,397.21,,,151.5,1204.0,High
85150,Unknown,General,2.51,629,13.102,15.858,1.21,69.0,160.7,976.7,1137.5,4782.1,4.9,244.8,244.8,489.61,,,160.7,976.0,High
21481,FAWN BLUE HOT WATER BOTTLE,General,3.31,648,13.099,14.722,1.124,64.1,155.8,849.9,1005.7,4781.0,5.6,281.27,281.27,562.54,,,155.8,849.8,High
15039,SANDALWOOD FAN,General,0.83,179,13.095,31.359,2.395,136.5,228.1,1697.6,1925.7,4779.7,2.8,140.78,140.78,281.55,,,228.2,1696.9,Critical
22158,Unknown,General,2.95,514,13.088,20.4,1.559,88.8,180.4,899.4,1079.8,4777.0,5.3,265.58,265.58,531.15,,,180.4,899.8,Critical
84997C,CHILDRENS CUTLERY POLKADOT BLUE,General,4.01,555,13.067,24.665,1.888,107.4,198.8,771.4,970.2,4769.3,6.2,309.15,309.15,618.3,,,198.9,771.2,Critical
23379,PACK OF 12 RED APPLE TISSUES,General,0.39,124,13.065,39.693,3.038,172.8,264.2,2484.1,2748.3,4768.5,1.9,95.98,95.98,191.96,,,264.3,2472.5,Critical
23322,mouldy,General,2.93,709,13.054,13.405,1.027,58.3,149.7,901.6,1051.3,4764.6,5.3,264.23,264.23,528.46,,,149.7,901.7,High
20675,BLUE POLKADOT BOWL,General,1.23,518,13.052,16.369,1.254,71.2,162.6,1389.1,1551.7,4764.0,3.4,171.48,171.48,342.95,,,162.6,1391.6,High
23493,VINTAGE DOILY TRAVEL SEWING KIT,General,1.95,542,13.052,18.602,1.425,81.0,172.3,1105.8,1278.1,4763.9,4.3,215.41,215.41,430.82,,,172.4,1105.2,High
47593B,SCOTTIE DOGS BABY BIB,General,0.59,200,13.05,19.12,1.465,83.2,174.6,2016.4,2191.0,4763.2,2.4,118.11,118.11,236.23,,,174.6,2009.1,High
22729,Unknown,General,3.78,638,13.031,17.784,1.365,77.4,168.6,793.7,962.3,4756.4,6.0,299.63,299.63,599.26,,,168.6,793.2,High
21381,MINI WOODEN HAPPY BIRTHDAY GARLAND,General,1.68,328,13.027,33.732,2.589,146.8,238.0,1189.4,1427.4,4755.0,4.0,199.89,199.89,399.77,,,238.0,1189.6,Critical
23374,RED SPOT PAPER GIFT BAG,General,0.82,223,13.027,26.357,2.023,114.7,205.9,1707.6,1913.5,4754.8,2.8,139.23,139.23,278.45,,,205.9,1702.7,Critical
23193,BUFFALO BILL TREASURE BOOK BOX,General,2.27,279,13.022,32.158,2.47,140.0,231.1,1022.9,1254.0,4752.8,4.6,232.32,232.32,464.63,,,231.2,1023.2,Critical
21244,Unknown,General,1.66,383,13.021,16.614,1.276,72.3,163.5,1196.8,1360.3,4752.6,4.0,198.55,198.55,397.1,,,163.4,1196.5,High
21544,SKULLS  WATER TRANSFER TATTOOS ,General,0.84,257,13.016,18.107,1.391,78.8,169.9,1680.6,1850.5,4750.7,2.8,141.34,141.34,282.67,,,169.9,1681.6,High
21200,MULTICOLOUR HONEYCOMB PAPER GARLAND,General,1.47,90,13.011,24.89,1.913,108.3,199.4,1270.8,1470.2,4749.1,3.7,186.85,186.85,373.7,,,199.4,1271.0,Critical
10002,Unknown,General,0.85,96,13.01,17.554,1.349,76.4,167.5,1671.0,1838.5,4748.8,2.8,142.1,142.1,284.19,,,167.5,1671.4,High
22431,WATERING CAN BLUE ELEPHANT,General,1.95,496,13.01,15.614,1.2,68.0,159.0,1102.6,1261.7,4748.7,4.3,215.33,215.33,430.66,,,159.1,1103.5,High
90125B,AQUA BERTIE GLASS BEAD BAG CHARM,General,2.13,7,13.0,11.93,0.918,51.9,142.9,1054.3,1197.3,4745.0,4.5,225.02,225.02,450.05,,,142.9,1055.4,Medium
16049,Unknown,General,0.43,4,13.0,15.47,1.19,67.3,158.3,2355.8,2514.1,4745.0,2.0,100.71,100.71,201.42,,,158.3,2348.9,High
90202C,GREEN ENAMEL FLOWER HAIR TIE,General,2.94,7,13.0,10.63,0.818,46.3,137.3,898.5,1035.8,4745.0,5.3,264.04,264.04,528.08,,,137.3,898.3,Medium
23311,VINTAGE CHRISTMAS STOCKING ,General,2.54,493,12.996,13.344,1.027,58.1,149.0,966.1,1115.1,4743.5,4.9,245.51,245.51,491.02,,,149.1,966.3,High
23510,MINI PLAYING CARDS GYMKHANA,General,0.42,175,12.994,22.91,1.763,99.7,190.7,2377.2,2567.9,4742.9,2.0,99.76,99.76,199.51,,,190.7,2376.2,Critical
21172,Unknown,General,1.46,645,12.994,14.539,1.119,63.3,154.2,1275.6,1429.9,4742.7,3.7,185.9,185.9,371.79,,,154.3,1274.4,High
85049E,SCANDINAVIAN REDS RIBBONS,General,1.28,574,12.986,15.863,1.222,69.0,159.9,1359.3,1519.3,4739.9,3.5,174.35,174.35,348.69,,,159.9,1360.7,High
22563,HAPPY STENCIL CRAFT,General,1.23,451,12.984,21.98,1.693,95.7,186.6,1386.0,1572.6,4739.3,3.4,170.97,170.97,341.94,,,186.6,1388.0,Critical
16161G,WRAP BAD HAIR DAY,General,0.1,58,12.983,12.215,0.941,53.2,144.0,4867.6,5011.6,4738.7,1.0,48.68,48.68,97.35,,,144.1,4867.6,Medium
23438,GIFT BAG LARGE SPOT ,General,1.24,192,12.979,32.367,2.494,140.9,231.7,1380.3,1612.0,4737.4,3.4,171.61,171.61,343.22,,,231.8,1382.1,Critical
23227,FILIGREE HEART BUTTERFLY WHITE ,General,1.24,205,12.956,17.102,1.32,74.4,165.1,1381.5,1546.6,4729.0,3.4,171.16,171.16,342.31,,,165.1,1380.9,High
23551,PACK OF 12 PAISLEY PARK TISSUES ,General,0.39,218,12.954,14.892,1.15,64.8,155.5,2461.3,2616.8,4728.3,1.9,96.05,96.05,192.1,,,155.5,2462.1,High
22970,LONDON BUS COFFEE MUG,General,2.49,449,12.951,18.981,1.466,82.6,173.3,973.5,1146.7,4727.1,4.9,242.8,242.8,485.6,,,173.3,974.3,High
22039,BOTANICAL LILY GIFT WRAP,General,0.42,18,12.944,10.658,0.823,46.4,137.0,2373.2,2510.2,4724.7,2.0,99.54,99.54,199.09,,,137.0,2371.6,Medium
84375,SET OF 20 KIDS COOKIE CUTTERS,General,2.13,716,12.929,13.939,1.078,60.7,151.2,1053.4,1204.6,4719.0,4.5,223.99,223.99,447.99,,,151.2,1052.5,High
21385,IVORY HANGING DECORATION  HEART,General,0.85,391,12.928,18.091,1.399,78.7,169.2,1667.0,1836.2,4718.9,2.8,141.54,141.54,283.08,,,169.2,1666.1,High
22037,ROBOT BIRTHDAY CARD,General,0.42,451,12.925,14.865,1.15,64.7,155.2,2374.0,2529.1,4717.5,2.0,99.36,99.36,198.72,,,155.2,2369.8,High
16235,RECYCLED PENCIL WITH RABBIT ERASER,General,0.22,135,12.919,15.42,1.194,67.1,157.5,3289.6,3447.1,4715.3,1.4,71.67,71.67,143.34,,,157.5,3273.6,High
22834,HAND WARMER BABUSHKA DESIGN,General,1.97,493,12.915,21.04,1.629,91.6,182.0,1093.2,1275.2,4713.9,4.3,215.6,215.6,431.19,,,182.0,1093.8,Critical
37370,Unknown,General,1.26,231,12.913,37.015,2.866,161.1,251.5,1369.1,1620.6,4713.4,3.4,172.14,172.14,344.28,,,251.5,1367.6,Critical
20718,RED RETROSPOT SHOPPER BAG,General,1.26,589,12.912,14.932,1.156,65.0,155.4,1367.5,1522.9,4712.8,3.4,172.31,172.31,344.63,,,155.4,1367.5,High
23177,TREASURE ISLAND BOOK BOX,General,2.23,380,12.911,32.316,2.503,140.6,231.0,1027.2,1258.2,4712.3,4.6,229.38,229.38,458.75,,,231.0,1027.9,Critical
21559,STRAWBERRY LUNCH BOX WITH CUTLERY,General,2.55,715,12.908,15.079,1.168,65.6,156.0,960.8,1116.8,4711.3,4.9,245.18,245.18,490.36,,,156.0,961.1,High
23145,ZINC T-LIGHT HOLDER STARS LARGE,General,0.96,344,12.901,14.316,1.11,62.3,152.6,1567.3,1719.9,4708.9,3.0,150.22,150.22,300.44,,,152.6,1566.1,High
23548,WRAP MAGIC FOREST ,General,0.42,80,12.9,13.619,1.056,59.3,149.6,2366.2,2515.7,4708.5,2.0,99.5,99.5,198.99,,,149.6,2367.6,High
22333,RETROSPOT PARTY BAG + STICKER SET,General,1.63,489,12.898,15.545,1.205,67.7,157.9,1201.4,1359.3,4707.7,3.9,195.92,195.92,391.85,,,158.0,1201.7,High
21439,BASKET OF TOADSTOOLS,General,1.24,189,12.894,32.057,2.486,139.5,229.8,1375.1,1604.8,4706.4,3.4,171.13,171.13,342.27,,,229.8,1377.6,Critical
22075,6 RIBBONS ELEGANT CHRISTMAS ,General,1.31,330,12.894,19.746,1.531,85.9,176.2,1338.2,1514.4,4706.3,3.5,175.84,175.84,351.68,,,176.2,1340.3,Critical
23507,MINI PLAYING CARDS BUFFALO BILL ,General,0.42,196,12.888,22.364,1.735,97.3,187.5,2371.7,2559.2,4704.0,2.0,99.17,99.17,198.34,,,187.5,2366.4,Critical
20677,PINK POLKADOT BOWL,General,1.23,448,12.886,17.268,1.34,75.2,165.4,1383.5,1548.8,4703.4,3.4,169.99,169.99,339.98,,,165.4,1382.7,High
22427,damages,General,5.91,743,12.883,12.655,0.982,55.1,145.3,630.6,775.9,4702.3,7.5,372.82,372.82,745.64,,,145.3,630.7,Medium
22818,CARD CHRISTMAS VILLAGE,General,0.42,314,12.882,15.4,1.195,67.0,157.2,2363.9,2521.1,4702.0,2.0,99.45,99.45,198.91,,,157.2,2365.9,High
10133,damaged,General,0.55,245,12.882,16.839,1.307,73.3,163.5,2073.1,2236.5,4701.8,2.3,113.4,113.4,226.8,,,163.5,2067.5,High
84921,Unknown,General,3.76,8,12.875,23.375,1.816,101.7,191.9,790.8,982.6,4699.4,5.9,297.14,297.14,594.27,,,191.8,790.5,Critical
22855,Unknown,General,1.25,374,12.874,15.747,1.223,68.5,158.7,1373.4,1532.0,4699.1,3.4,171.08,171.08,342.16,,,158.6,1371.0,High
21403,BLUE EGG  SPOON,General,0.13,122,12.869,17.966,1.396,78.2,168.3,4266.1,4434.4,4697.1,1.1,55.05,55.05,110.1,,,168.3,4250.4,High
23188,VINTAGE  2 METRE FOLDING RULER,General,1.7,458,12.867,13.941,1.083,60.7,150.7,1173.9,1324.6,4696.4,4.0,200.03,200.03,400.07,,,150.8,1175.3,High
84804B,Unknown,General,1.52,15,12.867,10.789,0.839,47.0,137.0,1244.0,1381.0,4696.3,3.8,188.76,188.76,377.52,,,137.1,1242.9,Medium
23243,SET OF TEA COFFEE SUGAR TINS PANTRY,General,4.87,590,12.861,12.477,0.97,54.3,144.3,693.9,838.2,4694.3,6.8,338.26,338.26,676.53,,,144.3,694.2,Medium
84685,Unknown,General,3.75,21,12.857,21.793,1.695,94.8,184.8,791.0,975.8,4692.9,5.9,296.65,296.65,593.3,,,184.8,791.0,Critical
21523,DOORMAT FANCY FONT HOME SWEET HOME,General,7.79,708,12.853,20.84,1.621,90.7,180.7,548.8,729.5,4691.4,8.5,427.39,427.39,854.78,,,180.7,548.7,Critical
21286,RETROSPOT CANDLE  LARGE,General,0.79,53,12.849,12.786,0.995,55.6,145.6,1728.3,1873.9,4689.9,2.7,135.68,135.68,271.36,,,145.5,1722.9,Medium
23218,LAUREL STAR ANTIQUE GOLD,General,1.23,46,12.848,17.198,1.339,74.9,164.8,1382.4,1547.2,4689.5,3.4,169.61,169.61,339.23,,,164.8,1380.7,High
21165,check,General,1.67,645,12.842,15.695,1.222,68.3,158.2,1184.8,1343.0,4687.3,4.0,197.81,197.81,395.62,,,158.2,1184.6,High
85202,HANGING WOOD AND FELT HEART,General,0.42,75,12.827,14.265,1.112,62.1,151.9,2360.7,2512.6,4681.7,2.0,99.16,99.16,198.32,,,151.9,2360.8,High
22041,"RECORD FRAME 7"" SINGLE SIZE ",General,2.52,467,12.824,18.013,1.405,78.4,168.2,963.8,1132.0,4680.9,4.9,242.84,242.84,485.67,,,168.2,963.7,High
72225C,Unknown,General,0.27,33,12.818,17.784,1.387,77.4,167.1,2922.3,3089.4,4678.6,1.6,80.05,80.05,160.1,,,167.1,2943.5,High
21314,SMALL GLASS HEART TRINKET POT,General,2.09,619,12.813,14.52,1.133,63.2,152.9,1057.6,1210.5,4676.6,4.4,221.1,221.1,442.19,,,152.9,1057.7,High
22381,TOY TIDY PINK POLKADOT,General,2.11,533,12.807,26.88,2.099,117.0,206.6,1051.5,1258.1,4674.5,4.4,222.27,222.27,444.55,,,206.6,1052.5,Critical
21967,PACK OF 12 SKULL TISSUES,General,0.32,311,12.804,14.778,1.154,64.3,153.9,2702.5,2856.5,4673.4,1.7,86.46,86.46,172.93,,,153.9,2702.3,High
23120,PACK OF 6 SMALL FRUIT STRAWS,General,0.42,117,12.803,27.274,2.13,118.7,208.3,2365.8,2574.1,4673.2,2.0,98.77,98.77,197.53,,,208.3,2358.7,Critical
22419,LIPSTICK PEN RED,General,0.44,300,12.803,18.084,1.412,78.7,168.3,2295.7,2464.1,4673.2,2.0,101.78,101.78,203.56,,,168.3,2304.4,High
22915,sold as set on dotcom,General,0.39,340,12.803,17.883,1.397,77.8,167.5,2463.5,2630.9,4673.1,1.9,94.85,94.85,189.7,,,167.4,2447.7,High
40005B,BLUE ORGANDY ROUND LAMPSHADE W BEA,General,0.85,15,12.8,24.46,1.911,106.5,196.1,1657.8,1853.8,4672.0,2.8,140.91,140.91,281.82,,,196.1,1657.8,Critical
22766,PHOTO FRAME CORNICE,General,2.96,737,12.798,12.935,1.011,56.3,145.9,887.9,1033.8,4671.2,5.3,263.05,263.05,526.11,,,145.9,888.3,High
21669,BLUE STRIPE CERAMIC DRAWER KNOB,General,1.34,566,12.797,14.244,1.113,62.0,151.6,1322.5,1474.1,4670.8,3.5,176.59,176.59,353.18,,,151.6,1320.2,High
22129,PARTY CONES CANDY DECORATION,General,1.01,88,12.795,28.134,2.199,122.4,212.0,1517.9,1730.0,4670.3,3.1,153.84,153.84,307.68,,,212.0,1520.5,Critical
85199S,SMALL HANGING IVORY/RED WOOD BIRD,General,0.44,345,12.788,18.385,1.438,80.0,169.5,2313.4,2482.9,4667.8,2.0,100.89,100.89,201.77,,,169.5,2303.1,High
48185,?,General,7.84,462,12.781,36.338,2.843,158.2,247.6,545.3,792.9,4665.2,8.6,427.77,427.77,855.55,,,247.7,545.5,Critical
21504,Unknown,General,0.42,183,12.781,16.012,1.253,69.7,159.2,2368.8,2528.0,4665.2,2.0,98.47,98.47,196.94,,,159.2,2356.7,High
22152,check,General,0.45,219,12.772,13.414,1.05,58.4,147.8,2277.3,2425.1,4661.7,2.0,102.35,102.35,204.7,,,147.8,2275.9,High
82582,??,General,2.08,687,12.758,16.668,1.306,72.5,161.9,1058.0,1219.8,4656.8,4.4,220.08,220.08,440.16,,,161.8,1058.0,High
23436,VINTAGE CHRISTMAS GIFT BAG LARGE ,General,1.24,197,12.751,34.158,2.679,148.7,237.9,1369.9,1607.9,4654.2,3.4,169.87,169.87,339.74,,,238.0,1369.9,Critical
84800M,Unknown,General,1.48,12,12.75,9.882,0.775,43.0,132.3,1254.2,1386.5,4653.8,3.7,185.52,185.52,371.04,,,132.2,1253.9,Medium
84859B,BLUE DISCO HANDBAG,General,1.97,16,12.75,24.404,1.914,106.2,195.5,1085.4,1280.9,4653.8,4.3,214.37,214.37,428.75,,,195.4,1086.8,Critical
22153,ANGEL DECORATION STARS ON DRESS,General,0.42,206,12.748,16.063,1.26,69.9,159.1,2352.0,2511.1,4652.9,2.0,98.91,98.91,197.83,,,159.1,2353.5,High
23182,TOILET SIGN OCCUPIED OR VACANT,General,0.86,515,12.748,13.725,1.077,59.7,149.0,1644.7,1793.7,4652.9,2.8,141.45,141.45,282.9,,,148.9,1644.7,High
23318,BOX OF 6 MINI VINTAGE CRACKERS,General,2.45,532,12.744,16.08,1.262,70.0,159.2,975.3,1134.5,4651.7,4.8,238.47,238.47,476.95,,,159.2,974.3,High
22348,TEA BAG PLATE RED RETROSPOT,General,0.87,484,12.74,18.715,1.469,81.5,170.6,1636.8,1807.4,4650.0,2.8,142.04,142.04,284.09,,,170.7,1634.8,High
17129F,BLUE GLASS GEMS IN BAG,General,0.88,38,12.737,13.298,1.044,57.9,147.0,1628.7,1775.7,4648.9,2.9,142.72,142.72,285.45,,,147.1,1625.2,High
51020A,adjustment,General,0.71,38,12.737,17.87,1.403,77.8,166.9,1805.0,1971.9,4648.9,2.6,128.78,128.78,257.56,,,167.0,1809.4,High
11001,ASSTD DESIGN RACING CAR PEN,General,1.83,154,12.734,32.247,2.532,140.3,229.5,1126.2,1355.7,4647.8,4.1,206.34,206.34,412.69,,,229.4,1126.9,Critical
84660A,damaged,General,1.06,75,12.733,19.837,1.558,86.3,175.5,1481.1,1656.5,4647.7,3.1,156.9,156.9,313.81,,,175.4,1480.6,Critical
23083,SET 6 PAPER TABLE LANTERN STARS ,General,3.73,385,12.725,15.712,1.235,68.4,157.5,789.5,946.9,4644.5,5.9,294.15,294.15,588.29,,,157.5,789.0,High
22549,PICTURE DOMINOES,General,1.49,463,12.724,15.266,1.2,66.4,155.5,1248.7,1404.2,4644.1,3.7,185.96,185.96,371.92,,,155.5,1248.4,High
22343,PARTY PIZZA DISH RED RETROSPOT,General,0.48,168,12.72,21.681,1.704,94.4,183.4,2189.9,2373.3,4642.9,2.1,106.01,106.01,212.01,,,183.4,2199.2,Critical
22705,WRAP GREEN PEARS ,General,0.42,169,12.716,11.521,0.906,50.1,139.2,2349.4,2488.6,4641.3,2.0,98.78,98.78,197.55,,,139.1,2350.6,Medium
16244B,Unknown,General,1.99,7,12.714,14.396,1.132,62.7,151.7,1081.0,1232.6,4640.7,4.3,214.65,214.65,429.3,,,151.7,1079.8,High
22614,PACK OF 12 SPACEBOY TISSUES,General,0.34,343,12.714,12.687,0.998,55.2,144.2,2605.1,2749.4,4640.7,1.8,89.07,89.07,178.14,,,144.2,2612.4,Medium
21976,PACK OF 60 MUSHROOM CAKE CASES,General,0.56,542,12.71,15.481,1.218,67.4,156.3,2029.3,2185.6,4639.3,2.3,114.31,114.31,228.62,,,156.4,2035.2,High
22244,Unknown,General,1.91,161,12.708,20.183,1.588,87.8,176.8,1101.7,1278.5,4638.4,4.2,210.51,210.51,421.02,,,176.8,1101.9,Critical
21672,WHITE SPOT RED CERAMIC DRAWER KNOB,General,1.31,585,12.704,14.422,1.135,62.8,151.7,1331.8,1483.5,4637.1,3.5,174.09,174.09,348.18,,,151.7,1330.4,High
90125D,PURPLE BERTIE GLASS BEAD BAG CHARM,General,0.84,10,12.7,13.969,1.1,60.8,149.7,1657.2,1806.8,4635.5,2.8,139.86,139.86,279.73,,,149.7,1661.1,High
84926E,FLOWERS TILE COASTER,General,0.5,130,12.7,20.372,1.604,88.7,177.6,2146.2,2323.7,4635.5,2.2,107.99,107.99,215.99,,,177.6,2153.0,Critical
22963,JAM JAR WITH BLUE LID,General,0.84,498,12.697,13.391,1.055,58.3,147.2,1659.4,1806.5,4634.3,2.8,139.64,139.64,279.28,,,147.2,1660.9,High
90086,CRYSTAL FROG PHONE CHARM,General,0.88,29,12.69,14.658,1.155,63.8,152.6,1621.8,1774.4,4631.7,2.9,142.8,142.8,285.6,,,152.6,1622.2,High
21916,SET 12 RETRO WHITE CHALK STICKS,General,0.43,482,12.687,19.513,1.538,84.9,173.7,2319.2,2492.9,4630.7,2.0,99.84,99.84,199.67,,,173.7,2320.5,Critical
22241,GARLAND WOODEN HAPPY EASTER,General,1.24,325,12.686,18.028,1.421,78.5,167.3,1365.3,1532.6,4630.4,3.4,169.57,169.57,339.15,,,167.3,1366.4,High
23236,STORAGE TIN VINTAGE DOILY ,General,2.9,485,12.68,14.502,1.144,63.1,151.9,893.3,1045.1,4628.4,5.2,259.07,259.07,518.14,,,151.9,893.3,High
21843,smashed,General,10.86,707,12.68,14.195,1.119,61.8,150.5,461.5,612.1,4628.3,10.0,501.42,501.42,1002.85,,,150.6,461.6,High
85169D,PINK LOVE BIRD CANDLE,General,1.22,28,12.679,16.2,1.278,70.5,159.3,1378.2,1537.4,4627.7,3.4,167.89,167.89,335.78,,,159.3,1377.2,High
22422,TOOTHPASTE TUBE PEN,General,0.57,186,12.672,19.182,1.514,83.5,172.2,2021.1,2193.2,4625.3,2.3,114.43,114.43,228.86,,,172.2,2014.3,Critical
22243,5 HOOK HANGER RED MAGIC TOADSTOOL,General,1.64,239,12.669,19.562,1.544,85.1,173.8,1187.3,1361.1,4624.4,3.9,194.75,194.75,389.49,,,173.8,1187.4,Critical
22438,BALLOON ART MAKE YOUR OWN FLOWERS,General,1.22,159,12.66,25.919,2.047,112.8,201.4,1377.9,1579.3,4621.0,3.4,167.68,167.68,335.37,,,201.4,1376.2,Critical
22030,??,General,0.42,491,12.652,13.443,1.063,58.5,147.1,2339.4,2486.5,4617.9,2.0,98.7,98.7,197.39,,,147.1,2344.7,High
21736,Unknown,General,1.53,20,12.65,14.999,1.186,65.3,153.8,1229.4,1383.2,4617.2,3.8,187.79,187.79,375.58,,,153.8,1228.4,High
22493,PAINT YOUR OWN CANVAS SET,General,1.73,313,12.645,29.766,2.354,129.5,218.1,1156.4,1374.4,4615.6,4.0,199.57,199.57,399.15,,,218.0,1155.0,Critical
21755,LOVE BUILDING BLOCK WORD,General,6.03,859,12.644,12.681,1.003,55.2,143.7,618.8,762.5,4615.0,7.5,372.87,372.87,745.75,,,143.7,618.6,High
21240,BLUE POLKADOT CUP,General,0.84,447,12.64,16.852,1.333,73.3,161.8,1660.4,1822.2,4613.5,2.8,138.93,138.93,277.85,,,161.8,1657.1,High
22040,BOTANICAL ROSE GIFT WRAP,General,0.42,55,12.636,11.457,0.907,49.9,138.3,2346.6,2484.9,4612.3,2.0,98.27,98.27,196.55,,,138.4,2343.3,Medium
23240,SET OF 4 KNICK KNACK TINS  DOILEY ,General,4.13,676,12.632,15.098,1.195,65.7,154.1,747.0,901.1,4610.6,6.2,308.62,308.62,617.25,,,154.1,747.1,High
21908,CHOCOLATE THIS WAY METAL SIGN,General,2.13,646,12.625,15.262,1.209,66.4,154.8,1041.0,1195.8,4608.3,4.4,221.35,221.35,442.69,,,154.8,1040.1,High
90184A,AMBER CHUNKY BEAD BRACELET W STRAP,General,9.0,16,12.625,19.68,1.559,85.7,174.0,506.0,680.1,4608.1,9.1,455.33,455.33,910.65,,,174.1,506.0,Critical
23432,PRETTY HANGING QUILTED HEARTS,General,0.83,136,12.618,17.041,1.351,74.2,162.5,1669.1,1831.5,4605.4,2.8,137.97,137.97,275.93,,,162.5,1665.6,High
85111,check,General,0.34,113,12.611,14.027,1.112,61.0,149.3,2613.7,2763.0,4602.9,1.8,88.05,88.05,176.11,,,149.3,2601.7,High
21746,SMALL RED RETROSPOT WINDMILL,General,1.25,393,12.595,17.365,1.379,75.6,163.7,1357.2,1520.9,4597.3,3.4,169.37,169.37,338.74,,,163.8,1356.1,High
23370,SET 36 COLOURING PENCILS DOILEY,General,1.24,159,12.591,15.223,1.209,66.3,154.4,1359.5,1513.9,4595.8,3.4,169.02,169.02,338.04,,,154.4,1361.3,High
21243,PINK POLKADOT PLATE ,General,1.66,386,12.588,16.892,1.342,73.5,161.6,1176.6,1338.2,4594.7,3.9,195.25,195.25,390.51,,,161.6,1176.4,High
22644,CERAMIC CHERRY CAKE MONEY BANK,General,1.19,365,12.581,19.637,1.561,85.5,173.5,1388.6,1562.1,4592.0,3.3,165.35,165.35,330.7,,,173.6,1389.0,Critical
23483,HANGING  BUTTERFLY T-LIGHT HOLDER,General,1.23,160,12.575,15.304,1.217,66.6,154.6,1367.9,1522.6,4589.9,3.4,167.77,167.77,335.53,,,154.6,1365.9,High
21136,sold as set on dotcom,General,1.69,579,12.575,13.471,1.071,58.6,146.7,1166.8,1313.5,4589.9,3.9,196.68,196.68,393.37,,,146.6,1165.3,High
90173,Unknown,General,3.77,7,12.571,8.121,0.646,35.3,123.3,780.4,903.7,4588.6,5.9,293.99,293.99,587.98,,,123.3,780.1,Medium
23148,MINITURE ANTIQUE ROSE HOOK IVORY,General,0.83,436,12.56,13.325,1.061,58.0,145.9,1660.6,1806.5,4584.3,2.8,138.03,138.03,276.07,,,145.9,1661.8,High
84997B,CHILDRENS CUTLERY RETROSPOT RED ,General,3.99,572,12.552,19.726,1.572,85.9,173.7,757.3,931.0,4581.6,6.0,302.49,302.49,604.98,,,173.8,757.7,Critical
23082,SET 6 PAPER TABLE LANTERN HEARTS ,General,3.72,483,12.542,12.529,0.999,54.5,142.3,784.1,926.4,4578.0,5.8,291.92,291.92,583.84,,,142.3,784.4,Medium
85006,Unknown,General,1.38,26,12.538,18.276,1.458,79.5,167.3,1290.0,1457.3,4576.5,3.5,177.38,177.38,354.76,,,167.3,1287.7,High
72351B,SET/6 PINK  BUTTERFLY T-LIGHTS,General,2.06,322,12.534,17.937,1.431,78.1,165.8,1053.0,1218.8,4575.0,4.3,217.24,217.24,434.48,,,165.8,1053.8,High
22714,CARD BIRTHDAY COWBOY,General,0.42,279,12.534,32.612,2.602,141.9,229.7,2324.6,2554.3,4574.9,2.0,98.4,98.4,196.81,,,229.6,2333.7,Critical
23549,WRAP BIRD GARDEN ,General,0.42,77,12.532,12.975,1.035,56.5,144.2,2326.5,2470.7,4574.4,2.0,98.31,98.31,196.62,,,144.2,2333.6,High
85132C,damages,General,2.26,275,12.531,14.415,1.15,62.7,150.5,1005.0,1155.5,4573.8,4.6,227.55,227.55,455.09,,,150.4,1005.9,High
21868,Amazon,General,1.28,464,12.524,14.565,1.163,63.4,151.1,1333.8,1484.9,4571.2,3.4,171.35,171.35,342.71,,,151.1,1336.3,High
16054,POPART RECT PENCIL SHARPENER ASST,General,0.15,46,12.522,19.756,1.578,86.0,173.6,3849.2,4022.8,4570.4,1.2,59.37,59.37,118.74,,,173.7,3903.2,Critical
22028,Unknown,General,0.42,350,12.514,14.24,1.138,62.0,149.6,2330.5,2480.1,4567.7,2.0,98.0,98.0,195.99,,,149.6,2331.9,High
22232,JIGSAW TOADSTOOLS 3 PIECE,General,0.79,158,12.513,12.985,1.038,56.5,144.1,1701.5,1845.6,4567.1,2.7,134.21,134.21,268.42,,,144.1,1700.2,High
16012,FOOD/DRINK SPONGE STICKERS,General,0.21,105,12.495,20.222,1.618,88.0,175.5,3297.0,3472.5,4560.8,1.4,69.17,69.17,138.33,,,175.5,3295.3,Critical
23172,REGENCY TEA PLATE PINK,General,1.65,390,12.495,13.944,1.116,60.7,148.2,1177.0,1325.2,4560.6,3.9,193.73,193.73,387.46,,,148.2,1175.6,High
22352,LUNCH BOX WITH CUTLERY RETROSPOT ,General,2.54,600,12.492,14.626,1.171,63.7,151.1,947.8,1098.9,4559.5,4.8,240.53,240.53,481.06,,,151.1,947.4,High
85049A,TRADITIONAL CHRISTMAS RIBBONS,General,1.28,438,12.486,15.458,1.238,67.3,154.7,1334.3,1489.0,4557.5,3.4,170.79,170.79,341.57,,,154.7,1334.3,High
35954,check,General,0.3,72,12.486,18.534,1.484,80.7,168.1,2775.8,2943.8,4557.4,1.6,82.09,82.09,164.19,,,168.1,2756.0,High
21621,Unknown,General,8.51,687,12.479,16.524,1.324,71.9,159.3,517.3,676.6,4554.8,8.8,440.21,440.21,880.42,,,159.3,517.3,High
85230G,ORANGE VOTIVE CANDLE,General,0.27,73,12.466,18.685,1.499,81.3,168.6,2896.3,3064.9,4550.0,1.6,78.55,78.55,157.1,,,168.6,2902.7,High
85194S,HANGING SPRING FLOWER EGG SMALL,General,0.51,98,12.459,15.303,1.228,66.6,153.8,2120.2,2274.0,4547.6,2.1,107.24,107.24,214.49,,,153.8,2111.5,High
23046,PAPER LANTERN 9 POINT DELUXE STAR,General,6.61,85,12.459,26.818,2.152,116.7,203.9,586.6,790.5,4547.5,7.8,387.6,387.6,775.21,,,203.9,586.5,Critical
35004G,SET OF 3 GOLD FLYING DUCKS,General,4.92,59,12.458,14.048,1.128,61.1,148.3,679.5,827.8,4547.0,6.7,334.6,334.6,669.19,,,148.3,679.8,High
21671,RED SPOT CERAMIC DRAWER KNOB,General,1.31,501,12.457,13.06,1.048,56.8,144.0,1319.6,1463.6,4546.8,3.4,172.28,172.28,344.56,,,144.0,1317.4,High
22962,JAM JAR WITH PINK LID,General,0.84,504,12.456,13.321,1.069,58.0,145.2,1645.8,1791.0,4546.6,2.8,138.13,138.13,276.25,,,145.2,1645.1,High
22709,WRAP WEDDING DAY,General,0.42,88,12.455,10.118,0.812,44.0,131.2,2325.8,2457.0,4545.9,2.0,97.73,97.73,195.46,,,131.2,2326.3,Medium
82581,TOILET METAL SIGN,General,0.55,554,12.449,15.483,1.244,67.4,154.5,2033.0,2187.5,4544.1,2.2,111.76,111.76,223.52,,,154.5,2032.5,High
22046,TEA PARTY  WRAPPING PAPER ,General,0.42,192,12.443,18.634,1.498,81.1,168.2,2332.9,2501.1,4541.6,1.9,97.34,97.34,194.68,,,168.2,2325.2,High
47590B,check,General,5.4,611,12.432,14.948,1.202,65.1,152.1,648.2,800.2,4537.7,7.0,350.05,350.05,700.09,,,152.1,648.2,High
79151B,"SILICON CUBE 25W, BLUE",General,0.42,7,12.429,11.502,0.925,50.1,137.1,2327.9,2464.9,4536.4,1.9,97.44,97.44,194.88,,,137.1,2323.9,Medium
23217,LAUREL HEART ANTIQUE SILVER,General,1.33,165,12.424,22.939,1.846,99.8,186.8,1307.9,1494.7,4534.8,3.5,173.36,173.36,346.72,,,186.8,1305.7,Critical
22100,SKULLS SQUARE TISSUE BOX,General,0.63,98,12.418,19.268,1.552,83.9,170.8,1901.0,2071.8,4532.7,2.4,119.22,119.22,238.44,,,170.8,1896.7,Critical
84050,check,General,1.61,409,12.416,19.363,1.56,84.3,171.2,1185.3,1356.5,4531.7,3.8,191.16,191.16,382.32,,,171.2,1186.3,Critical
84926A,WAKE UP COCKEREL TILE COASTER,General,0.5,83,12.41,15.269,1.23,66.5,153.3,2130.5,2283.8,4529.5,2.1,106.3,106.3,212.6,,,153.4,2128.3,High
22103,MIRROR MOSAIC T-LIGHT HOLDER ROUND,General,1.62,44,12.409,15.129,1.219,65.8,152.7,1183.3,1336.0,4529.3,3.8,191.39,191.39,382.77,,,152.7,1182.3,High
23228,FILIGREE HEART BIRD WHITE ,General,1.35,172,12.407,16.936,1.365,73.7,160.6,1296.4,1457.0,4528.5,3.5,174.66,174.66,349.32,,,160.5,1295.1,High
22706,WRAP COWBOYS  ,General,0.42,163,12.405,12.222,0.985,53.2,140.0,2324.4,2464.4,4527.8,1.9,97.4,97.4,194.8,,,140.0,2321.7,Medium
22597,MUSICAL ZINC HEART DECORATION ,General,0.5,205,12.395,18.5,1.493,80.5,167.3,2133.8,2301.1,4524.2,2.1,106.01,106.01,212.03,,,167.3,2127.0,High
22142,check,General,1.5,563,12.387,12.801,1.033,55.7,142.4,1229.0,1371.4,4521.3,3.7,183.94,183.94,367.89,,,142.4,1227.6,High
21291,SMALL POLKADOT CHOCOLATE GIFT BAG ,General,0.85,113,12.372,14.416,1.165,62.7,149.3,1629.7,1779.1,4515.7,2.8,138.54,138.54,277.08,,,149.3,1629.8,High
22156,HEART DECORATION WITH PEARLS ,General,0.86,345,12.368,14.351,1.16,62.5,149.0,1621.0,1770.0,4514.4,2.8,139.25,139.25,278.49,,,149.1,1620.1,High
23349,ROLL WRAP VINTAGE CHRISTMAS,General,1.24,444,12.365,18.468,1.494,80.4,166.9,1349.5,1516.4,4513.2,3.3,167.22,167.22,334.44,,,167.0,1349.0,High
84988,?,General,1.46,494,12.364,14.845,1.201,64.6,151.2,1245.2,1396.3,4513.0,3.6,181.22,181.22,362.44,,,151.1,1243.2,High
23382,BOX OF 6 CHRISTMAS CAKE DECORATIONS,General,3.71,233,12.356,19.393,1.57,84.4,170.9,779.4,950.3,4510.0,5.8,289.33,289.33,578.66,,,170.9,779.6,Critical
23198,PANTRY MAGNETIC  SHOPPING LIST,General,1.48,593,12.352,13.268,1.074,57.7,144.2,1236.2,1380.4,4508.6,3.6,182.36,182.36,364.72,,,144.2,1234.2,High
85039C,S/4 BLACK MINI ROSE CANDLE IN BOWL,General,1.16,40,12.35,17.703,1.433,77.1,163.5,1394.0,1557.5,4507.8,3.2,161.69,161.69,323.37,,,163.6,1393.9,High
35598D,PINK/WHITE CHRISTMAS TREE 60CM,General,0.85,67,12.343,13.047,1.057,56.8,143.2,1628.4,1771.6,4505.3,2.8,138.34,138.34,276.67,,,143.2,1627.9,High
21442,GREEN BIRDHOUSE DECORATION,General,0.59,82,12.341,16.387,1.328,71.3,157.7,1961.7,2119.4,4504.6,2.3,114.81,114.81,229.63,,,157.7,1953.8,High
21098,had been put aside,General,1.3,408,12.341,16.634,1.348,72.4,158.8,1315.9,1474.7,4504.4,3.4,171.15,171.15,342.3,,,158.8,1316.2,High
22296,HEART IVORY TRELLIS LARGE,General,1.66,519,12.337,15.572,1.262,67.8,154.1,1164.2,1318.3,4503.1,3.9,193.4,193.4,386.79,,,154.2,1164.6,High
90211B,JET BLACK LAS VEGAS NECKLACE 45CM,General,5.96,9,12.333,16.263,1.319,70.8,157.1,614.5,771.7,4501.7,7.3,366.26,366.26,732.53,,,157.1,614.5,High
23461,SWEETHEART BIRD HOUSE,General,4.12,184,12.332,46.792,3.795,203.7,290.0,738.8,1028.7,4501.0,6.1,304.63,304.63,609.27,,,290.0,739.1,Critical
47518F,ICON PLACEMAT POP ART ELVIS,General,0.14,79,12.329,16.431,1.333,71.5,157.8,3983.8,4141.7,4500.1,1.1,56.48,56.48,112.96,,,157.8,4009.0,High
90120C,GREEN MURANO TWIST BRACELET,General,4.26,28,12.321,13.641,1.107,59.4,145.6,726.7,872.3,4497.3,6.2,309.43,309.43,618.85,,,145.6,726.5,High
22094,RED RETROSPOT TISSUE BOX,General,0.57,314,12.312,17.192,1.396,74.8,161.0,1984.0,2145.0,4493.9,2.3,113.25,113.25,226.51,,,161.0,1985.5,High
22667,damaged,General,2.92,715,12.31,11.891,0.966,51.8,137.9,876.4,1014.4,4493.3,5.1,256.34,256.34,512.69,,,138.0,877.2,Medium
35924,HANGING FAIRY CAKE DECORATION,General,1.97,70,12.3,20.062,1.631,87.3,173.4,1068.5,1241.9,4489.5,4.2,210.08,210.08,420.16,,,173.4,1067.5,Critical
23481,PEARLISED IVORY HEART SMALL ,General,1.23,50,12.3,14.74,1.198,64.2,150.3,1351.0,1501.2,4489.5,3.3,166.16,166.16,332.31,,,150.3,1350.9,High
21592,RETROSPOT CIGAR BOX MATCHES ,General,1.05,441,12.297,20.326,1.653,88.5,174.5,1462.7,1637.3,4488.4,3.1,153.43,153.43,306.86,,,174.6,1462.0,Critical
22908,PACK OF 20 NAPKINS RED APPLES,General,0.85,530,12.291,12.943,1.053,56.3,142.4,1626.6,1769.0,4486.1,2.8,137.9,137.9,275.79,,,142.3,1624.5,High
22574,HEART WOODEN CHRISTMAS DECORATION,General,0.89,293,12.29,17.556,1.428,76.4,162.4,1590.5,1752.9,4485.9,2.8,141.02,141.02,282.05,,,162.4,1587.5,High
35819B,check,General,0.38,38,12.289,15.315,1.246,66.7,152.7,2424.4,2577.1,4485.7,1.9,92.51,92.51,185.02,,,152.7,2429.5,High
47559B,Unknown,General,1.28,474,12.281,15.154,1.234,66.0,151.9,1325.0,1476.9,4482.4,3.4,169.15,169.15,338.29,,,152.0,1323.2,High
90123B,TURQUOISE HEART OF GLASS BRACELET,General,5.9,18,12.278,21.129,1.721,92.0,177.9,616.2,794.1,4481.4,7.3,363.61,363.61,727.21,,,177.9,616.3,Critical
90058B,CRYSTAL STUD EARRINGS ASSORTED COL ,General,0.38,41,12.268,12.808,1.044,55.7,141.6,2428.9,2570.5,4477.9,1.8,92.18,92.18,184.36,,,141.6,2427.3,High
84763,Unknown,General,1.24,120,12.267,16.391,1.336,71.3,157.2,1341.0,1498.2,4477.3,3.3,166.94,166.94,333.89,,,157.2,1343.6,High
22303,COFFEE MUG APPLES DESIGN,General,2.52,391,12.266,23.71,1.933,103.2,189.1,942.3,1131.3,4477.1,4.8,237.57,237.57,475.14,,,189.1,942.5,Critical
21201,???,General,2.46,147,12.265,19.001,1.549,82.7,168.6,953.9,1122.5,4476.8,4.7,234.66,234.66,469.31,,,168.6,953.9,Critical
20801,Unknown,General,0.99,140,12.264,13.223,1.078,57.5,143.4,1501.8,1645.2,4476.5,3.0,149.04,149.04,298.08,,,143.3,1503.6,High
22584,PACK OF 6 PANETTONE GIFT BOXES,General,2.58,367,12.262,16.688,1.361,72.6,158.5,931.9,1090.3,4475.5,4.8,240.14,240.14,480.27,,,158.4,931.3,High
81952B,Unknown,General,0.19,23,12.261,20.412,1.665,88.8,174.7,3434.9,3609.6,4475.2,1.3,65.14,65.14,130.29,,,174.6,3431.7,Critical
23350,ROLL WRAP VINTAGE SPOT ,General,1.24,459,12.259,14.883,1.214,64.8,150.6,1341.5,1492.1,4474.6,3.3,166.78,166.78,333.56,,,150.6,1343.2,High
22619,SET OF 6 SOLDIER SKITTLES,General,3.83,568,12.259,13.795,1.125,60.0,145.8,764.3,910.2,4474.5,5.9,292.72,292.72,585.43,,,145.8,764.3,High
23272,TREE T-LIGHT HOLDER WILLIE WINKIE,General,1.32,97,12.258,15.322,1.25,66.7,152.5,1301.3,1453.8,4474.1,3.4,171.91,171.91,343.83,,,152.5,1301.8,High
21563,RED HEART SHAPE LOVE BUCKET ,General,2.5,295,12.251,25.126,2.051,109.4,195.1,946.1,1141.2,4471.6,4.7,236.31,236.31,472.62,,,195.2,945.7,Critical
23303,SET 4 PICNIC CUTLERY FONDANT,General,1.96,16,12.25,9.651,0.788,42.0,127.8,1068.5,1196.3,4471.2,4.2,209.23,209.23,418.46,,,127.8,1068.0,Medium
22571,ROCKING HORSE RED CHRISTMAS ,General,0.84,345,12.246,14.964,1.222,65.1,150.9,1627.8,1778.7,4469.9,2.7,137.3,137.3,274.6,,,150.8,1631.2,High
22617,"mouldy, thrown away.",General,4.99,693,12.245,15.003,1.225,65.3,151.0,669.4,820.4,4469.5,6.7,333.86,333.86,667.71,,,151.0,669.2,High
22707,WRAP MONSTER FUN ,General,0.42,98,12.245,11.983,0.979,52.2,137.9,2310.7,2448.6,4469.4,1.9,96.71,96.71,193.42,,,137.9,2306.7,Medium
21802,CHRISTMAS TREE HEART DECORATION,General,0.42,78,12.244,15.551,1.27,67.7,153.4,2308.5,2461.9,4468.9,1.9,96.79,96.79,193.59,,,153.4,2306.5,High
23192,BUNDLE OF 3 ALPHABET EXERCISE BOOKS,General,1.67,485,12.239,13.859,1.132,60.3,146.0,1158.2,1304.2,4467.3,3.9,192.85,192.85,385.7,,,146.0,1156.5,High
22059,CERAMIC STRAWBERRY DESIGN MUG,General,1.12,311,12.238,16.825,1.375,73.2,158.9,1412.7,1571.6,4466.8,3.2,158.1,158.1,316.2,,,158.9,1412.1,High
22732,3D VINTAGE CHRISTMAS STICKERS ,General,1.31,245,12.237,15.411,1.259,67.1,152.7,1305.1,1457.8,4466.4,3.4,171.12,171.12,342.24,,,152.8,1305.7,High
22305,COFFEE MUG PINK PAISLEY DESIGN,General,2.65,119,12.235,22.093,1.806,96.2,181.8,917.2,1099.0,4465.9,4.9,243.44,243.44,486.88,,,181.8,917.9,Critical
22024,Unknown,General,0.42,265,12.234,14.761,1.207,64.2,149.9,2298.0,2447.9,4465.4,1.9,97.16,97.16,194.31,,,149.8,2305.6,High
23256,KIDS CUTLERY SPACEBOY ,General,4.16,565,12.232,12.879,1.053,56.1,141.7,732.6,874.3,4464.6,6.1,304.72,304.72,609.44,,,141.7,732.5,High
22625,Unknown,General,8.4,808,12.231,12.821,1.048,55.8,141.4,515.4,656.8,4464.5,8.7,433.13,433.13,866.26,,,141.4,515.5,High
21845,DAIRY MAID STRIPE MUG,General,1.19,193,12.223,15.163,1.241,66.0,151.6,1370.5,1522.0,4461.3,3.3,162.77,162.77,325.54,,,151.6,1369.1,High
22491,PACK OF 12 COLOURED PENCILS,General,0.86,375,12.221,20.59,1.685,89.6,175.2,1610.8,1786.0,4460.8,2.8,138.47,138.47,276.93,,,175.1,1610.4,Critical
22594,CHRISTMAS GINGHAM TREE,General,0.89,280,12.221,13.412,1.097,58.4,143.9,1583.3,1727.2,4460.8,2.8,140.87,140.87,281.74,,,143.9,1583.1,High
23426,METAL SIGN DROP YOUR PANTS,General,2.83,333,12.216,15.48,1.267,67.4,152.9,887.2,1040.1,4458.9,5.0,251.3,251.3,502.6,,,152.9,887.6,High
21015,DARK BIRD HOUSE TREE DECORATION,General,0.31,152,12.204,13.465,1.103,58.6,144.0,2670.4,2814.4,4454.4,1.7,83.41,83.41,166.81,,,144.0,2680.4,High
23367,SET 12 COLOUR PENCILS SPACEBOY ,General,0.65,405,12.2,14.02,1.149,61.0,146.4,1851.2,1997.6,4453.0,2.4,120.27,120.27,240.55,,,146.4,1850.8,High
90176E,DIAMANTE NECKLACE GREEN,General,7.53,5,12.2,18.047,1.479,78.5,163.9,543.7,707.6,4453.0,8.2,409.51,409.51,819.02,,,163.9,543.8,High
21690,Unknown,General,3.79,16,12.188,12.227,1.003,53.2,138.5,766.6,905.1,4448.4,5.8,290.15,290.15,580.3,,,138.5,766.1,High
21878,PACK OF 6 SANDCASTLE FLAGS ASSORTED,General,0.86,324,12.185,18.16,1.49,79.0,164.3,1608.9,1773.3,4447.6,2.8,138.22,138.22,276.43,,,164.3,1608.0,High
21809,Unknown,General,0.69,158,12.184,22.338,1.833,97.2,182.5,1798.2,1980.7,4447.0,2.5,123.65,123.65,247.3,,,182.5,1795.1,Critical
21933,PINK VINTAGE PAISLEY PICNIC BAG,General,1.89,524,12.181,15.713,1.29,68.4,153.7,1084.3,1238.0,4446.2,4.1,205.02,205.02,410.04,,,153.7,1084.5,High
22082,RIBBON REEL STRIPES DESIGN ,General,1.69,567,12.178,12.291,1.009,53.5,138.7,1148.1,1286.8,4445.0,3.9,193.59,193.59,387.17,,,138.7,1146.8,High
22994,TRAVEL CARD WALLET RETROSPOT,General,0.42,321,12.174,13.826,1.136,60.2,145.4,2299.2,2444.6,4443.7,1.9,96.64,96.64,193.27,,,145.4,2300.0,High
23396,LE JARDIN BOTANIQUE CUSHION COVER,General,3.76,355,12.175,12.079,0.992,52.6,137.8,769.1,906.9,4443.7,5.8,288.9,288.9,577.8,,,137.8,768.7,Medium
40003,Unknown,General,1.19,24,12.167,19.912,1.637,86.7,171.8,1365.3,1537.1,4440.8,3.3,162.64,162.64,325.27,,,171.9,1366.0,Critical
23519,EMBROIDERED RIBBON REEL CLAIRE,General,3.67,36,12.167,15.643,1.286,68.1,153.3,778.3,931.6,4440.8,5.7,285.27,285.27,570.55,,,153.3,777.8,High
22776,SWEETHEART 3 TIER CAKE STAND ,General,9.82,696,12.164,13.187,1.084,57.4,142.5,475.4,617.9,4439.8,9.3,466.98,466.98,933.95,,,142.5,475.5,High
85184C,SET 4 VALENTINE DECOUPAGE HEART BOX,General,2.62,255,12.157,20.953,1.724,91.2,176.3,919.6,1095.9,4437.3,4.8,241.27,241.27,482.54,,,176.3,920.2,Critical
47503A,Unknown,General,0.53,340,12.156,14.669,1.207,63.8,148.9,2038.1,2187.0,4436.9,2.2,108.85,108.85,217.7,,,148.9,2045.9,High
23216,LAUREL HEART ANTIQUE GOLD,General,1.22,110,12.155,16.164,1.33,70.4,155.4,1350.2,1505.6,4436.4,3.3,164.29,164.29,328.58,,,155.5,1348.4,High
22150,3 STRIPEY MICE FELTCRAFT,General,1.95,713,12.154,12.65,1.041,55.1,140.1,1066.0,1206.1,4436.3,4.2,208.08,208.08,416.17,,,140.2,1066.5,High
21430,SET/3 RED GINGHAM ROSE STORAGE BOX,General,3.71,596,12.154,19.686,1.62,85.7,170.8,773.6,944.4,4436.3,5.7,286.73,286.73,573.47,,,170.8,773.2,Critical
20979,36 PENCILS TUBE RED RETROSPOT,General,1.25,425,12.153,15.109,1.243,65.8,150.8,1333.9,1484.8,4435.8,3.3,166.27,166.27,332.54,,,150.9,1332.0,High
23241,TREASURE TIN GYMKHANA DESIGN,General,2.08,549,12.153,12.509,1.029,54.4,139.5,1033.1,1172.6,4435.8,4.3,214.68,214.68,429.37,,,139.5,1032.6,High
22398,MAGNETS PACK OF 4 SWALLOWS,General,0.63,491,12.151,13.515,1.112,58.8,143.9,1881.9,2025.8,4435.0,2.4,117.83,117.83,235.67,,,143.9,1876.1,High
17091J,VANILLA INCENSE IN TIN,General,0.64,221,12.145,14.963,1.232,65.1,150.1,1860.2,2010.3,4432.9,2.4,119.15,119.15,238.3,,,150.1,1861.0,High
22091,EMPIRE TISSUE BOX,General,0.51,274,12.135,24.306,2.003,105.8,190.7,2074.7,2265.5,4429.3,2.1,106.74,106.74,213.49,,,190.7,2083.9,Critical
22980,PANTRY SCRUBBING BRUSH,General,1.66,468,12.135,14.458,1.191,62.9,147.9,1155.9,1303.7,4429.1,3.8,191.59,191.59,383.19,,,147.8,1155.0,High
85172,check,General,0.42,87,12.126,13.418,1.107,58.4,143.3,2289.5,2432.8,4426.1,1.9,96.66,96.66,193.32,,,143.3,2295.5,High
90214W,"LETTER ""W"" BLING KEY RING",General,0.29,8,12.125,8.391,0.692,36.5,121.4,2762.3,2883.7,4425.6,1.6,80.11,80.11,160.21,,,121.4,2762.3,Medium
35958,Unknown,General,0.85,16,12.125,22.054,1.819,96.0,180.9,1609.3,1790.2,4425.6,2.7,137.5,137.5,275.0,,,180.9,1613.5,Critical
22198,Unknown,General,1.62,179,12.123,15.925,1.314,69.3,154.2,1167.8,1322.0,4424.9,3.8,189.45,189.45,378.89,,,154.2,1168.6,High
23340,VINTAGE CHRISTMAS CAKE FRILL,General,1.65,269,12.123,12.906,1.065,56.2,141.0,1159.1,1300.1,4424.8,3.8,190.87,190.87,381.74,,,141.1,1158.0,High
22716,CARD CIRCUS PARADE,General,0.43,389,12.118,12.155,1.003,52.9,137.7,2272.9,2410.6,4423.2,1.9,97.3,97.3,194.6,,,137.7,2267.9,High
20996,JAZZ HEARTS ADDRESS BOOK,General,0.26,364,12.115,15.28,1.261,66.5,151.3,2914.4,3065.7,4422.1,1.5,75.87,75.87,151.73,,,151.3,2916.2,High
20704,MR ROBOT SOFT TOY,General,3.97,62,12.113,14.419,1.19,62.8,147.5,746.3,893.8,4421.2,5.9,296.23,296.23,592.45,,,147.6,746.2,High
23528,WALL ART SPACEBOY,General,3.63,90,12.111,20.313,1.677,88.4,173.2,780.0,953.1,4420.6,5.7,283.38,283.38,566.76,,,173.2,780.3,Critical
22888,NUMBER TILE VINTAGE FONT 9 ,General,1.29,9,12.111,10.446,0.862,45.5,130.2,1310.7,1440.9,4420.6,3.4,168.64,168.64,337.28,,,130.3,1309.0,Medium
21564,PINK  HEART SHAPE LOVE BUCKET ,General,2.5,228,12.11,26.858,2.218,116.9,201.7,939.3,1141.0,4420.0,4.7,235.28,235.28,470.55,,,201.7,940.2,Critical
21821,GLITTER STAR GARLAND WITH BELLS ,General,3.71,66,12.106,14.427,1.192,62.8,147.5,771.6,919.2,4418.7,5.7,286.32,286.32,572.65,,,147.5,771.7,High
17136A,check,General,0.11,66,12.106,14.605,1.206,63.6,148.3,4421.2,4569.5,4418.7,1.0,49.97,49.97,99.94,,,148.3,4481.6,High
21135,wet rusty,General,1.67,338,12.104,32.847,2.714,143.0,227.7,1149.6,1377.3,4417.8,3.8,192.14,192.14,384.28,,,227.7,1150.1,Critical
23328,SET 6 SCHOOL MILK BOTTLES IN CRATE,General,3.7,458,12.103,12.354,1.021,53.8,138.5,772.7,911.2,4417.5,5.7,285.83,285.83,571.66,,,138.5,772.6,High
22749,FELTCRAFT PRINCESS CHARLOTTE DOLL,General,3.76,659,12.102,13.606,1.124,59.2,143.9,766.1,910.0,4417.1,5.8,288.3,288.3,576.6,,,143.9,766.4,High
23373,VINTAGE CHRISTMAS PAPER GIFT BAG,General,0.82,162,12.099,22.795,1.884,99.2,183.9,1644.2,1828.1,4416.0,2.7,134.29,134.29,268.58,,,183.9,1640.9,Critical
84249A,damaged,General,0.42,31,12.097,10.342,0.855,45.0,129.7,2292.7,2422.4,4415.3,1.9,96.29,96.29,192.58,,,129.7,2292.7,Medium
22104,MIRROR MOSAIC CANDLE PLATE,General,1.24,32,12.094,16.772,1.387,73.0,157.7,1333.3,1491.0,4414.2,3.3,165.54,165.54,331.07,,,157.7,1334.1,High
23290,SPACEBOY CHILDRENS BOWL,General,1.24,350,12.086,17.794,1.472,77.4,162.0,1333.2,1495.2,4411.3,3.3,165.45,165.45,330.89,,,162.0,1333.7,High
22711,WRAP CIRCUS PARADE,General,0.42,270,12.085,13.049,1.08,56.8,141.4,2290.6,2432.0,4411.1,1.9,96.29,96.29,192.57,,,141.4,2291.6,High
23399,HOME SWEET HOME HANGING HEART,General,0.85,343,12.085,12.871,1.065,56.0,140.6,1611.0,1751.6,4410.9,2.7,136.9,136.9,273.79,,,140.6,1610.8,High
23038,T-LIGHT HOLDER SILVER SAUCER,General,1.22,24,12.083,11.898,0.985,51.8,136.4,1341.7,1478.1,4410.4,3.3,164.36,164.36,328.72,,,136.4,1344.4,Medium
84596F,SMALL MARSHMALLOWS PINK BOWL,General,0.52,544,12.083,14.534,1.203,63.3,147.8,2054.8,2202.6,4410.2,2.1,107.31,107.31,214.63,,,147.9,2059.3,High
22984,CARD GINGHAM ROSE ,General,0.42,280,12.082,13.813,1.143,60.1,144.7,2280.4,2425.0,4410.0,1.9,96.7,96.7,193.39,,,144.7,2291.3,High
22569,?,General,3.72,528,12.081,18.371,1.521,80.0,164.5,769.5,934.0,4409.7,5.7,286.53,286.53,573.07,,,164.6,769.9,Critical
22668,PINK BABY BUNTING,General,2.95,409,12.078,15.02,1.244,65.4,149.9,864.0,1014.0,4408.6,5.1,255.11,255.11,510.23,,,149.9,864.4,High
21819,check,General,0.49,217,12.06,16.751,1.389,72.9,157.3,2111.6,2268.9,4401.9,2.1,104.23,104.23,208.46,,,157.3,2119.4,High
85066,CREAM SWEETHEART MINI CHEST,General,12.62,705,12.058,12.51,1.037,54.4,138.9,417.5,556.4,4401.2,10.5,527.05,527.05,1054.1,,,138.8,417.6,High
21786,check,General,0.44,209,12.057,18.81,1.56,81.9,166.3,2225.1,2391.4,4401.0,2.0,98.89,98.89,197.79,,,166.3,2236.3,Critical
23538,WALL ART VINTAGE HEART,General,4.81,71,12.056,26.959,2.236,117.3,201.7,676.6,878.4,4400.6,6.5,325.18,325.18,650.36,,,201.7,676.3,Critical
21068,VINTAGE BILLBOARD LOVE/HATE MUG,General,1.22,219,12.055,33.193,2.754,144.5,228.8,1341.4,1570.3,4400.0,3.3,164.0,164.0,328.0,,,228.9,1342.9,Critical
22694,WICKER STAR ,General,2.1,591,12.052,11.906,0.988,51.8,136.2,1024.2,1160.3,4399.1,4.3,214.77,214.77,429.54,,,136.2,1023.4,Medium
22128,sold as set on dotcom,General,1.23,224,12.049,17.091,1.418,74.4,158.7,1334.8,1493.5,4397.9,3.3,164.74,164.74,329.48,,,158.7,1337.1,High
21508,VINTAGE KID DOLLY CARD ,General,0.42,313,12.035,11.813,0.982,51.4,135.7,2286.3,2422.0,4392.8,1.9,96.07,96.07,192.13,,,135.6,2286.8,Medium
23323,WHITE WICKER STAR ,General,2.09,463,12.035,12.426,1.033,54.1,138.3,1024.9,1163.3,4392.6,4.3,214.29,214.29,428.57,,,138.3,1025.1,High
23226,FILIGREE HEART DAISY WHITE,General,1.23,175,12.034,11.919,0.99,51.9,136.1,1333.6,1469.7,4392.5,3.3,164.69,164.69,329.38,,,136.1,1336.3,Medium
84029G,Unknown,General,3.92,559,12.034,12.916,1.073,56.2,140.5,748.4,888.8,4392.4,5.9,293.47,293.47,586.94,,,140.4,748.5,High
84926D,LA PALMIERA TILE COASTER,General,0.68,94,12.032,13.799,1.147,60.1,144.3,1791.0,1935.3,4391.6,2.5,122.6,122.6,245.2,,,144.3,1797.0,High
79063C,"RETRO PILL BOX KEY CHAIN,THE KING",General,0.19,32,12.031,17.835,1.482,77.6,161.8,3424.9,3586.7,4391.4,1.3,64.11,64.11,128.22,,,161.8,3399.5,High
22464,HANGING METAL HEART LANTERN,General,1.49,449,12.029,15.965,1.327,69.5,153.7,1213.8,1367.5,4390.6,3.6,180.87,180.87,361.73,,,153.7,1213.8,High
21623,VINTAGE UNION JACK MEMOBOARD,General,9.79,423,12.024,33.074,2.751,143.9,228.1,473.5,701.7,4388.6,9.3,463.39,463.39,926.77,,,228.1,473.4,Critical
35961,FOLKART ZINC HEART CHRISTMAS DEC,General,0.85,363,12.019,19.398,1.614,84.4,168.6,1606.7,1775.3,4387.0,2.7,136.52,136.52,273.04,,,168.5,1606.4,Critical
22264,FELT FARM ANIMAL WHITE BUNNY ,General,0.61,109,12.018,15.306,1.274,66.6,150.7,1891.8,2042.5,4386.7,2.3,115.94,115.94,231.89,,,150.7,1896.2,High
23534,WALL ART STOP FOR TEA ,General,5.85,415,12.014,17.089,1.422,74.4,158.5,612.0,770.5,4385.3,7.2,358.25,358.25,716.5,,,158.5,612.2,High
22972,CHILDRENS SPACEBOY MUG,General,1.65,334,12.006,13.392,1.115,58.3,142.3,1151.2,1293.5,4382.2,3.8,190.33,190.33,380.66,,,142.3,1152.4,High
23263,SET OF 3 WOODEN HEART DECORATIONS,General,1.29,570,12.005,13.069,1.089,56.9,140.9,1303.4,1444.4,4381.9,3.4,168.09,168.09,336.18,,,140.9,1303.2,High
21988,PACK OF 6 SKULL PAPER PLATES,General,0.84,258,12.004,17.469,1.455,76.0,160.1,1613.3,1773.4,4381.4,2.7,135.79,135.79,271.58,,,160.0,1614.9,High
22196,SMALL HEART MEASURING SPOONS,General,0.86,537,12.0,11.791,0.983,51.3,135.3,1594.9,1730.2,4380.0,2.7,137.31,137.31,274.62,,,135.3,1595.8,Medium
22421,LIPSTICK PEN FUSCHIA,General,0.45,209,12.0,16.111,1.343,70.1,154.1,2194.0,2348.1,4380.0,2.0,99.82,99.82,199.63,,,154.1,2206.1,High
16169N,WRAP BLUE RUSSIAN FOLKART,General,0.42,3,12.0,11.79,0.982,51.3,135.3,2283.5,2418.8,4380.0,1.9,95.91,95.91,191.81,,,135.3,2283.5,Medium
51020B,adjust,General,0.91,35,12.0,16.101,1.342,70.1,154.1,1555.2,1709.3,4380.0,2.8,140.82,140.82,281.63,,,154.1,1551.3,High
90116,FRUIT SALAD BAG CHARM,General,1.71,8,12.0,13.596,1.133,59.2,143.2,1133.3,1276.5,4380.0,3.9,193.23,193.23,386.47,,,143.2,1131.7,High
22093,MOTORING TISSUE BOX,General,0.55,331,11.994,22.415,1.869,97.6,181.5,1995.0,2176.5,4377.8,2.2,109.72,109.72,219.44,,,181.6,1994.9,Critical
23161,REGENCY CAKE FORK,General,1.21,134,11.993,16.315,1.36,71.0,155.0,1342.2,1497.1,4377.3,3.3,163.07,163.07,326.13,,,155.0,1344.9,High
22064,PINK DOUGHNUT TRINKET POT ,General,1.53,321,11.991,17.232,1.437,75.0,158.9,1197.3,1356.2,4376.6,3.7,182.77,182.77,365.54,,,158.9,1195.9,High
23247,BISCUIT TIN 50'S CHRISTMAS,General,2.92,502,11.99,14.403,1.201,62.7,146.6,865.9,1012.5,4376.4,5.1,252.71,252.71,505.43,,,146.6,865.7,High
22774,RED DRAWER KNOB ACRYLIC EDWARDIAN,General,1.25,202,11.99,20.935,1.746,91.1,175.0,1323.5,1498.5,4376.4,3.3,165.33,165.33,330.67,,,175.0,1323.1,Critical
23377,PACK OF 12 DOLLY GIRL TISSUES,General,0.39,140,11.986,14.398,1.201,62.7,146.6,2367.2,2513.7,4374.8,1.8,92.41,92.41,184.81,,,146.6,2368.3,High
21156,RETROSPOT CHILDRENS APRON,General,1.99,488,11.986,14.496,1.209,63.1,147.0,1048.8,1195.8,4374.8,4.2,208.55,208.55,417.11,,,147.0,1048.4,High
23505,PLAYING CARDS I LOVE LONDON ,General,1.24,212,11.976,17.391,1.452,75.7,159.5,1326.3,1485.8,4371.4,3.3,164.8,164.8,329.59,,,159.5,1327.7,High
22779,WOODEN OWLS LIGHT GARLAND ,General,4.17,320,11.966,16.66,1.392,72.5,156.3,724.0,880.2,4367.5,6.0,301.63,301.63,603.26,,,156.3,723.7,High
22530,MAGIC DRAWING SLATE DOLLY GIRL ,General,0.42,358,11.964,12.399,1.036,54.0,137.7,2285.8,2423.5,4366.7,1.9,95.52,95.52,191.04,,,137.7,2280.0,High
82483,crushed,General,6.64,775,11.963,11.296,0.944,49.2,132.9,573.6,706.5,4366.3,7.6,380.62,380.62,761.25,,,132.9,573.4,Medium
23090,missing,General,0.85,280,11.961,15.593,1.304,67.9,151.6,1598.4,1750.0,4365.7,2.7,136.57,136.57,273.13,,,151.6,1602.5,High
22792,damages,General,0.87,277,11.96,13.52,1.13,58.8,142.6,1587.9,1730.4,4365.5,2.7,137.46,137.46,274.93,,,142.5,1584.0,High
21673,Unknown,General,1.31,488,11.959,12.915,1.08,56.2,139.9,1291.4,1431.3,4365.0,3.4,169.0,169.0,338.0,,,139.9,1290.7,High
22964,3 PIECE SPACEBOY COOKIE CUTTER SET,General,2.14,582,11.959,13.551,1.133,59.0,142.7,1010.6,1153.3,4364.9,4.3,215.95,215.95,431.9,,,142.7,1009.9,High
22940,FELTCRAFT CHRISTMAS FAIRY,General,4.3,588,11.954,11.768,0.984,51.2,134.9,712.1,847.0,4363.2,6.1,306.38,306.38,612.77,,,134.9,712.3,Medium
10125,MINI FUNKY DESIGN TAPES,General,0.77,180,11.95,13.338,1.116,58.0,141.7,1680.2,1821.9,4361.8,2.6,129.8,129.8,259.6,,,141.6,1683.0,High
21402,Unknown,General,0.12,119,11.95,13.378,1.12,58.2,141.9,4260.0,4401.9,4361.6,1.0,51.19,51.19,102.38,,,141.8,4263.0,High
21112,SWISS ROLL TOWEL PINK  SPOTS,General,2.75,73,11.945,25.77,2.157,112.2,195.8,889.6,1085.4,4360.0,4.9,245.06,245.06,490.12,,,195.8,890.4,Critical
70006,LOVE HEART POCKET WARMER,General,1.23,159,11.943,17.938,1.502,78.1,161.7,1331.5,1493.2,4359.3,3.3,163.7,163.7,327.39,,,161.7,1331.2,Critical
85131A,BEADED PEARL HEART WHITE ON STICK,General,1.17,59,11.932,20.123,1.686,87.6,171.1,1364.5,1535.7,4355.3,3.2,159.59,159.59,319.17,,,171.1,1364.3,Critical
85016,Unknown,General,1.84,87,11.931,18.894,1.584,82.2,165.7,1087.3,1253.0,4354.8,4.0,200.26,200.26,400.52,,,165.7,1087.8,Critical
35933,Unknown,General,0.38,27,11.926,18.71,1.569,81.4,164.9,2396.7,2561.7,4353.0,1.8,90.81,90.81,181.62,,,164.9,2393.2,Critical
21883,STARS GIFT TAPE ,General,0.57,207,11.923,18.446,1.547,80.3,163.7,1956.3,2120.1,4351.8,2.2,111.22,111.22,222.45,,,163.8,1953.8,Critical
21292,SMALL STRIPES CHOCOLATE GIFT BAG ,General,0.78,63,11.921,16.818,1.411,73.2,156.6,1670.0,1826.6,4351.0,2.6,130.27,130.27,260.54,,,156.6,1670.1,High
22088,Unknown,General,2.9,401,11.92,12.932,1.085,56.3,139.7,866.2,1005.9,4350.9,5.0,251.15,251.15,502.3,,,139.7,866.1,High
23404,check,General,4.79,245,11.918,17.947,1.506,78.1,161.5,673.6,835.2,4350.2,6.5,322.89,322.89,645.78,,,161.5,673.9,Critical
37423,Unknown,General,0.62,12,11.917,14.513,1.218,63.2,146.6,1872.9,2019.5,4349.6,2.3,116.12,116.12,232.24,,,146.6,1872.9,High
23210,WHITE ROCKING HORSE HAND PAINTED,General,1.25,287,11.909,13.711,1.151,59.7,143.0,1319.4,1462.4,4346.9,3.3,164.73,164.73,329.46,,,143.1,1318.6,High
23332,IVORY WICKER HEART LARGE,General,1.65,436,11.908,12.229,1.027,53.2,136.6,1149.2,1285.8,4346.5,3.8,189.11,189.11,378.21,,,136.6,1147.7,High
37413,ICON MUG REVOLUTIONARY,General,0.42,151,11.907,14.746,1.238,64.2,147.5,2272.5,2420.0,4346.2,1.9,95.62,95.62,191.25,,,147.5,2274.7,High
48173C,Unknown,General,7.76,323,11.907,27.251,2.289,118.6,202.0,529.2,731.2,4346.1,8.2,410.6,410.6,821.19,,,201.9,529.2,Critical
21937,found,General,2.93,389,11.902,13.592,1.142,59.2,142.5,861.4,1003.8,4344.3,5.0,252.18,252.18,504.36,,,142.5,861.0,High
84536A,ENGLISH ROSE NOTEBOOK A7 SIZE,General,0.42,442,11.9,13.955,1.173,60.7,144.0,2266.6,2410.7,4343.7,1.9,95.82,95.82,191.64,,,144.0,2274.0,High
22547,MINI JIGSAW DINOSAUR ,General,0.39,140,11.9,15.16,1.274,66.0,149.3,2357.5,2506.7,4343.5,1.8,92.12,92.12,184.25,,,149.3,2359.8,High
21239,PINK  POLKADOT CUP,General,0.84,436,11.894,15.147,1.273,65.9,149.2,1607.1,1756.3,4341.5,2.7,135.07,135.07,270.14,,,149.2,1607.6,High
21881,CUTE CATS TAPE,General,0.66,123,11.894,26.674,2.243,116.1,199.4,1813.8,2013.1,4341.4,2.4,119.68,119.68,239.36,,,199.4,1813.5,Critical
22207,FRYING PAN UNION FLAG,General,4.33,299,11.89,14.316,1.204,62.3,145.5,708.1,853.6,4339.7,6.1,306.44,306.44,612.89,,,145.5,707.9,High
23333,IVORY WICKER HEART MEDIUM,General,1.25,348,11.888,12.969,1.091,56.4,139.7,1319.6,1459.2,4339.1,3.3,164.41,164.41,328.82,,,139.6,1317.4,High
21192,wrongly marked,General,1.62,98,11.888,15.64,1.316,68.1,151.3,1155.7,1306.9,4339.0,3.8,187.73,187.73,375.46,,,151.3,1157.2,High
22444,Unknown,General,1.24,104,11.885,15.241,1.282,66.3,149.5,1323.1,1472.7,4337.9,3.3,163.92,163.92,327.85,,,149.5,1322.6,High
22663,JUMBO BAG DOLLY GIRL DESIGN,General,2.05,585,11.882,14.547,1.224,63.3,146.5,1028.8,1175.3,4336.9,4.2,210.77,210.77,421.54,,,146.5,1028.5,High
23467,VINTAGE ZINC PLANTER  ,General,3.27,8,11.875,11.74,0.989,51.1,134.2,814.6,948.8,4334.4,5.3,266.06,266.06,532.11,,,134.2,814.1,Medium
47421,ASSORTED COLOUR LIZARD SUCTION HOOK,General,0.41,128,11.867,19.557,1.648,85.1,168.2,2296.9,2465.0,4331.5,1.9,94.29,94.29,188.58,,,168.2,2298.3,Critical
23499,SET 12 VINTAGE DOILY CHALK ,General,0.42,209,11.861,14.457,1.219,62.9,145.9,2272.4,2418.4,4329.4,1.9,95.26,95.26,190.52,,,145.9,2270.3,High
84012,MAGIC SHEEP WOOL GROWING FROM PAPER,General,1.1,172,11.855,13.166,1.111,57.3,140.3,1402.1,1542.3,4326.9,3.1,154.31,154.31,308.61,,,140.3,1402.4,High
21503,Unknown,General,0.42,55,11.855,12.055,1.017,52.5,135.4,2271.1,2406.5,4326.9,1.9,95.26,95.26,190.52,,,135.5,2269.6,High
21900,"KEY FOB , SHED",General,0.68,505,11.85,13.913,1.174,60.6,143.5,1788.7,1932.2,4325.1,2.4,120.9,120.9,241.8,,,143.6,1783.3,High
23434,3 RAFFIA RIBBONS 50'S CHRISTMAS ,General,0.85,209,11.847,13.87,1.171,60.4,143.3,1593.0,1736.3,4324.1,2.7,135.72,135.72,271.45,,,143.3,1594.9,High
22097,SWALLOW SQUARE TISSUE BOX,General,0.63,267,11.846,26.733,2.257,116.4,199.3,1849.5,2048.8,4324.0,2.3,116.89,116.89,233.79,,,199.3,1852.5,Critical
22924,sold as set on dotcom,General,0.84,178,11.843,15.866,1.34,69.1,152.0,1601.9,1753.9,4322.6,2.7,134.92,134.92,269.84,,,152.0,1604.0,High
22437,SET OF 9 BLACK SKULL BALLOONS,General,0.84,343,11.843,12.144,1.025,52.9,135.8,1604.4,1740.1,4322.5,2.7,134.71,134.71,269.42,,,135.8,1604.0,High
23109,PACK OF SIX LED TEA LIGHTS,General,2.89,384,11.841,15.258,1.289,66.4,149.3,864.6,1013.9,4322.0,5.0,249.94,249.94,499.89,,,149.3,864.7,High
22900,SET 2 TEA TOWELS I LOVE LONDON ,General,3.12,644,11.839,13.487,1.139,58.7,141.6,831.9,973.5,4321.1,5.2,259.7,259.7,519.4,,,141.6,832.2,High
79051A,SMOKEY GREY COLOUR GLASS,General,0.35,86,11.837,14.227,1.202,61.9,144.8,2485.6,2630.3,4320.6,1.7,86.91,86.91,173.83,,,144.8,2484.4,High
22344,PARTY PIZZA DISH PINK POLKADOT,General,0.43,84,11.833,19.793,1.673,86.1,169.0,2231.8,2400.8,4319.2,1.9,96.76,96.76,193.53,,,168.9,2241.1,Critical
22672,FRENCH BATHROOM SIGN BLUE METAL,General,1.65,359,11.833,12.859,1.087,56.0,138.8,1145.1,1283.9,4319.0,3.8,188.58,188.58,377.16,,,138.8,1144.0,High
23346,SPACEBOY BEAKER,General,1.24,276,11.826,21.006,1.776,91.4,174.2,1316.7,1490.9,4316.5,3.3,163.91,163.91,327.82,,,174.2,1319.3,Critical
85078,missing,General,0.23,153,11.824,10.366,0.877,45.1,127.9,3094.5,3222.4,4315.6,1.4,69.73,69.73,139.46,,,127.9,3063.0,Medium
22466,FAIRY TALE COTTAGE NIGHT LIGHT,General,1.93,303,11.822,28.874,2.442,125.7,208.4,1056.4,1264.8,4315.0,4.1,204.24,204.24,408.47,,,208.5,1057.3,Critical
22436,12 COLOURED PARTY BALLOONS,General,0.65,259,11.819,13.612,1.152,59.2,142.0,1824.3,1966.3,4313.8,2.4,118.23,118.23,236.46,,,141.9,1821.6,High
84226,Unknown,General,0.8,22,11.818,11.762,0.995,51.2,133.9,1643.4,1777.3,4313.6,2.6,131.24,131.24,262.49,,,133.9,1642.0,Medium
22923,sold as set on dotcom,General,0.84,214,11.818,16.437,1.391,71.5,154.3,1603.0,1757.3,4313.5,2.7,134.54,134.54,269.09,,,154.2,1602.4,High
22733,3D TRADITIONAL CHRISTMAS STICKERS,General,1.29,283,11.816,13.968,1.182,60.8,143.5,1291.1,1434.6,4312.9,3.3,167.03,167.03,334.06,,,143.5,1292.9,High
51008,Unknown,General,3.4,64,11.812,31.066,2.63,135.2,217.9,796.6,1014.5,4311.6,5.4,270.63,270.63,541.27,,,217.9,796.3,Critical
22087,Amazon,General,2.89,442,11.812,15.457,1.309,67.3,150.0,864.3,1014.2,4311.5,5.0,249.42,249.42,498.85,,,150.0,863.7,High
20981,12 PENCILS TALL TUBE WOODLAND,General,0.85,398,11.807,11.496,0.974,50.0,132.7,1592.0,1724.7,4309.4,2.7,135.35,135.35,270.69,,,132.6,1592.1,Medium
84997A,CHILDRENS CUTLERY POLKADOT GREEN ,General,4.04,464,11.804,18.61,1.577,81.0,163.6,730.1,893.8,4308.4,5.9,295.04,295.04,590.09,,,163.6,730.2,Critical
23165,LARGE CERAMIC TOP STORAGE JAR,General,1.63,381,11.803,12.53,1.062,54.5,137.2,1150.3,1287.5,4308.1,3.7,187.26,187.26,374.51,,,137.1,1149.6,High
22830,Unknown,General,23.14,20,11.8,21.237,1.8,92.4,175.0,305.1,480.1,4307.0,14.1,705.91,705.91,1411.82,,,175.0,305.1,Critical
22258,FELT FARM ANIMAL RABBIT,General,1.26,55,11.8,15.973,1.354,69.5,152.1,1309.9,1462.0,4307.0,3.3,164.41,164.41,328.81,,,152.1,1307.3,High
22602,RETROSPOT WOODEN HEART DECORATION,General,0.85,310,11.794,13.421,1.138,58.4,141.0,1593.6,1734.6,4304.6,2.7,135.06,135.06,270.12,,,141.0,1591.3,High
23002,TRAVEL CARD WALLET SKULLS,General,0.42,243,11.79,12.748,1.081,55.5,138.0,2259.2,2397.2,4303.4,1.9,95.24,95.24,190.49,,,138.0,2263.4,High
75178,ASSTD COL BUTTERFLY/CRYSTAL W/CHIME,General,1.09,33,11.788,24.278,2.06,105.7,188.2,1407.8,1596.0,4302.6,3.1,152.81,152.81,305.62,,,188.2,1404.9,Critical
22754,SMALL RED BABUSHKA NOTEBOOK ,General,0.65,385,11.784,20.829,1.768,90.7,173.1,1822.8,1995.9,4301.3,2.4,117.99,117.99,235.98,,,173.2,1819.0,Critical
23312,VINTAGE CHRISTMAS GIFT SACK,General,4.14,335,11.782,12.412,1.054,54.0,136.5,720.6,857.1,4300.5,6.0,298.4,298.4,596.81,,,136.5,720.7,High
21870,Unknown,General,1.24,366,11.781,13.582,1.153,59.1,141.6,1315.1,1456.7,4300.2,3.3,163.49,163.49,326.98,,,141.6,1316.8,High
17084P,DRAGONS BLOOD INCENSE,General,0.21,31,11.774,10.125,0.86,44.1,126.5,3191.5,3317.9,4297.6,1.3,67.33,67.33,134.66,,,126.5,3198.8,Medium
79191D,RETRO PLASTIC DAISY TRAY,General,0.84,22,11.773,20.971,1.781,91.3,173.7,1598.4,1772.1,4297.0,2.7,134.41,134.41,268.83,,,173.7,1599.3,Critical
47591D,Unknown,General,1.96,560,11.768,13.959,1.186,60.8,143.1,1047.4,1190.5,4295.3,4.1,205.05,205.05,410.1,,,143.2,1046.8,High
23368,SET 12 COLOUR PENCILS DOLLY GIRL ,General,0.65,320,11.762,13.653,1.161,59.4,141.8,1818.8,1960.5,4293.3,2.4,118.03,118.03,236.05,,,141.7,1817.3,High
22141,CHRISTMAS CRAFT TREE TOP ANGEL,General,2.14,547,11.762,13.72,1.166,59.7,142.0,1002.2,1144.3,4293.3,4.3,214.18,214.18,428.36,,,142.0,1001.6,High
85186C,BUNNY EGG GARLAND,General,0.42,63,11.762,14.86,1.263,64.7,147.0,2256.8,2403.8,4293.1,1.9,95.12,95.12,190.23,,,147.0,2260.7,High
16169K,Unknown,General,0.42,42,11.762,9.864,0.839,42.9,125.3,2254.3,2379.6,4293.1,1.9,95.22,95.22,190.44,,,125.2,2260.7,Medium
20985,HEART CALCULATOR,General,1.3,190,11.758,18.382,1.563,80.0,162.3,1285.7,1448.0,4291.6,3.3,166.9,166.9,333.8,,,162.3,1284.8,Critical
21457,2 PICTURE BOOK EGGS EASTER DUCKS,General,1.26,33,11.758,16.254,1.382,70.7,153.0,1306.2,1459.3,4291.5,3.3,164.27,164.27,328.54,,,153.0,1305.0,High
23168,CLASSIC CAFE SUGAR DISPENSER,General,1.21,360,11.756,13.291,1.131,57.8,140.1,1329.4,1469.6,4290.8,3.2,161.38,161.38,322.75,,,140.1,1331.6,High
22148,EASTER CRAFT 4 CHICKS ,General,1.95,312,11.75,12.563,1.069,54.7,136.9,1049.5,1186.4,4288.8,4.1,204.33,204.33,408.66,,,136.9,1048.7,High
90160C,TURQ+RED BOUDICCA LARGE BRACELET,General,6.92,24,11.75,14.903,1.268,64.9,147.1,556.6,703.7,4288.8,7.7,385.25,385.25,770.5,,,147.2,556.7,High
51014C,"FEATHER PEN,COAL BLACK",General,0.55,231,11.749,18.838,1.603,82.0,164.2,1983.2,2147.4,4288.4,2.2,108.12,108.12,216.24,,,164.2,1974.5,Critical
85173,SET/6 FROG PRINCE T-LIGHT CANDLES,General,2.0,120,11.742,15.724,1.339,68.4,150.6,1034.5,1185.1,4285.7,4.1,207.14,207.14,414.28,,,150.6,1035.1,High
16048,TEATIME ROUND PENCIL SHARPENER ,General,0.15,58,11.741,12.255,1.044,53.3,135.5,3841.9,3977.5,4285.6,1.1,55.77,55.77,111.55,,,135.5,3779.6,High
23515,EMBROIDERED RIBBON REEL DAISY ,General,2.07,136,11.735,17.061,1.454,74.3,156.4,1017.0,1173.4,4283.4,4.2,210.6,210.6,421.19,,,156.4,1017.2,High
21519,check,General,0.42,385,11.735,12.715,1.083,55.3,137.5,2264.1,2401.6,4283.3,1.9,94.59,94.59,189.19,,,137.4,2258.1,High
22098,BOUDOIR SQUARE TISSUE BOX,General,0.7,282,11.734,23.931,2.039,104.2,186.3,1751.2,1937.5,4282.9,2.4,122.29,122.29,244.58,,,186.3,1749.1,Critical
90214P,"LETTER ""P"" BLING KEY RING",General,0.69,26,11.731,13.095,1.116,57.0,139.1,1764.4,1903.5,4281.7,2.4,121.34,121.34,242.67,,,139.1,1761.4,High
21143,Unknown,General,1.95,92,11.728,12.852,1.096,55.9,138.0,1047.6,1185.6,4280.8,4.1,204.32,204.32,408.65,,,138.0,1047.7,High
48184,DOORMAT ENGLISH ROSE ,General,7.75,660,11.723,11.174,0.953,48.6,130.7,525.5,656.2,4278.8,8.1,407.11,407.11,814.23,,,130.7,525.4,Medium
79190B,RETRO PLASTIC POLKA TRAY,General,0.42,111,11.721,12.738,1.087,55.4,137.5,2258.2,2395.7,4278.1,1.9,94.72,94.72,189.45,,,137.4,2256.8,High
23121,PACK OF 6 COCKTAIL PARASOL STRAWS,General,0.42,129,11.721,26.911,2.296,117.1,199.2,2263.0,2462.2,4278.1,1.9,94.52,94.52,189.05,,,199.1,2256.8,Critical
20803,damages,General,0.39,64,11.719,13.871,1.184,60.4,142.4,2327.9,2470.3,4277.3,1.8,91.87,91.87,183.75,,,142.4,2341.7,High
21107,CREAM SLICE FLANNEL PINK SPOT ,General,2.9,128,11.719,22.845,1.949,99.4,181.5,859.4,1040.9,4277.3,5.0,248.85,248.85,497.69,,,181.4,858.8,Critical
16202A,PASTEL PINK PHOTO ALBUM ,General,0.5,7,11.714,11.715,1.0,51.0,133.0,2061.9,2194.9,4275.7,2.1,103.68,103.68,207.37,,,133.0,2067.8,Medium
21084,SET/6 COLLAGE PAPER CUPS,General,0.27,181,11.713,12.337,1.053,53.7,135.7,2839.0,2974.7,4275.1,1.5,75.29,75.29,150.59,,,135.7,2813.7,High
22099,CARAVAN SQUARE TISSUE BOX,General,0.6,249,11.711,24.723,2.111,107.6,189.6,1881.5,2071.0,4274.5,2.3,113.59,113.59,227.19,,,189.6,1887.3,Critical
23173,REGENCY TEAPOT ROSES ,General,9.65,530,11.706,12.677,1.083,55.2,137.1,470.5,607.6,4272.6,9.1,454.02,454.02,908.05,,,137.1,470.5,High
84748,Unknown,General,3.76,17,11.706,15.226,1.301,66.3,148.2,754.0,902.2,4272.6,5.7,283.33,283.33,566.66,,,148.2,753.8,High
79403,FROSTED WHITE BASE ,General,0.86,23,11.696,10.823,0.925,47.1,129.0,1573.0,1702.0,4268.9,2.7,135.69,135.69,271.38,,,129.0,1575.4,Medium
85048,15CM CHRISTMAS GLASS BALL 20 LIGHTS,General,7.79,411,11.693,12.631,1.08,55.0,136.8,523.5,660.3,4268.1,8.2,407.65,407.65,815.3,,,136.9,523.4,High
22943,Unknown,General,4.95,409,11.687,12.866,1.101,56.0,137.8,656.6,794.4,4265.8,6.5,324.84,324.84,649.68,,,137.8,656.4,High
22575,missing?,General,1.94,181,11.685,16.85,1.442,73.3,155.1,1047.5,1202.6,4265.1,4.1,203.58,203.58,407.16,,,155.1,1048.5,High
22690,DOORMAT HOME SWEET HOME BLUE ,General,7.84,546,11.679,18.398,1.575,80.1,161.8,521.5,683.3,4263.0,8.2,408.71,408.71,817.42,,,161.9,521.4,Critical
47599B,BLUE PARTY BAGS ,General,2.07,332,11.678,18.261,1.564,79.5,161.2,1015.1,1176.3,4262.4,4.2,209.94,209.94,419.89,,,161.2,1014.7,Critical
23306,SET OF 36 PANTRY PAPER DOILIES,General,1.48,341,11.674,14.021,1.201,61.0,142.7,1199.2,1342.0,4261.2,3.6,177.66,177.66,355.32,,,142.7,1199.8,High
22997,TRAVEL CARD WALLET UNION JACK,General,0.42,361,11.67,12.643,1.083,55.0,136.7,2251.3,2388.0,4259.7,1.9,94.61,94.61,189.21,,,136.7,2251.9,High
23166,MEDIUM CERAMIC TOP STORAGE JAR,General,1.22,321,11.67,15.506,1.329,67.5,149.2,1320.1,1469.3,4259.5,3.2,161.33,161.33,322.65,,,149.2,1321.2,High
21380,WOODEN HAPPY BIRTHDAY GARLAND,General,2.92,457,11.667,17.708,1.518,77.1,158.7,853.6,1012.3,4258.6,5.0,249.46,249.46,498.92,,,158.8,853.9,Critical
85071B,RED CHARLIE+LOLA PERSONAL DOORSIGN,General,0.69,222,11.667,13.389,1.148,58.3,139.9,1752.9,1892.9,4258.3,2.4,121.46,121.46,242.92,,,140.0,1756.6,High
22804,Wrongly mrked had 85123a in box,General,2.96,651,11.667,13.855,1.188,60.3,142.0,847.7,989.7,4258.3,5.0,251.16,251.16,502.32,,,142.0,848.1,High
79144C,PAINTED LIGHTBULB RAINBOW DESIGN,General,0.42,3,11.667,14.364,1.231,62.5,144.2,2260.5,2404.7,4258.3,1.9,94.19,94.19,188.38,,,144.2,2251.5,High
22999,TRAVEL CARD WALLET VINTAGE LEAF,General,0.42,335,11.666,10.98,0.941,47.8,129.4,2250.1,2379.5,4258.0,1.9,94.62,94.62,189.24,,,129.5,2251.5,Medium
22301,COFFEE MUG CAT + BIRD DESIGN,General,2.5,379,11.665,24.523,2.102,106.7,188.4,923.4,1111.7,4257.7,4.6,230.56,230.56,461.11,,,188.4,922.8,Critical
21705,BAG 500g SWIRLY MARBLES,General,1.25,269,11.658,21.65,1.857,94.2,175.8,1303.5,1479.3,4255.2,3.3,163.22,163.22,326.45,,,175.8,1304.6,Critical
20622,VIP PASSPORT COVER ,General,2.06,38,11.658,17.019,1.46,74.1,155.7,1016.6,1172.3,4255.1,4.2,209.28,209.28,418.55,,,155.7,1016.3,High
22035,taig adjust,General,0.42,210,11.657,11.955,1.026,52.0,133.6,2252.9,2386.6,4254.9,1.9,94.43,94.43,188.86,,,133.6,2250.6,High
85114A,BLACK ENCHANTED FOREST PLACEMAT,General,1.62,122,11.656,17.688,1.518,77.0,158.6,1147.4,1306.0,4254.3,3.7,185.38,185.38,370.77,,,158.6,1145.9,Critical
20750,RED RETROSPOT MINI CASES,General,7.77,623,11.655,13.104,1.124,57.0,138.6,523.3,661.9,4254.0,8.1,406.44,406.44,812.88,,,138.6,523.2,High
22795,Unknown,General,6.67,514,11.654,11.443,0.982,49.8,131.4,564.6,696.0,4253.6,7.5,376.7,376.7,753.4,,,131.4,564.7,Medium
22476,EMPIRE UNION JACK TV DINNER TRAY,General,4.58,215,11.651,41.364,3.55,180.0,261.6,681.4,943.0,4252.7,6.2,312.04,312.04,624.08,,,261.6,681.4,Critical
23536,WALL ART VILLAGE SHOW ,General,5.83,183,11.65,19.347,1.661,84.2,165.8,604.0,769.8,4252.3,7.0,352.01,352.01,704.02,,,165.8,603.9,Critical
22719,Unknown,General,1.13,39,11.641,11.414,0.981,49.7,131.2,1369.1,1500.2,4249.0,3.1,155.18,155.18,310.36,,,131.2,1371.2,Medium
22750,FELTCRAFT PRINCESS LOLA DOLL,General,3.74,656,11.637,12.011,1.032,52.3,133.7,753.1,886.8,4247.6,5.6,282.02,282.02,564.03,,,133.8,753.6,High
23000,TRAVEL CARD WALLET TRANSPORT,General,0.42,321,11.632,13.218,1.136,57.5,139.0,2246.5,2385.5,4245.8,1.9,94.5,94.5,189.0,,,138.9,2248.2,High
23287,RED VINTAGE SPOT BEAKER,General,0.85,292,11.63,13.404,1.152,58.3,139.7,1583.6,1723.4,4245.0,2.7,134.03,134.03,268.05,,,139.7,1580.2,High
84661C,PINK SQUARE TABLE CLOCK,General,0.79,16,11.625,14.32,1.232,62.3,143.7,1638.8,1782.5,4243.1,2.6,129.46,129.46,258.92,,,143.7,1638.8,High
21907,Unknown,General,2.12,593,11.624,13.205,1.136,57.5,138.8,1000.4,1139.2,4242.7,4.2,212.06,212.06,424.12,,,138.9,1000.3,High
23542,WALL ART 70'S ALPHABET ,General,8.04,140,11.621,15.127,1.302,65.8,147.2,513.7,660.9,4241.8,8.3,412.89,412.89,825.78,,,147.1,513.6,High
23176,ABC TREASURE BOOK BOX ,General,2.24,338,11.621,21.307,1.833,92.7,174.1,973.8,1147.9,4241.8,4.4,217.79,217.79,435.57,,,174.0,973.1,Critical
84817,DANISH ROSE DECORATIVE PLATE,General,1.37,150,11.62,16.975,1.461,73.9,155.2,1243.8,1399.0,4241.3,3.4,170.5,170.5,341.0,,,155.2,1244.2,High
22847,Unknown,General,16.44,587,11.612,12.04,1.037,52.4,133.7,359.0,492.7,4238.2,11.8,590.26,590.26,1180.52,,,133.7,359.0,High
22503,CABIN BAG VINTAGE PAISLEY,General,28.9,23,11.609,14.926,1.286,65.0,146.2,270.7,417.0,4237.2,15.6,782.5,782.5,1565.0,,,146.3,270.8,High
22465,HANGING METAL STAR LANTERN,General,1.39,331,11.604,15.465,1.333,67.3,148.5,1233.7,1382.3,4235.5,3.4,171.65,171.65,343.31,,,148.5,1234.3,High
22078,Unknown,General,2.09,303,11.597,16.017,1.381,69.7,150.9,1006.4,1157.2,4233.0,4.2,210.32,210.32,420.63,,,150.9,1006.3,High
22725,ALARM CLOCK BAKELIKE CHOCOLATE,General,3.74,564,11.59,12.496,1.078,54.4,135.5,751.9,887.5,4230.5,5.6,281.3,281.3,562.61,,,135.5,752.0,High
84917,Unknown,General,4.38,17,11.588,9.906,0.855,43.1,124.2,694.6,818.9,4229.7,6.1,304.45,304.45,608.91,,,124.2,694.9,Medium
23571,TRADITIONAL NAUGHTS & CROSSES,General,1.65,355,11.586,13.828,1.194,60.2,141.3,1131.1,1272.4,4228.9,3.7,186.93,186.93,373.86,,,141.3,1132.0,High
47422,ASSORTED MONKEY SUCTION CUP HOOK,General,0.41,111,11.586,15.801,1.364,68.8,149.9,2258.9,2408.8,4228.7,1.9,93.6,93.6,187.2,,,149.9,2270.9,High
22377,BOTTLE BAG RETROSPOT ,General,1.83,217,11.585,15.502,1.338,67.5,148.6,1073.9,1222.5,4228.6,3.9,196.88,196.88,393.76,,,148.6,1074.9,High
20982,12 PENCILS TALL TUBE SKULLS,General,0.85,424,11.583,12.066,1.042,52.5,133.6,1577.7,1711.3,4227.6,2.7,133.98,133.98,267.97,,,133.6,1577.0,High
23380,PACK OF 12 DOILEY TISSUES,General,0.39,225,11.582,11.61,1.002,50.5,131.6,2325.9,2457.5,4227.5,1.8,90.88,90.88,181.76,,,131.6,2328.1,High
16016,LARGE CHINESE STYLE SCISSOR,General,0.85,158,11.582,20.066,1.732,87.3,168.4,1581.5,1749.9,4227.5,2.7,133.65,133.65,267.31,,,168.4,1576.9,Critical
82552,WASHROOM METAL SIGN,General,1.46,573,11.579,13.121,1.133,57.1,138.2,1203.0,1341.2,4226.5,3.5,175.66,175.66,351.32,,,138.2,1203.1,High
21874,GIN AND TONIC MUG,General,1.36,350,11.577,24.783,2.141,107.9,188.9,1245.4,1434.3,4225.7,3.4,169.65,169.65,339.29,,,188.9,1246.4,Critical
21070,VINTAGE BILLBOARD MUG ,General,1.31,150,11.573,36.278,3.135,157.9,238.9,1270.1,1509.0,4224.3,3.3,166.3,166.3,332.6,,,238.9,1269.8,Critical
90142D,MOP PENDANT SHELL NECKLACE,General,4.89,7,11.571,6.828,0.59,29.7,110.7,657.2,767.9,4223.6,6.4,321.35,321.35,642.7,,,110.7,657.2,Medium
21318,Unknown,General,0.82,103,11.563,15.774,1.364,68.7,149.6,1605.8,1755.4,4220.5,2.6,131.42,131.42,262.83,,,149.6,1604.2,High
23433,HANGING QUILTED PATCHWORK APPLES,General,0.83,178,11.562,13.158,1.138,57.3,138.2,1596.5,1734.7,4220.1,2.6,132.16,132.16,264.33,,,138.2,1594.4,High
47021G,Unknown,General,0.74,41,11.561,12.347,1.068,53.7,134.7,1687.4,1822.1,4219.8,2.5,125.03,125.03,250.07,,,134.6,1688.6,High
22772,PINK DRAWER KNOB ACRYLIC EDWARDIAN,General,1.25,344,11.561,16.738,1.448,72.8,153.8,1301.0,1454.7,4219.8,3.2,162.18,162.18,324.36,,,153.7,1299.2,High
23196,VINTAGE LEAF MAGNETIC NOTEPAD,General,1.44,369,11.561,13.048,1.129,56.8,137.7,1211.6,1349.3,4219.8,3.5,174.14,174.14,348.28,,,137.7,1210.5,High
23004,TRAVEL CARD WALLET PANTRY,General,0.43,238,11.559,11.908,1.03,51.8,132.7,2218.3,2351.0,4219.0,1.9,95.1,95.1,190.19,,,132.7,2214.9,High
22134,MINI LADLE LOVE HEART RED ,General,0.43,113,11.558,28.052,2.427,122.1,203.0,2202.9,2405.9,4218.5,1.9,95.75,95.75,191.5,,,203.0,2214.8,Critical
90214Z,"LETTER ""Z"" BLING KEY RING",General,0.29,9,11.556,15.125,1.309,65.8,146.7,2696.7,2843.4,4217.8,1.6,78.2,78.2,156.41,,,146.7,2696.7,High
84534B,Unknown,General,0.84,18,11.556,8.893,0.77,38.7,119.6,1580.8,1700.4,4217.8,2.7,133.4,133.4,266.81,,,119.6,1584.5,Medium
22751,FELTCRAFT PRINCESS OLIVIA DOLL,General,3.78,501,11.549,15.603,1.351,67.9,148.8,746.7,895.5,4215.3,5.6,282.25,282.25,564.5,,,148.7,746.7,High
23359,SET OF 12 T-LIGHTS VINTAGE DOILY,General,1.92,135,11.548,12.501,1.082,54.4,135.2,1047.4,1182.6,4215.1,4.0,201.22,201.22,402.44,,,135.2,1047.7,High
21218,RED SPOTTY BISCUIT TIN,General,3.7,427,11.548,13.641,1.181,59.4,140.2,754.5,894.7,4215.0,5.6,279.34,279.34,558.68,,,140.2,754.7,High
23270,incorrect stock entry.,General,1.44,244,11.545,16.369,1.418,71.2,152.1,1208.8,1360.8,4214.0,3.5,174.31,174.31,348.61,,,152.0,1209.6,High
21533,RETROSPOT LARGE MILK JUG,General,4.87,590,11.544,12.537,1.086,54.6,135.4,657.6,793.0,4213.6,6.4,320.36,320.36,640.72,,,135.4,657.7,High
21932,SCANDINAVIAN PAISLEY PICNIC BAG,General,1.9,580,11.538,14.887,1.29,64.8,145.6,1053.9,1199.5,4211.3,4.0,199.79,199.79,399.58,,,145.6,1052.7,High
79030G,Water damaged,General,0.52,108,11.537,16.255,1.409,70.7,151.5,2018.9,2170.4,4211.0,2.1,104.29,104.29,208.58,,,151.5,2012.2,High
23229,DONKEY TAIL GAME ,General,3.79,409,11.535,12.808,1.11,55.7,136.5,745.3,881.8,4210.4,5.6,282.48,282.48,564.95,,,136.4,745.3,High
23211,RED ROCKING HORSE HAND PAINTED,General,1.24,186,11.532,15.108,1.31,65.8,146.5,1304.4,1450.8,4209.3,3.2,161.35,161.35,322.71,,,146.5,1302.8,High
21484,Unknown,General,3.89,518,11.527,11.952,1.037,52.0,132.7,735.6,868.3,4207.4,5.7,286.0,286.0,572.0,,,132.7,735.4,High
21535,RED RETROSPOT SMALL MILK JUG,General,2.53,503,11.525,16.491,1.431,71.8,152.4,912.3,1064.7,4206.6,4.6,230.56,230.56,461.12,,,152.5,911.8,High
21524,DOORMAT SPOTTY HOME SWEET HOME,General,7.98,656,11.52,12.508,1.086,54.4,135.1,513.2,648.2,4204.7,8.2,409.69,409.69,819.39,,,135.0,513.3,High
22922,sold as set on dotcom,General,0.87,183,11.519,14.12,1.226,61.5,142.1,1550.4,1692.5,4204.5,2.7,135.59,135.59,271.18,,,142.1,1554.5,High
23194,GYMKHANA TREASURE BOOK BOX,General,2.23,377,11.507,21.186,1.841,92.2,172.8,969.5,1142.2,4199.9,4.3,216.61,216.61,433.22,,,172.7,970.4,Critical
23389,SPACEBOY MINI RUCKSACK,General,4.15,324,11.506,12.86,1.118,56.0,136.5,711.7,848.3,4199.8,5.9,295.03,295.03,590.06,,,136.5,711.3,High
22335,HEART DECORATION PAINTED ZINC ,General,0.66,259,11.506,20.183,1.754,87.8,168.4,1785.5,1953.9,4199.6,2.4,117.6,117.6,235.2,,,168.3,1783.7,Critical
23158,SET OF 5 LUCKY CAT MAGNETS ,General,2.13,350,11.506,11.368,0.988,49.5,130.0,993.6,1123.6,4199.6,4.2,211.34,211.34,422.68,,,130.0,992.9,Medium
23101,SILVER STARS TABLE DECORATION,General,0.83,311,11.502,13.403,1.165,58.3,138.8,1594.3,1733.2,4198.1,2.6,131.66,131.66,263.31,,,138.8,1590.3,High
90084,Unknown,General,0.83,4,11.5,17.711,1.54,77.1,157.6,1592.6,1750.1,4197.5,2.6,131.78,131.78,263.57,,,157.6,1590.2,Critical
35818B,adjustment,General,0.37,4,11.5,8.185,0.712,35.6,116.1,2389.7,2505.9,4197.5,1.8,87.82,87.82,175.65,,,116.1,2381.7,Medium
23032,damages,General,1.64,307,11.498,13.191,1.147,57.4,137.9,1130.5,1268.4,4196.9,3.7,185.62,185.62,371.25,,,137.9,1131.2,High
22460,EMBOSSED GLASS TEALIGHT HOLDER,General,1.3,374,11.497,13.062,1.136,56.9,137.3,1268.9,1406.3,4196.5,3.3,165.36,165.36,330.71,,,137.4,1270.4,High
84832,ZINC WILLIE WINKIE  CANDLE STICK,General,0.86,407,11.489,12.34,1.074,53.7,134.1,1564.2,1698.3,4193.5,2.7,134.05,134.05,268.1,,,134.1,1561.4,High
72817,Unknown,General,0.93,160,11.488,13.36,1.163,58.1,138.6,1503.0,1641.6,4192.9,2.8,139.49,139.49,278.97,,,138.5,1501.4,High
23022,SMALL BONNE JAM JAR  T-LIGHT HOLDER,General,2.03,39,11.487,13.822,1.203,60.2,140.6,1016.3,1156.9,4192.8,4.1,206.28,206.28,412.56,,,140.6,1016.2,High
23408,PHOTO FRAME LINEN AND LACE SMALL,General,2.09,117,11.487,12.681,1.104,55.2,135.6,1002.6,1138.2,4192.8,4.2,209.09,209.09,418.18,,,135.6,1001.5,High
21983,PACK OF 12 BLUE PAISLEY TISSUES ,General,0.35,230,11.487,12.338,1.074,53.7,134.1,2444.9,2579.0,4192.7,1.7,85.74,85.74,171.49,,,134.1,2447.4,High
47590A,BLUE HAPPY BIRTHDAY BUNTING,General,5.42,611,11.486,12.443,1.083,54.2,134.6,622.1,756.6,4192.4,6.7,336.96,336.96,673.92,,,134.6,621.9,High
35598B,BLACK CHRISTMAS TREE 60CM,General,1.65,56,11.482,15.083,1.314,65.6,146.0,1127.8,1273.8,4191.0,3.7,185.8,185.8,371.61,,,146.0,1126.9,High
21824,check,General,0.73,164,11.482,14.316,1.247,62.3,142.7,1693.5,1836.1,4190.8,2.5,123.74,123.74,247.47,,,142.7,1694.2,High
23190,BUNDLE OF 3 SCHOOL EXERCISE BOOKS  ,General,1.67,271,11.48,13.217,1.151,57.5,137.9,1121.7,1259.6,4190.1,3.7,186.78,186.78,373.56,,,137.9,1120.1,High
23375,50'S CHRISTMAS PAPER GIFT BAG,General,0.82,140,11.479,20.405,1.778,88.8,169.2,1602.6,1771.7,4189.7,2.6,130.72,130.72,261.44,,,169.2,1598.3,Critical
21109,wet,General,3.38,134,11.478,15.627,1.361,68.0,148.4,787.0,935.4,4189.3,5.3,266.14,266.14,532.28,,,148.3,787.2,High
16238,PARTY TIME PENCIL ERASERS,General,0.23,169,11.473,11.143,0.971,48.5,128.8,3022.7,3151.5,4187.8,1.4,69.27,69.27,138.54,,,128.8,3017.3,Medium
22531,MAGIC DRAWING SLATE CIRCUS PARADE  ,General,0.42,340,11.474,13.716,1.195,59.7,140.0,2231.1,2371.1,4187.8,1.9,93.85,93.85,187.7,,,140.0,2232.8,High
23358,HOT STUFF HOT WATER BOTTLE,General,3.02,141,11.468,11.605,1.012,50.5,130.8,831.9,962.7,4185.9,5.0,251.59,251.59,503.18,,,130.8,832.5,High
20754,Found,General,2.08,459,11.46,14.135,1.233,61.5,141.7,1002.6,1144.4,4182.8,4.2,208.59,208.59,417.18,,,141.7,1002.7,High
21284,RETROSPOT CANDLE  SMALL,General,0.76,74,11.459,14.384,1.255,62.6,142.8,1659.7,1802.6,4182.7,2.5,126.01,126.01,252.01,,,142.8,1658.8,High
85178,VICTORIAN SEWING KIT,General,1.26,179,11.458,13.731,1.198,59.8,140.0,1286.0,1426.0,4182.2,3.3,162.6,162.6,325.2,,,140.0,1288.3,High
21892,TRADITIONAL WOODEN CATCH CUP GAME ,General,1.28,562,11.456,12.163,1.062,52.9,133.1,1276.6,1409.7,4181.3,3.3,163.77,163.77,327.53,,,133.1,1278.0,High
23108,SET OF 10 LED DOLLY LIGHTS,General,6.12,563,11.453,11.858,1.035,51.6,131.8,584.5,716.3,4180.3,7.2,357.59,357.59,715.17,,,131.8,584.4,High
21155,RED RETROSPOT PEG BAG,General,2.48,620,11.448,15.216,1.329,66.2,146.4,917.7,1064.1,4178.7,4.6,227.66,227.66,455.33,,,146.3,917.9,High
15056BL,EDWARDIAN PARASOL BLACK,General,5.9,537,11.441,14.723,1.287,64.1,144.2,595.0,739.2,4176.1,7.0,350.92,350.92,701.84,,,144.2,594.9,High
22535,MAGIC DRAWING SLATE BUNNIES ,General,0.42,237,11.439,15.672,1.37,68.2,148.3,2242.3,2390.6,4175.2,1.9,93.1,93.1,186.2,,,148.3,2229.5,High
21724,PANDA AND BUNNIES STICKER SHEET,General,0.85,121,11.438,15.408,1.347,67.1,147.1,1569.5,1716.6,4174.9,2.7,133.0,133.0,266.01,,,147.2,1567.1,High
40001,check,General,0.82,87,11.437,18.231,1.594,79.3,159.4,1592.4,1751.8,4174.4,2.6,131.08,131.08,262.15,,,159.4,1595.4,Critical
22306,SILVER MUG BONE CHINA TREE OF LIFE,General,1.18,186,11.435,10.522,0.92,45.8,125.8,1329.9,1455.7,4174.0,3.1,156.93,156.93,313.86,,,125.8,1329.9,Medium
72819,CUPID DESIGN SCENTED CANDLES,General,1.96,85,11.435,12.209,1.068,53.1,133.2,1030.6,1163.8,4173.9,4.0,202.5,202.5,404.99,,,133.1,1031.9,High
22340,NOEL GARLAND PAINTED ZINC ,General,0.44,122,11.434,12.716,1.112,55.3,135.4,2186.6,2322.0,4173.6,1.9,95.43,95.43,190.87,,,135.3,2177.8,High
21078,Unknown,General,0.85,426,11.434,12.56,1.098,54.7,134.7,1568.9,1703.6,4173.5,2.7,133.01,133.01,266.02,,,134.7,1566.8,High
23186,FRENCH STYLE STORAGE JAR CAFE ,General,0.39,169,11.432,14.362,1.256,62.5,142.5,2323.3,2465.8,4172.7,1.8,89.8,89.8,179.6,,,142.5,2312.9,High
23555,LANDMARK FRAME NOTTING HILL ,General,12.52,56,11.429,17.971,1.572,78.2,158.2,408.1,566.4,4171.4,10.2,511.02,511.02,1022.05,,,158.2,408.2,Critical
82578,KITCHEN METAL SIGN,General,0.56,392,11.429,18.503,1.619,80.5,160.5,1929.5,2090.0,4171.4,2.2,108.1,108.1,216.2,,,160.5,1929.9,Critical
22435,?missing,General,1.25,435,11.428,13.156,1.151,57.3,137.3,1289.9,1427.2,4171.1,3.2,161.68,161.68,323.36,,,137.3,1291.7,High
20977,Unknown,General,1.25,308,11.422,14.091,1.234,61.3,141.3,1291.2,1432.5,4169.1,3.2,161.44,161.44,322.89,,,141.3,1291.4,High
22918,HERB MARKER PARSLEY,General,0.65,392,11.421,14.306,1.253,62.3,142.2,1792.1,1934.3,4168.6,2.3,116.31,116.31,232.62,,,142.2,1790.7,High
79190A,RETRO PLASTIC 70'S TRAY,General,0.42,112,11.42,12.743,1.116,55.5,135.4,2226.1,2361.5,4168.2,1.9,93.62,93.62,187.24,,,135.4,2227.6,High
21190,Unknown,General,1.61,34,11.412,19.041,1.669,82.9,162.8,1138.1,1300.8,4165.3,3.7,183.0,183.0,365.99,,,162.8,1137.4,Critical
22645,CERAMIC HEART FAIRY CAKE MONEY BANK,General,1.3,461,11.41,13.588,1.191,59.1,139.0,1265.5,1404.5,4164.6,3.3,164.55,164.55,329.09,,,139.0,1265.6,High
22811,SET OF 6 T-LIGHTS CACTI ,General,2.66,125,11.408,15.957,1.399,69.4,149.3,885.3,1034.6,4163.9,4.7,235.18,235.18,470.36,,,149.3,884.7,High
22311,OFFICE MUG WARMER BLACK+SILVER ,General,2.97,211,11.408,20.956,1.837,91.2,171.1,837.5,1008.6,4163.8,5.0,248.58,248.58,497.17,,,171.1,837.2,Critical
23280,FOLDING MIRROR HOT PINK ,General,0.84,287,11.408,18.369,1.61,79.9,159.8,1572.5,1732.3,4163.8,2.6,132.39,132.39,264.78,,,159.8,1574.3,Critical
22193,RED DINER WALL CLOCK,General,8.54,727,11.399,11.556,1.014,50.3,130.1,493.5,623.6,4160.6,8.4,421.57,421.57,843.14,,,130.1,493.6,High
20966,Unknown,General,1.25,128,11.398,20.084,1.762,87.4,167.2,1292.5,1459.7,4160.4,3.2,160.94,160.94,321.88,,,167.2,1290.0,Critical
22259,FELT FARM ANIMAL HEN,General,1.12,31,11.387,13.994,1.229,60.9,140.6,1360.6,1501.2,4156.3,3.1,152.74,152.74,305.48,,,140.6,1362.2,High
22600,CHRISTMAS RETROSPOT STAR WOOD,General,0.9,283,11.385,13.024,1.144,56.7,136.4,1519.2,1655.6,4155.6,2.7,136.77,136.77,273.53,,,136.4,1519.4,High
84596J,Unknown,General,0.48,74,11.378,14.137,1.242,61.5,141.2,2073.7,2214.8,4153.1,2.0,100.14,100.14,200.28,,,141.1,2079.9,High
21770,OPEN CLOSED METAL SIGN,General,4.92,557,11.377,12.857,1.13,56.0,135.6,649.6,785.2,4152.6,6.4,319.64,319.64,639.28,,,135.6,649.6,High
22757,LARGE RED BABUSHKA NOTEBOOK ,General,0.94,268,11.377,15.902,1.398,69.2,148.8,1486.2,1635.1,4152.6,2.8,139.7,139.7,279.4,,,148.8,1486.2,High
23292,SPACEBOY CHILDRENS CUP,General,1.28,322,11.376,17.549,1.543,76.4,156.0,1275.2,1431.2,4152.2,3.3,162.8,162.8,325.61,,,156.0,1273.6,Critical
20836,FRENCH PAISLEY CUSHION COVER,General,0.83,40,11.375,15.297,1.345,66.6,146.2,1577.5,1723.7,4151.9,2.6,131.59,131.59,263.19,,,146.2,1581.5,High
22169,FAMILY ALBUM WHITE PICTURE FRAME,General,8.28,524,11.374,13.052,1.148,56.8,136.4,500.6,637.0,4151.5,8.3,414.66,414.66,829.32,,,136.4,500.7,High
22488,NATURAL SLATE RECTANGLE CHALKBOARD,General,1.65,576,11.373,11.962,1.052,52.1,131.7,1120.9,1252.6,4151.2,3.7,185.18,185.18,370.36,,,131.7,1121.6,High
22956,36 FOIL HEART CAKE CASES,General,1.96,415,11.366,13.932,1.226,60.6,140.2,1028.5,1168.7,4148.7,4.0,201.68,201.68,403.36,,,140.2,1028.8,High
22548,adjustment,General,1.26,369,11.363,16.055,1.413,69.9,149.4,1284.2,1433.7,4147.5,3.2,161.48,161.48,322.96,,,149.4,1282.9,High
22390,PAPERWEIGHT CHILDHOOD MEMORIES,General,2.24,86,11.36,14.947,1.316,65.1,144.6,963.1,1107.7,4146.6,4.3,215.27,215.27,430.54,,,144.6,962.1,High
35599B,BLACK CHRISTMAS TREE 120CM,General,2.89,39,11.359,12.721,1.12,55.4,134.9,847.2,982.1,4146.0,4.9,244.69,244.69,489.38,,,134.9,846.9,High
21635,Unknown,General,2.14,37,11.351,23.195,2.043,101.0,180.4,983.0,1163.4,4143.2,4.2,210.74,210.74,421.48,,,180.5,983.9,Critical
23154,SET OF 4 JAM JAR MAGNETS,General,2.07,429,11.35,13.729,1.21,59.8,139.2,999.6,1138.8,4142.6,4.1,207.21,207.21,414.41,,,139.2,1000.3,High
22906,12 MESSAGE CARDS WITH ENVELOPES,General,1.63,401,11.349,13.288,1.171,57.8,137.3,1125.7,1262.9,4142.4,3.7,184.0,184.0,368.0,,,137.2,1127.2,High
22752,SET 7 BABUSHKA NESTING BOXES,General,8.17,544,11.347,13.537,1.193,58.9,138.3,503.6,642.0,4141.8,8.2,411.21,411.21,822.42,,,138.3,503.5,High
23302,KNEELING MAT HOUSEWORK  DESIGN,General,1.48,334,11.344,18.716,1.65,81.5,160.9,1182.2,1343.0,4140.7,3.5,175.13,175.13,350.26,,,160.9,1182.7,Critical
22051,?,General,0.42,71,11.338,12.288,1.084,53.5,132.8,2218.2,2351.0,4138.4,1.9,93.28,93.28,186.57,,,132.9,2219.6,High
22066,LOVE HEART TRINKET POT,General,0.66,265,11.336,14.799,1.306,64.4,143.8,1767.9,1911.7,4137.6,2.3,117.02,117.02,234.03,,,143.8,1770.5,High
90209A,PURPLE ENAMEL+GLASS HAIR COMB,General,2.14,6,11.333,14.334,1.265,62.4,141.7,983.1,1124.8,4136.7,4.2,210.39,210.39,420.77,,,141.7,983.1,High
21882,SKULLS TAPE,General,0.52,86,11.326,16.619,1.467,72.3,151.6,1997.3,2148.9,4133.8,2.1,103.49,103.49,206.98,,,151.6,1993.7,High
20956,check,General,1.25,145,11.324,13.938,1.231,60.7,139.9,1284.5,1424.5,4133.3,3.2,160.89,160.89,321.77,,,140.0,1285.8,High
21164,HOME SWEET HOME METAL SIGN ,General,2.93,506,11.324,13.315,1.176,57.9,137.2,839.2,976.4,4133.3,4.9,246.26,246.26,492.52,,,137.2,839.8,High
23530,"WALL ART,ONLY ONE PERSON ",General,4.7,162,11.321,16.629,1.469,72.4,151.6,662.9,814.5,4132.2,6.2,311.66,311.66,623.33,,,151.6,663.0,High
22095,LADS ONLY TISSUE BOX,General,0.73,225,11.32,21.445,1.894,93.3,172.6,1683.1,1855.6,4131.8,2.5,122.75,122.75,245.49,,,172.5,1682.3,Critical
79164,Unknown,General,0.93,47,11.319,9.666,0.854,42.1,121.3,1492.9,1614.2,4131.5,2.8,138.37,138.37,276.73,,,121.3,1490.4,Medium
22593,CHRISTMAS GINGHAM STAR,General,0.88,299,11.311,14.326,1.267,62.4,141.5,1528.4,1669.9,4128.5,2.7,135.06,135.06,270.13,,,141.6,1531.6,High
47504K,Unknown,General,1.13,312,11.304,12.79,1.131,55.7,134.8,1350.3,1485.1,4126.1,3.1,152.79,152.79,305.58,,,134.8,1351.2,High
23281,FOLDING MIRROR RED  ,General,0.82,191,11.304,16.008,1.416,69.7,148.8,1586.7,1735.5,4125.8,2.6,130.02,130.02,260.03,,,148.8,1586.1,High
21035,SET/2 RED RETROSPOT TEA TOWELS ,General,3.21,483,11.298,16.944,1.5,73.7,152.8,801.3,954.1,4123.8,5.1,257.33,257.33,514.65,,,152.8,801.5,High
21807,Unknown,General,0.42,54,11.296,14.633,1.295,63.7,142.8,2216.4,2359.2,4123.1,1.9,93.01,93.01,186.03,,,142.8,2215.5,High
23175,Unknown,General,3.19,413,11.295,13.356,1.182,58.1,137.2,803.7,940.9,4122.8,5.1,256.49,256.49,512.99,,,137.2,803.9,High
84987,SET OF 36 TEATIME PAPER DOILIES,General,1.48,417,11.295,15.989,1.416,69.6,148.7,1181.6,1330.2,4122.7,3.5,174.45,174.45,348.91,,,148.7,1180.2,High
35818P,"ACRYLIC JEWEL ICICLE, PINK",General,0.38,34,11.294,11.221,0.994,48.8,127.9,2328.1,2456.0,4122.4,1.8,88.54,88.54,177.07,,,127.9,2329.0,Medium
22576,check,General,0.88,252,11.29,12.194,1.08,53.1,132.1,1531.0,1663.1,4120.7,2.7,134.58,134.58,269.16,,,132.1,1530.1,High
16207A,Unknown,General,2.93,7,11.286,8.538,0.757,37.2,116.2,838.2,954.4,4119.3,4.9,245.72,245.72,491.43,,,116.2,838.4,Medium
90152A,SILVER/NAT SHELL NECKLACE W PENDANT,General,5.98,7,11.286,20.734,1.837,90.2,169.2,586.9,756.2,4119.3,7.0,350.91,350.91,701.82,,,169.2,586.9,Critical
21369,MIRRORED WALL ART SPLODGES,General,1.61,46,11.283,14.251,1.263,62.0,141.0,1132.0,1273.0,4118.2,3.6,181.89,181.89,363.78,,,141.0,1130.9,High
79191C,RETRO PLASTIC ELEPHANT TRAY,General,0.85,125,11.28,15.028,1.332,65.4,144.4,1560.4,1704.7,4117.2,2.6,131.93,131.93,263.86,,,144.4,1556.2,High
90209C,Unknown,General,2.06,36,11.278,10.713,0.95,46.6,125.6,999.8,1125.3,4116.4,4.1,205.87,205.87,411.73,,,125.5,999.6,Medium
22295,HEART FILIGREE DOVE LARGE,General,1.68,441,11.277,16.103,1.428,70.1,149.0,1107.0,1256.0,4116.0,3.7,185.91,185.91,371.82,,,149.0,1106.8,High
22191,IVORY DINER WALL CLOCK,General,8.49,628,11.275,17.833,1.582,77.6,156.5,492.3,648.9,4115.5,8.4,417.97,417.97,835.94,,,156.5,492.3,Critical
22647,CERAMIC LOVE HEART MONEY BANK,General,0.75,84,11.274,12.547,1.113,54.6,133.5,1658.9,1792.4,4114.9,2.5,124.03,124.03,248.06,,,133.5,1656.3,High
23345, DOLLY GIRL BEAKER,General,1.24,283,11.265,19.85,1.762,86.4,165.2,1285.8,1451.1,4111.7,3.2,159.89,159.89,319.77,,,165.3,1287.6,Critical
21441,BLUE BIRDHOUSE DECORATION,General,0.66,87,11.264,11.586,1.029,50.4,129.3,1769.6,1898.9,4111.5,2.3,116.17,116.17,232.34,,,129.2,1764.9,High
20829,GLITTER HANGING BUTTERFLY STRING,General,2.17,313,11.262,18.831,1.672,82.0,160.8,973.3,1134.1,4110.6,4.2,211.17,211.17,422.33,,,160.8,973.2,Critical
72812,LARGE ZINC GLASS CANDLEHOLDER,General,3.11,23,11.261,13.798,1.225,60.1,138.9,813.0,951.9,4110.2,5.1,252.78,252.78,505.55,,,138.9,812.9,High
23249,ENAMEL DINNER PLATE PANTRY,General,1.64,128,11.258,11.96,1.062,52.1,130.9,1119.9,1250.8,4109.1,3.7,183.46,183.46,366.92,,,130.9,1119.3,High
22572,??,General,0.85,238,11.256,13.023,1.157,56.7,135.5,1558.0,1693.4,4108.6,2.6,131.86,131.86,263.71,,,135.5,1554.6,High
23264,SET OF 3 WOODEN SLEIGH DECORATIONS,General,1.31,410,11.256,12.865,1.143,56.0,134.8,1249.9,1384.7,4108.5,3.3,164.36,164.36,328.71,,,134.8,1252.2,High
22745,POPPY'S PLAYHOUSE BEDROOM ,General,2.11,597,11.253,11.618,1.032,50.6,129.3,987.2,1116.5,4107.3,4.2,208.03,208.03,416.06,,,129.4,986.6,High
22399,MAGNETS PACK OF 4 CHILDHOOD MEMORY,General,1.24,179,11.251,14.294,1.27,62.2,141.0,1284.3,1425.3,4106.8,3.2,159.88,159.88,319.76,,,141.0,1286.8,High
47566B,reverse previous adjustment,General,4.85,607,11.249,12.042,1.071,52.4,131.2,650.8,782.0,4105.8,6.3,315.42,315.42,630.85,,,131.1,650.6,High
22736,RIBBON REEL MAKING SNOWMEN ,General,1.71,316,11.247,12.191,1.084,53.1,131.8,1094.4,1226.2,4105.1,3.8,187.55,187.55,375.1,,,131.8,1095.6,High
20969,RED FLORAL FELTCRAFT SHOULDER BAG,General,3.83,497,11.243,13.643,1.213,59.4,138.1,732.3,870.4,4103.9,5.6,280.21,280.21,560.41,,,138.1,732.0,High
85064,Unknown,General,5.36,70,11.243,20.021,1.781,87.1,165.8,618.5,784.4,4103.6,6.6,331.73,331.73,663.45,,,165.8,618.7,Critical
22971,QUEENS GUARD COFFEE MUG,General,2.53,370,11.241,12.634,1.124,55.0,133.7,899.7,1033.4,4102.8,4.6,228.0,228.0,455.99,,,133.7,900.5,High
22130,sold as set on dotcom,General,0.85,204,11.24,13.409,1.193,58.4,137.0,1556.4,1693.4,4102.7,2.6,131.8,131.8,263.6,,,137.1,1553.5,High
23681,LUNCH BAG RED VINTAGE DOILY,General,1.64,191,11.236,14.261,1.269,62.1,140.7,1116.6,1257.3,4101.0,3.7,183.64,183.64,367.28,,,140.8,1118.2,High
84632,DECORATIVE HANGING SHELVING UNIT,General,59.83,17,11.235,12.681,1.129,55.2,133.8,185.1,319.0,4100.9,22.2,1107.64,1107.64,2215.28,,,133.8,185.1,High
22195,LARGE HEART MEASURING SPOONS,General,1.7,519,11.233,11.469,1.021,49.9,128.5,1098.1,1226.6,4100.1,3.7,186.7,186.7,373.4,,,128.5,1098.1,High
84665,water damaged,General,5.95,43,11.233,14.955,1.331,65.1,143.7,586.9,730.6,4099.9,7.0,349.31,349.31,698.61,,,143.7,587.0,High
23048,SET OF 10 LANTERNS FAIRY LIGHT STAR,General,4.14,190,11.232,17.775,1.583,77.4,156.0,703.3,859.3,4099.5,5.8,291.45,291.45,582.91,,,156.0,703.6,Critical
23212,PAINTED HEART WREATH WITH BELL,General,1.24,248,11.226,12.505,1.114,54.4,133.0,1284.7,1417.7,4097.4,3.2,159.47,159.47,318.94,,,133.0,1285.4,High
22837,Unknown,General,4.63,325,11.222,13.434,1.197,58.5,137.0,665.4,802.4,4095.9,6.2,307.79,307.79,615.59,,,137.1,665.1,High
20978,36 PENCILS TUBE SKULLS,General,1.25,355,11.22,12.805,1.141,55.7,134.3,1281.7,1415.9,4095.2,3.2,159.76,159.76,319.52,,,134.2,1279.9,High
84971S,SMALL HEART FLOWERS HOOK ,General,0.82,250,11.216,12.578,1.121,54.7,133.3,1575.6,1708.8,4093.8,2.6,129.92,129.92,259.84,,,133.2,1579.9,High
22881,NUMBER TILE VINTAGE FONT 2,General,1.54,19,11.211,11.998,1.07,52.2,130.7,1153.5,1284.1,4091.8,3.5,177.37,177.37,354.75,,,130.7,1152.6,High
23266,SET OF 3 WOODEN STOCKING DECORATION,General,1.31,393,11.206,11.583,1.034,50.4,128.9,1249.2,1378.0,4090.2,3.3,163.72,163.72,327.44,,,128.8,1249.5,High
23561,SET OF 6 RIBBONS PARTY,General,2.83,44,11.205,11.798,1.053,51.3,129.8,849.5,979.3,4089.7,4.8,240.7,240.7,481.4,,,129.7,850.0,High
22979,PANTRY WASHING UP BRUSH,General,1.48,548,11.203,12.317,1.099,53.6,132.0,1176.2,1308.2,4088.9,3.5,173.82,173.82,347.65,,,132.0,1175.3,High
85036C,check,General,2.85,134,11.201,19.846,1.772,86.4,164.8,846.7,1011.5,4088.5,4.8,241.43,241.43,482.85,,,164.8,846.9,Critical
17084J,LOVE POTION MASALA INCENSE,General,0.21,10,11.2,8.257,0.737,35.9,114.3,3150.0,3264.3,4088.0,1.3,64.89,64.89,129.78,,,114.3,3119.8,Medium
23222,CHRISTMAS TREE HANGING GOLD,General,0.91,143,11.196,11.608,1.037,50.5,128.9,1496.3,1625.2,4086.5,2.7,136.55,136.55,273.1,,,128.9,1498.4,High
23080,RED METAL BOX TOP SECRET,General,8.37,440,11.195,13.271,1.185,57.8,136.1,494.1,630.2,4086.3,8.3,413.55,413.55,827.09,,,136.2,494.1,High
79030D,Unknown,General,0.48,83,11.193,12.268,1.096,53.4,131.7,2054.7,2186.4,4085.4,2.0,99.42,99.42,198.83,,,131.8,2062.9,High
21901,"KEY FOB , BACK DOOR ",General,0.67,460,11.189,11.789,1.054,51.3,129.6,1745.9,1875.5,4084.0,2.3,116.96,116.96,233.92,,,129.6,1745.8,High
22897,OVEN MITT APPLES DESIGN,General,1.52,349,11.186,13.418,1.2,58.4,136.7,1157.0,1293.7,4083.0,3.5,176.44,176.44,352.88,,,136.7,1158.9,High
21880,RED RETROSPOT TAPE,General,0.59,221,11.186,11.415,1.021,49.7,128.0,1866.8,1994.8,4082.7,2.2,109.35,109.35,218.7,,,128.0,1860.1,High
79337,Unknown,General,0.59,38,11.184,16.316,1.459,71.0,149.3,1856.3,2005.6,4082.2,2.2,109.96,109.96,219.91,,,149.3,1860.0,High
22044,Unknown,General,0.26,93,11.183,15.561,1.392,67.7,146.0,2810.8,2956.8,4081.7,1.5,72.61,72.61,145.21,,,146.0,2801.7,High
90125A,PINK BERTIE GLASS BEAD BAG CHARM,General,0.86,11,11.182,13.022,1.165,56.7,134.9,1543.7,1678.6,4081.4,2.6,132.2,132.2,264.39,,,135.0,1540.4,High
23508,MINI PLAYING CARDS DOLLY GIRL ,General,0.42,221,11.181,13.804,1.235,60.1,138.3,2202.7,2341.0,4081.1,1.9,92.64,92.64,185.28,,,138.4,2204.2,High
22805,BLUE DRAWER KNOB ACRYLIC EDWARDIAN,General,1.25,272,11.18,14.892,1.332,64.8,143.1,1277.5,1420.5,4080.8,3.2,159.72,159.72,319.44,,,143.1,1277.6,High
21061,PARTY INVITES FOOTBALL,General,0.85,134,11.179,12.633,1.13,55.0,133.2,1551.3,1684.5,4080.4,2.6,131.52,131.52,263.04,,,133.3,1549.3,High
22686,FRENCH BLUE METAL DOOR SIGN No,General,1.23,175,11.177,16.912,1.513,73.6,151.8,1288.5,1440.4,4079.7,3.2,158.31,158.31,316.61,,,151.8,1287.8,Critical
21014,check,General,0.47,164,11.177,11.703,1.047,50.9,129.2,2088.1,2217.3,4079.5,2.0,97.68,97.68,195.37,,,129.1,2083.2,High
22079,RIBBON REEL HEARTS DESIGN ,General,1.69,346,11.173,14.314,1.281,62.3,140.5,1098.2,1238.7,4078.3,3.7,185.69,185.69,371.37,,,140.5,1098.5,High
21955,DOORMAT UNION JACK GUNS AND ROSES,General,7.75,353,11.173,21.514,1.926,93.6,171.8,512.8,684.6,4078.1,8.0,397.64,397.64,795.29,,,171.8,512.9,Critical
90164B,Unknown,General,1.91,6,11.167,9.579,0.858,41.7,119.9,1034.3,1154.2,4075.8,3.9,197.03,197.03,394.07,,,119.9,1032.9,Medium
85094,CANDY SPOT EGG WARMER RABBIT,General,0.29,54,11.167,14.384,1.288,62.6,140.8,2648.4,2789.1,4075.8,1.5,76.95,76.95,153.9,,,140.8,2650.9,High
23695,DOILY THANK YOU CARD,General,0.42,97,11.165,13.834,1.239,60.2,138.4,2209.4,2347.7,4075.2,1.8,92.23,92.23,184.45,,,138.4,2202.6,High
22692,DOORMAT WELCOME TO OUR HOME,General,7.91,613,11.163,11.136,0.998,48.5,126.6,507.5,634.1,4074.5,8.0,401.44,401.44,802.87,,,126.6,507.5,Medium
23288,check,General,0.84,246,11.159,13.719,1.229,59.7,137.8,1556.1,1693.9,4072.9,2.6,130.87,130.87,261.74,,,137.8,1557.0,High
48188,DOORMAT WELCOME PUPPIES,General,7.84,461,11.158,23.415,2.098,101.9,180.0,509.8,689.8,4072.8,8.0,399.46,399.46,798.92,,,180.0,509.7,Critical
84821,DANISH ROSE DELUXE COASTER,General,0.57,95,11.158,16.152,1.448,70.3,148.4,1898.0,2046.4,4072.6,2.1,107.29,107.29,214.58,,,148.4,1890.1,High
21209,MULTICOLOUR HONEYCOMB FAN,General,0.69,142,11.155,16.613,1.489,72.3,150.4,1721.1,1871.5,4071.5,2.4,118.28,118.28,236.56,,,150.4,1717.7,High
85019A,ROMANTIC IMAGES NOTEBOOK SET,General,2.15,62,11.145,16.05,1.44,69.9,147.9,973.2,1121.1,4068.0,4.2,208.99,208.99,417.99,,,147.9,972.6,High
22812,Unknown,General,2.08,305,11.144,13.306,1.194,57.9,135.9,988.0,1123.9,4067.7,4.1,205.85,205.85,411.7,,,135.9,988.8,High
17084A,TRANQUILITY MASALA INCENSE,General,0.21,14,11.143,9.189,0.825,40.0,118.0,3101.3,3219.3,4067.1,1.3,65.57,65.57,131.14,,,118.0,3111.8,Medium
84596G,Unknown,General,0.53,344,11.142,13.114,1.177,57.1,135.1,1951.0,2086.1,4067.0,2.1,104.23,104.23,208.46,,,135.1,1958.8,High
22519,Unknown,General,2.08,106,11.142,13.201,1.185,57.5,135.4,987.8,1123.3,4066.7,4.1,205.84,205.84,411.67,,,135.5,988.7,High
22052,Unknown,General,0.42,78,11.141,10.386,0.932,45.2,123.2,2197.9,2321.1,4066.5,1.9,92.51,92.51,185.02,,,123.2,2200.2,Medium
23388,WOODLAND MINI RUCKSACK ,General,4.14,210,11.138,13.76,1.235,59.9,137.9,700.9,838.8,4065.4,5.8,289.99,289.99,579.99,,,137.9,700.7,High
21974,Unknown,General,1.49,464,11.138,11.308,1.015,49.2,127.2,1167.4,1294.6,4065.3,3.5,174.12,174.12,348.23,,,127.2,1168.0,High
22285,HANGING HEN ON NEST DECORATION,General,1.65,192,11.135,10.899,0.979,47.4,125.4,1109.9,1235.3,4064.4,3.7,183.09,183.09,366.19,,,125.3,1109.8,Medium
21591,check,General,1.25,304,11.132,10.995,0.988,47.9,125.8,1276.4,1402.2,4063.0,3.2,159.16,159.16,318.32,,,125.8,1274.8,Medium
23566,EGG CUP MILKMAID HEIDI,General,1.23,77,11.13,17.808,1.6,77.5,155.4,1283.2,1438.6,4062.4,3.2,158.29,158.29,316.59,,,155.4,1285.1,Critical
22814,CARD PARTY GAMES ,General,0.41,166,11.127,15.603,1.402,67.9,145.8,2212.9,2358.7,4061.2,1.8,91.76,91.76,183.52,,,145.8,2225.5,High
22581,WOOD STOCKING CHRISTMAS SCANDISPOT,General,0.66,214,11.126,11.881,1.068,51.7,129.6,1757.1,1886.7,4061.1,2.3,115.56,115.56,231.13,,,129.6,1754.0,High
21844,RED RETROSPOT MUG,General,2.91,304,11.125,17.149,1.541,74.6,152.5,835.3,987.8,4060.6,4.9,243.07,243.07,486.14,,,152.5,835.3,Critical
23526,WALL ART DOG LICENCE ,General,5.77,258,11.124,18.252,1.641,79.4,157.3,593.0,750.3,4060.3,6.8,342.33,342.33,684.66,,,157.3,593.2,Critical
84030E,ENGLISH ROSE HOT WATER BOTTLE,General,4.2,557,11.124,11.184,1.005,48.7,126.5,695.2,821.7,4060.2,5.8,292.02,292.02,584.04,,,126.6,695.2,High
85227,SET OF 6 3D KIT CARDS FOR KIDS,General,0.84,277,11.119,13.65,1.228,59.4,137.2,1550.3,1687.5,4058.5,2.6,130.89,130.89,261.79,,,137.2,1554.3,High
22321,BIRD DECORATION RED RETROSPOT,General,0.85,136,11.118,13.793,1.241,60.0,137.9,1545.8,1683.6,4057.9,2.6,131.26,131.26,262.52,,,137.8,1545.0,High
21316,Unknown,General,0.79,34,11.118,16.367,1.472,71.2,149.1,1602.9,1752.0,4057.9,2.5,126.58,126.58,253.16,,,149.0,1602.6,High
21397,damaged,General,0.54,68,11.118,10.836,0.975,47.2,125.0,1945.0,2070.0,4057.9,2.1,104.32,104.32,208.63,,,125.0,1938.4,Medium
85071C,"CHARLIE+LOLA""EXTREMELY BUSY"" SIGN",General,0.92,158,11.114,13.918,1.252,60.6,138.4,1487.9,1626.2,4056.6,2.7,136.32,136.32,272.64,,,138.4,1484.8,High
22938,CUPCAKE LACE PAPER SET 6,General,1.94,396,11.111,13.071,1.176,56.9,134.7,1021.8,1156.5,4055.6,4.0,198.45,198.45,396.9,,,134.7,1022.4,High
22739,RIBBON REEL CHRISTMAS SOCK BAUBLE,General,1.72,409,11.105,9.592,0.864,41.7,119.5,1085.7,1205.2,4053.4,3.7,186.67,186.67,373.34,,,119.4,1085.5,Medium
21215,IVORY PAPER CUP CAKE CASES ,General,0.54,124,11.105,13.873,1.249,60.4,138.1,1930.5,2068.6,4053.3,2.1,104.98,104.98,209.96,,,138.1,1937.3,High
21902,"KEY FOB , FRONT  DOOR ",General,0.66,319,11.1,11.641,1.049,50.7,128.4,1746.0,1874.4,4051.6,2.3,116.03,116.03,232.05,,,128.4,1752.0,High
21390,FILIGRIS HEART WITH BUTTERFLY,General,1.25,304,11.099,11.587,1.044,50.4,128.1,1274.1,1402.3,4051.0,3.2,158.97,158.97,317.94,,,128.1,1272.9,High
21129,SILVER FISHING GNOME ,General,7.66,31,11.097,11.777,1.061,51.3,128.9,514.2,643.2,4050.3,7.9,393.83,393.83,787.65,,,129.0,514.2,High
23085,ANTIQUE SILVER BAUBLE LAMP  ,General,10.04,147,11.095,13.187,1.189,57.4,135.1,449.1,584.2,4049.8,9.0,450.84,450.84,901.69,,,135.1,449.1,High
35819P,"ACRYLIC HANGING JEWEL,PINK",General,0.38,21,11.095,10.663,0.961,46.4,124.1,2314.2,2438.3,4049.8,1.7,87.5,87.5,175.0,,,124.1,2308.4,Medium
23352,ROLL WRAP 50'S RED CHRISTMAS ,General,1.25,278,11.094,10.748,0.969,46.8,124.4,1272.6,1397.0,4049.1,3.2,159.09,159.09,318.18,,,124.5,1272.7,Medium
90201B,BLACK ENAMEL FLOWER RING,General,2.94,11,11.091,8.961,0.808,39.0,116.6,830.1,946.8,4048.2,4.9,243.83,243.83,487.66,,,116.6,829.7,Medium
22851,SET 20 NAPKINS FAIRY CAKES DESIGN ,General,0.87,523,11.088,12.8,1.154,55.7,133.3,1525.3,1658.7,4047.1,2.7,132.66,132.66,265.33,,,133.3,1525.1,High
22755,SMALL PURPLE BABUSHKA NOTEBOOK ,General,0.71,417,11.084,15.084,1.361,65.7,143.2,1693.4,1836.6,4045.6,2.4,119.45,119.45,238.91,,,143.3,1687.9,High
22033,Unknown,General,0.42,24,11.083,8.059,0.727,35.1,112.7,2191.3,2303.9,4045.4,1.8,92.31,92.31,184.61,,,112.7,2194.5,Medium
22975,SPACEBOY CHILDRENS EGG CUP,General,1.27,276,11.083,12.114,1.093,52.7,130.3,1261.7,1392.0,4045.4,3.2,160.31,160.31,320.63,,,130.3,1262.0,High
22936,BAKING MOULD ROSE WHITE CHOCOLATE,General,3.18,73,11.082,12.859,1.16,56.0,133.5,797.1,930.7,4045.0,5.1,253.72,253.72,507.45,,,133.6,797.5,High
23524,WALL ART HORSE & PONY ,General,3.66,158,11.082,17.11,1.544,74.5,152.0,743.4,895.4,4045.0,5.4,272.07,272.07,544.14,,,152.1,743.4,Critical
22507,MEMO BOARD RETROSPOT  DESIGN,General,4.92,614,11.081,16.076,1.451,70.0,147.5,641.1,788.7,4044.7,6.3,315.43,315.43,630.87,,,147.6,641.1,High
20983,12 PENCILS TALL TUBE RED RETROSPOT,General,0.85,432,11.081,12.023,1.085,52.3,129.9,1543.9,1673.8,4044.6,2.6,130.98,130.98,261.97,,,129.9,1542.5,High
22096,PINK PAISLEY SQUARE TISSUE BOX ,General,0.55,211,11.081,17.312,1.562,75.3,152.9,1912.1,2065.0,4044.4,2.1,105.76,105.76,211.52,,,152.9,1917.5,Critical
22738,RIBBON REEL SNOWY VILLAGE,General,1.68,402,11.08,12.851,1.16,55.9,133.5,1098.1,1231.6,4044.1,3.7,184.13,184.13,368.26,,,133.5,1097.1,High
20963,APPLE BATH SPONGE,General,1.31,275,11.076,13.261,1.197,57.7,135.3,1242.4,1377.6,4042.9,3.3,162.71,162.71,325.42,,,135.2,1242.2,High
23431,NATURAL HANGING QUILTED HEARTS ,General,0.82,114,11.07,11.752,1.062,51.1,128.6,1568.3,1696.9,4040.6,2.6,128.82,128.82,257.64,,,128.6,1569.6,High
90087,CRYSTAL SEA HORSE PHONE CHARM,General,0.41,15,11.067,11.529,1.042,50.2,127.6,2210.5,2338.1,4039.3,1.8,91.37,91.37,182.73,,,127.7,2219.5,High
84247G,"DECOUPAGE,GREETING CARD,",General,0.42,78,11.064,9.41,0.851,41.0,118.4,2186.2,2304.6,4038.4,1.8,92.36,92.36,184.72,,,118.4,2192.6,Medium
22731,3D CHRISTMAS STAMPS STICKERS ,General,1.33,226,11.058,10.496,0.949,45.7,123.1,1233.2,1356.3,4036.0,3.3,163.64,163.64,327.27,,,123.1,1231.8,Medium
22378,WALL TIDY RETROSPOT ,General,1.9,229,11.057,15.556,1.407,67.7,145.1,1031.5,1176.6,4035.7,3.9,195.62,195.62,391.24,,,145.1,1030.5,High
35607B,thrown away,General,0.19,19,11.053,7.814,0.707,34.0,111.4,3267.3,3378.7,4034.2,1.2,61.74,61.74,123.47,,,111.4,3258.3,Medium
21588,RETROSPOT GIANT TUBE MATCHES,General,2.52,251,11.052,23.389,2.116,101.8,179.2,894.4,1073.6,4033.9,4.5,225.5,225.5,451.01,,,179.2,894.6,Critical
21888,Amazon,General,3.8,443,11.05,13.296,1.203,57.9,135.2,728.0,863.3,4033.1,5.5,276.98,276.98,553.97,,,135.2,728.5,High
22543,MINI JIGSAW BAKE A CAKE ,General,0.35,126,11.048,13.414,1.214,58.4,135.7,2383.3,2519.0,4032.4,1.7,84.6,84.6,169.19,,,135.7,2400.1,High
21992,check,General,1.58,329,11.046,12.844,1.163,55.9,133.2,1129.8,1263.0,4031.6,3.6,178.43,178.43,356.85,,,133.2,1129.5,High
20674,GREEN POLKADOT BOWL,General,1.25,397,11.045,12.851,1.163,55.9,133.2,1269.9,1403.2,4031.5,3.2,158.73,158.73,317.46,,,133.2,1269.9,High
23197,VEGETABLE MAGNETIC  SHOPPING LIST,General,1.54,316,11.041,12.593,1.141,54.8,132.1,1145.0,1277.1,4030.0,3.5,175.98,175.98,351.95,,,132.1,1143.9,High
22185,SLATE TILE NATURAL HANGING,General,1.44,290,11.031,14.461,1.311,62.9,140.2,1181.3,1321.5,4026.3,3.4,170.41,170.41,340.83,,,140.1,1182.4,High
51014L,"FEATHER PEN,LIGHT PINK",General,0.51,196,11.031,12.029,1.091,52.4,129.6,1977.9,2107.5,4026.2,2.0,101.78,101.78,203.55,,,129.6,1986.8,High
22919,HERB MARKER MINT,General,0.65,397,11.03,12.782,1.159,55.6,132.8,1758.4,1891.3,4026.0,2.3,114.48,114.48,228.95,,,132.8,1759.8,High
22266,EASTER DECORATION HANGING BUNNY,General,0.44,167,11.03,13.992,1.269,60.9,138.1,2135.6,2273.7,4025.9,1.9,94.26,94.26,188.51,,,138.1,2138.9,High
79190D,RETRO PLASTIC DAISY TRAY,General,0.42,78,11.026,12.282,1.114,53.5,130.6,2188.5,2319.1,4024.4,1.8,91.94,91.94,183.89,,,130.7,2188.8,High
21306,SET/4 DAISY MIRROR MAGNETS,General,0.72,85,11.024,11.809,1.071,51.4,128.6,1675.3,1803.8,4023.6,2.4,120.09,120.09,240.17,,,128.6,1671.6,High
22892,check,General,1.24,425,11.021,11.038,1.002,48.0,125.2,1271.7,1396.9,4022.7,3.2,158.16,158.16,316.32,,,125.1,1273.6,High
21899,GARAGE KEY FOB,General,0.67,447,11.02,12.753,1.157,55.5,132.6,1735.2,1867.9,4022.3,2.3,115.9,115.9,231.81,,,132.6,1732.5,High
21666,RIDGED GLASS T-LIGHT HOLDER,General,0.65,109,11.018,13.211,1.199,57.5,134.6,1759.4,1894.0,4021.7,2.3,114.29,114.29,228.59,,,134.6,1758.9,High
23535,WALL ART BICYCLE SAFETY,General,5.82,435,11.016,15.415,1.399,67.1,144.2,587.7,731.9,4020.9,6.8,342.07,342.07,684.14,,,144.2,587.7,High
22567,Unknown,General,1.34,401,11.015,13.813,1.254,60.1,137.2,1224.4,1361.6,4020.5,3.3,164.19,164.19,328.38,,,137.2,1224.8,High
21700,check,General,0.85,182,11.011,12.593,1.144,54.8,131.9,1537.1,1669.0,4019.0,2.6,130.73,130.73,261.47,,,131.9,1537.6,High
85062,PEARL CRYSTAL PUMPKIN T-LIGHT HLDR,General,1.68,271,11.011,11.379,1.033,49.5,126.6,1094.7,1221.3,4019.0,3.7,183.56,183.56,367.12,,,126.6,1093.7,High
22949,SET OF 36 DOLLY GIRL PAPER DOILIES,General,1.45,178,11.006,14.482,1.316,63.0,140.1,1176.5,1316.5,4017.1,3.4,170.73,170.73,341.45,,,140.0,1176.9,High
22746,POPPY'S PLAYHOUSE LIVINGROOM ,General,2.1,516,11.002,11.192,1.017,48.7,125.7,978.8,1104.5,4015.7,4.1,205.13,205.13,410.27,,,125.7,977.8,High
22288,HANGING METAL RABBIT DECORATION,General,1.25,79,11.0,11.421,1.038,49.7,126.7,1266.9,1393.6,4015.0,3.2,158.46,158.46,316.91,,,126.7,1267.3,High
22289,HANGING METAL CHICKEN DECORATION,General,1.24,35,11.0,13.392,1.217,58.3,135.3,1272.4,1407.7,4015.0,3.2,157.78,157.78,315.55,,,135.3,1272.4,High
23018,LARGE APOTHECARY MEASURING JAR ,General,12.49,30,11.0,14.786,1.344,64.4,141.4,400.8,542.2,4015.0,10.0,500.82,500.82,1001.65,,,141.4,400.9,High
21817,check,General,0.52,133,11.0,13.296,1.209,57.9,134.9,1972.8,2107.7,4015.0,2.0,101.76,101.76,203.52,,,134.9,1964.8,High
90125C,TURQUOISE BERTIE GLASS BEAD CHARM,General,0.86,5,11.0,20.688,1.881,90.0,167.0,1527.8,1694.9,4015.0,2.6,131.39,131.39,262.79,,,167.0,1527.8,Critical
23119,PACK OF 6 LARGE FRUIT STRAWS ,General,0.65,188,10.995,22.023,2.003,95.9,172.8,1752.5,1925.4,4013.1,2.3,114.49,114.49,228.98,,,172.9,1757.0,Critical
85014B,RED RETROSPOT UMBRELLA,General,6.04,527,10.989,13.471,1.226,58.6,135.5,576.1,711.6,4010.8,7.0,348.13,348.13,696.26,,,135.5,576.2,High
21934,SKULL SHOULDER BAG,General,1.64,311,10.987,12.252,1.115,53.3,130.2,1104.5,1234.8,4010.3,3.6,181.54,181.54,363.08,,,130.2,1105.7,High
21411,GINGHAM HEART  DOORSTOP RED,General,3.65,461,10.983,12.377,1.127,53.9,130.7,740.8,871.5,4008.7,5.4,270.57,270.57,541.14,,,130.8,741.0,High
85230F,Unknown,General,0.28,57,10.982,11.775,1.072,51.2,128.1,2676.5,2804.6,4008.6,1.5,74.89,74.89,149.77,,,128.1,2675.5,High
85019B,check,General,1.67,43,10.977,9.08,0.827,39.5,116.4,1094.2,1210.5,4006.5,3.7,183.08,183.08,366.17,,,116.3,1095.2,Medium
37448,CERAMIC CAKE DESIGN SPOTTED MUG,General,1.48,285,10.972,13.228,1.206,57.6,134.4,1164.7,1299.0,4004.8,3.4,171.93,171.93,343.86,,,134.4,1163.2,High
22268,check,General,0.55,197,10.97,13.842,1.262,60.2,137.0,1911.3,2048.4,4003.9,2.1,104.74,104.74,209.48,,,137.0,1907.9,High
21618,Unknown,General,1.97,110,10.964,12.81,1.168,55.8,132.5,1007.0,1139.5,4001.7,4.0,198.69,198.69,397.37,,,132.5,1007.8,High
21640,ASSORTED TUTTI FRUTTI  FOB NOTEBOOK,General,0.85,109,10.963,15.052,1.373,65.5,142.3,1537.2,1679.4,4001.6,2.6,130.16,130.16,260.32,,,142.2,1534.2,High
22603,CHRISTMAS RETROSPOT TREE WOOD,General,0.89,271,10.963,14.309,1.305,62.3,139.0,1499.1,1638.1,4001.5,2.7,133.47,133.47,266.93,,,139.0,1499.3,High
23469,CARD HOLDER LOVE BIRD SMALL,General,4.16,107,10.963,11.438,1.043,49.8,126.5,693.4,819.9,4001.4,5.8,288.55,288.55,577.1,,,126.5,693.5,High
85116,BLACK CANDELABRA T-LIGHT HOLDER,General,1.33,105,10.962,15.709,1.433,68.4,145.1,1224.7,1369.8,4001.1,3.3,163.35,163.35,326.7,,,145.1,1226.4,High
84006,MAGIC TREE -PAPER FLOWERS,General,0.85,176,10.949,11.257,1.028,49.0,125.6,1531.0,1656.7,3996.3,2.6,130.51,130.51,261.02,,,125.6,1533.2,High
85053,FRENCH ENAMEL CANDLEHOLDER,General,2.12,432,10.944,11.09,1.013,48.3,124.9,970.3,1095.1,3994.7,4.1,205.86,205.86,411.72,,,124.9,970.6,High
21259,Unknown,General,5.94,498,10.944,11.879,1.085,51.7,128.3,579.9,708.3,3994.5,6.9,344.38,344.38,688.77,,,128.3,579.9,High
22171,Unknown,General,8.41,526,10.939,12.547,1.147,54.6,131.2,487.3,618.5,3992.8,8.2,409.66,409.66,819.32,,,131.2,487.2,High
23406,Unknown,General,6.12,173,10.936,16.254,1.486,70.7,147.3,571.0,718.3,3991.8,7.0,349.53,349.53,699.06,,,147.3,571.1,High
22050,Unknown,General,0.42,94,10.936,8.958,0.819,39.0,115.5,2179.0,2294.6,3991.7,1.8,91.59,91.59,183.19,,,115.6,2179.9,Medium
22916,HERB MARKER THYME,General,0.65,420,10.933,14.419,1.319,62.8,139.3,1752.3,1891.5,3990.7,2.3,113.87,113.87,227.74,,,139.3,1752.1,High
21371,MIRRORED WALL ART POPPIES,General,1.07,89,10.933,10.33,0.945,45.0,121.5,1363.7,1485.2,3990.4,2.9,146.31,146.31,292.61,,,121.5,1365.5,Medium
21365,MIRRORED WALL ART STARS,General,0.95,126,10.929,11.832,1.083,51.5,128.0,1447.5,1575.5,3988.9,2.8,137.79,137.79,275.58,,,128.0,1448.9,High
22477,WATERING CAN GARDEN MARKER,General,1.25,153,10.928,11.97,1.095,52.1,128.6,1263.3,1391.9,3988.8,3.2,157.87,157.87,315.75,,,128.6,1263.1,High
10135,COLOURING PENCILS BROWN TUBE,General,1.19,264,10.928,12.511,1.145,54.4,130.9,1295.7,1426.7,3988.7,3.1,153.92,153.92,307.84,,,130.9,1294.6,High
22173,Unknown,General,3.08,566,10.928,11.051,1.011,48.1,124.6,805.2,929.8,3988.6,5.0,247.68,247.68,495.35,,,124.6,804.7,High
21555,Unknown,General,2.56,40,10.925,16.838,1.541,73.3,149.8,882.5,1032.3,3987.6,4.5,225.92,225.92,451.85,,,149.8,882.5,Critical
22300,COFFEE MUG DOG + BALL DESIGN,General,2.51,283,10.915,26.756,2.451,116.5,192.9,890.5,1083.3,3984.0,4.5,223.71,223.71,447.41,,,192.9,890.9,Critical
22748,POPPY'S PLAYHOUSE KITCHEN,General,2.1,578,10.913,12.758,1.169,55.5,131.9,975.0,1106.9,3983.4,4.1,204.28,204.28,408.57,,,131.9,973.9,High
22715,CARD WEDDING DAY,General,0.42,208,10.913,15.418,1.413,67.1,143.5,2178.4,2321.9,3983.4,1.8,91.43,91.43,182.86,,,143.5,2177.6,High
84876D,damaged,General,2.52,23,10.913,14.019,1.285,61.0,137.4,888.2,1025.6,3983.3,4.5,224.22,224.22,448.44,,,137.4,889.0,High
37482P,Damaged,General,0.84,46,10.913,10.304,0.944,44.8,121.2,1541.6,1662.8,3983.3,2.6,129.19,129.19,258.39,,,121.2,1539.8,Medium
23100,SILVER BELLS TABLE DECORATION,General,1.25,297,10.912,9.268,0.849,40.3,116.7,1263.6,1380.3,3983.0,3.2,157.61,157.61,315.22,,,116.7,1262.2,Medium
22456,NATURAL SLATE CHALKBOARD LARGE ,General,4.87,557,10.91,12.074,1.107,52.5,128.9,639.2,768.1,3982.2,6.2,311.49,311.49,622.99,,,128.9,639.4,High
22934,BAKING MOULD EASTER EGG WHITE CHOC,General,2.9,111,10.91,15.655,1.435,68.1,144.5,828.1,972.6,3982.1,4.8,240.44,240.44,480.88,,,144.5,828.6,High
85093,CANDY SPOT EGG WARMER HARE,General,0.71,76,10.908,10.626,0.974,46.2,122.6,1678.9,1801.5,3981.4,2.4,118.57,118.57,237.14,,,122.6,1674.5,Medium
23576,SNACK TRAY RED VINTAGE DOILY,General,1.93,107,10.907,11.011,1.01,47.9,124.3,1015.8,1140.0,3980.9,3.9,195.95,195.95,391.91,,,124.2,1015.5,High
22271,check,General,2.96,470,10.906,11.635,1.067,50.6,127.0,819.8,946.8,3980.8,4.9,242.79,242.79,485.59,,,126.9,820.0,High
84509G,SET OF 4 FAIRY CAKE PLACEMATS ,General,2.47,115,10.904,14.194,1.302,61.8,138.1,898.2,1036.4,3980.1,4.4,221.55,221.55,443.1,,,138.1,897.6,High
22978,PANTRY ROLLING PIN,General,3.72,392,10.903,12.336,1.131,53.7,130.0,731.5,861.6,3979.6,5.4,272.0,272.0,544.0,,,130.0,731.4,High
23597,PAPER BUNTING PAISLEY PARK,General,2.85,51,10.902,14.496,1.33,63.1,139.4,835.1,974.5,3979.2,4.8,238.26,238.26,476.52,,,139.4,835.5,High
22885,NUMBER TILE VINTAGE FONT 6 ,General,1.54,20,10.9,9.165,0.841,39.9,116.2,1138.4,1254.6,3978.5,3.5,174.74,174.74,349.49,,,116.2,1136.5,Medium
22524,Unknown,General,1.24,147,10.898,14.757,1.354,64.2,140.5,1264.4,1404.9,3977.8,3.1,157.3,157.3,314.6,,,140.5,1266.5,High
21679,SKULLS  STICKERS,General,0.85,186,10.898,11.545,1.059,50.2,126.5,1532.7,1659.2,3977.7,2.6,129.76,129.76,259.52,,,126.5,1529.6,High
23398,HANGING HEART BONHEUR,General,0.85,136,10.897,12.621,1.158,54.9,131.2,1532.2,1663.4,3977.4,2.6,129.8,129.8,259.59,,,131.2,1529.6,High
21216,"SET 3 RETROSPOT TEA,COFFEE,SUGAR",General,4.88,433,10.896,11.696,1.073,50.9,127.2,638.5,765.7,3977.1,6.2,311.43,311.43,622.86,,,127.2,638.3,High
23035,check,General,1.48,289,10.896,11.465,1.052,49.9,126.2,1159.2,1285.4,3977.1,3.4,171.54,171.54,343.08,,,126.2,1159.1,High
22424,ENAMEL BREAD BIN CREAM,General,12.7,632,10.896,12.24,1.123,53.3,129.5,395.7,525.3,3976.9,10.0,502.49,502.49,1004.98,,,129.6,395.7,High
23061,VINTAGE ENGRAVED HEART,General,1.24,228,10.895,10.283,0.944,44.8,121.0,1263.8,1384.8,3976.6,3.1,157.32,157.32,314.65,,,121.1,1266.3,Medium
22502,PICNIC BASKET WICKER 60 PIECES,General,5.79,530,10.892,11.107,1.02,48.3,124.6,585.9,710.5,3975.7,6.8,339.27,339.27,678.55,,,124.5,585.9,High
82001S,SILVER RECORD COVER FRAME,General,3.78,239,10.891,11.931,1.095,51.9,128.2,725.3,853.4,3975.3,5.5,274.06,274.06,548.12,,,128.1,725.1,High
84796A,PINK HAWAIIAN PICNIC HAMPER FOR 2,General,12.69,9,10.889,14.066,1.292,61.2,137.4,395.8,533.2,3974.4,10.0,502.09,502.09,1004.17,,,137.4,395.7,High
22307,GOLD MUG BONE CHINA TREE OF LIFE,General,1.25,126,10.889,10.753,0.988,46.8,123.0,1262.5,1385.5,3974.4,3.1,157.4,157.4,314.81,,,123.0,1260.9,Medium
22257,FELT FARM ANIMAL SHEEP,General,1.1,26,10.885,10.76,0.989,46.8,123.0,1344.8,1467.8,3972.9,3.0,147.72,147.72,295.43,,,123.0,1343.8,Medium
22131,FOOD CONTAINER SET 3 LOVE HEART ,General,2.0,353,10.884,13.941,1.281,60.7,136.9,996.3,1133.2,3972.6,4.0,199.36,199.36,398.72,,,136.9,996.6,High
22627,Unknown,General,8.4,556,10.879,11.567,1.063,50.3,126.5,486.2,612.7,3971.0,8.2,408.4,408.4,816.8,,,126.5,486.2,High
22813,PACK 3 BOXES BIRD PANETTONE ,General,2.04,307,10.879,14.4,1.324,62.7,138.8,986.0,1124.9,3971.0,4.0,201.36,201.36,402.73,,,138.9,986.6,High
22302,COFFEE MUG PEARS  DESIGN,General,2.49,356,10.876,24.538,2.256,106.8,182.9,893.4,1076.4,3969.9,4.4,222.17,222.17,444.34,,,182.9,892.8,Critical
90049,IVORY GOLD METAL BAG CHARM,General,4.89,8,10.875,6.999,0.644,30.5,106.6,637.1,743.7,3969.4,6.2,311.53,311.53,623.06,,,106.6,637.1,Medium
23163,REGENCY SUGAR TONGS,General,2.45,252,10.873,12.275,1.129,53.4,129.5,900.5,1030.0,3968.7,4.4,220.37,220.37,440.73,,,129.5,900.0,High
21355,Unknown,General,1.25,248,10.871,10.961,1.008,47.7,123.8,1262.2,1386.0,3967.9,3.1,157.18,157.18,314.35,,,123.8,1259.8,High
23058,CHRISTMAS HANGING SNOWFLAKE,General,1.0,100,10.87,11.981,1.102,52.1,128.2,1409.5,1537.8,3967.5,2.8,140.74,140.74,281.48,,,128.2,1408.5,High
21654,Damaged,General,0.77,130,10.869,15.748,1.449,68.5,144.6,1601.8,1746.4,3967.3,2.5,123.84,123.84,247.67,,,144.6,1605.0,High
21872,GLAMOROUS  MUG,General,1.27,297,10.869,26.433,2.432,115.0,191.1,1251.5,1442.7,3967.1,3.2,158.49,158.49,316.98,,,191.1,1249.7,Critical
23189,SET OF 12 FORK CANDLES,General,2.83,210,10.867,11.295,1.039,49.2,125.2,836.9,962.2,3966.3,4.7,236.96,236.96,473.91,,,125.3,837.1,High
23365,SET 12 COLOUR PENCILS LOVE LONDON,General,0.65,208,10.865,12.061,1.11,52.5,128.6,1745.8,1874.3,3965.9,2.3,113.59,113.59,227.17,,,128.6,1746.6,High
22402,MAGNETS PACK OF 4 VINTAGE COLLAGE,General,0.59,295,10.864,12.219,1.125,53.2,129.2,1827.4,1956.6,3965.5,2.2,108.5,108.5,217.01,,,129.2,1833.2,High
23512,EMBROIDERED RIBBON REEL ROSIE,General,2.06,140,10.864,16.637,1.531,72.4,148.5,980.2,1128.6,3965.5,4.0,202.28,202.28,404.57,,,148.4,981.1,Critical
22742,MAKE YOUR OWN PLAYTIME CARD KIT,General,2.32,219,10.863,15.577,1.434,67.8,143.8,924.2,1068.0,3965.0,4.3,214.51,214.51,429.02,,,143.8,924.4,High
22809,SET OF 6 T-LIGHTS SANTA,General,3.08,317,10.861,11.789,1.085,51.3,127.3,801.7,929.1,3964.3,4.9,247.24,247.24,494.47,,,127.3,802.2,High
22758,LARGE PURPLE BABUSHKA NOTEBOOK  ,General,0.92,321,10.86,18.622,1.715,81.0,157.1,1471.2,1628.3,3963.8,2.7,134.71,134.71,269.43,,,157.0,1467.7,Critical
22673,FRENCH GARDEN SIGN BLUE METAL,General,1.27,214,10.86,12.99,1.196,56.5,132.6,1247.3,1379.8,3963.8,3.2,158.9,158.9,317.8,,,132.5,1249.2,High
22718,CARD CAT AND TREE ,General,0.42,215,10.856,11.351,1.046,49.4,125.4,2175.6,2301.0,3962.4,1.8,91.07,91.07,182.13,,,125.4,2171.9,High
22487,WHITE WOOD GARDEN PLANT LADDER,General,9.81,635,10.855,12.207,1.125,53.1,129.1,449.4,578.5,3962.1,8.8,440.8,440.8,881.59,,,129.1,449.4,High
22262,FELT EGG COSY CHICKEN,General,0.87,171,10.854,11.594,1.068,50.5,126.4,1507.3,1633.8,3961.6,2.6,131.41,131.41,262.82,,,126.5,1508.9,High
21680,WOODLAND  STICKERS,General,0.85,133,10.85,13.109,1.208,57.1,133.0,1525.1,1658.1,3960.1,2.6,129.83,129.83,259.67,,,133.1,1526.3,High
21912,VINTAGE SNAKES & LADDERS,General,3.78,495,10.848,11.994,1.106,52.2,128.1,723.7,851.8,3959.7,5.5,273.59,273.59,547.18,,,128.1,723.7,High
23660,HENRIETTA HEN MUG ,General,1.66,32,10.844,11.914,1.099,51.9,127.8,1092.0,1219.7,3958.0,3.6,181.23,181.23,362.46,,,127.8,1091.9,High
71053,WHITE MOROCCAN METAL LANTERN,General,3.75,491,10.843,10.995,1.014,47.9,123.8,726.0,849.8,3957.8,5.5,272.55,272.55,545.11,,,123.8,726.4,High
23265,SET OF 3 WOODEN TREE DECORATIONS,General,1.32,377,10.841,10.213,0.942,44.5,120.3,1224.0,1344.3,3956.9,3.2,161.64,161.64,323.28,,,120.4,1224.3,Medium
22896,PEG BAG APPLE DESIGN,General,2.6,452,10.838,11.643,1.074,50.7,126.5,872.4,999.0,3956.1,4.5,226.72,226.72,453.44,,,126.6,872.2,High
23480,MINI LIGHTS WOODLAND MUSHROOMS,General,3.76,315,10.832,11.398,1.052,49.6,125.4,725.1,850.5,3953.6,5.5,272.62,272.62,545.24,,,125.4,725.1,High
21562,HAWAIIAN GRASS SKIRT ,General,1.22,53,10.83,14.359,1.326,62.5,138.3,1274.2,1412.5,3953.0,3.1,155.11,155.11,310.23,,,138.3,1272.8,High
22354,RETROSPOT PADDED SEAT CUSHION,General,3.81,135,10.83,13.803,1.275,60.1,135.9,719.9,855.8,3952.8,5.5,274.55,274.55,549.1,,,135.9,720.2,High
23289,DOLLY GIRL CHILDRENS BOWL,General,1.25,275,10.829,10.529,0.972,45.8,121.6,1258.3,1379.9,3952.6,3.1,157.07,157.07,314.13,,,121.6,1257.4,Medium
47570B,Unknown,General,10.67,76,10.829,15.192,1.403,66.1,141.9,430.3,572.2,3952.6,9.2,459.27,459.27,918.54,,,141.9,430.4,High
47351B,BLUE  VOILE LAMPSHADE,General,2.93,34,10.824,11.036,1.02,48.0,123.8,820.4,944.2,3950.6,4.8,240.77,240.77,481.54,,,123.8,821.1,High
22902,TOTE BAG I LOVE LONDON,General,2.06,192,10.823,12.593,1.164,54.8,130.6,980.1,1110.6,3950.4,4.0,201.53,201.53,403.07,,,130.6,979.2,High
35971,ROSE FOLKART HEART DECORATIONS,General,1.33,128,10.82,10.243,0.947,44.6,120.3,1219.7,1340.0,3949.4,3.2,161.9,161.9,323.81,,,120.3,1218.5,Medium
23533,WALL ART GARDEN HAVEN ,General,4.69,110,10.818,13.107,1.212,57.0,132.8,648.5,781.2,3948.6,6.1,304.46,304.46,608.91,,,132.7,648.8,High
20832,check,General,0.61,125,10.816,13.031,1.205,56.7,132.4,1797.6,1930.0,3947.8,2.2,109.81,109.81,219.62,,,132.4,1798.9,High
23334,IVORY WICKER HEART SMALL,General,0.62,195,10.815,13.922,1.287,60.6,136.3,1777.4,1913.7,3947.6,2.2,111.05,111.05,222.1,,,136.3,1784.3,High
23286,BLUE VINTAGE SPOT BEAKER,General,0.85,287,10.812,12.603,1.166,54.9,130.5,1526.7,1657.3,3946.3,2.6,129.24,129.24,258.48,,,130.6,1523.6,High
21651,Unknown,General,1.64,37,10.811,9.927,0.918,43.2,118.9,1095.8,1214.7,3945.9,3.6,180.04,180.04,360.09,,,118.9,1096.8,Medium
21458,2 PICTURE BOOK EGGS EASTER BUNNY,General,1.25,52,10.808,15.239,1.41,66.3,142.0,1258.6,1400.6,3944.8,3.1,156.72,156.72,313.43,,,142.0,1256.2,High
23089,GLASS BON BON JAR,General,1.76,185,10.805,14.377,1.331,62.6,138.2,1057.4,1195.7,3944.0,3.7,186.49,186.49,372.97,,,138.2,1058.5,High
23254,KIDS CUTLERY DOLLY GIRL ,General,4.14,477,10.805,13.203,1.222,57.5,133.1,690.4,823.5,3943.8,5.7,285.62,285.62,571.24,,,133.1,690.1,High
23412,Unknown,General,7.32,158,10.804,13.189,1.221,57.4,133.0,518.9,651.9,3943.4,7.6,379.98,379.98,759.97,,,133.0,519.0,High
22899,CHILDREN'S APRON DOLLY GIRL ,General,2.11,452,10.803,10.603,0.981,46.1,121.8,966.3,1088.0,3943.1,4.1,204.04,204.04,408.07,,,121.7,966.6,Medium
20906,Unknown,General,2.96,15,10.8,11.15,1.032,48.5,124.1,815.9,940.0,3942.0,4.8,241.57,241.57,483.13,,,124.1,816.0,High
22778,check,General,3.75,256,10.797,11.87,1.099,51.7,127.2,725.3,852.6,3940.9,5.4,271.66,271.66,543.32,,,127.3,724.9,High
22598,CHRISTMAS MUSICAL ZINC TREE,General,0.49,137,10.796,12.114,1.122,52.7,128.3,2003.7,2132.0,3940.4,2.0,98.33,98.33,196.66,,,128.3,2005.2,High
23486,ANTIQUE HEART SHELF UNIT,General,16.3,120,10.792,16.89,1.565,73.5,149.0,347.6,496.7,3939.0,11.3,566.55,566.55,1133.1,,,149.0,347.6,Critical
21613,Unknown,General,2.93,67,10.791,13.633,1.263,59.3,134.9,819.2,954.0,3938.7,4.8,240.41,240.41,480.82,,,134.8,819.8,High
23136,IVORY WIRE SWEETHEART LETTER TRAY,General,3.71,80,10.787,11.494,1.066,50.0,125.5,728.4,853.9,3937.4,5.4,270.28,270.28,540.56,,,125.5,728.5,High
16236,KITTY PENCIL ERASERS,General,0.21,200,10.785,12.522,1.161,54.5,130.0,3058.1,3188.1,3936.5,1.3,64.36,64.36,128.72,,,130.0,3061.5,High
22212,FOUR HOOK  WHITE LOVEBIRDS,General,2.12,488,10.785,13.797,1.279,60.0,135.5,964.5,1100.1,3936.5,4.1,204.06,204.06,408.13,,,135.5,963.5,High
23568,EGG CUP HENRIETTA HEN CREAM ,General,1.21,46,10.783,20.652,1.915,89.9,165.4,1273.4,1438.8,3935.7,3.1,154.53,154.53,309.06,,,165.4,1275.3,Critical
85039A,SET/4 RED MINI ROSE CANDLE IN BOWL,General,1.51,64,10.781,14.692,1.363,63.9,139.4,1140.5,1279.9,3935.2,3.5,172.52,172.52,345.05,,,139.4,1141.5,High
22844,VINTAGE CREAM DOG FOOD CONTAINER,General,8.47,568,10.778,11.243,1.043,48.9,124.4,481.8,606.2,3934.0,8.2,408.23,408.23,816.47,,,124.3,481.9,High
84078A,SET/4 WHITE RETRO STORAGE CUBES ,General,38.53,206,10.777,12.977,1.204,56.5,131.9,225.9,357.8,3933.5,17.4,870.56,870.56,1741.12,,,131.9,225.9,High
23169,smashed,General,4.1,444,10.775,11.362,1.055,49.5,124.9,692.9,817.8,3932.8,5.7,283.78,283.78,567.57,,,124.9,692.5,High
22532,MAGIC DRAWING SLATE LEAP FROG ,General,0.41,181,10.773,17.535,1.628,76.3,151.7,2176.9,2328.7,3932.3,1.8,90.32,90.32,180.64,,,151.7,2189.9,Critical
23291,DOLLY GIRL CHILDRENS CUP,General,1.26,345,10.771,13.658,1.268,59.4,134.8,1247.1,1382.0,3931.4,3.2,157.62,157.62,315.24,,,134.8,1249.0,High
22917,HERB MARKER ROSEMARY,General,0.65,405,10.77,13.419,1.246,58.4,133.8,1736.7,1870.5,3931.2,2.3,113.18,113.18,226.35,,,133.8,1739.0,High
22247,BUNNY DECORATION MAGIC GARDEN,General,0.84,100,10.77,11.735,1.09,51.1,126.5,1528.5,1654.9,3931.0,2.6,128.6,128.6,257.19,,,126.5,1529.7,High
21661,VINTAGE GLASS TEA CADDY,General,5.97,13,10.769,11.293,1.049,49.1,124.5,573.9,698.4,3930.8,6.8,342.47,342.47,684.95,,,124.5,573.8,High
21989,PACK OF 20 SKULL PAPER NAPKINS,General,0.85,383,10.762,12.24,1.137,53.3,128.6,1520.1,1648.7,3928.3,2.6,129.21,129.21,258.43,,,128.6,1520.1,High
46000M,Dotcom sales,General,1.55,292,10.76,12.501,1.162,54.4,129.7,1125.1,1254.8,3927.5,3.5,174.54,174.54,349.09,,,129.7,1125.6,High
21208,PASTEL COLOUR HONEYCOMB FAN,General,0.45,111,10.757,11.528,1.072,50.2,125.5,2081.6,2207.1,3926.2,1.9,94.31,94.31,188.62,,,125.5,2088.6,High
21217,RED RETROSPOT ROUND CAKE TINS,General,9.87,514,10.757,11.724,1.09,51.0,126.3,446.1,572.4,3926.2,8.8,440.1,440.1,880.2,,,126.3,446.0,High
23029,damages,General,1.65,261,10.755,13.003,1.209,56.6,131.9,1091.9,1223.8,3925.5,3.6,179.75,179.75,359.51,,,131.9,1090.7,High
23156,SET OF 5 MINI GROCERY MAGNETS,General,2.07,346,10.754,11.317,1.052,49.3,124.5,973.1,1097.7,3925.3,4.0,201.69,201.69,403.38,,,124.6,973.7,High
23523,WALL ART TREASURE AHOY ,General,3.66,92,10.75,16.335,1.52,71.1,146.3,732.5,878.8,3923.8,5.4,267.84,267.84,535.67,,,146.3,732.1,Critical
23036,T-LIGHT HOLDER SILVER PETIT FOUR ,General,1.25,28,10.75,7.853,0.731,34.2,109.4,1253.7,1363.2,3923.8,3.1,156.48,156.48,312.97,,,109.5,1252.8,Medium
22817,CARD SUKI BIRTHDAY,General,0.42,288,10.75,11.39,1.06,49.6,124.8,2167.0,2291.8,3923.8,1.8,90.53,90.53,181.07,,,124.8,2161.3,High
23541,Unknown,General,8.12,292,10.747,14.186,1.32,61.7,137.0,491.3,628.3,3922.5,8.0,399.17,399.17,798.34,,,136.9,491.5,High
85170C,SET/6 EAU DE NIL BIRD T-LIGHTS,General,1.88,51,10.745,13.963,1.299,60.8,136.0,1021.1,1157.1,3922.0,3.8,192.04,192.04,384.08,,,136.0,1021.3,High
47599A,PINK PARTY BAGS,General,2.08,353,10.745,13.182,1.227,57.4,132.6,970.4,1103.0,3921.9,4.0,202.09,202.09,404.17,,,132.6,971.0,High
23137,ZINC WIRE SWEETHEART LETTER TRAY,General,2.89,31,10.742,13.938,1.298,60.7,135.9,823.1,958.9,3920.8,4.8,238.18,238.18,476.36,,,135.9,823.6,High
21245,GREEN POLKADOT PLATE ,General,1.67,250,10.74,11.989,1.116,52.2,127.4,1081.8,1209.1,3920.1,3.6,181.19,181.19,362.38,,,127.4,1083.4,High
20749,ASSORTED COLOUR MINI CASES,General,7.79,656,10.736,11.595,1.08,50.5,125.6,501.7,627.3,3918.7,7.8,390.56,390.56,781.12,,,125.7,501.5,High
84819,DANISH ROSE ROUND SEWING BOX,General,1.92,181,10.735,16.858,1.57,73.4,148.5,1009.2,1157.7,3918.2,3.9,194.13,194.13,388.26,,,148.5,1010.1,Critical
22501,Found,General,9.69,518,10.726,11.027,1.028,48.0,123.1,449.4,572.4,3914.9,8.7,435.6,435.6,871.2,,,123.1,449.5,High
23282,FOLDING MIRROR IVORY ,General,0.87,190,10.721,9.86,0.92,42.9,118.0,1504.0,1621.9,3913.2,2.6,130.1,130.1,260.19,,,117.9,1499.7,Medium
22637,damages,General,2.52,495,10.721,11.832,1.104,51.5,126.5,881.3,1007.9,3913.2,4.4,222.0,222.0,444.01,,,126.5,881.2,High
23502,PLAYING CARDS VINTAGE DOILY ,General,1.24,218,10.716,11.174,1.043,48.6,123.6,1254.4,1378.1,3911.2,3.1,155.9,155.9,311.79,,,123.6,1255.8,High
22775,Unknown,General,1.25,347,10.712,13.715,1.28,59.7,134.7,1249.7,1384.4,3909.8,3.1,156.43,156.43,312.86,,,134.7,1250.6,High
37342,Unknown,General,0.8,134,10.709,10.716,1.001,46.6,121.6,1567.0,1688.6,3908.8,2.5,124.72,124.72,249.44,,,121.6,1563.0,High
16258A,SWIRLY CIRCULAR RUBBERS IN BAG,General,0.37,113,10.708,11.253,1.051,49.0,123.9,2303.1,2427.0,3908.4,1.7,84.85,84.85,169.7,,,124.0,2298.2,High
22291,HANGING CHICK CREAM DECORATION,General,1.45,154,10.708,9.758,0.911,42.5,117.4,1162.8,1280.3,3908.3,3.4,168.05,168.05,336.1,,,117.5,1160.9,Medium
21530,DAIRY MAID TOASTRACK,General,1.17,147,10.707,14.162,1.323,61.6,136.6,1292.3,1428.9,3908.2,3.0,151.21,151.21,302.42,,,136.5,1292.4,High
23494,VINTAGE DOILY DELUXE SEWING KIT ,General,5.94,345,10.707,11.824,1.104,51.5,126.4,573.7,700.1,3908.1,6.8,340.61,340.61,681.21,,,126.4,573.6,High
23329,DECORATIVE WICKER HEART LARGE,General,1.64,380,10.705,12.543,1.172,54.6,129.5,1090.1,1219.6,3907.4,3.6,179.22,179.22,358.44,,,129.5,1091.5,High
23273,HEART T-LIGHT HOLDER WILLIE WINKIE,General,1.68,249,10.703,11.635,1.087,50.6,125.6,1077.4,1203.0,3906.5,3.6,181.3,181.3,362.59,,,125.5,1078.3,High
22780,LIGHT GARLAND BUTTERFILES PINK,General,4.18,301,10.701,16.19,1.513,70.5,145.4,683.1,828.5,3905.9,5.7,285.88,285.88,571.76,,,145.4,683.5,Critical
23451,SQUARE MINI PORTRAIT FRAME,General,1.92,97,10.701,10.548,0.986,45.9,120.8,1007.4,1128.2,3905.9,3.9,193.87,193.87,387.74,,,120.8,1008.5,Medium
21873,IF YOU CAN'T STAND THE HEAT MUG,General,1.35,223,10.7,13.402,1.253,58.3,133.2,1200.5,1333.7,3905.3,3.3,162.66,162.66,325.31,,,133.2,1202.7,High
21421,damaged,General,1.24,42,10.69,11.981,1.121,52.1,127.0,1253.4,1380.4,3902.0,3.1,155.66,155.66,311.32,,,126.9,1254.3,High
22898,CHILDRENS APRON APPLES DESIGN,General,1.96,492,10.689,10.718,1.003,46.6,121.5,997.5,1119.0,3901.5,3.9,195.57,195.57,391.13,,,121.4,997.6,High
22989,SET 2 PANTRY DESIGN TEA TOWELS,General,3.23,527,10.689,10.652,0.997,46.4,121.2,776.9,898.1,3901.4,5.0,251.09,251.09,502.18,,,121.2,777.1,Medium
22665,Unknown,General,2.96,452,10.688,11.206,1.048,48.8,123.6,812.1,935.7,3901.1,4.8,240.18,240.18,480.37,,,123.6,811.8,High
22721,SET OF 3 CAKE TINS SKETCHBOOK,General,4.48,463,10.687,11.75,1.099,51.1,125.9,659.5,785.5,3900.7,5.9,295.72,295.72,591.45,,,125.9,659.8,High
21987,PACK OF 6 SKULL PAPER CUPS,General,0.65,268,10.687,16.339,1.529,71.1,145.9,1736.1,1882.0,3900.6,2.2,112.34,112.34,224.67,,,145.9,1732.2,Critical
84760S,Unknown,General,1.45,31,10.677,17.554,1.644,76.4,151.1,1160.4,1311.6,3897.3,3.4,167.92,167.92,335.85,,,151.1,1159.3,Critical
22174,PHOTO CUBE,General,1.71,335,10.672,10.911,1.022,47.5,122.2,1068.0,1190.2,3895.1,3.6,182.36,182.36,364.71,,,122.2,1067.2,High
84984D,ORIENTAL RED CUSHION COVER ,General,4.63,6,10.667,10.577,0.992,46.0,120.7,648.2,768.9,3893.3,6.0,300.33,300.33,600.65,,,120.7,648.4,Medium
21864,UNION JACK FLAG PASSPORT COVER ,General,2.07,242,10.665,13.272,1.244,57.8,132.4,968.7,1101.2,3892.8,4.0,200.92,200.92,401.84,,,132.5,969.7,High
21716,BOYS VINTAGE TIN SEASIDE BUCKET,General,2.56,270,10.663,12.524,1.175,54.5,129.1,871.7,1000.8,3892.0,4.5,223.24,223.24,446.49,,,129.1,871.9,High
22042,Unknown,General,0.42,71,10.662,9.137,0.857,39.8,114.4,2151.9,2266.3,3891.6,1.8,90.42,90.42,180.85,,,114.4,2152.4,Medium
47591B,Unknown,General,1.65,41,10.659,15.899,1.492,69.2,143.8,1085.2,1229.0,3890.4,3.6,179.24,179.24,358.49,,,143.8,1085.8,High
23138,SINGLE WIRE HOOK IVORY HEART,General,1.44,169,10.657,20.619,1.935,89.7,164.3,1161.0,1325.3,3889.7,3.4,167.52,167.52,335.05,,,164.3,1162.1,Critical
23330,DECORATIVE WICKER HEART MEDIUM,General,1.24,346,10.656,10.049,0.943,43.7,118.3,1249.9,1368.3,3889.5,3.1,155.59,155.59,311.17,,,118.3,1252.3,Medium
23087,ZINC  HEART T-LIGHT HOLDER,General,1.24,72,10.653,11.365,1.067,49.5,124.0,1252.7,1376.7,3888.3,3.1,155.2,155.2,310.39,,,124.1,1252.1,High
23129,HEART SHAPED HOLLY WREATH,General,4.33,322,10.652,11.276,1.059,49.1,123.6,670.2,793.9,3888.0,5.8,290.05,290.05,580.09,,,123.7,670.0,High
22070,SMALL RED RETROSPOT MUG IN BOX ,General,3.72,136,10.647,13.58,1.275,59.1,133.6,722.6,856.3,3886.2,5.4,268.89,268.89,537.77,,,133.6,722.7,High
21420,OYSTER TRINKET BOX,General,2.66,59,10.644,10.248,0.963,44.6,119.1,854.6,973.7,3885.1,4.5,227.31,227.31,454.63,,,119.1,854.6,Medium
84535B,FAIRY CAKES NOTEBOOK A6 SIZE,General,0.65,202,10.644,14.947,1.404,65.1,139.6,1727.7,1867.3,3884.9,2.2,112.43,112.43,224.86,,,139.6,1728.7,High
37446,MINI CAKE STAND WITH HANGING CAKES,General,1.42,355,10.642,10.57,0.993,46.0,120.5,1168.2,1288.7,3884.4,3.3,166.25,166.25,332.51,,,120.5,1169.5,Medium
20893,damages,General,2.42,39,10.641,18.8,1.767,81.8,156.3,895.7,1052.0,3884.0,4.3,216.81,216.81,433.62,,,156.3,895.8,Critical
22976,CIRCUS PARADE CHILDRENS EGG CUP ,General,1.25,260,10.638,12.297,1.156,53.5,128.0,1247.0,1375.0,3883.0,3.1,155.69,155.69,311.39,,,128.0,1246.3,High
23331,DECORATIVE WICKER HEART SMALL,General,0.63,152,10.638,12.894,1.212,56.1,130.6,1760.2,1890.8,3882.9,2.2,110.3,110.3,220.59,,,130.6,1755.5,High
23476,WOODLAND LARGE RED FELT HEART,General,1.26,22,10.636,6.536,0.614,28.4,102.9,1242.8,1345.7,3882.3,3.1,156.19,156.19,312.39,,,102.9,1241.2,Medium
47343A,Unknown,General,1.05,38,10.632,12.923,1.215,56.2,130.7,1357.1,1487.7,3880.5,2.9,142.97,142.97,285.95,,,130.6,1359.4,High
22023,EMPIRE BIRTHDAY CARD,General,0.43,213,10.629,10.505,0.988,45.7,120.1,2117.6,2237.7,3879.6,1.8,91.61,91.61,183.21,,,120.1,2123.9,Medium
22815,CARD PSYCHEDELIC APPLES,General,0.42,199,10.628,9.92,0.933,43.2,117.6,2154.3,2271.9,3879.3,1.8,90.04,90.04,180.07,,,117.6,2149.0,Medium
22599,CHRISTMAS MUSICAL ZINC STAR,General,0.52,164,10.628,14.636,1.377,63.7,138.1,1926.0,2064.1,3879.2,2.0,100.7,100.7,201.41,,,138.1,1931.3,High
84678,Unknown,General,2.3,32,10.625,11.84,1.114,51.5,125.9,918.9,1044.8,3878.1,4.2,211.01,211.01,422.03,,,125.9,918.2,High
72351A,SET/6 TURQUOISE BUTTERFLY T-LIGHTS,General,2.07,264,10.621,14.583,1.373,63.5,137.8,966.7,1104.5,3876.7,4.0,200.51,200.51,401.02,,,137.8,967.7,High
72349B,SET/6 PURPLE BUTTERFLY T-LIGHTS,General,2.08,203,10.621,12.248,1.153,53.3,127.7,965.0,1092.6,3876.6,4.0,200.86,200.86,401.72,,,127.6,965.3,High
84356,POMPOM CURTAIN,General,5.7,129,10.62,14.948,1.408,65.1,139.4,583.1,722.5,3876.4,6.6,332.39,332.39,664.77,,,139.4,583.1,High
22109,FULL ENGLISH BREAKFAST PLATE,General,3.84,323,10.619,11.139,1.049,48.5,122.8,710.1,832.9,3876.0,5.5,272.92,272.92,545.83,,,122.8,710.4,High
23006,TRAVEL CARD WALLET FLOWER MEADOW,General,0.42,249,10.618,11.505,1.084,50.1,124.4,2150.8,2275.2,3875.7,1.8,90.1,90.1,180.2,,,124.4,2148.0,High
22737,RIBBON REEL CHRISTMAS PRESENT ,General,1.7,394,10.614,9.733,0.917,42.4,116.7,1066.4,1183.0,3874.2,3.6,181.65,181.65,363.3,,,116.7,1067.5,Medium
22965,3 TRADITIONAl BISCUIT CUTTERS  SET,General,2.1,416,10.611,10.722,1.01,46.7,120.9,960.8,1081.7,3872.9,4.0,201.55,201.55,403.1,,,121.0,960.3,High
16046,Unknown,General,0.85,28,10.607,15.019,1.416,65.4,139.6,1509.7,1649.4,3871.6,2.6,128.22,128.22,256.44,,,139.6,1509.1,High
22432,WATERING CAN PINK BUNNY,General,1.95,455,10.602,10.361,0.977,45.1,119.3,995.1,1114.4,3869.8,3.9,194.44,194.44,388.87,,,119.3,996.1,Medium
23394,POSTE FRANCE CUSHION COVER,General,3.75,277,10.596,12.44,1.174,54.1,128.3,717.8,846.1,3867.4,5.4,269.38,269.38,538.77,,,128.3,718.1,High
22941,CHRISTMAS LIGHTS 10 REINDEER,General,8.43,478,10.594,11.264,1.063,49.0,123.2,479.0,602.2,3866.9,8.1,403.64,403.64,807.28,,,123.2,478.9,High
22810,Unknown,General,3.09,275,10.585,11.531,1.089,50.2,124.3,790.2,914.5,3863.7,4.9,244.47,244.47,488.93,,,124.3,790.7,High
37495,FAIRY CAKE BIRTHDAY CANDLE SET,General,3.67,154,10.584,12.617,1.192,54.9,129.0,725.3,854.3,3863.3,5.3,266.33,266.33,532.67,,,129.0,725.5,High
82551,Unknown,General,1.47,513,10.583,10.564,0.998,46.0,120.1,1146.4,1266.5,3862.7,3.4,168.47,168.47,336.93,,,120.1,1146.2,Medium
84754,Unknown,General,1.24,86,10.581,11.981,1.132,52.1,126.2,1248.7,1374.9,3862.2,3.1,154.65,154.65,309.31,,,126.2,1247.9,High
22403,MAGNETS PACK OF 4 VINTAGE LABELS ,General,0.54,159,10.579,13.356,1.263,58.1,132.2,1886.8,2019.0,3861.2,2.0,102.32,102.32,204.64,,,132.2,1890.8,High
21429,Unknown,General,1.85,408,10.578,10.945,1.035,47.6,121.7,1022.2,1143.9,3861.1,3.8,188.86,188.86,377.72,,,121.6,1021.5,High
22429,ENAMEL MEASURING JUG CREAM,General,4.25,547,10.578,11.449,1.082,49.8,123.9,674.0,797.9,3860.9,5.7,286.42,286.42,572.83,,,123.8,674.0,High
23580,SNACK TRAY HAPPY FOREST  ,General,1.94,66,10.576,10.087,0.954,43.9,117.9,996.3,1114.2,3860.2,3.9,193.73,193.73,387.46,,,117.9,997.4,Medium
35912B,WHITE/PINK CHICK DECORATION,General,1.22,40,10.575,13.696,1.295,59.6,133.6,1257.1,1390.7,3859.9,3.1,153.52,153.52,307.05,,,133.6,1257.7,High
22074,6 RIBBONS SHIMMERING PINKS ,General,1.13,187,10.572,12.574,1.189,54.7,128.7,1307.3,1436.0,3858.9,3.0,147.59,147.59,295.19,,,128.7,1306.7,High
84251B,Unknown,General,0.19,35,10.571,8.121,0.768,35.3,109.3,3196.2,3305.5,3858.6,1.2,60.36,60.36,120.72,,,109.3,3186.6,Medium
35599D,PINK AND WHITE CHRISTMAS TREE 120CM,General,2.85,44,10.568,8.859,0.838,38.6,112.5,822.7,935.2,3857.4,4.7,234.43,234.43,468.87,,,112.6,822.6,Medium
22982,PANTRY PASTRY BRUSH,General,1.32,335,10.564,13.683,1.295,59.6,133.5,1208.6,1342.1,3855.9,3.2,159.52,159.52,319.04,,,133.5,1208.5,High
23159,Unknown,General,2.08,368,10.562,13.429,1.271,58.4,132.4,963.3,1095.7,3855.3,4.0,200.11,200.11,400.22,,,132.3,962.7,High
21684,Unknown,General,0.85,91,10.56,15.967,1.512,69.5,143.4,1507.6,1651.0,3854.6,2.6,127.84,127.84,255.68,,,143.4,1505.8,Critical
35597B,BLACKCHRISTMAS TREE 30CM,General,1.26,9,10.556,9.989,0.946,43.5,117.4,1237.0,1354.4,3852.8,3.1,155.73,155.73,311.46,,,117.4,1236.5,Medium
20717,STRAWBERRY SHOPPER BAG,General,1.27,417,10.554,11.65,1.104,50.7,124.6,1230.9,1355.4,3852.2,3.1,156.48,156.48,312.97,,,124.6,1231.5,High
20830,SILVER PHOTO FRAME,General,2.09,56,10.554,10.561,1.001,46.0,119.8,959.9,1079.8,3852.1,4.0,200.64,200.64,401.28,,,119.9,960.0,High
21111,"SWISS ROLL TOWEL, CHOCOLATE  SPOTS",General,2.02,135,10.548,13.492,1.279,58.7,132.6,975.6,1108.2,3850.1,3.9,197.31,197.31,394.62,,,132.5,976.2,High
35810A,check,General,0.95,125,10.544,9.346,0.886,40.7,114.5,1423.7,1538.2,3848.6,2.7,135.16,135.16,270.32,,,114.5,1423.2,Medium
22935,BAKING MOULD ROSE MILK CHOCOLATE,General,3.12,116,10.543,14.831,1.407,64.5,138.3,784.9,923.3,3848.2,4.9,245.13,245.13,490.26,,,138.3,785.3,High
22607,WOODEN ROUNDERS GARDEN SET ,General,9.73,522,10.54,11.454,1.087,49.9,123.6,444.6,568.3,3847.2,8.7,432.63,432.63,865.27,,,123.7,444.6,High
20682,RED RETROSPOT CHILDRENS UMBRELLA,General,3.29,345,10.539,11.689,1.109,50.9,124.6,765.0,889.7,3846.8,5.0,251.42,251.42,502.83,,,124.7,764.6,High
22670,FRENCH WC SIGN BLUE METAL,General,1.26,449,10.539,12.06,1.144,52.5,126.3,1235.3,1361.5,3846.7,3.1,155.7,155.7,311.41,,,126.3,1235.5,High
47348A,FUSCHIA VOILE POINTY SHOE DEC,General,0.77,26,10.538,19.6,1.86,85.3,159.1,1582.0,1741.1,3846.5,2.4,121.57,121.57,243.14,,,159.1,1580.4,Critical
22092,BLUE PAISLEY TISSUE BOX,General,0.58,197,10.538,11.712,1.111,51.0,124.7,1813.6,1938.3,3846.4,2.1,106.04,106.04,212.09,,,124.8,1821.0,High
23562,SET OF 6 RIBBONS PERFECTLY PRETTY  ,General,2.86,136,10.537,10.447,0.991,45.5,119.2,820.4,939.6,3845.9,4.7,234.39,234.39,468.78,,,119.3,820.0,Medium
22400,MAGNETS PACK OF 4 HOME SWEET HOME,General,0.6,321,10.536,11.01,1.045,47.9,121.7,1785.1,1906.7,3845.6,2.2,107.71,107.71,215.43,,,121.7,1790.2,High
22242,Unknown,General,1.63,71,10.535,13.665,1.297,59.5,133.2,1085.3,1218.5,3845.4,3.5,177.15,177.15,354.3,,,133.2,1086.1,High
21694,SMALL REGAL  SILVER CANDLEPOT ,General,2.92,43,10.535,15.412,1.463,67.1,140.8,811.6,952.5,3845.2,4.7,236.88,236.88,473.76,,,140.8,811.4,High
22537,MAGIC DRAWING SLATE DINOSAUR,General,0.42,229,10.528,12.189,1.158,53.1,126.7,2141.9,2268.7,3842.9,1.8,89.71,89.71,179.41,,,126.8,2138.9,High
23372,SET 36 COLOUR PENCILS DOLLY GIRL,General,1.24,178,10.528,14.307,1.359,62.3,136.0,1244.3,1380.3,3842.8,3.1,154.42,154.42,308.83,,,136.0,1244.8,High
22209,WOOD STAMP SET HAPPY BIRTHDAY,General,0.99,263,10.525,12.238,1.163,53.3,126.9,1392.0,1519.0,3841.5,2.8,137.98,137.98,275.96,,,127.0,1392.9,High
85038,6 CHOCOLATE LOVE HEART T-LIGHTS,General,2.11,213,10.516,11.979,1.139,52.1,125.7,953.7,1079.5,3838.5,4.0,201.24,201.24,402.48,,,125.7,953.7,High
21698,MOCK LOBSTER FRIDGE MAGNET,General,0.47,70,10.514,13.377,1.272,58.2,131.8,2023.0,2154.8,3837.7,1.9,94.85,94.85,189.71,,,131.8,2020.6,High
84406B,Unknown,General,3.76,447,10.512,11.734,1.116,51.1,124.7,714.6,839.2,3837.0,5.4,268.48,268.48,536.95,,,124.7,714.3,High
21531,RED RETROSPOT SUGAR JAM BOWL,General,2.52,364,10.511,15.935,1.516,69.4,142.9,872.8,1015.7,3836.5,4.4,219.79,219.79,439.58,,,143.0,872.5,Critical
21392,Unknown,General,1.24,6,10.5,6.716,0.64,29.2,102.7,1240.6,1343.4,3832.5,3.1,154.46,154.46,308.92,,,102.7,1243.1,Medium
21418,STARFISH SOAP DISH,General,1.68,28,10.5,8.817,0.84,38.4,111.9,1067.4,1179.3,3832.5,3.6,179.52,179.52,359.04,,,111.9,1068.0,Medium
22227,HANGING HEART MIRROR DECORATION ,General,0.66,314,10.5,11.255,1.072,49.0,122.5,1705.4,1827.8,3832.5,2.2,112.37,112.37,224.73,,,122.5,1703.9,High
90179A,AMBER FINE BEAD NECKLACE W TASSEL,General,6.03,4,10.5,6.557,0.625,28.5,102.0,563.7,665.8,3832.5,6.8,339.93,339.93,679.85,,,102.0,563.7,Medium
90214O,"LETTER ""O"" BLING KEY RING",General,0.29,8,10.5,8.401,0.8,36.6,110.1,2576.1,2686.2,3832.5,1.5,74.39,74.39,148.77,,,110.1,2570.6,Medium
22523,?,General,0.85,219,10.498,14.044,1.338,61.1,134.6,1499.8,1634.4,3831.7,2.6,127.74,127.74,255.48,,,134.6,1501.3,High
22995,TRAVEL CARD WALLET SUKI,General,0.42,320,10.497,11.637,1.109,50.6,124.1,2134.4,2258.5,3831.4,1.8,89.75,89.75,179.51,,,124.1,2135.7,High
22545,MINI JIGSAW BUNNIES,General,0.36,107,10.495,12.376,1.179,53.9,127.3,2322.6,2449.9,3830.8,1.6,82.47,82.47,164.94,,,127.4,2306.6,High
20932,PINK POT PLANT CANDLE,General,2.61,45,10.489,15.378,1.466,66.9,140.4,857.1,997.4,3828.4,4.5,223.34,223.34,446.68,,,140.3,856.4,High
22680,FRENCH BLUE METAL DOOR SIGN 5,General,1.25,196,10.485,11.975,1.142,52.1,125.5,1239.1,1364.6,3826.9,3.1,154.42,154.42,308.84,,,125.5,1237.2,High
21415,CLAM SHELL SMALL ,General,1.75,64,10.484,13.95,1.331,60.7,134.1,1045.1,1179.2,3826.8,3.7,183.09,183.09,366.17,,,134.1,1045.6,High
85049G,CHOCOLATE BOX RIBBONS ,General,1.26,439,10.483,10.754,1.026,46.8,120.2,1232.4,1352.6,3826.3,3.1,155.23,155.23,310.46,,,120.2,1232.2,High
85167B,DAMAGED,General,3.27,29,10.483,11.722,1.118,51.0,124.4,765.4,889.8,3826.2,5.0,249.93,249.93,499.87,,,124.4,764.9,High
22057,CERAMIC PLATE STRAWBERRY DESIGN,General,1.05,177,10.48,10.912,1.041,47.5,120.9,1352.1,1473.0,3825.3,2.8,141.45,141.45,282.91,,,120.9,1349.7,High
21187,Unknown,General,1.64,80,10.475,10.61,1.013,46.2,119.5,1078.3,1197.8,3823.4,3.5,177.29,177.29,354.58,,,119.5,1079.7,High
84625C,Unknown,General,1.7,76,10.474,8.383,0.8,36.5,109.8,1059.6,1169.4,3822.9,3.6,180.39,180.39,360.77,,,109.8,1060.4,Medium
84799,Unknown,General,0.97,17,10.471,11.253,1.075,49.0,122.3,1400.2,1522.4,3821.8,2.7,136.48,136.48,272.95,,,122.3,1403.6,High
85008,Unknown,General,4.23,34,10.471,10.184,0.973,44.3,117.6,672.4,790.0,3821.8,5.7,284.21,284.21,568.42,,,117.6,672.1,Medium
22380,TOY TIDY SPACEBOY  ,General,2.02,387,10.47,11.53,1.101,50.2,123.5,972.0,1095.5,3821.7,3.9,196.58,196.58,393.16,,,123.5,972.6,High
72799E,IVORY PILLAR CANDLE SILVER FLOCK,General,2.3,131,10.466,17.906,1.711,77.9,151.2,911.3,1062.5,3820.0,4.2,209.6,209.6,419.19,,,151.2,911.3,Critical
21386,IVORY HANGING DECORATION  EGG,General,0.43,140,10.464,11.737,1.122,51.1,124.3,2113.8,2238.2,3819.5,1.8,90.34,90.34,180.69,,,124.3,2107.4,High
23242,TREASURE TIN BUFFALO BILL ,General,2.07,330,10.464,11.825,1.13,51.5,124.7,959.9,1084.6,3819.2,4.0,198.94,198.94,397.88,,,124.7,960.5,High
23033,DRAWER KNOB CERAMIC RED,General,1.45,94,10.457,11.705,1.119,50.9,124.1,1146.8,1270.9,3817.0,3.3,166.42,166.42,332.84,,,124.1,1147.3,High
21993,FLORAL FOLK STATIONERY SET,General,1.53,335,10.457,11.553,1.105,50.3,123.5,1116.0,1239.5,3816.7,3.4,171.0,171.0,342.01,,,123.5,1116.8,High
DOT,Unknown,General,608.55,31,10.452,18.133,1.735,78.9,152.1,56.0,208.1,3814.8,68.1,3406.98,3406.98,6813.96,,,152.1,56.0,Critical
37327,adjustment,General,0.48,93,10.452,13.38,1.28,58.2,131.4,1993.6,2125.0,3814.8,1.9,95.68,95.68,191.36,,,131.4,1993.4,High
85206A,Unknown,General,1.64,180,10.45,9.995,0.956,43.5,116.7,1078.7,1195.4,3814.2,3.5,176.79,176.79,353.59,,,116.6,1078.4,Medium
22974,CHILDRENS DOLLY GIRL MUG,General,1.65,323,10.449,10.597,1.014,46.1,119.3,1075.3,1194.6,3813.9,3.5,177.33,177.33,354.66,,,119.2,1075.0,High
22674,FRENCH TOILET SIGN BLUE METAL,General,1.27,313,10.447,11.666,1.117,50.8,123.9,1225.4,1349.3,3813.3,3.1,155.6,155.6,311.19,,,123.9,1225.3,High
23220,REINDEER HEART DECORATION GOLD,General,0.86,139,10.446,11.384,1.09,49.5,122.7,1491.5,1614.2,3812.8,2.6,127.82,127.82,255.64,,,122.6,1488.9,High
22878,NUMBER TILE COTTAGE GARDEN No,General,2.1,18,10.444,14.786,1.416,64.4,137.5,952.1,1089.6,3812.2,4.0,200.2,200.2,400.41,,,137.5,952.7,High
84638,SMALL KITCHEN FLOWER POTS PLAQUE,General,6.96,43,10.442,11.933,1.143,51.9,125.0,523.3,648.3,3811.3,7.3,364.18,364.18,728.36,,,125.0,523.3,High
84032A,CHARLIE+LOLA PINK HOT WATER BOTTLE,General,2.44,263,10.441,11.554,1.107,50.3,123.4,882.9,1006.2,3811.0,4.3,215.83,215.83,431.66,,,123.4,883.7,High
22179,SET 10 NIGHT OWL LIGHTS,General,6.69,366,10.437,10.801,1.035,47.0,120.1,533.7,653.8,3809.6,7.1,356.88,356.88,713.76,,,120.1,533.6,High
22643,SET OF 4 NAPKIN CHARMS LEAVES   ,General,1.55,62,10.435,11.24,1.077,48.9,122.0,1107.8,1229.7,3809.0,3.4,171.92,171.92,343.84,,,121.9,1108.5,High
22623,BOX OF VINTAGE JIGSAW BLOCKS ,General,5.66,417,10.427,10.965,1.052,47.7,120.7,580.0,700.7,3805.8,6.6,328.1,328.1,656.2,,,120.7,579.8,High
35648,check,General,1.03,101,10.426,10.88,1.044,47.4,120.3,1358.7,1479.0,3805.4,2.8,140.04,140.04,280.08,,,120.4,1359.1,High
21935,SUKI  SHOULDER BAG,General,1.65,437,10.423,12.025,1.154,52.3,125.3,1074.5,1199.8,3804.5,3.5,177.04,177.04,354.07,,,125.3,1073.7,High
84874B,Unknown,General,1.65,26,10.423,13.662,1.311,59.5,132.4,1072.7,1205.1,3804.4,3.5,177.33,177.33,354.65,,,132.5,1073.7,High
22533,check,General,0.41,168,10.423,17.305,1.66,75.3,148.3,2154.3,2302.6,3804.3,1.8,88.29,88.29,176.59,,,148.3,2153.9,Critical
21110,Unknown,General,5.72,129,10.419,12.894,1.238,56.1,129.0,576.7,705.7,3802.8,6.6,329.72,329.72,659.43,,,129.0,576.6,High
21382,SET/4 SPRING FLOWER DECORATION,General,1.58,175,10.417,11.487,1.103,50.0,122.9,1098.5,1221.4,3802.3,3.5,173.06,173.06,346.13,,,122.9,1096.9,High
23360,SET 8 CANDLES VINTAGE DOILY,General,1.93,199,10.417,11.526,1.106,50.2,123.1,993.4,1116.5,3802.2,3.8,191.38,191.38,382.75,,,123.1,992.5,High
20760,Unknown,General,0.85,53,10.415,13.319,1.279,58.0,130.9,1496.7,1627.6,3801.5,2.5,126.99,126.99,253.99,,,130.9,1495.4,High
22263,FELT EGG COSY LADYBIRD ,General,0.63,34,10.412,11.084,1.065,48.2,121.1,1739.6,1860.7,3800.3,2.2,109.23,109.23,218.46,,,121.1,1736.7,High
21025,SPACE FROG,General,1.37,34,10.412,10.281,0.987,44.7,117.6,1178.5,1296.1,3800.3,3.2,161.24,161.24,322.48,,,117.6,1177.7,Medium
22622,BOX OF VINTAGE ALPHABET BLOCKS,General,10.95,435,10.411,14.333,1.377,62.4,135.3,416.6,551.9,3800.2,9.1,456.05,456.05,912.1,,,135.3,416.6,High
23283,Unknown,General,7.85,419,10.411,11.931,1.146,51.9,124.8,492.0,616.8,3799.8,7.7,386.18,386.18,772.37,,,124.8,492.0,High
22228,BUNNY WOODEN PAINTED WITH BIRD ,General,0.64,205,10.41,11.927,1.146,51.9,124.8,1716.2,1841.0,3799.6,2.2,110.7,110.7,221.39,,,124.8,1722.9,High
22190,LOCAL CAFE MUG,General,1.59,83,10.41,13.026,1.251,56.7,129.6,1092.0,1221.5,3799.5,3.5,173.98,173.98,347.95,,,129.6,1093.1,High
23234,BISCUIT TIN VINTAGE CHRISTMAS,General,2.89,479,10.401,9.5,0.913,41.3,114.2,811.1,925.2,3796.3,4.7,234.04,234.04,468.07,,,114.1,810.4,Medium
21087,SET/6 POSIES PAPER CUPS,General,0.42,25,10.4,10.559,1.015,46.0,118.8,2135.0,2253.7,3796.0,1.8,88.9,88.9,177.8,,,118.8,2125.8,High
23441,HAND PAINTED HANGING EASTER EGG,General,0.41,5,10.4,10.164,0.977,44.2,117.0,2141.2,2258.2,3796.0,1.8,88.64,88.64,177.29,,,117.0,2151.6,Medium
90160B,RED BOUDICCA LARGE BRACELET,General,6.98,25,10.4,10.165,0.977,44.2,117.0,521.5,638.6,3796.0,7.3,363.92,363.92,727.83,,,117.0,521.5,Medium
90214R,"LETTER ""R"" BLING KEY RING",General,0.61,15,10.4,8.814,0.847,38.4,111.2,1766.8,1878.0,3796.0,2.1,107.42,107.42,214.85,,,111.2,1763.9,Medium
22833,Unknown,General,45.39,25,10.4,14.411,1.386,62.7,135.5,204.5,340.0,3796.0,18.6,928.19,928.19,1856.38,,,135.5,204.5,High
84993A,75 GREEN PETIT FOUR CASES,General,0.42,108,10.398,11.593,1.115,50.5,123.2,2126.4,2249.7,3795.3,1.8,89.24,89.24,178.48,,,123.3,2125.6,High
23213,STAR WREATH DECORATION WITH BELL,General,1.24,207,10.396,11.684,1.124,50.9,123.6,1236.7,1360.3,3794.6,3.1,153.42,153.42,306.83,,,123.7,1237.0,High
23146,TRIPLE HOOK ANTIQUE IVORY ROSE,General,3.28,406,10.394,12.509,1.203,54.4,127.2,760.1,887.3,3793.8,5.0,249.55,249.55,499.09,,,127.2,760.5,High
22819,"BIRTHDAY CARD, RETRO SPOT",General,0.42,246,10.39,10.818,1.041,47.1,119.8,2125.5,2245.3,3792.4,1.8,89.21,89.21,178.43,,,119.8,2124.8,High
21876,POTTERING MUG,General,1.38,385,10.39,12.095,1.164,52.6,125.4,1170.3,1295.7,3792.2,3.2,162.01,162.01,324.03,,,125.3,1172.2,High
90030B,RED KUKUI COCONUT SEED NECKLACE,General,1.0,18,10.389,10.331,0.994,45.0,117.7,1373.5,1491.2,3791.9,2.8,138.04,138.04,276.08,,,117.7,1376.9,Medium
22192,Unknown,General,8.48,558,10.384,11.647,1.122,50.7,123.4,472.8,596.2,3790.0,8.0,400.77,400.77,801.54,,,123.4,472.7,High
22522,check,General,0.85,214,10.383,17.689,1.704,77.0,149.7,1496.0,1645.7,3789.9,2.5,126.67,126.67,253.33,,,149.7,1493.1,Critical
18094C,Unknown,General,1.2,55,10.382,14.888,1.434,64.8,137.5,1258.8,1396.3,3789.4,3.0,150.51,150.51,301.02,,,137.5,1256.5,High
23473,WOODLAND SMALL RED FELT HEART,General,0.83,108,10.38,9.539,0.919,41.5,114.2,1510.2,1624.4,3788.6,2.5,125.43,125.43,250.86,,,114.2,1510.7,Medium
22515,CHILDS GARDEN SPADE PINK,General,2.09,137,10.38,12.992,1.252,56.5,129.2,952.9,1082.1,3788.5,4.0,198.8,198.8,397.6,,,129.2,952.0,High
21494,ROTATING LEAVES T-LIGHT HOLDER,General,1.36,227,10.379,11.171,1.076,48.6,121.3,1182.1,1303.3,3788.3,3.2,160.24,160.24,320.48,,,121.3,1180.2,High
23418,LAVENDER TOILETTE BOTTLE,General,2.08,103,10.379,9.696,0.934,42.2,114.9,953.3,1068.2,3788.2,4.0,198.69,198.69,397.37,,,114.9,954.3,Medium
85130D,BEADED CRYSTAL HEART PINK LARGE,General,1.08,94,10.372,11.853,1.143,51.6,124.2,1326.6,1450.8,3785.9,2.9,142.69,142.69,285.38,,,124.2,1323.9,High
22773,GREEN DRAWER KNOB ACRYLIC EDWARDIAN,General,1.25,330,10.37,10.341,0.997,45.0,117.6,1228.4,1346.0,3784.9,3.1,154.06,154.06,308.12,,,117.6,1230.4,Medium
21558,SKULL LUNCH BOX WITH CUTLERY ,General,2.54,515,10.369,10.466,1.009,45.5,118.1,863.7,981.8,3784.7,4.4,219.09,219.09,438.19,,,118.1,863.1,High
21581,SKULLS  DESIGN  COTTON TOTE BAG,General,2.25,106,10.368,13.837,1.335,60.2,132.8,916.0,1048.8,3784.3,4.1,206.56,206.56,413.12,,,132.8,917.0,High
22327,ROUND SNACK BOXES SET OF 4 SKULLS,General,2.94,391,10.366,10.773,1.039,46.9,119.4,801.8,921.2,3783.5,4.7,235.94,235.94,471.89,,,119.5,802.2,High
22921,HERB MARKER CHIVES ,General,0.65,401,10.364,13.624,1.314,59.3,131.8,1705.6,1837.4,3782.9,2.2,110.9,110.9,221.8,,,131.8,1705.8,High
85225,BLING KEY RING STAND,General,1.0,11,10.364,11.707,1.13,51.0,123.5,1374.0,1497.5,3782.7,2.8,137.65,137.65,275.3,,,123.5,1375.3,High
23405,HOME SWEET HOME 2 DRAWER CABINET,General,4.96,113,10.363,14.534,1.403,63.3,135.8,617.6,753.4,3782.4,6.1,306.21,306.21,612.43,,,135.8,617.5,High
47480,HANGING PHOTO CLIP ROPE LADDER,General,1.78,120,10.358,16.076,1.552,70.0,142.5,1029.6,1172.1,3780.8,3.7,183.6,183.6,367.2,,,142.5,1030.5,Critical
84952B,BLACK LOVE BIRD T-LIGHT HOLDER,General,2.91,42,10.357,8.963,0.865,39.0,111.5,806.5,918.0,3780.4,4.7,234.37,234.37,468.74,,,111.5,805.9,Medium
22586,check,General,0.85,266,10.353,11.235,1.085,48.9,121.4,1491.3,1612.7,3779.0,2.5,126.7,126.7,253.4,,,121.4,1491.0,High
85186A,EASTER BUNNY GARLAND OF FLOWERS,General,0.42,68,10.353,11.495,1.11,50.0,122.5,2120.6,2243.1,3778.8,1.8,89.1,89.1,178.19,,,122.5,2121.0,High
22433,WATERING CAN GREEN DINOSAUR,General,1.93,388,10.351,12.748,1.232,55.5,127.9,989.4,1117.3,3777.9,3.8,190.92,190.92,381.85,,,128.0,989.3,High
21723,ALPHABET HEARTS STICKER SHEET,General,0.85,100,10.35,13.056,1.261,56.8,129.3,1491.3,1620.6,3777.8,2.5,126.66,126.66,253.32,,,129.2,1490.7,High
84520B,Unknown,General,0.85,123,10.35,12.487,1.206,54.3,126.8,1492.0,1618.8,3777.6,2.5,126.59,126.59,253.18,,,126.8,1490.7,High
21747,SMALL SKULL WINDMILL,General,1.23,112,10.348,11.445,1.106,49.8,122.2,1238.2,1360.4,3777.1,3.1,152.53,152.53,305.06,,,122.2,1239.1,High
22080,Unknown,General,1.64,303,10.347,13.964,1.35,60.8,133.2,1072.0,1205.2,3776.5,3.5,176.14,176.14,352.28,,,133.2,1073.0,High
21643,damaged,General,1.23,78,10.346,12.257,1.185,53.3,125.8,1238.1,1363.9,3776.3,3.1,152.51,152.51,305.01,,,125.7,1239.0,High
23127,FELTCRAFT GIRL NICOLE KIT,General,5.04,421,10.342,12.066,1.167,52.5,124.9,612.2,737.1,3774.8,6.2,308.32,308.32,616.64,,,124.9,612.0,High
48116,Unknown,General,7.72,296,10.341,19.7,1.905,85.7,158.1,494.4,652.5,3774.5,7.6,381.73,381.73,763.46,,,158.1,494.4,Critical
82011B,BATHROOM SCALES RUBBER DUCKS,General,3.77,47,10.34,12.134,1.173,52.8,125.2,707.3,832.5,3774.3,5.3,266.82,266.82,533.64,,,125.2,707.5,High
22127,sold in set?,General,1.25,56,10.339,10.913,1.056,47.5,119.9,1227.6,1347.4,3773.8,3.1,153.71,153.71,307.42,,,119.9,1228.6,High
21039,RED RETROSPOT SHOPPING BAG,General,2.53,151,10.338,14.859,1.437,64.7,137.0,863.5,1000.5,3773.3,4.4,218.5,218.5,437.0,,,137.1,863.5,High
44091A,Unknown,General,0.42,6,10.333,7.633,0.739,33.2,105.6,2130.2,2235.8,3771.7,1.8,88.53,88.53,177.06,,,105.5,2119.0,Medium
22744,MAKE YOUR OWN MONSOON CARD KIT,General,2.45,354,10.333,11.945,1.156,52.0,124.3,877.5,1001.8,3771.7,4.3,214.91,214.91,429.81,,,124.3,877.3,High
35909A,RABBIT EASTER DECORATION,General,2.97,9,10.333,9.925,0.96,43.2,115.5,796.8,912.4,3771.7,4.7,236.66,236.66,473.33,,,115.5,796.8,Medium
85034C,3 ROSE MORRIS BOXED CANDLES,General,1.93,198,10.333,9.911,0.959,43.1,115.5,987.5,1102.9,3771.7,3.8,190.97,190.97,381.95,,,115.4,988.5,Medium
22525,Unknown,General,1.24,112,10.33,13.483,1.305,58.7,131.0,1231.2,1362.2,3770.6,3.1,153.13,153.13,306.25,,,131.0,1233.0,High
23031,DOORKNOB CRACKED GLAZE PINK,General,1.65,246,10.329,12.3,1.191,53.5,125.8,1069.6,1195.5,3770.2,3.5,176.24,176.24,352.47,,,125.8,1068.9,High
23407,SET OF 2 TRAYS HOME SWEET HOME,General,9.93,281,10.324,11.561,1.12,50.3,122.6,435.5,558.1,3768.2,8.7,432.58,432.58,865.17,,,122.6,435.6,High
35964,FOLKART CLIP ON STARS,General,0.49,96,10.323,13.526,1.31,58.9,131.1,1952.2,2083.3,3767.9,1.9,96.5,96.5,193.01,,,131.2,1960.8,High
85170B,SET/6 BLACK BIRD T-LIGHT CANDLES,General,1.97,56,10.321,17.77,1.722,77.3,149.6,977.3,1126.9,3767.3,3.9,192.74,192.74,385.48,,,149.5,977.8,Critical
22895,SET OF 2 TEA TOWELS APPLE AND PEARS,General,3.19,471,10.314,11.535,1.118,50.2,122.4,768.5,890.9,3764.7,4.9,244.95,244.95,489.9,,,122.4,768.2,High
21370,MIRRORED WALL ART FOXY,General,4.83,29,10.31,13.636,1.323,59.3,131.5,623.9,755.5,3763.3,6.0,301.58,301.58,603.15,,,131.5,624.2,High
84952C,MIRROR LOVE BIRD T-LIGHT HOLDER,General,2.88,29,10.31,9.476,0.919,41.2,113.4,808.3,921.7,3763.3,4.7,232.79,232.79,465.57,,,113.4,808.3,Medium
21454,PAINTED PINK RABBIT ,General,0.85,104,10.308,11.546,1.12,50.2,122.4,1490.6,1613.0,3762.3,2.5,126.2,126.2,252.41,,,122.4,1487.7,High
23274,STAR T-LIGHT HOLDER WILLIE WINKIE,General,1.75,223,10.3,12.035,1.168,52.4,124.5,1035.8,1160.3,3759.7,3.6,181.48,181.48,362.96,,,124.5,1036.4,High
23051,RECYCLED ACAPULCO MAT BLUE,General,8.24,263,10.3,11.65,1.131,50.7,122.8,477.7,600.5,3759.6,7.9,393.48,393.48,786.96,,,122.8,477.6,High
72801C,check,General,1.22,40,10.3,10.333,1.003,45.0,117.1,1239.0,1356.1,3759.5,3.0,151.71,151.71,303.43,,,117.1,1241.3,High
21320,Unknown,General,1.22,37,10.297,12.856,1.248,56.0,128.0,1240.6,1368.7,3758.5,3.0,151.48,151.48,302.95,,,128.1,1241.1,High
85199L,?,General,0.65,155,10.297,10.96,1.064,47.7,119.8,1702.6,1822.4,3758.3,2.2,110.37,110.37,220.74,,,119.8,1700.3,High
35809A,Unknown,General,1.01,68,10.294,8.859,0.861,38.6,110.6,1366.7,1477.3,3757.4,2.7,137.46,137.46,274.91,,,110.7,1363.9,Medium
23527,WALL ART ANIMALS AND NATURE ,General,3.67,143,10.294,14.412,1.4,62.7,134.8,715.8,850.6,3757.2,5.2,262.45,262.45,524.89,,,134.8,715.5,High
21207,SKULL AND CROSSBONES  GARLAND ,General,1.64,215,10.293,12.882,1.251,56.1,128.1,1070.3,1198.5,3757.0,3.5,175.5,175.5,351.01,,,128.2,1070.2,High
85017B,Unknown,General,0.53,137,10.292,11.939,1.16,52.0,124.0,1882.4,2006.4,3756.6,2.0,99.78,99.78,199.57,,,124.0,1882.5,High
23269,incorrect stock entry.,General,1.44,127,10.291,14.694,1.428,64.0,136.0,1142.8,1278.8,3756.3,3.3,164.34,164.34,328.68,,,136.0,1142.0,High
22957,SET 3 PAPER VINTAGE CHICK PAPER EGG,General,2.93,338,10.29,11.587,1.126,50.4,122.5,800.5,923.0,3755.8,4.7,234.59,234.59,469.19,,,122.4,800.6,High
21258,Unknown,General,12.74,269,10.29,11.4,1.108,49.6,121.6,384.0,505.6,3755.8,9.8,489.08,489.08,978.16,,,121.6,383.9,High
22442,GROW YOUR OWN FLOWERS SET OF 3,General,4.8,211,10.284,14.298,1.39,62.2,134.2,625.1,759.3,3753.8,6.0,300.24,300.24,600.49,,,134.2,625.3,High
21725,SWEETIES  STICKERS,General,0.86,46,10.283,10.07,0.979,43.8,115.8,1481.5,1597.3,3753.2,2.5,126.67,126.67,253.34,,,115.8,1477.2,Medium
79144B,PAINTED LIGHTBULB STAR+ MOON,General,0.42,40,10.275,13.832,1.346,60.2,132.1,2109.4,2241.5,3750.4,1.8,88.9,88.9,177.8,,,132.1,2113.0,High
85020,ROUND PINK HEART MIRROR,General,2.11,51,10.275,11.592,1.128,50.4,122.4,943.6,1065.9,3750.2,4.0,198.73,198.73,397.45,,,122.3,942.7,High
21616,4 PEAR BOTANICAL DINNER CANDLES,General,2.23,182,10.269,11.71,1.14,51.0,122.8,916.1,1038.9,3748.3,4.1,204.59,204.59,409.17,,,122.9,916.7,High
22286,check,General,1.2,161,10.267,10.528,1.025,45.8,117.7,1248.3,1365.9,3747.5,3.0,150.11,150.11,300.22,,,117.7,1249.6,High
23504,PLAYING CARDS JUBILEE UNION JACK,General,1.25,360,10.267,9.325,0.908,40.6,112.5,1225.0,1337.5,3747.3,3.1,152.95,152.95,305.91,,,112.5,1224.3,Medium
21179,damaged,General,0.77,323,10.266,11.038,1.075,48.0,119.9,1563.4,1683.3,3747.2,2.4,119.84,119.84,239.68,,,119.9,1559.9,High
20669,Unknown,General,1.25,98,10.265,12.351,1.203,53.8,125.6,1223.0,1348.6,3746.8,3.1,153.19,153.19,306.37,,,125.7,1224.2,High
23267,SET OF 4 SANTA PLACE SETTINGS,General,1.25,179,10.263,12.086,1.178,52.6,124.4,1225.5,1350.0,3745.8,3.1,152.83,152.83,305.65,,,124.4,1224.1,High
23174,REGENCY SUGAR BOWL GREEN,General,4.11,428,10.262,10.086,0.983,43.9,115.7,674.9,790.6,3745.5,5.5,277.48,277.48,554.96,,,115.7,675.0,Medium
84596L,Unknown,General,0.53,192,10.26,12.497,1.218,54.4,126.2,1882.6,2008.8,3745.1,2.0,99.47,99.47,198.93,,,126.2,1879.7,High
21447,Unknown,General,1.25,200,10.26,11.764,1.147,51.2,123.0,1224.0,1347.0,3744.9,3.1,152.98,152.98,305.96,,,123.0,1223.9,High
22420,LIPSTICK PEN BABY PINK,General,0.47,155,10.258,15.483,1.509,67.4,139.2,1991.1,2130.3,3744.2,1.9,94.02,94.02,188.04,,,139.2,1995.8,Critical
23393,HOME SWEET HOME CUSHION COVER ,General,3.75,393,10.254,8.763,0.855,38.1,109.9,706.0,816.0,3742.9,5.3,265.06,265.06,530.12,,,109.9,706.4,Medium
23569,TRADTIONAL ALPHABET STAMP SET,General,4.95,331,10.254,11.986,1.169,52.2,123.9,615.1,739.0,3742.6,6.1,304.24,304.24,608.48,,,124.0,614.8,High
22163,Unknown,General,1.59,99,10.253,10.888,1.062,47.4,119.2,1085.3,1204.5,3742.2,3.4,172.4,172.4,344.79,,,119.2,1084.8,High
21756,BATH BUILDING BLOCK WORD,General,6.04,482,10.249,10.958,1.069,47.7,119.4,556.4,675.9,3740.9,6.7,336.15,336.15,672.3,,,119.4,556.5,High
85232D,Unknown,General,4.94,145,10.248,13.502,1.317,58.8,130.5,615.6,746.1,3740.6,6.1,303.83,303.83,607.67,,,130.5,615.3,High
22269,EGG CUP NATURAL CHICKEN,General,0.87,184,10.245,11.712,1.143,51.0,122.7,1468.6,1591.3,3739.3,2.5,127.3,127.3,254.61,,,122.7,1466.0,High
21714,CITRONELLA CANDLE GARDEN POT,General,1.25,258,10.244,12.197,1.191,53.1,124.8,1221.9,1346.7,3739.1,3.1,153.0,153.0,306.01,,,124.8,1223.0,High
23086,ZINC STAR T-LIGHT HOLDER ,General,1.24,82,10.244,9.286,0.907,40.4,112.1,1225.5,1337.6,3739.0,3.1,152.55,152.55,305.1,,,112.1,1227.9,Medium
22089,PAPER BUNTING VINTAGE PAISLEY,General,2.91,392,10.242,10.51,1.026,45.7,117.4,801.6,919.1,3738.5,4.7,233.18,233.18,466.36,,,117.4,801.5,High
85018D,YULETIDE IMAGES S/6 PAPER BOXES,General,2.54,21,10.238,21.265,2.077,92.5,164.2,857.2,1021.4,3736.9,4.4,217.97,217.97,435.95,,,164.2,857.7,Critical
90200B,BLACK SWEETHEART BRACELET,General,4.26,76,10.237,11.156,1.09,48.6,120.2,662.2,782.4,3736.4,5.6,282.11,282.11,564.22,,,120.3,662.2,High
22868,NUMBER TILE COTTAGE GARDEN 0 ,General,1.97,17,10.235,11.745,1.147,51.1,122.8,973.4,1096.2,3735.9,3.8,191.89,191.89,383.79,,,122.7,973.8,High
22859,EASTER TIN BUNNY BOUQUET,General,1.65,298,10.235,12.662,1.237,55.1,126.8,1064.1,1190.8,3735.7,3.5,175.54,175.54,351.09,,,126.7,1064.0,High
21428,SET3 BOOK BOX GREEN GINGHAM FLOWER ,General,4.19,355,10.234,11.097,1.084,48.3,119.9,668.0,787.9,3735.3,5.6,279.61,279.61,559.22,,,119.9,667.6,High
23532,WALL ART WORK REST AND PLAY  ,General,4.18,69,10.232,15.46,1.511,67.3,138.9,668.1,807.0,3734.6,5.6,279.49,279.49,558.98,,,138.9,668.4,Critical
90010A,Unknown,General,8.93,26,10.231,12.817,1.253,55.8,127.4,457.4,584.8,3734.2,8.2,408.24,408.24,816.48,,,127.4,457.3,High
85031A,ROMANTIC IMAGES SCRAP BOOK SET,General,3.06,13,10.231,11.599,1.134,50.5,122.1,780.7,902.8,3734.2,4.8,239.15,239.15,478.29,,,122.1,781.1,High
21161,Unknown,General,1.45,96,10.229,14.305,1.398,62.3,133.9,1134.3,1268.1,3733.6,3.3,164.58,164.58,329.16,,,133.9,1134.7,High
23122,PARTY CHARMS 50 PIECES,General,0.82,175,10.229,14.167,1.385,61.7,133.3,1506.2,1639.5,3733.4,2.5,123.93,123.93,247.87,,,133.3,1508.8,High
35471D,SET OF 3 BIRD LIGHT PINK FEATHER ,General,0.48,292,10.223,11.354,1.111,49.4,121.0,1964.9,2085.8,3731.3,1.9,94.95,94.95,189.9,,,121.0,1971.5,High
85071A,BLUE CHARLIE+LOLA PERSONAL DOORSIGN,General,0.78,211,10.218,10.309,1.009,44.9,116.4,1542.8,1659.2,3729.6,2.4,120.87,120.87,241.75,,,116.4,1546.2,High
22765,Unknown,General,13.25,23,10.217,10.041,0.983,43.7,115.2,375.2,490.4,3729.3,9.9,496.97,496.97,993.94,,,115.2,375.1,Medium
21832,CHOCOLATE CALCULATOR,General,1.78,204,10.216,11.735,1.149,51.1,122.6,1024.4,1147.0,3728.7,3.6,182.0,182.0,364.0,,,122.6,1023.4,High
23118,dotcom adjust,General,7.47,406,10.214,10.715,1.049,46.6,118.1,499.5,617.6,3728.2,7.5,373.2,373.2,746.4,,,118.1,499.5,High
84231,EASTER BUNNY WITH BASKET ON BACK,General,0.65,42,10.214,9.346,0.915,40.7,112.2,1690.3,1802.5,3728.2,2.2,110.28,110.28,220.57,,,112.2,1693.5,Medium
21253,SET OF PICTURE FRAME  STICKERS,General,2.73,56,10.214,13.839,1.355,60.2,131.7,826.3,958.1,3728.2,4.5,225.59,225.59,451.18,,,131.7,826.3,High
21260,FIRST AID TIN,General,3.24,309,10.214,12.376,1.212,53.9,125.4,758.8,884.2,3728.0,4.9,245.65,245.65,491.3,,,125.4,758.5,High
22217,damages?,General,0.81,164,10.207,14.851,1.455,64.6,136.1,1514.4,1650.5,3725.7,2.5,123.0,123.0,246.01,,,136.0,1516.5,High
21115,ROSE CARAVAN DOORSTOP,General,4.95,350,10.206,11.411,1.118,49.7,121.1,613.6,734.7,3725.1,6.1,303.54,303.54,607.08,,,121.1,613.4,High
22807,SET OF 6 T-LIGHTS TOADSTOOLS,General,2.67,273,10.205,11.176,1.095,48.6,120.1,834.8,954.9,3724.9,4.5,223.1,223.1,446.2,,,120.0,835.2,High
85194L,HANGING SPRING FLOWER EGG LARGE,General,0.85,119,10.202,10.239,1.004,44.6,116.0,1478.9,1594.9,3723.6,2.5,125.89,125.89,251.78,,,116.0,1480.0,High
85215,Damaged,General,0.64,25,10.2,8.088,0.793,35.2,106.6,1699.0,1805.6,3723.0,2.2,109.57,109.57,219.13,,,106.6,1705.5,Medium
81950B,Unknown,General,0.29,10,10.2,9.163,0.898,39.9,111.3,2529.2,2640.5,3723.0,1.5,73.6,73.6,147.2,,,111.3,2533.6,Medium
21090,WET/MOULDY,General,0.45,234,10.184,10.033,0.985,43.7,115.0,2025.7,2140.6,3717.1,1.8,91.75,91.75,183.5,,,115.0,2032.3,Medium
22784,Unknown,General,4.93,465,10.181,11.94,1.173,52.0,123.2,614.1,737.4,3715.9,6.1,302.54,302.54,605.07,,,123.3,613.9,High
22409,Unknown,General,1.25,144,10.181,12.177,1.196,53.0,124.3,1221.0,1345.3,3715.9,3.0,152.16,152.16,304.33,,,124.3,1219.2,High
23162,REGENCY TEA STRAINER,General,3.78,295,10.18,11.154,1.096,48.5,119.8,700.6,820.4,3715.6,5.3,265.16,265.16,530.33,,,119.8,701.1,High
84457,SET/3 RABBITS FLOWER SKIPPPING ROPE,General,0.85,28,10.179,12.496,1.228,54.4,125.6,1475.5,1601.2,3715.2,2.5,125.89,125.89,251.79,,,125.7,1478.3,High
90039D,FIRE POLISHED GLASS BRACELET GREEN,General,3.76,17,10.176,7.291,0.716,31.7,103.0,702.4,805.3,3714.4,5.3,264.42,264.42,528.84,,,102.9,702.8,Medium
84558A,3D DOG PICTURE PLAYING CARDS,General,2.95,150,10.173,10.28,1.011,44.7,116.0,793.2,909.1,3713.3,4.7,234.07,234.07,468.14,,,115.9,793.3,High
21278,Unknown,General,2.55,12,10.167,9.399,0.924,40.9,112.1,853.1,965.2,3710.8,4.3,217.48,217.48,434.96,,,112.1,853.0,Medium
90176D,DIAMANTE NECKLACE PURPLE,General,7.56,12,10.167,15.361,1.511,66.9,138.0,495.5,633.6,3710.8,7.5,374.42,374.42,748.84,,,138.1,495.4,Critical
23239,SET OF 4 KNICK KNACK TINS POPPIES,General,3.66,292,10.164,10.573,1.04,46.0,117.2,712.3,829.5,3710.0,5.2,260.41,260.41,520.83,,,117.1,711.9,High
21903,MAN FLU METAL SIGN,General,2.2,362,10.163,10.635,1.046,46.3,117.4,918.3,1035.7,3709.5,4.0,201.99,201.99,403.97,,,117.4,918.2,High
23042,PAPER LANTERN 7 POINT SNOW STAR,General,6.64,74,10.162,8.99,0.885,39.1,110.3,528.7,638.9,3709.2,7.0,350.81,350.81,701.63,,,110.2,528.5,Medium
22580,ADVENT CALENDAR GINGHAM SACK,General,6.12,266,10.158,10.402,1.024,45.3,116.4,550.2,666.6,3707.6,6.7,336.93,336.93,673.85,,,116.4,550.4,High
23559,WOODLAND BUNNIES LOLLY MAKERS,General,2.08,148,10.155,9.747,0.96,42.4,113.5,944.2,1057.7,3706.7,3.9,196.29,196.29,392.57,,,113.5,943.9,Medium
20661,BLUE POLKADOT PURSE ,General,4.37,13,10.154,12.529,1.234,54.5,125.6,651.1,776.7,3706.2,5.7,284.62,284.62,569.24,,,125.6,651.2,High
22124,SET OF 2 TEA TOWELS PING MICROWAVE,General,2.0,72,10.153,11.362,1.119,49.4,120.5,963.0,1083.5,3705.8,3.8,192.41,192.41,384.81,,,120.5,962.5,High
22115,METAL SIGN EMPIRE TEA,General,1.47,361,10.152,11.919,1.174,51.9,122.9,1122.1,1245.0,3705.6,3.3,165.12,165.12,330.24,,,123.0,1122.7,High
23299,"FOOD COVER WITH BEADS , SET 2 SIZES",General,3.74,232,10.151,12.571,1.238,54.7,125.8,703.4,829.2,3705.1,5.3,263.37,263.37,526.74,,,125.8,703.8,High
23251,ENAMEL MUG PANTRY,General,1.23,187,10.144,14.614,1.441,63.6,134.6,1225.9,1360.6,3702.7,3.0,151.01,151.01,302.03,,,134.6,1226.9,High
22439,6 ROCKET BALLOONS ,General,0.67,336,10.143,10.306,1.016,44.9,115.9,1661.3,1777.1,3702.1,2.2,111.42,111.42,222.85,,,115.9,1662.2,High
23425,STORAGE TIN HOME SWEET HOME,General,1.66,91,10.143,13.49,1.33,58.7,129.7,1056.4,1186.1,3702.1,3.5,175.23,175.23,350.46,,,129.7,1056.0,High
22200,FRYING PAN PINK POLKADOT,General,3.55,177,10.141,13.821,1.363,60.2,131.1,721.8,853.0,3701.6,5.1,256.4,256.4,512.81,,,131.2,722.0,High
22025,check,General,0.42,179,10.14,10.534,1.039,45.8,116.8,2104.6,2221.5,3701.0,1.8,87.92,87.92,175.85,,,116.8,2099.0,High
21890,missing,General,3.24,366,10.139,10.904,1.075,47.5,118.4,755.6,874.0,3700.9,4.9,244.9,244.9,489.8,,,118.5,755.7,High
23460,SWEETHEART WALL TIDY ,General,9.76,79,10.139,10.744,1.06,46.8,117.7,435.4,553.2,3700.8,8.5,424.95,424.95,849.9,,,117.8,435.4,High
22170,PICTURE FRAME WOOD TRIPLE PORTRAIT,General,6.68,434,10.138,12.066,1.19,52.5,123.5,526.3,649.8,3700.5,7.0,351.57,351.57,703.15,,,123.5,526.3,High
22845,VINTAGE CREAM CAT FOOD CONTAINER,General,6.3,473,10.137,12.325,1.216,53.6,124.6,541.7,666.3,3700.2,6.8,341.5,341.5,683.01,,,124.6,541.9,High
23514,EMBROIDERED RIBBON REEL SALLY ,General,2.08,148,10.135,9.689,0.956,42.2,113.1,943.6,1056.7,3699.3,3.9,196.03,196.03,392.06,,,113.1,943.0,Medium
23537,WALL ART I LOVE LONDON ,General,4.85,38,10.132,10.092,0.996,43.9,114.8,617.2,732.0,3698.0,6.0,299.6,299.6,599.19,,,114.8,617.4,Medium
23132,SMALL IVORY HEART WALL ORGANISER,General,5.79,236,10.131,15.72,1.552,68.4,139.3,565.2,704.5,3697.9,6.5,327.13,327.13,654.26,,,139.3,565.1,Critical
22904,CALENDAR PAPER CUT DESIGN,General,2.97,402,10.124,10.939,1.08,47.6,118.5,788.4,906.9,3695.4,4.7,234.35,234.35,468.7,,,118.5,788.7,High
23531,WALL ART BIG LOVE ,General,6.75,234,10.124,16.379,1.618,71.3,142.2,523.1,665.3,3695.2,7.1,353.17,353.17,706.34,,,142.2,523.2,Critical
84951B,SET OF 4 BLACK LOVEBIRD COASTERS,General,0.93,73,10.123,9.116,0.901,39.7,110.5,1412.0,1522.5,3695.0,2.6,130.85,130.85,261.69,,,110.6,1409.5,Medium
85061W,Unknown,General,0.85,225,10.116,10.261,1.014,44.7,115.5,1474.1,1589.6,3692.2,2.5,125.24,125.24,250.47,,,115.5,1473.7,High
23012,GLASS APOTHECARY BOTTLE PERFUME,General,3.86,348,10.115,10.782,1.066,46.9,117.7,691.5,809.2,3692.0,5.3,266.95,266.95,533.9,,,117.7,691.5,High
22175,PINK OWL SOFT TOY,General,2.94,240,10.113,14.624,1.446,63.6,134.4,792.5,926.9,3691.1,4.7,232.89,232.89,465.77,,,134.4,792.3,High
35653,Unknown,General,2.95,36,10.111,13.761,1.361,59.9,130.7,790.5,921.2,3690.6,4.7,233.42,233.42,466.85,,,130.7,790.9,High
81952V,ROUND PURPLE CLOCK WITH SUCKER,General,0.19,55,10.109,15.923,1.575,69.3,140.1,3119.1,3259.1,3689.8,1.2,59.15,59.15,118.3,,,140.1,3116.1,Critical
37450,CERAMIC CAKE BOWL + HANGING CAKES,General,2.88,205,10.107,11.021,1.09,48.0,118.7,800.5,919.3,3689.2,4.6,230.42,230.42,460.84,,,118.7,800.3,High
46000P,POLYESTER FILLER PAD 65CMx65CM,General,4.22,19,10.105,11.145,1.103,48.5,119.2,661.0,780.3,3688.4,5.6,278.99,278.99,557.98,,,119.2,661.1,High
23160,REGENCY TEA SPOON,General,1.22,96,10.104,14.043,1.39,61.1,131.8,1231.1,1363.0,3688.0,3.0,149.78,149.78,299.57,,,131.8,1229.4,High
21114,LAVENDER SCENTED FABRIC HEART,General,1.25,294,10.102,11.229,1.112,48.9,119.6,1214.1,1333.7,3687.2,3.0,151.85,151.85,303.7,,,119.6,1214.4,High
23088,ZINC HEART FLOWER T-LIGHT HOLDER,General,1.44,109,10.101,8.373,0.829,36.4,107.1,1131.0,1238.2,3686.8,3.3,162.99,162.99,325.97,,,107.1,1131.4,Medium
22184,Unknown,General,8.54,10,10.1,8.075,0.8,35.1,105.8,464.4,570.3,3686.5,7.9,396.87,396.87,793.74,,,105.8,464.6,Medium
84679,CLASSICAL ROSE TABLE LAMP,General,3.95,10,10.1,14.843,1.47,64.6,135.3,683.0,818.3,3686.5,5.4,269.86,269.86,539.73,,,135.3,683.1,High
21619,check,General,1.79,222,10.095,10.089,0.999,43.9,114.6,1014.9,1129.5,3684.5,3.6,181.52,181.52,363.03,,,114.6,1014.5,Medium
21774,DECORATIVE CATS BATHROOM BOTTLE,General,1.2,97,10.093,12.957,1.284,56.4,127.0,1238.6,1365.6,3683.9,3.0,148.71,148.71,297.42,,,127.1,1238.9,High
23484,HEART TRELLIS TRIPLE T-LIGHT HOLDER,General,2.91,87,10.092,10.523,1.043,45.8,116.4,796.2,912.7,3683.6,4.6,231.31,231.31,462.63,,,116.4,795.6,High
22287,DECORATION WOBBLY CHICKEN,General,1.26,109,10.092,9.031,0.895,39.3,109.9,1209.2,1319.1,3683.5,3.0,152.31,152.31,304.62,,,109.9,1209.0,Medium
21739,COSY SLIPPER SHOES SMALL GREEN,General,2.92,88,10.091,12.001,1.189,52.2,122.9,794.6,917.5,3683.2,4.6,231.76,231.76,463.53,,,122.8,794.2,High
22250,DECORATION  BUTTERFLY  MAGIC GARDEN,General,0.84,110,10.091,15.363,1.522,66.9,137.5,1480.7,1618.2,3683.2,2.5,124.38,124.38,248.75,,,137.5,1480.7,Critical
22405,MONEY BOX POCKET MONEY DESIGN,General,1.02,144,10.09,11.666,1.156,50.8,121.4,1341.0,1462.4,3683.0,2.7,137.32,137.32,274.63,,,121.4,1343.6,High
22679,FRENCH BLUE METAL DOOR SIGN 4,General,1.25,177,10.09,11.762,1.166,51.2,121.8,1215.6,1337.4,3683.0,3.0,151.49,151.49,302.98,,,121.8,1213.8,High
21788,KIDS RAIN MAC BLUE,General,0.84,112,10.089,14.99,1.486,65.2,135.9,1477.3,1613.2,3682.6,2.5,124.64,124.64,249.27,,,135.8,1480.5,High
23237,SET OF 4 KNICK KNACK TINS LEAF,General,4.15,306,10.088,12.124,1.202,52.8,123.4,666.3,789.7,3682.2,5.5,276.3,276.3,552.59,,,123.4,666.1,High
22026,BANQUET BIRTHDAY  CARD  ,General,0.42,206,10.087,9.787,0.97,42.6,113.2,2099.0,2212.2,3681.9,1.8,87.71,87.71,175.41,,,113.2,2093.6,Medium
82613C,"METAL SIGN,CUPCAKE SINGLE HOOK",General,0.92,81,10.086,11.545,1.145,50.2,120.9,1418.2,1539.1,3681.5,2.6,129.79,129.79,259.59,,,120.8,1414.5,High
21163,Unknown,General,0.83,220,10.086,11.639,1.154,50.7,121.3,1492.1,1613.4,3681.5,2.5,123.37,123.37,246.73,,,121.3,1489.2,High
22799,SWEETHEART WIRE FRUIT BOWL,General,7.57,154,10.084,12.021,1.192,52.3,122.9,493.1,616.0,3680.8,7.5,373.26,373.26,746.52,,,122.9,493.1,High
22681,FRENCH BLUE METAL DOOR SIGN 6,General,1.29,213,10.085,11.213,1.112,48.8,119.4,1195.7,1315.1,3680.8,3.1,153.93,153.93,307.85,,,119.4,1194.4,High
23184,BULL DOG BOTTLE OPENER,General,5.06,407,10.081,11.178,1.109,48.6,119.2,602.8,722.1,3679.6,6.1,305.19,305.19,610.38,,,119.2,603.0,High
22695,WICKER WREATH SMALL,General,1.24,272,10.081,9.474,0.94,41.2,111.8,1216.9,1328.7,3679.5,3.0,151.18,151.18,302.37,,,111.8,1218.1,Medium
79063D,"RETRO PILL BOX , REVOLUTIONARY",General,0.19,13,10.077,10.72,1.064,46.7,117.2,3080.1,3197.3,3678.1,1.2,59.71,59.71,119.41,,,117.2,3111.1,High
23179,CLOCK MAGNET MUM'S KITCHEN,General,2.72,105,10.076,9.605,0.953,41.8,112.3,822.8,935.1,3677.8,4.5,223.49,223.49,446.99,,,112.3,822.2,Medium
22756,LARGE YELLOW BABUSHKA NOTEBOOK ,General,0.93,214,10.075,11.76,1.167,51.2,121.7,1408.9,1530.6,3677.3,2.6,130.5,130.5,261.01,,,121.7,1406.1,High
22482,Unknown,General,1.25,127,10.071,10.182,1.011,44.3,114.8,1212.3,1327.1,3675.9,3.0,151.61,151.61,303.22,,,114.8,1212.6,High
22499,WOODEN UNION JACK BUNTING,General,5.91,502,10.07,10.893,1.082,47.4,117.9,557.5,675.4,3675.4,6.6,329.66,329.66,659.32,,,117.9,557.6,High
22032,BOTANICAL LILY GREETING CARD,General,0.42,87,10.069,8.841,0.878,38.5,109.0,2087.7,2196.6,3675.2,1.8,88.02,88.02,176.04,,,109.0,2091.7,Medium
22891,TEA FOR ONE POLKADOT,General,4.47,224,10.067,12.999,1.291,56.6,127.0,641.4,768.4,3674.4,5.7,286.45,286.45,572.9,,,127.1,641.1,High
90196A,PURPLE GEMSTONE NECKLACE 45CM,General,12.69,15,10.067,14.048,1.396,61.1,131.6,380.6,512.2,3674.3,9.7,482.75,482.75,965.51,,,131.6,380.5,High
17165D,Unknown,General,1.05,30,10.067,12.071,1.199,52.5,123.0,1324.4,1447.4,3674.3,2.8,138.71,138.71,277.43,,,123.0,1322.7,High
22293,HANGING CHICK GREEN DECORATION,General,1.45,153,10.065,8.604,0.855,37.4,107.9,1124.2,1232.1,3673.9,3.3,163.4,163.4,326.81,,,107.9,1125.5,Medium
21311,Unknown,General,0.67,93,10.065,10.099,1.003,44.0,114.4,1651.2,1765.6,3673.5,2.2,111.24,111.24,222.48,,,114.5,1655.7,High
21468,BUTTERFLY CROCHET FOOD COVER,General,3.76,112,10.062,12.734,1.265,55.4,125.9,699.0,824.8,3672.8,5.3,262.73,262.73,525.46,,,125.8,698.9,High
85203,HANGING WOOD AND FELT BUTTERFLY ,General,0.42,112,10.062,11.767,1.169,51.2,121.7,2090.5,2212.1,3672.8,1.8,87.85,87.85,175.69,,,121.6,2091.0,High
22249,DECORATION WHITE CHICK MAGIC GARDEN,General,0.84,131,10.061,9.591,0.953,41.7,112.2,1476.0,1588.2,3672.3,2.5,124.4,124.4,248.8,,,112.1,1478.5,Medium
22478,BIRDHOUSE GARDEN MARKER ,General,1.25,150,10.06,11.047,1.098,48.1,118.5,1213.1,1331.6,3671.9,3.0,151.34,151.34,302.68,,,118.5,1211.9,High
20831,GOLD PHOTO FRAME,General,1.8,67,10.06,11.129,1.106,48.4,118.9,1010.2,1129.0,3671.8,3.6,181.74,181.74,363.47,,,118.8,1009.9,High
21425,SKULLS STORAGE BOX LARGE,General,2.97,37,10.054,10.341,1.029,45.0,115.4,786.3,901.7,3669.7,4.7,233.35,233.35,466.69,,,115.4,786.0,High
84625A,PINK NEW BAROQUECANDLESTICK CANDLE,General,1.68,93,10.054,12.283,1.222,53.5,123.8,1046.4,1170.2,3669.6,3.5,175.35,175.35,350.7,,,123.9,1045.1,High
22342,HOME GARLAND PAINTED ZINC ,General,0.97,151,10.053,10.11,1.006,44.0,114.4,1371.9,1486.2,3669.3,2.7,133.73,133.73,267.47,,,114.4,1375.3,High
22798,ANTIQUE GLASS DRESSING TABLE POT,General,3.01,371,10.051,12.218,1.216,53.2,123.5,780.0,903.6,3668.7,4.7,235.17,235.17,470.33,,,123.6,780.7,High
21219,SET/4 BADGES BALLOON GIRL,General,1.42,120,10.05,9.408,0.936,40.9,111.3,1137.3,1248.6,3668.3,3.2,161.27,161.27,322.54,,,111.2,1136.5,Medium
22062,Unknown,General,1.43,111,10.045,11.586,1.153,50.4,120.7,1132.9,1253.7,3666.4,3.2,161.81,161.81,323.62,,,120.7,1132.2,High
22591,Unknown,General,3.62,117,10.043,11.686,1.164,50.9,121.2,711.7,832.9,3665.6,5.2,257.51,257.51,515.02,,,121.2,711.5,High
22329,ROUND CONTAINER SET OF 5 RETROSPOT,General,1.64,292,10.041,11.299,1.125,49.2,119.5,1055.5,1175.0,3665.0,3.5,173.62,173.62,347.23,,,119.5,1057.1,High
21718,RED METAL BEACH SPADE ,General,1.25,268,10.041,10.099,1.006,44.0,114.2,1211.1,1325.3,3665.0,3.0,151.31,151.31,302.62,,,114.3,1210.8,High
21620,Unknown,General,1.98,223,10.04,11.216,1.117,48.8,119.1,961.3,1080.4,3664.7,3.8,190.62,190.62,381.23,,,119.1,962.0,High
16225,RATTLE SNAKE EGGS,General,1.15,172,10.035,9.704,0.967,42.2,112.5,1264.3,1376.8,3662.7,2.9,144.85,144.85,289.7,,,112.4,1261.9,Medium
85015,SET OF 12  VINTAGE POSTCARD SET,General,1.18,234,10.034,10.147,1.011,44.2,114.4,1244.0,1358.4,3662.5,2.9,147.21,147.21,294.42,,,114.4,1245.8,High
84510A,SET OF 4 ENGLISH ROSE COASTERS,General,1.27,310,10.032,9.801,0.977,42.7,112.9,1199.8,1312.7,3661.8,3.1,152.59,152.59,305.19,,,112.9,1200.7,Medium
22445,Unknown,General,3.07,203,10.03,12.416,1.238,54.0,124.2,771.7,895.9,3660.8,4.7,237.19,237.19,474.38,,,124.2,772.2,High
22649,STRAWBERRY FAIRY CAKE TEAPOT,General,4.94,284,10.028,9.667,0.964,42.1,112.3,608.7,720.9,3660.3,6.0,300.69,300.69,601.37,,,112.3,608.7,Medium
47420,ASSORTED COLOUR SUCTION CUP HOOK,General,0.19,36,10.028,17.072,1.702,74.3,144.5,3110.0,3254.5,3660.1,1.2,58.84,58.84,117.69,,,144.5,3103.5,Critical
21391,Unknown,General,0.94,146,10.027,9.601,0.957,41.8,112.0,1391.9,1503.9,3660.0,2.6,131.48,131.48,262.95,,,112.0,1395.3,Medium
15044D,RED PAPER PARASOL,General,2.91,150,10.027,11.049,1.102,48.1,118.3,793.4,911.6,3659.7,4.6,230.65,230.65,461.29,,,118.3,793.0,High
35646,VINTAGE BEAD PINK EVENING BAG,General,1.47,80,10.025,14.126,1.409,61.5,131.7,1117.3,1248.9,3659.1,3.3,163.75,163.75,327.5,,,131.7,1115.6,High
22135,MINI LADLE LOVE HEART PINK,General,0.42,83,10.024,13.793,1.376,60.0,130.2,2089.9,2220.1,3658.8,1.8,87.54,87.54,175.07,,,130.2,2087.0,High
21636,check,General,0.82,125,10.024,14.342,1.431,62.4,132.6,1492.6,1625.2,3658.8,2.5,122.56,122.56,245.12,,,132.6,1493.6,High
20615,BLUE POLKADOT PASSPORT COVER,General,1.45,87,10.023,11.546,1.152,50.2,120.4,1121.5,1241.9,3658.4,3.3,163.11,163.11,326.22,,,120.4,1123.2,High
71406C,BLACK ORANGE SQUEEZER,General,0.42,46,10.022,8.593,0.857,37.4,107.6,2085.4,2193.0,3657.9,1.8,87.7,87.7,175.4,,,107.6,2086.8,Medium
22565,FELTCRAFT HAIRBANDS PINK AND WHITE ,General,0.88,269,10.019,11.073,1.105,48.2,118.3,1440.1,1558.4,3656.8,2.5,126.96,126.96,253.92,,,118.3,1441.4,High
22481,wet boxes,General,0.89,204,10.015,9.275,0.926,40.4,110.5,1431.2,1541.7,3655.4,2.6,127.7,127.7,255.41,,,110.5,1433.0,Medium
72586,SET OF 6 HALLOWEEN GHOST T-LIGHTS,General,0.42,70,10.014,12.326,1.231,53.6,123.7,2084.9,2208.7,3655.2,1.8,87.66,87.66,175.31,,,123.7,2086.0,High
20828,GLITTER BUTTERFLY CLIPS,General,2.54,321,10.012,10.577,1.056,46.0,116.1,848.1,964.2,3654.5,4.3,215.45,215.45,430.91,,,116.1,848.2,High
22454,Unknown,General,2.92,97,10.01,12.723,1.271,55.4,125.4,791.2,916.6,3653.8,4.6,230.91,230.91,461.82,,,125.5,791.0,High
22231,JIGSAW TREE WITH BIRDHOUSE,General,0.94,264,10.004,10.315,1.031,44.9,114.9,1395.7,1510.7,3651.4,2.6,130.8,130.8,261.61,,,114.9,1393.6,High
17012E,ORIGAMI OPIUM INCENSE/CANDLE SET ,General,2.51,3,10.0,3.606,0.361,15.7,85.7,852.1,937.8,3650.0,4.3,214.17,214.17,428.34,,,85.7,852.7,Low
23142,IVORY WIRE KITCHEN ORGANISER,General,10.33,71,10.0,14.777,1.478,64.3,134.3,420.3,554.6,3650.0,8.7,434.19,434.19,868.37,,,134.3,420.3,High
90210B,CLEAR ACRYLIC FACETED BANGLE,General,2.3,18,10.0,13.447,1.345,58.5,128.5,891.2,1019.7,3650.0,4.1,204.78,204.78,409.56,,,128.5,890.8,High
90123C,GREEN HEART OF GLASS BRACELET,General,5.94,10,10.0,10.625,1.062,46.2,116.2,554.5,670.8,3650.0,6.6,329.11,329.11,658.22,,,116.2,554.3,High
84806A,PINK CANDYSTUFT ARTIFICIAL FLOWER,General,0.77,23,10.0,12.62,1.262,54.9,124.9,1535.6,1660.6,3650.0,2.4,118.84,118.84,237.69,,,124.9,1539.5,High
37509,NEW ENGLAND MUG W GIFT BOX,General,2.58,14,10.0,10.713,1.071,46.6,116.6,841.7,958.4,3650.0,4.3,216.81,216.81,433.62,,,116.6,841.0,High
21131,GOLD STANDING GNOME,General,3.17,30,10.0,8.678,0.868,37.8,107.8,758.4,866.2,3650.0,4.8,240.63,240.63,481.25,,,107.8,758.8,Medium
20848,ZINC HEART LATTICE CHARGER SMALL,General,2.92,3,10.0,11.269,1.127,49.0,119.0,790.6,909.6,3650.0,4.6,230.85,230.85,461.69,,,119.0,790.6,High
84497,Unknown,General,3.77,12,10.0,7.954,0.795,34.6,104.6,696.1,800.8,3650.0,5.2,262.16,262.16,524.31,,,104.6,695.8,Medium
22889,NUMBER TILE VINTAGE FONT No ,General,1.72,11,10.0,10.536,1.054,45.9,115.9,1030.7,1146.6,3650.0,3.5,177.06,177.06,354.13,,,115.9,1030.1,High
90214B,"LETTER ""B"" BLING KEY RING",General,0.76,11,10.0,8.319,0.832,36.2,106.2,1554.5,1660.7,3650.0,2.3,117.4,117.4,234.81,,,106.2,1549.6,Medium
23255,CHILDRENS CUTLERY CIRCUS PARADE,General,4.13,293,9.993,10.837,1.084,47.2,117.1,664.8,781.9,3647.5,5.5,274.34,274.34,548.68,,,117.2,664.5,High
35095B,RED VICTORIAN FABRIC OVAL BOX,General,0.42,120,9.992,9.244,0.925,40.2,110.2,2089.7,2199.9,3647.0,1.7,87.26,87.26,174.52,,,110.1,2083.7,Medium
22701,PINK DOG BOWL,General,1.9,118,9.992,11.34,1.135,49.4,119.3,979.2,1098.5,3646.9,3.7,186.23,186.23,372.45,,,119.3,979.6,High
22031,BOTANICAL LAVENDER BIRTHDAY CARD,General,0.45,89,9.989,7.22,0.723,31.4,101.3,2020.6,2121.9,3645.9,1.8,90.22,90.22,180.44,,,101.3,2012.7,Medium
84032B,CHARLIE + LOLA RED HOT WATER BOTTLE,General,2.32,303,9.987,13.643,1.366,59.4,129.3,887.1,1016.4,3645.2,4.1,205.46,205.46,410.92,,,129.3,886.3,High
85132A,damaged,General,2.85,146,9.986,10.875,1.089,47.3,117.2,799.9,917.2,3645.0,4.6,227.83,227.83,455.66,,,117.2,799.7,High
22654,DELUXE SEWING KIT ,General,6.01,426,9.984,11.268,1.129,49.0,118.9,550.7,669.6,3644.0,6.6,330.86,330.86,661.72,,,118.9,550.6,High
85014A,BLACK/BLUE POLKADOT UMBRELLA,General,6.05,489,9.982,10.841,1.086,47.2,117.1,548.6,665.6,3643.3,6.6,332.05,332.05,664.11,,,117.1,548.7,High
21374,MIRRORED WALL ART SKULLS,General,1.8,108,9.981,12.359,1.238,53.8,123.7,1005.8,1129.5,3643.2,3.6,181.11,181.11,362.22,,,123.7,1006.0,High
23341,PINK DINER WALL CLOCK,General,8.48,207,9.976,12.467,1.25,54.3,124.1,463.5,587.5,3641.2,7.9,392.83,392.83,785.67,,,124.1,463.4,High
23491,VINTAGE JINGLE BELLS HEART,General,8.26,121,9.975,12.312,1.234,53.6,123.4,469.4,592.8,3641.0,7.8,387.84,387.84,775.68,,,123.4,469.5,High
23025,DRAWER KNOB VINTAGE GLASS BALL,General,2.07,75,9.973,10.435,1.046,45.4,115.2,938.6,1053.8,3640.3,3.9,193.93,193.93,387.86,,,115.2,937.7,High
23056,rusty throw away,General,7.11,74,9.973,14.771,1.481,64.3,134.1,506.0,640.1,3640.1,7.2,359.71,359.71,719.42,,,134.1,505.9,High
22071,SMALL WHITE RETROSPOT MUG IN BOX ,General,3.61,154,9.968,13.458,1.35,58.6,128.3,709.9,838.3,3638.1,5.1,256.23,256.23,512.47,,,128.4,709.9,High
21033,taig adjust no stock,General,2.37,263,9.962,12.909,1.296,56.2,125.9,875.8,1001.8,3636.1,4.2,207.58,207.58,415.15,,,125.9,875.8,High
21199,PINK  HEART CONFETTI IN TUBE,General,1.46,122,9.959,13.758,1.381,59.9,129.6,1116.9,1246.4,3635.0,3.3,162.74,162.74,325.47,,,129.6,1115.7,High
22261,FELT EGG COSY WHITE RABBIT ,General,0.89,121,9.959,11.015,1.106,47.9,117.6,1431.5,1549.2,3634.9,2.5,126.96,126.96,253.92,,,117.6,1429.0,High
21246,damaged,General,4.96,93,9.957,15.403,1.547,67.0,136.7,605.5,742.3,3634.3,6.0,300.09,300.09,600.18,,,136.7,605.3,Critical
21463,MIRRORED DISCO BALL ,General,5.78,284,9.954,12.206,1.226,53.1,122.8,560.8,683.6,3633.3,6.5,323.93,323.93,647.86,,,122.8,560.6,High
23147,SINGLE ANTIQUE ROSE HOOK IVORY,General,1.45,388,9.954,9.385,0.943,40.8,110.5,1120.1,1230.6,3633.1,3.2,162.18,162.18,324.36,,,110.5,1119.3,Medium
23474,WOODLAND SMALL BLUE FELT HEART,General,0.83,64,9.953,9.446,0.949,41.1,110.8,1482.4,1593.2,3632.9,2.5,122.53,122.53,245.06,,,110.8,1479.4,Medium
23371,SET 36 COLOUR PENCILS SPACEBOY ,General,1.25,241,9.95,12.803,1.287,55.7,125.4,1207.7,1333.0,3631.8,3.0,150.37,150.37,300.73,,,125.3,1205.3,High
22510,GINGHAM BABUSHKA DOORSTOP,General,2.01,120,9.95,10.109,1.016,44.0,113.6,949.4,1063.0,3631.7,3.8,191.27,191.27,382.54,,,113.6,950.5,High
22292,HANGING CHICK  YELLOW DECORATION,General,1.45,204,9.946,11.266,1.133,49.0,118.7,1119.7,1238.3,3630.3,3.2,162.12,162.12,324.23,,,118.6,1118.9,High
23285,PINK VINTAGE SPOT BEAKER,General,0.85,267,9.944,11.04,1.11,48.1,117.7,1465.2,1582.9,3629.5,2.5,123.85,123.85,247.71,,,117.7,1461.2,High
22182,CAKE STAND VICTORIAN FILIGREE SMALL,General,3.94,86,9.942,9.119,0.917,39.7,109.3,678.6,787.8,3628.8,5.3,267.39,267.39,534.78,,,109.3,678.6,Medium
46000R,POLYESTER FILLER PAD 45x30cm,General,1.44,119,9.941,12.234,1.231,53.2,122.8,1120.9,1243.7,3628.5,3.2,161.86,161.86,323.73,,,122.8,1122.5,High
22875,NUMBER TILE COTTAGE GARDEN 7,General,1.95,17,9.941,7.894,0.794,34.4,103.9,964.0,1067.9,3628.5,3.8,188.2,188.2,376.41,,,104.0,964.6,Medium
84661A,WHITE SQUARE TABLE CLOCK,General,1.77,33,9.939,9.114,0.917,39.7,109.2,1012.1,1121.4,3627.9,3.6,179.22,179.22,358.45,,,109.3,1012.3,Medium
21249,WOODLAND  HEIGHT CHART STICKERS ,General,2.91,182,9.94,11.214,1.128,48.8,118.4,790.2,908.6,3627.9,4.6,229.57,229.57,459.13,,,118.4,789.5,High
22677,FRENCH BLUE METAL DOOR SIGN 2,General,1.25,223,9.937,11.248,1.132,49.0,118.5,1205.3,1323.9,3627.1,3.0,150.46,150.46,300.92,,,118.6,1204.5,High
21340,CLASSIC METAL BIRDCAGE PLANT HOLDER,General,12.23,434,9.935,10.498,1.057,45.7,115.2,385.1,500.3,3626.5,9.4,470.86,470.86,941.72,,,115.2,385.0,High
35271S,Unknown,General,0.19,14,9.929,9.127,0.919,39.7,109.2,3070.9,3180.1,3623.9,1.2,59.0,59.0,118.01,,,109.2,3088.1,Medium
22211,WOOD STAMP SET FLOWERS,General,0.98,293,9.925,10.541,1.062,45.9,115.3,1356.9,1472.2,3622.6,2.7,133.49,133.49,266.98,,,115.4,1359.5,High
21220,SET/4 BADGES DOGS,General,1.33,93,9.925,13.214,1.331,57.5,127.0,1168.3,1295.3,3622.5,3.1,155.04,155.04,310.07,,,127.0,1167.0,High
20838,FRENCH LATTICE CUSHION COVER ,General,1.01,89,9.921,9.905,0.998,43.1,112.6,1341.1,1453.6,3621.3,2.7,135.02,135.02,270.03,,,112.5,1338.9,Medium
85131D,BEADED CRYSTAL HEART PINK ON STICK,General,1.05,25,9.92,16.879,1.702,73.5,142.9,1315.1,1458.0,3620.8,2.8,137.66,137.66,275.33,,,142.9,1313.1,Critical
22181,check,General,0.85,123,9.919,9.093,0.917,39.6,109.0,1460.7,1569.7,3620.3,2.5,123.92,123.92,247.84,,,109.0,1459.3,Medium
23126,DOLLCRAFT GIRL AMELIE,General,4.98,500,9.918,9.859,0.994,42.9,112.3,602.6,714.9,3620.1,6.0,300.38,300.38,600.76,,,112.3,602.9,Medium
84569A,Unknown,General,1.4,47,9.915,8.782,0.886,38.2,107.6,1137.8,1245.4,3618.9,3.2,159.03,159.03,318.06,,,107.6,1136.9,Medium
23485,BOTANICAL GARDENS WALL CLOCK ,General,24.47,140,9.914,13.173,1.329,57.3,126.7,271.9,398.7,3618.7,13.3,665.38,665.38,1330.76,,,126.7,271.9,High
22700,smashed,General,2.57,138,9.913,11.326,1.142,49.3,118.7,839.4,958.1,3618.3,4.3,215.52,215.52,431.03,,,118.7,839.0,High
22508,DOORSTOP RETROSPOT HEART,General,3.74,471,9.911,12.366,1.248,53.8,123.2,695.0,818.2,3617.5,5.2,260.24,260.24,520.48,,,123.2,695.4,High
21354,TOAST ITS - BEST MUM,General,1.22,178,9.91,9.994,1.008,43.5,112.9,1216.7,1329.6,3617.2,3.0,148.65,148.65,297.29,,,112.9,1217.6,High
22967,SET 3 SONG BIRD PAPER EGGS ASSORTED,General,2.94,276,9.909,10.975,1.108,47.8,117.1,784.8,901.9,3616.9,4.6,230.44,230.44,460.88,,,117.2,784.3,High
21389,IVORY HANGING DECORATION  BIRD,General,0.85,204,9.907,9.192,0.928,40.0,109.4,1459.3,1568.7,3616.0,2.5,123.89,123.89,247.79,,,109.3,1458.4,Medium
22854,Unknown,General,4.9,259,9.903,11.236,1.135,48.9,118.2,607.4,725.7,3614.8,6.0,297.55,297.55,595.09,,,118.2,607.3,High
21744,check,General,3.22,165,9.903,8.323,0.84,36.2,105.5,748.8,854.3,3614.6,4.8,241.37,241.37,482.74,,,105.5,749.2,Medium
22412,Unknown,General,2.1,317,9.902,13.15,1.328,57.2,126.5,928.6,1055.2,3614.3,3.9,194.6,194.6,389.21,,,126.5,927.7,High
22245,Unknown,General,0.84,110,9.9,10.533,1.064,45.8,115.1,1464.9,1580.0,3613.5,2.5,123.34,123.34,246.68,,,115.1,1466.6,High
21043,Unknown,General,2.29,119,9.899,10.99,1.11,47.8,117.1,887.4,1004.5,3613.2,4.1,203.58,203.58,407.17,,,117.1,888.2,High
23081,GREEN METAL BOX TOP SECRET,General,8.34,204,9.897,10.322,1.043,44.9,114.2,465.3,579.5,3612.4,7.8,388.17,388.17,776.34,,,114.2,465.4,High
84709B,Unknown,General,6.0,29,9.897,16.266,1.644,70.8,140.1,548.8,688.9,3612.2,6.6,329.1,329.1,658.19,,,140.1,548.6,Critical
22187,GREEN CHRISTMAS TREE CARD HOLDER,General,2.97,267,9.895,11.245,1.136,48.9,118.2,779.7,897.9,3611.7,4.6,231.61,231.61,463.23,,,118.2,779.8,High
23317,BLUE REFECTORY CLOCK ,General,9.83,161,9.894,11.937,1.206,52.0,121.2,428.6,549.9,3611.5,8.4,421.27,421.27,842.54,,,121.3,428.6,High
47574A,check,General,1.22,132,9.894,19.038,1.924,82.9,152.1,1218.0,1370.1,3611.3,3.0,148.25,148.25,296.5,,,152.2,1216.6,Critical
46000U,check,General,1.25,65,9.892,9.528,0.963,41.5,110.7,1203.7,1314.4,3610.7,3.0,149.99,149.99,299.97,,,110.7,1201.8,Medium
22220,CAKE STAND LOVEBIRD 2 TIER WHITE,General,7.25,194,9.892,12.22,1.235,53.2,122.4,499.1,621.5,3610.5,7.2,361.71,361.71,723.42,,,122.4,499.0,High
20679,EDWARDIAN PARASOL RED,General,5.9,498,9.892,9.952,1.006,43.3,112.6,552.9,665.5,3610.4,6.5,326.48,326.48,652.95,,,112.5,553.1,High
23250,ENAMEL BOWL PANTRY,General,1.24,162,9.889,10.647,1.077,46.3,115.6,1208.3,1323.9,3609.4,3.0,149.36,149.36,298.71,,,115.5,1206.4,High
84051,ASS COLOUR GLOWING TIARAS,General,0.83,54,9.889,16.516,1.67,71.9,141.1,1478.0,1619.1,3609.4,2.4,122.1,122.1,244.2,,,141.1,1474.6,Critical
22230,JIGSAW TREE WITH WATERING CAN,General,0.54,178,9.888,20.352,2.058,88.6,157.8,1832.2,1989.9,3609.0,2.0,98.49,98.49,196.98,,,157.8,1828.0,Critical
84660B,BLACK STITCHED WALL CLOCK,General,1.42,62,9.887,13.521,1.368,58.8,128.1,1128.5,1256.5,3608.8,3.2,159.9,159.9,319.79,,,128.0,1127.3,High
23402,HOME SWEET HOME 3 PEG HANGER ,General,3.75,96,9.885,9.543,0.965,41.5,110.7,693.5,804.2,3608.2,5.2,260.14,260.14,520.27,,,110.7,693.6,Medium
23475,WOODLAND SMALL PINK FELT HEART,General,0.83,78,9.885,10.445,1.057,45.5,114.7,1474.7,1589.3,3607.9,2.4,122.33,122.33,244.66,,,114.7,1474.3,High
90175A,WHITE GLASS CHUNKY CHARM BRACELET,General,8.91,34,9.882,12.11,1.225,52.7,121.9,450.0,571.8,3607.1,8.0,400.82,400.82,801.63,,,121.9,449.9,High
21041,RED RETROSPOT OVEN GLOVE DOUBLE,General,2.95,338,9.882,11.274,1.141,49.1,118.2,781.9,900.1,3606.8,4.6,230.65,230.65,461.29,,,118.3,781.9,High
72801D,4 SKY BLUE DINNER CANDLES,General,1.25,25,9.88,12.937,1.309,56.3,125.5,1198.7,1324.2,3606.2,3.0,150.42,150.42,300.83,,,125.5,1201.0,High
22634,CHILDS BREAKFAST SET SPACEBOY ,General,9.72,386,9.878,10.396,1.052,45.2,114.4,430.6,544.9,3605.6,8.4,418.71,418.71,837.42,,,114.3,430.7,High
72802B,check,General,4.11,113,9.876,17.382,1.76,75.7,144.8,662.4,807.2,3604.8,5.4,272.08,272.08,544.17,,,144.8,662.2,Critical
23065,Unknown,General,12.43,209,9.871,10.532,1.067,45.8,114.9,380.7,495.6,3602.8,9.5,473.25,473.25,946.49,,,114.9,380.7,High
22396,MAGNETS PACK OF 4 RETRO PHOTO,General,0.58,265,9.868,9.822,0.995,42.7,111.8,1763.3,1875.1,3601.8,2.0,102.13,102.13,204.27,,,111.8,1762.1,Medium
23424,GINGHAM RECIPE BOOK BOX,General,4.96,203,9.867,9.994,1.013,43.5,112.6,602.6,715.2,3601.5,6.0,298.81,298.81,597.61,,,112.6,602.5,High
21814,Unknown,General,1.45,37,9.865,17.414,1.765,75.8,144.8,1112.4,1257.3,3600.7,3.2,161.84,161.84,323.68,,,144.9,1114.3,Critical
23244,CANNISTER VINTAGE LEAF DESIGN,General,2.03,228,9.864,11.09,1.124,48.3,117.3,941.5,1058.8,3600.4,3.8,191.21,191.21,382.43,,,117.3,941.7,High
23697,A PRETTY THANK YOU CARD,General,0.42,50,9.86,8.727,0.885,38.0,107.0,2069.4,2176.4,3598.9,1.7,86.96,86.96,173.91,,,107.0,2069.9,Medium
23395,check,General,3.75,312,9.859,10.426,1.058,45.4,114.4,692.8,807.2,3598.5,5.2,259.72,259.72,519.44,,,114.4,692.7,High
85231B,CINAMMON SET OF 9 T-LIGHTS,General,0.87,191,9.859,10.702,1.086,46.6,115.6,1440.9,1556.5,3598.4,2.5,124.87,124.87,249.74,,,115.6,1438.1,High
21228,Unknown,General,1.26,14,9.857,9.945,1.009,43.3,112.3,1196.9,1309.2,3597.9,3.0,150.3,150.3,300.6,,,112.3,1194.9,High
85032C,CURIOUS IMAGES GIFT WRAP SET,General,0.9,173,9.855,11.613,1.178,50.5,119.5,1414.6,1534.1,3597.3,2.5,127.15,127.15,254.29,,,119.5,1413.7,High
20840,damages,General,0.97,115,9.852,10.124,1.028,44.1,113.0,1358.4,1471.4,3596.0,2.6,132.36,132.36,264.73,,,113.1,1361.5,High
23052,RECYCLED ACAPULCO MAT TURQUOISE,General,8.26,405,9.852,10.934,1.11,47.6,116.5,466.6,583.1,3595.9,7.7,385.37,385.37,770.73,,,116.6,466.6,High
21561,DINOSAUR LUNCH BOX WITH CUTLERY,General,2.59,359,9.85,11.553,1.173,50.3,119.2,833.3,952.6,3595.1,4.3,215.7,215.7,431.41,,,119.2,833.1,High
22926,Unknown,General,5.94,395,9.846,11.162,1.134,48.6,117.5,550.0,667.5,3593.6,6.5,326.68,326.68,653.36,,,117.5,550.0,High
21408,SPOTTY PINK DUCK DOORSTOP,General,3.41,134,9.843,13.398,1.361,58.3,127.2,725.5,852.7,3592.8,5.0,247.62,247.62,495.23,,,127.2,725.8,High
22254,FELT TOADSTOOL LARGE,General,1.25,133,9.842,12.203,1.24,53.1,122.0,1200.1,1322.1,3592.4,3.0,149.67,149.67,299.34,,,122.0,1198.7,High
23598,PAPER BUNTING VINTAGE PARTY,General,2.88,63,9.841,14.71,1.495,64.0,132.9,789.4,922.3,3592.1,4.6,227.53,227.53,455.05,,,132.9,789.7,High
23489,VINTAGE BELLS GARLAND,General,2.88,230,9.839,10.318,1.049,44.9,113.8,789.0,902.8,3591.3,4.6,227.59,227.59,455.17,,,113.8,789.6,High
22350,ILLUSTRATED CAT BOWL ,General,2.55,157,9.834,9.89,1.006,43.0,111.9,839.7,951.6,3589.6,4.3,213.74,213.74,427.49,,,111.8,839.0,High
37444C,Unknown,General,2.08,18,9.833,11.633,1.183,50.6,119.5,928.1,1047.5,3589.2,3.9,193.37,193.37,386.74,,,119.4,928.9,High
23540,"WALL ART , THE MAGIC FOREST ",General,5.9,30,9.833,21.514,2.188,93.6,162.5,551.5,714.0,3589.2,6.5,325.39,325.39,650.79,,,162.4,551.5,Critical
84828,JUNGLE POPSICLES ICE LOLLY MOULDS,General,1.27,249,9.831,10.448,1.063,45.5,114.3,1188.8,1303.1,3588.4,3.0,150.92,150.92,301.85,,,114.3,1188.6,High
85211,Unknown,General,1.22,53,9.83,10.577,1.076,46.0,114.8,1213.7,1328.6,3588.0,3.0,147.81,147.81,295.62,,,114.8,1212.6,High
20839,damages,General,1.12,123,9.829,12.566,1.278,54.7,123.5,1264.3,1387.7,3587.7,2.8,141.89,141.89,283.78,,,123.5,1265.6,High
22459,Unknown,General,2.57,29,9.828,10.039,1.022,43.7,112.5,835.7,948.2,3587.1,4.3,214.6,214.6,429.21,,,112.5,835.4,High
21051,found,General,2.32,52,9.827,8.501,0.865,37.0,105.8,880.0,985.8,3586.8,4.1,203.79,203.79,407.58,,,105.8,879.2,Medium
21578,found,General,2.24,190,9.826,10.988,1.118,47.8,116.6,894.9,1011.5,3586.6,4.0,200.4,200.4,400.8,,,116.6,894.8,High
21285,RETROSPOT CANDLE  MEDIUM,General,0.89,97,9.825,12.509,1.273,54.4,123.2,1419.8,1543.0,3586.0,2.5,126.29,126.29,252.58,,,123.2,1419.4,High
22284,HEN HOUSE DECORATION,General,1.65,216,9.824,9.113,0.928,39.7,108.4,1042.4,1150.8,3585.8,3.4,171.99,171.99,343.99,,,108.5,1042.4,Medium
17012B,Unknown,General,1.23,62,9.823,11.993,1.221,52.2,121.0,1208.6,1329.6,3585.2,3.0,148.32,148.32,296.63,,,121.0,1207.2,High
21198,WHITE HEART CONFETTI IN TUBE,General,1.41,129,9.822,10.114,1.03,44.0,112.8,1126.6,1239.3,3584.9,3.2,159.11,159.11,318.22,,,112.8,1127.5,High
84519B,CARROT CHARLIE+LOLA COASTER SET,General,1.34,196,9.821,12.307,1.253,53.6,122.3,1156.0,1278.3,3584.8,3.1,155.06,155.06,310.12,,,122.3,1156.6,High
23238,SET OF 4 KNICK KNACK TINS LONDON ,General,4.14,390,9.821,11.379,1.159,49.5,118.3,658.0,776.3,3584.5,5.4,272.38,272.38,544.76,,,118.2,658.0,High
20970,PINK FLORAL FELTCRAFT SHOULDER BAG,General,3.74,466,9.82,11.668,1.188,50.8,119.5,691.8,811.4,3584.2,5.2,259.03,259.03,518.07,,,119.5,692.2,High
22905,CALENDAR IN SEASON DESIGN,General,2.6,144,9.819,12.781,1.302,55.6,124.4,829.4,953.8,3584.1,4.3,216.06,216.06,432.12,,,124.3,830.2,High
21400,RED PUDDING SPOON,General,0.14,105,9.819,11.287,1.15,49.1,117.9,3630.5,3748.4,3584.0,1.0,49.36,49.36,98.72,,,117.8,3577.7,High
21719,LOVELY BONBON STICKER SHEET,General,0.85,76,9.816,10.758,1.096,46.8,115.5,1450.8,1566.4,3582.8,2.5,123.47,123.47,246.95,,,115.5,1451.7,High
22120,WELCOME  WOODEN BLOCK LETTERS,General,9.78,368,9.815,10.781,1.098,46.9,115.6,428.0,543.7,3582.6,8.4,418.5,418.5,837.01,,,115.6,428.0,High
22753,SMALL YELLOW BABUSHKA NOTEBOOK ,General,0.67,345,9.814,11.185,1.14,48.7,117.4,1635.3,1752.7,3582.3,2.2,109.53,109.53,219.06,,,117.4,1635.0,High
23068,ALUMINIUM HEART,General,2.48,282,9.812,9.495,0.968,41.3,110.0,850.4,960.4,3581.4,4.2,210.56,210.56,421.13,,,110.0,849.7,Medium
84792,ENCHANTED BIRD COATHANGER 5 HOOK,General,4.71,446,9.809,10.603,1.081,46.1,114.8,616.6,731.5,3580.4,5.8,290.32,290.32,580.63,,,114.8,616.5,High
23034,DRAWER KNOB CERAMIC BLACK,General,1.45,124,9.806,9.292,0.948,40.4,109.1,1111.7,1220.8,3579.4,3.2,160.99,160.99,321.98,,,109.0,1111.0,Medium
22133,PINK LOVE HEART SHAPE CUP,General,0.85,139,9.806,10.371,1.058,45.1,113.8,1449.0,1562.8,3579.1,2.5,123.5,123.5,247.0,,,113.7,1451.0,High
22345,PARTY PIZZA DISH BLUE POLKADOT,General,0.52,91,9.802,18.938,1.932,82.4,151.0,1847.3,1998.3,3577.8,1.9,96.84,96.84,193.68,,,151.0,1854.8,Critical
84798A,PINK FOXGLOVE ARTIIFCIAL FLOWER,General,2.53,5,9.8,8.871,0.905,38.6,107.2,840.8,948.0,3577.0,4.3,212.72,212.72,425.44,,,107.2,840.8,Medium
22914,BLUE COAT RACK PARIS FASHION,General,4.95,308,9.799,11.438,1.167,49.8,118.4,601.4,719.7,3576.5,5.9,297.37,297.37,594.75,,,118.4,601.1,High
22325,MOBILE VINTAGE HEARTS ,General,4.93,131,9.794,12.324,1.258,53.6,122.2,602.3,724.4,3574.8,5.9,296.78,296.78,593.57,,,122.2,602.1,High
22021,Unknown,General,1.64,149,9.792,9.145,0.934,39.8,108.3,1042.5,1150.8,3574.1,3.4,171.42,171.42,342.85,,,108.3,1043.9,Medium
22063,CERAMIC BOWL WITH STRAWBERRY DESIGN,General,2.44,201,9.791,11.665,1.191,50.8,119.3,854.9,974.2,3573.7,4.2,209.01,209.01,418.03,,,119.3,855.8,High
72130,COLUMBIAN CANDLE ROUND,General,0.64,52,9.788,12.951,1.323,56.4,124.9,1674.2,1799.1,3572.8,2.1,106.7,106.7,213.4,,,124.9,1670.7,High
85174,S/4 CACTI CANDLES,General,4.96,189,9.788,11.872,1.213,51.7,120.2,600.0,720.2,3572.8,6.0,297.74,297.74,595.48,,,120.2,600.1,High
23429,RED RETRO KITCHEN WALL CLOCK,General,8.19,33,9.788,9.8,1.001,42.7,111.2,467.1,578.3,3572.6,7.6,382.39,382.39,764.77,,,111.2,467.0,High
22119,PEACE WOODEN BLOCK LETTERS,General,5.26,214,9.785,9.793,1.001,42.6,111.1,582.8,693.9,3571.5,6.1,306.42,306.42,612.84,,,111.1,582.7,High
85040A,S/4 PINK FLOWER CANDLES IN BOWL,General,1.71,261,9.782,10.484,1.072,45.6,114.1,1022.0,1136.1,3570.3,3.5,174.66,174.66,349.33,,,114.1,1021.7,High
84805B,BLUE CLIMBING HYDRANGA ART FLOWER,General,1.23,9,9.778,9.431,0.965,41.0,109.5,1204.5,1314.0,3568.9,3.0,148.15,148.15,296.3,,,109.4,1204.5,Medium
22671,FRENCH LAUNDRY SIGN BLUE METAL,General,1.68,236,9.775,12.124,1.24,52.8,121.2,1030.6,1151.7,3568.0,3.5,173.11,173.11,346.22,,,121.2,1030.5,High
22186,RED STAR CARD HOLDER,General,2.37,213,9.775,10.741,1.099,46.7,115.2,867.8,982.9,3567.7,4.1,205.57,205.57,411.14,,,115.1,867.6,High
84800L,Unknown,General,1.92,66,9.773,9.701,0.993,42.2,110.6,962.8,1073.4,3567.0,3.7,185.24,185.24,370.48,,,110.6,963.8,Medium
17090A,LAVENDER INCENSE 40 CONES IN TIN,General,1.11,35,9.771,11.33,1.159,49.3,117.7,1267.6,1385.3,3566.6,2.8,140.68,140.68,281.36,,,117.7,1267.5,High
22604,SET OF 4 NAPKIN CHARMS CUTLERY,General,2.54,249,9.771,10.01,1.024,43.6,112.0,837.2,949.2,3566.4,4.3,212.99,212.99,425.98,,,112.0,837.9,High
23224,CHERUB HEART DECORATION GOLD,General,0.87,96,9.771,9.903,1.014,43.1,111.5,1429.1,1540.6,3566.4,2.5,124.78,124.78,249.55,,,111.5,1431.7,High
22210,WOOD STAMP SET BEST WISHES,General,0.92,279,9.771,11.376,1.164,49.5,117.9,1389.0,1506.9,3566.3,2.6,128.38,128.38,256.75,,,117.9,1392.2,High
22653,BUTTON BOX ,General,1.93,244,9.77,9.446,0.967,41.1,109.5,960.2,1069.7,3566.2,3.7,185.7,185.7,371.39,,,109.5,961.2,Medium
22669,RED BABY BUNTING ,General,2.93,334,9.769,10.263,1.05,44.7,113.1,779.6,892.7,3565.9,4.6,228.69,228.69,457.37,,,113.1,780.1,High
90129B,TURQUOISE GLASS TASSLE BAG CHARM ,General,2.97,13,9.769,10.457,1.07,45.5,113.9,774.8,888.7,3565.8,4.6,230.11,230.11,460.22,,,113.9,774.8,High
21211,SET OF 72 SKULL PAPER  DOILIES,General,1.45,138,9.768,8.572,0.878,37.3,105.7,1110.1,1215.8,3565.4,3.2,160.59,160.59,321.18,,,105.7,1108.8,Medium
21060,PARTY INVITES BALLOON GIRL,General,0.85,102,9.765,11.431,1.171,49.8,118.1,1448.0,1566.1,3564.1,2.5,123.07,123.07,246.15,,,118.2,1447.9,High
85049F,Unknown,General,1.25,195,9.764,8.85,0.906,38.5,106.9,1192.7,1299.5,3563.9,3.0,149.41,149.41,298.82,,,106.8,1194.0,Medium
85107,check?,General,2.47,57,9.754,10.807,1.108,47.0,115.3,848.5,963.8,3560.4,4.2,209.8,209.8,419.6,,,115.3,849.0,High
22203,MILK PAN RED RETROSPOT,General,3.27,232,9.754,10.983,1.126,47.8,116.1,737.9,854.0,3560.3,4.8,241.24,241.24,482.47,,,116.1,737.8,High
22675,FRENCH KITCHEN SIGN BLUE METAL,General,1.29,258,9.752,10.87,1.115,47.3,115.6,1173.7,1289.2,3559.5,3.0,151.64,151.64,303.28,,,115.6,1174.6,High
21715,GIRLS VINTAGE TIN SEASIDE BUCKET,General,2.51,276,9.75,9.904,1.016,43.1,111.4,842.4,953.8,3558.8,4.2,211.22,211.22,422.43,,,111.3,842.0,High
90060D,FIRE POLISHED GLASS NECKL BRONZE,General,5.98,12,9.75,10.847,1.113,47.2,115.5,545.6,661.0,3558.8,6.5,326.15,326.15,652.31,,,115.5,545.5,High
23390,DOLLY GIRL MINI RUCKSACK,General,4.13,256,9.75,11.339,1.163,49.4,117.6,656.0,773.6,3558.8,5.4,271.23,271.23,542.47,,,117.7,656.4,High
90210C,Unknown,General,0.99,8,9.75,8.681,0.89,37.8,106.0,1338.1,1444.2,3558.8,2.7,132.98,132.98,265.95,,,106.0,1340.7,Medium
22788,BROCANTE COAT RACK,General,10.01,107,9.748,10.521,1.079,45.8,114.0,421.6,535.6,3557.9,8.4,421.98,421.98,843.97,,,114.0,421.6,High
22846,BREAD BIN DINER STYLE RED ,General,16.49,531,9.748,10.384,1.065,45.2,113.4,328.4,441.9,3557.9,10.8,541.63,541.63,1083.26,,,113.4,328.5,High
22638,SET OF 4 NAPKIN CHARMS CROWNS ,General,1.92,95,9.747,9.405,0.965,40.9,109.2,963.5,1072.7,3557.8,3.7,184.63,184.63,369.25,,,109.1,962.6,Medium
22683,FRENCH BLUE METAL DOOR SIGN 8,General,1.29,150,9.747,10.228,1.049,44.5,112.7,1176.3,1289.0,3557.5,3.0,151.22,151.22,302.44,,,112.7,1174.3,High
82567,Unknown,General,2.06,338,9.746,10.44,1.071,45.4,113.7,928.5,1042.1,3557.1,3.8,191.56,191.56,383.12,,,113.6,929.2,High
15058C,wet/rusty,General,5.62,101,9.743,9.309,0.955,40.5,108.7,562.4,671.2,3556.0,6.3,316.12,316.12,632.25,,,108.7,562.5,Medium
82613D,METAL SIGN CUPCAKE SINGLE HOOK,General,0.96,123,9.74,11.751,1.207,51.1,119.3,1360.7,1480.1,3555.0,2.6,130.63,130.63,261.26,,,119.3,1360.7,High
20771,CHRYSANTHEMUM  JOURNAL,General,2.54,46,9.739,14.018,1.439,61.0,129.2,837.3,966.5,3554.8,4.2,212.28,212.28,424.55,,,129.2,836.5,High
22496,SET OF 2 ROUND TINS DUTCH CHEESE,General,2.38,183,9.738,10.084,1.036,43.9,112.1,863.4,975.5,3554.3,4.1,205.82,205.82,411.65,,,112.1,864.1,High
84597C,Unknown,General,1.25,34,9.735,13.977,1.436,60.8,129.0,1190.2,1319.2,3553.4,3.0,149.27,149.27,298.54,,,128.9,1192.2,High
22310,IVORY KNITTED MUG COSY ,General,1.79,124,9.734,11.764,1.209,51.2,119.3,997.1,1116.4,3552.9,3.6,178.16,178.16,356.32,,,119.3,996.2,High
22520,Unknown,General,0.85,195,9.733,9.787,1.006,42.6,110.7,1444.3,1555.0,3552.7,2.5,122.99,122.99,245.99,,,110.7,1445.6,High
22562,MONSTERS STENCIL CRAFT,General,1.26,389,9.733,10.772,1.107,46.9,115.0,1188.0,1303.0,3552.4,3.0,149.52,149.52,299.03,,,115.0,1187.3,High
46776C,WOVEN FROST CUSHION COVER,General,4.95,26,9.731,9.447,0.971,41.1,109.2,599.1,708.4,3551.7,5.9,296.41,296.41,592.82,,,109.2,599.0,Medium
22475,SKULL DESIGN TV DINNER TRAY,General,4.27,230,9.73,10.262,1.055,44.7,112.8,645.1,757.9,3551.6,5.5,275.28,275.28,550.57,,,112.8,644.9,High
22942,CHRISTMAS LIGHTS 10 SANTAS ,General,6.72,331,9.725,11.931,1.227,51.9,120.0,513.7,633.7,3549.7,6.9,345.48,345.48,690.95,,,120.0,513.9,High
90196B,BLACK GEMSTONE NECKLACE 45CM,General,12.77,18,9.722,11.595,1.193,50.5,118.5,372.7,491.2,3548.6,9.5,476.07,476.07,952.13,,,118.6,372.8,High
23049,RECYCLED ACAPULCO MAT RED,General,8.26,322,9.72,10.729,1.104,46.7,114.7,463.5,578.3,3548.0,7.7,382.73,382.73,765.46,,,114.7,463.4,High
23152,Unknown,General,3.75,288,9.719,10.464,1.077,45.5,113.6,687.9,801.5,3547.3,5.2,257.84,257.84,515.67,,,113.5,687.7,High
21520,BOOZE & WOMEN GREETING CARD ,General,0.42,81,9.716,10.405,1.071,45.3,113.3,2064.5,2177.8,3546.4,1.7,85.89,85.89,171.78,,,113.3,2054.7,High
17007B,Unknown,General,2.11,14,9.714,6.776,0.698,29.5,97.5,917.7,1015.2,3545.7,3.9,193.19,193.19,386.38,,,97.5,916.6,Medium
79192A,Unknown,General,1.27,7,9.714,11.354,1.169,49.4,117.4,1182.2,1299.6,3545.7,3.0,149.97,149.97,299.93,,,117.4,1181.5,High
22800,ANTIQUE TALL SWIRLGLASS TRINKET POT,General,3.81,280,9.714,11.225,1.156,48.9,116.9,682.1,799.0,3545.7,5.2,259.9,259.9,519.79,,,116.9,682.1,High
84535A,ENGLISH ROSE NOTEBOOK A6 SIZE,General,0.65,38,9.711,10.634,1.095,46.3,114.3,1653.7,1767.9,3544.3,2.1,107.17,107.17,214.33,,,114.3,1651.2,High
85187,S/12 MINI RABBIT EASTER,General,1.64,137,9.708,8.602,0.886,37.4,105.4,1038.0,1143.4,3543.4,3.4,170.68,170.68,341.36,,,105.4,1039.4,Medium
85124B,BLUE JUICY FRUIT PHOTO FRAME,General,2.56,85,9.706,13.697,1.411,59.6,127.6,832.1,959.7,3542.6,4.3,212.87,212.87,425.73,,,127.5,831.8,High
35967,FOLK ART METAL STAR T-LIGHT HOLDER,General,0.41,74,9.703,11.2,1.154,48.7,116.7,2066.7,2183.4,3541.5,1.7,85.68,85.68,171.36,,,116.6,2078.2,High
21828,EIGHT PIECE SNAKE  SET,General,1.25,133,9.699,10.488,1.081,45.6,113.5,1189.6,1303.2,3540.2,3.0,148.79,148.79,297.59,,,113.5,1190.0,High
21264,WHITE GOOSE FEATHER TREE 60CM ,General,1.94,105,9.695,10.825,1.117,47.1,115.0,954.9,1069.9,3538.8,3.7,185.29,185.29,370.58,,,115.0,955.0,High
23325,RUSTIC STRAWBERRY JAM POT SMALL,General,1.63,72,9.694,10.374,1.07,45.2,113.0,1043.0,1156.0,3538.5,3.4,169.63,169.63,339.26,,,113.1,1041.8,High
22587,check,General,0.85,309,9.689,12.58,1.298,54.8,122.6,1443.2,1565.8,3536.6,2.5,122.52,122.52,245.05,,,122.6,1442.3,High
23219,LAUREL STAR ANTIQUE SILVER ,General,1.25,90,9.689,11.675,1.205,50.8,118.6,1188.8,1307.4,3536.4,3.0,148.74,148.74,297.49,,,118.6,1189.4,High
22849,"BREAD BIN, DINER STYLE, MINT",General,16.15,250,9.688,11.034,1.139,48.0,115.8,330.8,446.7,3536.1,10.7,534.42,534.42,1068.83,,,115.8,330.9,High
84993B,Unknown,General,0.42,60,9.683,10.418,1.076,45.3,113.1,2056.5,2169.6,3534.4,1.7,85.93,85.93,171.87,,,113.1,2051.2,High
23565,EGG CUP MILKMAID HELGA ,General,1.24,56,9.679,13.932,1.44,60.6,128.4,1192.1,1320.4,3532.7,3.0,148.18,148.18,296.35,,,128.4,1193.5,High
35915B,BLUE KNITTED HEN ,General,1.65,31,9.677,10.842,1.12,47.2,114.9,1034.2,1149.1,3532.3,3.4,170.77,170.77,341.55,,,114.9,1034.6,High
35651,VINTAGE BEAD PINK SCARF ,General,1.66,71,9.676,9.572,0.989,41.7,109.4,1032.5,1141.9,3531.8,3.4,171.03,171.03,342.06,,,109.4,1031.4,Medium
23151,ZINC SWEETHEART SOAP DISH,General,1.59,52,9.673,10.226,1.057,44.5,112.2,1054.2,1166.5,3530.7,3.3,167.45,167.45,334.9,,,112.2,1053.7,High
21875,KINGS CHOICE MUG,General,1.36,263,9.673,10.995,1.137,47.9,115.6,1137.3,1252.9,3530.6,3.1,155.22,155.22,310.44,,,115.6,1139.3,High
84744,S/6 SEW ON CROCHET FLOWERS,General,1.25,58,9.672,10.808,1.117,47.0,114.7,1190.0,1304.7,3530.4,3.0,148.34,148.34,296.67,,,114.7,1188.3,High
23579,Unknown,General,1.93,79,9.671,11.077,1.145,48.2,115.9,956.9,1072.8,3529.9,3.7,184.44,184.44,368.87,,,115.9,956.3,High
22468,BABUSHKA LIGHTS STRING OF 10,General,6.73,285,9.667,11.199,1.159,48.7,116.4,512.1,628.5,3528.3,6.9,344.52,344.52,689.04,,,116.4,512.0,High
71496A,A4 WALL TIDY BLUE OFFICE,General,0.56,21,9.667,10.551,1.092,45.9,113.6,1774.2,1887.7,3528.3,2.0,99.44,99.44,198.87,,,113.6,1774.9,High
22517,CHILDS GARDEN RAKE PINK,General,2.08,92,9.663,15.202,1.573,66.2,133.8,921.4,1055.2,3527.0,3.8,191.39,191.39,382.78,,,133.8,920.8,Critical
22840,ROUND CAKE TIN VINTAGE RED,General,7.9,477,9.662,9.765,1.011,42.5,110.1,472.5,582.6,3526.8,7.5,373.2,373.2,746.4,,,110.1,472.5,High
21944,KITTENS DESIGN FLANNEL,General,0.7,103,9.66,7.613,0.788,33.1,100.8,1584.7,1685.4,3526.0,2.2,111.25,111.25,222.5,,,100.7,1587.0,Medium
23400,Unknown,General,6.18,181,9.657,14.538,1.505,63.3,130.9,533.9,664.8,3525.0,6.6,330.11,330.11,660.23,,,130.9,534.0,Critical
21587,Unknown,General,2.53,105,9.657,9.056,0.938,39.4,107.0,834.9,941.9,3524.9,4.2,211.1,211.1,422.2,,,107.0,834.6,Medium
22199,FRYING PAN RED POLKADOT ,General,3.4,245,9.657,9.997,1.035,43.5,111.1,720.1,831.2,3524.9,4.9,244.75,244.75,489.5,,,111.1,720.0,High
20967,Amazon Adjustment,General,3.75,260,9.654,10.342,1.071,45.0,112.6,685.4,798.0,3523.7,5.1,257.03,257.03,514.07,,,112.6,685.4,High
22782,SET 3 WICKER STORAGE BASKETS ,General,18.91,132,9.652,9.972,1.033,43.4,111.0,305.2,416.2,3522.8,11.5,577.12,577.12,1154.24,,,111.0,305.2,High
21678,PAISLEY PATTERN  STICKERS,General,0.85,65,9.646,10.072,1.044,43.8,111.4,1439.8,1551.2,3520.8,2.4,122.27,122.27,244.53,,,111.3,1439.1,High
90161B,ANT COPPER TURQ BOUDICCA BRACELET,General,4.97,48,9.646,9.414,0.976,41.0,108.5,594.9,703.4,3520.7,5.9,295.92,295.92,591.85,,,108.5,595.1,Medium
23040,PAPER LANTERN 9 POINT SNOW STAR,General,5.73,118,9.644,13.992,1.451,60.9,128.4,554.0,682.4,3520.1,6.4,317.67,317.67,635.34,,,128.4,554.2,High
22441,GROW YOUR OWN BASIL IN ENAMEL MUG,General,2.1,365,9.644,8.956,0.929,39.0,106.5,916.4,1022.9,3520.0,3.8,192.06,192.06,384.12,,,106.5,915.5,Medium
23525,WALL ART BUFFALO BILL ,General,3.7,143,9.643,12.383,1.284,53.9,121.4,689.6,811.0,3519.8,5.1,255.22,255.22,510.43,,,121.4,689.7,High
85026B,EAU DE NILE JEWELLED T-LIGHT HOLDER,General,0.85,28,9.643,12.172,1.262,53.0,120.5,1437.7,1558.2,3519.6,2.4,122.41,122.41,244.82,,,120.5,1438.9,High
16168M,found,General,0.42,58,9.638,7.973,0.827,34.7,102.2,2045.6,2147.8,3517.8,1.7,85.99,85.99,171.97,,,102.2,2046.4,Medium
22968,Unknown,General,9.76,366,9.637,9.708,1.007,42.3,109.7,424.4,534.1,3517.4,8.3,414.37,414.37,828.74,,,109.8,424.5,High
22684,FRENCH BLUE METAL DOOR SIGN 9,General,1.25,151,9.636,9.218,0.957,40.1,107.6,1187.0,1294.6,3517.1,3.0,148.15,148.15,296.3,,,107.6,1186.1,Medium
22224,WHITE LOVEBIRD LANTERN,General,2.9,269,9.636,10.158,1.054,44.2,111.7,778.1,889.8,3517.0,4.5,225.99,225.99,451.98,,,111.7,778.7,High
22550,HOLIDAY FUN LUDO,General,3.84,351,9.63,14.314,1.486,62.3,129.7,676.1,805.8,3514.8,5.2,259.94,259.94,519.88,,,129.7,676.5,High
21713,CITRONELLA CANDLE FLOWERPOT,General,2.1,218,9.628,10.183,1.058,44.3,111.7,915.1,1026.8,3514.4,3.8,192.02,192.02,384.04,,,111.7,914.7,High
21617,4 LILY  BOTANICAL DINNER CANDLES,General,2.71,140,9.629,11.457,1.19,49.9,117.3,805.9,923.1,3514.4,4.4,218.05,218.05,436.1,,,117.3,805.2,High
90178A,AMBER CHUNKY GLASS+BEAD NECKLACE,General,12.05,24,9.625,9.083,0.944,39.5,106.9,381.8,488.7,3513.1,9.2,460.02,460.02,920.05,,,106.9,381.8,Medium
90039B,FIRE POLISHED GLASS BRACELET MONTAN,General,3.76,8,9.625,7.463,0.775,32.5,99.9,683.0,782.9,3513.1,5.1,257.17,257.17,514.33,,,99.9,683.5,Medium
85114C,RED ENCHANTED FOREST PLACEMAT,General,1.64,149,9.624,9.903,1.029,43.1,110.5,1034.6,1145.0,3512.8,3.4,169.77,169.77,339.55,,,110.5,1034.9,High
22451,Unknown,General,3.35,95,9.621,12.282,1.277,53.5,120.8,724.0,844.8,3511.7,4.9,242.51,242.51,485.03,,,120.8,724.0,High
23337,EGG FRYING PAN MINT ,General,2.08,150,9.62,12.204,1.269,53.1,120.5,917.7,1038.2,3511.3,3.8,191.3,191.3,382.6,,,120.4,918.7,High
15056P,EDWARDIAN PARASOL PINK,General,5.87,243,9.617,11.769,1.224,51.2,118.5,546.9,665.5,3510.3,6.4,320.9,320.9,641.8,,,118.5,546.8,High
85049D,Unknown,General,1.25,219,9.616,9.893,1.029,43.1,110.4,1185.6,1296.0,3510.0,3.0,148.02,148.02,296.04,,,110.4,1184.9,High
22948,sold as set on dotcom,General,0.95,205,9.615,8.849,0.92,38.5,105.8,1359.2,1465.0,3509.3,2.6,129.1,129.1,258.19,,,105.8,1359.0,Medium
23064,Crushed,General,42.15,31,9.613,20.157,2.097,87.7,155.0,204.0,359.0,3508.7,17.2,859.89,859.89,1719.77,,,155.0,204.0,Critical
23093,SMALL PARISIENNE HEART PHOTO FRAME ,General,2.48,201,9.612,10.785,1.122,46.9,114.2,841.5,955.7,3508.4,4.2,208.47,208.47,416.93,,,114.2,841.0,High
21539,check,General,4.93,404,9.611,10.101,1.051,44.0,111.2,596.7,707.9,3508.2,5.9,293.97,293.97,587.94,,,111.3,596.5,High
23185,FRENCH STYLE STORAGE JAR JAM,General,0.44,72,9.611,10.532,1.096,45.8,113.1,1996.4,2109.5,3508.1,1.8,87.86,87.86,175.72,,,113.1,1996.6,High
23112,PARISIENNE CURIO CABINET,General,7.4,265,9.611,9.888,1.029,43.0,110.3,486.8,597.1,3508.1,7.2,360.35,360.35,720.71,,,110.3,486.9,High
22215,CAKE STAND WHITE TWO TIER LACE,General,6.67,249,9.61,12.359,1.286,53.8,121.1,512.8,633.9,3507.8,6.8,342.0,342.0,684.0,,,121.1,512.8,High
18097C,WHITE TALL PORCELAIN T-LIGHT HOLDER,General,2.53,125,9.608,11.754,1.223,51.2,118.4,831.8,950.2,3506.9,4.2,210.81,210.81,421.61,,,118.5,832.5,High
21456,2 PICTURE BOOK EGGS EASTER CHICKS,General,1.25,43,9.605,11.232,1.169,48.9,116.1,1184.3,1300.4,3505.7,3.0,148.01,148.01,296.01,,,116.1,1184.2,High
85055,FRENCH ENAMEL UTENSIL HOLDER,General,3.78,40,9.6,7.107,0.74,30.9,98.1,680.6,778.7,3504.0,5.1,257.42,257.42,514.84,,,98.1,680.8,Medium
90038B,GLASS AND PAINTED BEADS BRACELET OL,General,3.79,5,9.6,6.189,0.645,26.9,94.1,679.5,773.7,3504.0,5.2,257.82,257.82,515.64,,,94.1,679.9,Medium
20964,Unknown,General,2.58,5,9.6,13.24,1.379,57.6,124.8,824.4,949.2,3504.0,4.3,212.52,212.52,425.05,,,124.8,824.1,High
84569B,Unknown,General,1.24,45,9.6,11.089,1.155,48.3,115.5,1186.9,1302.4,3504.0,3.0,147.61,147.61,295.22,,,115.5,1188.7,High
23397,damaged,General,9.87,297,9.596,10.522,1.097,45.8,113.0,421.3,534.3,3502.5,8.3,415.68,415.68,831.36,,,113.0,421.2,High
21071,Unknown,General,1.27,215,9.595,8.999,0.938,39.2,106.3,1172.8,1279.1,3502.3,3.0,149.32,149.32,298.63,,,106.4,1174.2,Medium
23131,Unknown,General,4.1,212,9.594,10.045,1.047,43.7,110.9,653.3,764.1,3501.9,5.4,268.04,268.04,536.07,,,110.9,653.5,High
21677,HEARTS  STICKERS,General,0.92,174,9.592,11.204,1.168,48.8,115.9,1382.8,1498.7,3501.1,2.5,126.6,126.6,253.19,,,115.9,1379.4,High
22930,BAKING MOULD HEART MILK CHOCOLATE,General,2.53,289,9.592,10.477,1.092,45.6,112.7,831.0,943.7,3501.0,4.2,210.65,210.65,421.29,,,112.7,831.8,High
22428,ENAMEL FIRE BUCKET CREAM,General,6.94,242,9.591,10.993,1.146,47.8,115.0,502.1,617.0,3500.7,7.0,348.63,348.63,697.25,,,114.9,502.2,High
84031A,CHARLIE+LOLA RED HOT WATER BOTTLE ,General,3.5,151,9.589,10.906,1.137,47.5,114.6,707.5,822.1,3500.1,4.9,247.37,247.37,494.73,,,114.6,707.1,High
23348,check,General,2.07,258,9.589,9.422,0.983,41.0,108.1,918.6,1026.8,3500.0,3.8,190.5,190.5,381.01,,,108.1,919.5,Medium
84968E,SET OF 16 VINTAGE BLACK CUTLERY,General,13.87,51,9.588,12.584,1.312,54.8,121.9,355.1,477.0,3499.7,9.9,492.73,492.73,985.45,,,121.9,355.2,High
21158,MOODY GIRL DOOR HANGER ,General,0.73,276,9.587,10.954,1.143,47.7,114.8,1544.1,1658.9,3499.2,2.3,113.31,113.31,226.62,,,114.8,1548.1,High
22494,EMERGENCY FIRST AID TIN ,General,1.34,263,9.586,10.899,1.137,47.4,114.5,1141.5,1256.1,3498.7,3.1,153.25,153.25,306.49,,,114.5,1142.6,High
22425,ENAMEL COLANDER CREAM,General,4.92,291,9.584,8.366,0.873,36.4,103.5,595.9,699.5,3498.2,5.9,293.5,293.5,587.0,,,103.5,596.2,Medium
22821,GIFT BAG PSYCHEDELIC APPLES,General,0.65,120,9.583,8.115,0.847,35.3,102.4,1643.1,1745.5,3497.9,2.1,106.45,106.45,212.89,,,102.4,1640.3,Medium
72598,SET/12 TAPER CANDLES,General,0.85,96,9.583,10.272,1.072,44.7,111.8,1436.2,1548.0,3497.9,2.4,121.78,121.78,243.56,,,111.8,1434.4,High
22955,36 FOIL STAR CAKE CASES ,General,1.95,273,9.582,12.976,1.354,56.5,123.6,946.6,1070.2,3497.6,3.7,184.74,184.74,369.48,,,123.6,947.0,High
17107D,FLOWER FAIRY 5 SUMMER DRAW LINERS,General,2.55,74,9.581,10.082,1.052,43.9,110.9,827.5,938.4,3497.1,4.2,211.32,211.32,422.63,,,111.0,828.1,High
22255,FELT TOADSTOOL  SMALL,General,0.85,117,9.581,9.125,0.952,39.7,106.8,1436.2,1543.0,3497.1,2.4,121.75,121.75,243.5,,,106.8,1434.3,Medium
23214,BELL HEART ANTIQUE GOLD,General,2.13,178,9.579,9.154,0.956,39.8,106.9,906.6,1013.5,3496.2,3.9,192.83,192.83,385.66,,,106.9,905.9,Medium
23381,PACK OF 12 VINTAGE LEAF TISSUES ,General,0.39,166,9.578,11.461,1.197,49.9,116.9,2115.3,2232.2,3496.1,1.7,82.64,82.64,165.28,,,116.9,2117.1,High
85132B,Unknown,General,2.74,151,9.576,10.94,1.142,47.6,114.6,798.9,913.5,3495.3,4.4,218.77,218.77,437.53,,,114.6,798.6,High
82616C,MIDNIGHT GLAMOUR SCARF KNITTING KIT,General,1.49,129,9.574,10.384,1.085,45.2,112.2,1081.2,1193.4,3494.4,3.2,161.6,161.6,323.19,,,112.2,1082.9,High
21745,GAOLERS KEYS DECORATIVE GARDEN ,General,3.79,376,9.572,9.845,1.029,42.8,109.9,679.1,789.0,3493.7,5.1,257.23,257.23,514.45,,,109.8,678.9,High
84913A,Unknown,General,4.64,35,9.571,14.702,1.536,64.0,131.0,613.3,744.3,3493.6,5.7,284.83,284.83,569.67,,,131.0,613.6,Critical
22743,MAKE YOUR OWN FLOWERPOWER CARD KIT,General,2.54,326,9.571,13.124,1.371,57.1,124.1,828.6,952.8,3493.3,4.2,210.78,210.78,421.56,,,124.1,829.3,High
23415,HOME SWEET HOME HOOK,General,1.2,156,9.571,9.796,1.024,42.6,109.6,1207.9,1317.5,3493.2,2.9,144.6,144.6,289.21,,,109.6,1206.4,High
20802,SMALL GLASS SUNDAE DISH CLEAR,General,1.63,72,9.569,11.698,1.222,50.9,117.9,1036.5,1154.4,3492.8,3.4,168.49,168.49,336.98,,,117.9,1035.1,High
21123,SET/10 IVORY POLKADOT PARTY CANDLES,General,1.25,217,9.567,8.998,0.941,39.2,106.1,1182.3,1288.4,3491.9,3.0,147.68,147.68,295.35,,,106.2,1181.8,Medium
84707A,SILVER JEWELLED MIRROR TRINKET TRAY,General,5.05,39,9.564,13.177,1.378,57.3,124.3,588.0,712.3,3490.9,5.9,296.82,296.82,593.65,,,124.2,587.9,High
21188,3D HEARTS  HONEYCOMB PAPER GARLAND,General,2.92,80,9.562,11.994,1.254,52.2,119.1,772.9,892.0,3490.3,4.5,225.81,225.81,451.62,,,119.1,773.1,High
21556,CERAMIC STRAWBERRY MONEY BOX,General,2.52,105,9.562,11.454,1.198,49.9,116.8,832.2,949.0,3490.1,4.2,209.69,209.69,419.39,,,116.8,832.2,High
22689,Unknown,General,8.62,164,9.561,8.919,0.933,38.8,105.7,449.9,555.6,3489.8,7.8,387.86,387.86,775.72,,,105.7,449.9,Medium
72780,BLACK SILOUETTE CANDLE PLATE,General,0.85,41,9.561,11.234,1.175,48.9,115.8,1429.7,1545.5,3489.8,2.4,122.05,122.05,244.09,,,115.8,1432.8,High
21584,RETROSPOT SMALL TUBE MATCHES,General,1.65,294,9.561,10.373,1.085,45.1,112.1,1027.2,1139.3,3489.8,3.4,169.88,169.88,339.75,,,112.0,1028.4,High
22137,BATHROOM SET LOVE HEART DESIGN,General,2.98,25,9.56,13.055,1.366,56.8,123.7,765.7,889.5,3489.4,4.6,227.85,227.85,455.7,,,123.7,765.2,High
85231G,amazon,General,0.85,125,9.56,8.416,0.88,36.6,103.5,1433.3,1536.8,3489.4,2.4,121.73,121.73,243.45,,,103.5,1432.7,Medium
22664,TOY TIDY DOLLY GIRL DESIGN,General,1.98,211,9.559,9.918,1.038,43.2,110.1,938.6,1048.6,3489.1,3.7,185.88,185.88,371.76,,,110.1,938.7,High
21383,PACK OF 12 STICKY BUNNIES,General,0.65,154,9.558,10.642,1.113,46.3,113.2,1642.2,1755.4,3488.8,2.1,106.22,106.22,212.45,,,113.2,1638.2,High
84251C,"GREETING CARD, TWO SISTERS.",General,0.19,9,9.556,6.839,0.716,29.8,96.7,3020.8,3117.4,3487.8,1.2,57.73,57.73,115.46,,,96.7,3029.6,Medium
35095A,BLUE VICTORIAN FABRIC OVAL BOX,General,0.42,89,9.551,9.708,1.017,42.3,109.1,2037.4,2146.5,3486.0,1.7,85.55,85.55,171.1,,,109.2,2037.2,High
22068,BLACK PIRATE TREASURE CHEST,General,1.2,191,9.55,11.514,1.206,50.1,117.0,1204.2,1321.2,3485.7,2.9,144.73,144.73,289.45,,,117.0,1205.1,High
22393,PAPERWEIGHT VINTAGE COLLAGE,General,1.82,166,9.548,13.858,1.451,60.3,127.2,977.9,1105.1,3485.1,3.6,178.19,178.19,356.37,,,127.1,978.5,High
85176,SEWING SUSAN 21 NEEDLE SET,General,0.9,183,9.546,10.998,1.152,47.9,114.7,1392.9,1507.6,3484.5,2.5,125.08,125.08,250.16,,,114.7,1391.3,High
21162,TOXIC AREA  DOOR HANGER ,General,0.69,266,9.545,10.94,1.146,47.6,114.4,1593.7,1708.1,3484.0,2.2,109.31,109.31,218.61,,,114.4,1588.9,High
21147,found,General,2.25,57,9.544,11.301,1.184,49.2,116.0,880.2,996.2,3483.5,4.0,197.87,197.87,395.74,,,116.0,879.8,High
84673B,BLUE FLY SWAT,General,0.82,81,9.543,11.39,1.193,49.6,116.4,1453.6,1569.9,3483.3,2.4,119.82,119.82,239.64,,,116.4,1457.4,High
23028,Unknown,General,1.64,214,9.542,10.57,1.108,46.0,112.8,1029.2,1142.0,3482.9,3.4,169.21,169.21,338.41,,,112.8,1030.5,High
22735,RIBBON REEL SOCKS AND MITTENS,General,1.74,187,9.54,10.937,1.146,47.6,114.4,1001.4,1115.8,3482.1,3.5,173.86,173.86,347.73,,,114.4,1000.3,High
22116,METAL SIGN HIS DINNER IS SERVED,General,1.38,190,9.537,10.821,1.135,47.1,113.9,1124.2,1238.1,3480.9,3.1,154.82,154.82,309.64,,,113.9,1123.0,High
22180,Unknown,General,9.93,291,9.536,10.993,1.153,47.8,114.6,418.6,533.2,3480.7,8.3,415.72,415.72,831.44,,,114.6,418.6,High
22123,PING MICROWAVE APRON,General,1.95,163,9.534,11.42,1.198,49.7,116.4,943.9,1060.4,3479.8,3.7,184.33,184.33,368.66,,,116.4,944.6,High
22801,ANTIQUE GLASS PEDESTAL BOWL,General,3.78,301,9.532,10.328,1.084,45.0,111.7,678.0,789.7,3479.0,5.1,256.56,256.56,513.11,,,111.7,678.4,High
22723,SET OF 6 HERB TINS SKETCHBOOK,General,3.55,431,9.531,10.591,1.111,46.1,112.8,699.9,812.7,3478.9,5.0,248.53,248.53,497.06,,,112.8,700.0,High
22717,CARD DOG AND BALL ,General,0.42,147,9.531,8.159,0.856,35.5,102.2,2035.4,2137.7,3478.7,1.7,85.45,85.45,170.91,,,102.2,2035.0,Medium
22256,FELT FARM ANIMAL CHICKEN,General,1.25,100,9.53,10.371,1.088,45.1,111.8,1180.5,1292.4,3478.4,2.9,147.33,147.33,294.66,,,111.8,1179.6,High
84592,CROCHET ROSE PURSE WITH SUEDE BACK,General,2.92,17,9.529,13.039,1.368,56.7,123.5,771.4,894.9,3478.2,4.5,225.44,225.44,450.88,,,123.4,771.7,High
22682,FRENCH BLUE METAL DOOR SIGN 7,General,1.24,211,9.521,11.871,1.247,51.7,118.3,1182.0,1300.3,3475.3,2.9,147.01,147.01,294.02,,,118.3,1183.8,High
23392,SPACEBOY ROCKET LOLLY MAKERS,General,2.06,146,9.521,13.276,1.395,57.8,124.4,917.5,1041.9,3475.0,3.8,189.38,189.38,378.77,,,124.4,918.4,High
21726,MULTI HEARTS  STICKERS,General,0.85,123,9.52,12.59,1.322,54.8,121.4,1428.2,1549.7,3474.9,2.4,121.65,121.65,243.3,,,121.4,1429.7,High
22635,CHILDS BREAKFAST SET DOLLY GIRL ,General,9.76,312,9.519,10.436,1.096,45.4,112.1,421.9,533.9,3474.5,8.2,411.78,411.78,823.56,,,112.0,421.9,High
23423,PANTRY 3 HOOK ROLLING PIN HANGER,General,3.74,110,9.518,11.934,1.254,51.9,118.6,681.2,799.8,3474.1,5.1,255.0,255.0,509.99,,,118.5,681.5,High
85019C,Damaged,General,2.75,29,9.517,12.974,1.363,56.5,123.1,794.0,917.1,3473.8,4.4,218.74,218.74,437.49,,,123.1,794.7,High
22473,TV DINNER TRAY VINTAGE PAISLEY,General,3.94,213,9.516,11.293,1.187,49.2,115.8,663.8,779.6,3473.5,5.2,261.63,261.63,523.27,,,115.8,663.9,High
22452,Unknown,General,2.85,119,9.513,12.694,1.334,55.2,121.8,780.6,902.5,3472.1,4.4,222.39,222.39,444.77,,,121.8,780.5,High
21749,LARGE RED RETROSPOT WINDMILL,General,2.08,207,9.512,15.595,1.64,67.9,134.5,912.5,1047.0,3471.9,3.8,190.24,190.24,380.48,,,134.5,913.6,Critical
85054,found,General,2.75,192,9.51,8.86,0.932,38.6,105.1,794.4,899.6,3471.3,4.4,218.47,218.47,436.95,,,105.2,794.4,Medium
22331,WOODLAND PARTY BAG + STICKER SET,General,1.7,304,9.51,10.806,1.136,47.0,113.6,1009.7,1123.3,3471.1,3.4,171.89,171.89,343.78,,,113.6,1010.4,High
22374,AIRLINE BAG VINTAGE JET SET RED,General,4.3,361,9.51,9.911,1.042,43.1,109.7,635.6,745.3,3471.0,5.5,273.05,273.05,546.11,,,109.7,635.3,High
22939,ADULT APRON APPLE DELIGHT,General,5.18,224,9.509,10.151,1.068,44.2,110.7,578.7,689.4,3470.8,6.0,299.88,299.88,599.77,,,110.8,578.8,High
22222,CAKE PLATE LOVEBIRD WHITE,General,4.35,323,9.508,10.587,1.114,46.1,112.6,631.9,744.5,3470.3,5.5,274.59,274.59,549.18,,,112.7,631.6,High
85035C,check,General,2.47,178,9.506,10.822,1.138,47.1,113.6,838.2,951.9,3469.6,4.1,206.96,206.96,413.91,,,113.6,838.1,High
21972,SET OF 36 DINOSAUR PAPER DOILIES,General,1.45,87,9.506,9.317,0.98,40.6,107.1,1095.3,1202.4,3469.6,3.2,158.38,158.38,316.77,,,107.1,1093.8,Medium
21867,PINK UNION JACK  LUGGAGE TAG,General,1.28,188,9.505,10.201,1.073,44.4,110.9,1163.4,1274.3,3469.4,3.0,149.11,149.11,298.21,,,110.9,1164.1,High
21126,SET OF 6 GIRLS CELEBRATION CANDLES,General,1.25,127,9.504,9.025,0.95,39.3,105.8,1176.7,1282.5,3468.9,2.9,147.4,147.4,294.8,,,105.8,1177.9,Medium
22389,PAPERWEIGHT SAVE THE PLANET,General,1.95,139,9.504,11.705,1.232,50.9,117.5,942.0,1059.5,3468.8,3.7,184.11,184.11,368.22,,,117.4,943.1,High
37447,CERAMIC CAKE DESIGN SPOTTED PLATE,General,1.48,197,9.503,10.066,1.059,43.8,110.3,1082.3,1192.6,3468.4,3.2,160.24,160.24,320.47,,,110.3,1082.5,High
90016A,SILVER/M.O.P PENDANT ORBIT NECKLACE,General,8.45,4,9.5,12.767,1.344,55.6,122.1,452.9,575.0,3467.5,7.7,382.81,382.81,765.62,,,122.1,453.0,High
90102,WHITE FRANGIPANI HAIR CLIP,General,0.85,8,9.5,7.616,0.802,33.1,99.6,1429.2,1528.9,3467.5,2.4,121.31,121.31,242.61,,,99.6,1428.2,Medium
20857,Unknown,General,1.65,28,9.5,8.311,0.875,36.2,102.7,1025.5,1128.2,3467.5,3.4,169.06,169.06,338.12,,,102.7,1025.1,Medium
21373,MIRRORED WALL ART SNOWFLAKES,General,0.75,118,9.5,9.177,0.966,39.9,106.4,1518.1,1624.5,3467.5,2.3,114.21,114.21,228.42,,,106.4,1520.4,Medium
84805A,wet damaged,General,2.07,12,9.5,10.335,1.088,45.0,111.5,915.4,1026.8,3467.5,3.8,189.4,189.4,378.81,,,111.5,915.2,High
85159A,"BLACK TEA,COFFEE,SUGAR JARS",General,2.11,82,9.5,8.266,0.87,36.0,102.5,907.4,1009.8,3467.5,3.8,191.08,191.08,382.16,,,102.5,906.5,Medium
21742,LARGE ROUND WICKER PLATTER ,General,5.94,243,9.498,12.208,1.285,53.1,119.6,540.4,660.0,3466.7,6.4,320.79,320.79,641.57,,,119.6,540.2,High
84944,michel oops,General,2.57,153,9.497,11.172,1.176,48.6,115.1,820.5,935.6,3466.3,4.2,211.23,211.23,422.46,,,115.1,821.2,High
22265,EASTER DECORATION NATURAL CHICK,General,0.65,95,9.495,8.237,0.868,35.8,102.3,1634.6,1736.9,3465.6,2.1,106.01,106.01,212.01,,,102.3,1632.7,Medium
21221,SET/4 BADGES CUTE CREATURES,General,1.25,75,9.493,10.838,1.142,47.2,113.6,1175.8,1289.5,3465.1,2.9,147.35,147.35,294.69,,,113.7,1177.3,High
22856,sold as set on dotcom,General,1.25,63,9.492,13.079,1.378,56.9,123.4,1177.5,1300.9,3464.6,2.9,147.12,147.12,294.24,,,123.3,1177.2,High
23517,EMBROIDERED RIBBON REEL REBECCA ,General,2.89,146,9.486,11.958,1.261,52.0,118.4,773.9,892.3,3462.5,4.5,223.7,223.7,447.41,,,118.4,774.0,High
84536B,FAIRY CAKES NOTEBOOK A7 SIZE,General,0.43,229,9.485,11.339,1.195,49.3,115.7,2008.0,2123.8,3461.9,1.7,86.2,86.2,172.4,,,115.7,2006.4,High
22973,CHILDREN'S CIRCUS PARADE MUG,General,1.67,231,9.481,11.028,1.163,48.0,114.4,1018.0,1132.3,3460.4,3.4,169.97,169.97,339.94,,,114.4,1017.9,High
22216,T-LIGHT HOLDER WHITE LACE,General,0.51,50,9.48,12.494,1.318,54.4,120.7,1838.1,1958.8,3460.2,1.9,94.12,94.12,188.25,,,120.8,1841.8,High
20823,Unknown,General,0.79,23,9.478,8.989,0.948,39.1,105.5,1484.2,1589.7,3459.6,2.3,116.54,116.54,233.09,,,105.4,1479.7,Medium
23235,BISCUIT TIN VINTAGE LEAF,General,2.65,242,9.475,11.459,1.209,49.9,116.2,808.1,924.3,3458.5,4.3,213.99,213.99,427.98,,,116.2,807.8,High
46000S,dotcom sales,General,1.45,331,9.474,8.914,0.941,38.8,105.1,1091.3,1196.4,3458.1,3.2,158.44,158.44,316.88,,,105.1,1092.0,Medium
35914,Unknown,General,0.85,38,9.474,12.282,1.296,53.5,119.8,1424.7,1544.4,3457.9,2.4,121.36,121.36,242.72,,,119.8,1426.2,High
23096,PETIT TRAY CHIC,General,1.71,226,9.473,12.002,1.267,52.2,118.5,1006.1,1124.6,3457.8,3.4,171.85,171.85,343.69,,,118.5,1005.5,High
20757,RED DAISY POCKET BOOK ,General,0.85,53,9.472,10.649,1.124,46.3,112.7,1424.2,1536.9,3457.2,2.4,121.37,121.37,242.74,,,112.6,1426.1,High
85180A,RED HEARTS LIGHT CHAIN ,General,2.84,66,9.47,9.597,1.013,41.8,108.1,779.8,887.8,3456.4,4.4,221.64,221.64,443.27,,,108.1,780.1,High
21537,?,General,4.23,164,9.47,11.444,1.208,49.8,116.1,638.8,754.9,3456.4,5.4,270.52,270.52,541.05,,,116.1,639.2,High
84508B,Unknown,General,2.54,64,9.469,12.791,1.351,55.7,122.0,825.0,947.0,3456.1,4.2,209.46,209.46,418.92,,,122.0,824.8,High
21846,PINK DIAMANTE PEN IN GIFT BOX,General,4.84,45,9.467,11.651,1.231,50.7,117.0,597.5,714.4,3455.3,5.8,289.17,289.17,578.34,,,117.0,597.5,High
22685,FRENCH BLUE METAL DOOR SIGN 0,General,1.25,150,9.467,10.641,1.124,46.3,112.6,1176.2,1288.8,3455.3,2.9,146.88,146.88,293.77,,,112.6,1175.6,High
22678,FRENCH BLUE METAL DOOR SIGN 3,General,1.28,243,9.465,10.139,1.071,44.1,110.4,1163.9,1274.3,3454.7,3.0,148.41,148.41,296.82,,,110.4,1161.7,High
10080,check,General,0.39,56,9.464,7.713,0.815,33.6,99.8,2097.3,2197.1,3454.5,1.6,82.36,82.36,164.71,,,99.8,2104.5,Medium
62086A,PINK RETRO BIG FLOWER BAG,General,1.95,41,9.463,9.88,1.044,43.0,109.2,940.6,1049.8,3454.1,3.7,183.62,183.62,367.24,,,109.2,941.1,High
84659A,check,General,2.56,54,9.463,9.884,1.044,43.0,109.3,821.2,930.5,3454.0,4.2,210.3,210.3,420.6,,,109.2,821.3,High
22747,POPPY'S PLAYHOUSE BATHROOM,General,2.09,360,9.458,10.306,1.09,44.9,111.1,909.7,1020.7,3452.3,3.8,189.76,189.76,379.52,,,111.1,908.8,High
84823,Unknown,General,7.94,24,9.458,7.205,0.762,31.4,97.6,466.2,563.7,3452.3,7.4,370.28,370.28,740.56,,,97.6,466.3,Medium
21329,DINOSAURS  WRITING SET ,General,1.68,264,9.458,11.142,1.178,48.5,114.7,1012.4,1127.1,3452.3,3.4,170.5,170.5,341.01,,,114.7,1013.6,High
90114,SUMMER DAISIES BAG CHARM,General,2.57,22,9.455,7.34,0.776,31.9,98.1,820.0,918.2,3450.9,4.2,210.41,210.41,420.83,,,98.1,819.4,Medium
22375,AIRLINE BAG VINTAGE JET SET BROWN,General,4.24,205,9.454,11.956,1.265,52.0,118.2,637.7,755.9,3450.6,5.4,270.54,270.54,541.07,,,118.2,637.9,High
22925,AMAZON,General,6.05,333,9.453,12.62,1.335,54.9,121.1,534.2,655.3,3450.5,6.5,322.96,322.96,645.92,,,121.1,534.0,High
22458,Missing,General,2.56,51,9.451,11.693,1.237,50.9,117.0,821.1,938.2,3449.6,4.2,210.05,210.05,420.11,,,117.1,820.8,High
20733,GOLD MINI TAPE MEASURE ,General,0.84,129,9.45,12.756,1.35,55.5,121.7,1430.8,1552.5,3449.1,2.4,120.53,120.53,241.06,,,121.6,1432.8,High
22358,KINGS CHOICE TEA CADDY ,General,3.0,266,9.447,11.332,1.199,49.3,115.4,757.6,873.0,3448.3,4.6,227.58,227.58,455.17,,,115.4,758.1,High
23369,SET 36 COLOUR PENCILS LOVE LONDON,General,1.25,181,9.442,10.331,1.094,45.0,111.1,1173.0,1284.0,3446.3,2.9,146.91,146.91,293.81,,,111.1,1174.1,High
22860,EASTER TIN CHICKS PINK DAISY,General,1.65,186,9.441,10.089,1.069,43.9,110.0,1022.3,1132.3,3445.9,3.4,168.54,168.54,337.08,,,110.0,1021.9,High
23435,3 RAFFIA RIBBONS VINTAGE CHRISTMAS,General,0.95,109,9.44,10.428,1.105,45.4,111.5,1346.3,1457.8,3445.7,2.6,127.97,127.97,255.94,,,111.5,1346.7,High
16254,TRANSPARENT ACRYLIC TAPE DISPENSER,General,0.85,16,9.438,8.39,0.889,36.5,102.6,1423.0,1525.5,3444.7,2.4,121.04,121.04,242.08,,,102.6,1423.5,Medium
22279,POCKET BAG BLUE PAISLEY RED SPOT,General,1.26,135,9.437,10.161,1.077,44.2,110.3,1170.2,1280.5,3444.5,2.9,147.18,147.18,294.36,,,110.3,1169.1,High
21328,BALLOONS  WRITING SET ,General,1.67,369,9.436,10.642,1.128,46.3,112.4,1015.6,1128.0,3444.3,3.4,169.56,169.56,339.12,,,112.4,1015.5,High
23014,GLASS APOTHECARY BOTTLE ELIXIR,General,3.94,260,9.435,9.025,0.957,39.3,105.3,660.8,766.1,3443.6,5.2,260.58,260.58,521.16,,,105.3,661.1,Medium
23133,LARGE IVORY HEART WALL ORGANISER,General,7.95,267,9.434,12.451,1.32,54.2,120.2,465.3,585.5,3443.6,7.4,370.05,370.05,740.1,,,120.2,465.4,High
22371,AIRLINE BAG VINTAGE TOKYO 78,General,4.3,485,9.433,9.516,1.009,41.4,107.4,632.9,740.3,3443.0,5.4,272.02,272.02,544.04,,,107.4,632.7,High
22863,Unknown,General,2.93,222,9.432,10.443,1.107,45.4,111.5,766.1,877.6,3442.8,4.5,224.69,224.69,449.39,,,111.4,766.5,High
84192,ASSORTED COLOUR METAL CAT ,General,1.25,79,9.43,8.837,0.937,38.5,104.5,1171.8,1276.3,3442.1,2.9,146.87,146.87,293.74,,,104.5,1173.4,Medium
22055,MINI CAKE STAND  HANGING STRAWBERY,General,1.29,314,9.43,11.115,1.179,48.4,114.4,1152.8,1267.2,3441.9,3.0,149.28,149.28,298.56,,,114.4,1155.0,High
84907,Unknown,General,7.72,7,9.429,11.942,1.267,52.0,118.0,472.0,590.0,3441.4,7.3,364.54,364.54,729.08,,,118.0,472.1,High
84593,Unknown,General,2.91,7,9.429,12.778,1.355,55.6,121.6,768.6,890.2,3441.4,4.5,223.88,223.88,447.76,,,121.6,769.0,High
23316,RED REFECTORY CLOCK ,General,9.77,209,9.426,11.543,1.225,50.2,116.2,419.6,535.8,3440.4,8.2,409.98,409.98,819.95,,,116.2,419.6,High
22505,MEMO BOARD COTTAGE DESIGN,General,4.91,520,9.425,9.501,1.008,41.4,107.3,591.8,699.1,3440.1,5.8,290.66,290.66,581.31,,,107.4,591.9,High
21775,DECORATIVE FLORE BATHROOM BOTTLE,General,1.21,114,9.421,10.272,1.09,44.7,110.7,1193.0,1303.7,3438.7,2.9,144.12,144.12,288.23,,,110.6,1192.0,High
22853,CAT BOWL VINTAGE CREAM,General,3.25,233,9.421,8.938,0.949,38.9,104.8,727.2,832.1,3438.5,4.7,236.41,236.41,472.83,,,104.8,727.3,Medium
21738,Unknown,General,2.95,55,9.418,10.999,1.168,47.9,113.8,763.3,877.1,3437.6,4.5,225.18,225.18,450.37,,,113.8,763.3,High
84912A,Unknown,General,3.75,79,9.418,11.95,1.269,52.0,117.9,677.4,795.4,3437.5,5.1,253.71,253.71,507.43,,,117.9,677.0,High
21946,PARTY TIME DESIGN FLANNEL,General,0.76,29,9.414,11.996,1.274,52.2,118.1,1501.5,1619.6,3436.0,2.3,114.42,114.42,228.84,,,118.1,1503.5,High
22839,3 TIER CAKE TIN GREEN AND CREAM,General,15.08,300,9.41,12.622,1.341,54.9,120.8,337.4,458.2,3434.7,10.2,508.93,508.93,1017.85,,,120.8,337.5,High
21547,Unknown,General,2.95,44,9.409,10.546,1.121,45.9,111.8,762.9,874.6,3434.3,4.5,225.09,225.09,450.18,,,111.8,762.9,High
20752,check,General,2.1,257,9.405,11.245,1.196,48.9,114.8,904.2,1019.0,3432.7,3.8,189.81,189.81,379.62,,,114.7,904.1,High
35597D,Unknown,General,0.38,5,9.4,7.603,0.809,33.1,98.9,2119.2,2218.0,3431.0,1.6,80.95,80.95,161.9,,,98.9,2124.7,Medium
20847,ZINC HEART LATTICE CHARGER LARGE,General,3.73,10,9.4,5.739,0.611,25.0,90.8,678.6,769.4,3431.0,5.1,252.79,252.79,505.58,,,90.8,678.2,Medium
23008,DOLLY GIRL BABY GIFT SET,General,16.36,235,9.4,11.059,1.177,48.1,113.9,323.8,437.8,3431.0,10.6,529.73,529.73,1059.46,,,113.9,323.8,High
84313B,Damaged,General,3.33,25,9.4,8.651,0.92,37.6,103.4,718.3,821.7,3431.0,4.8,238.84,238.84,477.68,,,103.4,717.8,Medium
21609,Unknown,General,2.91,148,9.399,13.249,1.41,57.7,123.5,767.4,890.9,3430.5,4.5,223.51,223.51,447.01,,,123.5,767.7,High
72800B, 4 PURPLE FLOCK DINNER CANDLES,General,2.02,101,9.396,10.432,1.11,45.4,111.2,922.5,1033.6,3429.6,3.7,185.89,185.89,371.79,,,111.2,921.4,High
23694,PAISLEY PARK CARD,General,0.42,46,9.391,8.596,0.915,37.4,103.2,2021.1,2124.3,3427.8,1.7,84.8,84.8,169.6,,,103.1,2020.1,Medium
21206,STRAWBERRY HONEYCOMB  GARLAND ,General,1.53,138,9.391,11.458,1.22,49.9,115.6,1059.0,1174.7,3427.8,3.2,161.84,161.84,323.67,,,115.6,1058.4,High
79160,HEART SHAPE WIRELESS DOORBELL,General,2.04,116,9.388,11.109,1.183,48.3,114.1,917.3,1031.4,3426.6,3.7,186.77,186.77,373.55,,,114.0,916.4,High
22767,TRIPLE PHOTO FRAME CORNICE ,General,9.84,432,9.387,10.187,1.085,44.3,110.0,417.2,527.2,3426.1,8.2,410.62,410.62,821.24,,,110.0,417.2,High
85087,Unknown,General,2.98,13,9.385,10.308,1.098,44.9,110.6,757.9,868.5,3425.4,4.5,225.97,225.97,451.95,,,110.6,758.1,High
85118,Unknown,General,1.02,21,9.381,12.706,1.354,55.3,121.0,1292.5,1413.4,3424.0,2.6,132.46,132.46,264.92,,,121.0,1295.5,High
22871,NUMBER TILE COTTAGE GARDEN 3 ,General,1.96,21,9.381,8.715,0.929,37.9,103.6,933.6,1037.2,3424.0,3.7,183.38,183.38,366.76,,,103.6,934.6,Medium
23513,EMBROIDERED RIBBON REEL SUSIE ,General,2.08,153,9.379,14.09,1.502,61.3,127.0,908.1,1035.1,3423.4,3.8,188.48,188.48,376.96,,,127.0,907.2,Critical
21708,FOLDING UMBRELLA CREAM POLKADOT,General,4.97,58,9.379,9.326,0.994,40.6,106.2,586.6,692.8,3423.4,5.8,291.82,291.82,583.64,,,106.3,586.9,Medium
22953,BIRTHDAY BANNER TAPE,General,1.25,202,9.376,9.949,1.061,43.3,108.9,1169.3,1278.2,3422.3,2.9,146.34,146.34,292.68,,,108.9,1170.0,High
21750,LARGE SKULL WINDMILL,General,2.09,32,9.375,12.194,1.301,53.1,118.7,903.9,1022.6,3421.9,3.8,189.28,189.28,378.57,,,118.7,904.8,High
21812,GARLAND WITH HEARTS AND BELLS,General,4.92,72,9.375,11.39,1.215,49.6,115.2,589.8,705.0,3421.9,5.8,290.08,290.08,580.16,,,115.2,589.7,High
21527,Unknown,General,7.83,289,9.374,9.872,1.053,43.0,108.6,467.3,575.9,3421.4,7.3,366.08,366.08,732.16,,,108.6,467.4,High
21204,DAISIES  HONEYCOMB GARLAND ,General,1.65,149,9.369,9.111,0.972,39.7,105.2,1019.1,1124.3,3419.7,3.4,167.78,167.78,335.57,,,105.3,1018.0,Medium
20751,check,General,2.1,366,9.369,9.949,1.062,43.3,108.9,902.5,1011.4,3419.6,3.8,189.45,189.45,378.9,,,108.9,902.3,High
82011A,"BATHROOM SCALES, TROPICAL BEACH",General,3.77,19,9.368,10.833,1.156,47.1,112.7,673.5,786.2,3419.5,5.1,253.87,253.87,507.73,,,112.7,673.4,High
22426,check,General,3.62,315,9.368,9.831,1.049,42.8,108.4,687.0,795.4,3419.4,5.0,248.86,248.86,497.72,,,108.4,687.2,High
22430,ENAMEL WATERING CAN CREAM,General,4.91,356,9.368,9.064,0.968,39.4,105.0,589.8,694.8,3419.3,5.8,289.87,289.87,579.74,,,105.0,590.1,Medium
85025C,Unknown,General,1.65,68,9.368,9.027,0.964,39.3,104.9,1016.7,1121.6,3419.2,3.4,168.15,168.15,336.3,,,104.9,1017.9,Medium
84596E,Unknown,General,1.07,79,9.367,13.876,1.481,60.4,126.0,1266.2,1392.2,3419.0,2.7,135.01,135.01,270.01,,,126.0,1264.0,High
84660C,Unknown,General,0.83,60,9.367,11.273,1.204,49.1,114.6,1431.7,1546.3,3418.8,2.4,119.4,119.4,238.8,,,114.7,1435.1,High
22246,"GARLAND, MAGIC GARDEN 1.8M",General,2.15,60,9.367,7.02,0.75,30.6,96.1,892.2,988.3,3418.8,3.8,191.59,191.59,383.18,,,96.2,891.7,Medium
21445,Unknown,General,1.25,55,9.364,11.457,1.224,49.9,115.4,1169.5,1284.9,3417.7,2.9,146.12,146.12,292.24,,,115.4,1169.2,High
23416,CHAMBRE HOOK,General,0.92,58,9.362,9.339,0.998,40.6,106.2,1360.9,1467.0,3417.2,2.5,125.55,125.55,251.1,,,106.1,1362.8,Medium
22894,TABLECLOTH RED APPLES DESIGN ,General,9.66,236,9.36,12.497,1.335,54.4,119.9,420.6,540.5,3416.5,8.1,406.14,406.14,812.29,,,119.9,420.5,High
22613,PACK OF 20 SPACEBOY NAPKINS,General,0.87,222,9.36,9.13,0.975,39.7,105.3,1401.9,1507.2,3416.5,2.4,121.85,121.85,243.71,,,105.2,1401.3,Medium
85188A,GREEN METAL SWINGING BUNNY,General,0.85,50,9.36,8.731,0.933,38.0,103.5,1418.2,1521.7,3416.4,2.4,120.45,120.45,240.9,,,103.5,1417.6,Medium
22229,BUNNY WOODEN PAINTED WITH FLOWER ,General,0.63,139,9.36,8.928,0.954,38.9,104.4,1641.1,1745.5,3416.3,2.1,104.08,104.08,208.17,,,104.4,1646.6,Medium
22785,SQUARECUSHION COVER PINK UNION JACK,General,5.72,148,9.358,11.986,1.281,52.2,117.7,546.3,663.9,3415.7,6.3,312.64,312.64,625.28,,,117.7,546.4,High
23050,RECYCLED ACAPULCO MAT GREEN,General,8.22,339,9.357,10.423,1.114,45.4,110.9,455.7,566.6,3415.3,7.5,374.69,374.69,749.38,,,110.9,455.8,High
84531A,returned,General,0.63,62,9.355,7.625,0.815,33.2,98.7,1647.1,1745.8,3414.5,2.1,103.65,103.65,207.3,,,98.7,1646.2,Medium
20766,GARDEN PATH SKETCHBOOK,General,3.76,125,9.352,10.543,1.127,45.9,111.3,674.2,785.5,3413.5,5.1,253.16,253.16,506.31,,,111.4,673.7,High
23027,DRAWER KNOB VINTAGE GLASS HEXAGON,General,2.08,54,9.352,8.288,0.886,36.1,101.5,904.9,1006.4,3413.4,3.8,188.61,188.61,377.22,,,101.6,905.8,Medium
21820,Unknown,General,3.72,97,9.351,9.156,0.979,39.8,105.3,677.1,782.4,3412.9,5.0,252.01,252.01,504.03,,,105.3,677.3,Medium
35637A,IVORY STRING CURTAIN WITH POLE ,General,2.98,20,9.35,11.509,1.231,50.1,115.5,756.4,871.9,3412.8,4.5,225.59,225.59,451.19,,,115.6,756.7,High
22500,SET OF 2 TINS JARDIN DE PROVENCE,General,3.72,243,9.35,12.253,1.31,53.3,118.8,677.4,796.2,3412.7,5.0,251.88,251.88,503.77,,,118.8,677.3,High
22946,check,General,16.15,190,9.347,10.711,1.146,46.6,112.1,325.0,437.1,3411.8,10.5,524.88,524.88,1049.76,,,112.0,325.0,High
21003,ROSE DU SUD CUSHION COVER,General,6.36,26,9.346,12.073,1.292,52.5,118.0,518.1,636.0,3411.3,6.6,329.24,329.24,658.49,,,117.9,517.9,High
22272,Damaged,General,2.94,119,9.345,10.65,1.14,46.3,111.8,762.2,874.0,3410.8,4.5,223.74,223.74,447.49,,,111.7,761.6,High
22789,T-LIGHT HOLDER SWEETHEART HANGING,General,1.99,306,9.343,10.225,1.094,44.5,109.9,925.8,1035.7,3410.2,3.7,184.18,184.18,368.36,,,109.9,925.7,High
23490,T-LIGHT HOLDER HANGING LOVE BIRD,General,3.77,156,9.34,8.538,0.914,37.2,102.5,672.1,774.6,3409.0,5.1,253.63,253.63,507.25,,,102.6,672.4,Medium
21125,SET 6 FOOTBALL CELEBRATION CANDLES,General,1.25,162,9.34,8.505,0.911,37.0,102.4,1167.0,1269.4,3408.9,2.9,146.05,146.05,292.11,,,102.4,1167.7,Medium
85170D,SET/6 PINK BIRD T-LIGHT CANDLES,General,2.27,95,9.337,11.872,1.272,51.7,117.0,866.9,983.9,3407.9,3.9,196.57,196.57,393.14,,,117.1,866.4,High
23410,CURIO CABINET LINEN AND LACE ,General,8.11,48,9.333,7.631,0.818,33.2,98.5,458.4,557.0,3406.7,7.4,371.57,371.57,743.14,,,98.5,458.3,Medium
22862,Unknown,General,4.26,120,9.333,12.214,1.309,53.2,118.5,632.3,750.8,3406.7,5.4,269.39,269.39,538.78,,,118.5,632.3,High
22626,BLACK KITCHEN SCALES,General,8.55,396,9.333,10.198,1.093,44.4,109.7,446.4,556.2,3406.7,7.6,381.54,381.54,763.08,,,109.7,446.3,High
72132,COLUMBIAN CUBE CANDLE,General,1.93,12,9.333,10.916,1.17,47.5,112.8,939.5,1052.3,3406.7,3.6,181.31,181.31,362.62,,,112.8,939.4,High
85086A,Unknown,General,0.86,6,9.333,7.967,0.854,34.7,100.0,1407.3,1507.4,3406.7,2.4,121.03,121.03,242.06,,,100.0,1407.4,Medium
22605,WOODEN CROQUET GARDEN SET,General,14.29,474,9.333,10.929,1.171,47.6,112.9,345.3,458.2,3406.7,9.9,493.34,493.34,986.68,,,112.9,345.3,High
82615,PINK MARSHMALLOW SCARF KNITTING KIT,General,2.6,6,9.333,13.692,1.467,59.6,124.9,808.9,933.8,3406.7,4.2,210.58,210.58,421.16,,,124.9,809.4,High
21226,POCKET MIRROR WOODLAND,General,1.26,6,9.333,7.448,0.798,32.4,97.7,1163.5,1261.2,3406.7,2.9,146.4,146.4,292.8,,,97.7,1162.7,Medium
22076,6 RIBBONS EMPIRE  ,General,1.27,268,9.332,11.219,1.202,48.8,114.2,1157.8,1272.0,3406.2,2.9,147.1,147.1,294.2,,,114.1,1158.0,High
23421,PANTRY HOOK SPATULA,General,2.06,58,9.328,8.443,0.905,36.7,102.0,908.0,1010.0,3404.6,3.7,187.48,187.48,374.96,,,102.0,909.0,Medium
22870,NUMBER TILE COTTAGE GARDEN 2,General,1.95,37,9.324,7.732,0.829,33.7,98.9,934.6,1033.5,3403.4,3.6,182.07,182.07,364.15,,,99.0,934.2,Medium
22334,DINOSAUR PARTY BAG + STICKER SET,General,1.65,205,9.322,9.735,1.044,42.4,107.6,1015.4,1123.0,3402.5,3.4,167.54,167.54,335.09,,,107.7,1015.4,High
82599,Unknown,General,2.1,212,9.321,9.865,1.058,42.9,108.2,900.4,1008.6,3402.1,3.8,188.91,188.91,377.83,,,108.1,900.0,High
85183B,CHARLIE & LOLA WASTEPAPER BIN FLORA,General,1.47,205,9.317,10.154,1.09,44.2,109.4,1074.7,1184.1,3400.7,3.2,158.21,158.21,316.43,,,109.4,1075.5,High
84559A,3D SHEET OF DOG STICKERS,General,0.85,92,9.315,9.534,1.024,41.5,106.7,1413.8,1520.5,3400.1,2.4,120.25,120.25,240.49,,,106.7,1414.2,High
21407,Unknown,General,4.2,226,9.314,9.495,1.019,41.3,106.5,636.3,742.8,3399.7,5.3,267.14,267.14,534.28,,,106.5,636.2,High
20961,STRAWBERRY BATH SPONGE ,General,1.29,240,9.312,11.551,1.24,50.3,115.5,1147.3,1262.8,3399.1,3.0,148.13,148.13,296.27,,,115.5,1147.8,High
21922,UNION STRIPE WITH FRINGE  HAMMOCK,General,7.83,309,9.311,11.649,1.251,50.7,115.9,465.8,581.7,3398.4,7.3,364.76,364.76,729.52,,,115.9,465.8,High
84465,Unknown,General,2.94,29,9.31,15.87,1.705,69.1,134.2,760.6,894.9,3398.3,4.5,223.39,223.39,446.77,,,134.3,760.2,Critical
84663A,Unknown,General,2.02,58,9.31,11.831,1.271,51.5,116.7,916.8,1033.5,3398.3,3.7,185.33,185.33,370.67,,,116.7,917.1,High
21947,SET OF 6 HEART CHOPSTICKS,General,1.36,167,9.305,8.217,0.883,35.8,100.9,1115.6,1216.5,3396.5,3.0,152.22,152.22,304.44,,,100.9,1117.5,Medium
22676,FRENCH BLUE METAL DOOR SIGN 1,General,1.25,296,9.301,8.112,0.872,35.3,100.4,1165.9,1266.3,3394.7,2.9,145.59,145.59,291.17,,,100.4,1165.3,Medium
90151,SILVER/NATURAL SHELL NECKLACE,General,8.34,10,9.3,14.515,1.561,63.2,128.3,451.0,579.3,3394.5,7.5,376.34,376.34,752.69,,,128.3,451.1,Critical
22448,PIN CUSHION BABUSHKA RED,General,2.8,70,9.3,9.899,1.064,43.1,108.2,778.8,886.9,3394.5,4.4,217.94,217.94,435.89,,,108.2,778.6,High
22858,EASTER TIN KEEPSAKE,General,1.64,253,9.296,12.322,1.325,53.6,118.7,1016.6,1135.3,3393.2,3.3,166.89,166.89,333.77,,,118.7,1017.1,High
22332,SKULLS PARTY BAG + STICKER SET,General,1.65,234,9.295,8.988,0.967,39.1,104.2,1014.1,1118.3,3392.6,3.3,167.28,167.28,334.55,,,104.2,1013.9,Medium
17012A,Unknown,General,0.86,51,9.294,8.07,0.868,35.1,100.2,1408.2,1508.4,3392.4,2.4,120.45,120.45,240.89,,,100.2,1404.4,Medium
23128,DOLLCRAFT BOY JEAN-PAUL ,General,4.95,280,9.293,9.881,1.063,43.0,108.1,585.4,693.5,3391.9,5.8,289.7,289.7,579.4,,,108.1,585.3,High
22365,DOORMAT RESPECTABLE HOUSE,General,7.86,304,9.293,10.452,1.125,45.5,110.5,464.5,575.0,3391.9,7.3,365.11,365.11,730.23,,,110.6,464.5,High
85130C,BEADED CRYSTAL HEART BLUE  LARGE,General,0.95,99,9.293,9.503,1.023,41.4,106.4,1337.9,1444.3,3391.9,2.5,126.76,126.76,253.52,,,106.5,1336.1,High
22318,FIVE HEART HANGING DECORATION,General,2.95,226,9.292,9.11,0.98,39.7,104.7,758.1,862.8,3391.6,4.5,223.68,223.68,447.36,,,104.7,758.2,Medium
47567B,TEA TIME KITCHEN APRON,General,6.05,271,9.292,11.614,1.25,50.5,115.6,529.5,645.1,3391.4,6.4,320.27,320.27,640.53,,,115.5,529.4,High
22990,COTTON APRON PANTRY DESIGN,General,4.58,318,9.289,10.722,1.154,46.7,111.7,608.6,720.3,3390.6,5.6,278.57,278.57,557.14,,,111.7,608.4,High
23130,MISELTOE HEART WREATH ,General,4.25,324,9.287,8.933,0.962,38.9,103.9,631.8,735.7,3389.8,5.4,268.28,268.28,536.55,,,103.9,631.5,Medium
84800S,SMALL WHITE/PINK ROSE ART FLOWER,General,1.2,21,9.286,11.181,1.204,48.7,113.7,1189.1,1302.7,3389.3,2.9,142.52,142.52,285.04,,,113.7,1188.4,High
21062,PARTY INVITES SPACEMAN,General,0.85,119,9.286,8.684,0.935,37.8,102.8,1411.0,1513.7,3389.3,2.4,120.11,120.11,240.21,,,102.8,1412.0,Medium
22566,FELTCRAFT HAIRBAND PINK AND PURPLE,General,0.86,266,9.286,8.917,0.96,38.8,103.8,1402.0,1505.8,3389.3,2.4,120.87,120.87,241.75,,,103.8,1403.8,Medium
22118,JOY WOODEN BLOCK LETTERS,General,3.64,209,9.282,10.625,1.145,46.2,111.2,682.3,793.5,3388.0,5.0,248.3,248.3,496.59,,,111.2,682.2,High
23102,SILVER HEARTS TABLE DECORATION,General,0.83,190,9.279,7.721,0.832,33.6,98.6,1432.2,1530.8,3386.8,2.4,118.23,118.23,236.47,,,98.6,1428.4,Medium
20748,Unknown,General,12.69,97,9.278,10.248,1.104,44.6,109.5,365.2,474.8,3386.6,9.3,463.63,463.63,927.26,,,109.5,365.3,High
22841,ROUND CAKE TIN VINTAGE GREEN,General,7.81,397,9.277,10.241,1.104,44.6,109.5,465.5,575.0,3386.1,7.3,363.71,363.71,727.43,,,109.5,465.6,High
21626,VINTAGE UNION JACK PENNANT,General,1.95,146,9.274,9.439,1.018,41.1,106.0,932.4,1038.4,3385.0,3.6,181.52,181.52,363.05,,,106.0,931.6,High
22132,RED LOVE HEART SHAPE CUP,General,0.87,181,9.271,9.403,1.014,40.9,105.8,1394.5,1500.3,3383.8,2.4,121.33,121.33,242.65,,,105.8,1394.5,High
22931,BAKING MOULD HEART WHITE CHOCOLATE,General,2.54,263,9.27,10.813,1.166,47.1,111.9,816.7,928.6,3383.5,4.1,207.16,207.16,414.32,,,112.0,816.1,High
22472,TV DINNER TRAY DOLLY GIRL,General,4.32,205,9.268,9.014,0.973,39.2,104.1,625.5,729.6,3382.9,5.4,270.44,270.44,540.87,,,104.1,625.7,Medium
22274,FELTCRAFT DOLL EMILY,General,3.0,419,9.267,10.588,1.142,46.1,111.0,750.8,861.8,3382.6,4.5,225.25,225.25,450.5,,,111.0,750.8,High
84920,Unknown,General,3.76,64,9.266,9.417,1.016,41.0,105.8,670.6,776.5,3382.0,5.0,252.15,252.15,504.3,,,105.9,670.6,High
22233,JIGSAW RABBIT AND BIRDHOUSE,General,1.08,204,9.265,9.549,1.031,41.6,106.4,1250.6,1357.0,3381.6,2.7,135.2,135.2,270.4,,,106.5,1251.2,High
85067,Unknown,General,18.52,27,9.259,9.247,0.999,40.2,105.1,302.1,407.1,3379.6,11.2,559.42,559.42,1118.85,,,105.0,302.1,Medium
22176,amazon,General,2.95,143,9.259,9.896,1.069,43.1,107.9,757.4,865.3,3379.4,4.5,223.1,223.1,446.2,,,107.9,756.8,High
22829,Unknown,General,9.78,242,9.256,9.761,1.054,42.5,107.3,415.7,522.9,3378.5,8.1,406.4,406.4,812.8,,,107.3,415.6,High
21942,SKULLS DESIGN FLANNEL,General,0.8,55,9.255,10.198,1.102,44.4,109.2,1451.6,1560.8,3377.9,2.3,116.35,116.35,232.7,,,109.2,1453.0,High
85216,ASSORTED CAKES FRIDGE MAGNETS,General,0.65,16,9.25,9.037,0.977,39.3,104.1,1609.2,1713.3,3376.2,2.1,104.9,104.9,209.8,,,104.0,1611.5,Medium
84597B,damages,General,1.25,4,9.25,10.012,1.082,43.6,108.3,1162.1,1270.4,3376.2,2.9,145.26,145.26,290.53,,,108.3,1162.1,High
85032D,damaged,General,1.01,141,9.248,10.23,1.106,44.5,109.3,1295.4,1404.6,3375.6,2.6,130.3,130.3,260.59,,,109.2,1292.7,High
21647,ASSORTED TUTTI FRUTTI LARGE PURSE,General,2.11,57,9.246,10.855,1.174,47.2,112.0,894.8,1006.7,3374.6,3.8,188.57,188.57,377.15,,,111.9,894.2,High
22061,LARGE CAKE STAND  HANGING STRAWBERY,General,8.21,297,9.242,10.56,1.143,46.0,110.7,453.3,563.9,3373.5,7.4,372.14,372.14,744.28,,,110.7,453.3,High
23324,RUSTIC STRAWBERRY JAM POT LARGE ,General,2.05,75,9.24,9.329,1.01,40.6,105.3,905.9,1011.2,3372.6,3.7,186.14,186.14,372.27,,,105.3,907.0,High
22474,SPACEBOY TV DINNER TRAY,General,4.2,217,9.24,10.599,1.147,46.1,110.8,633.9,744.7,3372.5,5.3,266.0,266.0,531.99,,,110.8,633.6,High
85032B,BLOSSOM IMAGES GIFT WRAP SET,General,0.81,218,9.239,9.659,1.046,42.0,106.7,1444.8,1551.5,3372.1,2.3,116.7,116.7,233.39,,,106.7,1442.8,High
22768,FAMILY PHOTO FRAME CORNICE,General,9.87,445,9.238,9.401,1.018,40.9,105.6,413.3,518.9,3371.9,8.2,407.95,407.95,815.9,,,105.6,413.3,High
84801B,Unknown,General,2.1,21,9.238,7.797,0.844,33.9,98.6,895.4,994.0,3371.9,3.8,188.29,188.29,376.58,,,98.6,896.0,Medium
22783,Unknown,General,16.15,63,9.238,11.16,1.208,48.6,113.2,323.1,436.4,3371.9,10.4,521.78,521.78,1043.55,,,113.3,323.1,High
22538,MINI JIGSAW GO TO THE FAIR,General,0.38,38,9.237,11.066,1.198,48.2,112.8,2102.6,2215.4,3371.4,1.6,80.17,80.17,160.35,,,112.9,2106.2,High
22251,BIRDHOUSE DECORATION MAGIC GARDEN,General,1.24,162,9.235,7.857,0.851,34.2,98.8,1165.0,1263.8,3370.6,2.9,144.66,144.66,289.33,,,98.8,1165.8,Medium
21695,SMALL SILVER FLOWER CANDLE POT,General,2.96,99,9.232,8.581,0.929,37.3,102.0,755.0,857.0,3369.8,4.5,223.17,223.17,446.33,,,101.9,754.5,Medium
44242A,LILAC FEATHERS CURTAIN,General,0.79,13,9.231,11.577,1.254,50.4,115.0,1456.0,1571.0,3369.2,2.3,115.7,115.7,231.4,,,115.0,1460.3,High
84531B,returned,General,0.72,79,9.228,7.105,0.77,30.9,95.5,1526.1,1621.6,3368.2,2.2,110.35,110.35,220.7,,,95.5,1529.4,Medium
22636,CHILDS BREAKFAST SET CIRCUS PARADE,General,8.42,361,9.227,9.585,1.039,41.7,106.3,447.3,553.6,3367.9,7.5,376.44,376.44,752.88,,,106.3,447.2,High
20659,ECONOMY LUGGAGE TAG,General,1.45,75,9.227,10.171,1.102,44.3,108.9,1077.7,1186.5,3367.7,3.1,156.25,156.25,312.5,,,108.9,1077.6,High
23336,EGG FRYING PAN PINK ,General,2.08,106,9.226,13.585,1.472,59.1,123.7,899.0,1022.7,3367.6,3.7,187.3,187.3,374.6,,,123.7,899.7,High
79066K,RETRO MOD TRAY,General,0.9,218,9.225,9.921,1.076,43.2,107.8,1369.8,1477.6,3367.0,2.5,122.9,122.9,245.8,,,107.8,1367.7,High
90200E,GREEN SWEETHEART BRACELET,General,4.19,67,9.224,8.345,0.905,36.3,100.9,633.7,734.6,3366.7,5.3,265.62,265.62,531.24,,,100.9,633.8,Medium
22887,NUMBER TILE VINTAGE FONT 8,General,1.65,18,9.222,9.997,1.084,43.5,108.1,1011.3,1119.4,3366.1,3.3,166.42,166.42,332.84,,,108.1,1010.0,High
90185D,CRYSTAL DIAMANTE EXPANDABLE RING,General,4.25,18,9.222,8.371,0.908,36.4,101.0,629.1,730.1,3366.1,5.4,267.52,267.52,535.04,,,101.0,629.3,Medium
21632,Unknown,General,3.93,9,9.222,5.426,0.588,23.6,88.2,654.6,742.8,3366.1,5.1,257.11,257.11,514.22,,,88.2,654.4,Medium
72051S,Unknown,General,0.42,18,9.222,12.398,1.344,54.0,118.5,1992.6,2111.1,3366.1,1.7,84.46,84.46,168.93,,,118.6,2001.8,High
22820,GIFT BAG BIRTHDAY,General,0.66,109,9.22,9.503,1.031,41.4,105.9,1600.8,1706.7,3365.4,2.1,105.12,105.12,210.23,,,105.9,1596.7,High
20769,DAISY JOURNAL ,General,2.54,41,9.22,12.107,1.313,52.7,117.2,814.7,931.9,3365.1,4.1,206.53,206.53,413.06,,,117.2,813.9,High
21002,ROSE DU SUD DRAWSTRING BAG,General,4.25,23,9.217,10.808,1.173,47.0,111.6,628.8,740.4,3364.3,5.4,267.52,267.52,535.03,,,111.5,629.1,High
35004C,Unknown,General,5.28,148,9.216,16.407,1.78,71.4,135.9,564.7,700.6,3363.9,6.0,297.87,297.87,595.74,,,135.9,564.4,Critical
23013,GLASS APOTHECARY BOTTLE TONIC,General,3.91,312,9.212,8.332,0.905,36.3,100.7,655.3,756.1,3362.2,5.1,256.53,256.53,513.05,,,100.8,655.7,Medium
22260,FELT EGG COSY BLUE RABBIT ,General,0.85,82,9.207,8.626,0.937,37.5,102.0,1406.3,1508.3,3360.7,2.4,119.49,119.49,238.97,,,101.9,1406.0,Medium
22796,Not rcvd in 10/11/2010 delivery,General,9.91,425,9.205,9.824,1.067,42.8,107.2,411.7,518.9,3359.7,8.2,408.02,408.02,816.04,,,107.2,411.7,High
22248,DECORATION  PINK CHICK MAGIC GARDEN,General,0.84,79,9.203,8.85,0.962,38.5,102.9,1416.3,1519.2,3358.9,2.4,118.58,118.58,237.16,,,102.9,1414.0,Medium
79302M,Unknown,General,2.84,100,9.2,11.11,1.208,48.4,112.8,769.4,882.2,3358.0,4.4,218.22,218.22,436.43,,,112.8,768.9,High
20894,HANGING BAUBLE T-LIGHT HOLDER LARGE,General,2.93,25,9.2,11.888,1.292,51.7,116.1,757.0,873.2,3358.0,4.4,221.78,221.78,443.57,,,116.1,757.0,High
90098,NECKLACE+BRACELET PINK BUTTERFLY,General,2.52,10,9.2,14.18,1.541,61.7,126.1,816.4,942.5,3358.0,4.1,205.66,205.66,411.31,,,126.1,816.3,Critical
84849D,Unknown,General,1.69,231,9.199,11.807,1.284,51.4,115.8,996.0,1111.7,3357.7,3.4,168.57,168.57,337.13,,,115.8,996.7,High
21866,UNION JACK FLAG LUGGAGE TAG,General,1.3,251,9.199,9.854,1.071,42.9,107.3,1135.1,1242.4,3357.7,3.0,147.9,147.9,295.8,,,107.3,1136.4,High
85159B,"WHITE TEA,COFFEE,SUGAR JARS",General,2.29,141,9.199,9.063,0.985,39.4,103.8,856.9,960.8,3357.5,3.9,195.9,195.9,391.8,,,103.8,856.2,Medium
23509,MINI PLAYING CARDS FUN FAIR ,General,0.42,76,9.197,9.22,1.002,40.1,104.5,2000.8,2105.3,3357.0,1.7,83.89,83.89,167.79,,,104.5,1999.1,High
21688,mixed up,General,2.96,92,9.196,8.685,0.944,37.8,102.2,753.3,855.5,3356.4,4.5,222.77,222.77,445.55,,,102.2,753.0,Medium
35965,dotcom,General,1.37,82,9.195,8.22,0.894,35.8,100.1,1106.1,1206.3,3356.2,3.0,151.71,151.71,303.42,,,100.2,1106.7,Medium
22069,BROWN  PIRATE TREASURE CHEST ,General,1.2,103,9.194,9.383,1.021,40.8,105.2,1181.9,1287.1,3355.9,2.8,141.97,141.97,283.95,,,105.2,1182.5,High
70007,HI TEC ALPINE HAND WARMER,General,1.46,125,9.192,8.771,0.954,38.2,102.5,1073.0,1175.5,3355.1,3.1,156.34,156.34,312.69,,,102.5,1071.9,Medium
72128,COLUMBIAN CANDLE ROUND,General,0.83,64,9.188,10.899,1.186,47.4,111.7,1423.3,1535.1,3353.4,2.4,117.8,117.8,235.61,,,111.7,1421.3,High
72800E,4 IVORY DINNER CANDLES SILVER FLOCK,General,2.05,196,9.184,8.278,0.901,36.0,100.3,904.4,1004.7,3352.0,3.7,185.32,185.32,370.65,,,100.3,904.2,Medium
23010,CIRCUS PARADE BABY GIFT SET,General,16.56,211,9.18,10.996,1.198,47.9,112.1,318.0,430.2,3350.7,10.5,526.78,526.78,1053.55,,,112.2,318.1,High
21926,RED/CREAM STRIPE CUSHION COVER ,General,1.25,89,9.18,8.337,0.908,36.3,100.5,1159.3,1259.9,3350.6,2.9,144.51,144.51,289.01,,,100.6,1157.7,Medium
22341,LOVE GARLAND PAINTED ZINC ,General,1.82,106,9.179,7.383,0.804,32.1,96.4,960.1,1056.5,3350.4,3.5,174.47,174.47,348.95,,,96.4,959.4,Medium
84931A,PINK SCOTTIE DOG W FLOWER PATTERN,General,2.54,51,9.176,10.611,1.156,46.2,110.4,811.8,922.2,3349.4,4.1,206.3,206.3,412.59,,,110.4,812.0,High
22060,damaged,General,5.75,85,9.176,9.329,1.017,40.6,104.8,539.9,644.7,3349.4,6.2,310.18,310.18,620.36,,,104.8,539.7,High
84842,HELLO SAILOR BATHROOM SET,General,3.79,23,9.174,9.119,0.994,39.7,103.9,664.3,768.2,3348.5,5.0,252.04,252.04,504.09,,,103.9,664.6,Medium
23041,PAPER LANTERN 6 POINT SNOW STAR,General,4.14,144,9.174,9.795,1.068,42.6,106.8,635.7,742.5,3348.4,5.3,263.36,263.36,526.72,,,106.8,635.9,High
84580,MOUSE TOY WITH PINK T-SHIRT,General,3.78,282,9.174,10.014,1.092,43.6,107.8,665.2,773.0,3348.4,5.0,251.69,251.69,503.38,,,107.8,665.5,High
48129,DOORMAT TOPIARY,General,7.92,351,9.168,9.461,1.032,41.2,105.4,459.6,564.9,3346.4,7.3,364.07,364.07,728.14,,,105.4,459.6,High
46776B,WOVEN BERRIES CUSHION COVER ,General,4.91,24,9.167,10.659,1.163,46.4,110.6,583.7,694.2,3345.8,5.7,286.63,286.63,573.25,,,110.6,583.7,High
21637,Unknown,General,1.24,18,9.167,8.487,0.926,36.9,101.1,1162.6,1263.7,3345.8,2.9,143.9,143.9,287.8,,,101.1,1161.5,Medium
82613B,Unknown,General,1.08,99,9.162,8.215,0.897,35.8,99.9,1246.7,1346.6,3344.0,2.7,134.11,134.11,268.22,,,99.9,1244.2,Medium
22582,PACK OF 6 SWEETIE GIFT BOXES,General,2.56,158,9.158,8.954,0.978,39.0,103.1,808.5,911.5,3342.8,4.1,206.74,206.74,413.48,,,103.1,808.0,Medium
85034B,3 WHITE CHOC MORRIS BOXED CANDLES,General,2.28,179,9.156,10.429,1.139,45.4,109.5,856.8,966.3,3342.1,3.9,195.03,195.03,390.05,,,109.5,856.1,High
22852,DOG BOWL VINTAGE CREAM,General,4.27,224,9.156,9.666,1.056,42.1,106.2,625.8,732.0,3342.0,5.3,267.03,267.03,534.05,,,106.2,625.6,High
84859C,wet?,General,1.94,32,9.156,7.721,0.843,33.6,97.7,929.0,1026.7,3342.0,3.6,179.88,179.88,359.75,,,97.7,928.1,Medium
22947,Unknown,General,11.05,194,9.149,9.249,1.011,40.3,104.3,388.8,493.1,3339.6,8.6,429.49,429.49,858.98,,,104.3,388.7,High
21773,DECORATIVE ROSE BATHROOM BOTTLE,General,1.13,138,9.145,11.629,1.272,50.6,114.6,1214.8,1329.4,3337.9,2.7,137.38,137.38,274.76,,,114.6,1215.3,High
84461,12 PINK HEN+CHICKS IN BASKET,General,2.56,35,9.143,8.792,0.962,38.3,102.3,807.8,910.0,3337.1,4.1,206.56,206.56,413.12,,,102.3,807.3,Medium
84613C,BLUE NEW BAROQUE FLOCK CANDLESTICK,General,4.7,7,9.143,14.206,1.554,61.8,125.8,595.7,721.6,3337.1,5.6,280.08,280.08,560.17,,,125.8,595.8,Critical
20657,TROPICAL LUGGAGE TAG,General,1.23,63,9.143,9.002,0.985,39.2,103.2,1163.7,1266.8,3337.1,2.9,143.39,143.39,286.78,,,103.2,1164.7,Medium
22085,PAPER CHAIN KIT SKULLS ,General,2.94,148,9.142,9.914,1.084,43.1,107.1,752.7,859.9,3336.8,4.4,221.64,221.64,443.29,,,107.1,753.3,High
72807A,AMAZON,General,4.25,120,9.142,11.565,1.265,50.3,114.3,626.7,741.0,3336.7,5.3,266.22,266.22,532.44,,,114.3,626.5,High
20886,Unknown,General,1.94,186,9.14,11.141,1.219,48.5,112.5,927.9,1040.4,3336.0,3.6,179.75,179.75,359.5,,,112.5,927.3,High
21277,FRENCH STYLE EMBOSSED HEART CABINET,General,21.95,43,9.14,11.397,1.247,49.6,113.6,275.6,389.2,3335.9,12.1,605.13,605.13,1210.26,,,113.6,275.7,High
22414,DOORMAT NEIGHBOURHOOD WITCH ,General,7.73,187,9.139,9.659,1.057,42.0,106.0,464.6,570.6,3335.7,7.2,358.97,358.97,717.93,,,106.0,464.5,High
22822,CREAM WALL PLANTER HEART SHAPED,General,6.0,282,9.138,11.135,1.218,48.5,112.4,527.2,639.7,3335.5,6.3,316.32,316.32,632.64,,,112.5,527.2,High
21364,PEACE SMALL WOOD LETTERS,General,6.76,29,9.138,7.731,0.846,33.6,97.6,496.7,594.3,3335.3,6.7,335.74,335.74,671.49,,,97.6,496.7,Medium
85049C,ROMANTIC PINKS RIBBONS ,General,1.27,377,9.138,7.757,0.849,33.8,97.7,1147.7,1245.4,3335.3,2.9,145.31,145.31,290.61,,,97.8,1145.9,Medium
23560,SET OF 6 RIBBONS COUNTRY STYLE,General,2.85,52,9.135,9.842,1.077,42.8,106.8,764.5,871.3,3334.1,4.4,218.06,218.06,436.11,,,106.7,764.8,High
84706F,RED PEONY TABLE CLOCK,General,2.92,15,9.133,12.305,1.347,53.6,117.5,755.4,872.9,3333.7,4.4,220.64,220.64,441.28,,,117.5,755.5,High
23544,WALL ART MID CENTURY MODERN ,General,7.37,63,9.127,13.789,1.511,60.0,123.9,475.3,599.2,3331.3,7.0,350.45,350.45,700.89,,,123.9,475.4,Critical
22486,PLASMATRONIC LAMP,General,9.16,24,9.125,9.936,1.089,43.2,107.1,426.3,533.5,3330.6,7.8,390.61,390.61,781.22,,,107.1,426.4,High
84459A,PINK METAL CHICKEN HEART ,General,1.49,72,9.125,9.04,0.991,39.3,103.2,1058.0,1161.2,3330.6,3.1,157.41,157.41,314.82,,,103.2,1057.2,Medium
85129B,BEADED CRYSTAL HEART GREEN SMALL,General,1.43,48,9.125,12.215,1.339,53.2,117.0,1079.1,1196.2,3330.6,3.1,154.32,154.32,308.64,,,117.1,1079.1,High
35001G,HAND OPEN SHAPE GOLD,General,3.42,73,9.123,10.214,1.12,44.5,108.3,697.6,806.0,3330.0,4.8,238.66,238.66,477.32,,,108.4,697.7,High
21055,TOOL BOX SOFT TOY ,General,9.79,144,9.118,8.844,0.97,38.5,102.3,412.3,514.6,3328.1,8.1,403.62,403.62,807.24,,,102.3,412.3,Medium
85032A,ROMANTIC IMAGES GIFT WRAP SET,General,0.86,205,9.117,9.998,1.097,43.5,107.3,1387.1,1494.4,3327.7,2.4,119.96,119.96,239.91,,,107.3,1390.9,High
22434,BALLOON PUMP WITH 10 BALLOONS,General,2.0,245,9.114,10.543,1.157,45.9,109.7,912.6,1022.3,3326.7,3.6,182.27,182.27,364.54,,,109.7,912.0,High
23043,PAPER LANTERN 9 POINT HOLLY STAR L,General,6.24,70,9.114,8.003,0.878,34.8,98.6,516.3,615.0,3326.7,6.4,322.14,322.14,644.28,,,98.6,516.3,Medium
21658,Unknown,General,3.9,281,9.114,9.426,1.034,41.0,104.8,653.4,758.2,3326.6,5.1,254.55,254.55,509.1,,,104.8,653.1,High
23338,EGG FRYING PAN RED ,General,2.08,186,9.113,10.526,1.155,45.8,109.6,894.9,1004.5,3326.2,3.7,185.83,185.83,371.67,,,109.6,894.2,High
23567,EGG CUP HENRIETTA HEN PINK,General,1.26,37,9.108,8.471,0.93,36.9,100.6,1149.9,1250.6,3324.5,2.9,144.55,144.55,289.1,,,100.7,1148.6,Medium
22592,CARDHOLDER HOLLY WREATH METAL,General,3.8,209,9.105,8.526,0.936,37.1,100.8,661.6,762.4,3323.4,5.0,251.18,251.18,502.37,,,100.8,661.3,Medium
84218,Unknown,General,1.93,76,9.105,11.33,1.244,49.3,113.0,927.0,1040.0,3323.4,3.6,179.26,179.26,358.52,,,113.0,927.9,High
23575,SNACK TRAY PAISLEY PARK,General,1.93,76,9.105,9.822,1.079,42.7,106.5,928.1,1034.5,3323.4,3.6,179.05,179.05,358.11,,,106.4,927.9,High
85127,found,General,4.93,58,9.103,11.841,1.301,51.5,115.3,580.2,695.5,3322.8,5.7,286.33,286.33,572.66,,,115.2,580.5,High
22450,SILK PURSE BABUSHKA BLUE,General,3.35,117,9.103,9.025,0.992,39.3,103.0,704.0,807.0,3322.4,4.7,235.95,235.95,471.91,,,103.0,704.2,Medium
90048,GREEN WITH METAL BAG CHARM,General,4.92,10,9.1,11.426,1.256,49.7,113.4,581.2,694.7,3321.5,5.7,285.73,285.73,571.46,,,113.4,581.0,High
23347,I LOVE LONDON BEAKER,General,1.25,140,9.1,8.854,0.973,38.5,102.2,1152.2,1254.5,3321.5,2.9,144.13,144.13,288.27,,,102.2,1152.6,Medium
21401,BLUE PUDDING SPOON,General,0.15,125,9.088,9.395,1.034,40.9,104.5,3356.1,3460.6,3317.1,1.0,49.42,49.42,98.84,,,104.5,3325.2,High
21455,PAINTED YELLOW WOODEN DAISY,General,0.85,57,9.088,8.903,0.98,38.7,102.4,1399.0,1501.4,3317.0,2.4,118.55,118.55,237.1,,,102.3,1396.8,Medium
22208,WOOD STAMP SET THANK YOU,General,1.0,366,9.087,9.33,1.027,40.6,104.2,1290.5,1394.7,3316.9,2.6,128.51,128.51,257.03,,,104.2,1287.8,High
85169A,IVORY LOVE BIRD CANDLE,General,1.17,80,9.088,10.152,1.117,44.2,107.8,1189.8,1297.6,3316.9,2.8,139.39,139.39,278.78,,,107.8,1190.6,High
71270,PHOTO CLIP LINE,General,1.35,59,9.085,10.526,1.159,45.8,109.4,1107.2,1216.6,3315.9,3.0,149.75,149.75,299.5,,,109.4,1108.2,High
22165,"DIAMANTE HEART SHAPED WALL MIRROR, ",General,8.81,108,9.083,15.766,1.736,68.6,132.2,433.8,566.0,3315.4,7.6,382.1,382.1,764.2,,,132.2,433.8,Critical
10123C,Unknown,General,0.64,12,9.083,7.669,0.844,33.4,97.0,1607.3,1704.3,3315.4,2.1,103.14,103.14,206.27,,,97.0,1609.4,Medium
84880,Unknown,General,6.91,156,9.083,10.406,1.146,45.3,108.9,489.8,598.7,3315.4,6.8,338.42,338.42,676.84,,,108.9,489.8,High
22315,200 RED + WHITE BENDY STRAWS,General,1.25,262,9.08,12.044,1.326,52.4,116.0,1150.1,1266.1,3314.3,2.9,144.09,144.09,288.17,,,116.0,1151.4,High
23114,VINTAGE LEAF CHOPPING BOARD  ,General,4.9,88,9.08,9.598,1.057,41.8,105.3,581.4,686.8,3314.0,5.7,284.99,284.99,569.99,,,105.4,581.5,High
23452,HEART MINI PORTRAIT FRAME,General,1.94,139,9.079,7.996,0.881,34.8,98.4,924.7,1023.1,3313.9,3.6,179.19,179.19,358.37,,,98.4,924.2,Medium
84459B,Unknown,General,1.49,93,9.075,9.842,1.085,42.8,106.4,1053.4,1159.7,3312.5,3.1,157.23,157.23,314.47,,,106.3,1054.3,High
22072,RED RETROSPOT TEA CUP AND SAUCER ,General,3.08,311,9.071,7.965,0.878,34.7,98.2,733.5,831.6,3310.8,4.5,225.69,225.69,451.38,,,98.2,733.1,Medium
84509B,SET OF 4 FAIRY CAKE PLACEMATS,General,3.75,135,9.067,12.809,1.413,55.7,119.2,664.4,783.6,3309.3,5.0,249.05,249.05,498.11,,,119.2,664.3,High
23401,RUSTIC MIRROR WITH LACE HEART,General,6.03,107,9.065,11.951,1.318,52.0,115.5,523.9,639.3,3308.9,6.3,315.81,315.81,631.62,,,115.5,523.8,High
21973,Unknown,General,1.45,98,9.061,14.371,1.586,62.5,126.0,1068.7,1194.7,3307.3,3.1,154.74,154.74,309.48,,,125.9,1067.9,Critical
23107,WHITE HEARTS WIRE PLANT POT HOLDER,General,2.53,147,9.061,7.909,0.873,34.4,97.9,808.6,906.5,3307.3,4.1,204.51,204.51,409.02,,,97.8,808.5,Medium
22650,CERAMIC PIRATE CHEST MONEY BANK,General,1.45,233,9.06,8.718,0.962,37.9,101.4,1069.2,1170.5,3306.9,3.1,154.65,154.65,309.3,,,101.3,1067.9,Medium
15044C,PURPLE PAPER PARASOL,General,2.95,135,9.059,10.456,1.154,45.5,108.9,749.2,858.1,3306.6,4.4,220.67,220.67,441.34,,,108.9,748.6,High
23578,SNACK TRAY RED GINGHAM,General,1.96,35,9.057,10.029,1.107,43.6,107.0,918.2,1025.2,3305.9,3.6,180.02,180.02,360.04,,,107.0,918.3,High
21948,SET OF 6 CAKE CHOPSTICKS,General,1.38,110,9.055,8.582,0.948,37.4,100.7,1092.7,1193.4,3304.9,3.0,151.23,151.23,302.46,,,100.8,1094.3,Medium
90160A,PURPLE BOUDICCA LARGE BRACELET,General,6.93,39,9.051,11.718,1.295,51.0,114.4,488.1,602.5,3303.7,6.8,338.42,338.42,676.85,,,114.4,488.2,High
23113,PANTRY CHOPPING BOARD,General,4.89,62,9.048,12.624,1.395,54.9,118.3,581.3,699.6,3302.7,5.7,284.05,284.05,568.11,,,118.2,581.1,High
23419,HOME SWEET HOME BOTTLE ,General,2.07,127,9.047,9.483,1.048,41.3,104.6,892.3,996.9,3302.2,3.7,185.03,185.03,370.07,,,104.6,893.1,High
78124,MAGAZINE RACK GEBRA ASSORTED ,General,1.5,44,9.045,11.079,1.225,48.2,111.5,1048.3,1159.8,3301.6,3.1,157.48,157.48,314.96,,,111.5,1049.1,High
20986,BLUE CALCULATOR RULER,General,1.33,135,9.044,12.402,1.371,54.0,117.3,1113.2,1230.4,3301.2,3.0,148.28,148.28,296.56,,,117.3,1114.0,High
21452,TOADSTOOL MONEY BOX,General,2.95,330,9.042,9.424,1.042,41.0,104.3,748.4,852.7,3300.5,4.4,220.5,220.5,440.99,,,104.3,747.9,High
23223,CHRISTMAS TREE HANGING SILVER ,General,0.9,123,9.041,10.131,1.121,44.1,107.4,1356.7,1464.1,3299.8,2.4,121.61,121.61,243.22,,,107.4,1354.0,High
84806B,WHITE CANDYSTUFT ARTIFICIAL FLOWER,General,1.31,50,9.04,8.089,0.895,35.2,98.5,1120.7,1219.2,3299.6,2.9,147.21,147.21,294.42,,,98.5,1122.2,Medium
20835,FRENCH LATTICE CUSHION COVER ,General,0.84,26,9.038,7.068,0.782,30.8,94.0,1405.5,1499.5,3299.0,2.3,117.36,117.36,234.72,,,94.1,1401.3,Medium
21462,"NURSERY A,B,C PAINTED LETTERS",General,5.39,204,9.034,10.259,1.136,44.6,107.9,553.3,661.2,3297.5,6.0,297.98,297.98,595.97,,,107.8,553.1,High
20897,VINTAGE NOTEBOOK PARIS DAYS,General,2.89,31,9.032,10.229,1.132,44.5,107.7,755.0,862.7,3296.8,4.4,218.34,218.34,436.68,,,107.7,755.2,High
35810B,Unknown,General,1.48,31,9.032,6.514,0.721,28.4,91.6,1056.0,1147.5,3296.8,3.1,156.1,156.1,312.21,,,91.6,1055.4,Medium
22166,WALL MIRROR RECTANGLE DIAMANTE PINK,General,7.22,36,9.028,15.861,1.757,69.0,132.2,477.6,609.8,3295.1,6.9,344.98,344.98,689.97,,,132.2,477.7,Critical
21424,damages,General,2.92,74,9.027,10.8,1.196,47.0,110.2,751.3,861.5,3294.9,4.4,219.27,219.27,438.54,,,110.2,751.1,High
22877,NUMBER TILE COTTAGE GARDEN 9,General,1.94,38,9.026,8.281,0.917,36.0,99.2,920.7,1020.0,3294.6,3.6,178.91,178.91,357.83,,,99.2,921.5,Medium
23253,16 PC CUTLERY SET PANTRY DESIGN,General,15.51,81,9.025,9.261,1.026,40.3,103.5,325.9,429.3,3294.0,10.1,505.44,505.44,1010.88,,,103.5,325.9,High
37333,Unknown,General,3.81,41,9.024,9.27,1.027,40.3,103.5,657.6,761.1,3293.9,5.0,250.47,250.47,500.93,,,103.5,657.5,High
84687,BEACH HUT SHELF W 3 DRAWERS,General,5.62,45,9.022,9.132,1.012,39.7,102.9,541.5,644.4,3293.1,6.1,304.09,304.09,608.17,,,102.9,541.3,High
21894,Unknown,General,1.28,209,9.019,7.059,0.783,30.7,93.9,1133.3,1227.2,3292.0,2.9,145.24,145.24,290.47,,,93.8,1134.0,Medium
22360,GLASS JAR ENGLISH CONFECTIONERY,General,2.98,260,9.015,10.119,1.122,44.0,107.1,743.4,850.5,3290.6,4.4,221.33,221.33,442.66,,,107.1,743.0,High
21171,Unknown,General,1.45,163,9.012,9.361,1.039,40.7,103.8,1066.6,1170.5,3289.5,3.1,154.2,154.2,308.39,,,103.8,1065.0,High
23315,IVORY REFECTORY CLOCK,General,9.8,189,9.011,9.659,1.072,42.0,105.1,409.7,514.8,3288.9,8.0,401.37,401.37,802.74,,,105.1,409.6,High
22861,EASTER TIN CHICKS IN GARDEN,General,1.65,131,9.008,10.871,1.207,47.3,110.4,997.5,1107.8,3287.8,3.3,164.81,164.81,329.61,,,110.4,998.1,High
90024D,NEW BAROQUE B'FLY NECKLACE PINK,General,8.44,5,9.0,11.533,1.281,50.2,113.2,441.1,554.3,3285.0,7.4,372.33,372.33,744.65,,,113.2,441.1,High
90019B,GOLD M.O.P ORBIT BRACELET,General,5.0,11,9.0,8.319,0.924,36.2,99.2,573.2,672.4,3285.0,5.7,286.55,286.55,573.1,,,99.2,573.1,Medium
90013C,GREEN VINTAGE EARRINGS ,General,3.8,11,9.0,9.839,1.093,42.8,105.8,657.1,762.9,3285.0,5.0,249.98,249.98,499.96,,,105.8,657.4,High
79329,Unknown,General,0.37,4,9.0,2.944,0.327,12.8,75.8,2099.9,2175.7,3285.0,1.6,78.22,78.22,156.44,,,75.8,2106.9,Low
85208,check,General,2.08,68,9.0,13.42,1.491,58.4,121.4,889.5,1010.9,3285.0,3.7,184.66,184.66,369.33,,,121.4,888.6,High
20735,Unknown,General,0.84,56,9.0,14.026,1.558,61.0,124.0,1398.6,1522.7,3285.0,2.3,117.44,117.44,234.87,,,124.0,1398.3,Critical
79406,FROSTED WHITE BASE ,General,0.22,4,9.0,10.033,1.115,43.7,106.7,2732.4,2839.0,3285.0,1.2,60.11,60.11,120.22,,,106.7,2732.4,High
23448,CREAM BUNNY EASTER EGG BASKET,General,1.63,5,9.0,5.568,0.619,24.2,87.2,1002.6,1089.8,3285.0,3.3,163.82,163.82,327.65,,,87.2,1003.8,Medium
22760,"TRAY, BREAKFAST IN BED",General,12.6,189,9.0,10.537,1.171,45.9,108.9,361.1,470.0,3285.0,9.1,454.86,454.86,909.72,,,108.9,361.1,High
90160D,PINK BOUDICCA LARGE BRACELET,General,6.88,12,9.0,9.544,1.06,41.5,104.5,488.5,593.0,3285.0,6.7,336.26,336.26,672.52,,,104.5,488.6,High
84963A,PINK PAINTED KASHMIRI CHAIR,General,42.49,7,9.0,10.939,1.215,47.6,110.6,196.6,307.2,3285.0,16.7,835.36,835.36,1670.72,,,110.6,196.6,High
47593A,Unknown,General,1.05,30,9.0,7.665,0.852,33.4,96.4,1248.5,1344.9,3285.0,2.6,131.55,131.55,263.11,,,96.4,1250.7,Medium
90141A,GREEN PENDANT TRIPLE SHELL NECKLACE,General,4.9,5,9.0,10.173,1.13,44.3,107.3,579.2,686.5,3285.0,5.7,283.58,283.58,567.16,,,107.3,579.0,High
21638,Unknown,General,2.1,68,9.0,9.214,1.024,40.1,103.1,883.4,986.5,3285.0,3.7,185.92,185.92,371.85,,,103.1,884.4,High
90039C,FIRE POLISHED GLASS BRACELET BLACK,General,3.78,5,9.0,8.276,0.92,36.0,99.0,659.5,758.6,3285.0,5.0,249.04,249.04,498.08,,,99.0,659.2,Medium
21268,VINTAGE BLUE TINSEL REEL,General,0.4,5,9.0,9.618,1.069,41.9,104.9,2016.3,2121.2,3285.0,1.6,81.46,81.46,162.92,,,104.9,2026.4,High
40046A,Unknown,General,1.25,4,9.0,5.831,0.648,25.4,88.4,1145.2,1233.5,3285.0,2.9,143.43,143.43,286.86,,,88.4,1146.3,Medium
23053,RECYCLED ACAPULCO MAT PINK,General,8.26,251,8.996,10.865,1.208,47.3,110.3,445.9,556.2,3283.5,7.4,368.2,368.2,736.39,,,110.3,445.8,High
23403,LETTER HOLDER HOME SWEET HOME,General,3.7,221,8.995,13.251,1.473,57.7,120.6,665.7,786.3,3283.3,4.9,246.61,246.61,493.21,,,120.7,666.1,High
22168,Unknown,General,8.49,164,8.994,11.991,1.333,52.2,115.1,439.8,554.9,3282.8,7.5,373.21,373.21,746.41,,,115.2,439.7,High
85183A,CHARLIE & LOLA WASTEPAPER BIN BLUE,General,1.25,133,8.992,8.812,0.98,38.4,101.3,1144.9,1246.2,3282.3,2.9,143.35,143.35,286.69,,,101.3,1145.8,Medium
20773,Unknown,General,1.65,83,8.988,10.182,1.133,44.3,107.2,997.5,1104.7,3280.6,3.3,164.44,164.44,328.88,,,107.2,997.1,High
72802C,Unknown,General,4.12,157,8.987,16.481,1.834,71.7,134.6,630.6,765.2,3280.4,5.2,260.1,260.1,520.2,,,134.6,631.0,Critical
21363,Unknown,General,4.95,158,8.987,9.366,1.042,40.8,103.7,575.9,679.6,3280.4,5.7,284.8,284.8,569.6,,,103.7,575.6,High
84968C,SET OF 16 VINTAGE PISTACHIO CUTLERY,General,12.68,76,8.987,12.84,1.429,55.9,118.8,359.6,478.4,3280.2,9.1,456.07,456.07,912.14,,,118.8,359.6,High
21042,RED RETROSPOT APRON ,General,5.96,272,8.982,9.171,1.021,39.9,102.8,524.6,627.4,3278.3,6.2,312.46,312.46,624.93,,,102.8,524.4,High
23342,MINT DINER CLOCK,General,8.5,256,8.98,10.74,1.196,46.7,109.6,439.1,548.7,3277.9,7.5,373.27,373.27,746.54,,,109.6,439.1,High
84750B,Unknown,General,1.17,40,8.975,9.272,1.033,40.4,103.2,1184.0,1287.1,3275.9,2.8,138.34,138.34,276.69,,,103.2,1183.2,High
22136,Unknown,General,1.65,118,8.975,9.094,1.013,39.6,102.4,996.3,1098.7,3275.7,3.3,164.39,164.39,328.78,,,102.4,996.3,High
85141,Unknown,General,5.08,94,8.968,9.716,1.083,42.3,105.1,567.8,672.9,3273.4,5.8,288.23,288.23,576.46,,,105.1,567.6,High
23511,EMBROIDERED RIBBON REEL EMILY ,General,2.08,184,8.967,9.871,1.101,43.0,105.7,887.7,993.4,3273.1,3.7,184.36,184.36,368.72,,,105.8,887.0,High
21272,Unknown,General,1.25,150,8.967,9.447,1.054,41.1,103.9,1143.0,1246.9,3272.8,2.9,143.17,143.17,286.34,,,103.9,1144.2,High
72127,found box,General,1.25,80,8.963,8.19,0.914,35.6,98.4,1145.0,1243.4,3271.3,2.9,142.85,142.85,285.71,,,98.3,1143.9,Medium
21261,GREEN GOOSE FEATHER CHRISTMAS TREE ,General,4.33,50,8.96,9.082,1.014,39.5,102.2,614.4,716.6,3270.4,5.3,266.15,266.15,532.29,,,102.2,614.5,High
23079, TOADSTOOL BEDSIDE LIGHT ,General,8.92,196,8.959,9.363,1.045,40.7,103.5,428.1,531.6,3270.1,7.6,381.92,381.92,763.84,,,103.4,428.1,High
85084,Unknown,General,0.85,24,8.958,7.286,0.813,31.7,94.4,1388.5,1482.9,3269.8,2.4,117.75,117.75,235.5,,,94.4,1386.9,Medium
21262,WHITE GOOSE FEATHER CHRISTMAS TREE ,General,2.95,116,8.957,10.811,1.207,47.1,109.8,744.7,854.4,3269.3,4.4,219.51,219.51,439.02,,,109.8,744.4,High
23427,damaged,General,12.38,181,8.95,8.719,0.974,37.9,100.6,363.2,463.8,3266.9,9.0,449.69,449.69,899.38,,,100.5,363.2,Medium
84251G,"GREETING CARD, OVERCROWDED POOL.",General,0.19,40,8.95,6.921,0.773,30.1,92.8,2930.6,3023.4,3266.7,1.1,55.74,55.74,111.47,,,92.8,2932.0,Medium
22495,SET OF 2 ROUND TINS CAMEMBERT ,General,2.37,218,8.95,11.284,1.261,49.1,111.8,829.8,941.6,3266.6,3.9,196.83,196.83,393.65,,,111.8,830.2,High
21905,MORE BUTTER METAL SIGN ,General,1.41,211,8.943,11.068,1.238,48.2,110.8,1077.4,1188.1,3264.2,3.0,151.49,151.49,302.99,,,110.8,1075.9,High
72803A,?,General,4.28,66,8.939,9.596,1.073,41.8,104.3,617.7,722.0,3262.9,5.3,264.14,264.14,528.27,,,104.4,617.4,High
22893,Unknown,General,0.42,147,8.939,9.245,1.034,40.2,102.8,1976.2,2079.0,3262.7,1.7,82.55,82.55,165.1,,,102.8,1970.8,High
22588,Unknown,General,2.92,250,8.936,9.616,1.076,41.9,104.4,746.8,851.2,3261.6,4.4,218.38,218.38,436.76,,,104.5,747.3,High
21269,Unknown,General,8.52,31,8.935,11.679,1.307,50.8,113.4,437.6,551.0,3261.5,7.5,372.64,372.64,745.28,,,113.3,437.5,High
21693,mixed up,General,2.96,102,8.931,8.88,0.994,38.6,101.2,741.9,843.0,3260.0,4.4,219.71,219.71,439.42,,,101.1,742.1,Medium
90180B,PURPLE AMETHYST NECKLACE W TASSEL,General,9.97,14,8.929,5.757,0.645,25.1,87.6,404.3,491.9,3258.9,8.1,403.0,403.0,806.01,,,87.6,404.3,Medium
23252,ENAMEL JUG PANTRY,General,3.72,180,8.928,11.415,1.279,49.7,112.2,662.0,774.2,3258.6,4.9,246.12,246.12,492.25,,,112.2,661.8,High
23468,TUSCAN VILLA BIRD TABLE ,General,8.27,13,8.923,8.626,0.967,37.5,100.0,443.7,543.7,3256.9,7.3,367.01,367.01,734.03,,,100.0,443.7,Medium
22498,WOODEN REGATTA BUNTING,General,5.93,233,8.923,9.988,1.119,43.5,105.9,523.9,629.8,3256.8,6.2,310.84,310.84,621.68,,,106.0,524.0,High
35004B,SET OF 3 BLACK FLYING DUCKS,General,5.12,129,8.922,8.25,0.925,35.9,98.4,563.8,662.1,3256.7,5.8,288.84,288.84,577.68,,,98.4,563.9,Medium
23007, SPACEBOY BABY GIFT SET,General,16.56,293,8.922,10.096,1.132,43.9,106.4,313.6,420.0,3256.3,10.4,519.22,519.22,1038.44,,,106.4,313.6,High
22806,SET OF 6 T-LIGHTS WEDDING CAKE ,General,2.44,100,8.92,9.472,1.062,41.2,103.7,816.7,920.4,3255.8,4.0,199.32,199.32,398.65,,,103.6,816.8,High
21717,Unknown,General,2.46,72,8.917,8.251,0.925,35.9,98.3,813.3,911.6,3254.6,4.0,200.08,200.08,400.17,,,98.3,813.3,Medium
23123,COCKTAIL SWORDS 50 PIECES,General,0.83,120,8.917,8.565,0.961,37.3,99.7,1402.5,1502.2,3254.6,2.3,116.03,116.03,232.05,,,99.7,1400.2,Medium
47369A,PINK GREEN EMBROIDERY COSMETIC BAG,General,2.96,12,8.917,11.421,1.281,49.7,112.1,742.0,854.1,3254.6,4.4,219.32,219.32,438.63,,,112.1,741.5,High
21793,check,General,4.17,120,8.917,9.431,1.058,41.0,103.5,624.8,728.2,3254.6,5.2,260.47,260.47,520.93,,,103.4,624.7,High
21069,Unknown,General,1.24,141,8.915,9.314,1.045,40.5,102.9,1145.5,1248.4,3253.9,2.8,142.04,142.04,284.07,,,102.9,1145.5,High
21577,SAVE THE PLANET COTTON TOTE BAG,General,2.24,260,8.912,9.186,1.031,40.0,102.4,852.3,954.7,3252.7,3.8,190.81,190.81,381.63,,,102.4,852.1,High
84969,check,General,4.21,157,8.911,10.158,1.14,44.2,106.6,621.4,728.0,3252.5,5.2,261.71,261.71,523.43,,,106.6,621.5,High
21359,Unknown,General,6.07,67,8.91,7.462,0.837,32.5,94.9,517.7,612.6,3252.3,6.3,314.08,314.08,628.17,,,94.9,517.6,Medium
21794,adjustment,General,4.44,210,8.91,8.987,1.009,39.1,101.5,605.2,706.7,3252.0,5.4,268.65,268.65,537.3,,,101.5,605.2,High
21464,DISCO BALL ROTATOR BATTERY OPERATED,General,4.26,239,8.908,11.096,1.246,48.3,110.6,617.4,728.1,3251.4,5.3,263.29,263.29,526.59,,,110.7,617.8,High
23037,CANDLE HOLDER SILVER MADELINE,General,1.88,43,8.907,6.708,0.753,29.2,91.5,930.1,1021.6,3251.0,3.5,174.77,174.77,349.54,,,91.5,929.9,Medium
22521,Unknown,General,0.85,176,8.903,9.538,1.071,41.5,103.8,1381.2,1485.0,3249.7,2.4,117.64,117.64,235.29,,,103.8,1382.6,High
23092,LARGE ANTIQUE WHITE PHOTO FRAME,General,7.8,227,8.903,10.189,1.144,44.3,106.7,456.5,563.2,3249.6,7.1,355.91,355.91,711.81,,,106.6,456.4,High
21534,DAIRY MAID LARGE MILK JUG,General,4.93,257,8.899,9.572,1.076,41.7,103.9,573.8,677.7,3248.1,5.7,283.05,283.05,566.09,,,104.0,574.0,High
22270,HAPPY EASTER HANGING DECORATION,General,3.77,99,8.899,11.954,1.343,52.0,114.3,656.7,771.1,3248.1,4.9,247.29,247.29,494.58,,,114.3,656.3,High
21000,Unknown,General,4.23,49,8.898,10.691,1.202,46.5,108.8,619.4,728.2,3247.8,5.2,262.17,262.17,524.34,,,108.8,619.6,High
85185B,PINK HORSE SOCK PUPPET KIT,General,2.95,175,8.897,10.046,1.129,43.7,106.0,742.4,848.4,3247.5,4.4,218.72,218.72,437.44,,,106.0,741.9,High
20618,QUEEN OF THE SKIES PASSPORT COVER ,General,2.06,58,8.897,10.324,1.16,44.9,107.2,887.5,994.7,3247.2,3.7,182.94,182.94,365.87,,,107.2,887.8,High
22518,Unknown,General,2.08,100,8.89,11.5,1.294,50.1,112.3,884.0,996.3,3244.9,3.7,183.54,183.54,367.08,,,112.3,883.2,High
23496,PANTRY KITCHEN THERMOMETER ,General,1.26,63,8.889,9.347,1.051,40.7,102.9,1135.1,1238.0,3244.4,2.9,142.91,142.91,285.82,,,102.9,1134.7,High
84415B,Unknown,General,2.52,9,8.889,8.908,1.002,38.8,101.0,801.8,902.8,3244.4,4.0,202.32,202.32,404.64,,,101.0,802.3,High
22410,MONEY BOX HOUSEKEEPING DESIGN,General,0.98,106,8.887,10.634,1.197,46.3,108.5,1284.7,1393.2,3243.7,2.5,126.24,126.24,252.48,,,108.5,1286.4,High
22842,BISCUIT TIN VINTAGE RED,General,6.66,291,8.887,10.483,1.18,45.6,107.8,493.5,601.3,3243.6,6.6,328.65,328.65,657.3,,,107.8,493.5,High
23453,OVAL  MINI PORTRAIT FRAME,General,1.94,94,8.883,6.75,0.76,29.4,91.6,914.3,1005.9,3242.3,3.5,177.31,177.31,354.61,,,91.6,914.1,Medium
85114B,IVORY ENCHANTED FOREST PLACEMAT,General,1.64,136,8.882,8.963,1.009,39.0,101.2,994.4,1095.5,3242.1,3.3,163.02,163.02,326.05,,,101.2,994.2,High
84925D,Unknown,General,2.53,33,8.879,8.384,0.944,36.5,98.6,800.4,899.0,3240.8,4.0,202.45,202.45,404.9,,,98.7,800.3,Medium
22320,BIRDS MOBILE VINTAGE DESIGN,General,6.13,138,8.877,11.468,1.292,49.9,112.1,514.1,626.1,3240.0,6.3,315.15,315.15,630.29,,,112.0,514.1,High
37468,Unknown,General,0.39,16,8.875,8.041,0.906,35.0,97.1,2046.1,2143.2,3239.4,1.6,79.16,79.16,158.32,,,97.1,2037.9,Medium
90199D,5 STRAND GLASS NECKLACE AMBER,General,6.32,8,8.875,8.288,0.934,36.1,98.2,506.3,604.5,3239.4,6.4,319.91,319.91,639.82,,,98.2,506.2,Medium
47594B,SCOTTIES DESIGN WASHBAG,General,1.94,63,8.873,10.06,1.134,43.8,105.9,912.8,1018.7,3238.7,3.5,177.4,177.4,354.8,,,105.9,913.6,High
22443,Unknown,General,7.94,179,8.872,9.829,1.108,42.8,104.9,451.6,556.5,3238.1,7.2,358.54,358.54,717.07,,,104.9,451.6,High
85130A,Unknown,General,1.64,30,8.867,9.317,1.051,40.6,102.6,992.3,1094.9,3236.3,3.3,163.07,163.07,326.14,,,102.7,993.3,High
72131,COLUMBIAN CANDLE RECTANGLE,General,1.9,37,8.865,10.13,1.143,44.1,106.1,921.7,1027.9,3235.7,3.5,175.52,175.52,351.04,,,106.2,922.8,High
23106,ZINC PLANT POT HOLDER,General,2.49,115,8.861,11.561,1.305,50.3,112.3,806.5,918.8,3234.2,4.0,200.51,200.51,401.02,,,112.3,805.9,High
21189,WHITE HONEYCOMB PAPER GARLAND ,General,1.64,70,8.857,10.531,1.189,45.8,107.8,991.6,1099.5,3232.9,3.3,163.01,163.01,326.01,,,107.8,992.8,High
90051,CRACKED GLAZE NECKLACE RED,General,6.88,14,8.857,9.164,1.035,39.9,101.9,484.8,586.7,3232.9,6.7,333.4,333.4,666.79,,,101.9,484.7,High
23456,MEDIUM PARLOUR FRAME ,General,4.12,55,8.855,8.177,0.924,35.6,97.6,626.3,723.8,3231.9,5.2,258.03,258.03,516.05,,,97.6,626.3,Medium
22067,CHOC TRUFFLE GOLD TRINKET POT ,General,1.4,103,8.854,10.05,1.135,43.7,105.7,1073.0,1178.7,3231.8,3.0,150.6,150.6,301.19,,,105.7,1074.3,High
85030,Unknown,General,1.95,27,8.852,10.159,1.148,44.2,106.2,910.5,1016.7,3230.9,3.5,177.42,177.42,354.84,,,106.2,910.2,High
20686,Unknown,General,3.25,146,8.849,12.718,1.437,55.4,117.3,705.3,822.6,3230.0,4.6,228.97,228.97,457.94,,,117.3,704.9,High
21676,FLOWERS  STICKERS,General,1.07,53,8.849,7.68,0.868,33.4,95.4,1231.1,1326.5,3229.9,2.6,131.17,131.17,262.35,,,95.3,1228.5,Medium
84927F,PSYCHEDELIC TILE HOOK,General,0.72,111,8.847,8.881,1.004,38.7,100.6,1502.7,1603.3,3229.1,2.1,107.44,107.44,214.89,,,100.6,1497.5,High
84974,S/2 ZINC HEART DESIGN PLANTERS,General,9.93,51,8.843,8.453,0.956,36.8,98.7,403.2,501.9,3227.7,8.0,400.25,400.25,800.49,,,98.7,403.1,Medium
37500,TEA TIME TEAPOT IN GIFT BOX,General,6.17,196,8.842,10.127,1.145,44.1,106.0,511.5,617.5,3227.3,6.3,315.46,315.46,630.92,,,106.0,511.4,High
22449,can't find,General,3.33,248,8.839,9.105,1.03,39.6,101.5,696.1,797.6,3226.1,4.6,231.72,231.72,463.44,,,101.5,696.0,High
21032,SPACE CADET WHITE,General,1.56,49,8.837,8.586,0.972,37.4,99.2,1016.9,1116.2,3225.4,3.2,158.58,158.58,317.17,,,99.3,1016.8,Medium
90128B,BLUE LEAVES AND BEADS PHONE CHARM,General,1.25,6,8.833,8.976,1.016,39.1,100.9,1134.1,1235.0,3224.2,2.8,142.14,142.14,284.29,,,100.9,1135.6,High
22927,Amazon,General,5.91,318,8.833,9.458,1.071,41.2,103.0,522.4,625.4,3224.2,6.2,308.59,308.59,617.17,,,103.0,522.3,High
84913B,MINT GREEN ROSE TOWEL,General,4.63,42,8.833,12.356,1.399,53.8,115.6,590.1,705.7,3224.2,5.5,273.2,273.2,546.39,,,115.6,590.1,High
22937,BAKING MOULD CUPCAKE CHOCOLATE,General,2.59,262,8.828,9.82,1.112,42.7,104.5,788.9,893.4,3222.3,4.1,204.23,204.23,408.46,,,104.5,788.7,High
15044A,PINK PAPER PARASOL ,General,3.04,150,8.827,8.567,0.971,37.3,99.1,727.7,826.8,3221.7,4.4,221.37,221.37,442.74,,,99.1,727.9,Medium
84581,Unknown,General,3.78,173,8.827,9.562,1.083,41.6,103.4,652.6,756.0,3221.7,4.9,246.84,246.84,493.68,,,103.4,652.8,High
90119,METALIC LEAVES BAG CHARMS,General,2.51,40,8.825,10.097,1.144,43.9,105.7,801.4,907.2,3221.1,4.0,200.96,200.96,401.92,,,105.7,801.0,High
23003,Printing smudges/thrown away,General,0.42,131,8.824,7.254,0.822,31.6,93.3,1959.8,2053.1,3220.9,1.6,82.17,82.17,164.35,,,93.4,1958.2,Medium
22407,MONEY BOX FIRST AID DESIGN,General,0.97,33,8.818,6.257,0.71,27.2,89.0,1290.9,1379.8,3218.6,2.5,124.67,124.67,249.34,,,88.9,1288.0,Medium
22696,Unknown,General,1.98,313,8.818,9.148,1.037,39.8,101.5,901.9,1003.4,3218.5,3.6,178.44,178.44,356.88,,,101.5,901.5,High
22529,MAGIC DRAWING SLATE GO TO THE FAIR ,General,0.42,126,8.817,8.995,1.02,39.1,100.9,1963.4,2064.3,3218.4,1.6,81.96,81.96,163.91,,,100.8,1957.4,High
21038,Unknown,General,1.24,60,8.817,9.816,1.113,42.7,104.4,1141.2,1245.6,3218.1,2.8,141.0,141.0,281.99,,,104.4,1139.1,High
23455,SMALL PARLOUR FRAME,General,2.87,54,8.815,9.846,1.117,42.9,104.6,748.0,852.6,3217.4,4.3,215.06,215.06,430.12,,,104.6,748.7,High
22981,PANTRY APPLE CORER,General,1.45,161,8.814,9.728,1.104,42.3,104.0,1053.4,1157.5,3217.0,3.1,152.69,152.69,305.38,,,104.0,1053.2,High
21012,ANTIQUE ALL GLASS CANDLESTICK,General,2.09,182,8.813,9.493,1.077,41.3,103.0,877.7,980.8,3216.8,3.7,183.24,183.24,366.49,,,103.0,877.3,High
23110,PARISIENNE KEY CABINET ,General,5.71,367,8.812,9.518,1.08,41.4,103.1,530.6,633.7,3216.4,6.1,303.07,303.07,606.14,,,103.1,530.7,High
21159,damaged,General,0.81,236,8.809,10.425,1.183,45.4,107.0,1406.2,1513.2,3215.4,2.3,114.33,114.33,228.66,,,107.1,1408.8,High
85096,Unknown,General,3.75,46,8.804,8.831,1.003,38.4,100.1,654.7,754.8,3213.6,4.9,245.42,245.42,490.84,,,100.0,654.6,High
22639,SET OF 4 NAPKIN CHARMS HEARTS,General,2.33,306,8.804,10.127,1.15,44.1,105.7,830.0,935.7,3213.4,3.9,193.57,193.57,387.14,,,105.7,830.4,High
35968,check,General,0.36,51,8.804,6.242,0.709,27.2,88.8,2122.2,2211.0,3213.4,1.5,75.71,75.71,151.42,,,88.8,2112.6,Medium
20777,CHRYSANTHEMUM NOTEBOOK,General,1.66,56,8.804,14.743,1.675,64.2,125.8,984.6,1110.4,3213.3,3.3,163.18,163.18,326.36,,,125.8,983.8,Critical
90124B,BLUE MURANO TWIST NECKLACE,General,10.08,5,8.8,13.572,1.542,59.1,120.7,399.2,519.8,3212.0,8.0,402.35,402.35,804.7,,,120.7,399.2,Critical
21417,COCKLE SHELL DISH,General,1.46,90,8.8,10.034,1.14,43.7,105.3,1048.3,1153.6,3212.0,3.1,153.2,153.2,306.41,,,105.3,1048.8,High
90022,EDWARDIAN DROP EARRINGS JET BLACK,General,3.79,15,8.8,8.736,0.993,38.0,99.6,650.9,750.5,3212.0,4.9,246.73,246.73,493.47,,,99.6,651.0,Medium
84341B,Unknown,General,0.67,54,8.796,7.778,0.884,33.9,95.4,1542.4,1637.9,3210.6,2.1,104.08,104.08,208.15,,,95.5,1547.9,Medium
23111,PARISIENNE SEWING BOX,General,12.27,216,8.792,8.906,1.013,38.8,100.3,361.7,462.0,3209.0,8.9,443.65,443.65,887.29,,,100.3,361.6,High
22838,Unknown,General,14.94,317,8.792,10.971,1.248,47.7,109.3,327.7,437.0,3209.0,9.8,489.67,489.67,979.35,,,109.2,327.7,High
22583,PACK OF 6 HANDBAG GIFT BOXES,General,2.56,167,8.79,8.168,0.929,35.5,97.1,792.4,889.5,3208.5,4.0,202.46,202.46,404.92,,,97.0,791.6,Medium
20755,BLUE PAISLEY POCKET BOOK,General,0.85,76,8.789,9.94,1.131,43.3,104.8,1377.0,1481.8,3208.2,2.3,116.49,116.49,232.97,,,104.8,1373.7,High
22214,CANDLE PLATE LACE WHITE,General,1.96,33,8.788,9.529,1.084,41.5,103.0,904.8,1007.8,3207.6,3.5,177.25,177.25,354.5,,,103.0,904.6,High
22880,NUMBER TILE VINTAGE FONT 1,General,1.52,14,8.786,11.729,1.335,51.0,112.5,1028.3,1140.8,3206.8,3.1,155.93,155.93,311.86,,,112.5,1027.1,High
22361,GLASS JAR DAISY FRESH COTTON WOOL,General,2.95,270,8.785,9.219,1.049,40.1,101.6,737.0,838.6,3206.6,4.4,217.55,217.55,435.1,,,101.6,737.2,High
23055,rusty thrown away,General,6.27,102,8.784,10.045,1.144,43.7,105.2,505.6,610.8,3206.3,6.3,317.07,317.07,634.15,,,105.2,505.7,High
21358,TOAST ITS - HAPPY BIRTHDAY,General,1.25,165,8.782,10.601,1.207,46.1,107.6,1132.8,1240.5,3205.4,2.8,141.47,141.47,282.95,,,107.6,1132.3,High
22121,Unknown,General,5.88,222,8.775,9.563,1.09,41.6,103.0,521.9,624.9,3202.8,6.1,306.84,306.84,613.69,,,103.0,521.9,High
22691,DOORMAT WELCOME SUNRISE,General,7.98,204,8.775,8.599,0.98,37.4,98.8,448.1,546.9,3202.7,7.1,357.4,357.4,714.8,,,98.8,448.0,Medium
20868,SILVER FABRIC MIRROR,General,0.64,71,8.775,9.839,1.121,42.8,104.2,1587.9,1692.2,3202.7,2.0,100.85,100.85,201.69,,,104.2,1581.8,High
21906,PHARMACIE FIRST AID TIN,General,6.72,239,8.774,11.808,1.346,51.4,112.8,488.0,600.8,3202.5,6.6,328.11,328.11,656.22,,,112.8,488.1,High
20763,DAISY SKETCHBOOK ,General,3.75,53,8.774,9.599,1.094,41.8,103.2,653.8,757.0,3202.4,4.9,244.9,244.9,489.81,,,103.2,653.4,High
47504H,ENGLISH ROSE SPIRIT LEVEL ,General,1.25,163,8.773,7.741,0.882,33.7,95.1,1133.1,1228.2,3202.1,2.8,141.3,141.3,282.6,,,95.1,1131.7,Medium
22277,COSMETIC BAG VINTAGE ROSE PAISLEY,General,2.23,167,8.772,11.661,1.329,50.8,112.2,848.1,960.2,3201.9,3.8,188.77,188.77,377.55,,,112.2,847.3,High
37475,SET/4 COLOURFUL MIXING BOWLS,General,9.84,79,8.772,12.315,1.404,53.6,115.0,403.3,518.3,3201.8,7.9,396.96,396.96,793.93,,,115.0,403.4,High
22110,BIRD HOUSE HOT WATER BOTTLE,General,2.55,306,8.771,8.188,0.933,35.6,97.0,791.7,888.7,3201.5,4.0,202.2,202.2,404.39,,,97.0,792.3,Medium
21696,SMALL SILVER TRELLIS CANDLEPOT,General,2.94,78,8.769,7.153,0.816,31.1,92.5,737.2,829.7,3200.8,4.3,217.1,217.1,434.19,,,92.5,737.8,Medium
37449,CERAMIC CAKE STAND + HANGING CAKES,General,9.78,294,8.769,10.823,1.234,47.1,108.5,404.5,512.9,3200.6,7.9,395.67,395.67,791.34,,,108.5,404.5,High
22702,BLACK AND WHITE CAT BOWL,General,1.97,95,8.768,11.491,1.311,50.0,111.4,902.4,1013.8,3200.5,3.5,177.33,177.33,354.66,,,111.4,901.3,High
22786,CUSHION COVER PINK UNION JACK,General,5.47,103,8.767,9.237,1.054,40.2,101.6,540.9,642.4,3200.0,5.9,295.81,295.81,591.63,,,101.6,540.8,High
22316,200 BENDY SKULL STRAWS,General,1.24,127,8.764,17.971,2.051,78.2,139.6,1134.1,1273.7,3198.8,2.8,141.02,141.02,282.05,,,139.5,1135.7,Critical
21781,Unknown,General,14.85,211,8.763,12.475,1.424,54.3,115.6,328.2,443.8,3198.5,9.7,487.31,487.31,974.62,,,115.6,328.2,High
21913,VINTAGE SEASIDE JIGSAW PUZZLES,General,3.72,177,8.763,9.548,1.09,41.6,102.9,655.3,758.2,3198.4,4.9,244.05,244.05,488.1,,,102.9,655.7,High
84849B,FAIRY SOAP SOAP HOLDER,General,1.69,151,8.762,11.013,1.257,47.9,109.3,972.6,1081.9,3198.0,3.3,164.4,164.4,328.8,,,109.2,972.7,High
23180,MUM'S KITCHEN CLOCK,General,4.49,70,8.757,9.364,1.069,40.8,102.1,596.3,698.4,3196.4,5.4,268.0,268.0,536.01,,,102.1,596.6,High
84820,DANISH ROSE TRINKET TRAYS,General,3.58,90,8.756,10.89,1.244,47.4,108.7,668.5,777.2,3195.8,4.8,239.02,239.02,478.04,,,108.7,668.1,High
21361,Unknown,General,12.66,118,8.754,9.311,1.064,40.5,101.8,355.2,457.0,3195.3,9.0,449.79,449.79,899.58,,,101.8,355.2,High
90001C,ANTIQUE OPAL WHITE FLOWER EARRINGS,General,4.23,4,8.75,9.179,1.049,39.9,101.2,614.6,715.8,3193.8,5.2,259.82,259.82,519.65,,,101.2,614.4,High
21018,damaged,General,0.85,12,8.75,6.943,0.793,30.2,91.5,1368.6,1460.1,3193.8,2.3,116.68,116.68,233.35,,,91.5,1370.7,Medium
90133,TEAL/FUSCHIA COL BEAD NECKLACE,General,4.96,4,8.75,7.805,0.892,34.0,95.2,567.1,662.3,3193.8,5.6,281.58,281.58,563.15,,,95.2,567.4,Medium
90211A,DIAMOND LAS VEGAS NECKLACE 45CM,General,5.96,8,8.75,5.676,0.649,24.7,86.0,517.8,603.7,3193.8,6.2,308.41,308.41,616.81,,,86.0,517.6,Medium
16010,Unknown,General,0.12,8,8.75,3.655,0.418,15.9,77.2,3647.9,3725.1,3193.8,0.9,43.77,43.77,87.55,,,77.2,3647.9,Low
20658,Unknown,General,1.25,136,8.743,11.299,1.292,49.2,110.4,1129.7,1240.1,3191.1,2.8,141.23,141.23,282.47,,,110.4,1129.8,High
21191,LARGE WHITE HONEYCOMB PAPER BELL  ,General,2.09,123,8.74,9.877,1.13,43.0,104.2,874.5,978.7,3190.0,3.6,182.38,182.38,364.77,,,104.2,873.6,High
21644,check,General,1.25,69,8.739,7.948,0.909,34.6,95.8,1127.8,1223.6,3189.8,2.8,141.41,141.41,282.82,,,95.8,1129.6,Medium
20705,MRS ROBOT SOFT TOY,General,4.08,42,8.738,7.071,0.809,30.8,91.9,625.5,717.5,3189.4,5.1,254.93,254.93,509.87,,,92.0,625.2,Medium
21743,Unknown,General,2.93,102,8.735,13.302,1.523,57.9,119.0,737.9,857.0,3188.4,4.3,216.03,216.03,432.06,,,119.0,737.6,Critical
21711,FOLDING UMBRELLA WHITE/RED POLKADOT,General,4.96,49,8.735,10.529,1.205,45.8,107.0,567.1,674.0,3188.2,5.6,281.1,281.1,562.21,,,106.9,566.9,High
21067,Unknown,General,1.24,105,8.733,10.27,1.176,44.7,105.8,1134.6,1240.5,3187.7,2.8,140.47,140.47,280.94,,,105.8,1133.7,High
23444,Next Day Carriage,General,15.5,153,8.732,9.623,1.102,41.9,103.0,320.7,423.7,3187.2,9.9,496.93,496.93,993.86,,,103.0,320.6,High
21368,MIRRORED WALL ART LADIES,General,0.91,74,8.73,10.805,1.238,47.0,108.1,1323.9,1432.0,3186.4,2.4,120.34,120.34,240.68,,,108.1,1323.2,High
21879,HEARTS GIFT TAPE,General,0.49,133,8.729,11.011,1.261,47.9,109.0,1798.6,1907.6,3186.2,1.8,88.57,88.57,177.15,,,109.0,1803.1,High
22618,"mouldy, unsaleable.",General,9.97,109,8.725,8.849,1.014,38.5,99.6,399.6,499.2,3184.5,8.0,398.42,398.42,796.84,,,99.6,399.6,High
23183,MOTHER'S KITCHEN SPOON REST ,General,3.99,153,8.719,11.609,1.331,50.5,111.6,631.1,742.7,3182.4,5.0,252.12,252.12,504.24,,,111.5,631.5,High
85035B,check,General,3.61,78,8.718,9.241,1.06,40.2,101.2,663.4,764.7,3182.1,4.8,239.81,239.81,479.63,,,101.2,663.9,High
85025B,EAU DE NILE HEART SHAPE PHOTO FRAME,General,1.65,53,8.717,9.037,1.037,39.3,100.4,982.3,1082.7,3181.7,3.2,161.95,161.95,323.9,,,100.3,981.9,High
21816,CHRISTMAS TREE T-LIGHT HOLDER,General,1.44,21,8.714,7.24,0.831,31.5,92.5,1049.7,1142.2,3180.7,3.0,151.51,151.51,303.01,,,92.5,1050.9,Medium
71101E,STANDING FAIRY POLE SUPPORT ,General,0.85,42,8.714,6.747,0.774,29.4,90.4,1369.0,1459.3,3180.7,2.3,116.17,116.17,232.34,,,90.4,1367.8,Medium
84927E,Unknown,General,1.42,21,8.714,11.663,1.338,50.8,111.8,1059.4,1171.1,3180.7,3.0,150.13,150.13,300.25,,,111.8,1058.3,High
21205,MULTICOLOUR 3D BALLS GARLAND,General,2.55,132,8.712,11.567,1.328,50.3,111.3,789.5,900.9,3179.9,4.0,201.38,201.38,402.76,,,111.3,789.6,High
23153,ZINC SWEETHEART WIRE LETTER RACK,General,3.76,134,8.709,9.124,1.048,39.7,100.7,650.3,751.0,3178.8,4.9,244.39,244.39,488.78,,,100.7,650.2,High
22461,Unknown,General,7.96,103,8.709,8.872,1.019,38.6,99.6,446.8,546.3,3178.7,7.1,355.75,355.75,711.5,,,99.6,446.8,High
85088,CANDY SPOT HAND BAG,General,2.04,48,8.708,9.473,1.088,41.2,102.2,881.9,984.1,3178.5,3.6,180.2,180.2,360.41,,,102.2,882.6,High
21470,FLOWER VINE RAFFIA FOOD COVER,General,3.74,300,8.707,9.887,1.136,43.0,104.0,651.4,755.4,3177.9,4.9,243.92,243.92,487.84,,,103.9,651.8,High
20998,Unknown,General,2.95,85,8.706,8.862,1.018,38.6,99.5,734.3,833.8,3177.6,4.3,216.37,216.37,432.73,,,99.5,733.9,High
22394,PAPERWEIGHT KINGS CHOICE ,General,1.41,51,8.706,8.424,0.968,36.7,97.6,1063.2,1160.8,3177.6,3.0,149.44,149.44,298.87,,,97.6,1061.5,Medium
23314,VINTAGE CHRISTMAS TABLECLOTH,General,12.43,224,8.705,8.511,0.978,37.0,98.0,357.5,455.5,3177.5,8.9,444.41,444.41,888.83,,,97.9,357.5,Medium
21356,TOAST ITS - FAIRY FLOWER,General,1.18,115,8.704,10.512,1.208,45.8,106.7,1161.2,1267.9,3177.1,2.7,136.81,136.81,273.61,,,106.7,1160.3,High
21095,Unknown,General,0.85,27,8.704,7.226,0.83,31.4,92.4,1363.8,1456.1,3176.9,2.3,116.47,116.47,232.95,,,92.3,1367.0,Medium
21471,STRAWBERRY RAFFIA FOOD COVER,General,3.69,192,8.703,11.861,1.363,51.6,112.5,656.0,768.5,3176.6,4.8,242.13,242.13,484.26,,,112.5,656.1,High
16015,Unknown,General,0.49,57,8.702,6.511,0.748,28.3,89.2,1808.9,1898.1,3176.1,1.8,87.79,87.79,175.59,,,89.2,1800.3,Medium
21896,Unknown,General,2.1,187,8.701,9.561,1.099,41.6,102.5,869.1,971.6,3175.7,3.7,182.7,182.7,365.39,,,102.5,869.6,High
17109D,Adjustment,General,1.71,10,8.7,12.12,1.393,52.8,113.7,964.7,1078.4,3175.5,3.3,164.58,164.58,329.16,,,113.7,963.6,High
23417,BATHROOM HOOK,General,0.8,63,8.698,10.636,1.223,46.3,107.2,1410.5,1517.6,3174.9,2.3,112.55,112.55,225.1,,,107.2,1408.7,High
20770,ABSTRACT CIRCLE JOURNAL ,General,2.53,69,8.696,10.028,1.153,43.6,104.5,792.3,896.8,3173.9,4.0,200.31,200.31,400.61,,,104.5,792.0,High
23009,I LOVE LONDON BABY GIFT SET,General,16.58,146,8.692,11.046,1.271,48.1,108.9,309.3,418.2,3172.5,10.3,512.91,512.91,1025.82,,,108.9,309.3,High
20866,?,General,1.28,116,8.69,12.882,1.482,56.1,116.9,1112.5,1229.4,3171.7,2.9,142.55,142.55,285.1,,,116.9,1113.1,High
85144,Unknown,General,3.53,90,8.689,9.855,1.134,42.9,103.7,669.9,773.6,3171.4,4.7,236.7,236.7,473.4,,,103.7,670.2,High
22308,TEA COSY BLUE STRIPE,General,2.7,99,8.687,10.701,1.232,46.6,107.4,765.7,873.0,3170.7,4.1,207.06,207.06,414.12,,,107.4,766.3,High
23091,check,General,6.22,351,8.687,8.422,0.97,36.7,97.5,504.7,602.1,3170.6,6.3,314.13,314.13,628.27,,,97.5,504.8,Medium
21624,VINTAGE UNION JACK DOORSTOP,General,5.92,220,8.686,10.333,1.19,45.0,105.8,517.6,623.4,3170.5,6.1,306.29,306.29,612.57,,,105.8,517.5,High
22283,6 EGG HOUSE PAINTED WOOD,General,7.94,226,8.686,9.959,1.147,43.3,104.1,446.8,550.9,3170.3,7.1,354.79,354.79,709.58,,,104.1,446.8,High
22366,DOORMAT AIRMAIL ,General,7.84,335,8.681,8.735,1.006,38.0,98.8,449.4,548.2,3168.4,7.1,352.53,352.53,705.06,,,98.8,449.5,High
21741,COSY SLIPPER SHOES LARGE GREEN,General,2.95,65,8.677,9.787,1.128,42.6,103.3,732.3,835.6,3167.1,4.3,216.26,216.26,432.51,,,103.3,732.7,High
21911,Unknown,General,1.65,80,8.675,8.745,1.008,38.1,98.8,980.0,1078.8,3166.4,3.2,161.55,161.55,323.09,,,98.8,979.5,High
21686,Unknown,General,39.72,52,8.673,8.293,0.956,36.1,96.8,199.6,296.4,3165.7,15.9,792.95,792.95,1585.91,,,96.8,199.6,Medium
23094,LE GRAND TRAY CHIC SET,General,12.5,155,8.671,12.468,1.438,54.3,115.0,355.9,470.8,3164.9,8.9,444.68,444.68,889.37,,,115.0,355.8,High
23472, NINE DRAWER OFFICE TIDY,General,14.94,82,8.671,10.841,1.25,47.2,107.9,325.4,433.3,3164.8,9.7,486.3,486.3,972.59,,,107.9,325.4,High
21344,MOROCCAN BEATEN METAL DISH,General,9.94,15,8.667,7.97,0.92,34.7,95.4,399.0,494.3,3163.3,7.9,396.44,396.44,792.88,,,95.4,398.9,Medium
22349,DOG BOWL CHASING BALL DESIGN,General,3.71,186,8.667,8.114,0.936,35.3,96.0,653.3,749.2,3163.3,4.8,242.12,242.12,484.24,,,96.0,652.9,Medium
20664,Unknown,General,2.96,6,8.667,14.528,1.676,63.2,123.9,730.8,854.7,3163.3,4.3,216.43,216.43,432.87,,,123.9,731.0,Critical
84509C,SET OF 4 POLKADOT PLACEMATS ,General,3.68,80,8.65,10.446,1.208,45.5,106.0,654.7,760.8,3157.2,4.8,241.11,241.11,482.21,,,106.1,655.0,High
21784,Unknown,General,9.93,122,8.648,10.362,1.198,45.1,105.6,398.7,504.3,3156.4,7.9,395.83,395.83,791.67,,,105.6,398.7,High
79191B,RETRO PLASTIC POLKA TRAY,General,0.86,59,8.644,9.009,1.042,39.2,99.7,1358.1,1457.9,3155.1,2.3,116.15,116.15,232.31,,,99.7,1354.4,High
22102,MIRROR MOSAIC T-LIGHT HOLDER ,General,1.65,59,8.644,13.48,1.559,58.7,119.2,977.2,1096.4,3155.1,3.2,161.43,161.43,322.86,,,119.2,977.8,Critical
22977,DOLLY GIRL CHILDRENS EGG CUP,General,1.28,230,8.643,8.05,0.931,35.0,95.5,1111.6,1207.2,3154.9,2.8,141.9,141.9,283.81,,,95.5,1110.1,Medium
71279,damages,General,2.94,70,8.643,7.402,0.856,32.2,92.7,732.6,825.3,3154.6,4.3,215.3,215.3,430.6,,,92.7,732.5,Medium
23479,WIRE EGG BASKET ,General,7.68,53,8.642,9.117,1.055,39.7,100.2,453.0,553.2,3154.2,7.0,348.11,348.11,696.23,,,100.2,453.2,High
22324,BLUE POLKADOT KIDS BAG,General,2.6,80,8.637,8.495,0.983,37.0,97.4,778.1,875.5,3152.7,4.1,202.59,202.59,405.18,,,97.5,778.6,Medium
85180B,PINK HEARTS LIGHT CHAIN ,General,3.4,44,8.636,6.902,0.799,30.0,90.5,681.0,771.4,3152.3,4.6,231.46,231.46,462.92,,,90.5,680.9,Medium
85179A,GREEN BITTY LIGHT CHAIN,General,2.88,49,8.633,7.582,0.878,33.0,93.4,739.3,832.7,3150.9,4.3,213.1,213.1,426.2,,,93.4,739.6,Medium
20702,Unknown,General,4.27,111,8.631,8.699,1.008,37.9,98.3,607.5,705.8,3150.2,5.2,259.27,259.27,518.54,,,98.3,607.4,High
22276,Unknown,General,2.55,178,8.629,9.403,1.09,40.9,101.3,785.6,887.0,3149.7,4.0,200.45,200.45,400.9,,,101.3,785.9,High
90167,Unknown,General,0.86,8,8.625,7.909,0.917,34.4,94.8,1356.5,1451.3,3148.1,2.3,116.04,116.04,232.08,,,94.8,1352.9,Medium
20655,QUEEN OF SKIES LUGGAGE TAG,General,1.32,79,8.62,11.546,1.339,50.3,110.6,1092.9,1203.5,3146.4,2.9,143.95,143.95,287.9,,,110.6,1091.7,High
23117,POPPY FIELDS CHOPPING BOARD,General,4.95,79,8.62,15.497,1.798,67.4,127.8,563.7,691.5,3146.4,5.6,279.09,279.09,558.18,,,127.7,563.8,Critical
21116,Unknown,General,4.96,300,8.62,8.567,0.994,37.3,97.6,563.0,660.6,3146.3,5.6,279.43,279.43,558.87,,,97.6,563.2,Medium
23458,DOLLY CABINET 3 DRAWERS ,General,14.96,71,8.62,11.265,1.307,49.0,109.4,324.3,433.6,3146.2,9.7,485.12,485.12,970.24,,,109.3,324.3,High
20662,FIRST CLASS HOLIDAY PURSE ,General,3.91,21,8.619,8.749,1.015,38.1,98.4,634.3,732.7,3146.0,5.0,248.0,248.0,496.0,,,98.4,634.3,High
85036A,Unknown,General,4.43,84,8.619,9.624,1.117,41.9,102.2,595.9,698.1,3146.0,5.3,263.99,263.99,527.97,,,102.2,595.9,High
20856,??,General,1.65,68,8.618,8.938,1.037,38.9,99.2,977.3,1076.5,3145.4,3.2,160.92,160.92,321.85,,,99.2,976.3,High
21427,SKULLS STORAGE BOX SMALL,General,2.1,102,8.618,7.432,0.862,32.3,92.7,864.4,957.1,3145.4,3.6,181.94,181.94,363.88,,,92.6,865.4,Medium
22640,SET OF 4 NAPKIN CHARMS 3 KEYS ,General,2.27,115,8.617,8.256,0.958,35.9,96.3,831.9,928.1,3145.3,3.8,189.06,189.06,378.11,,,96.2,832.3,Medium
21990,MODERN FLORAL STATIONERY SET,General,1.55,282,8.617,8.882,1.031,38.7,99.0,1007.5,1106.5,3145.2,3.1,156.09,156.09,312.18,,,99.0,1007.3,High
85089,CANDY SPOT BUNNY,General,2.93,13,8.615,8.53,0.99,37.1,97.4,732.7,830.2,3144.6,4.3,214.58,214.58,429.16,,,97.4,732.5,Medium
90036E,"FLOWER GLASS GARLD NECKL36""AMETHYST",General,8.06,13,8.615,14.489,1.682,63.1,123.4,441.8,565.1,3144.6,7.1,355.9,355.9,711.81,,,123.4,441.7,Critical
72802A,Had been put aside.,General,4.4,106,8.613,12.171,1.413,53.0,113.3,597.9,711.2,3143.8,5.3,262.9,262.9,525.81,,,113.3,597.7,High
20778,Unknown,General,1.66,31,8.613,7.982,0.927,34.7,95.0,974.4,1069.5,3143.7,3.2,161.31,161.31,322.62,,,95.0,973.1,Medium
48111,DOORMAT 3 SMILEY CATS,General,7.84,386,8.611,9.449,1.097,41.1,101.4,447.7,549.2,3143.2,7.0,351.0,351.0,702.0,,,101.4,447.7,High
85039B,S/4 IVORY MINI ROSE CANDLE IN BOWL,General,1.58,107,8.607,10.782,1.253,46.9,107.2,997.3,1104.5,3141.7,3.2,157.5,157.5,315.01,,,107.1,997.1,High
22167, OVAL WALL MIRROR DIAMANTE ,General,9.6,111,8.604,11.315,1.315,49.2,109.5,404.5,514.0,3140.3,7.8,388.19,388.19,776.37,,,109.4,404.4,High
90089,PINK CRYSTAL SKULL PHONE CHARM,General,0.19,10,8.6,5.103,0.593,22.2,82.4,2851.7,2934.1,3139.0,1.1,55.04,55.04,110.08,,,82.4,2874.1,Medium
21667,GLASS CAKE COVER AND PLATE,General,15.19,5,8.6,4.98,0.579,21.7,81.9,321.4,403.3,3139.0,9.8,488.3,488.3,976.6,,,81.9,321.4,Medium
21377,SMALL CAMPHOR WOOD FIELD  MUSHROOM,General,1.31,50,8.6,7.936,0.923,34.5,94.7,1094.7,1189.4,3139.0,2.9,143.38,143.38,286.76,,,94.7,1094.6,Medium
22252,BIRDCAGE DECORATION TEALIGHT HOLDER,General,1.25,107,8.598,8.755,1.018,38.1,98.3,1119.8,1218.1,3138.3,2.8,140.13,140.13,280.26,,,98.3,1120.4,High
85163A,WHITE BAROQUE WALL CLOCK ,General,12.76,32,8.594,11.717,1.363,51.0,111.2,350.7,461.8,3136.7,8.9,447.26,447.26,894.53,,,111.2,350.6,High
21459,YELLOW EASTER EGG HUNT START POST,General,1.96,27,8.593,10.573,1.23,46.0,106.2,894.8,1001.0,3136.3,3.5,175.25,175.25,350.5,,,106.2,894.5,High
21850,BLUE  DIAMANTE PEN IN GIFT BOX,General,4.89,78,8.59,9.461,1.101,41.2,101.3,565.9,667.2,3135.3,5.5,277.0,277.0,553.99,,,101.3,566.2,High
90147,CHUNKY SILVER NECKLACE PASTEL FLOWE,General,9.99,24,8.583,9.713,1.132,42.3,102.4,396.0,498.3,3132.9,7.9,395.61,395.61,791.22,,,102.4,396.0,High
20775,Unknown,General,1.65,43,8.581,8.824,1.028,38.4,98.5,974.0,1072.4,3132.2,3.2,160.8,160.8,321.59,,,98.5,974.2,High
22932,BAKING MOULD TOFFEE CUP  CHOCOLATE,General,2.51,179,8.581,11.523,1.343,50.2,110.2,790.2,900.4,3132.1,4.0,198.18,198.18,396.35,,,110.3,789.9,High
21625,VINTAGE UNION JACK APRON,General,7.09,226,8.58,8.994,1.048,39.1,99.2,469.9,569.1,3131.6,6.7,333.18,333.18,666.37,,,99.2,469.9,High
23518,EMBROIDERED RIBBON REEL RACHEL ,General,2.86,95,8.579,11.558,1.347,50.3,110.4,739.3,849.7,3131.3,4.2,211.77,211.77,423.53,,,110.4,739.9,High
21378,SMALL TALL CAMPHOR WOOD TOADSTOOL,General,1.3,57,8.579,8.59,1.001,37.4,97.4,1096.6,1194.1,3131.3,2.9,142.77,142.77,285.53,,,97.5,1097.4,High
35921,EASTER BUNNY HANGING GARLAND,General,1.25,26,8.577,7.695,0.897,33.5,93.5,1120.1,1213.6,3130.6,2.8,139.75,139.75,279.5,,,93.5,1119.0,Medium
90214S,"LETTER ""S"" BLING KEY RING",General,0.68,33,8.576,7.949,0.927,34.6,94.6,1513.5,1608.2,3130.2,2.1,103.4,103.4,206.81,,,94.6,1517.1,Medium
21721,CANDY SHOP  STICKER SHEET,General,0.85,40,8.575,7.038,0.821,30.6,90.7,1357.3,1447.9,3129.9,2.3,115.3,115.3,230.6,,,90.6,1356.9,Medium
21683,Unknown,General,2.95,89,8.573,8.789,1.025,38.3,98.3,728.6,826.8,3129.2,4.3,214.75,214.75,429.5,,,98.3,728.3,High
84745B,BLUE HANGING GINGHAM EASTER HEN,General,0.41,7,8.571,8.121,0.947,35.3,95.3,1949.9,2045.2,3128.6,1.6,80.22,80.22,160.45,,,95.3,1953.3,Medium
20762,GREEN FERN SKETCHBOOK ,General,3.76,121,8.57,9.705,1.132,42.2,102.2,644.8,747.1,3128.1,4.9,242.55,242.55,485.11,,,102.2,645.0,High
21194,PINK  HONEYCOMB PAPER FAN,General,0.84,79,8.57,7.674,0.895,33.4,93.4,1365.5,1458.9,3127.9,2.3,114.53,114.53,229.06,,,93.4,1364.5,Medium
21689,wrong barcode,General,3.73,44,8.568,7.72,0.901,33.6,93.6,647.7,741.3,3127.4,4.8,241.43,241.43,482.85,,,93.6,647.5,Medium
37489C,GREEN/BLUE FLOWER DESIGN BIG MUG,General,1.17,23,8.565,8.027,0.937,34.9,94.9,1156.3,1251.2,3126.3,2.7,135.19,135.19,270.37,,,94.9,1155.9,Medium
84569D,Unknown,General,1.26,78,8.564,6.957,0.812,30.3,90.2,1114.9,1205.1,3125.9,2.8,140.19,140.19,280.38,,,90.2,1113.7,Medium
21792,Unknown,General,4.48,174,8.557,10.951,1.28,47.7,107.6,590.4,698.0,3123.5,5.3,264.51,264.51,529.01,,,107.6,590.4,High
21735,damages,General,12.34,209,8.555,9.037,1.056,39.3,99.2,355.7,454.9,3122.6,8.8,438.91,438.91,877.82,,,99.2,355.7,High
22826,LOVE SEAT ANTIQUE WHITE METAL,General,120.75,101,8.554,11.304,1.321,49.2,109.1,113.7,222.8,3122.4,27.5,1373.02,1373.02,2746.04,,,109.1,113.7,High
22416,SET OF 36 SPACEBOY PAPER DOILIES,General,1.44,110,8.555,9.043,1.057,39.4,99.2,1039.5,1138.8,3122.4,3.0,150.18,150.18,300.37,,,99.3,1041.2,High
21001,ROSE DU SUD WASHBAG ,General,5.95,51,8.549,8.467,0.99,36.9,96.7,511.9,608.6,3120.4,6.1,304.8,304.8,609.59,,,96.7,512.1,Medium
15060B,Unknown,General,3.84,216,8.542,10.156,1.189,44.2,104.0,637.2,741.2,3117.7,4.9,244.63,244.63,489.25,,,104.0,637.1,High
22825,DECORATIVE PLANT POT WITH FRIEZE,General,7.86,78,8.538,8.534,0.999,37.1,96.9,445.4,542.3,3116.5,7.0,349.87,349.87,699.74,,,96.9,445.3,Medium
23124,18PC WOODEN CUTLERY SET DISPOSABLE,General,1.25,39,8.538,8.039,0.941,35.0,94.8,1117.1,1211.8,3116.5,2.8,139.49,139.49,278.99,,,94.8,1116.5,Medium
23125,6PC WOOD PLATE SET DISPOSABLE,General,1.25,39,8.538,7.416,0.868,32.3,92.0,1117.3,1209.4,3116.5,2.8,139.46,139.46,278.93,,,92.1,1116.5,Medium
20756,Unknown,General,0.86,32,8.531,7.675,0.9,33.4,93.1,1347.0,1440.1,3113.9,2.3,115.59,115.59,231.18,,,93.1,1345.5,Medium
22761,CHEST 7 DRAWER MA CAMPAGNE,General,24.71,81,8.531,9.353,1.096,40.7,100.4,251.0,351.4,3113.8,12.4,620.3,620.3,1240.59,,,100.4,251.0,High
35815P,Unknown,General,1.23,17,8.529,11.342,1.33,49.4,109.1,1123.1,1232.2,3113.2,2.8,138.6,138.6,277.2,,,109.1,1125.0,High
20665,adjustment,General,2.93,170,8.529,7.966,0.934,34.7,94.4,728.7,823.0,3113.2,4.3,213.63,213.63,427.25,,,94.4,728.9,Medium
84637,KITCHEN FLOWER POTS WALL PLAQUE,General,5.95,40,8.525,8.521,1.0,37.1,96.8,511.5,608.3,3111.6,6.1,304.17,304.17,608.33,,,96.8,511.4,Medium
15044B,Unknown,General,2.93,103,8.524,11.236,1.318,48.9,108.6,728.9,837.5,3111.4,4.3,213.43,213.43,426.86,,,108.6,728.7,High
84595E,Unknown,General,2.33,21,8.524,5.662,0.664,24.6,84.3,816.4,900.7,3111.2,3.8,190.54,190.54,381.08,,,84.3,817.1,Medium
22314,OFFICE MUG WARMER CHOC+BLUE,General,2.81,233,8.524,7.55,0.886,32.9,92.5,743.9,836.4,3111.1,4.2,209.1,209.1,418.21,,,92.6,744.0,Medium
21367,MIRRORED WALL ART GENTS,General,1.66,77,8.519,9.479,1.113,41.3,100.9,966.7,1067.6,3109.6,3.2,160.84,160.84,321.68,,,100.9,967.8,High
85027L,Unknown,General,2.93,33,8.515,7.906,0.928,34.4,94.0,728.4,822.4,3108.0,4.3,213.36,213.36,426.72,,,94.0,728.3,Medium
23357,HOT WATER BOTTLE SEX BOMB,General,3.72,160,8.512,9.091,1.068,39.6,99.2,646.3,745.5,3107.1,4.8,240.36,240.36,480.72,,,99.2,646.2,High
21446,Unknown,General,1.25,171,8.509,8.132,0.956,35.4,95.0,1115.3,1210.3,3105.7,2.8,139.23,139.23,278.45,,,95.0,1114.6,Medium
22406,MONEY BOX KINGS CHOICE DESIGN,General,1.05,176,8.506,6.981,0.821,30.4,89.9,1215.4,1305.3,3104.6,2.6,127.72,127.72,255.45,,,89.9,1215.9,Medium
22480,Unknown,General,1.25,167,8.503,11.067,1.302,48.2,107.7,1113.8,1221.5,3103.6,2.8,139.32,139.32,278.64,,,107.7,1114.2,High
23335,EGG FRYING PAN IVORY ,General,2.08,173,8.503,9.382,1.103,40.8,100.4,863.0,963.4,3103.6,3.6,179.81,179.81,359.62,,,100.3,863.7,High
90162A,ANT SILVER TURQUOISE BOUDICCA RING,General,2.91,2,8.5,3.536,0.416,15.4,74.9,730.1,805.0,3102.5,4.2,212.46,212.46,424.93,,,74.9,730.1,Low
62043B,BLUE CHECK BAG W HANDLE 34X20CM,General,0.83,8,8.5,7.709,0.907,33.6,93.1,1370.2,1463.3,3102.5,2.3,113.21,113.21,226.43,,,93.1,1367.1,Medium
90159,COTE D'AZURE NECKLACE,General,4.96,10,8.5,9.846,1.158,42.9,102.4,559.5,661.9,3102.5,5.5,277.24,277.24,554.49,,,102.4,559.2,High
85195,Unknown,General,2.1,6,8.5,5.01,0.589,21.8,81.3,859.1,940.4,3102.5,3.6,180.56,180.56,361.12,,,81.3,859.5,Medium
90003C,MIDNIGHT BLUE PAIR HEART HAIR SLIDE,General,3.72,16,8.5,11.616,1.367,50.6,110.1,645.4,755.4,3102.5,4.8,240.36,240.36,480.73,,,110.1,645.8,High
17191A,ROSE FLOWER CANDLE+INCENSE 16X16CM,General,3.76,2,8.5,9.192,1.081,40.0,99.5,641.9,741.4,3102.5,4.8,241.67,241.67,483.34,,,99.5,642.3,High
84705C,PINK FLOCK PHOTO FRAME ,General,1.24,2,8.5,4.95,0.582,21.5,81.0,1118.5,1199.5,3102.5,2.8,138.69,138.69,277.38,,,81.0,1118.5,Medium
22848,AMAZON,General,16.28,254,8.496,10.427,1.227,45.4,104.9,308.7,413.5,3101.1,10.0,502.35,502.35,1004.7,,,104.9,308.6,High
22073,Unknown,General,3.68,127,8.496,8.525,1.003,37.1,96.6,649.1,745.7,3101.1,4.8,238.88,238.88,477.77,,,96.6,649.1,High
21469,POLKA DOT RAFFIA FOOD COVER,General,3.75,214,8.495,9.384,1.105,40.8,100.3,643.2,743.5,3100.8,4.8,241.04,241.04,482.09,,,100.3,643.0,High
84658,WHITE STITCHED CUSHION COVER,General,7.12,53,8.491,11.864,1.397,51.6,111.1,466.6,577.6,3099.1,6.6,332.12,332.12,664.24,,,111.0,466.5,High
20654,FIRST CLASS LUGGAGE TAG ,General,1.24,70,8.486,6.955,0.82,30.3,89.7,1117.5,1207.1,3097.3,2.8,138.58,138.58,277.17,,,89.7,1117.5,Medium
22479,DAISY GARDEN MARKER,General,1.25,95,8.484,6.768,0.798,29.5,88.8,1113.4,1202.2,3096.7,2.8,139.07,139.07,278.14,,,88.9,1113.0,Medium
23554,LANDMARK FRAME OXFORD STREET,General,12.5,62,8.484,9.405,1.109,40.9,100.3,352.0,452.3,3096.6,8.8,439.92,439.92,879.84,,,100.3,351.9,High
21822,GLITTER CHRISTMAS TREE WITH BELLS,General,1.03,96,8.479,7.262,0.856,31.6,91.0,1226.6,1317.5,3094.9,2.5,126.16,126.16,252.32,,,91.0,1225.7,Medium
17012C,check,General,1.0,61,8.475,8.318,0.981,36.2,95.5,1242.5,1338.0,3093.5,2.5,124.49,124.49,248.98,,,95.5,1243.7,Medium
22363,GLASS JAR MARMALADE ,General,2.94,160,8.475,12.594,1.486,54.8,114.1,725.0,839.1,3093.4,4.3,213.35,213.35,426.69,,,114.1,725.3,High
22832,BROCANTE SHELF WITH HOOKS,General,10.74,116,8.474,8.379,0.989,36.5,95.8,379.4,475.2,3093.1,8.2,407.63,407.63,815.26,,,95.8,379.5,Medium
72122,COFFEE SCENT PILLAR CANDLE,General,0.95,97,8.474,7.554,0.891,32.9,92.2,1277.5,1369.7,3093.1,2.4,121.06,121.06,242.11,,,92.2,1275.9,Medium
22376,AIRLINE BAG VINTAGE JET SET WHITE,General,4.25,205,8.468,9.633,1.138,41.9,101.2,602.8,704.1,3090.9,5.1,256.36,256.36,512.72,,,101.2,603.0,High
22514,CHILDS GARDEN SPADE BLUE,General,2.09,154,8.468,9.296,1.098,40.5,99.7,860.8,960.5,3090.6,3.6,179.52,179.52,359.04,,,99.8,859.9,High
22954,HEN PARTY CORDON BARRIER TAPE,General,1.24,45,8.467,8.503,1.004,37.0,96.3,1116.6,1212.9,3090.3,2.8,138.38,138.38,276.77,,,96.3,1116.3,High
23026,DRAWER KNOB VINTAGE GLASS STAR,General,2.09,116,8.466,8.442,0.997,36.7,96.0,860.5,956.5,3089.9,3.6,179.55,179.55,359.09,,,96.0,859.8,Medium
21089,damaged,General,0.22,71,8.465,7.525,0.889,32.8,92.0,2626.0,2718.0,3089.6,1.2,58.83,58.83,117.65,,,92.1,2649.9,Medium
84559B,Unknown,General,0.85,104,8.462,6.677,0.789,29.1,88.3,1349.0,1437.3,3088.5,2.3,114.47,114.47,228.94,,,88.3,1347.9,Medium
47367B,PAIR PADDED HANGERS PINK CHECK,General,3.76,13,8.462,10.572,1.249,46.0,105.2,641.3,746.5,3088.5,4.8,240.81,240.81,481.63,,,105.2,640.9,High
90162B,ANT SILVER LIME GREEN BOUDICCA RING,General,2.95,26,8.462,11.628,1.374,50.6,109.8,723.4,833.2,3088.5,4.3,213.48,213.48,426.95,,,109.8,723.5,High
22660,DOORMAT I LOVE LONDON,General,7.86,154,8.461,9.356,1.106,40.7,99.9,443.2,543.1,3088.3,7.0,348.45,348.45,696.89,,,99.9,443.2,High
85135C,found,General,7.98,150,8.46,10.256,1.212,44.6,103.9,439.8,543.6,3087.9,7.0,351.07,351.07,702.15,,,103.8,439.9,High
84931B,BLUE SCOTTIE DOG W FLOWER PATTERN,General,2.54,48,8.458,7.716,0.912,33.6,92.8,779.3,872.1,3087.3,4.0,198.07,198.07,396.14,,,92.8,779.6,Medium
21372,MIRRORED WALL ART TABLE LAMP,General,0.75,55,8.455,9.463,1.119,41.2,100.4,1430.9,1531.3,3085.9,2.2,107.83,107.83,215.66,,,100.4,1434.3,High
21730,GLASS STAR FROSTED T-LIGHT HOLDER,General,4.96,222,8.45,7.742,0.916,33.7,92.8,557.9,650.7,3084.4,5.5,276.44,276.44,552.89,,,92.8,557.6,Medium
21706,FOLDING UMBRELLA RED/WHITE POLKADOT,General,4.94,150,8.447,9.16,1.084,39.9,99.0,558.8,657.8,3083.0,5.5,275.88,275.88,551.76,,,99.0,558.6,High
22107,PIZZA PLATE IN BOX,General,3.21,154,8.435,8.496,1.007,37.0,96.0,692.3,788.4,3078.8,4.4,222.35,222.35,444.7,,,96.0,692.5,High
BANK CHARGES,Bank Charges,General,15.08,37,8.432,12.573,1.491,54.7,113.7,319.5,433.2,3077.8,9.6,481.72,481.72,963.44,,,113.7,319.5,High
21949,SET OF 6 STRAWBERRY CHOPSTICKS,General,1.32,100,8.43,10.601,1.258,46.1,105.1,1079.0,1184.1,3076.9,2.9,142.59,142.59,285.17,,,105.1,1079.6,High
84616,SILVER ROCCOCO CHANDELIER,General,30.39,7,8.429,13.782,1.635,60.0,119.0,225.0,344.0,3076.4,13.7,683.66,683.66,1367.33,,,119.0,225.0,Critical
84539,Unknown,General,1.65,7,8.429,7.231,0.858,31.5,90.5,964.7,1055.2,3076.4,3.2,159.45,159.45,318.9,,,90.5,965.5,Medium
84746,PINK EASTER HENS+FLOWER,General,3.79,7,8.429,4.86,0.577,21.2,80.2,637.0,717.1,3076.4,4.8,241.5,241.5,482.99,,,80.2,637.1,Medium
20867,?,General,1.23,70,8.429,8.679,1.03,37.8,96.8,1118.0,1214.8,3076.4,2.8,137.59,137.59,275.17,,,96.8,1118.3,High
20652,check,General,1.25,61,8.426,8.576,1.018,37.3,96.3,1110.0,1206.3,3075.6,2.8,138.54,138.54,277.09,,,96.3,1109.2,High
21106,CREAM SLICE FLANNEL CHOCOLATE SPOT ,General,2.87,47,8.426,6.927,0.822,30.1,89.1,732.5,821.6,3075.3,4.2,209.92,209.92,419.84,,,89.1,732.0,Medium
85049H,URBAN BLACK RIBBONS ,General,1.18,158,8.424,9.135,1.084,39.8,98.7,1143.7,1242.4,3074.8,2.7,134.43,134.43,268.86,,,98.8,1141.4,High
75013B,Unknown,General,1.64,19,8.421,7.175,0.852,31.2,90.2,968.8,1058.9,3073.7,3.2,158.64,158.64,317.28,,,90.1,968.0,Medium
22483,RED GINGHAM TEDDY BEAR ,General,2.95,233,8.421,9.397,1.116,40.9,99.8,721.2,821.0,3073.5,4.3,213.1,213.1,426.2,,,99.8,721.8,High
37479P,??,General,0.63,43,8.419,8.081,0.96,35.2,94.1,1557.4,1651.5,3072.8,2.0,98.65,98.65,197.31,,,94.1,1561.6,Medium
84708B,Unknown,General,4.96,48,8.417,11.17,1.327,48.6,107.5,556.3,663.9,3072.1,5.5,276.1,276.1,552.2,,,107.5,556.5,High
23422,PANTRY HOOK BALLOON WHISK ,General,2.08,87,8.414,6.994,0.831,30.4,89.3,858.8,948.1,3071.0,3.6,178.8,178.8,357.6,,,89.3,859.2,Medium
37467,Unknown,General,0.39,29,8.414,7.529,0.895,32.8,91.7,1981.6,2073.3,3071.0,1.5,77.49,77.49,154.98,,,91.7,1984.2,Medium
90199C,5 STRAND GLASS NECKLACE CRYSTAL,General,6.28,17,8.412,6.052,0.72,26.3,85.2,494.5,579.7,3070.3,6.2,310.45,310.45,620.9,,,85.2,494.4,Medium
21360,Show Samples,General,6.56,39,8.41,6.687,0.795,29.1,88.0,483.7,571.7,3069.7,6.3,317.29,317.29,634.59,,,88.0,483.7,Medium
84870B,BLUE GEISHA GIRL ,General,3.74,22,8.409,8.716,1.036,37.9,96.8,640.8,737.6,3069.3,4.8,239.49,239.49,478.98,,,96.8,640.6,High
21065,BOOM BOX SPEAKER GIRLS,General,3.72,69,8.406,12.378,1.473,53.9,112.7,642.5,755.2,3068.1,4.8,238.78,238.78,477.55,,,112.7,642.2,High
90201A,PURPLE ENAMEL FLOWER RING,General,2.97,15,8.4,10.336,1.23,45.0,103.8,718.5,822.3,3066.0,4.3,213.35,213.35,426.71,,,103.8,718.4,High
21815,?,General,1.45,30,8.4,6.151,0.732,26.8,85.6,1027.6,1113.2,3066.0,3.0,149.18,149.18,298.36,,,85.6,1028.2,Medium
22106,MIRROR MOSAIC HURRICANE LAMP ,General,6.72,20,8.4,7.243,0.862,31.5,90.3,477.6,567.9,3066.0,6.4,320.99,320.99,641.97,,,90.3,477.6,Medium
35645,VINTAGE BEAD PINK JEWEL BOX,General,4.23,5,8.4,7.232,0.861,31.5,90.3,602.3,692.6,3066.0,5.1,254.53,254.53,509.06,,,90.3,602.0,Medium
84279P,found,General,3.73,185,8.4,8.699,1.036,37.9,96.7,641.4,738.0,3066.0,4.8,239.02,239.02,478.04,,,96.7,641.1,High
22762,CUPBOARD 3 DRAWER MA CAMPAGNE,General,14.88,163,8.393,10.382,1.237,45.2,103.9,320.8,424.8,3063.3,9.5,477.41,477.41,954.81,,,104.0,320.8,High
23492,VINTAGE JINGLE BELLS WREATH,General,8.2,41,8.39,8.865,1.057,38.6,97.3,432.3,529.6,3062.4,7.1,354.24,354.24,708.49,,,97.3,432.1,High
23520,EMBROIDERED RIBBON REEL RUBY ,General,3.75,54,8.389,9.735,1.16,42.4,101.1,639.3,740.4,3061.9,4.8,239.49,239.49,478.98,,,101.1,638.9,High
22642,SET OF 4 NAPKIN CHARMS STARS   ,General,2.0,109,8.385,9.059,1.08,39.4,98.1,874.8,972.9,3060.6,3.5,174.94,174.94,349.88,,,98.1,874.7,High
84519A,TOMATO CHARLIE+LOLA COASTER SET,General,1.45,138,8.384,9.098,1.085,39.6,98.3,1028.0,1126.3,3060.2,3.0,148.84,148.84,297.68,,,98.3,1027.2,High
72799C,PINK PILLAR CANDLE SILVER FLOCK,General,1.91,60,8.383,6.101,0.728,26.6,85.2,895.2,980.4,3059.9,3.4,170.92,170.92,341.83,,,85.3,895.0,Medium
22312,OFFICE MUG WARMER POLKADOT,General,2.89,175,8.383,9.868,1.177,42.9,101.6,728.0,829.6,3059.7,4.2,210.16,210.16,420.32,,,101.6,727.6,High
23539,"WALL ART , LOVES' SECRET ",General,5.86,113,8.381,10.719,1.279,46.7,105.3,511.0,616.4,3058.9,6.0,299.28,299.28,598.55,,,105.4,510.9,High
22509,SEWING BOX RETROSPOT DESIGN ,General,9.59,243,8.379,7.593,0.906,33.0,91.7,399.3,491.0,3058.2,7.7,382.94,382.94,765.87,,,91.7,399.3,Medium
82616B,FRAPPUCINO SCARF KNITTING KIT,General,1.69,114,8.377,7.836,0.935,34.1,92.7,949.7,1042.5,3057.7,3.2,160.97,160.97,321.95,,,92.7,951.1,Medium
35637C,PINK STRING CURTAIN WITH POLE,General,1.94,8,8.375,5.012,0.599,21.8,80.4,887.3,967.8,3056.9,3.4,172.25,172.25,344.5,,,80.4,887.6,Medium
20798,Unknown,General,2.09,16,8.375,4.787,0.572,20.8,79.5,854.3,933.7,3056.9,3.6,178.92,178.92,357.83,,,79.4,855.2,Medium
21789,KIDS RAIN MAC PINK,General,0.85,119,8.37,7.96,0.951,34.6,93.2,1341.4,1434.6,3055.0,2.3,113.87,113.87,227.74,,,93.2,1340.5,Medium
23067,HANGING ENGRAVED METAL HEART,General,4.14,161,8.366,8.635,1.032,37.6,96.1,607.0,703.2,3053.8,5.0,251.54,251.54,503.08,,,96.2,607.3,High
90194,SILVER LARIAT BLACK STONE EARRINGS,General,4.27,11,8.364,9.563,1.143,41.6,100.2,597.9,698.0,3052.7,5.1,255.3,255.3,510.59,,,100.1,597.9,High
90191,??,General,10.27,22,8.364,10.126,1.211,44.1,102.6,385.4,488.1,3052.7,7.9,396.0,396.0,791.99,,,102.6,385.5,High
22267,EASTER DECORATION EGG BUNNY ,General,0.99,176,8.364,7.905,0.945,34.4,93.0,1240.0,1333.0,3052.7,2.5,123.09,123.09,246.19,,,92.9,1241.7,Medium
22471,TV DINNER TRAY AIR HOSTESS ,General,4.02,154,8.351,7.69,0.921,33.5,91.9,615.6,707.5,3048.0,5.0,247.55,247.55,495.1,,,92.0,615.7,Medium
21991,BOHEMIAN COLLAGE STATIONERY SET,General,1.53,189,8.349,7.796,0.934,33.9,92.4,997.0,1089.3,3047.5,3.1,152.84,152.84,305.67,,,92.3,998.0,Medium
22453,Unknown,General,2.91,109,8.349,7.598,0.91,33.1,91.5,723.5,815.0,3047.2,4.2,210.6,210.6,421.19,,,91.5,723.6,Medium
90214A,"LETTER ""A"" BLING KEY RING",General,0.97,49,8.347,8.199,0.982,35.7,94.1,1250.8,1344.9,3046.6,2.4,121.79,121.79,243.58,,,94.1,1253.2,Medium
22157,Unknown,General,0.86,26,8.346,8.314,0.996,36.2,94.6,1332.0,1426.6,3046.3,2.3,114.35,114.35,228.7,,,94.6,1330.8,Medium
90200D,PINK SWEETHEART BRACELET,General,4.2,77,8.338,6.889,0.826,30.0,88.3,601.8,690.2,3043.2,5.1,252.84,252.84,505.68,,,88.4,601.9,Medium
16202E,BLACK PHOTO ALBUM ,General,0.5,6,8.333,10.463,1.256,45.5,103.9,1749.9,1853.7,3041.7,1.7,86.91,86.91,173.82,,,103.8,1744.0,High
85017A,Unknown,General,0.85,6,8.333,10.463,1.256,45.5,103.9,1341.6,1445.4,3041.7,2.3,113.36,113.36,226.72,,,103.8,1337.6,High
84989A,Unknown,General,0.55,39,8.333,8.517,1.022,37.1,95.4,1665.6,1761.0,3041.7,1.8,91.31,91.31,182.62,,,95.4,1662.9,High
21895,Unknown,General,4.24,6,8.333,5.61,0.673,24.4,82.7,598.8,681.5,3041.7,5.1,253.99,253.99,507.97,,,82.7,598.9,Medium
20793,Unknown,General,6.67,18,8.333,7.475,0.897,32.5,90.9,477.4,568.3,3041.7,6.4,318.58,318.58,637.15,,,90.8,477.5,Medium
22278,OVERNIGHT BAG VINTAGE ROSE PAISLEY,General,4.94,177,8.328,9.227,1.108,40.2,98.5,554.6,653.1,3039.6,5.5,274.02,274.02,548.03,,,98.5,554.7,High
84674,FLYING PIG WATERING CAN,General,2.87,100,8.32,7.972,0.958,34.7,92.9,727.8,820.8,3036.8,4.2,208.62,208.62,417.24,,,92.9,727.4,Medium
23391, I LOVE LONDON MINI RUCKSACK,General,4.15,119,8.319,8.556,1.028,37.2,95.5,605.0,700.5,3036.6,5.0,250.95,250.95,501.89,,,95.4,604.9,High
23487,SWEET HEART CAKE CARRIER,General,9.81,66,8.318,8.396,1.009,36.5,94.8,393.4,488.2,3036.1,7.7,385.85,385.85,771.71,,,94.7,393.4,High
90209B,Unknown,General,2.12,41,8.317,7.679,0.923,33.4,91.6,847.0,938.7,3035.7,3.6,179.2,179.2,358.4,,,91.6,846.1,Medium
21656,samples,General,1.46,19,8.316,5.508,0.662,24.0,82.2,1020.5,1102.6,3035.3,3.0,148.72,148.72,297.44,,,82.2,1019.6,Medium
22911,PAPER CHAIN KIT LONDON,General,2.95,187,8.316,8.524,1.025,37.1,95.3,717.4,812.7,3035.2,4.2,211.54,211.54,423.07,,,95.3,717.2,High
22322,BIRD DECORATION GREEN POLKADOT,General,0.85,70,8.314,7.584,0.912,33.0,91.2,1337.8,1429.1,3034.7,2.3,113.42,113.42,226.84,,,91.2,1336.1,Medium
20772,GARDEN PATH JOURNAL,General,2.71,80,8.312,9.318,1.121,40.6,98.7,747.9,846.7,3034.1,4.1,202.83,202.83,405.66,,,98.8,748.2,High
20707,CRAZY DAISY HEART DECORATION,General,1.43,74,8.311,9.964,1.199,43.4,101.5,1029.4,1131.0,3033.4,2.9,147.33,147.33,294.67,,,101.6,1029.9,High
21675,BUTTERFLIES STICKERS,General,0.96,116,8.31,7.634,0.919,33.2,91.4,1256.0,1347.4,3033.3,2.4,120.75,120.75,241.51,,,91.4,1256.9,Medium
20931,BLUE POT PLANT CANDLE ,General,2.63,55,8.309,7.203,0.867,31.3,89.5,759.1,848.6,3032.8,4.0,199.76,199.76,399.52,,,89.5,759.3,Medium
84968A,SET OF 16 VINTAGE ROSE CUTLERY,General,12.7,55,8.309,11.0,1.324,47.9,106.0,345.5,451.6,3032.8,8.8,438.88,438.88,877.77,,,106.1,345.5,High
85040B,Unknown,General,1.66,91,8.308,8.666,1.043,37.7,95.9,956.8,1052.6,3032.3,3.2,158.47,158.47,316.93,,,95.9,955.7,High
17012F,check,General,0.97,72,8.306,7.74,0.932,33.7,91.8,1246.9,1338.7,3031.5,2.4,121.57,121.57,243.13,,,91.8,1250.1,Medium
23471,SIX DRAWER OFFICE TIDY,General,9.77,73,8.301,8.76,1.055,38.1,96.2,393.7,489.9,3030.0,7.7,384.82,384.82,769.65,,,96.2,393.8,High
22309,TEA COSY RED  STRIPE,General,2.69,176,8.301,9.594,1.156,41.8,99.9,750.8,850.6,3029.9,4.0,201.79,201.79,403.58,,,99.9,750.5,High
15030,Unknown,General,0.29,30,8.3,7.377,0.889,32.1,90.2,2286.8,2377.0,3029.5,1.3,66.24,66.24,132.48,,,90.2,2285.4,Medium
22485,SET OF 2 WOODEN MARKET CRATES,General,12.57,298,8.299,9.29,1.119,40.4,98.5,347.1,445.6,3029.0,8.7,436.37,436.37,872.73,,,98.5,347.1,High
22282,12 EGG HOUSE PAINTED WOOD,General,12.73,128,8.297,11.449,1.38,49.8,107.9,344.9,452.8,3028.4,8.8,439.03,439.03,878.06,,,107.9,344.9,High
22794,SWEETHEART WIRE MAGAZINE RACK,General,7.96,341,8.296,8.012,0.966,34.9,92.9,436.2,529.2,3028.1,6.9,347.08,347.08,694.16,,,93.0,436.1,Medium
84985A,SET OF 72 GREEN PAPER DOILIES,General,1.45,81,8.296,10.279,1.239,44.7,102.8,1022.1,1124.9,3028.1,3.0,148.14,148.14,296.27,,,102.8,1021.8,High
90069,RUBY GLASS CLUSTER NECKLACE,General,7.52,7,8.286,7.544,0.91,32.8,90.8,448.5,539.3,3024.3,6.7,337.18,337.18,674.36,,,90.8,448.4,Medium
90032,IVORY SHELL HEART NECKLACE,General,6.3,7,8.286,5.88,0.71,25.6,83.6,490.0,573.6,3024.3,6.2,308.58,308.58,617.16,,,83.6,489.9,Medium
84510C,SET OF 4 POLKADOT COASTERS,General,1.31,95,8.284,9.344,1.128,40.7,98.7,1073.4,1172.1,3023.7,2.8,140.84,140.84,281.69,,,98.7,1074.3,High
22628,PICNIC BOXES SET OF 3 RETROSPOT ,General,4.96,227,8.282,8.194,0.989,35.7,93.6,552.1,645.7,3022.9,5.5,273.76,273.76,547.52,,,93.7,552.0,Medium
20794,BLUE  TILE HOOK,General,2.54,39,8.282,7.207,0.87,31.4,89.3,771.1,860.4,3022.9,3.9,196.02,196.02,392.03,,,89.4,771.4,Medium
23164,REGENCY CAKE SLICE,General,4.85,164,8.28,7.818,0.944,34.0,92.0,558.5,650.5,3022.4,5.4,270.59,270.59,541.18,,,92.0,558.2,Medium
22589,CARDHOLDER GINGHAM STAR,General,3.05,118,8.28,8.95,1.081,39.0,96.9,704.2,801.1,3022.1,4.3,214.59,214.59,429.17,,,97.0,703.9,High
23075,PARLOUR CERAMIC WALL HOOK,General,4.16,166,8.277,7.308,0.883,31.8,89.7,602.9,692.6,3021.1,5.0,250.57,250.57,501.13,,,89.7,602.6,Medium
22117,check,General,2.95,152,8.276,9.776,1.181,42.5,100.5,715.9,816.3,3020.9,4.2,210.99,210.99,421.99,,,100.4,715.6,High
23141,TRIPLE WIRE HOOK PINK HEART,General,3.15,58,8.276,8.391,1.014,36.5,94.5,693.0,787.4,3020.7,4.4,217.95,217.95,435.89,,,94.4,692.4,High
21655,Unknown,General,1.7,11,8.273,7.322,0.885,31.9,89.8,943.1,1032.9,3019.5,3.2,160.08,160.08,320.16,,,89.8,942.4,Medium
22903,CALENDAR FAMILY FAVOURITES,General,2.73,66,8.273,9.653,1.167,42.0,99.9,744.2,844.1,3019.5,4.1,202.87,202.87,405.74,,,99.9,743.7,High
78033,FLAG OF ST GEORGE CHAIR,General,5.08,26,8.269,7.389,0.894,32.2,90.0,544.8,634.9,3018.3,5.5,277.0,277.0,554.0,,,90.1,545.0,Medium
22364,GLASS JAR DIGESTIVE BISCUITS,General,3.05,208,8.269,10.575,1.279,46.0,103.9,703.1,807.0,3018.3,4.3,214.65,214.65,429.3,,,103.9,703.4,High
90183A,AMBER DROP EARRINGS W LONG BEADS,General,2.93,15,8.267,11.398,1.379,49.6,107.5,717.9,825.4,3017.3,4.2,210.15,210.15,420.3,,,107.5,717.6,High
22913,RED COAT RACK PARIS FASHION,General,4.95,196,8.265,9.284,1.123,40.4,98.3,552.2,650.4,3016.8,5.5,273.18,273.18,546.36,,,98.3,552.0,High
21709,FOLDING UMBRELLA CHOCOLATE POLKADOT,General,4.93,83,8.265,10.456,1.265,45.5,103.4,552.9,656.2,3016.7,5.5,272.82,272.82,545.64,,,103.4,553.1,High
84952A,CLEAR LOVE BIRD T-LIGHT HOLDER,General,3.74,19,8.263,6.531,0.79,28.4,86.3,635.3,721.5,3016.1,4.7,237.39,237.39,474.77,,,86.2,635.0,Medium
84796B,Unknown,General,12.31,23,8.261,7.085,0.858,30.8,88.7,350.0,438.6,3015.2,8.6,430.78,430.78,861.57,,,88.6,350.0,Medium
85232A,Unknown,General,4.88,62,8.258,7.29,0.883,31.7,89.5,555.8,645.3,3014.2,5.4,271.18,271.18,542.35,,,89.5,555.7,Medium
21375,LARGE CAMPHOR WOOD FIELD MUSHROOM ,General,4.76,31,8.258,7.438,0.901,32.4,90.2,562.7,652.8,3014.2,5.4,267.85,267.85,535.7,,,90.2,562.7,Medium
23457,LARGE PARLOUR FRAME,General,4.95,71,8.254,9.267,1.123,40.3,98.1,551.5,649.6,3012.5,5.5,273.11,273.11,546.21,,,98.1,551.6,High
21488,Unknown,General,4.0,12,8.25,7.162,0.868,31.2,88.9,613.4,702.3,3011.2,4.9,245.46,245.46,490.92,,,89.0,613.5,Medium
23516,EMBROIDERED RIBBON REEL SOPHIE  ,General,3.71,80,8.25,9.636,1.168,41.9,99.7,637.1,736.8,3011.2,4.7,236.33,236.33,472.66,,,99.7,637.0,High
84968F,check,General,12.74,72,8.25,7.696,0.933,33.5,91.2,343.8,435.0,3011.2,8.8,437.99,437.99,875.98,,,91.2,343.8,Medium
21280,VINTAGE KITCHEN PRINT VEGETABLES,General,2.55,20,8.25,7.622,0.924,33.2,90.9,768.9,859.8,3011.2,3.9,195.82,195.82,391.63,,,91.0,768.4,Medium
21466,RED FLOWER CROCHET FOOD COVER,General,3.82,219,8.247,8.894,1.079,38.7,96.4,627.3,723.8,3010.0,4.8,239.91,239.91,479.82,,,96.4,627.7,High
20759,Unknown,General,0.85,37,8.243,10.364,1.257,45.1,102.8,1331.4,1434.2,3008.8,2.3,112.99,112.99,225.98,,,102.8,1330.4,High
90161D,ANT COPPER PINK BOUDICCA BRACELET,General,4.97,46,8.239,8.488,1.03,36.9,94.6,550.3,644.9,3007.3,5.5,273.24,273.24,546.48,,,94.6,550.0,High
46775D,Unknown,General,16.9,42,8.238,9.52,1.156,41.4,99.1,298.3,397.4,3006.9,10.1,504.09,504.09,1008.18,,,99.1,298.3,High
21317,GLASS SPHERE CANDLE STAND MEDIUM,General,5.48,59,8.237,7.947,0.965,34.6,92.2,523.9,616.2,3006.6,5.7,286.94,286.94,573.88,,,92.3,523.8,Medium
85214,Unknown,General,1.65,127,8.236,9.11,1.106,39.6,97.3,954.9,1052.2,3006.2,3.1,157.42,157.42,314.83,,,97.3,954.4,High
84951A,SET OF 4 PISTACHIO LOVEBIRD COASTER,General,1.06,90,8.233,7.525,0.914,32.8,90.4,1191.7,1282.1,3005.2,2.5,126.09,126.09,252.17,,,90.4,1190.6,Medium
20846,ZINC HEART LATTICE T-LIGHT HOLDER,General,1.3,109,8.229,6.902,0.839,30.0,87.6,1074.1,1161.8,3003.7,2.8,139.82,139.82,279.65,,,87.6,1074.8,Medium
90198B,VINTAGE ROSE BEAD BRACELET BLACK,General,4.25,35,8.229,10.276,1.249,44.7,102.3,594.2,696.6,3003.4,5.1,252.71,252.71,505.42,,,102.3,594.4,High
17012D,ORIGAMI ROSE INCENSE/CANDLE SET ,General,1.1,71,8.225,7.106,0.864,30.9,88.5,1166.6,1255.2,3002.3,2.6,128.67,128.67,257.34,,,88.5,1168.2,Medium
22890,NOVELTY BISCUITS CAKE STAND 3 TIER,General,10.05,311,8.225,9.535,1.159,41.5,99.1,386.5,485.6,3002.2,7.8,388.35,388.35,776.7,,,99.1,386.5,High
90093,CLEAR CRYSTAL STAR PHONE CHARM,General,0.43,9,8.222,9.641,1.173,42.0,99.5,1865.7,1965.2,3001.1,1.6,80.43,80.43,160.86,,,99.6,1868.1,High
47594A,CAROUSEL DESIGN WASHBAG,General,1.95,36,8.222,8.652,1.052,37.7,95.2,877.3,972.5,3001.1,3.4,171.05,171.05,342.09,,,95.3,877.2,High
85024C,PINK SMALL JEWELLED PHOTOFRAME,General,1.66,27,8.222,11.924,1.45,51.9,109.5,952.0,1061.5,3001.1,3.2,157.61,157.61,315.23,,,109.5,950.8,High
23661,MILK MAIDS MUG ,General,1.65,36,8.222,7.706,0.937,33.5,91.1,952.2,1043.3,3001.1,3.2,157.58,157.58,315.16,,,91.1,953.6,Medium
20670,VIP HOLIDAY PURSE,General,3.94,23,8.217,9.667,1.176,42.1,99.6,617.1,716.7,2999.3,4.9,243.02,243.02,486.05,,,99.6,616.9,High
85179C,PINK BITTY LIGHT CHAIN,General,1.26,23,8.217,6.789,0.826,29.5,87.1,1089.7,1176.7,2999.3,2.8,137.63,137.63,275.26,,,87.0,1091.0,Medium
85023B,EAU DE NILE JEWELLED PHOTOFRAME,General,2.53,14,8.214,15.403,1.875,67.0,124.5,769.2,893.8,2998.2,3.9,194.89,194.89,389.77,,,124.5,769.8,Critical
84686,Unknown,General,2.52,29,8.207,8.235,1.003,35.8,93.3,770.2,863.5,2995.5,3.9,194.46,194.46,388.93,,,93.2,770.9,High
72811,SMALL ZINC/GLASS CANDLEHOLDER,General,1.48,20,8.2,6.864,0.837,29.9,87.3,1004.5,1091.8,2993.0,3.0,148.97,148.97,297.95,,,87.3,1005.6,Medium
21622,damages,General,4.93,225,8.196,8.913,1.088,38.8,96.2,551.0,647.1,2991.4,5.4,271.47,271.47,542.94,,,96.2,550.8,High
22081,RIBBON REEL FLORA + FAUNA ,General,1.75,149,8.195,7.349,0.897,32.0,89.3,923.5,1012.9,2991.0,3.2,161.94,161.94,323.88,,,89.4,924.4,Medium
85035A,CHECK,General,4.46,117,8.188,10.838,1.324,47.2,104.5,578.9,683.4,2988.6,5.2,258.13,258.13,516.26,,,104.5,578.8,High
47013C,Unknown,General,0.12,16,8.188,5.73,0.7,24.9,82.2,3537.9,3620.2,2988.4,0.8,42.23,42.23,84.47,,,82.2,3528.7,Medium
23411, TRELLIS COAT RACK,General,4.92,85,8.176,7.99,0.977,34.8,92.0,551.0,643.0,2984.4,5.4,270.83,270.83,541.66,,,92.0,550.7,Medium
23099,FRENCH CARRIAGE LANTERN,General,6.54,125,8.176,8.581,1.05,37.3,94.6,477.6,572.2,2984.2,6.2,312.43,312.43,624.86,,,94.5,477.7,High
22280,POCKET BAG PINK PAISELY BROWN SPOT,General,1.32,74,8.176,6.227,0.762,27.1,84.3,1063.1,1147.5,2984.1,2.8,140.34,140.34,280.69,,,84.3,1063.2,Medium
90214C,"LETTER ""C"" BLING KEY RING",General,0.62,40,8.175,7.662,0.937,33.3,90.6,1550.6,1641.2,2983.9,1.9,96.22,96.22,192.43,,,90.5,1551.2,Medium
20997,ROSE DU SUD CUSHION COVER ,General,4.94,23,8.174,7.715,0.944,33.6,90.8,549.5,640.3,2983.5,5.4,271.49,271.49,542.97,,,90.8,549.5,Medium
21426,WOODLAND STORAGE BOX SMALL,General,2.05,35,8.171,7.816,0.956,34.0,91.2,852.9,944.2,2982.6,3.5,174.84,174.84,349.68,,,91.2,852.9,Medium
22879,NUMBER TILE VINTAGE FONT 0,General,1.31,12,8.167,9.35,1.145,40.7,97.9,1065.6,1163.5,2980.8,2.8,139.86,139.86,279.73,,,97.9,1066.6,High
47578A,ENGLISH ROSE SMALL SCENTED FLOWER,General,0.85,68,8.162,9.41,1.153,41.0,98.1,1325.5,1423.6,2979.0,2.2,112.38,112.38,224.75,,,98.1,1323.8,High
23044,PAPER LANTERN 9 POINT HOLLY STAR 23,General,4.17,63,8.159,8.565,1.05,37.3,94.4,597.9,692.2,2977.9,5.0,249.05,249.05,498.1,,,94.4,597.5,High
47503H,found,General,1.34,89,8.157,11.661,1.429,50.8,107.9,1055.6,1163.5,2977.4,2.8,141.03,141.03,282.05,,,107.9,1054.0,High
84813,SET OF 4 DIAMOND NAPKIN RINGS,General,6.71,71,8.155,8.101,0.993,35.3,92.3,471.0,563.3,2976.5,6.3,316.0,316.0,632.01,,,92.4,471.0,Medium
21331,MOROCCAN BEATEN METAL DISH LARGE,General,12.77,13,8.154,12.328,1.512,53.7,110.7,341.4,452.1,2976.2,8.7,435.93,435.93,871.87,,,110.8,341.4,Critical
22843,BISCUIT TIN VINTAGE GREEN,General,6.68,217,8.152,8.632,1.059,37.6,94.6,472.0,566.6,2975.5,6.3,315.2,315.2,630.41,,,94.7,471.9,High
84910A,Unknown,General,6.0,7,8.143,9.335,1.146,40.6,97.6,497.8,595.4,2972.1,6.0,298.53,298.53,597.07,,,97.6,497.7,High
22611,VINTAGE UNION JACK SHOPPING BAG,General,4.89,63,8.143,7.9,0.97,34.4,91.4,551.4,642.8,2972.1,5.4,269.51,269.51,539.02,,,91.4,551.3,Medium
71495B,CD WALL TIDY RED FLOWERS,General,0.43,7,8.143,5.014,0.616,21.8,78.8,1868.4,1947.2,2972.1,1.6,79.54,79.54,159.08,,,78.8,1859.0,Medium
90050,CRACKED GLAZE NECKLACE IVORY,General,6.98,7,8.143,7.734,0.95,33.7,90.7,461.4,552.0,2972.1,6.4,322.1,322.1,644.2,,,90.7,461.4,Medium
79331,Unknown,General,0.37,7,8.143,4.059,0.498,17.7,74.7,1992.6,2067.3,2972.1,1.5,74.58,74.58,149.16,,,74.7,2004.1,Low
21145,Unknown,General,1.25,21,8.143,4.531,0.556,19.7,76.7,1088.5,1165.2,2972.1,2.7,136.52,136.52,273.05,,,76.7,1090.3,Medium
22559,SEASIDE FLYING DISC,General,1.39,106,8.142,7.462,0.917,32.5,89.5,1032.6,1122.1,2971.7,2.9,143.89,143.89,287.78,,,89.5,1033.9,Medium
21064,BOOM BOX SPEAKER BOYS,General,4.25,127,8.142,8.214,1.009,35.8,92.7,591.5,684.2,2971.7,5.0,251.21,251.21,502.42,,,92.8,591.3,High
72799F,Unknown,General,2.9,50,8.14,7.858,0.965,34.2,91.2,715.3,806.5,2971.1,4.2,207.69,207.69,415.38,,,91.2,715.7,Medium
85036B,check,General,2.17,53,8.132,6.771,0.833,29.5,86.4,826.7,913.1,2968.2,3.6,179.52,179.52,359.04,,,86.4,827.0,Medium
22313,OFFICE MUG WARMER PINK,General,2.59,122,8.131,7.784,0.957,33.9,90.8,756.9,847.7,2967.9,3.9,196.05,196.05,392.1,,,90.8,756.9,Medium
72801G,Unknown,General,1.25,31,8.129,7.279,0.895,31.7,88.6,1087.5,1176.1,2967.1,2.7,136.42,136.42,272.84,,,88.6,1089.4,Medium
84884A,ANT WHITE WIRE HEART SPIRAL,General,3.86,140,8.129,9.692,1.192,42.2,99.1,619.7,718.8,2966.9,4.8,239.38,239.38,478.77,,,99.1,619.9,High
15058A,wet/rusty,General,7.76,108,8.12,7.94,0.978,34.6,91.4,436.9,528.3,2963.9,6.8,339.23,339.23,678.45,,,91.4,437.0,Medium
21557,SET OF 6 FUNKY BEAKERS,General,3.31,133,8.12,9.036,1.113,39.3,96.2,669.2,765.4,2963.9,4.4,221.45,221.45,442.9,,,96.1,669.1,High
22777,Unknown,General,8.28,101,8.119,9.408,1.159,40.9,97.8,423.0,520.8,2963.4,7.0,350.27,350.27,700.54,,,97.7,423.0,High
72807C,???missing,General,4.23,188,8.117,7.676,0.946,33.4,90.2,591.7,681.9,2962.7,5.0,250.36,250.36,500.71,,,90.2,591.8,Medium
85129D,BEADED CRYSTAL HEART PINK SMALL,General,1.44,78,8.115,8.508,1.048,37.0,93.8,1013.5,1107.3,2962.1,2.9,146.14,146.14,292.27,,,93.8,1014.2,High
22763,KEY CABINET MA CAMPAGNE,General,9.91,232,8.112,8.809,1.086,38.3,95.1,386.5,481.6,2960.9,7.7,383.02,383.02,766.04,,,95.1,386.5,High
37489B,BLUE/YELLOW FLOWER DESIGN BIG MUG,General,1.02,19,8.105,11.269,1.39,49.0,105.8,1205.5,1311.3,2958.4,2.5,122.71,122.71,245.41,,,105.7,1204.2,High
23116,VEGETABLE GARDEN CHOPPING BOARD,General,4.94,30,8.1,7.494,0.925,32.6,89.3,547.3,636.6,2956.5,5.4,270.12,270.12,540.24,,,89.3,547.0,Medium
23054,RECYCLED ACAPULCO MAT LAVENDER,General,8.23,223,8.099,8.169,1.009,35.6,92.2,423.9,516.1,2956.0,7.0,348.71,348.71,697.41,,,92.3,423.8,High
84199,GLOW IN DARK DOLPHINS,General,0.21,62,8.097,7.043,0.87,30.7,87.3,2658.8,2746.1,2955.3,1.1,55.58,55.58,111.15,,,87.4,2652.6,Medium
35922,Unknown,General,4.98,21,8.095,7.355,0.909,32.0,88.7,544.5,633.2,2954.8,5.4,271.31,271.31,542.62,,,88.7,544.7,Medium
46118,FUNKY MONKEY CUSHION COVER,General,0.85,32,8.094,6.962,0.86,30.3,87.0,1320.7,1407.6,2954.2,2.2,111.84,111.84,223.69,,,87.0,1318.2,Medium
21257,Unknown,General,7.96,321,8.093,7.894,0.975,34.4,91.0,430.8,521.8,2954.1,6.9,342.84,342.84,685.68,,,91.1,430.8,Medium
22513,DOORSTOP FOOTBALL DESIGN,General,2.91,137,8.088,9.609,1.188,41.8,98.4,711.7,810.2,2952.0,4.1,207.38,207.38,414.76,,,98.4,712.2,High
84509A,SET OF 4 ENGLISH ROSE PLACEMATS,General,3.72,298,8.087,7.548,0.933,32.8,89.5,630.0,719.4,2951.8,4.7,234.28,234.28,468.56,,,89.4,629.9,Medium
23070,EDWARDIAN HEART PHOTO FRAME,General,4.16,94,8.085,8.69,1.075,37.8,94.4,595.8,690.2,2951.1,5.0,247.65,247.65,495.3,,,94.4,595.6,High
90214M,"LETTER ""M"" BLING KEY RING",General,0.76,13,8.077,7.953,0.985,34.6,91.2,1388.5,1479.6,2948.1,2.1,106.16,106.16,212.33,,,91.1,1392.7,Medium
21324,Unknown,General,2.94,39,8.077,9.532,1.18,41.5,98.0,707.6,805.6,2948.1,4.2,208.32,208.32,416.65,,,98.0,708.1,High
23104,IVORY CAFE HANGING LAMP ,General,12.37,99,8.071,7.9,0.979,34.4,90.9,345.1,436.0,2945.8,8.5,426.81,426.81,853.63,,,90.9,345.1,Medium
23066,Unknown,General,8.24,157,8.07,9.899,1.227,43.1,99.6,422.7,522.3,2945.6,7.0,348.38,348.38,696.77,,,99.6,422.8,High
85095,THREE CANVAS LUGGAGE TAGS,General,2.18,44,8.068,5.951,0.738,25.9,82.4,821.6,904.0,2944.9,3.6,179.21,179.21,358.43,,,82.4,821.8,Medium
15058B,Unknown,General,7.85,91,8.066,8.859,1.098,38.6,95.0,433.0,528.0,2944.1,6.8,339.98,339.98,679.96,,,95.1,433.0,High
21465,PINK FLOWER CROCHET FOOD COVER,General,3.9,122,8.066,9.503,1.178,41.4,97.8,614.5,712.3,2943.9,4.8,239.55,239.55,479.1,,,97.9,614.3,High
23072,damages,General,12.53,47,8.064,10.364,1.285,45.1,101.6,342.8,444.3,2943.3,8.6,429.36,429.36,858.71,,,101.5,342.7,High
22372,AIRLINE BAG VINTAGE WORLD CHAMPION ,General,4.33,272,8.055,8.869,1.101,38.6,95.0,582.8,677.7,2940.1,5.0,252.26,252.26,504.52,,,95.0,582.7,High
84600,NEW BAROQUE JEWELLERY BOX ,General,7.96,37,8.054,6.733,0.836,29.3,85.7,429.8,515.5,2939.7,6.8,341.96,341.96,683.92,,,85.7,429.7,Medium
21413,PERIWINKLE T-LIGHT HOLDER,General,1.25,19,8.053,8.816,1.095,38.4,94.7,1082.2,1177.0,2939.2,2.7,135.79,135.79,271.59,,,94.8,1084.3,High
23553,LANDMARK FRAME CAMDEN TOWN ,General,12.43,101,8.05,7.895,0.981,34.4,90.7,343.8,434.5,2938.1,8.5,427.27,427.27,854.54,,,90.8,343.8,Medium
22359,GLASS JAR KINGS CHOICE,General,3.05,147,8.048,11.484,1.427,50.0,106.3,694.2,800.5,2937.4,4.2,211.56,211.56,423.12,,,106.3,693.9,High
84247N,PACK/12 BLUE FOLKART CARDS,General,2.95,42,8.048,13.239,1.645,57.6,114.0,705.9,819.8,2937.4,4.2,208.07,208.07,416.13,,,113.9,705.6,Critical
84631,Unknown,General,7.9,22,8.045,7.403,0.92,32.2,88.5,431.2,519.7,2936.6,6.8,340.55,340.55,681.1,,,88.5,431.1,Medium
23150,IVORY SWEETHEART SOAP DISH,General,2.48,89,8.045,6.562,0.816,28.6,84.9,768.9,853.8,2936.4,3.8,190.94,190.94,381.88,,,84.9,769.4,Medium
84789,Unknown,General,3.68,111,8.045,9.17,1.14,39.9,96.2,631.7,727.9,2936.4,4.6,232.43,232.43,464.87,,,96.2,631.6,High
21925,UNION STRIPE CUSHION COVER ,General,1.25,156,8.045,7.281,0.905,31.7,88.0,1085.6,1173.6,2936.4,2.7,135.25,135.25,270.49,,,88.0,1083.8,Medium
22408,MONEY BOX CONFECTIONERY DESIGN,General,1.01,68,8.044,7.492,0.931,32.6,88.9,1206.0,1294.9,2936.1,2.4,121.73,121.73,243.46,,,88.9,1205.6,Medium
46776F,WOVEN ROSE GARDEN CUSHION COVER ,General,4.94,24,8.042,10.813,1.345,47.1,103.4,544.9,648.3,2935.2,5.4,269.31,269.31,538.63,,,103.4,545.1,High
20716,Unknown,General,1.25,74,8.041,6.905,0.859,30.1,86.3,1083.1,1169.4,2934.8,2.7,135.48,135.48,270.96,,,86.4,1083.5,Medium
20782,CAMOUFLAGE EAR MUFF HEADPHONES,General,5.71,50,8.04,8.03,0.999,35.0,91.2,506.7,597.9,2934.6,5.8,289.58,289.58,579.15,,,91.3,506.9,Medium
23564,EGG CUP MILKMAID INGRID,General,1.25,51,8.039,6.337,0.788,27.6,83.9,1083.7,1167.6,2934.3,2.7,135.38,135.38,270.76,,,83.9,1083.4,Medium
23069,EDWARDIAN PHOTO FRAME,General,6.25,53,8.038,9.886,1.23,43.0,99.3,484.4,583.7,2933.8,6.1,302.83,302.83,605.67,,,99.3,484.5,High
84922,PINK BUTTERFLY WASHBAG,General,4.3,27,8.037,8.702,1.083,37.9,94.1,584.3,678.5,2933.5,5.0,251.02,251.02,502.04,,,94.2,584.0,High
85071D,CHARLIE+LOLA MY ROOM DOOR SIGN,General,0.96,141,8.035,9.396,1.169,40.9,97.1,1233.0,1330.2,2932.9,2.4,118.93,118.93,237.87,,,97.1,1235.9,High
84882,GREEN WIRE STANDING CANDLE HOLDER,General,3.74,32,8.031,9.546,1.189,41.5,97.8,625.8,723.6,2931.4,4.7,234.21,234.21,468.42,,,97.7,626.0,High
90214E,"LETTER ""E"" BLING KEY RING",General,0.79,34,8.029,7.449,0.928,32.4,88.6,1365.5,1454.1,2930.7,2.1,107.31,107.31,214.63,,,88.6,1361.9,Medium
85024B,EAU DE NILE JEWELLED PHOTOFRAME,General,1.64,34,8.029,5.132,0.639,22.3,78.5,944.2,1022.7,2930.7,3.1,155.2,155.2,310.41,,,78.5,945.3,Medium
21945,STRAWBERRIES  DESIGN FLANNEL ,General,0.81,68,8.029,7.987,0.995,34.8,91.0,1345.1,1436.1,2930.7,2.2,108.94,108.94,217.87,,,91.0,1345.0,Medium
85049B,Amazon,General,1.25,36,8.028,9.473,1.18,41.2,97.4,1082.9,1180.3,2930.1,2.7,135.3,135.3,270.59,,,97.4,1082.6,High
22770,MIRROR CORNICE,General,14.94,180,8.028,8.838,1.101,38.5,94.7,313.1,407.8,2930.1,9.4,467.86,467.86,935.73,,,94.7,313.1,High
20767,BLUE PAISLEY JOURNAL ,General,2.69,93,8.022,7.106,0.886,30.9,87.1,737.5,824.6,2927.8,4.0,198.49,198.49,396.99,,,87.1,737.7,Medium
23115,RED APPLES CHOPPING BOARD   ,General,4.95,102,8.02,11.198,1.396,48.7,104.9,544.0,648.9,2927.2,5.4,269.03,269.03,538.05,,,104.8,543.8,High
90161C,ANT COPPER LIME BOUDICCA BRACELET,General,4.96,53,8.019,7.474,0.932,32.5,88.7,543.4,632.0,2926.9,5.4,269.32,269.32,538.64,,,88.6,543.2,Medium
23181,BULL DOG BOTTLE TOP WALL CLOCK,General,8.11,164,8.018,6.664,0.831,29.0,85.1,424.7,509.8,2926.7,6.9,344.56,344.56,689.12,,,85.1,424.8,Medium
22688,Unknown,General,7.94,56,8.018,9.649,1.203,42.0,98.1,429.3,527.4,2926.5,6.8,340.88,340.88,681.77,,,98.1,429.3,High
18098C,Unknown,General,2.94,99,8.01,6.864,0.857,29.9,85.9,705.3,791.3,2923.7,4.1,207.25,207.25,414.5,,,86.0,705.1,Medium
21633,SUNFLOWER DECORATIVE PARASOL,General,11.26,32,8.0,6.768,0.846,29.5,85.5,360.1,445.6,2920.0,8.1,405.42,405.42,810.84,,,85.5,360.1,Medium
17011F,Unknown,General,0.66,7,8.0,8.246,1.031,35.9,91.9,1492.2,1584.1,2920.0,2.0,97.84,97.84,195.69,,,91.9,1487.3,High
35647,VINTAGE BEAD PINK SHADE ,General,1.25,5,8.0,5.196,0.65,22.6,78.6,1081.6,1160.2,2920.0,2.7,134.98,134.98,269.97,,,78.6,1080.7,Medium
21538,Unknown,General,3.75,13,8.0,5.672,0.709,24.7,80.7,624.4,705.0,2920.0,4.7,233.84,233.84,467.69,,,80.7,624.0,Medium
23477,WOODLAND LARGE BLUE FELT HEART,General,1.24,14,8.0,8.823,1.103,38.4,94.4,1083.2,1177.6,2920.0,2.7,134.78,134.78,269.57,,,94.4,1085.1,High
23015,CORDIAL JUG,General,8.35,12,8.0,10.243,1.28,44.6,100.6,418.2,518.7,2920.0,7.0,349.16,349.16,698.31,,,100.6,418.2,High
23149,ANTIQUE IVORY WIRE BOWL SMALL,General,2.5,49,8.0,8.439,1.055,36.7,92.7,763.8,856.5,2920.0,3.8,191.15,191.15,382.31,,,92.7,764.2,High
90039A,FIRE POLISHED GLASS BRACELET RED,General,3.73,7,8.0,6.0,0.75,26.1,82.1,625.8,707.9,2920.0,4.7,233.32,233.32,466.64,,,82.1,625.6,Medium
21059,PARTY INVITES DINOSAURS,General,0.85,154,8.0,7.269,0.909,31.6,87.6,1308.8,1396.4,2920.0,2.2,111.55,111.55,223.11,,,87.6,1310.6,Medium
90214J,"LETTER ""J"" BLING KEY RING",General,0.93,20,8.0,9.652,1.206,42.0,98.0,1256.0,1354.0,2920.0,2.3,116.24,116.24,232.48,,,98.0,1253.0,High
16162L,Unknown,General,0.66,17,8.0,6.874,0.859,29.9,85.9,1490.6,1576.6,2920.0,2.0,97.94,97.94,195.89,,,85.9,1487.3,Medium
37488A,damaged,General,0.39,7,8.0,4.761,0.595,20.7,76.7,1934.8,2011.6,2920.0,1.5,75.46,75.46,150.92,,,76.7,1934.8,Medium
90055,CRACKED GLAZE EARRINGS BROWN,General,2.53,7,8.0,10.1,1.262,44.0,100.0,759.2,859.2,2920.0,3.8,192.3,192.3,384.6,,,100.0,759.7,High
46126A,Unknown,General,1.25,5,8.0,4.95,0.619,21.5,77.5,1079.9,1157.4,2920.0,2.7,135.2,135.2,270.4,,,77.5,1080.7,Medium
90018B,GOLD M.O.P ORBIT DROP EARRINGS,General,4.22,10,8.0,5.375,0.672,23.4,79.4,587.8,667.2,2920.0,5.0,248.36,248.36,496.73,,,79.4,588.2,Medium
21058,PARTY INVITES WOODLAND,General,0.88,176,7.983,8.143,1.02,35.4,91.3,1290.3,1381.6,2913.8,2.3,112.91,112.91,225.82,,,91.3,1286.7,High
22281,EASTER TREE YELLOW BIRDS,General,5.93,102,7.98,11.298,1.416,49.2,105.0,495.5,600.6,2912.8,5.9,293.9,293.9,587.8,,,105.1,495.6,High
23470,CARD HOLDER LOVE BIRD LARGE ,General,6.22,138,7.978,8.437,1.058,36.7,92.6,483.9,576.4,2912.1,6.0,300.92,300.92,601.84,,,92.5,483.8,High
21528,DAIRY MAID TRADITIONAL TEAPOT ,General,6.91,172,7.977,9.038,1.133,39.3,95.2,458.8,554.0,2911.5,6.3,317.28,317.28,634.55,,,95.1,459.0,High
20764,ABSTRACT CIRCLES SKETCHBOOK ,General,3.73,143,7.972,9.193,1.153,40.0,95.8,624.3,720.1,2909.8,4.7,233.04,233.04,466.09,,,95.8,624.5,High
47580,TEA TIME DES TEA COSY,General,2.53,171,7.971,9.038,1.134,39.3,95.1,758.5,853.6,2909.3,3.8,191.79,191.79,383.57,,,95.1,758.3,High
21628,TRIANGULAR POUFFE VINTAGE ,General,14.88,33,7.97,7.963,0.999,34.7,90.4,312.6,403.0,2908.9,9.3,465.29,465.29,930.58,,,90.5,312.6,Medium
23039,T-LIGHT HOLDER SILVER HEART HANDLE,General,1.96,33,7.97,7.618,0.956,33.2,88.9,861.2,950.2,2908.9,3.4,168.88,168.88,337.76,,,89.0,861.4,Medium
22101,MIRROR MOSAIC VOTIVE HOLDER,General,2.08,57,7.965,6.889,0.865,30.0,85.7,836.4,922.1,2907.2,3.5,173.79,173.79,347.59,,,85.8,836.0,Medium
85130B,BEADED CRYSTAL HEART GREEN LARGE,General,1.0,69,7.957,6.925,0.87,30.1,85.8,1204.1,1289.9,2904.1,2.4,120.6,120.6,241.2,,,85.8,1205.0,Medium
21615,check,General,2.04,144,7.951,9.222,1.16,40.1,95.8,843.8,939.6,2902.3,3.4,171.98,171.98,343.97,,,95.8,843.4,High
75011,BLUE DAISY MOBILE,General,0.78,20,7.95,7.742,0.974,33.7,89.3,1367.4,1456.7,2901.8,2.1,106.11,106.11,212.21,,,89.3,1363.9,Medium
85169B,BLACK LOVE BIRD CANDLE,General,1.16,40,7.95,7.013,0.882,30.5,86.2,1119.7,1205.9,2901.8,2.6,129.58,129.58,259.15,,,86.2,1118.4,Medium
23074,EMBOSSED HEART TRINKET BOX,General,2.08,58,7.948,8.507,1.07,37.0,92.7,835.3,928.0,2901.1,3.5,173.65,173.65,347.31,,,92.6,835.1,High
47310M,SMALL POP BOX FUNKY MONKEY,General,1.3,96,7.948,8.771,1.104,38.2,93.8,1057.2,1151.0,2901.0,2.7,137.2,137.2,274.4,,,93.8,1056.3,High
84031B,CHARLIE LOLA BLUE HOT WATER BOTTLE ,General,3.72,128,7.945,9.697,1.22,42.2,97.8,624.5,722.4,2900.0,4.6,232.18,232.18,464.36,,,97.8,624.3,High
22912,YELLOW COAT RACK PARIS FASHION,General,4.96,201,7.945,8.962,1.128,39.0,94.6,540.8,635.4,2900.0,5.4,268.14,268.14,536.28,,,94.6,540.7,High
16248B,Unknown,General,1.25,18,7.944,7.87,0.991,34.3,89.9,1077.7,1167.6,2899.7,2.7,134.53,134.53,269.07,,,89.9,1077.0,Medium
23413,DECORATIVE VINTAGE COFFEE  BOX,General,4.86,72,7.944,7.807,0.983,34.0,89.6,546.1,635.7,2899.7,5.3,265.51,265.51,531.02,,,89.6,546.2,Medium
23045,PAPER LANTERN 5 POINT STAR MOON ,General,4.14,79,7.937,7.994,1.007,34.8,90.3,591.4,681.7,2896.9,4.9,244.93,244.93,489.86,,,90.4,591.5,High
21307,SET/4 BUTTERFLY MIRROR MAGNETS,General,1.1,61,7.934,7.977,1.005,34.7,90.3,1145.2,1235.5,2896.1,2.5,126.44,126.44,252.89,,,90.2,1147.3,High
22511,RETROSPOT BABUSHKA DOORSTOP,General,2.01,151,7.934,7.489,0.944,32.6,88.1,848.8,936.9,2895.8,3.4,170.58,170.58,341.17,,,88.1,848.7,Medium
21927,Unknown,General,1.25,188,7.931,7.114,0.897,31.0,86.5,1076.3,1162.8,2894.8,2.7,134.47,134.47,268.95,,,86.5,1076.1,Medium
21289,LARGE STRIPES CHOCOLATE GIFT BAG,General,1.25,28,7.929,5.333,0.673,23.2,78.7,1076.6,1155.4,2893.9,2.7,134.4,134.4,268.79,,,78.7,1075.9,Medium
35972,check,General,1.25,55,7.927,7.376,0.93,32.1,87.6,1076.8,1164.3,2893.5,2.7,134.36,134.36,268.72,,,87.6,1075.8,Medium
85129C,BEADED CRYSTAL HEART BLUE SMALL,General,1.43,41,7.927,6.482,0.818,28.2,83.7,1005.6,1089.3,2893.3,2.9,143.86,143.86,287.72,,,83.7,1005.8,Medium
90122C,TURQUOISE CRYSTAL+GLASS BRACELET,General,4.91,27,7.926,5.811,0.733,25.3,80.8,542.8,623.6,2893.0,5.3,266.49,266.49,532.98,,,80.8,542.8,Medium
21026,SPACE OWL,General,1.23,67,7.925,9.161,1.156,39.9,95.3,1082.7,1178.0,2892.8,2.7,133.59,133.59,267.18,,,95.4,1084.4,High
72800D,Unknown,General,2.54,67,7.925,9.253,1.167,40.3,95.7,754.7,850.4,2892.8,3.8,191.66,191.66,383.32,,,95.8,754.6,High
20780,BLACK EAR MUFF HEADPHONES,General,5.91,65,7.923,9.161,1.156,39.9,95.3,494.8,590.1,2891.9,5.8,292.25,292.25,584.5,,,95.4,494.6,High
84898F,Unknown,General,2.11,49,7.918,7.494,0.946,32.6,88.0,828.3,916.4,2890.2,3.5,174.46,174.46,348.93,,,88.0,827.6,Medium
90185B,AMETHYST DIAMANTE EXPANDABLE RING,General,4.27,12,7.917,9.959,1.258,43.3,98.8,581.4,680.2,2889.6,5.0,248.5,248.5,497.0,,,98.7,581.7,High
22362,GLASS JAR PEACOCK BATH SALTS,General,2.95,180,7.917,8.738,1.104,38.0,93.4,699.7,793.2,2889.6,4.1,206.48,206.48,412.96,,,93.4,699.8,High
23556,LANDMARK FRAME COVENT GARDEN ,General,12.51,67,7.91,5.923,0.749,25.8,81.2,339.8,420.9,2887.3,8.5,424.91,424.91,849.82,,,81.2,339.7,Medium
22808,SET OF 6 T-LIGHTS EASTER CHICKS,General,2.74,130,7.908,6.984,0.883,30.4,85.8,725.2,811.0,2886.3,4.0,199.0,199.0,397.99,,,85.8,725.7,Medium
85205B,PINK FELT EASTER RABBIT GARLAND,General,2.54,32,7.906,5.567,0.704,24.2,79.6,753.3,832.8,2885.8,3.8,191.55,191.55,383.11,,,79.5,753.7,Medium
84247E,Unknown,General,2.95,64,7.906,7.122,0.901,31.0,86.3,699.0,785.3,2885.8,4.1,206.43,206.43,412.87,,,86.3,699.4,Medium
22874,NUMBER TILE COTTAGE GARDEN 6,General,1.93,32,7.906,7.839,0.991,34.1,89.5,864.2,953.7,2885.8,3.3,166.96,166.96,333.92,,,89.4,864.6,Medium
20774,damaged,General,1.66,62,7.903,7.341,0.929,32.0,87.3,933.3,1020.5,2884.7,3.1,154.55,154.55,309.1,,,87.3,932.1,Medium
23464,VINTAGE ZINC WATERING CAN SMALL,General,4.91,10,7.9,7.52,0.952,32.7,88.0,541.9,629.9,2883.5,5.3,266.06,266.06,532.13,,,88.0,541.9,Medium
22933,BAKING MOULD EASTER EGG MILK CHOC,General,2.96,157,7.898,7.034,0.891,30.6,85.9,698.4,784.3,2882.8,4.1,206.39,206.39,412.79,,,85.9,697.8,Medium
85135B,check,General,7.89,112,7.893,9.278,1.175,40.4,95.6,427.3,523.0,2880.9,6.7,337.08,337.08,674.16,,,95.7,427.3,High
62096B,Unknown,General,1.26,9,7.889,5.11,0.648,22.2,77.5,1068.0,1145.5,2879.4,2.7,134.81,134.81,269.61,,,77.4,1068.9,Medium
90081C,LILY BROOCH OLIVE COLOUR,General,4.99,17,7.882,7.296,0.926,31.8,86.9,537.0,623.9,2877.1,5.4,267.88,267.88,535.75,,,87.0,536.9,Medium
23454,THREE MINI HANGING FRAMES,General,4.16,85,7.882,8.905,1.13,38.8,93.9,587.9,681.8,2877.1,4.9,244.69,244.69,489.38,,,94.0,588.1,High
22703,PINK CAT BOWL,General,1.38,117,7.88,6.973,0.885,30.3,85.5,1019.8,1105.3,2876.3,2.8,141.03,141.03,282.05,,,85.5,1020.9,Medium
23178,JAM CLOCK MAGNET,General,2.66,157,7.879,6.261,0.795,27.2,82.4,735.6,818.0,2875.8,3.9,195.48,195.48,390.96,,,82.4,735.2,Medium
21576,LETS GO SHOPPING COTTON TOTE BAG,General,2.24,90,7.878,8.429,1.07,36.7,91.8,800.9,892.7,2875.4,3.6,179.51,179.51,359.02,,,91.8,801.1,High
90067A,PINK VINTAGE VICTORIAN EARRINGS,General,2.98,8,7.875,7.019,0.891,30.5,85.7,694.9,780.6,2874.4,4.1,206.82,206.82,413.64,,,85.6,694.5,Medium
90054,CRACKED GLAZE EARRINGS RED,General,2.51,8,7.875,10.19,1.294,44.4,99.5,756.7,856.2,2874.4,3.8,189.93,189.93,379.86,,,99.5,756.7,High
62096A,Unknown,General,1.23,8,7.875,2.357,0.299,10.3,65.4,1082.0,1147.4,2874.4,2.7,132.82,132.82,265.64,,,65.4,1081.0,Low
22606,check,General,15.31,271,7.867,8.094,1.029,35.2,90.3,306.2,396.5,2871.5,9.4,468.87,468.87,937.73,,,90.3,306.2,High
84877D,Unknown,General,2.08,30,7.867,7.505,0.954,32.7,87.7,831.6,919.3,2871.3,3.5,172.64,172.64,345.28,,,87.8,830.8,Medium
46138B,BLUE CHENILLE SHAGGY CUSHION COVER ,General,0.85,28,7.857,8.136,1.036,35.4,90.4,1298.0,1388.4,2867.9,2.2,110.47,110.47,220.94,,,90.4,1298.8,High
84707B,PINK JEWELLED MIRROR TRINKET TRAY,General,7.11,40,7.85,9.242,1.177,40.2,95.2,448.7,543.9,2865.2,6.4,319.26,319.26,638.52,,,95.2,448.9,High
20761,BLUE PAISLEY SKETCHBOOK,General,3.76,132,7.841,7.037,0.898,30.6,85.5,616.8,702.3,2861.9,4.6,231.99,231.99,463.99,,,85.5,616.9,Medium
21224,SET/4 SKULL BADGES,General,1.25,179,7.838,7.291,0.93,31.7,86.6,1070.8,1157.4,2860.9,2.7,133.58,133.58,267.16,,,86.6,1069.7,Medium
23047,PAPER LANTERN 5 POINT STUDDED STAR,General,5.77,73,7.836,7.493,0.956,32.6,87.5,497.7,585.1,2860.0,5.7,287.34,287.34,574.69,,,87.5,497.8,Medium
21467,CHERRY CROCHET FOOD COVER,General,3.75,194,7.835,8.964,1.144,39.0,93.9,617.7,711.6,2859.8,4.6,231.47,231.47,462.95,,,93.8,617.5,High
84706D,Unknown,General,8.99,6,7.833,8.796,1.123,38.3,93.1,398.7,491.8,2859.2,7.2,358.6,358.6,717.19,,,93.1,398.8,High
21777,Unknown,General,7.99,12,7.833,6.74,0.86,29.3,84.2,423.1,507.3,2859.2,6.8,337.88,337.88,675.76,,,84.1,423.0,Medium
21250,SET OF SKULL WALL STICKERS,General,2.87,24,7.833,9.149,1.168,39.8,94.7,705.3,800.0,2859.2,4.1,202.69,202.69,405.38,,,94.6,705.8,High
23478,WOODLAND LARGE PINK FELT HEART,General,1.24,24,7.833,6.134,0.783,26.7,81.5,1074.1,1155.6,2859.2,2.7,133.1,133.1,266.19,,,81.5,1073.7,Medium
22928,YELLOW GIANT GARDEN THERMOMETER,General,6.15,178,7.831,9.363,1.196,40.8,95.6,482.0,577.6,2858.5,5.9,296.5,296.5,593.0,,,95.6,482.1,High
21352,check,General,4.56,77,7.831,6.841,0.874,29.8,84.6,559.9,644.5,2858.4,5.1,255.25,255.25,510.51,,,84.6,559.8,Medium
84247L,Unknown,General,0.42,17,7.824,5.114,0.654,22.3,77.0,1842.5,1919.5,2855.6,1.5,77.49,77.49,154.99,,,77.1,1843.8,Medium
22446,PIN CUSHION BABUSHKA PINK,General,2.97,79,7.823,8.017,1.025,34.9,89.7,693.7,783.4,2855.3,4.1,205.8,205.8,411.59,,,89.7,693.3,High
85059,FRENCH ENAMEL WATER BASIN,General,3.11,162,7.821,6.925,0.885,30.1,84.9,678.0,762.8,2854.7,4.2,210.54,210.54,421.07,,,84.8,677.5,Medium
22882,NUMBER TILE VINTAGE FONT 3,General,1.8,39,7.821,7.563,0.967,32.9,87.7,889.8,977.5,2854.5,3.2,160.4,160.4,320.79,,,87.6,890.5,Medium
90002D,Unknown,General,3.76,27,7.815,6.511,0.833,28.3,83.0,616.3,699.3,2852.4,4.6,231.42,231.42,462.85,,,83.0,615.9,Medium
22516,CHILDS GARDEN RAKE BLUE,General,2.08,70,7.814,7.258,0.929,31.6,86.3,827.9,914.2,2852.2,3.4,172.26,172.26,344.52,,,86.3,828.0,Medium
35920,Unknown,General,1.24,21,7.81,7.884,1.01,34.3,89.0,1070.7,1159.6,2850.5,2.7,133.12,133.12,266.24,,,89.0,1072.1,High
21351,damaged,General,6.7,62,7.806,8.848,1.133,38.5,93.2,461.0,554.2,2849.4,6.2,309.04,309.04,618.08,,,93.1,461.1,High
20980,Unknown,General,1.25,36,7.806,6.126,0.785,26.7,81.3,1067.2,1148.5,2849.0,2.7,133.49,133.49,266.97,,,81.3,1067.5,Medium
21379,CAMPHOR WOOD PORTOBELLO MUSHROOM,General,1.02,61,7.803,6.316,0.809,27.5,82.1,1182.8,1264.9,2848.2,2.4,120.4,120.4,240.79,,,82.1,1181.6,Medium
90148,LONG SILVER NECKLACE PASTEL FLOWER,General,12.8,10,7.8,6.63,0.85,28.9,83.5,333.5,416.9,2847.0,8.5,426.86,426.86,853.72,,,83.5,333.5,Medium
84906,PINK BUTTERFLY CUSHION COVER,General,4.59,20,7.8,6.895,0.884,30.0,84.6,557.2,641.8,2847.0,5.1,255.49,255.49,510.98,,,84.6,556.9,Medium
37462E,"PET MUG, GOLDFISH",General,0.42,10,7.8,6.795,0.871,29.6,84.2,1836.6,1920.8,2847.0,1.6,77.51,77.51,155.01,,,84.2,1841.0,Medium
35650,VINTAGE BEAD PINK JEWEL STAND,General,4.99,5,7.8,13.027,1.67,56.7,111.3,534.1,645.4,2847.0,5.3,266.52,266.52,533.04,,,111.3,534.1,Critical
22504,CABIN BAG VINTAGE RETROSPOT,General,27.44,89,7.798,9.515,1.22,41.4,96.0,227.7,323.7,2846.2,12.5,624.93,624.93,1249.86,,,96.0,227.7,High
21222,SET/4 BADGES BEETLES,General,1.5,68,7.794,6.542,0.839,28.5,83.0,972.6,1055.7,2844.9,2.9,146.24,146.24,292.49,,,83.1,973.8,Medium
21710,FOLDING UMBRELLA PINKWHITE POLKADOT,General,4.93,48,7.792,8.834,1.134,38.4,93.0,537.0,630.0,2844.0,5.3,264.82,264.82,529.64,,,92.9,537.1,High
47344B,Unknown,General,0.97,19,7.789,5.846,0.75,25.4,80.0,1211.8,1291.8,2843.2,2.3,117.31,117.31,234.63,,,79.9,1210.6,Medium
23409,PHOTO FRAME LINEN AND LACE LARGE,General,3.75,88,7.784,7.038,0.904,30.6,85.1,615.4,700.6,2841.2,4.6,230.83,230.83,461.66,,,85.1,615.5,Medium
37444A,Unknown,General,1.35,45,7.778,6.735,0.866,29.3,83.8,1025.2,1109.0,2838.9,2.8,138.45,138.45,276.9,,,83.7,1025.4,Medium
21813,GARLAND WITH STARS AND BELLS,General,4.91,94,7.777,8.195,1.054,35.7,90.1,537.9,628.0,2838.5,5.3,263.86,263.86,527.72,,,90.1,537.6,High
21327,SKULLS WRITING SET ,General,1.65,287,7.774,7.877,1.013,34.3,88.7,926.9,1015.6,2837.3,3.1,153.06,153.06,306.12,,,88.7,927.2,High
22831,WHITE BROCANTE SOAP DISH,General,2.95,255,7.773,7.04,0.906,30.6,85.0,693.7,778.8,2837.0,4.1,204.47,204.47,408.94,,,85.0,693.4,Medium
90036A,FLOWER GARLAND NECKLACE RED,General,8.02,22,7.773,7.578,0.975,33.0,87.4,420.7,508.1,2837.0,6.7,337.21,337.21,674.41,,,87.4,420.6,Medium
22876,NUMBER TILE COTTAGE GARDEN 8,General,1.96,42,7.762,6.211,0.8,27.0,81.4,849.6,930.9,2833.1,3.3,166.74,166.74,333.48,,,81.3,850.1,Medium
37479B,Unknown,General,1.21,46,7.761,5.793,0.746,25.2,79.5,1082.3,1161.9,2832.7,2.6,130.86,130.86,261.73,,,79.5,1081.9,Medium
21063,PARTY INVITES JAZZ HEARTS,General,0.88,184,7.761,7.201,0.928,31.3,85.7,1271.7,1357.4,2832.7,2.2,111.37,111.37,222.75,,,85.6,1268.7,Medium
84086C,PINK/PURPLE RETRO RADIO,General,2.93,56,7.75,6.947,0.896,30.2,84.5,694.3,778.7,2828.8,4.1,203.73,203.73,407.45,,,84.5,694.8,Medium
37476,Unknown,General,9.58,27,7.741,7.789,1.006,33.9,88.1,384.1,472.1,2825.4,7.4,367.83,367.83,735.65,,,88.1,384.0,High
21270,ANTIQUE CREAM CUTLERY CUPBOARD,General,12.76,23,7.739,7.085,0.916,30.8,85.0,332.8,417.8,2824.8,8.5,424.44,424.44,848.89,,,85.0,332.7,Medium
22497,Unknown,General,4.25,161,7.739,10.083,1.303,43.9,98.1,576.6,674.7,2824.8,4.9,244.95,244.95,489.9,,,98.1,576.5,High
21707,FOLDING UMBRELLA BLACKBLUE POLKADOT,General,5.21,91,7.736,9.184,1.187,40.0,94.1,520.8,614.9,2823.7,5.4,271.1,271.1,542.19,,,94.2,520.6,High
84919,Unknown,General,6.96,22,7.727,6.663,0.862,29.0,83.1,450.2,533.3,2820.5,6.3,313.22,313.22,626.44,,,83.1,450.1,Medium
90036C,"FLOWER GLASS GARLAND NECKL.36""BLUE",General,8.01,11,7.727,5.217,0.675,22.7,76.8,419.5,496.3,2820.5,6.7,336.19,336.19,672.38,,,76.8,419.6,Medium
22802,FAUX FUR CHOCOLATE THROW,General,16.56,101,7.723,6.97,0.903,30.3,84.4,291.7,376.1,2818.8,9.7,483.12,483.12,966.24,,,84.4,291.7,Medium
85131C,BEADED CRYSTAL HEART BLUE ON STICK,General,1.04,28,7.714,6.71,0.87,29.2,83.2,1163.5,1246.7,2815.7,2.4,121.0,121.0,242.01,,,83.2,1163.5,Medium
84661B,BLACK SQUARE TABLE CLOCK,General,1.78,31,7.71,8.553,1.109,37.2,91.2,888.9,980.1,2814.0,3.2,158.28,158.28,316.57,,,91.2,889.1,High
21910,Unknown,General,1.63,17,7.706,10.024,1.301,43.6,97.6,927.7,1025.3,2812.6,3.0,151.59,151.59,303.19,,,97.5,928.8,High
37501,Unknown,General,6.94,60,7.7,6.541,0.85,28.5,82.4,450.0,532.4,2810.5,6.2,312.27,312.27,624.54,,,82.4,450.0,Medium
23016,GLASS TWIST BON BON JAR,General,7.72,33,7.697,6.817,0.886,29.7,83.5,426.5,510.1,2809.4,6.6,329.33,329.33,658.65,,,83.6,426.6,Medium
20666,Unknown,General,2.96,23,7.696,8.557,1.112,37.2,91.1,689.1,780.2,2808.9,4.1,203.82,203.82,407.63,,,91.1,688.8,High
90214K,"LETTER ""K"" BLING KEY RING",General,0.85,49,7.694,7.655,0.995,33.3,87.2,1285.1,1372.3,2808.3,2.2,109.26,109.26,218.52,,,87.2,1285.3,Medium
72760B,VINTAGE CREAM 3 BASKET CAKE STAND,General,9.95,300,7.693,7.433,0.966,32.3,86.2,375.7,461.9,2808.1,7.5,373.7,373.7,747.4,,,86.2,375.6,Medium
84795B,SUNSET CHECK HAMMOCK,General,7.73,107,7.692,11.686,1.519,50.9,104.7,426.1,530.8,2807.4,6.6,329.45,329.45,658.9,,,104.7,426.1,Critical
22162,Unknown,General,2.95,64,7.688,6.803,0.885,29.6,83.4,689.5,772.9,2805.9,4.1,203.47,203.47,406.94,,,83.4,689.6,Medium
17091A,found,General,0.94,79,7.684,8.407,1.094,36.6,90.4,1219.8,1310.2,2804.5,2.3,114.96,114.96,229.91,,,90.4,1221.4,High
84916,Unknown,General,5.12,41,7.683,7.319,0.953,31.9,85.6,523.5,609.2,2804.3,5.4,267.81,267.81,535.63,,,85.7,523.3,Medium
21028,NINJA RABBIT BLACK,General,1.48,69,7.681,7.041,0.917,30.6,84.4,973.9,1058.4,2803.6,2.9,143.93,143.93,287.86,,,84.4,973.2,Medium
21319,adjustment,General,0.92,52,7.673,10.974,1.43,47.8,101.5,1234.1,1335.6,2800.7,2.3,113.47,113.47,226.94,,,101.5,1233.7,High
22797,damages,General,17.4,200,7.67,7.901,1.03,34.4,88.1,283.7,371.7,2799.6,9.9,493.48,493.48,986.96,,,88.1,283.6,High
22781,GUMBALL MAGAZINE RACK,General,7.66,304,7.668,8.183,1.067,35.6,89.3,427.3,516.6,2798.7,6.5,327.45,327.45,654.91,,,89.3,427.4,High
90023,FILIGREE DIAMANTE EARRINGS,General,4.18,6,7.667,4.803,0.626,20.9,74.6,578.3,652.9,2798.3,4.8,241.93,241.93,483.87,,,74.6,578.6,Medium
90040A,MURANO STYLE GLASS BRACELET RED,General,3.53,6,7.667,7.448,0.971,32.4,86.1,629.4,715.5,2798.3,4.4,222.29,222.29,444.58,,,86.1,629.6,Medium
72800C,4 PINK DINNER CANDLE SILVER FLOCK,General,1.88,71,7.662,6.12,0.799,26.6,80.3,862.1,942.3,2796.6,3.2,162.2,162.2,324.41,,,80.2,862.4,Medium
21630,FLOOR CUSHION ELEPHANT CARNIVAL,General,8.94,56,7.661,8.178,1.068,35.6,89.2,395.4,484.6,2796.2,7.1,353.6,353.6,707.2,,,89.2,395.5,High
22317,FIVE CATS HANGING DECORATION,General,2.95,44,7.659,7.554,0.986,32.9,86.5,688.6,775.1,2795.6,4.1,203.0,203.0,405.99,,,86.5,688.4,Medium
85185D,Unknown,General,2.96,23,7.652,9.437,1.233,41.1,94.6,686.4,781.1,2793.0,4.1,203.45,203.45,406.9,,,94.7,686.9,High
84925F,Unknown,General,1.81,43,7.651,7.693,1.005,33.5,87.0,878.8,965.9,2792.7,3.2,158.89,158.89,317.77,,,87.1,878.3,High
21804,dotcom,General,3.72,63,7.651,8.026,1.049,34.9,88.5,612.9,701.4,2792.5,4.6,227.8,227.8,455.61,,,88.5,612.6,High
84279B,CHERRY BLOSSOM DECORATIVE FLASK,General,3.72,128,7.648,8.48,1.109,36.9,90.4,612.2,702.6,2791.7,4.6,228.01,228.01,456.02,,,90.4,612.6,High
85146,Unknown,General,1.95,14,7.643,5.078,0.664,22.1,75.6,846.8,922.4,2789.6,3.3,164.71,164.71,329.42,,,75.6,845.7,Medium
20698,LITTLE PINK MONSTER SOFT TOY,General,2.55,14,7.643,8.714,1.14,37.9,91.4,739.7,831.1,2789.6,3.8,188.57,188.57,377.14,,,91.4,739.6,High
21448,Unknown,General,1.65,137,7.642,7.25,0.949,31.6,85.1,919.9,1005.0,2789.5,3.0,151.61,151.61,303.23,,,85.1,919.4,Medium
23466,TUSCAN VILLA DOVECOTE BIRD FEEDER,General,8.31,39,7.641,12.136,1.588,52.8,106.3,409.5,515.9,2789.0,6.8,340.49,340.49,680.99,,,106.3,409.6,Critical
20684,Unknown,General,3.25,64,7.641,7.49,0.98,32.6,86.1,654.8,740.9,2788.8,4.3,212.95,212.95,425.9,,,86.1,655.0,Medium
22447,PIN CUSHION BABUSHKA BLUE,General,2.56,25,7.64,6.812,0.892,29.6,83.1,737.9,821.1,2788.6,3.8,188.94,188.94,377.89,,,83.1,738.0,Medium
90122A,PINK CRYSTAL+GLASS BRACELET,General,4.95,22,7.636,11.099,1.453,48.3,101.8,530.5,632.3,2787.3,5.3,262.7,262.7,525.39,,,101.8,530.6,High
21416,Unknown,General,3.79,11,7.636,11.518,1.508,50.1,103.6,606.2,709.8,2787.3,4.6,229.88,229.88,459.76,,,103.6,606.4,Critical
22526,WHEELBARROW FOR CHILDREN ,General,12.73,120,7.633,8.887,1.164,38.7,92.1,330.8,422.9,2786.2,8.4,421.12,421.12,842.24,,,92.1,330.8,High
23430,BLUE RETRO KITCHEN WALL CLOCK,General,8.15,35,7.629,11.502,1.508,50.1,103.5,413.2,516.7,2784.4,6.7,336.92,336.92,673.84,,,103.5,413.3,Critical
90018C,SILVER BLACK ORBIT DROP EARRINGS,General,4.24,8,7.625,8.245,1.081,35.9,89.3,572.7,662.0,2783.1,4.9,242.98,242.98,485.95,,,89.3,572.9,High
22183,CAKE STAND VICTORIAN FILIGREE MED,General,6.73,48,7.625,6.629,0.869,28.9,82.2,454.8,537.0,2783.1,6.1,305.99,305.99,611.99,,,82.3,454.7,Medium
35911B,PINK/FLOWER RABBIT EGG WARMER ,General,2.09,8,7.625,4.274,0.561,18.6,72.0,815.5,887.5,2783.1,3.4,170.64,170.64,341.28,,,72.0,816.0,Medium
90162C,ANT SILVER FUSCHIA BOUDICCA RING,General,3.01,8,7.625,5.68,0.745,24.7,78.1,679.8,757.9,2783.1,4.1,204.7,204.7,409.41,,,78.1,679.9,Medium
21248,DOOR HANGER  MUM + DADS ROOM,General,1.45,98,7.622,6.722,0.882,29.3,82.6,979.2,1061.8,2782.2,2.8,142.06,142.06,284.13,,,82.7,979.5,Medium
71038,check,General,5.33,82,7.622,5.832,0.765,25.4,78.7,510.9,589.6,2782.0,5.4,272.29,272.29,544.58,,,78.8,510.9,Medium
90014A,SILVER M.O.P. ORBIT NECKLACE,General,5.76,34,7.618,6.262,0.822,27.3,80.6,491.2,571.7,2780.4,5.7,283.04,283.04,566.09,,,80.6,491.3,Medium
90214N,"LETTER ""N"" BLING KEY RING",General,0.61,13,7.615,8.252,1.084,35.9,89.2,1504.7,1593.9,2779.6,1.8,92.36,92.36,184.73,,,89.2,1509.4,High
37489D,PINK/GREEN FLOWER DESIGN BIG MUG,General,0.65,44,7.614,10.581,1.39,46.1,99.3,1457.8,1557.1,2779.0,1.9,95.32,95.32,190.63,,,99.4,1462.1,High
21722,SWEET PUDDING STICKER SHEET,General,0.85,25,7.6,6.076,0.799,26.4,79.6,1279.3,1358.9,2774.0,2.2,108.42,108.42,216.84,,,79.6,1277.4,Medium
21865,Unknown,General,2.08,161,7.596,8.695,1.145,37.8,91.0,815.7,906.7,2772.6,3.4,169.96,169.96,339.91,,,91.0,816.4,High
47471,RAINBOW PEGS PHOTO CLIP STRING,General,0.8,73,7.589,7.422,0.978,32.3,85.4,1318.7,1404.1,2770.0,2.1,105.03,105.03,210.05,,,85.4,1315.8,Medium
84804A,wet damaged,General,1.87,12,7.583,5.089,0.671,22.2,75.2,860.1,935.3,2767.9,3.2,160.91,160.91,321.82,,,75.3,860.3,Medium
21100,Damaged,General,1.66,24,7.583,9.283,1.224,40.4,93.5,913.3,1006.8,2767.9,3.0,151.53,151.53,303.07,,,93.5,913.1,High
90063B,BLACK VINT ART DEC CRYSTAL NECKLACE,General,8.52,23,7.565,8.382,1.108,36.5,89.4,402.6,492.0,2761.3,6.9,342.97,342.97,685.95,,,89.5,402.6,High
35833P,check,General,1.25,39,7.564,7.437,0.983,32.4,85.3,1049.2,1134.5,2760.9,2.6,131.57,131.57,263.15,,,85.3,1050.9,Medium
23414,ZINC BOX SIGN HOME,General,9.85,134,7.552,6.658,0.882,29.0,81.8,374.1,456.0,2756.6,7.4,368.4,368.4,736.81,,,81.9,374.1,Medium
20758,Unknown,General,0.85,95,7.537,7.412,0.983,32.3,85.0,1273.3,1358.3,2750.9,2.2,108.03,108.03,216.05,,,85.1,1272.1,Medium
35915C,Unknown,General,1.65,28,7.536,9.008,1.195,39.2,92.0,912.8,1004.7,2750.5,3.0,150.67,150.67,301.34,,,92.0,913.0,High
90162D,ANT SILVER PURPLE BOUDICCA RING,General,2.95,15,7.533,6.346,0.842,27.6,80.4,682.4,762.8,2749.7,4.0,201.46,201.46,402.91,,,80.3,682.7,Medium
22164,Unknown,General,2.92,30,7.533,8.191,1.087,35.6,88.4,686.3,774.7,2749.7,4.0,200.32,200.32,400.63,,,88.3,686.2,High
84924A,WAKE UP COCKEREL CALENDAR SIGN ,General,3.77,32,7.531,5.864,0.779,25.5,78.2,604.0,682.2,2748.9,4.6,227.57,227.57,455.13,,,78.2,603.8,Medium
20819,SILVER TEDDY BEAR,General,3.77,21,7.524,10.206,1.356,44.4,97.1,603.6,700.7,2746.2,4.5,227.49,227.49,454.98,,,97.1,603.5,High
77101A,Unknown,General,1.25,44,7.523,5.088,0.676,22.1,74.8,1048.0,1122.8,2745.8,2.6,131.01,131.01,262.01,,,74.8,1048.0,Medium
90082B,Unknown,General,6.32,38,7.5,6.636,0.885,28.9,81.4,465.4,546.8,2737.5,5.9,294.1,294.1,588.2,,,81.4,465.4,Medium
84527,FLAMES SUNGLASSES PINK LENSES,General,1.66,4,7.5,11.03,1.471,48.0,100.5,908.0,1008.6,2737.5,3.0,150.74,150.74,301.47,,,100.5,908.0,High
21692,SILVER LATTICE VANILLA CANDLE POT,General,3.74,18,7.5,12.599,1.68,54.8,107.3,605.1,712.5,2737.5,4.5,226.19,226.19,452.38,,,107.3,605.0,Critical
21847,GREEN  DIAMANTE PEN IN GIFT BOX,General,4.97,10,7.5,6.57,0.876,28.6,81.1,525.1,606.1,2737.5,5.2,260.69,260.69,521.38,,,81.1,524.8,Medium
35400,Unknown,General,9.13,2,7.5,4.95,0.66,21.5,74.0,387.2,461.2,2737.5,7.1,353.51,353.51,707.01,,,74.0,387.2,Medium
90212B,JET BLACK LAS VEGAS BRACELET ROUND,General,3.71,6,7.5,9.566,1.275,41.6,94.1,607.1,701.3,2737.5,4.5,225.45,225.45,450.89,,,94.1,607.4,High
23019,SMALL APOTHECARY MEASURING JAR ,General,8.12,64,7.5,6.486,0.865,28.2,80.7,410.7,491.4,2737.5,6.7,333.29,333.29,666.58,,,80.7,410.6,Medium
72821,Unknown,General,1.64,20,7.5,6.879,0.917,29.9,82.4,913.3,995.7,2737.5,3.0,149.87,149.87,299.74,,,82.4,913.6,Medium
21763,VINTAGE WOODEN BAR STOOL,General,26.57,18,7.5,8.542,1.139,37.2,89.7,227.0,316.7,2737.5,12.1,603.01,603.01,1206.02,,,89.7,227.0,High
23558,LANDMARK FRAME LONDON BRIDGE ,General,12.43,79,7.494,8.254,1.101,35.9,88.4,331.6,420.0,2735.2,8.2,412.36,412.36,824.72,,,88.4,331.7,High
85160B,BLACK BIRD GARDEN DESIGN MUG,General,0.39,45,7.489,6.391,0.853,27.8,80.2,1874.7,1954.9,2733.4,1.5,72.9,72.9,145.81,,,80.2,1872.0,Medium
21202,DOLLY HONEYCOMB GARLAND,General,1.5,33,7.485,9.118,1.218,39.7,92.1,954.9,1046.9,2732.0,2.9,143.06,143.06,286.11,,,92.1,954.3,High
21473,SWEETHEART CREAM STEEL TABLE RECT,General,20.0,25,7.48,8.505,1.137,37.0,89.4,261.3,350.6,2730.2,10.4,522.49,522.49,1044.98,,,89.4,261.3,High
22357,KINGS CHOICE BISCUIT TIN,General,4.23,219,7.479,7.728,1.033,33.6,86.0,568.1,654.1,2730.0,4.8,240.26,240.26,480.51,,,86.0,568.1,High
90064B,BLACK VINTAGE  CRYSTAL EARRINGS,General,3.77,23,7.478,6.508,0.87,28.3,80.7,601.3,682.0,2729.6,4.5,226.96,226.96,453.92,,,80.6,601.7,Medium
23428,IVORY RETRO KITCHEN WALL CLOCK,General,8.12,55,7.473,5.28,0.707,23.0,75.3,409.9,485.2,2727.5,6.7,332.73,332.73,665.46,,,75.3,409.8,Medium
22202,Unknown,General,3.75,34,7.471,5.717,0.765,24.9,77.2,603.1,680.3,2726.8,4.5,226.07,226.07,452.14,,,77.2,603.0,Medium
17014A,Unknown,General,0.42,13,7.462,4.994,0.669,21.7,74.0,1805.6,1879.5,2723.5,1.5,75.42,75.42,150.84,,,73.9,1800.6,Medium
22236,CAKE STAND 3 TIER MAGIC GARDEN,General,12.27,139,7.46,6.79,0.91,29.6,81.8,333.1,414.9,2723.1,8.2,408.76,408.76,817.52,,,81.8,333.1,Medium
72807B,????missing,General,4.25,146,7.459,5.829,0.781,25.4,77.6,565.9,643.5,2722.5,4.8,240.53,240.53,481.06,,,77.6,565.9,Medium
20854,Unknown,General,1.64,46,7.457,6.49,0.87,28.2,80.4,909.7,990.2,2721.6,3.0,149.59,149.59,299.18,,,80.4,910.9,Medium
71510,SQUARE METAL CANDLEHOLDER BASE,General,0.84,11,7.455,4.824,0.647,21.0,73.2,1270.6,1343.7,2720.9,2.1,107.07,107.07,214.15,,,73.2,1272.6,Medium
20837,FRENCH FLORAL CUSHION COVER ,General,0.83,31,7.452,3.749,0.503,16.3,68.5,1283.0,1351.5,2719.8,2.1,105.99,105.99,211.99,,,68.5,1280.0,Medium
35004P,Unknown,General,5.35,9,7.444,5.681,0.763,24.7,76.8,503.8,580.7,2717.2,5.4,269.66,269.66,539.32,,,76.8,503.9,Medium
22512,DOORSTOP RACING CAR DESIGN,General,1.94,70,7.443,5.426,0.729,23.6,75.7,836.4,912.1,2716.6,3.2,162.41,162.41,324.82,,,75.7,836.8,Medium
21808,Unknown,General,3.39,43,7.442,9.109,1.224,39.6,91.7,632.6,724.3,2716.3,4.3,214.7,214.7,429.39,,,91.7,633.0,High
23057,rusty throw away,General,4.87,89,7.438,9.03,1.214,39.3,91.4,527.8,619.1,2714.9,5.1,257.21,257.21,514.42,,,91.4,528.0,High
21197,MULTICOLOUR  CONFETTI IN TUBE,General,1.67,31,7.419,7.482,1.008,32.6,84.5,901.1,985.6,2708.1,3.0,150.26,150.26,300.52,,,84.5,900.4,High
84766,Unknown,General,3.67,36,7.417,6.349,0.856,27.6,79.5,607.6,687.1,2707.1,4.5,222.78,222.78,445.56,,,79.5,607.3,Medium
21476,STEEL SWEETHEART ROUND TABLE CREAM,General,14.98,17,7.412,7.517,1.014,32.7,84.6,300.5,385.1,2705.3,9.0,450.18,450.18,900.37,,,84.6,300.5,High
21293,MIRRORED DOVE WALL DECORATION,General,2.45,39,7.41,6.711,0.906,29.2,81.1,742.5,823.6,2704.7,3.6,182.14,182.14,364.28,,,81.1,743.0,Medium
90200C,Unknown,General,4.24,22,7.409,7.189,0.97,31.3,83.2,564.9,648.1,2704.3,4.8,239.36,239.36,478.73,,,83.2,564.7,Medium
20697,LITTLE GREEN MONSTER SOFT TOY,General,2.58,15,7.4,10.034,1.356,43.7,95.5,723.2,818.7,2701.0,3.7,186.73,186.73,373.47,,,95.5,723.5,High
35443,RASTA IN BATH W SPLIFF ASHTRAY,General,0.85,10,7.4,9.732,1.315,42.4,94.2,1262.0,1356.1,2701.0,2.1,107.02,107.02,214.03,,,94.2,1260.5,High
37444B,Unknown,General,2.92,15,7.4,6.61,0.893,28.8,80.6,680.5,761.1,2701.0,4.0,198.45,198.45,396.89,,,80.6,680.1,Medium
85145,Unknown,General,3.94,28,7.393,6.59,0.891,28.7,80.4,585.3,665.7,2698.4,4.6,230.51,230.51,461.01,,,80.5,585.2,Medium
75172,Unknown,General,1.78,23,7.391,5.852,0.792,25.5,77.2,871.5,948.7,2697.8,3.1,154.79,154.79,309.58,,,77.2,870.5,Medium
21056,DOCTOR'S BAG SOFT TOY,General,9.52,139,7.388,7.569,1.024,32.9,84.7,376.4,461.0,2696.8,7.2,358.25,358.25,716.51,,,84.6,376.3,High
23023,RIDGED BONNE JAM JAR T-LIGHT HOLDER,General,1.66,44,7.386,6.296,0.852,27.4,79.1,901.5,980.6,2696.0,3.0,149.53,149.53,299.07,,,79.1,901.1,Medium
21288,Unknown,General,2.92,104,7.385,8.66,1.173,37.7,89.4,679.3,768.6,2695.4,4.0,198.41,198.41,396.82,,,89.4,679.4,High
21826,Unknown,General,1.25,34,7.382,6.495,0.88,28.3,79.9,1039.5,1119.5,2694.6,2.6,129.6,129.6,259.21,,,80.0,1038.2,Medium
90185A,AMBER DIAMANTE EXPANDABLE RING,General,4.2,8,7.375,4.241,0.575,18.5,70.1,565.9,636.0,2691.9,4.8,237.83,237.83,475.66,,,70.1,566.1,Medium
23574,PACKING CHARGE,General,7.5,40,7.375,5.419,0.735,23.6,75.2,423.7,498.9,2691.9,6.4,317.7,317.7,635.4,,,75.2,423.6,Medium
84522,Unknown,General,1.95,8,7.375,5.951,0.807,25.9,77.5,830.3,907.8,2691.9,3.2,162.11,162.11,324.22,,,77.5,830.8,Medium
23482,PEARLISED IVORY HEART LARGE ,General,1.63,51,7.373,7.746,1.051,33.7,85.3,908.4,993.7,2691.0,3.0,148.12,148.12,296.25,,,85.3,908.5,High
21333,CLASSIC WHITE FRAME,General,2.95,44,7.364,9.259,1.257,40.3,91.8,674.5,766.4,2687.7,4.0,199.23,199.23,398.46,,,91.8,674.9,High
22108,PING! MICROWAVE PLATE,General,2.63,64,7.359,5.633,0.765,24.5,76.0,714.8,790.8,2686.2,3.8,187.9,187.9,375.81,,,76.0,714.6,Medium
84673A,PINK FLY SWAT,General,0.65,39,7.359,6.23,0.847,27.1,78.6,1439.7,1518.3,2686.0,1.9,93.28,93.28,186.57,,,78.6,1437.4,Medium
90010B,Unknown,General,8.9,14,7.357,5.638,0.766,24.5,76.0,388.4,464.4,2685.4,6.9,345.71,345.71,691.43,,,76.0,388.4,Medium
84352,Damages/samples,General,16.71,68,7.353,7.742,1.053,33.7,85.2,283.4,368.6,2683.8,9.5,473.51,473.51,947.01,,,85.2,283.4,High
20616,CHERRY BLOSSOM PASSPORT COVER,General,0.97,30,7.333,5.561,0.758,24.2,75.5,1173.2,1248.7,2676.7,2.3,114.07,114.07,228.15,,,75.5,1174.6,Medium
16161M,WRAP  PINK FLOCK,General,0.42,9,7.333,7.583,1.034,33.0,84.3,1782.7,1867.1,2676.7,1.5,75.07,75.07,150.14,,,84.3,1785.1,High
20695,FLORAL BLUE MONSTER,General,4.31,3,7.333,7.095,0.967,30.9,82.2,557.5,639.7,2676.7,4.8,240.08,240.08,480.16,,,82.2,557.2,Medium
20845,ZINC HEART LATTICE 2 WALL PLANTER,General,6.31,12,7.333,7.278,0.992,31.7,83.0,460.5,543.5,2676.7,5.8,290.62,290.62,581.24,,,83.0,460.5,Medium
90192,JADE DROP EARRINGS W FILIGREE,General,4.93,12,7.333,5.883,0.802,25.6,76.9,521.2,598.1,2676.7,5.1,256.8,256.8,513.6,,,76.9,521.0,Medium
23073,GEORGIAN TRINKET BOX,General,12.39,153,7.327,7.399,1.01,32.2,83.5,328.6,412.1,2674.3,8.1,406.96,406.96,813.91,,,83.5,328.5,High
21128,GOLD FISHING GNOME,General,6.04,49,7.327,9.384,1.281,40.8,92.1,470.5,562.6,2674.2,5.7,284.2,284.2,568.4,,,92.1,470.5,High
84751B,Unknown,General,1.67,34,7.324,8.149,1.113,35.5,86.7,894.8,981.6,2673.1,3.0,149.36,149.36,298.72,,,86.8,894.6,High
17090D,Unknown,General,1.26,51,7.314,6.231,0.852,27.1,78.3,1030.9,1109.2,2669.5,2.6,129.47,129.47,258.94,,,78.3,1029.2,Medium
85197,Unknown,General,2.11,45,7.311,7.698,1.053,33.5,84.7,796.1,880.8,2668.6,3.4,167.6,167.6,335.2,,,84.7,795.2,High
22391,PAPERWEIGHT HOME SWEET HOME,General,1.45,71,7.31,5.932,0.812,25.8,77.0,960.2,1037.2,2668.1,2.8,138.94,138.94,277.88,,,77.0,959.2,Medium
21662,Unknown,General,5.94,42,7.31,7.257,0.993,31.6,82.7,473.8,556.5,2668.0,5.6,281.58,281.58,563.16,,,82.8,473.9,Medium
22803,IVORY EMBROIDERED QUILT ,General,38.57,55,7.309,7.247,0.991,31.5,82.7,186.0,268.7,2667.8,14.3,717.27,717.27,1434.54,,,82.7,186.0,Medium
84507C,adjustment,General,2.56,65,7.308,6.488,0.888,28.2,79.4,721.8,801.2,2667.3,3.7,184.77,184.77,369.54,,,79.4,721.8,Medium
90200A,PURPLE SWEETHEART BRACELET,General,4.28,62,7.306,8.171,1.118,35.6,86.7,558.3,645.0,2666.9,4.8,238.84,238.84,477.67,,,86.7,558.2,High
23060,HEART BEADED TRELLIS DECORATION,General,2.07,86,7.302,6.702,0.918,29.2,80.3,801.8,882.1,2665.3,3.3,166.21,166.21,332.42,,,80.3,802.4,Medium
84741C,Unknown,General,1.93,20,7.3,7.168,0.982,31.2,82.3,830.2,912.5,2664.5,3.2,160.48,160.48,320.95,,,82.3,830.8,Medium
84912B,damaged,General,3.76,122,7.295,6.535,0.896,28.4,79.5,594.8,674.3,2662.7,4.5,223.82,223.82,447.64,,,79.5,595.0,Medium
21827,Unknown,General,1.24,14,7.286,7.859,1.079,34.2,85.2,1036.1,1121.3,2659.3,2.6,128.33,128.33,256.66,,,85.2,1035.5,High
84510E,SET OF 4 GREEN CAROUSEL COASTERS,General,0.56,28,7.286,5.747,0.789,25.0,76.0,1541.4,1617.4,2659.3,1.7,86.26,86.26,172.53,,,76.0,1540.9,Medium
84360,TABLE LAMP WHITE SHADE WOOD BASE,General,5.61,21,7.286,7.498,1.029,32.6,83.6,486.7,570.4,2659.3,5.5,273.18,273.18,546.35,,,83.6,486.8,High
20617,FIRST CLASS PASSPORT COVER ,General,2.06,56,7.286,6.457,0.886,28.1,79.1,803.7,882.8,2659.3,3.3,165.44,165.44,330.89,,,79.1,803.4,Medium
17164B,ASS COL SMALL SAND GECKO P'WEIGHT,General,0.42,25,7.28,6.361,0.874,27.7,78.6,1774.4,1853.0,2657.2,1.5,74.88,74.88,149.76,,,78.7,1778.6,Medium
23305,SET 4 PICNIC CUTLERY BLUEBERRY,General,1.95,43,7.279,4.797,0.659,20.9,71.8,825.8,897.7,2656.9,3.2,160.86,160.86,321.72,,,71.9,825.4,Medium
22687,had been put aside,General,8.98,54,7.278,5.79,0.796,25.2,76.1,384.5,460.6,2656.4,6.9,345.44,345.44,690.89,,,76.1,384.6,Medium
90082D,Unknown,General,6.39,11,7.273,7.604,1.046,33.1,84.0,455.6,539.6,2654.5,5.8,291.31,291.31,582.62,,,84.0,455.7,High
90175C,BLUE GLASS CHUNKY CHARM BRACELET,General,9.1,15,7.267,9.43,1.298,41.0,91.9,381.8,473.7,2652.3,6.9,347.32,347.32,694.63,,,91.9,381.7,High
23140,TRIPLE WIRE HOOK IVORY HEART,General,4.17,73,7.26,6.972,0.96,30.3,81.2,564.0,645.1,2650.0,4.7,234.95,234.95,469.89,,,81.1,563.7,Medium
84968D,SET OF 16 VINTAGE RED CUTLERY,General,12.76,83,7.253,7.746,1.068,33.7,84.5,322.1,406.6,2647.3,8.2,410.94,410.94,821.88,,,84.5,322.1,High
90018A,SILVER M.O.P ORBIT DROP EARRINGS,General,4.25,16,7.25,7.576,1.045,33.0,83.7,558.1,641.8,2646.2,4.7,237.08,237.08,474.16,,,83.8,558.0,High
20701,Unknown,General,3.74,8,7.25,5.471,0.755,23.8,74.6,595.1,669.6,2646.2,4.4,222.34,222.34,444.68,,,74.5,594.8,Medium
35910B,PINK FLOWERS RABBIT EASTER,General,1.92,4,7.25,9.251,1.276,40.3,91.0,830.1,921.2,2646.2,3.2,159.39,159.39,318.77,,,91.0,830.1,High
85163B,BLACK BAROQUE WALL CLOCK ,General,12.79,29,7.241,10.733,1.482,46.7,97.4,321.4,418.8,2643.1,8.2,411.19,411.19,822.38,,,97.4,321.4,High
85028S,FRENCH CHATEAU SMALL FRUITBOWL,General,1.92,29,7.241,11.642,1.608,50.7,101.4,828.8,930.1,2643.1,3.2,159.46,159.46,318.93,,,101.4,829.6,Critical
21580,RABBIT  DESIGN  COTTON TOTE BAG,General,2.25,26,7.231,7.665,1.06,33.4,84.0,765.0,849.0,2639.2,3.4,172.49,172.49,344.98,,,84.0,765.8,High
20941,Unknown,General,1.25,57,7.228,7.879,1.09,34.3,84.9,1026.3,1111.2,2638.2,2.6,128.53,128.53,257.05,,,84.9,1027.3,High
22323,Unknown,General,1.97,9,7.222,8.393,1.162,36.5,87.1,818.4,905.5,2636.1,3.2,161.05,161.05,322.1,,,87.1,818.0,High
90019C,SILVER BLACK ORBIT BRACELET,General,5.03,9,7.222,7.918,1.096,34.5,85.0,511.7,596.7,2636.1,5.2,257.57,257.57,515.14,,,85.1,511.9,High
85045,Unknown,General,4.94,27,7.222,4.782,0.662,20.8,71.4,516.7,588.1,2636.1,5.1,255.08,255.08,510.16,,,71.4,516.5,Medium
10120,DOGGY RUBBER,General,0.21,84,7.214,6.876,0.953,29.9,80.4,2506.2,2586.6,2633.2,1.1,52.53,52.53,105.07,,,80.4,2503.9,Medium
90208,PAIR OF PINK FLOWER CLUSTER SLIDE,General,2.58,14,7.214,5.309,0.736,23.1,73.6,715.0,788.6,2633.2,3.7,184.15,184.15,368.3,,,73.6,714.4,Medium
22194,Unknown,General,8.49,98,7.204,6.73,0.934,29.3,79.7,393.5,473.2,2629.5,6.7,334.16,334.16,668.31,,,79.7,393.5,Medium
79157V,UBO-LIGHT TRIOBASE PURPLE,General,0.85,10,7.2,5.116,0.711,22.3,72.7,1244.8,1317.5,2628.0,2.1,105.56,105.56,211.12,,,72.7,1243.3,Medium
90083,CRYSTAL CZECH CROSS PHONE CHARM,General,0.19,5,7.2,3.114,0.433,13.6,64.0,2643.7,2707.7,2628.0,1.0,49.7,49.7,99.4,,,64.0,2629.8,Low
85028L,FRENCH CHATEAU LARGE FRUIT BOWL ,General,1.95,10,7.2,4.392,0.61,19.1,69.5,820.0,889.6,2628.0,3.2,160.24,160.24,320.47,,,69.5,820.9,Medium
35911A,Unknown,General,0.99,46,7.196,9.625,1.338,41.9,92.3,1152.1,1244.4,2626.4,2.3,113.98,113.98,227.96,,,92.3,1151.7,High
20768,GREEN FERN JOURNAL ,General,2.74,68,7.191,5.431,0.755,23.6,74.0,692.2,766.1,2624.8,3.8,189.61,189.61,379.22,,,73.9,692.1,Medium
22827,Unknown,General,160.44,43,7.186,7.617,1.06,33.1,83.5,90.4,173.9,2622.9,29.0,1450.57,1450.57,2901.14,,,83.4,90.4,High
20869,GOLD FABRIC MIRROR,General,0.39,23,7.174,7.177,1.0,31.2,81.5,1827.1,1908.6,2618.5,1.4,71.66,71.66,143.31,,,81.4,1832.2,Medium
20818,GOLD TEDDY BEAR,General,1.25,6,7.167,2.401,0.335,10.5,60.6,1022.9,1083.5,2615.8,2.6,127.86,127.86,255.73,,,60.7,1022.9,Low
90012B,check,General,2.92,6,7.167,3.061,0.427,13.3,63.5,669.5,732.9,2615.8,3.9,195.37,195.37,390.74,,,63.5,669.3,Low
22764,Unknown,General,24.56,6,7.167,7.055,0.984,30.7,80.9,230.8,311.6,2615.8,11.3,566.81,566.81,1133.61,,,80.9,230.8,Medium
84798B,Unknown,General,2.57,6,7.167,6.113,0.853,26.6,76.8,713.6,790.4,2615.8,3.7,183.28,183.28,366.56,,,76.8,713.4,Medium
90204,PAIR OF ENAMEL BUTTERFLY HAIRCLIP,General,3.34,30,7.167,6.063,0.846,26.4,76.6,625.4,702.0,2615.8,4.2,209.12,209.12,418.25,,,76.6,625.8,Medium
84508C,check,General,2.53,26,7.154,5.801,0.811,25.2,75.3,718.0,793.3,2611.2,3.6,181.84,181.84,363.68,,,75.3,718.4,Medium
90170,DAISY HAIR BAND,General,1.63,13,7.154,7.14,0.998,31.1,81.2,895.2,976.3,2611.2,2.9,145.85,145.85,291.69,,,81.2,895.0,Medium
16169P,Unknown,General,0.42,7,7.143,8.63,1.208,37.6,87.6,1761.7,1849.3,2607.1,1.5,73.99,73.99,147.99,,,87.6,1761.7,High
85124C,Unknown,General,2.56,67,7.134,6.932,0.972,30.2,80.1,713.7,793.9,2604.0,3.6,182.42,182.42,364.84,,,80.1,713.2,Medium
22204,MILK PAN BLUE POLKADOT,General,2.93,97,7.134,5.956,0.835,25.9,75.9,666.5,742.3,2603.9,3.9,195.35,195.35,390.71,,,75.8,666.6,Medium
44092C,PURPLE/COPPER HANGING LAMPSHADE,General,0.84,15,7.133,6.675,0.936,29.1,79.0,1244.4,1323.4,2603.7,2.1,104.61,104.61,209.23,,,79.0,1244.9,Medium
85136A,damages,General,7.95,98,7.122,9.055,1.271,39.4,89.3,404.3,493.5,2599.7,6.4,321.54,321.54,643.08,,,89.3,404.4,High
23462,damages,General,19.55,53,7.113,7.812,1.098,34.0,83.8,257.7,341.5,2596.3,10.1,503.72,503.72,1007.44,,,83.8,257.7,High
84865,damaged,General,7.09,54,7.111,7.288,1.025,31.7,81.5,427.7,509.2,2595.6,6.1,303.42,303.42,606.84,,,81.5,427.8,High
90012A,stock check,General,2.95,9,7.111,6.99,0.983,30.4,80.2,663.0,743.2,2595.6,3.9,195.74,195.74,391.48,,,80.2,663.3,Medium
20671,Unknown,General,1.24,9,7.111,5.776,0.812,25.1,74.9,1021.7,1096.6,2595.6,2.5,127.03,127.03,254.05,,,74.9,1023.0,Medium
84984B,RED PEONY CUSHION COVER ,General,4.67,28,7.107,6.557,0.923,28.5,78.3,526.8,605.1,2594.1,4.9,246.19,246.19,492.39,,,78.2,527.0,Medium
47585A,PINK FAIRY CAKE CUSHION COVER,General,3.76,81,7.099,6.868,0.967,29.9,79.6,587.1,666.7,2591.0,4.4,220.66,220.66,441.33,,,79.6,587.0,Medium
21849,SILVER DIAMANTE PEN IN GIFT BOX,General,4.98,63,7.095,6.547,0.923,28.5,78.2,510.0,588.2,2589.8,5.1,253.89,253.89,507.77,,,78.2,509.9,Medium
22884,NUMBER TILE VINTAGE FONT 5,General,1.65,24,7.083,6.44,0.909,28.0,77.6,886.3,963.9,2585.4,2.9,145.86,145.86,291.72,,,77.6,885.1,Medium
21472,Unknown,General,3.75,77,7.078,6.579,0.93,28.6,78.2,586.9,665.1,2583.4,4.4,220.1,220.1,440.2,,,78.1,586.9,Medium
84086B,YELLOW/BLUE RETRO RADIO,General,2.96,26,7.077,7.025,0.993,30.6,80.1,660.9,741.0,2583.1,3.9,195.43,195.43,390.87,,,80.1,660.6,Medium
84033,FLAG OF ST GEORGE ,General,1.65,13,7.077,4.252,0.601,18.5,68.0,883.5,951.5,2583.1,2.9,146.18,146.18,292.37,,,68.0,884.7,Medium
22105,MIRROR MOSAIC GOBLET CANDLE HOLDER,General,4.28,27,7.074,8.246,1.166,35.9,85.4,549.1,634.5,2582.0,4.7,235.11,235.11,470.21,,,85.4,549.2,High
20681,Unknown,General,3.26,77,7.065,6.699,0.948,29.2,78.6,628.9,707.6,2578.7,4.1,205.0,205.0,410.01,,,78.7,628.9,Medium
85034A,check,General,3.5,98,7.051,6.609,0.937,28.8,78.1,606.5,684.6,2573.6,4.2,212.18,212.18,424.36,,,78.2,606.3,Medium
22873,NUMBER TILE COTTAGE GARDEN 5,General,1.95,23,7.043,4.457,0.633,19.4,68.7,811.0,879.7,2570.9,3.2,158.51,158.51,317.02,,,68.7,811.9,Medium
20796,SMALL BLUE PROVENCAL CERAMIC BALL,General,1.64,25,7.04,6.889,0.979,30.0,79.3,884.2,963.5,2569.6,2.9,145.3,145.3,290.6,,,79.3,885.1,Medium
21758,Unknown,General,6.46,26,7.038,7.712,1.096,33.6,82.8,445.8,528.6,2569.0,5.8,288.14,288.14,576.28,,,82.9,445.9,High
90123A,PINK HEART OF GLASS BRACELET,General,5.92,31,7.032,5.338,0.759,23.2,72.5,465.6,538.0,2566.8,5.5,275.67,275.67,551.34,,,72.4,465.6,Medium
21195,Unknown,General,2.09,45,7.022,10.493,1.494,45.7,94.8,782.6,877.4,2563.1,3.3,163.75,163.75,327.5,,,94.9,783.1,High
21579,LOLITA  DESIGN  COTTON TOTE BAG,General,2.25,83,7.012,6.796,0.969,29.6,78.7,754.5,833.1,2559.4,3.4,169.62,169.62,339.23,,,78.7,754.2,Medium
22221,CAKE STAND LOVEBIRD 2 TIER PINK,General,7.89,86,7.012,7.166,1.022,31.2,80.3,402.6,482.9,2559.2,6.4,317.83,317.83,635.65,,,80.3,402.7,High
23020,smashed,General,12.45,142,7.007,7.715,1.101,33.6,82.6,320.5,403.2,2557.6,8.0,398.95,398.95,797.91,,,82.6,320.5,High
90016B,GOLD/M.O.P PENDANT ORBIT NECKLACE,General,8.51,10,7.0,5.395,0.771,23.5,72.5,387.5,459.9,2555.0,6.6,329.72,329.72,659.44,,,72.5,387.5,Medium
35966,Unknown,General,0.39,5,7.0,4.637,0.662,20.2,69.2,1814.5,1883.7,2555.0,1.4,70.4,70.4,140.81,,,69.2,1809.9,Medium
90085,CRYSTAL STILETTO PHONE CHARM,General,0.86,3,7.0,4.583,0.655,19.9,68.9,1218.8,1287.7,2555.0,2.1,104.82,104.82,209.63,,,68.9,1218.8,Medium
90036D,"FLOWER GLASS GARLAND NECKL.36""BLACK",General,7.96,10,7.0,7.196,1.028,31.3,80.3,400.6,481.0,2555.0,6.4,318.87,318.87,637.73,,,80.3,400.6,High
23557,LANDMARK FRAME BAKER STREET ,General,12.68,29,7.0,6.923,0.989,30.1,79.1,317.4,396.5,2555.0,8.0,402.47,402.47,804.94,,,79.1,317.4,Medium
23702,High Resolution Image,General,1.49,7,7.0,6.055,0.865,26.4,75.4,925.5,1000.9,2555.0,2.8,138.03,138.03,276.07,,,75.4,925.9,Medium
20820,Unknown,General,4.93,8,7.0,6.719,0.96,29.2,78.2,509.2,587.4,2555.0,5.0,250.9,250.9,501.79,,,78.2,509.0,Medium
90214I,"LETTER ""I"" BLING KEY RING",General,0.29,8,7.0,6.164,0.881,26.8,75.8,2081.0,2156.8,2555.0,1.2,61.39,61.39,122.78,,,75.8,2098.9,Medium
20878,Unknown,General,1.25,25,7.0,5.408,0.773,23.5,72.5,1010.0,1082.5,2555.0,2.5,126.49,126.49,252.98,,,72.5,1010.9,Medium
84462,3 PINK HEN+CHICKS IN BASKET,General,1.23,12,7.0,6.41,0.916,27.9,76.9,1017.4,1094.3,2555.0,2.5,125.56,125.56,251.13,,,76.9,1019.1,Medium
85104,????damages????,General,2.3,34,7.0,5.565,0.795,24.2,73.2,745.9,819.2,2555.0,3.4,171.26,171.26,342.52,,,73.2,745.3,Medium
85092,Unknown,General,3.34,5,7.0,3.24,0.463,14.1,63.1,618.8,681.9,2555.0,4.1,206.44,206.44,412.88,,,63.1,618.5,Low
84549,CROCHET WHITE RABBIT KEYRING ,General,1.46,6,7.0,8.509,1.216,37.0,86.0,935.9,1022.0,2555.0,2.7,136.49,136.49,272.99,,,86.0,935.4,High
84247K,Unknown,General,2.96,10,7.0,6.749,0.964,29.4,78.4,657.1,735.4,2555.0,3.9,194.43,194.43,388.85,,,78.4,657.0,Medium
90000D,COPPER/OLIVE GREEN FLOWER NECKLACE,General,5.88,4,7.0,3.742,0.535,16.3,65.3,466.0,531.3,2555.0,5.5,274.13,274.13,548.27,,,65.3,466.1,Medium
90195B,BLACK GEMSTONE BRACELET,General,6.97,19,7.0,9.339,1.334,40.6,89.6,428.2,517.8,2555.0,6.0,298.38,298.38,596.75,,,89.6,428.1,High
21011,GLITTER SNOW PEAR TREE DECORATION,General,1.45,11,7.0,6.826,0.975,29.7,78.7,937.8,1016.5,2555.0,2.7,136.23,136.23,272.46,,,78.7,938.6,Medium
22201,FRYING PAN BLUE POLKADOT,General,3.45,108,6.972,6.474,0.929,28.2,77.0,606.9,683.9,2544.9,4.2,209.66,209.66,419.33,,,77.0,607.3,Medium
20934,Unknown,General,5.42,30,6.967,6.3,0.904,27.4,76.2,484.5,560.7,2542.8,5.2,262.4,262.4,524.8,,,76.2,484.3,Medium
20696,FLORAL SOFT CAR TOY,General,3.76,27,6.963,8.036,1.154,35.0,83.7,581.7,665.4,2541.5,4.4,218.46,218.46,436.91,,,83.7,581.3,High
84809A,Unknown,General,2.12,21,6.952,5.094,0.733,22.2,70.8,773.6,844.5,2537.6,3.3,164.01,164.01,328.02,,,70.9,773.6,Medium
C2,Unknown,General,50.08,206,6.942,8.19,1.18,35.6,84.2,159.1,243.3,2533.7,15.9,796.5,796.5,1593.01,,,84.2,159.0,High
90099,Unknown,General,2.56,41,6.927,7.571,1.093,33.0,81.4,702.6,784.0,2528.3,3.6,179.92,179.92,359.84,,,81.5,702.7,High
90143,SILVER BRACELET W PASTEL FLOWER,General,7.46,21,6.905,5.098,0.738,22.2,70.5,411.1,481.6,2520.2,6.1,306.51,306.51,613.03,,,70.5,411.0,Medium
22883,NUMBER TILE VINTAGE FONT 4,General,1.53,10,6.9,7.923,1.148,34.5,82.8,906.0,988.8,2518.5,2.8,138.99,138.99,277.97,,,82.8,907.2,High
79149B,SILICON STAR BULB  BLUE,General,0.42,29,6.897,6.224,0.902,27.1,75.4,1726.1,1801.5,2517.2,1.5,72.91,72.91,145.83,,,75.4,1731.1,Medium
90065B,BLACK VINT ART DEC CRYSTAL BRACELET,General,6.81,9,6.889,4.372,0.635,19.0,67.2,429.6,496.9,2514.4,5.9,292.65,292.65,585.29,,,67.2,429.7,Medium
10124G,ARMY CAMO BOOKCOVER TAPE,General,0.42,9,6.889,5.372,0.78,23.4,71.6,1725.6,1797.2,2514.4,1.5,72.86,72.86,145.72,,,71.6,1730.1,Medium
84609,damages,General,8.42,35,6.886,8.467,1.23,36.9,85.1,386.3,471.3,2513.3,6.5,325.32,325.32,650.63,,,85.1,386.3,High
21627,check,General,14.92,70,6.886,8.877,1.289,38.6,86.8,290.2,377.1,2513.3,8.7,432.98,432.98,865.96,,,86.8,290.2,High
22353,Unknown,General,2.55,60,6.883,5.831,0.847,25.4,73.6,701.7,775.3,2512.4,3.6,179.03,179.03,358.05,,,73.6,701.9,Medium
84875D,found,General,1.24,25,6.88,7.596,1.104,33.1,81.2,1004.3,1085.5,2511.2,2.5,125.02,125.02,250.04,,,81.3,1006.3,High
23420,PANTRY HOOK TEA STRAINER ,General,2.08,63,6.857,5.674,0.827,24.7,72.7,776.4,849.1,2502.9,3.2,161.18,161.18,322.37,,,72.7,775.7,Medium
84725,Unknown,General,1.34,49,6.857,7.053,1.029,30.7,78.7,965.3,1044.0,2502.9,2.6,129.64,129.64,259.28,,,78.7,966.4,High
23339,EGG FRYING PAN BLUE ,General,2.09,83,6.855,6.621,0.966,28.8,76.8,774.6,851.4,2502.2,3.2,161.52,161.52,323.05,,,76.8,773.7,Medium
35241,damages?,General,4.67,65,6.846,6.992,1.021,30.4,78.4,517.1,595.4,2498.8,4.8,241.62,241.62,483.25,,,78.3,517.2,High
90059F,DIAMANTE HAIR GRIP PACK/2 LT ROSE,General,1.64,13,6.846,6.094,0.89,26.5,74.4,872.6,947.1,2498.8,2.9,143.18,143.18,286.36,,,74.4,872.8,Medium
90082A,DIAMANTE BOW BROOCH GREEN COLOUR,General,6.35,25,6.84,7.057,1.032,30.7,78.6,443.3,521.9,2496.6,5.6,281.61,281.61,563.21,,,78.6,443.4,High
37489A,Unknown,General,0.69,24,6.833,6.69,0.979,29.1,76.9,1341.1,1418.1,2494.2,1.9,92.99,92.99,185.97,,,76.9,1344.4,Medium
90059C,DIAMANTE HAIR GRIP PACK/2 MONTANA,General,1.65,6,6.833,6.853,1.003,29.8,77.7,869.4,947.0,2494.2,2.9,143.45,143.45,286.89,,,77.6,869.4,High
21027,Unknown,General,1.25,47,6.83,4.962,0.727,21.6,69.4,999.7,1069.1,2492.9,2.5,124.68,124.68,249.37,,,69.4,998.6,Medium
22828,REGENCY MIRROR WITH SHUTTERS,General,153.24,16,6.812,6.95,1.02,30.2,77.9,90.1,168.0,2486.6,27.6,1380.29,1380.29,2760.57,,,77.9,90.1,High
84859A,SILVER DISCO HANDBAG,General,1.95,42,6.81,5.619,0.825,24.5,72.1,797.9,870.0,2485.5,3.1,155.75,155.75,311.5,,,72.2,798.3,Medium
84843,WHITE SOAP RACK WITH 2 BOTTLES,General,5.82,88,6.807,6.352,0.933,27.6,75.3,462.2,537.5,2484.5,5.4,268.79,268.79,537.58,,,75.2,462.0,Medium
85161,samples/damages,General,18.94,15,6.8,5.809,0.854,25.3,72.9,255.9,328.8,2482.0,9.7,484.87,484.87,969.73,,,72.9,256.0,Medium
90130B,TURQ STONE/CRYSTAL EARRINGS,General,2.96,5,6.8,3.564,0.524,15.5,63.1,647.9,711.0,2482.0,3.8,191.53,191.53,383.06,,,63.1,647.5,Medium
84584,Unknown,General,2.55,29,6.793,6.067,0.893,26.4,74.0,697.3,771.2,2479.5,3.6,177.8,177.8,355.6,,,74.0,697.3,Medium
21251,DINOSAUR HEIGHT CHART STICKER SET,General,2.95,72,6.792,5.662,0.834,24.6,72.2,648.7,720.9,2479.0,3.8,191.07,191.07,382.13,,,72.1,648.2,Medium
20936,FORKED CACTUS CANDLE,General,2.67,38,6.789,6.527,0.961,28.4,75.9,681.6,757.6,2478.2,3.6,181.78,181.78,363.56,,,75.9,681.2,Medium
90003D,CRYSTAL PAIR HEART HAIR SLIDES,General,3.78,33,6.788,6.03,0.888,26.2,73.8,572.6,646.4,2477.6,4.3,216.34,216.34,432.68,,,73.7,572.5,Medium
79067,Unknown,General,3.76,50,6.78,6.29,0.928,27.4,74.8,573.8,648.6,2474.7,4.3,215.64,215.64,431.29,,,74.9,573.7,Medium
23134,Unknown,General,8.04,75,6.773,7.392,1.091,32.2,79.6,392.1,471.6,2472.3,6.3,315.3,315.3,630.59,,,79.6,392.1,High
82613A,Amazon,General,1.26,21,6.762,9.449,1.397,41.1,88.5,990.0,1078.5,2468.1,2.5,124.65,124.65,249.3,,,88.4,989.6,High
90195A,check,General,6.0,41,6.756,6.316,0.935,27.5,74.8,453.2,528.0,2466.0,5.4,272.06,272.06,544.12,,,74.8,453.3,Medium
90212C,PURPLE LAS VEGAS BRACELET ROUND,General,3.75,12,6.75,5.817,0.862,25.3,72.6,572.9,645.5,2463.8,4.3,215.01,215.01,430.02,,,72.5,573.2,Medium
84881,Unknown,General,6.33,8,6.75,4.921,0.729,21.4,68.7,441.3,510.0,2463.8,5.6,279.13,279.13,558.27,,,68.7,441.1,Medium
21460,GREEN EASTER EGG HUNT START POST,General,1.92,8,6.75,6.585,0.975,28.7,75.9,800.5,876.4,2463.8,3.1,153.89,153.89,307.78,,,76.0,801.0,Medium
46776A,WOVEN BUBBLE GUM CUSHION COVER,General,4.92,28,6.75,7.555,1.119,32.9,80.1,500.4,580.6,2463.8,4.9,246.17,246.17,492.34,,,80.2,500.4,High
90198A,VINTAGE ROSE BEAD BRACELET RASPBERR,General,4.27,24,6.75,5.914,0.876,25.7,73.0,537.1,610.1,2463.8,4.6,229.37,229.37,458.74,,,73.0,537.1,Medium
84576,damaged,General,1.97,16,6.75,5.398,0.8,23.5,70.7,789.9,860.6,2463.8,3.1,155.95,155.95,311.91,,,70.8,790.8,Medium
84617,NEW BAROQUE BLACK BOXES,General,12.97,4,6.75,6.021,0.892,26.2,73.5,308.2,381.7,2463.8,8.0,399.68,399.68,799.36,,,73.5,308.2,Medium
21664,Unknown,General,3.79,40,6.75,5.882,0.871,25.6,72.9,570.5,643.3,2463.8,4.3,215.94,215.94,431.87,,,72.8,570.1,Medium
84629,Unknown,General,8.46,24,6.75,5.885,0.872,25.6,72.9,381.7,454.5,2463.8,6.5,322.76,322.76,645.51,,,72.8,381.6,Medium
47563A,RETRO LONGBOARD IRONING BOARD COVER,General,1.4,97,6.742,5.895,0.874,25.7,72.9,937.4,1010.3,2460.9,2.6,131.26,131.26,262.51,,,72.9,937.5,Medium
23021,GLASS BONNE JAM JAR,General,4.09,49,6.735,5.852,0.869,25.5,72.6,548.5,621.1,2458.2,4.5,224.08,224.08,448.16,,,72.6,548.2,Medium
20619,TROPICAL PASSPORT COVER ,General,2.02,30,6.733,6.13,0.91,26.7,73.8,780.5,854.4,2457.7,3.1,157.43,157.43,314.87,,,73.8,780.0,Medium
20901,VINTAGE KEEPSAKE BOX PINK FLOWER,General,6.36,11,6.727,9.382,1.395,40.8,87.9,439.5,527.4,2455.5,5.6,279.37,279.37,558.75,,,87.9,439.4,High
22824,3 TIER SWEETHEART GARDEN SHELF,General,35.64,104,6.721,7.237,1.077,31.5,78.5,185.5,264.1,2453.2,13.2,661.18,661.18,1322.36,,,78.5,185.5,High
37343,damaged,General,1.4,26,6.692,4.488,0.671,19.5,66.4,933.7,1000.1,2442.7,2.6,130.81,130.81,261.62,,,66.3,934.0,Medium
35913B,WHITE/PINK CHICK EASTER DECORATION,General,0.84,16,6.688,6.395,0.956,27.8,74.6,1201.8,1276.5,2440.9,2.0,101.55,101.55,203.11,,,74.6,1205.4,Medium
21943,CAKES AND RABBITS DESIGN FLANNEL ,General,0.85,28,6.679,5.657,0.847,24.6,71.4,1196.0,1267.3,2437.7,2.0,101.91,101.91,203.83,,,71.4,1197.5,Medium
21851,LILAC DIAMANTE PEN IN GIFT BOX,General,4.98,28,6.679,4.884,0.731,21.3,68.0,494.8,562.8,2437.7,4.9,246.33,246.33,492.65,,,68.1,494.7,Medium
21631,HIPPY CHIC DECORATIVE PARASOL,General,8.21,18,6.667,6.039,0.906,26.3,73.0,385.0,457.9,2433.3,6.3,316.04,316.04,632.08,,,73.0,385.0,Medium
22869,NUMBER TILE COTTAGE GARDEN 1,General,1.95,45,6.667,5.8,0.87,25.2,71.9,790.0,861.9,2433.3,3.1,154.0,154.0,308.01,,,71.9,789.9,Medium
47579,Unknown,General,2.11,6,6.667,3.204,0.481,13.9,60.6,758.8,819.4,2433.3,3.2,160.35,160.35,320.7,,,60.6,759.3,Low
47369B,BLUE GREEN EMBROIDERY COSMETIC BAG,General,2.96,6,6.667,5.465,0.82,23.8,70.5,640.8,711.2,2433.3,3.8,189.88,189.88,379.76,,,70.5,641.1,Medium
84876B,found,General,1.26,24,6.667,5.264,0.79,22.9,69.6,984.4,1054.0,2433.3,2.5,123.59,123.59,247.18,,,69.6,982.6,Medium
35649,Unknown,General,3.07,12,6.667,6.08,0.912,26.5,73.1,629.4,702.5,2433.3,3.9,193.32,193.32,386.64,,,73.2,629.5,Medium
84877A,Unknown,General,1.27,3,6.667,4.726,0.709,20.6,67.2,977.5,1044.7,2433.3,2.5,124.47,124.47,248.94,,,67.3,978.8,Medium
90205C,LARGE CRYSTAL DIAMANTE HAIRSLIDE,General,1.64,9,6.667,8.66,1.299,37.7,84.4,860.7,945.1,2433.3,2.8,141.35,141.35,282.7,,,84.4,861.3,High
90202B,WHITE ENAMEL FLOWER HAIR TIE,General,2.94,6,6.667,5.955,0.893,25.9,72.6,642.9,715.5,2433.3,3.8,189.24,189.24,378.47,,,72.6,643.3,Medium
21157,RED RETROSPOT WASHBAG,General,2.09,47,6.66,8.265,1.241,36.0,82.6,762.0,844.5,2430.7,3.2,159.51,159.51,319.02,,,82.6,762.6,High
20795,LARGE BLUE PROVENCAL CERAMIC BALL,General,2.08,20,6.65,4.977,0.748,21.7,68.2,763.9,832.2,2427.2,3.2,158.86,158.86,317.73,,,68.2,763.8,Medium
20765,CHRYSANTHEMUM SKETCHBOOK ,General,3.93,113,6.628,10.122,1.527,44.1,90.5,555.0,645.5,2419.3,4.4,217.95,217.95,435.89,,,90.5,554.8,Critical
79323B,"Unsaleable, destroyed.",General,6.8,8,6.625,7.347,1.109,32.0,78.4,421.6,500.0,2418.1,5.7,286.76,286.76,573.52,,,78.4,421.7,High
23143,ZINC WIRE KITCHEN ORGANISER,General,6.19,48,6.625,5.837,0.881,25.4,71.8,442.0,513.8,2418.1,5.5,273.53,273.53,547.06,,,71.8,442.0,Medium
90164A,Unknown,General,1.95,16,6.625,6.752,1.019,29.4,75.8,788.2,863.9,2418.1,3.1,153.4,153.4,306.8,,,75.8,787.4,High
21657,MILK BOTTLE WITH GLASS STOPPER ,General,6.95,42,6.619,5.922,0.895,25.8,72.1,416.9,489.0,2416.0,5.8,289.74,289.74,579.47,,,72.1,416.9,Medium
21629,SQUARE FLOOR CUSHION VINTAGE RED,General,7.98,72,6.611,8.095,1.225,35.2,81.5,388.9,470.4,2413.1,6.2,310.26,310.26,620.51,,,81.5,388.8,High
90094,NECKLACE+BRACELET SET FRUIT SALAD ,General,2.54,36,6.611,6.622,1.002,28.8,75.1,688.6,763.7,2413.1,3.5,175.2,175.2,350.41,,,75.1,689.2,High
90201C,RED ENAMEL FLOWER RING,General,2.98,20,6.6,5.567,0.843,24.2,70.4,636.0,706.4,2409.0,3.8,189.39,189.39,378.78,,,70.4,635.8,Medium
37487B,Damaged,General,0.29,5,6.6,3.847,0.583,16.7,62.9,2031.0,2094.0,2409.0,1.2,59.31,59.31,118.61,,,62.9,2038.0,Medium
84801A,check,General,2.08,15,6.6,3.814,0.578,16.6,62.8,761.3,824.1,2409.0,3.2,158.21,158.21,316.41,,,62.8,761.0,Medium
23463,VINTAGE ZINC WATERING CAN,General,9.94,24,6.583,5.021,0.763,21.9,67.9,347.7,415.6,2402.9,6.9,345.56,345.56,691.11,,,68.0,347.7,Medium
22641,SET OF 4 NAPKIN CHARMS INSTRUMENT,General,2.39,61,6.574,6.538,0.995,28.5,74.5,708.6,783.0,2399.4,3.4,169.31,169.31,338.63,,,74.5,708.5,Medium
23495,SET OF 3 PANTRY WOODEN SPOONS,General,1.25,41,6.561,5.55,0.846,24.2,70.1,977.1,1047.2,2394.8,2.5,122.54,122.54,245.09,,,70.1,978.7,Medium
23459,DOLLY CABINET 2 DRAWERS ,General,12.53,34,6.559,6.57,1.002,28.6,74.5,309.1,383.6,2394.0,7.7,387.21,387.21,774.42,,,74.5,309.1,High
84803B,WHITE ALLIUM  ARTIFICIAL FLOWER,General,1.69,9,6.556,4.126,0.629,18.0,63.8,840.8,904.7,2392.8,2.8,142.29,142.29,284.57,,,63.9,841.4,Medium
84712B,PINK JEWELLED PHOTO FRAME,General,7.9,11,6.545,4.741,0.724,20.6,66.5,388.9,455.3,2389.1,6.1,307.2,307.2,614.39,,,66.4,388.9,Medium
21281,Unknown,General,2.52,16,6.5,3.483,0.536,15.2,60.7,686.4,747.1,2372.5,3.5,172.81,172.81,345.62,,,60.7,686.1,Medium
62094B,Unknown,General,2.55,4,6.5,4.655,0.716,20.3,65.8,681.7,747.5,2372.5,3.5,174.01,174.01,348.02,,,65.8,682.1,Medium
21898,Unknown,General,2.95,10,6.5,4.882,0.751,21.2,66.7,634.6,701.3,2372.5,3.7,186.94,186.94,373.88,,,66.7,634.1,Medium
72140E,BEST DAD CANDLE LETTERS,General,0.84,12,6.5,4.189,0.644,18.2,63.7,1187.8,1251.5,2372.5,2.0,99.87,99.87,199.74,,,63.7,1188.4,Medium
20700,?,General,3.79,12,6.5,4.317,0.664,18.8,64.3,559.1,623.4,2372.5,4.2,212.17,212.17,424.35,,,64.3,559.5,Medium
47341B,BLUE TABLE RUN FLOWER,General,1.25,24,6.5,9.103,1.401,39.6,85.1,974.3,1059.4,2372.5,2.4,121.75,121.75,243.5,,,85.1,974.2,High
90001D,ANTIQUE OLIVE GREEN FLOWER EARRINGS,General,4.19,2,6.5,7.778,1.197,33.9,79.4,532.4,611.8,2372.5,4.5,222.81,222.81,445.62,,,79.4,532.1,High
90003B,ROSE COLOUR PAIR HEART HAIR SLIDES,General,3.78,6,6.5,5.925,0.911,25.8,71.3,560.2,631.5,2372.5,4.2,211.76,211.76,423.51,,,71.3,560.2,Medium
85136C,damages,General,7.93,41,6.488,6.69,1.031,29.1,74.5,386.5,461.0,2368.0,6.1,306.36,306.36,612.72,,,74.5,386.4,High
90011B,BLACK CRYSTAL DROP EARRINGS,General,3.0,11,6.455,3.503,0.543,15.2,60.4,626.8,687.2,2355.9,3.8,187.93,187.93,375.86,,,60.4,626.6,Medium
21275,Unknown,General,16.94,29,6.448,6.743,1.046,29.3,74.5,263.6,338.1,2353.6,8.9,446.45,446.45,892.89,,,74.4,263.6,High
84854,Unknown,General,4.95,9,6.444,7.828,1.215,34.1,79.2,487.7,566.8,2352.2,4.8,241.17,241.17,482.35,,,79.2,487.4,High
84711B,PINK OVAL SHAPE TRINKET BOX,General,10.07,18,6.444,5.903,0.916,25.7,70.8,341.8,412.6,2352.2,6.9,344.11,344.11,688.23,,,70.8,341.7,Medium
18097A,Unknown,General,2.56,9,6.444,4.333,0.672,18.9,64.0,678.1,742.1,2352.2,3.5,173.44,173.44,346.89,,,64.0,677.8,Medium
21054,Unknown,General,8.92,66,6.439,6.018,0.935,26.2,71.3,363.1,434.3,2350.4,6.5,323.68,323.68,647.36,,,71.3,363.0,Medium
84984A,GREEN PEONY CUSHION COVER,General,4.66,23,6.435,4.669,0.726,20.3,65.4,502.0,567.4,2348.7,4.7,233.92,233.92,467.84,,,65.3,502.0,Medium
90214F,"LETTER ""F"" BLING KEY RING",General,0.29,7,6.429,5.159,0.803,22.5,67.5,2026.4,2093.8,2346.4,1.2,57.9,57.9,115.79,,,67.5,2011.3,Medium
16151A,Unknown,General,1.23,7,6.429,6.803,1.058,29.6,74.6,976.6,1051.3,2346.4,2.4,120.13,120.13,240.25,,,74.6,976.6,High
21265,PINK GOOSE FEATHER TREE 60CM,General,1.94,35,6.429,4.785,0.744,20.8,65.8,777.3,843.1,2346.4,3.0,150.94,150.94,301.89,,,65.8,777.7,Medium
90129C,GREEN GLASS TASSLE BAG CHARM,General,2.95,14,6.429,8.045,1.251,35.0,80.0,630.9,711.0,2346.4,3.7,185.95,185.95,371.89,,,80.0,630.6,High
90156,RESIN BRACELET W PASTEL BEADS,General,4.94,12,6.417,6.775,1.056,29.5,74.4,486.9,561.3,2342.1,4.8,240.52,240.52,481.04,,,74.4,486.9,High
90214V,"LETTER ""V"" BLING KEY RING",General,0.93,12,6.417,6.142,0.957,26.7,71.6,1123.6,1195.3,2342.1,2.1,104.22,104.22,208.44,,,71.6,1122.1,Medium
21132,SILVER STANDING GNOME   ,General,3.51,39,6.41,6.847,1.068,29.8,74.7,577.6,652.2,2339.7,4.1,202.55,202.55,405.1,,,74.7,577.3,High
84563B,damaged,General,3.27,61,6.41,5.358,0.836,23.3,68.2,598.4,666.6,2339.6,3.9,195.5,195.5,391.0,,,68.2,598.1,Medium
90062,CARNIVAL BRACELET,General,12.82,18,6.389,4.767,0.746,20.7,65.5,301.6,367.0,2331.9,7.7,386.62,386.62,773.25,,,65.4,301.6,Medium
84849A,HELLO SAILOR BLUE SOAP HOLDER,General,1.68,75,6.373,5.242,0.823,22.8,67.4,831.2,898.6,2326.3,2.8,139.94,139.94,279.88,,,67.4,832.1,Medium
85200,Unknown,General,1.24,54,6.37,4.323,0.679,18.8,63.4,966.8,1030.2,2325.2,2.4,120.25,120.25,240.49,,,63.4,968.3,Medium
46115B,Unknown,General,0.19,11,6.364,3.264,0.513,14.2,58.8,2490.3,2549.0,2322.7,0.9,46.64,46.64,93.27,,,58.7,2472.3,Medium
20781,GOLD EAR MUFF HEADPHONES,General,4.62,45,6.356,7.075,1.113,30.8,75.3,501.0,576.3,2319.8,4.6,231.53,231.53,463.05,,,75.3,501.1,High
21263,GREEN GOOSE FEATHER TREE 60CM,General,1.94,71,6.352,5.029,0.792,21.9,66.4,772.9,839.2,2318.5,3.0,149.99,149.99,299.98,,,66.4,773.0,Medium
20902,check,General,6.2,26,6.346,5.506,0.868,24.0,68.4,432.4,500.8,2316.3,5.4,267.87,267.87,535.74,,,68.4,432.2,Medium
79071B,Unknown,General,2.94,40,6.325,6.615,1.046,28.8,73.1,626.3,699.4,2308.6,3.7,184.31,184.31,368.61,,,73.1,626.6,High
21904,Unknown,General,2.09,74,6.324,5.815,0.919,25.3,69.6,742.3,811.9,2308.4,3.1,155.49,155.49,310.97,,,69.6,743.1,Medium
85017C,adjustment,General,0.63,28,6.321,6.0,0.949,26.1,70.4,1354.8,1425.1,2307.3,1.7,85.16,85.16,170.31,,,70.3,1353.2,Medium
84509E,SET OF 4 CAROUSEL PLACEMATS ,General,2.27,19,6.316,7.379,1.168,32.1,76.3,712.2,788.6,2305.3,3.2,161.83,161.83,323.66,,,76.3,712.6,High
84927D,Unknown,General,1.24,13,6.308,4.385,0.695,19.1,63.2,964.1,1027.3,2302.3,2.4,119.4,119.4,238.8,,,63.3,963.5,Medium
85232B,Unknown,General,4.97,37,6.297,5.436,0.863,23.7,67.7,480.9,548.6,2298.5,4.8,238.99,238.99,477.98,,,67.8,480.9,Medium
21030,SPACE CADET RED,General,1.24,27,6.296,6.509,1.034,28.3,72.4,961.6,1034.0,2298.1,2.4,119.49,119.49,238.98,,,72.4,962.6,High
21279,Unknown,General,2.55,40,6.275,4.951,0.789,21.5,65.5,670.6,736.0,2290.4,3.4,170.78,170.78,341.56,,,65.4,670.1,Medium
21040,Unknown,General,1.66,15,6.267,5.637,0.9,24.5,68.4,829.5,897.9,2287.3,2.8,137.87,137.87,275.74,,,68.4,830.0,Medium
22655,damages/showroom etc,General,157.13,83,6.265,6.422,1.025,28.0,71.8,85.3,157.1,2286.7,26.8,1340.38,1340.38,2680.75,,,71.9,85.3,High
22886,NUMBER TILE VINTAGE FONT 7,General,1.7,29,6.241,6.561,1.051,28.6,72.2,818.3,890.5,2278.1,2.8,139.2,139.2,278.39,,,72.3,818.6,High
90070,RUBY GLASS CLUSTER BRACELET,General,5.99,13,6.231,5.357,0.86,23.3,66.9,435.8,502.7,2274.2,5.2,260.92,260.92,521.84,,,66.9,435.7,Medium
47341A,Unknown,General,1.25,9,6.222,6.16,0.99,26.8,70.4,954.0,1024.3,2271.1,2.4,119.03,119.03,238.07,,,70.4,953.1,Medium
47586A,PINK FAIRY CAKE CUSHION COVER,General,2.58,5,6.2,3.701,0.597,16.1,59.5,662.8,722.3,2263.0,3.4,170.73,170.73,341.45,,,59.5,662.2,Medium
90120B,BLUE MURANO TWIST BRACELET,General,4.25,10,6.2,6.494,1.047,28.3,71.7,515.8,587.5,2263.0,4.4,219.37,219.37,438.74,,,71.7,516.0,High
22656,Unknown,General,116.42,56,6.196,9.514,1.535,41.4,84.8,98.6,183.3,2261.7,22.9,1147.42,1147.42,2294.84,,,84.8,98.6,Critical
71403,"PINK/WHITE ""KEEP CLEAN"" BULLET BIN",General,2.95,27,6.185,3.853,0.623,16.8,60.1,618.9,679.0,2257.6,3.6,182.38,182.38,364.76,,,60.1,618.6,Medium
90206C,CRYSTAL DIAMANTE STAR BROOCH,General,5.02,17,6.176,6.757,1.094,29.4,72.6,473.9,546.5,2254.4,4.8,237.88,237.88,475.76,,,72.6,473.9,High
20935,ROUND CACTUS CANDLE,General,2.94,6,6.167,8.329,1.351,36.2,79.4,618.5,697.9,2250.8,3.6,181.95,181.95,363.9,,,79.4,618.7,High
90059E,DIAMANTE HAIR GRIP PACK/2 RUBY,General,1.65,12,6.167,5.184,0.841,22.6,65.7,826.1,891.8,2250.8,2.7,136.24,136.24,272.47,,,65.8,825.9,Medium
84429A,MEDIUM PINK BUDDHA HEAD ,General,2.97,25,6.16,5.064,0.822,22.0,65.2,615.4,680.6,2248.4,3.7,182.66,182.66,365.33,,,65.1,615.2,Medium
20821,Unknown,General,4.92,13,6.154,4.741,0.77,20.6,63.7,477.9,541.6,2246.2,4.7,234.99,234.99,469.98,,,63.7,477.8,Medium
22823,test,General,120.77,20,6.15,4.475,0.728,19.5,62.5,96.4,158.9,2244.8,23.3,1164.26,1164.26,2328.53,,,62.6,96.4,Medium
21376,LARGE  TALL CAMPHOR WOOD TOADSTOOL ,General,5.0,47,6.149,6.477,1.053,28.2,71.2,473.8,545.1,2244.4,4.7,236.84,236.84,473.67,,,71.2,473.8,High
90174,BUTTERFLY HAIR BAND,General,2.56,7,6.143,5.398,0.879,23.5,66.5,661.6,728.1,2242.1,3.4,169.46,169.46,338.91,,,66.5,661.7,Medium
21761,damaged,General,29.87,31,6.129,5.835,0.952,25.4,68.3,193.5,261.8,2237.1,11.6,578.01,578.01,1156.01,,,68.3,193.5,Medium
90177D,DROP DIAMANTE EARRINGS PURPLE,General,2.96,8,6.125,9.141,1.492,39.8,82.7,614.5,697.2,2235.6,3.6,181.9,181.9,363.8,,,82.7,614.5,High
47013A,damaged,General,0.12,9,6.111,6.333,1.036,27.6,70.3,3048.6,3118.9,2230.6,0.7,36.58,36.58,73.17,,,70.4,3048.6,High
22415,Unknown,General,7.92,40,6.1,5.193,0.851,22.6,65.3,374.9,440.2,2226.5,5.9,296.91,296.91,593.82,,,65.3,374.9,Medium
90184C,BLACK CHUNKY BEAD BRACELET W STRAP,General,8.89,30,6.1,6.255,1.025,27.2,69.9,353.9,423.9,2226.5,6.3,314.54,314.54,629.07,,,69.9,353.9,High
21349,check,General,6.77,23,6.087,4.728,0.777,20.6,63.2,405.0,468.2,2221.7,5.5,274.29,274.29,548.59,,,63.2,405.1,Medium
23071,damages,General,12.14,18,6.056,6.063,1.001,26.4,68.8,301.7,370.5,2210.3,7.3,366.33,366.33,732.67,,,68.8,301.7,High
21366,MIRRORED WALL ART PHOTO FRAMES,General,4.27,28,6.036,5.647,0.936,24.6,66.8,508.1,574.9,2203.0,4.3,216.8,216.8,433.61,,,66.9,507.9,Medium
21682,Unknown,General,4.99,64,6.031,5.784,0.959,25.2,67.4,469.7,537.1,2201.4,4.7,234.32,234.32,468.63,,,67.4,469.7,Medium
20731,Unknown,General,1.27,7,6.0,4.761,0.793,20.7,62.7,929.6,992.3,2190.0,2.4,117.79,117.79,235.59,,,62.7,928.5,Medium
45013,FOLDING SHOE TIDY,General,2.98,5,6.0,3.162,0.527,13.8,55.8,606.2,661.9,2190.0,3.6,180.64,180.64,361.28,,,55.8,606.2,Medium
85125,Unknown,General,4.97,21,6.0,4.94,0.823,21.5,63.5,469.5,533.0,2190.0,4.7,233.24,233.24,466.48,,,63.5,469.4,Medium
85131B,BEADED CRYSTAL HEART GREEN ON STICK,General,0.93,23,6.0,4.253,0.709,18.5,60.5,1083.8,1144.3,2190.0,2.0,101.03,101.03,202.06,,,60.5,1085.1,Medium
35910A,MULTICOLOUR EASTER RABBIT ,General,1.95,6,6.0,3.162,0.527,13.8,55.8,749.7,805.4,2190.0,2.9,146.06,146.06,292.12,,,55.8,749.4,Medium
84975,Unknown,General,1.65,10,6.0,4.055,0.676,17.6,59.6,813.9,873.5,2190.0,2.7,134.54,134.54,269.08,,,59.6,814.6,Medium
21461,BLUE EASTER EGG HUNT START POST,General,1.94,5,6.0,4.123,0.687,17.9,59.9,751.7,811.6,2190.0,2.9,145.67,145.67,291.35,,,59.9,751.3,Medium
90123D,WHITE HEART OF GLASS BRACELET,General,5.95,8,6.0,5.014,0.836,21.8,63.8,428.9,492.8,2190.0,5.1,255.28,255.28,510.55,,,63.8,429.0,Medium
35265,COLOURFUL FLOWER FRUIT BOWL,General,2.78,28,6.0,4.944,0.824,21.5,63.5,627.3,690.8,2190.0,3.5,174.55,174.55,349.1,,,63.5,627.6,Medium
35597A,Unknown,General,1.27,5,6.0,4.183,0.697,18.2,60.2,928.5,988.8,2190.0,2.4,117.93,117.93,235.85,,,60.2,928.5,Medium
84548,Unknown,General,1.65,8,6.0,5.88,0.98,25.6,67.6,813.4,881.0,2190.0,2.7,134.62,134.62,269.24,,,67.6,814.6,Medium
79336,LIGHT PINK FLOCK GLASS CANDLEHOLDER,General,0.38,1,6.0,1.8,0.3,7.8,49.8,1697.5,1747.4,2190.0,1.3,64.51,64.51,129.01,,,49.8,1697.5,Low
84452,METAL RABBIT LADDER EASTER ,General,0.86,25,5.96,4.486,0.753,19.5,61.2,1127.5,1188.8,2175.4,1.9,96.47,96.47,192.94,,,61.2,1124.6,Medium
90184B,AMETHYST CHUNKY BEAD BRACELET W STR,General,8.97,41,5.951,4.61,0.775,20.1,61.7,348.0,409.8,2172.2,6.2,312.06,312.06,624.12,,,61.8,348.0,Medium
72709,Unknown,General,0.85,19,5.947,4.416,0.742,19.2,60.8,1128.3,1189.1,2170.8,1.9,96.2,96.2,192.4,,,60.8,1130.0,Medium
84927A,Unknown,General,1.24,26,5.923,4.251,0.718,18.5,60.0,935.3,995.2,2161.9,2.3,115.58,115.58,231.16,,,60.0,933.7,Medium
90206A,GOLD DIAMANTE STAR BROOCH,General,4.94,11,5.909,4.929,0.834,21.5,62.8,467.2,530.0,2156.8,4.6,230.81,230.81,461.62,,,62.9,467.2,Medium
84507B,Unknown,General,2.55,18,5.889,8.547,1.451,37.2,78.4,648.8,727.2,2149.4,3.3,165.65,165.65,331.31,,,78.4,649.2,High
90190C,SILVER/AMETHYST DROP EARRINGS LEAF,General,2.93,9,5.889,6.133,1.041,26.7,67.9,605.4,673.3,2149.4,3.6,177.52,177.52,355.04,,,67.9,605.6,High
21486,Unknown,General,3.74,16,5.875,6.076,1.034,26.4,67.6,535.3,602.9,2144.4,4.0,200.28,200.28,400.57,,,67.5,535.4,High
90199B,5 STRAND GLASS NECKLACE AMETHYST,General,6.3,7,5.857,2.968,0.507,12.9,53.9,411.9,465.8,2137.9,5.2,259.5,259.5,519.01,,,53.9,411.9,Medium
84499,Unknown,General,0.86,7,5.857,1.864,0.318,8.1,49.1,1113.0,1162.1,2137.9,1.9,96.04,96.04,192.08,,,49.1,1114.9,Low
23465,TUSCAN VILLA BIRD FEEDER,General,8.26,21,5.81,4.479,0.771,19.5,60.2,358.3,418.4,2120.5,5.9,295.95,295.95,591.9,,,60.2,358.3,Medium
85198,Unknown,General,0.85,5,5.8,4.087,0.705,17.8,58.4,1113.3,1171.7,2117.0,1.9,95.08,95.08,190.15,,,58.4,1115.9,Medium
90076,MONTANA DIAMOND CLUSTER EARRINGS,General,2.53,5,5.8,3.564,0.614,15.5,56.1,646.3,702.4,2117.0,3.3,163.78,163.78,327.55,,,56.1,646.8,Medium
22929,SCHOOL DESK AND CHAIR ,General,65.03,14,5.786,5.01,0.866,21.8,62.3,127.4,189.7,2111.8,16.6,828.65,828.65,1657.3,,,62.3,127.4,Medium
90214T,"LETTER ""T"" BLING KEY RING",General,0.29,4,5.75,4.787,0.833,20.8,61.1,1894.1,1955.2,2098.8,1.1,55.4,55.4,110.8,,,61.0,1902.3,Medium
90186A,AMETHYST HOOP EARRING FLORAL LEAF,General,2.93,12,5.75,5.311,0.924,23.1,63.4,598.5,661.8,2098.8,3.5,175.35,175.35,350.69,,,63.4,598.5,Medium
84872A,TEATIME FUNKY FLOWER BACKPACK FOR 2,General,16.86,8,5.75,6.819,1.186,29.7,69.9,249.5,319.4,2098.8,8.4,420.61,420.61,841.22,,,70.0,249.5,High
90063A,WHITE VINT ART DECO CRYSTAL NECKLAC,General,8.51,23,5.739,5.319,0.927,23.1,63.3,350.8,414.2,2094.8,6.0,298.55,298.55,597.1,,,63.3,350.8,Medium
84711A,SILVER OVAL SHAPE TRINKET BOX,General,9.96,22,5.727,4.793,0.837,20.9,60.9,324.0,384.9,2090.5,6.5,322.63,322.63,645.26,,,61.0,324.0,Medium
22223,CAKE PLATE LOVEBIRD PINK,General,4.08,75,5.72,5.239,0.916,22.8,62.8,506.0,568.9,2087.8,4.1,206.29,206.29,412.58,,,62.8,505.8,Medium
90188,DROP EARRINGS W FLOWER & LEAF,General,2.58,7,5.714,3.946,0.691,17.2,57.2,636.3,693.4,2085.7,3.3,163.91,163.91,327.81,,,57.2,635.8,Medium
90155,RESIN NECKLACE W PASTEL BEADS,General,7.44,17,5.706,3.549,0.622,15.4,55.4,374.2,429.6,2082.6,5.6,278.25,278.25,556.51,,,55.3,374.1,Medium
72133,COLUMBIAN CANDLE RECTANGLE,General,1.24,27,5.704,4.778,0.838,20.8,60.7,916.9,977.6,2081.9,2.3,113.53,113.53,227.05,,,60.7,916.2,Medium
21357,Unknown,General,1.23,16,5.688,4.11,0.723,17.9,57.7,917.5,975.2,2075.9,2.3,113.13,113.13,226.27,,,57.7,918.6,Medium
20699,Unknown,General,2.53,31,5.677,5.294,0.932,23.0,62.8,640.5,703.3,2072.3,3.2,161.77,161.77,323.55,,,62.7,640.0,Medium
35809B,ENAMEL BLUE RIM TEA CONTAINER,General,1.66,17,5.647,5.419,0.96,23.6,63.1,788.6,851.7,2061.2,2.6,130.68,130.68,261.36,,,63.1,787.9,Medium
46776E,WOVEN CANDY CUSHION COVER ,General,5.0,17,5.647,6.973,1.235,30.3,69.9,454.2,524.0,2061.2,4.5,226.92,226.92,453.84,,,69.8,454.0,High
90199A,5 STRAND GLASS NECKLACE BLACK,General,6.33,11,5.636,5.221,0.926,22.7,62.2,403.1,465.3,2057.3,5.1,255.19,255.19,510.38,,,62.2,403.1,Medium
84870C,GREEN GEISHA GIRL ,General,3.74,22,5.636,5.224,0.927,22.7,62.2,524.6,586.8,2057.3,3.9,196.07,196.07,392.14,,,62.2,524.4,Medium
47481,50CM METAL STRING WITH  7 CLIPS,General,0.85,34,5.618,4.2,0.748,18.3,57.6,1096.7,1154.3,2050.4,1.9,93.48,93.48,186.97,,,57.6,1098.2,Medium
90185C,BLACK DIAMANTE EXPANDABLE RING,General,4.24,15,5.6,5.082,0.908,22.1,61.3,490.7,552.0,2044.0,4.2,208.28,208.28,416.56,,,61.3,491.0,Medium
44236,Unknown,General,0.8,12,5.583,3.343,0.599,14.5,53.6,1130.9,1184.6,2037.9,1.8,90.1,90.1,180.2,,,53.6,1128.6,Medium
85168B,BLACK BAROQUE CARRIAGE CLOCK,General,8.24,7,5.571,3.505,0.629,15.3,54.3,351.3,405.6,2033.6,5.8,289.43,289.43,578.86,,,54.3,351.3,Medium
21757,LIGHTHOUSE PRINTED METAL SIGN,General,4.93,7,5.571,5.287,0.949,23.0,62.0,454.3,516.3,2033.6,4.5,223.83,223.83,447.65,,,62.0,454.1,Medium
20933,Unknown,General,3.37,26,5.538,5.286,0.954,23.0,61.8,547.8,609.6,2021.5,3.7,184.5,184.5,369.0,,,61.8,547.7,Medium
90180A,stock check,General,10.08,13,5.538,5.753,1.039,25.0,63.8,316.6,380.5,2021.5,6.4,319.21,319.21,638.41,,,63.8,316.7,High
84563A,damaged,General,4.45,40,5.5,4.518,0.821,19.7,58.2,475.1,533.2,2007.5,4.2,211.29,211.29,422.58,,,58.2,474.9,Medium
72134,COLUMBIAN  CUBE CANDLE ,General,0.84,2,5.5,4.95,0.9,21.5,60.0,1093.1,1153.2,2007.5,1.8,91.82,91.82,183.65,,,60.0,1093.1,Medium
35916A,Unknown,General,0.85,6,5.5,4.231,0.769,18.4,56.9,1087.8,1144.7,2007.5,1.8,92.28,92.28,184.56,,,56.9,1086.7,Medium
90101,WHITE FRANGIPANI NECKLACE,General,2.5,8,5.5,4.408,0.801,19.2,57.7,634.0,691.6,2007.5,3.2,158.33,158.33,316.66,,,57.7,633.6,Medium
16020C,Unknown,General,0.84,12,5.5,5.368,0.976,23.4,61.9,1091.5,1153.4,2007.5,1.8,91.96,91.96,183.92,,,61.9,1093.1,Medium
90040B,MURANO STYLE GLASS BRACELET BLACK,General,3.45,6,5.5,2.881,0.524,12.5,51.0,539.1,590.2,2007.5,3.7,186.18,186.18,372.36,,,51.0,539.4,Medium
90036B,"FLOWER GLASS GARLAND NECKL.36""GREEN",General,8.01,6,5.5,3.782,0.688,16.5,55.0,354.0,409.0,2007.5,5.7,283.55,283.55,567.1,,,55.0,354.0,Medium
84745A,PINK HANGING GINGHAM EASTER HEN,General,0.43,6,5.5,1.871,0.34,8.1,46.6,1533.8,1580.4,2007.5,1.3,65.44,65.44,130.88,,,46.6,1527.8,Low
90046,WHITE WITH METAL BAG CHARM,General,5.0,6,5.5,3.937,0.716,17.1,55.6,447.8,503.5,2007.5,4.5,224.14,224.14,448.28,,,55.6,448.1,Medium
82011C,BATHROOM SCALES FOOTPRINTS IN SAND,General,3.74,36,5.472,4.352,0.795,18.9,57.2,516.6,573.8,1997.4,3.9,193.33,193.33,386.66,,,57.2,516.8,Medium
81950V,Unknown,General,0.67,15,5.467,3.563,0.652,15.5,53.8,1223.3,1277.1,1995.3,1.6,81.55,81.55,163.11,,,53.8,1220.3,Medium
47469,ASSORTED SHAPES PHOTO CLIP SILVER ,General,0.66,20,5.45,3.561,0.653,15.5,53.6,1231.3,1285.0,1989.2,1.6,80.78,80.78,161.55,,,53.6,1227.6,Medium
84816,damages,General,39.5,38,5.447,4.78,0.877,20.8,58.9,158.6,217.6,1988.3,12.5,626.66,626.66,1253.33,,,58.9,158.6,Medium
90205A,LARGE MINT DIAMANTE HAIRSLIDE,General,1.66,16,5.438,5.428,0.998,23.6,61.7,772.3,834.0,1984.7,2.6,128.49,128.49,256.98,,,61.7,773.2,Medium
84773,Unknown,General,2.94,7,5.429,5.473,1.008,23.8,61.8,580.2,642.0,1981.4,3.4,170.75,170.75,341.5,,,61.8,580.5,High
20903,Unknown,General,6.4,21,5.429,4.833,0.89,21.0,59.0,393.4,452.4,1981.4,5.0,251.84,251.84,503.68,,,59.0,393.4,Medium
90000A,RASPBERRY ANT COPPER FLOWER NECKLAC,General,5.97,7,5.429,5.318,0.98,23.1,61.1,407.5,468.7,1981.4,4.9,243.11,243.11,486.22,,,61.1,407.4,Medium
84723,CHERRY BLOSSOM CANVAS ART PICTURE,General,3.93,22,5.409,4.205,0.777,18.3,56.2,501.3,557.4,1974.3,3.9,196.93,196.93,393.86,,,56.2,501.2,Medium
79026B,Unknown,General,0.6,21,5.381,5.714,1.062,24.9,62.5,1277.8,1340.4,1964.0,1.5,76.85,76.85,153.7,,,62.6,1279.3,High
78034B,BLUE NETTING STORAGE HANGER,General,1.96,24,5.375,5.114,0.952,22.3,59.9,707.8,767.7,1961.9,2.8,138.59,138.59,277.17,,,59.9,707.4,Medium
90014B,GOLD M.O.P. ORBIT NECKLACE,General,7.55,11,5.364,4.433,0.827,19.3,56.8,360.2,417.0,1957.7,5.4,271.79,271.79,543.58,,,56.8,360.1,Medium
21196,ROUND WHITE CONFETTI IN TUBE,General,1.65,11,5.364,3.828,0.714,16.7,54.2,769.4,823.6,1957.7,2.5,127.23,127.23,254.46,,,54.2,770.2,Medium
84415A,Unknown,General,1.23,3,5.333,2.082,0.39,9.1,46.4,890.8,937.2,1946.7,2.2,109.27,109.27,218.54,,,46.4,889.6,Low
84847,Unknown,General,3.77,17,5.294,4.074,0.769,17.7,54.8,505.9,560.7,1932.4,3.8,190.97,190.97,381.94,,,54.8,506.2,Medium
90081A,LILY BROOCH AMETHYST COLOUR,General,4.97,24,5.292,5.06,0.956,22.0,59.1,440.6,499.7,1931.5,4.4,219.17,219.17,438.35,,,59.0,440.8,Medium
21031,SPACE CADET BLACK,General,1.65,11,5.273,6.42,1.218,27.9,64.9,763.7,828.5,1924.5,2.5,126.01,126.01,252.01,,,64.8,763.7,High
21841,BABY MOUSE RED GINGHAM DRESS,General,4.24,30,5.267,3.778,0.717,16.4,53.3,475.9,529.2,1922.3,4.0,201.96,201.96,403.92,,,53.3,476.1,Medium
20785,Unknown,General,40.12,15,5.267,4.949,0.94,21.5,58.4,154.8,213.2,1922.3,12.4,620.95,620.95,1241.89,,,58.4,154.8,Medium
21332,Unknown,General,12.76,8,5.25,2.816,0.536,12.3,49.0,274.0,323.0,1916.2,7.0,349.64,349.64,699.27,,,49.0,274.0,Medium
20898,check,General,2.94,4,5.25,2.986,0.569,13.0,49.7,570.9,620.6,1916.2,3.4,167.84,167.84,335.67,,,49.8,570.9,Medium
90161A,ANT COPPER RED BOUDICCA BRACELET,General,4.97,13,5.231,4.781,0.914,20.8,57.4,438.3,495.8,1909.2,4.4,217.78,217.78,435.57,,,57.4,438.3,Medium
79161A,ST GEORGE SET OF 10 PARTY LIGHTS,General,2.97,6,5.167,4.622,0.895,20.1,56.3,563.3,619.6,1885.8,3.3,167.39,167.39,334.79,,,56.3,563.4,Medium
90026C,GLASS BEAD HOOP NECKLACE GREEN,General,8.54,7,5.143,2.61,0.507,11.4,47.4,331.5,378.8,1877.1,5.7,283.16,283.16,566.32,,,47.4,331.5,Medium
72783,BLACK SIL'T SQU CANDLE PLATE ,General,2.08,15,5.133,3.378,0.658,14.7,50.6,671.4,722.1,1873.7,2.8,139.53,139.53,279.05,,,50.6,671.1,Medium
90201D,GREEN ENAMEL FLOWER RING,General,2.96,9,5.111,4.372,0.855,19.0,54.8,561.5,616.3,1865.6,3.3,166.13,166.13,332.26,,,54.8,561.4,Medium
84388,Unknown,General,1.65,11,5.091,4.134,0.812,18.0,53.6,751.4,805.1,1858.2,2.5,123.64,123.64,247.29,,,53.6,750.4,Medium
84575A,PINK DOG CANNISTER,General,3.94,11,5.091,3.59,0.705,15.6,51.3,485.6,536.8,1858.2,3.8,191.33,191.33,382.67,,,51.2,485.6,Medium
35591T,Unknown,General,1.26,12,5.0,3.438,0.688,15.0,50.0,850.7,900.7,1825.0,2.1,107.26,107.26,214.52,,,50.0,851.0,Medium
90037B,TINY CRYSTAL BRACELET GREEN,General,2.63,3,5.0,2.646,0.529,11.5,46.5,589.4,635.9,1825.0,3.1,154.82,154.82,309.63,,,46.5,589.0,Medium
44089A,PINK GAUZE BUTTERFLY LAMPSHADE,General,0.42,6,5.0,4.382,0.876,19.1,54.1,1479.9,1533.9,1825.0,1.2,61.66,61.66,123.32,,,54.1,1474.0,Medium
84206C,CHAMPAGNE TRAY BLANK CARD,General,0.18,3,5.0,3.0,0.6,13.1,48.1,2231.0,2279.0,1825.0,0.8,40.9,40.9,81.8,,,48.1,2251.5,Medium
84306,S/3 PINK SQUARE PLANTERS ROSES,General,10.95,8,5.0,3.505,0.701,15.3,50.3,288.7,338.9,1825.0,6.3,316.08,316.08,632.16,,,50.3,288.7,Medium
85106,Unknown,General,2.57,19,5.0,6.164,1.233,26.8,61.8,596.1,657.9,1825.0,3.1,153.09,153.09,306.18,,,61.8,595.9,High
90129F,RED GLASS TASSLE BAG CHARM,General,3.0,9,5.0,5.292,1.058,23.0,58.0,551.2,609.2,1825.0,3.3,165.55,165.55,331.09,,,58.0,551.5,High
82605,Unknown,General,2.12,6,5.0,3.347,0.669,14.6,49.6,655.6,705.1,1825.0,2.8,139.2,139.2,278.39,,,49.6,656.1,Medium
90010E,AMBER GLASS/SILVER BRACELET,General,8.94,17,4.941,4.52,0.915,19.7,54.3,317.6,371.8,1803.5,5.7,283.97,283.97,567.94,,,54.3,317.6,Medium
84689,S/2 BEACH HUT TREASURE CHESTS,General,3.97,13,4.923,4.663,0.947,20.3,54.8,475.7,530.5,1796.9,3.8,188.86,188.86,377.72,,,54.8,475.7,Medium
90144,SILVER DROP EARRINGS WITH FLOWER,General,3.76,9,4.889,3.18,0.65,13.8,48.1,487.2,535.3,1784.4,3.7,183.13,183.13,366.27,,,48.0,487.1,Medium
72798C,Unknown,General,1.65,5,4.8,4.207,0.876,18.3,51.9,729.1,781.0,1752.0,2.4,120.15,120.15,240.3,,,51.9,728.6,Medium
84858C,Unknown,General,5.89,10,4.8,5.996,1.249,26.1,59.7,385.5,445.2,1752.0,4.5,227.24,227.24,454.49,,,59.7,385.7,High
84466,Unknown,General,1.25,9,4.778,2.819,0.59,12.3,45.7,836.3,882.0,1743.9,2.1,104.26,104.26,208.52,,,45.7,835.2,Medium
90038C,GLASS AND BEADS BRACELET IVORY,General,3.75,9,4.778,2.587,0.542,11.3,44.7,482.3,527.0,1743.9,3.6,180.8,180.8,361.6,,,44.7,482.2,Medium
23017,APOTHECARY MEASURING JAR,General,12.33,18,4.778,3.49,0.731,15.2,48.6,266.0,314.6,1743.9,6.6,327.85,327.85,655.7,,,48.6,265.9,Medium
90013A,MIDNIGHT BLUE VINTAGE EARRINGS,General,3.72,13,4.692,2.428,0.518,10.6,43.4,479.7,523.2,1712.7,3.6,178.5,178.5,357.0,,,43.4,479.8,Medium
90025A,BAROQUE BUTTERFLY EARRINGS BLACK,General,3.77,9,4.667,5.196,1.113,22.6,55.3,475.4,530.7,1703.3,3.6,179.13,179.13,358.27,,,55.3,475.3,High
90073,VINTAGE ENAMEL & CRYSTAL EARRINGS,General,5.01,3,4.667,3.786,0.811,16.5,49.1,412.2,461.3,1703.3,4.1,206.63,206.63,413.26,,,49.2,412.3,Medium
90179C,BLACK FINE BEAD NECKLACE W TASSEL,General,5.89,6,4.667,3.011,0.645,13.1,45.8,380.2,426.0,1703.3,4.5,224.0,224.0,448.01,,,45.8,380.3,Medium
22872,NUMBER TILE COTTAGE GARDEN 4,General,1.94,11,4.636,2.42,0.522,10.5,43.0,660.9,703.9,1692.3,2.6,128.03,128.03,256.06,,,43.0,660.4,Medium
22769,Unknown,General,22.51,5,4.6,2.408,0.524,10.5,42.7,193.1,235.8,1679.0,8.7,434.67,434.67,869.34,,,42.7,193.1,Medium
84990,60 GOLD AND SILVER FAIRY CAKE CASES,General,0.56,5,4.6,2.881,0.626,12.5,44.7,1220.0,1264.8,1679.0,1.4,68.81,68.81,137.62,,,44.7,1224.4,Medium
90189A,SILVER 2 STRAND NECKLACE-LEAF CHARM,General,7.41,5,4.6,3.05,0.663,13.3,45.5,336.6,382.1,1679.0,5.0,249.41,249.41,498.83,,,45.5,336.6,Medium
90071,RUBY GLASS CLUSTER EARRINGS,General,1.24,7,4.571,2.225,0.487,9.7,41.7,819.3,861.0,1668.6,2.0,101.83,101.83,203.66,,,41.7,820.3,Low
20861,GOLD COSMETIC BAG PINK STAR,General,2.07,13,4.538,3.886,0.856,16.9,48.7,632.3,681.0,1656.5,2.6,130.99,130.99,261.98,,,48.7,632.6,Medium
85170A,Unknown,General,2.15,4,4.5,2.887,0.642,12.6,44.1,618.8,662.8,1642.5,2.7,132.72,132.72,265.45,,,44.1,618.0,Medium
62097B,BLUE STRIPES SHOULDER BAG,General,0.82,4,4.5,3.512,0.78,15.3,46.8,997.7,1044.5,1642.5,1.6,82.31,82.31,164.62,,,46.8,1000.8,Medium
90166,PINK & WHITE ROSEBUD RING,General,4.17,7,4.429,4.198,0.948,18.3,49.3,440.0,489.3,1616.4,3.7,183.68,183.68,367.35,,,49.3,440.2,Medium
21720,CAKE SHOP  STICKER SHEET,General,0.84,19,4.421,3.355,0.759,14.6,45.6,980.1,1025.6,1613.7,1.6,82.33,82.33,164.65,,,45.5,980.1,Medium
79323P,"Unsaleable, destroyed.",General,6.75,5,4.4,3.05,0.693,13.3,44.1,345.0,389.0,1606.0,4.7,232.78,232.78,465.56,,,44.1,344.9,Medium
84968B,SET OF 16 VINTAGE IVORY CUTLERY,General,12.79,5,4.4,2.51,0.57,10.9,41.7,250.6,292.3,1606.0,6.4,320.42,320.42,640.85,,,41.7,250.6,Medium
90214U,"LETTER ""U"" BLING KEY RING",General,0.29,8,4.375,3.543,0.81,15.4,46.0,1662.9,1708.9,1596.9,1.0,48.02,48.02,96.03,,,46.0,1659.3,Medium
84358,FLOOR LAMP SHADE WOOD BASE,General,9.61,14,4.357,3.815,0.876,16.6,47.1,287.7,334.8,1590.4,5.5,276.37,276.37,552.75,,,47.1,287.7,Medium
47589,Unknown,General,5.44,3,4.333,3.055,0.705,13.3,43.6,381.3,424.9,1581.7,4.1,207.42,207.42,414.83,,,43.6,381.3,Medium
84688,BEACH HUT DESIGN BLACKBOARD,General,4.26,12,4.333,3.725,0.86,16.2,46.5,430.9,477.5,1581.7,3.7,183.53,183.53,367.06,,,46.5,430.9,Medium
90033,IVORY SHELL HEART EARRINGS,General,2.59,6,4.333,2.251,0.519,9.8,40.1,552.8,592.9,1581.7,2.9,143.07,143.07,286.14,,,40.1,552.6,Medium
84824,DANISH ROSE UMBRELLA STAND,General,15.84,7,4.286,2.289,0.534,10.0,40.0,222.2,262.2,1564.3,7.0,351.98,351.98,703.96,,,40.0,222.2,Medium
23664,FLOWER SHOP DESIGN MUG,General,1.65,7,4.286,2.812,0.656,12.2,42.2,688.2,730.4,1564.3,2.3,113.65,113.65,227.3,,,42.2,688.5,Medium
37461,FUNKY MONKEY MUG,General,1.23,5,4.2,3.033,0.722,13.2,42.6,790.1,832.7,1533.0,1.9,97.02,97.02,194.04,,,42.6,789.4,Medium
47016,LIGHT DECORATION BATTERY OPERATED,General,2.08,6,4.167,1.722,0.413,7.5,36.7,603.9,640.6,1520.8,2.5,125.92,125.92,251.83,,,36.7,604.6,Low
20663,QUEEN OF THE SKIES HOLIDAY PURSE ,General,2.95,9,4.111,3.887,0.946,16.9,45.7,504.2,549.9,1500.6,3.0,148.8,148.8,297.6,,,45.7,504.3,Medium
90145,SILVER HOOP EARRINGS WITH FLOWER,General,5.91,20,4.1,2.469,0.602,10.7,39.4,355.9,395.3,1496.5,4.2,210.26,210.26,420.53,,,39.4,355.8,Medium
77079,Unknown,General,2.1,5,4.0,2.55,0.637,11.1,39.1,589.0,628.1,1460.0,2.5,123.93,123.93,247.86,,,39.1,589.6,Medium
71215,METAL BASE FOR CANDLES,General,0.42,4,4.0,4.761,1.19,20.7,48.7,1318.4,1367.1,1460.0,1.1,55.37,55.37,110.74,,,48.7,1318.4,High
44089C,LILAC GAUZE BUTTERFLY LAMPSHADE,General,0.42,6,4.0,4.517,1.129,19.7,47.7,1315.8,1363.4,1460.0,1.1,55.48,55.48,110.96,,,47.7,1318.4,High
90079,VINTAGE ENAMEL & CRYSTAL NECKLACE,General,4.92,4,4.0,4.082,1.021,17.8,45.8,385.1,430.9,1460.0,3.8,189.56,189.56,379.13,,,45.8,385.2,High
20910,Unknown,General,6.45,3,4.0,2.0,0.5,8.7,36.7,336.3,373.0,1460.0,4.3,217.05,217.05,434.09,,,36.7,336.4,Low
90186B,CRYSTAL HOOP EARRING FLORAL LEAF,General,2.97,14,3.929,2.235,0.569,9.7,37.2,491.3,528.5,1433.9,2.9,145.94,145.94,291.88,,,37.2,491.3,Medium
71496B,A4 WALL TIDY RED FLOWERS,General,0.54,12,3.917,3.118,0.796,13.6,41.0,1153.2,1194.2,1429.6,1.2,61.98,61.98,123.97,,,41.0,1150.5,Medium
90158,ST TROPEZ NECKLACE,General,4.89,8,3.875,1.458,0.376,6.3,33.5,380.2,413.7,1414.4,3.7,185.98,185.98,371.97,,,33.4,380.3,Low
90154,LAZER CUT NECKLACE W PASTEL BEADS,General,8.98,6,3.833,2.041,0.532,8.9,35.7,279.1,314.8,1399.2,5.0,250.69,250.69,501.38,,,35.7,279.1,Medium
44092B,BLUE WHITE PLASTIC RINGS LAMPSHADE,General,0.86,11,3.727,2.573,0.69,11.2,37.3,890.8,928.1,1360.5,1.5,76.36,76.36,152.73,,,37.3,889.4,Medium
21836,GINGHAM OVEN GLOVE RED HEART ,General,3.71,6,3.667,2.875,0.784,12.5,38.2,424.7,462.9,1338.3,3.2,157.56,157.56,315.13,,,38.2,424.7,Medium
79157B,UBO-LIGHT TRIOBASE BLUE,General,0.84,6,3.667,2.422,0.661,10.5,36.2,891.7,927.9,1338.3,1.5,75.05,75.05,150.1,,,36.2,892.5,Medium
90029,NEW BAROQUE SMALL NECKLACE BLACK,General,8.4,5,3.6,2.966,0.824,12.9,38.1,279.7,317.8,1314.0,4.7,234.92,234.92,469.84,,,38.1,279.7,Medium
90181A,AMBER GLASS/SHELL/PEARL NECKLACE,General,8.97,4,3.5,1.732,0.495,7.5,32.0,266.9,298.9,1277.5,4.8,239.33,239.33,478.66,,,32.0,266.9,Low
62074B,ELEPHANT CLIP W SUCTION CUP,General,0.42,2,3.5,2.121,0.606,9.2,33.7,1225.9,1259.7,1277.5,1.0,52.1,52.1,104.21,,,33.7,1233.2,Medium
21785,Unknown,General,0.84,10,3.4,3.406,1.002,14.8,38.6,857.4,896.1,1241.0,1.4,72.37,72.37,144.73,,,38.6,859.5,High
20892,Unknown,General,12.59,3,3.333,3.215,0.964,14.0,37.3,219.8,257.1,1216.7,5.5,276.75,276.75,553.49,,,37.3,219.8,Medium
90043,COPPER AND BRASS BAG CHARM,General,5.03,7,3.286,2.69,0.819,11.7,34.7,345.3,380.0,1199.3,3.5,173.67,173.67,347.34,,,34.7,345.3,Medium
21614,SET OF 12 ROSE BOTANICAL T-LIGHTS,General,2.98,4,3.25,2.217,0.682,9.7,32.4,446.5,478.9,1186.2,2.7,132.84,132.84,265.67,,,32.5,446.1,Medium
84613A,thrown away,General,4.58,4,3.25,3.862,1.188,16.8,39.6,359.9,399.4,1186.2,3.3,164.82,164.82,329.64,,,39.5,359.9,High
90129E,PURPLE GLASS TASSLE BAG CHARM,General,2.97,5,3.2,2.168,0.677,9.4,31.8,443.1,475.0,1168.0,2.6,131.79,131.79,263.58,,,31.8,443.4,Medium
90175D,TIGRIS EYE CHUNKY CHARM BRACELET,General,8.94,9,3.111,1.764,0.567,7.7,29.5,252.0,281.5,1135.6,4.5,225.31,225.31,450.62,,,29.5,252.0,Medium
90120D,Unknown,General,4.3,7,3.0,1.826,0.609,7.9,28.9,356.7,385.7,1095.0,3.1,153.49,153.49,306.97,,,28.9,356.8,Medium
23442,12 HANGING EGGS HAND PAINTED,General,2.12,6,3.0,1.789,0.596,7.8,28.8,508.2,537.0,1095.0,2.2,107.74,107.74,215.47,,,28.8,508.2,Medium
90176A,CLASSIC DIAMANTE NECKLACE JET,General,7.66,5,3.0,2.915,0.972,12.7,33.7,267.3,301.0,1095.0,4.1,204.84,204.84,409.68,,,33.7,267.3,Medium
90019A,SILVER M.O.P ORBIT BRACELET,General,4.97,6,3.0,1.789,0.596,7.8,28.8,332.0,360.8,1095.0,3.3,164.9,164.9,329.8,,,28.8,331.9,Medium
84873A,FUNKY FLOWER PICNIC BAG FOR 4,General,17.25,6,3.0,1.789,0.596,7.8,28.8,178.1,206.9,1095.0,6.1,307.33,307.33,614.66,,,28.8,178.2,Medium
47503J,SET/3 FLORAL GARDEN TOOLS IN BAG,General,7.88,3,3.0,2.646,0.882,11.5,32.5,263.5,296.0,1095.0,4.2,207.75,207.75,415.51,,,32.5,263.6,Medium
84614A,PINK BAROQUE FLOCK CANDLE HOLDER,General,5.84,5,2.8,1.643,0.587,7.2,26.8,295.9,322.6,1022.0,3.5,172.72,172.72,345.44,,,26.8,295.8,Medium
90064A,WHITE VINTAGE CRYSTAL EARRINGS,General,3.76,9,2.778,1.716,0.618,7.5,26.9,367.0,393.9,1013.9,2.8,138.14,138.14,276.29,,,26.9,367.2,Medium
90141C,TURQ PENDANT TRIPLE SHELL NECKLACE,General,4.85,4,2.75,1.708,0.621,7.4,26.7,321.5,348.2,1003.8,3.1,156.1,156.1,312.19,,,26.6,321.7,Medium
16207B,Unknown,General,2.9,3,2.667,1.155,0.433,5.0,23.7,409.7,433.3,973.3,2.4,118.8,118.8,237.6,,,23.7,409.6,Low
90177C,DROP DIAMANTE EARRINGS CRYSTAL,General,2.95,4,2.5,1.291,0.516,5.6,23.1,393.1,416.2,912.5,2.3,116.06,116.06,232.13,,,23.1,393.3,Medium
79062D,"RETRO TIN ASHTRAY,REVOLUTIONARY",General,0.29,2,2.5,2.121,0.849,9.2,26.7,1265.3,1292.0,912.5,0.7,36.06,36.06,72.12,,,26.7,1254.3,Medium
84963B,BLUE PAINTED KASHMIRI CHAIR,General,51.14,2,2.0,1.414,0.707,6.2,20.2,84.5,104.6,730.0,8.6,432.02,432.02,864.04,,,20.2,84.5,Medium
90122B,JADE CRYSTAL+GLASS BRACELET,General,5.01,3,1.667,1.155,0.693,5.0,16.7,246.5,263.2,608.3,2.5,123.4,123.4,246.81,,,16.7,246.4,Medium
