product_id,product_name,category,price_elasticity,elasticity_type,current_price,recommended_price,price_adjustment_pct,action,expected_revenue_lift_pct,estimated_profit_impact_pct,confidence,r_squared,is_significant,avg_daily_qty,interpretation
84632,DECORATIVE HANGING SHELVING UNIT,General,-26.5483,Highly Elastic,59.8341,57.5784,-3.77,LOWER_PRICE,96.32,38.53,HIGH,0.4156,True,11.24,A 1% price increase leads to a 26.55% decrease in demand. Highly price-sensitive.
35921,EASTER BUNNY HANGING GARLAND,General,-25.1669,Highly Elastic,1.2477,1.1982,-3.97,LOWER_PRICE,95.94,38.38,HIGH,0.3164,True,8.58,A 1% price increase leads to a 25.17% decrease in demand. Highly price-sensitive.
90122A,PINK CRYSTAL+GLASS BRACELET,General,-22.5446,Highly Elastic,4.9518,4.7319,-4.44,LOWER_PRICE,95.66,38.26,MEDIUM,0.2334,True,7.64,A 1% price increase leads to a 22.54% decrease in demand. Highly price-sensitive.
90123B,TURQUOISE HEART OF GLASS BRACELET,General,-22.3066,Highly Elastic,5.9004,5.6361,-4.48,LOWER_PRICE,95.45,38.18,MEDIUM,0.1726,False,12.28,A 1% price increase leads to a 22.31% decrease in demand. Highly price-sensitive.
84913B,MINT GREEN ROSE TOWEL,General,-19.5397,Highly Elastic,4.6298,4.3928,-5.12,LOWER_PRICE,94.92,37.97,MEDIUM,0.2366,True,8.83,A 1% price increase leads to a 19.54% decrease in demand. Highly price-sensitive.
84508C,check,General,-17.0325,Highly Elastic,2.5327,2.384,-5.87,LOWER_PRICE,94.11,37.64,MEDIUM,0.2154,True,7.15,A 1% price increase leads to a 17.03% decrease in demand. Highly price-sensitive.
22719,Unknown,General,-16.0698,Highly Elastic,1.1335,1.063,-6.22,LOWER_PRICE,93.73,37.49,HIGH,0.3811,True,11.64,A 1% price increase leads to a 16.07% decrease in demand. Highly price-sensitive.
22874,NUMBER TILE COTTAGE GARDEN 6,General,-15.6109,Highly Elastic,1.932,1.8082,-6.41,LOWER_PRICE,93.66,37.46,MEDIUM,0.1822,True,7.91,A 1% price increase leads to a 15.61% decrease in demand. Highly price-sensitive.
84870B,BLUE GEISHA GIRL ,General,-15.4198,Highly Elastic,3.7373,3.4947,-6.49,LOWER_PRICE,93.58,37.43,LOW,0.1302,False,8.41,A 1% price increase leads to a 15.42% decrease in demand. Highly price-sensitive.
85130A,Unknown,General,-15.2355,Highly Elastic,1.6433,1.5355,-6.56,LOWER_PRICE,93.38,37.35,MEDIUM,0.1819,True,8.87,A 1% price increase leads to a 15.24% decrease in demand. Highly price-sensitive.
22053,EMPIRE DESIGN ROSETTE,General,-15.1285,Highly Elastic,1.2175,1.137,-6.61,LOWER_PRICE,93.39,37.36,MEDIUM,0.2532,True,13.18,A 1% price increase leads to a 15.13% decrease in demand. Highly price-sensitive.
20893,damages,General,-14.7433,Highly Elastic,2.4205,2.2564,-6.78,LOWER_PRICE,93.18,37.27,HIGH,0.4202,True,10.64,A 1% price increase leads to a 14.74% decrease in demand. Highly price-sensitive.
84508A,check,General,-14.6084,Highly Elastic,2.4013,2.2368,-6.85,LOWER_PRICE,93.22,37.29,HIGH,0.31,True,16.46,A 1% price increase leads to a 14.61% decrease in demand. Highly price-sensitive.
35912B,WHITE/PINK CHICK DECORATION,General,-14.4369,Highly Elastic,1.2212,1.1366,-6.93,LOWER_PRICE,93.12,37.25,MEDIUM,0.23,True,10.57,A 1% price increase leads to a 14.44% decrease in demand. Highly price-sensitive.
23519,EMBROIDERED RIBBON REEL CLAIRE,General,-14.3104,Highly Elastic,3.6651,3.4089,-6.99,LOWER_PRICE,93.04,37.22,MEDIUM,0.1645,True,12.17,A 1% price increase leads to a 14.31% decrease in demand. Highly price-sensitive.
BANK CHARGES,Bank Charges,General,-14.1197,Highly Elastic,15.0789,14.0113,-7.08,LOWER_PRICE,92.89,37.16,LOW,0.1185,True,8.43,A 1% price increase leads to a 14.12% decrease in demand. Highly price-sensitive.
35001W,Unknown,General,-13.9009,Highly Elastic,3.3439,3.1035,-7.19,LOWER_PRICE,92.76,37.1,MEDIUM,0.2389,True,14.17,A 1% price increase leads to a 13.9% decrease in demand. Highly price-sensitive.
84592,CROCHET ROSE PURSE WITH SUEDE BACK,General,-13.8931,Highly Elastic,2.9224,2.712,-7.2,LOWER_PRICE,92.83,37.13,LOW,0.068,False,9.53,A 1% price increase leads to a 13.89% decrease in demand. Highly price-sensitive.
90160C,TURQ+RED BOUDICCA LARGE BRACELET,General,-13.1542,Highly Elastic,6.9213,6.3953,-7.6,LOWER_PRICE,92.37,36.95,LOW,0.1254,False,11.75,A 1% price increase leads to a 13.15% decrease in demand. Highly price-sensitive.
23597,PAPER BUNTING PAISLEY PARK,General,-13.1288,Highly Elastic,2.8532,2.6358,-7.62,LOWER_PRICE,92.42,36.97,MEDIUM,0.1958,True,10.9,A 1% price increase leads to a 13.13% decrease in demand. Highly price-sensitive.
21850,BLUE  DIAMANTE PEN IN GIFT BOX,General,-13.0467,Highly Elastic,4.8945,4.5196,-7.66,LOWER_PRICE,92.28,36.91,LOW,0.137,True,8.59,A 1% price increase leads to a 13.05% decrease in demand. Highly price-sensitive.
21095,Unknown,General,-12.9118,Highly Elastic,0.8541,0.788,-7.74,LOWER_PRICE,92.2,36.88,LOW,0.1119,False,8.7,A 1% price increase leads to a 12.91% decrease in demand. Highly price-sensitive.
22038,BOTANICAL LAVENDER GIFT WRAP ,General,-12.8458,Highly Elastic,0.4226,0.3897,-7.78,LOWER_PRICE,92.16,36.86,LOW,0.1474,True,16.03,A 1% price increase leads to a 12.85% decrease in demand. Highly price-sensitive.
23116,VEGETABLE GARDEN CHOPPING BOARD,General,-12.8291,Highly Elastic,4.9359,4.5514,-7.79,LOWER_PRICE,92.15,36.86,LOW,0.0924,False,8.1,A 1% price increase leads to a 12.83% decrease in demand. Highly price-sensitive.
16014,SMALL CHINESE STYLE SCISSOR,General,-12.5215,Highly Elastic,0.3947,0.3632,-7.99,LOWER_PRICE,92.06,36.82,MEDIUM,0.2492,True,75.8,A 1% price increase leads to a 12.52% decrease in demand. Highly price-sensitive.
84796B,Unknown,General,-12.4599,Highly Elastic,12.3092,11.3208,-8.03,LOWER_PRICE,92.02,36.81,MEDIUM,0.213,True,8.26,A 1% price increase leads to a 12.46% decrease in demand. Highly price-sensitive.
84760S,Unknown,General,-12.4561,Highly Elastic,1.4471,1.3309,-8.03,LOWER_PRICE,91.99,36.8,LOW,0.0546,False,10.68,A 1% price increase leads to a 12.46% decrease in demand. Highly price-sensitive.
35924,HANGING FAIRY CAKE DECORATION,General,-12.4388,Highly Elastic,1.9661,1.808,-8.04,LOWER_PRICE,91.97,36.79,HIGH,0.4342,True,12.3,A 1% price increase leads to a 12.44% decrease in demand. Highly price-sensitive.
22317,FIVE CATS HANGING DECORATION,General,-12.0743,Highly Elastic,2.948,2.7039,-8.28,LOWER_PRICE,91.7,36.68,LOW,0.1079,True,7.66,A 1% price increase leads to a 12.07% decrease in demand. Highly price-sensitive.
23565,EGG CUP MILKMAID HELGA ,General,-12.064,Highly Elastic,1.243,1.14,-8.29,LOWER_PRICE,91.72,36.69,LOW,0.1067,True,9.68,A 1% price increase leads to a 12.06% decrease in demand. Highly price-sensitive.
23017,APOTHECARY MEASURING JAR,General,-12.0467,Highly Elastic,12.3271,11.304,-8.3,LOWER_PRICE,91.69,36.68,HIGH,0.3669,True,4.78,A 1% price increase leads to a 12.05% decrease in demand. Highly price-sensitive.
85169D,PINK LOVE BIRD CANDLE,General,-12.0077,Highly Elastic,1.2182,1.1167,-8.33,LOWER_PRICE,91.69,36.68,MEDIUM,0.1879,True,12.68,A 1% price increase leads to a 12.01% decrease in demand. Highly price-sensitive.
46776E,WOVEN CANDY CUSHION COVER ,General,-11.8933,Highly Elastic,4.9965,4.5763,-8.41,LOWER_PRICE,91.61,36.64,LOW,0.1237,False,5.65,A 1% price increase leads to a 11.89% decrease in demand. Highly price-sensitive.
22830,Unknown,General,-11.5853,Highly Elastic,23.1395,21.1426,-8.63,LOWER_PRICE,91.35,36.54,HIGH,0.4946,True,11.8,A 1% price increase leads to a 11.59% decrease in demand. Highly price-sensitive.
21741,COSY SLIPPER SHOES LARGE GREEN,General,-11.5399,Highly Elastic,2.9533,2.6972,-8.67,LOWER_PRICE,91.38,36.55,LOW,0.1064,True,8.68,A 1% price increase leads to a 11.54% decrease in demand. Highly price-sensitive.
84465,Unknown,General,-11.4662,Highly Elastic,2.9369,2.6808,-8.72,LOWER_PRICE,91.27,36.51,LOW,0.0735,False,9.31,A 1% price increase leads to a 11.47% decrease in demand. Highly price-sensitive.
22197,POPCORN HOLDER,General,-11.3478,Highly Elastic,0.837,0.7633,-8.81,LOWER_PRICE,91.16,36.46,LOW,0.1062,True,34.22,A 1% price increase leads to a 11.35% decrease in demand. Highly price-sensitive.
72811,SMALL ZINC/GLASS CANDLEHOLDER,General,-11.2813,Highly Elastic,1.483,1.3516,-8.86,LOWER_PRICE,91.09,36.44,LOW,0.0851,False,8.2,A 1% price increase leads to a 11.28% decrease in demand. Highly price-sensitive.
23479,WIRE EGG BASKET ,General,-11.2584,Highly Elastic,7.684,7.0017,-8.88,LOWER_PRICE,91.09,36.44,LOW,0.1427,True,8.64,A 1% price increase leads to a 11.26% decrease in demand. Highly price-sensitive.
21190,Unknown,General,-11.1897,Highly Elastic,1.6079,1.4642,-8.94,LOWER_PRICE,91.1,36.44,LOW,0.1299,True,11.41,A 1% price increase leads to a 11.19% decrease in demand. Highly price-sensitive.
79160,HEART SHAPE WIRELESS DOORBELL,General,-11.0722,Highly Elastic,2.0361,1.8522,-9.03,LOWER_PRICE,90.95,36.38,MEDIUM,0.2111,True,9.39,A 1% price increase leads to a 11.07% decrease in demand. Highly price-sensitive.
85123A,CREAM HANGING HEART T-LIGHT HOLDER,General,-10.9986,Highly Elastic,2.8781,2.6165,-9.09,LOWER_PRICE,90.89,36.36,LOW,0.0892,True,37.21,A 1% price increase leads to a 11.0% decrease in demand. Highly price-sensitive.
22871,NUMBER TILE COTTAGE GARDEN 3 ,General,-10.9863,Highly Elastic,1.9643,1.7855,-9.1,LOWER_PRICE,90.88,36.35,LOW,0.1165,False,9.38,A 1% price increase leads to a 10.99% decrease in demand. Highly price-sensitive.
21137,Unknown,General,-10.8158,Highly Elastic,3.6132,3.279,-9.25,LOWER_PRICE,90.8,36.32,LOW,0.1012,True,21.57,A 1% price increase leads to a 10.82% decrease in demand. Highly price-sensitive.
20794,BLUE  TILE HOOK,General,-10.7611,Highly Elastic,2.5421,2.3059,-9.29,LOWER_PRICE,90.68,36.27,LOW,0.1113,True,8.28,A 1% price increase leads to a 10.76% decrease in demand. Highly price-sensitive.
20735,Unknown,General,-10.6894,Highly Elastic,0.8396,0.761,-9.36,LOWER_PRICE,90.69,36.28,LOW,0.1224,True,9.0,A 1% price increase leads to a 10.69% decrease in demand. Highly price-sensitive.
20798,Unknown,General,-10.6836,Highly Elastic,2.0944,1.8984,-9.36,LOWER_PRICE,90.64,36.26,LOW,0.0647,False,8.38,A 1% price increase leads to a 10.68% decrease in demand. Highly price-sensitive.
90063B,BLACK VINT ART DEC CRYSTAL NECKLACE,General,-10.6638,Highly Elastic,8.52,7.7208,-9.38,LOWER_PRICE,90.65,36.26,LOW,0.1009,False,7.57,A 1% price increase leads to a 10.66% decrease in demand. Highly price-sensitive.
21106,CREAM SLICE FLANNEL CHOCOLATE SPOT ,General,-10.6527,Highly Elastic,2.8657,2.5966,-9.39,LOWER_PRICE,90.64,36.26,MEDIUM,0.185,True,8.43,A 1% price increase leads to a 10.65% decrease in demand. Highly price-sensitive.
21188,3D HEARTS  HONEYCOMB PAPER GARLAND,General,-10.6441,Highly Elastic,2.9218,2.6474,-9.39,LOWER_PRICE,90.56,36.22,LOW,0.1168,True,9.56,A 1% price increase leads to a 10.64% decrease in demand. Highly price-sensitive.
16254,TRANSPARENT ACRYLIC TAPE DISPENSER,General,-10.4627,Highly Elastic,0.8506,0.7693,-9.56,LOWER_PRICE,90.46,36.18,LOW,0.0657,False,9.44,A 1% price increase leads to a 10.46% decrease in demand. Highly price-sensitive.
23046,PAPER LANTERN 9 POINT DELUXE STAR,General,-10.4541,Highly Elastic,6.6075,5.9752,-9.57,LOWER_PRICE,90.48,36.19,LOW,0.0871,True,12.46,A 1% price increase leads to a 10.45% decrease in demand. Highly price-sensitive.
21804,dotcom,General,-10.4203,Highly Elastic,3.7166,3.3598,-9.6,LOWER_PRICE,90.43,36.17,LOW,0.1159,True,7.65,A 1% price increase leads to a 10.42% decrease in demand. Highly price-sensitive.
84800S,SMALL WHITE/PINK ROSE ART FLOWER,General,-10.2862,Highly Elastic,1.1986,1.0821,-9.72,LOWER_PRICE,90.26,36.1,MEDIUM,0.1801,False,9.29,A 1% price increase leads to a 10.29% decrease in demand. Highly price-sensitive.
23459,DOLLY CABINET 2 DRAWERS ,General,-10.2157,Highly Elastic,12.5259,11.2996,-9.79,LOWER_PRICE,90.22,36.09,LOW,0.0475,False,6.56,A 1% price increase leads to a 10.22% decrease in demand. Highly price-sensitive.
22820,GIFT BAG BIRTHDAY,General,-10.1848,Highly Elastic,0.6566,0.5921,-9.82,LOWER_PRICE,90.19,36.08,LOW,0.0871,True,9.22,A 1% price increase leads to a 10.18% decrease in demand. Highly price-sensitive.
20902,check,General,-10.1834,Highly Elastic,6.1954,5.587,-9.82,LOWER_PRICE,90.18,36.07,MEDIUM,0.1831,True,6.35,A 1% price increase leads to a 10.18% decrease in demand. Highly price-sensitive.
21357,Unknown,General,-10.0776,Highly Elastic,1.2331,1.1108,-9.92,LOWER_PRICE,90.05,36.02,LOW,0.1099,False,5.69,A 1% price increase leads to a 10.08% decrease in demand. Highly price-sensitive.
79302M,Unknown,General,-10.0615,Highly Elastic,2.8361,2.5542,-9.94,LOWER_PRICE,90.07,36.03,LOW,0.1368,True,9.2,A 1% price increase leads to a 10.06% decrease in demand. Highly price-sensitive.
44235,ASSORTED COLOURED CIRCLE MOBILE ,General,-9.8781,Highly Elastic,0.4122,0.3705,-10.12,LOWER_PRICE,89.85,35.94,LOW,0.0833,False,19.55,A 1% price increase leads to a 9.88% decrease in demand. Highly price-sensitive.
22651,GENTLEMAN SHIRT REPAIR KIT ,General,-9.7824,Highly Elastic,0.8392,0.7534,-10.22,LOWER_PRICE,89.76,35.9,LOW,0.0956,True,14.27,A 1% price increase leads to a 9.78% decrease in demand. Highly price-sensitive.
23251,ENAMEL MUG PANTRY,General,-9.7657,Highly Elastic,1.2318,1.1057,-10.24,LOWER_PRICE,89.76,35.9,LOW,0.1014,True,10.14,A 1% price increase leads to a 9.77% decrease in demand. Highly price-sensitive.
17107D,FLOWER FAIRY 5 SUMMER DRAW LINERS,General,-9.7547,Highly Elastic,2.5538,2.292,-10.25,LOWER_PRICE,89.74,35.9,LOW,0.0795,True,9.58,A 1% price increase leads to a 9.75% decrease in demand. Highly price-sensitive.
35653,Unknown,General,-9.6994,Highly Elastic,2.9528,2.6484,-10.31,LOWER_PRICE,89.69,35.88,LOW,0.0466,False,10.11,A 1% price increase leads to a 9.7% decrease in demand. Highly price-sensitive.
84859B,BLUE DISCO HANDBAG,General,-9.6752,Highly Elastic,1.975,1.7708,-10.34,LOWER_PRICE,89.7,35.88,LOW,0.0298,False,12.75,A 1% price increase leads to a 9.68% decrease in demand. Highly price-sensitive.
84600,NEW BAROQUE JEWELLERY BOX ,General,-9.6577,Highly Elastic,7.9557,7.1323,-10.35,LOWER_PRICE,89.61,35.84,LOW,0.0556,False,8.05,A 1% price increase leads to a 9.66% decrease in demand. Highly price-sensitive.
23483,HANGING  BUTTERFLY T-LIGHT HOLDER,General,-9.6356,Highly Elastic,1.2264,1.0991,-10.38,LOWER_PRICE,89.64,35.86,LOW,0.1135,True,12.57,A 1% price increase leads to a 9.64% decrease in demand. Highly price-sensitive.
21644,check,General,-9.607,Highly Elastic,1.2538,1.1233,-10.41,LOWER_PRICE,89.6,35.84,LOW,0.0882,True,8.74,A 1% price increase leads to a 9.61% decrease in demand. Highly price-sensitive.
35004B,SET OF 3 BLACK FLYING DUCKS,General,-9.5327,Highly Elastic,5.1235,4.586,-10.49,LOWER_PRICE,89.51,35.8,MEDIUM,0.1958,True,8.92,A 1% price increase leads to a 9.53% decrease in demand. Highly price-sensitive.
84584,Unknown,General,-9.5321,Highly Elastic,2.55,2.2825,-10.49,LOWER_PRICE,89.5,35.8,LOW,0.0688,False,6.79,A 1% price increase leads to a 9.53% decrease in demand. Highly price-sensitive.
23527,WALL ART ANIMALS AND NATURE ,General,-9.489,Highly Elastic,3.6665,3.2801,-10.54,LOWER_PRICE,89.47,35.79,LOW,0.1427,True,10.29,A 1% price increase leads to a 9.49% decrease in demand. Highly price-sensitive.
84226,Unknown,General,-9.4677,Highly Elastic,0.7986,0.7143,-10.56,LOWER_PRICE,89.42,35.77,HIGH,0.3233,True,11.82,A 1% price increase leads to a 9.47% decrease in demand. Highly price-sensitive.
37444B,Unknown,General,-9.4508,Highly Elastic,2.916,2.6075,-10.58,LOWER_PRICE,89.41,35.76,LOW,0.0471,False,7.4,A 1% price increase leads to a 9.45% decrease in demand. Highly price-sensitive.
22353,Unknown,General,-9.4473,Highly Elastic,2.5513,2.2811,-10.59,LOWER_PRICE,89.46,35.78,LOW,0.0532,False,6.88,A 1% price increase leads to a 9.45% decrease in demand. Highly price-sensitive.
84077,WORLD WAR 2 GLIDERS ASSTD DESIGNS,General,-9.4448,Highly Elastic,0.2896,0.2589,-10.59,LOWER_PRICE,89.43,35.77,LOW,0.1109,True,42.18,A 1% price increase leads to a 9.44% decrease in demand. Highly price-sensitive.
23136,IVORY WIRE SWEETHEART LETTER TRAY,General,-9.435,Highly Elastic,3.7106,3.3173,-10.6,LOWER_PRICE,89.41,35.76,LOW,0.0861,True,10.79,A 1% price increase leads to a 9.44% decrease in demand. Highly price-sensitive.
22236,CAKE STAND 3 TIER MAGIC GARDEN,General,-9.4159,Highly Elastic,12.2719,10.9686,-10.62,LOWER_PRICE,89.38,35.75,LOW,0.1384,True,7.46,A 1% price increase leads to a 9.42% decrease in demand. Highly price-sensitive.
23310,BUBBLEGUM RING ASSORTED,General,-9.3795,Highly Elastic,0.4293,0.3835,-10.66,LOWER_PRICE,89.33,35.73,LOW,0.0632,True,18.57,A 1% price increase leads to a 9.38% decrease in demand. Highly price-sensitive.
20886,Unknown,General,-9.3788,Highly Elastic,1.9371,1.7306,-10.66,LOWER_PRICE,89.32,35.73,LOW,0.0861,True,9.14,A 1% price increase leads to a 9.38% decrease in demand. Highly price-sensitive.
85099B,JUMBO BAG RED RETROSPOT,General,-9.3674,Highly Elastic,2.0052,1.791,-10.68,LOWER_PRICE,89.36,35.74,LOW,0.0745,True,36.87,A 1% price increase leads to a 9.37% decrease in demand. Highly price-sensitive.
21026,SPACE OWL,General,-9.3564,Highly Elastic,1.2339,1.102,-10.69,LOWER_PRICE,89.33,35.73,LOW,0.0839,True,7.93,A 1% price increase leads to a 9.36% decrease in demand. Highly price-sensitive.
85208,check,General,-9.2896,Highly Elastic,2.0761,1.8527,-10.76,LOWER_PRICE,89.2,35.68,LOW,0.0858,True,9.0,A 1% price increase leads to a 9.29% decrease in demand. Highly price-sensitive.
22833,Unknown,General,-9.2833,Highly Elastic,45.3916,40.5029,-10.77,LOWER_PRICE,89.21,35.68,HIGH,0.4333,True,10.4,A 1% price increase leads to a 9.28% decrease in demand. Highly price-sensitive.
17096,Unknown,General,-9.2757,Highly Elastic,0.1996,0.1781,-10.78,LOWER_PRICE,89.21,35.68,LOW,0.0894,False,77.93,A 1% price increase leads to a 9.28% decrease in demand. Highly price-sensitive.
90198A,VINTAGE ROSE BEAD BRACELET RASPBERR,General,-9.1972,Highly Elastic,4.2708,3.8066,-10.87,LOWER_PRICE,89.1,35.64,LOW,0.1424,False,6.75,A 1% price increase leads to a 9.2% decrease in demand. Highly price-sensitive.
23022,SMALL BONNE JAM JAR  T-LIGHT HOLDER,General,-9.1868,Highly Elastic,2.0297,1.8087,-10.89,LOWER_PRICE,89.15,35.66,LOW,0.0965,False,11.49,A 1% price increase leads to a 9.19% decrease in demand. Highly price-sensitive.
71459,HANGING JAM JAR T-LIGHT HOLDERS,General,-9.0817,Highly Elastic,0.8231,0.7325,-11.01,LOWER_PRICE,88.98,35.59,LOW,0.089,True,19.63,A 1% price increase leads to a 9.08% decrease in demand. Highly price-sensitive.
84989A,Unknown,General,-9.0766,Highly Elastic,0.5482,0.4878,-11.02,LOWER_PRICE,89.0,35.6,LOW,0.0516,False,8.33,A 1% price increase leads to a 9.08% decrease in demand. Highly price-sensitive.
23157,check,General,-9.0238,Highly Elastic,2.1341,1.8976,-11.08,LOWER_PRICE,88.9,35.56,LOW,0.077,True,13.12,A 1% price increase leads to a 9.02% decrease in demand. Highly price-sensitive.
37476,Unknown,General,-8.9869,Highly Elastic,9.5773,8.5113,-11.13,LOWER_PRICE,88.89,35.56,LOW,0.0949,False,7.74,A 1% price increase leads to a 8.99% decrease in demand. Highly price-sensitive.
40003,Unknown,General,-8.9478,Highly Elastic,1.1912,1.058,-11.18,LOWER_PRICE,88.86,35.54,MEDIUM,0.2006,True,12.17,A 1% price increase leads to a 8.95% decrease in demand. Highly price-sensitive.
85163A,WHITE BAROQUE WALL CLOCK ,General,-8.9137,Highly Elastic,12.755,11.3239,-11.22,LOWER_PRICE,88.79,35.52,LOW,0.0531,False,8.59,A 1% price increase leads to a 8.91% decrease in demand. Highly price-sensitive.
84459B,Unknown,General,-8.8984,Highly Elastic,1.4927,1.3249,-11.24,LOWER_PRICE,88.78,35.51,LOW,0.0561,True,9.08,A 1% price increase leads to a 8.9% decrease in demand. Highly price-sensitive.
35004C,Unknown,General,-8.7984,Highly Elastic,5.2752,4.6754,-11.37,LOWER_PRICE,88.67,35.47,LOW,0.113,True,9.22,A 1% price increase leads to a 8.8% decrease in demand. Highly price-sensitive.
85099F,Unknown,General,-8.7447,Highly Elastic,1.9963,1.7679,-11.44,LOWER_PRICE,88.6,35.44,LOW,0.0909,True,20.13,A 1% price increase leads to a 8.74% decrease in demand. Highly price-sensitive.
90184C,BLACK CHUNKY BEAD BRACELET W STRAP,General,-8.7338,Highly Elastic,8.8868,7.8693,-11.45,LOWER_PRICE,88.55,35.42,LOW,0.0645,False,6.1,A 1% price increase leads to a 8.73% decrease in demand. Highly price-sensitive.
21846,PINK DIAMANTE PEN IN GIFT BOX,General,-8.7054,Highly Elastic,4.84,4.2839,-11.49,LOWER_PRICE,88.54,35.42,LOW,0.0684,False,9.47,A 1% price increase leads to a 8.71% decrease in demand. Highly price-sensitive.
84946,ANTIQUE SILVER T-LIGHT GLASS,General,-8.6571,Highly Elastic,1.2317,1.0894,-11.55,LOWER_PRICE,88.44,35.38,LOW,0.0716,True,21.18,A 1% price increase leads to a 8.66% decrease in demand. Highly price-sensitive.
21864,UNION JACK FLAG PASSPORT COVER ,General,-8.6568,Highly Elastic,2.074,1.8345,-11.55,LOWER_PRICE,88.44,35.38,LOW,0.0811,True,10.67,A 1% price increase leads to a 8.66% decrease in demand. Highly price-sensitive.
22103,MIRROR MOSAIC T-LIGHT HOLDER ROUND,General,-8.6516,Highly Elastic,1.6174,1.4304,-11.56,LOWER_PRICE,88.45,35.38,LOW,0.0724,False,12.41,A 1% price increase leads to a 8.65% decrease in demand. Highly price-sensitive.
21657,MILK BOTTLE WITH GLASS STOPPER ,General,-8.6316,Highly Elastic,6.9494,6.144,-11.59,LOWER_PRICE,88.45,35.38,LOW,0.0839,False,6.62,A 1% price increase leads to a 8.63% decrease in demand. Highly price-sensitive.
23523,WALL ART TREASURE AHOY ,General,-8.6301,Highly Elastic,3.6565,3.2327,-11.59,LOWER_PRICE,88.43,35.37,LOW,0.1093,True,10.75,A 1% price increase leads to a 8.63% decrease in demand. Highly price-sensitive.
22710,WRAP I LOVE LONDON ,General,-8.6272,Highly Elastic,0.4173,0.3689,-11.59,LOWER_PRICE,88.4,35.36,LOW,0.0649,True,15.72,A 1% price increase leads to a 8.63% decrease in demand. Highly price-sensitive.
22688,Unknown,General,-8.6225,Highly Elastic,7.9413,7.0201,-11.6,LOWER_PRICE,88.42,35.37,LOW,0.1031,True,8.02,A 1% price increase leads to a 8.62% decrease in demand. Highly price-sensitive.
84051,ASS COLOUR GLOWING TIARAS,General,-8.5951,Highly Elastic,0.8261,0.73,-11.63,LOWER_PRICE,88.33,35.33,MEDIUM,0.1612,True,9.89,A 1% price increase leads to a 8.6% decrease in demand. Highly price-sensitive.
22882,NUMBER TILE VINTAGE FONT 3,General,-8.584,Highly Elastic,1.8026,1.5926,-11.65,LOWER_PRICE,88.35,35.34,MEDIUM,0.2042,True,7.82,A 1% price increase leads to a 8.58% decrease in demand. Highly price-sensitive.
16156L,WRAP CAROUSEL,General,-8.5647,Highly Elastic,0.4193,0.3703,-11.68,LOWER_PRICE,88.36,35.34,LOW,0.0541,False,13.22,A 1% price increase leads to a 8.56% decrease in demand. Highly price-sensitive.
85064,Unknown,General,-8.5557,Highly Elastic,5.3631,4.7362,-11.69,LOWER_PRICE,88.33,35.33,MEDIUM,0.172,True,11.24,A 1% price increase leads to a 8.56% decrease in demand. Highly price-sensitive.
22779,WOODEN OWLS LIGHT GARLAND ,General,-8.5203,Highly Elastic,4.1662,3.6771,-11.74,LOWER_PRICE,88.29,35.32,LOW,0.0959,True,11.97,A 1% price increase leads to a 8.52% decrease in demand. Highly price-sensitive.
72131,COLUMBIAN CANDLE RECTANGLE,General,-8.5066,Highly Elastic,1.9042,1.6803,-11.76,LOWER_PRICE,88.28,35.31,LOW,0.0734,False,8.86,A 1% price increase leads to a 8.51% decrease in demand. Highly price-sensitive.
22935,BAKING MOULD ROSE MILK CHOCOLATE,General,-8.4788,Highly Elastic,3.1229,2.7547,-11.79,LOWER_PRICE,88.18,35.27,LOW,0.1116,True,10.54,A 1% price increase leads to a 8.48% decrease in demand. Highly price-sensitive.
22560,TRADITIONAL MODELLING CLAY,General,-8.47,Highly Elastic,1.254,1.1059,-11.81,LOWER_PRICE,88.22,35.29,LOW,0.0846,True,17.61,A 1% price increase leads to a 8.47% decrease in demand. Highly price-sensitive.
22988,Unknown,General,-8.467,Highly Elastic,1.2532,1.1052,-11.81,LOWER_PRICE,88.19,35.28,LOW,0.0719,True,14.62,A 1% price increase leads to a 8.47% decrease in demand. Highly price-sensitive.
20763,DAISY SKETCHBOOK ,General,-8.4559,Highly Elastic,3.7459,3.3028,-11.83,LOWER_PRICE,88.2,35.28,LOW,0.0482,False,8.77,A 1% price increase leads to a 8.46% decrease in demand. Highly price-sensitive.
90175A,WHITE GLASS CHUNKY CHARM BRACELET,General,-8.4463,Highly Elastic,8.9077,7.853,-11.84,LOWER_PRICE,88.16,35.26,LOW,0.0583,False,9.88,A 1% price increase leads to a 8.45% decrease in demand. Highly price-sensitive.
21333,CLASSIC WHITE FRAME,General,-8.4272,Highly Elastic,2.9536,2.603,-11.87,LOWER_PRICE,88.16,35.26,LOW,0.0947,True,7.36,A 1% price increase leads to a 8.43% decrease in demand. Highly price-sensitive.
23309,SET OF 60 I LOVE LONDON CAKE CASES ,General,-8.4206,Highly Elastic,0.5591,0.4927,-11.88,LOWER_PRICE,88.16,35.26,LOW,0.1187,True,17.74,A 1% price increase leads to a 8.42% decrease in demand. Highly price-sensitive.
22073,Unknown,General,-8.3939,Highly Elastic,3.6803,3.242,-11.91,LOWER_PRICE,88.06,35.22,LOW,0.0877,True,8.5,A 1% price increase leads to a 8.39% decrease in demand. Highly price-sensitive.
23421,PANTRY HOOK SPATULA,General,-8.363,Highly Elastic,2.0648,1.8178,-11.96,LOWER_PRICE,88.06,35.22,LOW,0.0389,False,9.33,A 1% price increase leads to a 8.36% decrease in demand. Highly price-sensitive.
20677,PINK POLKADOT BOWL,General,-8.3438,Highly Elastic,1.2287,1.0815,-11.98,LOWER_PRICE,87.98,35.19,LOW,0.1021,True,12.89,A 1% price increase leads to a 8.34% decrease in demand. Highly price-sensitive.
47599B,BLUE PARTY BAGS ,General,-8.3437,Highly Elastic,2.0682,1.8202,-11.99,LOWER_PRICE,88.05,35.22,LOW,0.0978,True,11.68,A 1% price increase leads to a 8.34% decrease in demand. Highly price-sensitive.
21694,SMALL REGAL  SILVER CANDLEPOT ,General,-8.3185,Highly Elastic,2.9185,2.5677,-12.02,LOWER_PRICE,87.97,35.19,LOW,0.0755,False,10.53,A 1% price increase leads to a 8.32% decrease in demand. Highly price-sensitive.
23039,T-LIGHT HOLDER SILVER HEART HANDLE,General,-8.3148,Highly Elastic,1.9609,1.725,-12.03,LOWER_PRICE,88.0,35.2,LOW,0.0428,False,7.97,A 1% price increase leads to a 8.31% decrease in demand. Highly price-sensitive.
21192,wrongly marked,General,-8.3064,Highly Elastic,1.6244,1.4288,-12.04,LOWER_PRICE,87.97,35.19,LOW,0.0762,True,11.89,A 1% price increase leads to a 8.31% decrease in demand. Highly price-sensitive.
23566,EGG CUP MILKMAID HEIDI,General,-8.2896,Highly Elastic,1.2336,1.0848,-12.06,LOWER_PRICE,87.91,35.16,LOW,0.0823,True,11.13,A 1% price increase leads to a 8.29% decrease in demand. Highly price-sensitive.
21977,PACK OF 60 PINK PAISLEY CAKE CASES,General,-8.2781,Highly Elastic,0.55,0.4836,-12.08,LOWER_PRICE,87.92,35.17,LOW,0.0828,True,20.55,A 1% price increase leads to a 8.28% decrease in demand. Highly price-sensitive.
84360,TABLE LAMP WHITE SHADE WOOD BASE,General,-8.273,Highly Elastic,5.6124,4.9339,-12.09,LOWER_PRICE,87.93,35.17,MEDIUM,0.2691,True,7.29,A 1% price increase leads to a 8.27% decrease in demand. Highly price-sensitive.
84212,"ASSORTED FLOWER COLOUR ""LEIS""",General,-8.2704,Highly Elastic,0.6076,0.5341,-12.09,LOWER_PRICE,87.9,35.16,MEDIUM,0.2419,True,32.49,A 1% price increase leads to a 8.27% decrease in demand. Highly price-sensitive.
23167,SMALL CERAMIC TOP STORAGE JAR ,General,-8.2652,Highly Elastic,0.8203,0.721,-12.1,LOWER_PRICE,87.91,35.16,LOW,0.0824,True,18.78,A 1% price increase leads to a 8.27% decrease in demand. Highly price-sensitive.
15044D,RED PAPER PARASOL,General,-8.2526,Highly Elastic,2.9072,2.5548,-12.12,LOWER_PRICE,87.9,35.16,LOW,0.0741,True,10.03,A 1% price increase leads to a 8.25% decrease in demand. Highly price-sensitive.
47422,ASSORTED MONKEY SUCTION CUP HOOK,General,-8.2495,Highly Elastic,0.4144,0.3642,-12.12,LOWER_PRICE,87.86,35.14,LOW,0.0564,True,11.59,A 1% price increase leads to a 8.25% decrease in demand. Highly price-sensitive.
85216,ASSORTED CAKES FRIDGE MAGNETS,General,-8.2477,Highly Elastic,0.6519,0.5729,-12.12,LOWER_PRICE,87.84,35.14,LOW,0.0888,False,9.25,A 1% price increase leads to a 8.25% decrease in demand. Highly price-sensitive.
21066,VINTAGE RED MUG,General,-8.2277,Highly Elastic,1.2141,1.0666,-12.15,LOWER_PRICE,87.82,35.13,MEDIUM,0.159,True,13.27,A 1% price increase leads to a 8.23% decrease in demand. Highly price-sensitive.
84997B,CHILDRENS CUTLERY RETROSPOT RED ,General,-8.1924,Highly Elastic,3.9942,3.5065,-12.21,LOWER_PRICE,87.82,35.13,LOW,0.0668,True,12.55,A 1% price increase leads to a 8.19% decrease in demand. Highly price-sensitive.
35819B,check,General,-8.1613,Highly Elastic,0.3816,0.3349,-12.25,LOWER_PRICE,87.73,35.09,LOW,0.0547,False,12.29,A 1% price increase leads to a 8.16% decrease in demand. Highly price-sensitive.
22101,MIRROR MOSAIC VOTIVE HOLDER,General,-8.158,Highly Elastic,2.0779,1.8231,-12.26,LOWER_PRICE,87.76,35.1,LOW,0.0687,True,7.96,A 1% price increase leads to a 8.16% decrease in demand. Highly price-sensitive.
75131,Unknown,General,-8.1519,Highly Elastic,1.5848,1.3903,-12.27,LOWER_PRICE,87.75,35.1,HIGH,0.3166,True,17.83,A 1% price increase leads to a 8.15% decrease in demand. Highly price-sensitive.
84945,MULTI COLOUR SILVER T-LIGHT HOLDER,General,-8.1093,Highly Elastic,0.8454,0.7412,-12.33,LOWER_PRICE,87.66,35.06,LOW,0.0542,True,19.12,A 1% price increase leads to a 8.11% decrease in demand. Highly price-sensitive.
84859A,SILVER DISCO HANDBAG,General,-8.0623,Highly Elastic,1.952,1.71,-12.4,LOWER_PRICE,87.57,35.03,LOW,0.07,False,6.81,A 1% price increase leads to a 8.06% decrease in demand. Highly price-sensitive.
22386,JUMBO BAG PINK POLKADOT,General,-8.0536,Highly Elastic,2.0101,1.7604,-12.42,LOWER_PRICE,87.61,35.04,LOW,0.0612,True,22.96,A 1% price increase leads to a 8.05% decrease in demand. Highly price-sensitive.
22887,NUMBER TILE VINTAGE FONT 8,General,-8.0343,Highly Elastic,1.6456,1.4407,-12.45,LOWER_PRICE,87.58,35.03,HIGH,0.3709,True,9.22,A 1% price increase leads to a 8.03% decrease in demand. Highly price-sensitive.
20657,TROPICAL LUGGAGE TAG,General,-8.0123,Highly Elastic,1.2322,1.0784,-12.48,LOWER_PRICE,87.51,35.0,LOW,0.0665,True,9.14,A 1% price increase leads to a 8.01% decrease in demand. Highly price-sensitive.
21504,Unknown,General,-8.0121,Highly Elastic,0.4157,0.3638,-12.48,LOWER_PRICE,87.51,35.0,LOW,0.0622,True,12.78,A 1% price increase leads to a 8.01% decrease in demand. Highly price-sensitive.
62018,SOMBRERO ,General,-8.0119,Highly Elastic,1.8401,1.6105,-12.48,LOWER_PRICE,87.51,35.0,MEDIUM,0.2767,True,21.32,A 1% price increase leads to a 8.01% decrease in demand. Highly price-sensitive.
23149,ANTIQUE IVORY WIRE BOWL SMALL,General,-7.9982,Highly Elastic,2.5027,2.1899,-12.5,LOWER_PRICE,87.48,34.99,LOW,0.0688,False,8.0,A 1% price increase leads to a 8.0% decrease in demand. Highly price-sensitive.
16248B,Unknown,General,-7.9745,Highly Elastic,1.2483,1.0918,-12.54,LOWER_PRICE,87.46,34.98,LOW,0.0451,False,7.94,A 1% price increase leads to a 7.97% decrease in demand. Highly price-sensitive.
20759,Unknown,General,-7.9621,Highly Elastic,0.8486,0.742,-12.56,LOWER_PRICE,87.44,34.98,LOW,0.0425,False,8.24,A 1% price increase leads to a 7.96% decrease in demand. Highly price-sensitive.
21643,damaged,General,-7.9511,Highly Elastic,1.2318,1.0768,-12.58,LOWER_PRICE,87.44,34.98,LOW,0.0656,True,10.35,A 1% price increase leads to a 7.95% decrease in demand. Highly price-sensitive.
23529,WALL ART DOLLY GIRL ,General,-7.9495,Highly Elastic,3.626,3.1698,-12.58,LOWER_PRICE,87.42,34.97,LOW,0.107,True,14.04,A 1% price increase leads to a 7.95% decrease in demand. Highly price-sensitive.
37495,FAIRY CAKE BIRTHDAY CANDLE SET,General,-7.9467,Highly Elastic,3.6721,3.2101,-12.58,LOWER_PRICE,87.39,34.96,LOW,0.094,True,10.58,A 1% price increase leads to a 7.95% decrease in demand. Highly price-sensitive.
23538,WALL ART VINTAGE HEART,General,-7.9463,Highly Elastic,4.8059,4.2013,-12.58,LOWER_PRICE,87.38,34.95,LOW,0.1422,True,12.06,A 1% price increase leads to a 7.95% decrease in demand. Highly price-sensitive.
82613A,Amazon,General,-7.9305,Highly Elastic,1.259,1.1002,-12.61,LOWER_PRICE,87.39,34.96,LOW,0.0508,False,6.76,A 1% price increase leads to a 7.93% decrease in demand. Highly price-sensitive.
20857,Unknown,General,-7.8779,Highly Elastic,1.6486,1.4394,-12.69,LOWER_PRICE,87.28,34.91,LOW,0.0407,False,9.5,A 1% price increase leads to a 7.88% decrease in demand. Highly price-sensitive.
21703,BAG 125g SWIRLY MARBLES,General,-7.8621,Highly Elastic,0.4257,0.3716,-12.72,LOWER_PRICE,87.29,34.92,LOW,0.1092,True,21.31,A 1% price increase leads to a 7.86% decrease in demand. Highly price-sensitive.
75049L,LARGE CIRCULAR MIRROR MOBILE,General,-7.843,Highly Elastic,1.1129,0.971,-12.75,LOWER_PRICE,87.25,34.9,MEDIUM,0.2972,True,20.52,A 1% price increase leads to a 7.84% decrease in demand. Highly price-sensitive.
22337,ANGEL DECORATION PAINTED ZINC ,General,-7.8369,Highly Elastic,0.6945,0.6059,-12.76,LOWER_PRICE,87.24,34.9,MEDIUM,0.168,True,14.06,A 1% price increase leads to a 7.84% decrease in demand. Highly price-sensitive.
21054,Unknown,General,-7.8197,Highly Elastic,8.9152,7.7749,-12.79,LOWER_PRICE,87.22,34.89,LOW,0.033,False,6.44,A 1% price increase leads to a 7.82% decrease in demand. Highly price-sensitive.
22039,BOTANICAL LILY GIFT WRAP,General,-7.8181,Highly Elastic,0.4194,0.3658,-12.79,LOWER_PRICE,87.2,34.88,LOW,0.049,False,12.94,A 1% price increase leads to a 7.82% decrease in demand. Highly price-sensitive.
21107,CREAM SLICE FLANNEL PINK SPOT ,General,-7.8156,Highly Elastic,2.8955,2.5252,-12.79,LOWER_PRICE,87.17,34.87,LOW,0.0732,True,11.72,A 1% price increase leads to a 7.82% decrease in demand. Highly price-sensitive.
22863,Unknown,General,-7.8122,Highly Elastic,2.9329,2.5575,-12.8,LOWER_PRICE,87.2,34.88,LOW,0.0586,True,9.43,A 1% price increase leads to a 7.81% decrease in demand. Highly price-sensitive.
51008,Unknown,General,-7.7714,Highly Elastic,3.3975,2.9602,-12.87,LOWER_PRICE,87.15,34.86,LOW,0.0541,False,11.81,A 1% price increase leads to a 7.77% decrease in demand. Highly price-sensitive.
23019,SMALL APOTHECARY MEASURING JAR ,General,-7.7691,Highly Elastic,8.1156,7.0711,-12.87,LOWER_PRICE,87.12,34.85,LOW,0.0683,True,7.5,A 1% price increase leads to a 7.77% decrease in demand. Highly price-sensitive.
23297,SET 40 HEART SHAPE PETIT FOUR CASES,General,-7.76,Highly Elastic,1.6284,1.4185,-12.89,LOWER_PRICE,87.14,34.86,LOW,0.0465,True,15.53,A 1% price increase leads to a 7.76% decrease in demand. Highly price-sensitive.
21588,RETROSPOT GIANT TUBE MATCHES,General,-7.7478,Highly Elastic,2.5212,2.1957,-12.91,LOWER_PRICE,87.11,34.84,LOW,0.065,True,11.05,A 1% price increase leads to a 7.75% decrease in demand. Highly price-sensitive.
21212,PACK OF 72 RETROSPOT CAKE CASES,General,-7.7459,Highly Elastic,0.5424,0.4724,-12.91,LOWER_PRICE,87.09,34.84,LOW,0.0793,True,28.56,A 1% price increase leads to a 7.75% decrease in demand. Highly price-sensitive.
22825,DECORATIVE PLANT POT WITH FRIEZE,General,-7.7422,Highly Elastic,7.8554,6.8405,-12.92,LOWER_PRICE,87.11,34.84,LOW,0.0659,True,8.54,A 1% price increase leads to a 7.74% decrease in demand. Highly price-sensitive.
84931B,BLUE SCOTTIE DOG W FLOWER PATTERN,General,-7.7053,Highly Elastic,2.5415,2.2116,-12.98,LOWER_PRICE,87.03,34.81,LOW,0.0645,False,8.46,A 1% price increase leads to a 7.71% decrease in demand. Highly price-sensitive.
22780,LIGHT GARLAND BUTTERFILES PINK,General,-7.6988,Highly Elastic,4.1849,3.6413,-12.99,LOWER_PRICE,87.02,34.81,LOW,0.0774,True,10.7,A 1% price increase leads to a 7.7% decrease in demand. Highly price-sensitive.
22950,SET OF 36 VINTAGE CHRISTMAS DOILIES,General,-7.6952,Highly Elastic,1.4284,1.2427,-13.0,LOWER_PRICE,87.04,34.82,LOW,0.0537,True,17.56,A 1% price increase leads to a 7.7% decrease in demand. Highly price-sensitive.
23486,ANTIQUE HEART SHELF UNIT,General,-7.6943,Highly Elastic,16.2978,14.1791,-13.0,LOWER_PRICE,87.03,34.81,LOW,0.067,True,10.79,A 1% price increase leads to a 7.69% decrease in demand. Highly price-sensitive.
21704,BAG 250g SWIRLY MARBLES,General,-7.6877,Highly Elastic,0.8524,0.7415,-13.01,LOWER_PRICE,87.01,34.8,LOW,0.0841,True,14.65,A 1% price increase leads to a 7.69% decrease in demand. Highly price-sensitive.
23172,REGENCY TEA PLATE PINK,General,-7.6787,Highly Elastic,1.6459,1.4316,-13.02,LOWER_PRICE,86.96,34.78,LOW,0.0636,True,12.49,A 1% price increase leads to a 7.68% decrease in demand. Highly price-sensitive.
21586,Unknown,General,-7.6744,Highly Elastic,2.4745,2.1521,-13.03,LOWER_PRICE,86.97,34.79,LOW,0.0705,True,13.81,A 1% price increase leads to a 7.67% decrease in demand. Highly price-sensitive.
21915,John Lewis,General,-7.6591,Highly Elastic,1.2489,1.0858,-13.06,LOWER_PRICE,86.97,34.79,LOW,0.073,True,28.68,A 1% price increase leads to a 7.66% decrease in demand. Highly price-sensitive.
23355,HOT WATER BOTTLE KEEP CALM,General,-7.6523,Highly Elastic,4.8603,4.2251,-13.07,LOWER_PRICE,86.95,34.78,LOW,0.0479,True,16.12,A 1% price increase leads to a 7.65% decrease in demand. Highly price-sensitive.
15036,Unknown,General,-7.6343,Highly Elastic,0.8066,0.7009,-13.1,LOWER_PRICE,86.91,34.76,LOW,0.0501,True,28.94,A 1% price increase leads to a 7.63% decrease in demand. Highly price-sensitive.
23560,SET OF 6 RIBBONS COUNTRY STYLE,General,-7.634,Highly Elastic,2.8522,2.4786,-13.1,LOWER_PRICE,86.91,34.76,LOW,0.0974,True,9.13,A 1% price increase leads to a 7.63% decrease in demand. Highly price-sensitive.
85114A,BLACK ENCHANTED FOREST PLACEMAT,General,-7.621,Highly Elastic,1.6156,1.4036,-13.12,LOWER_PRICE,86.87,34.75,LOW,0.0639,True,11.66,A 1% price increase leads to a 7.62% decrease in demand. Highly price-sensitive.
21637,Unknown,General,-7.6009,Highly Elastic,1.2378,1.0749,-13.16,LOWER_PRICE,86.87,34.75,LOW,0.0469,False,9.17,A 1% price increase leads to a 7.6% decrease in demand. Highly price-sensitive.
21791,VINTAGE HEADS AND TAILS CARD GAME ,General,-7.5904,Highly Elastic,1.2521,1.0872,-13.17,LOWER_PRICE,86.8,34.72,LOW,0.0499,True,15.72,A 1% price increase leads to a 7.59% decrease in demand. Highly price-sensitive.
23598,PAPER BUNTING VINTAGE PARTY,General,-7.5818,Highly Elastic,2.8823,2.5021,-13.19,LOWER_PRICE,86.81,34.72,LOW,0.0844,True,9.84,A 1% price increase leads to a 7.58% decrease in demand. Highly price-sensitive.
84846A,Unknown,General,-7.5795,Highly Elastic,2.1093,1.8311,-13.19,LOWER_PRICE,86.78,34.71,LOW,0.0502,False,13.32,A 1% price increase leads to a 7.58% decrease in demand. Highly price-sensitive.
22175,PINK OWL SOFT TOY,General,-7.5428,Highly Elastic,2.9388,2.5491,-13.26,LOWER_PRICE,86.76,34.7,LOW,0.0484,True,10.11,A 1% price increase leads to a 7.54% decrease in demand. Highly price-sensitive.
20652,check,General,-7.5396,Highly Elastic,1.2482,1.0827,-13.26,LOWER_PRICE,86.72,34.69,LOW,0.054,False,8.43,A 1% price increase leads to a 7.54% decrease in demand. Highly price-sensitive.
22910,PAPER CHAIN KIT VINTAGE CHRISTMAS,General,-7.5361,Highly Elastic,2.9272,2.5388,-13.27,LOWER_PRICE,86.73,34.69,LOW,0.0479,True,19.21,A 1% price increase leads to a 7.54% decrease in demand. Highly price-sensitive.
84789,Unknown,General,-7.491,Highly Elastic,3.6796,3.1884,-13.35,LOWER_PRICE,86.65,34.66,LOW,0.0955,True,8.05,A 1% price increase leads to a 7.49% decrease in demand. Highly price-sensitive.
21445,Unknown,General,-7.4899,Highly Elastic,1.2494,1.0826,-13.35,LOWER_PRICE,86.64,34.66,LOW,0.0359,False,9.36,A 1% price increase leads to a 7.49% decrease in demand. Highly price-sensitive.
21201,???,General,-7.4739,Highly Elastic,2.4599,2.1308,-13.38,LOWER_PRICE,86.62,34.65,LOW,0.0812,True,12.27,A 1% price increase leads to a 7.47% decrease in demand. Highly price-sensitive.
22501,Found,General,-7.4671,Highly Elastic,9.6936,8.3956,-13.39,LOWER_PRICE,86.59,34.64,LOW,0.0576,True,10.73,A 1% price increase leads to a 7.47% decrease in demand. Highly price-sensitive.
21738,Unknown,General,-7.4465,Highly Elastic,2.9502,2.554,-13.43,LOWER_PRICE,86.58,34.63,LOW,0.0318,False,9.42,A 1% price increase leads to a 7.45% decrease in demand. Highly price-sensitive.
23120,PACK OF 6 SMALL FRUIT STRAWS,General,-7.4432,Highly Elastic,0.4175,0.3614,-13.44,LOWER_PRICE,86.6,34.64,LOW,0.05,True,12.8,A 1% price increase leads to a 7.44% decrease in demand. Highly price-sensitive.
23482,PEARLISED IVORY HEART LARGE ,General,-7.4397,Highly Elastic,1.6307,1.4115,-13.44,LOWER_PRICE,86.55,34.62,LOW,0.0649,False,7.37,A 1% price increase leads to a 7.44% decrease in demand. Highly price-sensitive.
23436,VINTAGE CHRISTMAS GIFT BAG LARGE ,General,-7.3767,Highly Elastic,1.24,1.0719,-13.56,LOWER_PRICE,86.47,34.59,LOW,0.0567,True,12.75,A 1% price increase leads to a 7.38% decrease in demand. Highly price-sensitive.
21080,SET/20 RED RETROSPOT PAPER NAPKINS ,General,-7.3746,Highly Elastic,0.8381,0.7245,-13.56,LOWER_PRICE,86.44,34.58,LOW,0.0563,True,17.86,A 1% price increase leads to a 7.37% decrease in demand. Highly price-sensitive.
21820,Unknown,General,-7.3627,Highly Elastic,3.7218,3.2164,-13.58,LOWER_PRICE,86.41,34.56,LOW,0.0439,True,9.35,A 1% price increase leads to a 7.36% decrease in demand. Highly price-sensitive.
22886,NUMBER TILE VINTAGE FONT 7,General,-7.3061,Highly Elastic,1.701,1.4681,-13.69,LOWER_PRICE,86.33,34.53,MEDIUM,0.2069,True,6.24,A 1% price increase leads to a 7.31% decrease in demand. Highly price-sensitive.
23021,GLASS BONNE JAM JAR,General,-7.3036,Highly Elastic,4.0852,3.5259,-13.69,LOWER_PRICE,86.3,34.52,LOW,0.0687,False,6.73,A 1% price increase leads to a 7.3% decrease in demand. Highly price-sensitive.
47594B,SCOTTIES DESIGN WASHBAG,General,-7.2632,Highly Elastic,1.9435,1.6759,-13.77,LOWER_PRICE,86.24,34.5,LOW,0.031,False,8.87,A 1% price increase leads to a 7.26% decrease in demand. Highly price-sensitive.
22536,MAGIC DRAWING SLATE PURDEY,General,-7.2294,Highly Elastic,0.41,0.3533,-13.83,LOWER_PRICE,86.15,34.46,LOW,0.0806,True,14.34,A 1% price increase leads to a 7.23% decrease in demand. Highly price-sensitive.
21943,CAKES AND RABBITS DESIGN FLANNEL ,General,-7.2178,Highly Elastic,0.8521,0.7341,-13.85,LOWER_PRICE,86.12,34.45,LOW,0.0394,False,6.68,A 1% price increase leads to a 7.22% decrease in demand. Highly price-sensitive.
23580,SNACK TRAY HAPPY FOREST  ,General,-7.2155,Highly Elastic,1.9445,1.675,-13.86,LOWER_PRICE,86.15,34.46,LOW,0.0515,False,10.58,A 1% price increase leads to a 7.22% decrease in demand. Highly price-sensitive.
90161D,ANT COPPER PINK BOUDICCA BRACELET,General,-7.1637,Highly Elastic,4.9652,4.2721,-13.96,LOWER_PRICE,86.05,34.42,LOW,0.0493,False,8.24,A 1% price increase leads to a 7.16% decrease in demand. Highly price-sensitive.
22533,check,General,-7.1578,Highly Elastic,0.4099,0.3526,-13.97,LOWER_PRICE,86.02,34.41,LOW,0.1018,True,10.42,A 1% price increase leads to a 7.16% decrease in demand. Highly price-sensitive.
17021,NAMASTE SWAGAT INCENSE,General,-7.1221,Highly Elastic,0.2863,0.2461,-14.04,LOWER_PRICE,85.95,34.38,LOW,0.0796,True,23.57,A 1% price increase leads to a 7.12% decrease in demand. Highly price-sensitive.
47421,ASSORTED COLOUR LIZARD SUCTION HOOK,General,-7.1123,Highly Elastic,0.4105,0.3528,-14.06,LOWER_PRICE,85.94,34.38,LOW,0.0579,True,11.87,A 1% price increase leads to a 7.11% decrease in demand. Highly price-sensitive.
21624,VINTAGE UNION JACK DOORSTOP,General,-7.1091,Highly Elastic,5.9177,5.0851,-14.07,LOWER_PRICE,85.96,34.38,LOW,0.0423,True,8.69,A 1% price increase leads to a 7.11% decrease in demand. Highly price-sensitive.
23481,PEARLISED IVORY HEART SMALL ,General,-7.0981,Highly Elastic,1.2299,1.0566,-14.09,LOWER_PRICE,85.92,34.37,LOW,0.0508,False,12.3,A 1% price increase leads to a 7.1% decrease in demand. Highly price-sensitive.
23293,SET OF 12 FAIRY CAKE BAKING CASES,General,-7.0746,Highly Elastic,0.8255,0.7088,-14.14,LOWER_PRICE,85.89,34.36,LOW,0.0379,True,15.96,A 1% price increase leads to a 7.07% decrease in demand. Highly price-sensitive.
22778,check,General,-7.0746,Highly Elastic,3.7454,3.2158,-14.14,LOWER_PRICE,85.89,34.36,LOW,0.0719,True,10.8,A 1% price increase leads to a 7.07% decrease in demand. Highly price-sensitive.
35922,Unknown,General,-7.066,Highly Elastic,4.9824,4.2774,-14.15,LOWER_PRICE,85.83,34.33,LOW,0.0452,False,8.1,A 1% price increase leads to a 7.07% decrease in demand. Highly price-sensitive.
90002D,Unknown,General,-7.06,Highly Elastic,3.7552,3.2235,-14.16,LOWER_PRICE,85.81,34.32,LOW,0.042,False,7.81,A 1% price increase leads to a 7.06% decrease in demand. Highly price-sensitive.
21380,WOODEN HAPPY BIRTHDAY GARLAND,General,-7.0574,Highly Elastic,2.9225,2.5084,-14.17,LOWER_PRICE,85.83,34.33,LOW,0.0461,True,11.67,A 1% price increase leads to a 7.06% decrease in demand. Highly price-sensitive.
22355,test,General,-7.0328,Highly Elastic,0.8444,0.7243,-14.22,LOWER_PRICE,85.79,34.32,LOW,0.0457,True,14.92,A 1% price increase leads to a 7.03% decrease in demand. Highly price-sensitive.
79321,Unknown,General,-7.0307,Highly Elastic,5.3507,4.5898,-14.22,LOWER_PRICE,85.76,34.3,LOW,0.0981,True,17.06,A 1% price increase leads to a 7.03% decrease in demand. Highly price-sensitive.
22087,Amazon,General,-7.0175,Highly Elastic,2.8859,2.4747,-14.25,LOWER_PRICE,85.75,34.3,LOW,0.0555,True,11.81,A 1% price increase leads to a 7.02% decrease in demand. Highly price-sensitive.
20713,wrongly coded 23343,General,-7.0015,Highly Elastic,2.0172,1.7291,-14.28,LOWER_PRICE,85.7,34.28,LOW,0.0614,True,16.36,A 1% price increase leads to a 7.0% decrease in demand. Highly price-sensitive.
23010,CIRCUS PARADE BABY GIFT SET,General,-6.9953,Highly Elastic,16.5631,14.1946,-14.3,LOWER_PRICE,85.73,34.29,LOW,0.0475,True,9.18,A 1% price increase leads to a 7.0% decrease in demand. Highly price-sensitive.
23071,damages,General,-6.9904,Highly Elastic,12.1433,10.4056,-14.31,LOWER_PRICE,85.72,34.29,LOW,0.0538,False,6.06,A 1% price increase leads to a 6.99% decrease in demand. Highly price-sensitive.
84968A,SET OF 16 VINTAGE ROSE CUTLERY,General,-6.9895,Highly Elastic,12.7023,10.8846,-14.31,LOWER_PRICE,85.71,34.28,LOW,0.0383,False,8.31,A 1% price increase leads to a 6.99% decrease in demand. Highly price-sensitive.
90145,SILVER HOOP EARRINGS WITH FLOWER,General,-6.9888,Highly Elastic,5.9085,5.063,-14.31,LOWER_PRICE,85.7,34.28,LOW,0.0445,False,4.1,A 1% price increase leads to a 6.99% decrease in demand. Highly price-sensitive.
22248,DECORATION  PINK CHICK MAGIC GARDEN,General,-6.9813,Highly Elastic,0.8373,0.7174,-14.32,LOWER_PRICE,85.65,34.26,LOW,0.0596,True,9.2,A 1% price increase leads to a 6.98% decrease in demand. Highly price-sensitive.
84347,ROTATING SILVER ANGELS T-LIGHT HLDR,General,-6.9709,Highly Elastic,2.58,2.2098,-14.35,LOWER_PRICE,85.68,34.27,LOW,0.0643,True,16.1,A 1% price increase leads to a 6.97% decrease in demand. Highly price-sensitive.
90200D,PINK SWEETHEART BRACELET,General,-6.9622,Highly Elastic,4.2012,3.5979,-14.36,LOWER_PRICE,85.62,34.25,LOW,0.059,True,8.34,A 1% price increase leads to a 6.96% decrease in demand. Highly price-sensitive.
22631,CIRCUS PARADE LUNCH BOX ,General,-6.9608,Highly Elastic,1.9306,1.6532,-14.37,LOWER_PRICE,85.66,34.26,LOW,0.045,True,13.53,A 1% price increase leads to a 6.96% decrease in demand. Highly price-sensitive.
20966,Unknown,General,-6.9606,Highly Elastic,1.2452,1.0663,-14.37,LOWER_PRICE,85.65,34.26,LOW,0.0514,True,11.4,A 1% price increase leads to a 6.96% decrease in demand. Highly price-sensitive.
84978,HANGING HEART JAR T-LIGHT HOLDER,General,-6.9592,Highly Elastic,1.2126,1.0383,-14.37,LOWER_PRICE,85.63,34.25,LOW,0.0477,True,18.15,A 1% price increase leads to a 6.96% decrease in demand. Highly price-sensitive.
20699,Unknown,General,-6.9586,Highly Elastic,2.5258,2.1628,-14.37,LOWER_PRICE,85.63,34.25,LOW,0.0296,False,5.68,A 1% price increase leads to a 6.96% decrease in demand. Highly price-sensitive.
23175,Unknown,General,-6.9555,Highly Elastic,3.1914,2.7325,-14.38,LOWER_PRICE,85.64,34.26,LOW,0.0542,True,11.3,A 1% price increase leads to a 6.96% decrease in demand. Highly price-sensitive.
22518,Unknown,General,-6.9503,Highly Elastic,2.0763,1.7775,-14.39,LOWER_PRICE,85.62,34.25,LOW,0.0461,True,8.89,A 1% price increase leads to a 6.95% decrease in demand. Highly price-sensitive.
17165D,Unknown,General,-6.9408,Highly Elastic,1.0473,0.8964,-14.41,LOWER_PRICE,85.61,34.24,LOW,0.0222,False,10.07,A 1% price increase leads to a 6.94% decrease in demand. Highly price-sensitive.
23512,EMBROIDERED RIBBON REEL ROSIE,General,-6.939,Highly Elastic,2.0638,1.7664,-14.41,LOWER_PRICE,85.58,34.23,LOW,0.0443,True,10.86,A 1% price increase leads to a 6.94% decrease in demand. Highly price-sensitive.
44234,ASSORTED CIRCULAR MOBILE,General,-6.9363,Highly Elastic,0.208,0.178,-14.42,LOWER_PRICE,85.6,34.24,LOW,0.0482,False,16.2,A 1% price increase leads to a 6.94% decrease in demand. Highly price-sensitive.
22078,Unknown,General,-6.9333,Highly Elastic,2.0899,1.7885,-14.42,LOWER_PRICE,85.56,34.22,LOW,0.0443,True,11.6,A 1% price increase leads to a 6.93% decrease in demand. Highly price-sensitive.
20974,12 PENCILS SMALL TUBE SKULL,General,-6.9009,Highly Elastic,0.6455,0.552,-14.49,LOWER_PRICE,85.5,34.2,LOW,0.0384,True,16.99,A 1% price increase leads to a 6.9% decrease in demand. Highly price-sensitive.
84078A,SET/4 WHITE RETRO STORAGE CUBES ,General,-6.8934,Highly Elastic,38.5344,32.9431,-14.51,LOWER_PRICE,85.51,34.2,LOW,0.0535,True,10.78,A 1% price increase leads to a 6.89% decrease in demand. Highly price-sensitive.
90099,Unknown,General,-6.8781,Highly Elastic,2.5608,2.1885,-14.54,LOWER_PRICE,85.47,34.19,LOW,0.0274,False,6.93,A 1% price increase leads to a 6.88% decrease in demand. Highly price-sensitive.
22086,PAPER CHAIN KIT 50'S CHRISTMAS ,General,-6.8574,Highly Elastic,2.927,2.5002,-14.58,LOWER_PRICE,85.4,34.16,LOW,0.0399,True,24.7,A 1% price increase leads to a 6.86% decrease in demand. Highly price-sensitive.
22992,REVOLVER WOODEN RULER ,General,-6.8527,Highly Elastic,1.949,1.6646,-14.59,LOWER_PRICE,85.39,34.16,LOW,0.0469,True,15.15,A 1% price increase leads to a 6.85% decrease in demand. Highly price-sensitive.
84795B,SUNSET CHECK HAMMOCK,General,-6.835,Highly Elastic,7.7322,6.601,-14.63,LOWER_PRICE,85.37,34.15,LOW,0.0657,True,7.69,A 1% price increase leads to a 6.83% decrease in demand. Highly price-sensitive.
21747,SMALL SKULL WINDMILL,General,-6.8312,Highly Elastic,1.2319,1.0515,-14.64,LOWER_PRICE,85.37,34.15,LOW,0.0534,True,10.35,A 1% price increase leads to a 6.83% decrease in demand. Highly price-sensitive.
23411, TRELLIS COAT RACK,General,-6.8191,Highly Elastic,4.9155,4.1949,-14.66,LOWER_PRICE,85.31,34.12,LOW,0.0645,True,8.18,A 1% price increase leads to a 6.82% decrease in demand. Highly price-sensitive.
22629,SPACEBOY LUNCH BOX ,General,-6.8115,Highly Elastic,1.9217,1.6396,-14.68,LOWER_PRICE,85.31,34.12,LOW,0.0464,True,19.02,A 1% price increase leads to a 6.81% decrease in demand. Highly price-sensitive.
21790,VINTAGE SNAP CARDS,General,-6.8084,Highly Elastic,0.8453,0.7211,-14.69,LOWER_PRICE,85.33,34.13,LOW,0.048,True,20.28,A 1% price increase leads to a 6.81% decrease in demand. Highly price-sensitive.
90200E,GREEN SWEETHEART BRACELET,General,-6.8067,Highly Elastic,4.1913,3.5756,-14.69,LOWER_PRICE,85.3,34.12,LOW,0.0583,True,9.22,A 1% price increase leads to a 6.81% decrease in demand. Highly price-sensitive.
21003,ROSE DU SUD CUSHION COVER,General,-6.8021,Highly Elastic,6.3554,5.4212,-14.7,LOWER_PRICE,85.29,34.12,LOW,0.0428,False,9.35,A 1% price increase leads to a 6.8% decrease in demand. Highly price-sensitive.
85099C,JUMBO  BAG BAROQUE BLACK WHITE,General,-6.7864,Highly Elastic,2.0111,1.7147,-14.74,LOWER_PRICE,85.29,34.12,LOW,0.0482,True,17.48,A 1% price increase leads to a 6.79% decrease in demand. Highly price-sensitive.
23099,FRENCH CARRIAGE LANTERN,General,-6.7724,Highly Elastic,6.5419,5.5757,-14.77,LOWER_PRICE,85.26,34.1,LOW,0.0471,True,8.18,A 1% price increase leads to a 6.77% decrease in demand. Highly price-sensitive.
21094,SET/6 RED SPOTTY PAPER PLATES,General,-6.7691,Highly Elastic,0.8255,0.7036,-14.77,LOWER_PRICE,85.21,34.08,LOW,0.0824,True,14.79,A 1% price increase leads to a 6.77% decrease in demand. Highly price-sensitive.
22791,Unknown,General,-6.7686,Highly Elastic,1.2247,1.0438,-14.77,LOWER_PRICE,85.2,34.08,LOW,0.066,True,16.12,A 1% price increase leads to a 6.77% decrease in demand. Highly price-sensitive.
22250,DECORATION  BUTTERFLY  MAGIC GARDEN,General,-6.7577,Highly Elastic,0.84,0.7157,-14.8,LOWER_PRICE,85.21,34.08,LOW,0.0304,False,10.09,A 1% price increase leads to a 6.76% decrease in demand. Highly price-sensitive.
22885,NUMBER TILE VINTAGE FONT 6 ,General,-6.7571,Highly Elastic,1.535,1.3078,-14.8,LOWER_PRICE,85.21,34.08,MEDIUM,0.1881,False,10.9,A 1% price increase leads to a 6.76% decrease in demand. Highly price-sensitive.
84947,ANTIQUE SILVER TEA GLASS ENGRAVED,General,-6.7482,Highly Elastic,1.2415,1.0575,-14.82,LOWER_PRICE,85.19,34.08,LOW,0.0948,True,15.52,A 1% price increase leads to a 6.75% decrease in demand. Highly price-sensitive.
21623,VINTAGE UNION JACK MEMOBOARD,General,-6.7456,Highly Elastic,9.7856,8.3354,-14.82,LOWER_PRICE,85.15,34.06,LOW,0.0735,True,12.02,A 1% price increase leads to a 6.75% decrease in demand. Highly price-sensitive.
20724,RED RETROSPOT CHARLOTTE BAG,General,-6.7292,Highly Elastic,0.8418,0.7167,-14.86,LOWER_PRICE,85.14,34.06,LOW,0.0372,True,18.54,A 1% price increase leads to a 6.73% decrease in demand. Highly price-sensitive.
22686,FRENCH BLUE METAL DOOR SIGN No,General,-6.7269,Highly Elastic,1.2286,1.0459,-14.87,LOWER_PRICE,85.16,34.06,LOW,0.0446,True,11.18,A 1% price increase leads to a 6.73% decrease in demand. Highly price-sensitive.
22881,NUMBER TILE VINTAGE FONT 2,General,-6.7121,Highly Elastic,1.5378,1.3087,-14.9,LOWER_PRICE,85.11,34.04,MEDIUM,0.1806,False,11.21,A 1% price increase leads to a 6.71% decrease in demand. Highly price-sensitive.
23524,WALL ART HORSE & PONY ,General,-6.6835,Highly Elastic,3.6599,3.1124,-14.96,LOWER_PRICE,85.03,34.01,LOW,0.0729,True,11.08,A 1% price increase leads to a 6.68% decrease in demand. Highly price-sensitive.
20711,lost in space,General,-6.6821,Highly Elastic,2.0041,1.7041,-14.97,LOWER_PRICE,85.06,34.02,LOW,0.0536,True,13.64,A 1% price increase leads to a 6.68% decrease in demand. Highly price-sensitive.
22893,Unknown,General,-6.6725,Highly Elastic,0.4177,0.3551,-14.99,LOWER_PRICE,85.03,34.01,LOW,0.0459,True,8.94,A 1% price increase leads to a 6.67% decrease in demand. Highly price-sensitive.
84925D,Unknown,General,-6.6493,Highly Elastic,2.5294,2.149,-15.04,LOWER_PRICE,84.97,33.99,LOW,0.0339,False,8.88,A 1% price increase leads to a 6.65% decrease in demand. Highly price-sensitive.
48173C,Unknown,General,-6.6478,Highly Elastic,7.7582,6.5914,-15.04,LOWER_PRICE,84.94,33.98,MEDIUM,0.1522,True,11.91,A 1% price increase leads to a 6.65% decrease in demand. Highly price-sensitive.
21821,GLITTER STAR GARLAND WITH BELLS ,General,-6.6309,Highly Elastic,3.7107,3.1511,-15.08,LOWER_PRICE,84.91,33.96,LOW,0.0287,False,12.11,A 1% price increase leads to a 6.63% decrease in demand. Highly price-sensitive.
23518,EMBROIDERED RIBBON REEL RACHEL ,General,-6.6232,Highly Elastic,2.8643,2.4318,-15.1,LOWER_PRICE,84.91,33.96,LOW,0.0475,True,8.58,A 1% price increase leads to a 6.62% decrease in demand. Highly price-sensitive.
71038,check,General,-6.6178,Highly Elastic,5.3301,4.5247,-15.11,LOWER_PRICE,84.88,33.95,LOW,0.0737,True,7.62,A 1% price increase leads to a 6.62% decrease in demand. Highly price-sensitive.
21068,VINTAGE BILLBOARD LOVE/HATE MUG,General,-6.6116,Highly Elastic,1.2226,1.0377,-15.12,LOWER_PRICE,84.85,33.94,LOW,0.0826,True,12.05,A 1% price increase leads to a 6.61% decrease in demand. Highly price-sensitive.
22176,amazon,General,-6.609,Highly Elastic,2.9457,2.5,-15.13,LOWER_PRICE,84.86,33.94,LOW,0.0407,True,9.26,A 1% price increase leads to a 6.61% decrease in demand. Highly price-sensitive.
21708,FOLDING UMBRELLA CREAM POLKADOT,General,-6.6054,Highly Elastic,4.975,4.2218,-15.14,LOWER_PRICE,84.87,33.95,LOW,0.0345,False,9.38,A 1% price increase leads to a 6.61% decrease in demand. Highly price-sensitive.
21281,Unknown,General,-6.5946,Highly Elastic,2.5175,2.1358,-15.16,LOWER_PRICE,84.81,33.92,LOW,0.0735,False,6.5,A 1% price increase leads to a 6.59% decrease in demand. Highly price-sensitive.
22884,NUMBER TILE VINTAGE FONT 5,General,-6.5784,Highly Elastic,1.6458,1.3956,-15.2,LOWER_PRICE,84.79,33.92,MEDIUM,0.2407,True,7.08,A 1% price increase leads to a 6.58% decrease in demand. Highly price-sensitive.
22765,Unknown,General,-6.5772,Highly Elastic,13.2452,11.2319,-15.2,LOWER_PRICE,84.77,33.91,MEDIUM,0.2295,True,10.22,A 1% price increase leads to a 6.58% decrease in demand. Highly price-sensitive.
22316,200 BENDY SKULL STRAWS,General,-6.57,Highly Elastic,1.2434,1.0542,-15.22,LOWER_PRICE,84.78,33.91,LOW,0.0339,True,8.76,A 1% price increase leads to a 6.57% decrease in demand. Highly price-sensitive.
79191C,RETRO PLASTIC ELEPHANT TRAY,General,-6.5691,Highly Elastic,0.8455,0.7168,-15.22,LOWER_PRICE,84.76,33.9,LOW,0.0511,True,11.28,A 1% price increase leads to a 6.57% decrease in demand. Highly price-sensitive.
23318,BOX OF 6 MINI VINTAGE CRACKERS,General,-6.5479,Highly Elastic,2.4451,2.0717,-15.27,LOWER_PRICE,84.72,33.89,LOW,0.0471,True,12.74,A 1% price increase leads to a 6.55% decrease in demand. Highly price-sensitive.
85163B,BLACK BAROQUE WALL CLOCK ,General,-6.5439,Highly Elastic,12.7938,10.8389,-15.28,LOWER_PRICE,84.71,33.88,LOW,0.0284,False,7.24,A 1% price increase leads to a 6.54% decrease in demand. Highly price-sensitive.
72351B,SET/6 PINK  BUTTERFLY T-LIGHTS,General,-6.5386,Highly Elastic,2.0631,1.7477,-15.29,LOWER_PRICE,84.69,33.88,LOW,0.0521,True,12.53,A 1% price increase leads to a 6.54% decrease in demand. Highly price-sensitive.
85045,Unknown,General,-6.5327,Highly Elastic,4.9366,4.1808,-15.31,LOWER_PRICE,84.71,33.88,LOW,0.0506,False,7.22,A 1% price increase leads to a 6.53% decrease in demand. Highly price-sensitive.
21458,2 PICTURE BOOK EGGS EASTER BUNNY,General,-6.5065,Highly Elastic,1.2452,1.0538,-15.37,LOWER_PRICE,84.63,33.85,LOW,0.0398,False,10.81,A 1% price increase leads to a 6.51% decrease in demand. Highly price-sensitive.
22088,Unknown,General,-6.4915,Highly Elastic,2.8994,2.4529,-15.4,LOWER_PRICE,84.57,33.83,LOW,0.0433,True,11.92,A 1% price increase leads to a 6.49% decrease in demand. Highly price-sensitive.
20897,VINTAGE NOTEBOOK PARIS DAYS,General,-6.4813,Highly Elastic,2.8921,2.4458,-15.43,LOWER_PRICE,84.58,33.83,LOW,0.0835,False,9.03,A 1% price increase leads to a 6.48% decrease in demand. Highly price-sensitive.
22454,Unknown,General,-6.4772,Highly Elastic,2.9186,2.468,-15.44,LOWER_PRICE,84.57,33.83,LOW,0.0345,False,10.01,A 1% price increase leads to a 6.48% decrease in demand. Highly price-sensitive.
21218,RED SPOTTY BISCUIT TIN,General,-6.4684,Highly Elastic,3.7025,3.1301,-15.46,LOWER_PRICE,84.54,33.82,LOW,0.0595,True,11.55,A 1% price increase leads to a 6.47% decrease in demand. Highly price-sensitive.
22932,BAKING MOULD TOFFEE CUP  CHOCOLATE,General,-6.4631,Highly Elastic,2.5078,2.1198,-15.47,LOWER_PRICE,84.51,33.8,LOW,0.0542,True,8.58,A 1% price increase leads to a 6.46% decrease in demand. Highly price-sensitive.
22569,?,General,-6.44,Highly Elastic,3.7237,3.1454,-15.53,LOWER_PRICE,84.48,33.79,LOW,0.0366,True,12.08,A 1% price increase leads to a 6.44% decrease in demand. Highly price-sensitive.
23461,SWEETHEART BIRD HOUSE,General,-6.4304,Highly Elastic,4.1236,3.4824,-15.55,LOWER_PRICE,84.44,33.78,LOW,0.0396,True,12.33,A 1% price increase leads to a 6.43% decrease in demand. Highly price-sensitive.
21803,Unknown,General,-6.4277,Highly Elastic,0.4201,0.3547,-15.56,LOWER_PRICE,84.46,33.78,LOW,0.0241,False,14.6,A 1% price increase leads to a 6.43% decrease in demand. Highly price-sensitive.
85025B,EAU DE NILE HEART SHAPE PHOTO FRAME,General,-6.4236,Highly Elastic,1.6487,1.392,-15.57,LOWER_PRICE,84.45,33.78,LOW,0.0315,False,8.72,A 1% price increase leads to a 6.42% decrease in demand. Highly price-sensitive.
22630,DOLLY GIRL LUNCH BOX,General,-6.4045,Highly Elastic,1.9472,1.6432,-15.61,LOWER_PRICE,84.36,33.74,LOW,0.0454,True,16.72,A 1% price increase leads to a 6.4% decrease in demand. Highly price-sensitive.
21243,PINK POLKADOT PLATE ,General,-6.4035,Highly Elastic,1.6595,1.4003,-15.62,LOWER_PRICE,84.4,33.76,LOW,0.0423,True,12.59,A 1% price increase leads to a 6.4% decrease in demand. Highly price-sensitive.
84218,Unknown,General,-6.3825,Highly Elastic,1.9338,1.6308,-15.67,LOWER_PRICE,84.34,33.74,LOW,0.048,False,9.11,A 1% price increase leads to a 6.38% decrease in demand. Highly price-sensitive.
23406,Unknown,General,-6.3753,Highly Elastic,6.1211,5.1607,-15.69,LOWER_PRICE,84.34,33.74,LOW,0.1011,True,10.94,A 1% price increase leads to a 6.38% decrease in demand. Highly price-sensitive.
23539,"WALL ART , LOVES' SECRET ",General,-6.3662,Highly Elastic,5.8561,4.9361,-15.71,LOWER_PRICE,84.3,33.72,LOW,0.098,True,8.38,A 1% price increase leads to a 6.37% decrease in demand. Highly price-sensitive.
21931,JUMBO STORAGE BAG SUKI,General,-6.3541,Highly Elastic,2.0302,1.7106,-15.74,LOWER_PRICE,84.27,33.71,LOW,0.0431,True,17.03,A 1% price increase leads to a 6.35% decrease in demand. Highly price-sensitive.
21187,Unknown,General,-6.3434,Highly Elastic,1.6442,1.3851,-15.76,LOWER_PRICE,84.21,33.68,LOW,0.0349,False,10.47,A 1% price increase leads to a 6.34% decrease in demand. Highly price-sensitive.
22090,PAPER BUNTING RETROSPOT,General,-6.3364,Highly Elastic,2.8897,2.4337,-15.78,LOWER_PRICE,84.21,33.68,LOW,0.0412,True,15.24,A 1% price increase leads to a 6.34% decrease in demand. Highly price-sensitive.
22365,DOORMAT RESPECTABLE HOUSE,General,-6.3227,Highly Elastic,7.8605,6.617,-15.82,LOWER_PRICE,84.21,33.68,LOW,0.0569,True,9.29,A 1% price increase leads to a 6.32% decrease in demand. Highly price-sensitive.
23456,MEDIUM PARLOUR FRAME ,General,-6.3123,Highly Elastic,4.12,3.4674,-15.84,LOWER_PRICE,84.15,33.66,LOW,0.0451,False,8.85,A 1% price increase leads to a 6.31% decrease in demand. Highly price-sensitive.
35915C,Unknown,General,-6.3016,Highly Elastic,1.6507,1.3887,-15.87,LOWER_PRICE,84.14,33.66,LOW,0.0281,False,7.54,A 1% price increase leads to a 6.3% decrease in demand. Highly price-sensitive.
23135,Unknown,General,-6.3002,Highly Elastic,5.1636,4.3441,-15.87,LOWER_PRICE,84.11,33.64,HIGH,0.3203,True,13.58,A 1% price increase leads to a 6.3% decrease in demand. Highly price-sensitive.
78033,FLAG OF ST GEORGE CHAIR,General,-6.2979,Highly Elastic,5.0842,4.2768,-15.88,LOWER_PRICE,84.13,33.65,MEDIUM,0.2568,True,8.27,A 1% price increase leads to a 6.3% decrease in demand. Highly price-sensitive.
48138,DOORMAT UNION FLAG,General,-6.2963,Highly Elastic,7.7139,6.4889,-15.88,LOWER_PRICE,84.11,33.64,LOW,0.0766,True,13.99,A 1% price increase leads to a 6.3% decrease in demand. Highly price-sensitive.
21720,CAKE SHOP  STICKER SHEET,General,-6.2836,Highly Elastic,0.84,0.7064,-15.91,LOWER_PRICE,84.06,33.62,LOW,0.0735,False,4.42,A 1% price increase leads to a 6.28% decrease in demand. Highly price-sensitive.
37370,Unknown,General,-6.2785,Highly Elastic,1.2574,1.0571,-15.93,LOWER_PRICE,84.09,33.64,LOW,0.0951,True,12.91,A 1% price increase leads to a 6.28% decrease in demand. Highly price-sensitive.
21613,Unknown,General,-6.2739,Highly Elastic,2.9348,2.467,-15.94,LOWER_PRICE,84.07,33.63,LOW,0.0366,False,10.79,A 1% price increase leads to a 6.27% decrease in demand. Highly price-sensitive.
23023,RIDGED BONNE JAM JAR T-LIGHT HOLDER,General,-6.2376,Highly Elastic,1.6588,1.3929,-16.03,LOWER_PRICE,83.96,33.58,LOW,0.0406,False,7.39,A 1% price increase leads to a 6.24% decrease in demand. Highly price-sensitive.
23328,SET 6 SCHOOL MILK BOTTLES IN CRATE,General,-6.2347,Highly Elastic,3.6989,3.1056,-16.04,LOWER_PRICE,83.96,33.58,LOW,0.0371,True,12.1,A 1% price increase leads to a 6.23% decrease in demand. Highly price-sensitive.
84228,crushed,General,-6.2315,Highly Elastic,0.4151,0.3485,-16.05,LOWER_PRICE,83.97,33.59,LOW,0.0308,False,16.24,A 1% price increase leads to a 6.23% decrease in demand. Highly price-sensitive.
72133,COLUMBIAN CANDLE RECTANGLE,General,-6.2315,Highly Elastic,1.2381,1.0394,-16.05,LOWER_PRICE,83.97,33.59,LOW,0.0371,False,5.7,A 1% price increase leads to a 6.23% decrease in demand. Highly price-sensitive.
22188,BLACK HEART CARD HOLDER,General,-6.2306,Highly Elastic,3.8469,3.2295,-16.05,LOWER_PRICE,83.95,33.58,MEDIUM,0.1743,True,13.28,A 1% price increase leads to a 6.23% decrease in demand. Highly price-sensitive.
21518,Unknown,General,-6.221,Highly Elastic,0.4119,0.3457,-16.07,LOWER_PRICE,83.9,33.56,LOW,0.0751,False,13.32,A 1% price increase leads to a 6.22% decrease in demand. Highly price-sensitive.
22519,Unknown,General,-6.2178,Highly Elastic,2.0837,1.7486,-16.08,LOWER_PRICE,83.9,33.56,LOW,0.0394,True,11.14,A 1% price increase leads to a 6.22% decrease in demand. Highly price-sensitive.
23281,FOLDING MIRROR RED  ,General,-6.2124,Highly Elastic,0.8194,0.6875,-16.1,LOWER_PRICE,83.92,33.57,LOW,0.037,True,11.3,A 1% price increase leads to a 6.21% decrease in demand. Highly price-sensitive.
21788,KIDS RAIN MAC BLUE,General,-6.2114,Highly Elastic,0.8437,0.7079,-16.1,LOWER_PRICE,83.9,33.56,LOW,0.0447,True,10.09,A 1% price increase leads to a 6.21% decrease in demand. Highly price-sensitive.
84687,BEACH HUT SHELF W 3 DRAWERS,General,-6.2105,Highly Elastic,5.6159,4.7117,-16.1,LOWER_PRICE,83.89,33.56,LOW,0.0747,False,9.02,A 1% price increase leads to a 6.21% decrease in demand. Highly price-sensitive.
15030,Unknown,General,-6.2079,Highly Elastic,0.2897,0.243,-16.11,LOWER_PRICE,83.9,33.56,LOW,0.0281,False,8.3,A 1% price increase leads to a 6.21% decrease in demand. Highly price-sensitive.
23568,EGG CUP HENRIETTA HEN CREAM ,General,-6.1987,Highly Elastic,1.2135,1.0178,-16.13,LOWER_PRICE,83.86,33.54,LOW,0.0845,False,10.78,A 1% price increase leads to a 6.2% decrease in demand. Highly price-sensitive.
23528,WALL ART SPACEBOY,General,-6.1942,Highly Elastic,3.6333,3.0469,-16.14,LOWER_PRICE,83.83,33.53,LOW,0.1175,True,12.11,A 1% price increase leads to a 6.19% decrease in demand. Highly price-sensitive.
21238,RED RETROSPOT CUP,General,-6.1911,Highly Elastic,0.8363,0.7012,-16.15,LOWER_PRICE,83.84,33.54,LOW,0.0401,True,13.29,A 1% price increase leads to a 6.19% decrease in demand. Highly price-sensitive.
22505,MEMO BOARD COTTAGE DESIGN,General,-6.1857,Highly Elastic,4.9115,4.1173,-16.17,LOWER_PRICE,83.85,33.54,LOW,0.0349,True,9.43,A 1% price increase leads to a 6.19% decrease in demand. Highly price-sensitive.
23307,SET OF 60 PANTRY DESIGN CAKE CASES ,General,-6.1698,Highly Elastic,0.5532,0.4635,-16.21,LOWER_PRICE,83.8,33.52,LOW,0.0392,True,18.47,A 1% price increase leads to a 6.17% decrease in demand. Highly price-sensitive.
40001,check,General,-6.1492,Highly Elastic,0.8231,0.6893,-16.26,LOWER_PRICE,83.73,33.49,LOW,0.0961,True,11.44,A 1% price increase leads to a 6.15% decrease in demand. Highly price-sensitive.
23290,SPACEBOY CHILDRENS BOWL,General,-6.1487,Highly Elastic,1.241,1.0392,-16.26,LOWER_PRICE,83.72,33.49,LOW,0.0366,True,12.09,A 1% price increase leads to a 6.15% decrease in demand. Highly price-sensitive.
85150,Unknown,General,-6.1428,Highly Elastic,2.5064,2.0984,-16.28,LOWER_PRICE,83.72,33.49,LOW,0.0556,True,13.1,A 1% price increase leads to a 6.14% decrease in demand. Highly price-sensitive.
72351A,SET/6 TURQUOISE BUTTERFLY T-LIGHTS,General,-6.1383,Highly Elastic,2.0741,1.7362,-16.29,LOWER_PRICE,83.7,33.48,LOW,0.0444,True,10.62,A 1% price increase leads to a 6.14% decrease in demand. Highly price-sensitive.
90200C,Unknown,General,-6.1247,Highly Elastic,4.2373,3.5453,-16.33,LOWER_PRICE,83.69,33.48,LOW,0.025,False,7.41,A 1% price increase leads to a 6.12% decrease in demand. Highly price-sensitive.
84816,damages,General,-6.1166,Highly Elastic,39.5021,33.0435,-16.35,LOWER_PRICE,83.66,33.46,LOW,0.0268,False,5.45,A 1% price increase leads to a 6.12% decrease in demand. Highly price-sensitive.
21002,ROSE DU SUD DRAWSTRING BAG,General,-6.1129,Highly Elastic,4.2543,3.5583,-16.36,LOWER_PRICE,83.65,33.46,LOW,0.0542,False,9.22,A 1% price increase leads to a 6.11% decrease in demand. Highly price-sensitive.
84992,72 SWEETHEART FAIRY CAKE CASES,General,-6.1019,Highly Elastic,0.553,0.4624,-16.39,LOWER_PRICE,83.62,33.45,LOW,0.0529,True,17.26,A 1% price increase leads to a 6.1% decrease in demand. Highly price-sensitive.
22668,PINK BABY BUNTING,General,-6.0972,Highly Elastic,2.9526,2.4684,-16.4,LOWER_PRICE,83.59,33.44,LOW,0.0443,True,12.08,A 1% price increase leads to a 6.1% decrease in demand. Highly price-sensitive.
15039,SANDALWOOD FAN,General,-6.0817,Highly Elastic,0.8293,0.693,-16.44,LOWER_PRICE,83.54,33.42,LOW,0.0956,True,13.09,A 1% price increase leads to a 6.08% decrease in demand. Highly price-sensitive.
23176,ABC TREASURE BOOK BOX ,General,-6.0815,Highly Elastic,2.2364,1.8687,-16.44,LOWER_PRICE,83.54,33.42,LOW,0.0346,True,11.62,A 1% price increase leads to a 6.08% decrease in demand. Highly price-sensitive.
79000,Unknown,General,-6.081,Highly Elastic,0.8054,0.673,-16.44,LOWER_PRICE,83.53,33.41,LOW,0.0744,True,18.0,A 1% price increase leads to a 6.08% decrease in demand. Highly price-sensitive.
23072,damages,General,-6.071,Highly Elastic,12.5265,10.4634,-16.47,LOWER_PRICE,83.52,33.41,LOW,0.0344,False,8.06,A 1% price increase leads to a 6.07% decrease in demand. Highly price-sensitive.
23438,GIFT BAG LARGE SPOT ,General,-6.0695,Highly Elastic,1.2433,1.0384,-16.48,LOWER_PRICE,83.55,33.42,LOW,0.036,True,12.98,A 1% price increase leads to a 6.07% decrease in demand. Highly price-sensitive.
20675,BLUE POLKADOT BOWL,General,-6.0673,Highly Elastic,1.2344,1.031,-16.48,LOWER_PRICE,83.51,33.4,LOW,0.0349,True,13.05,A 1% price increase leads to a 6.07% decrease in demand. Highly price-sensitive.
16237,SLEEPING CAT ERASERS,General,-6.0667,Highly Elastic,0.2051,0.1713,-16.48,LOWER_PRICE,83.5,33.4,LOW,0.0526,True,15.24,A 1% price increase leads to a 6.07% decrease in demand. Highly price-sensitive.
20774,damaged,General,-6.0401,Highly Elastic,1.656,1.3818,-16.56,LOWER_PRICE,83.46,33.38,LOW,0.0187,False,7.9,A 1% price increase leads to a 6.04% decrease in demand. Highly price-sensitive.
22423,damages,General,-6.0377,Highly Elastic,12.4533,10.391,-16.56,LOWER_PRICE,83.42,33.37,LOW,0.0384,True,27.27,A 1% price increase leads to a 6.04% decrease in demand. Highly price-sensitive.
21326,AGED GLASS SILVER T-LIGHT HOLDER,General,-6.0354,Highly Elastic,0.6375,0.5319,-16.57,LOWER_PRICE,83.44,33.38,LOW,0.0325,True,20.85,A 1% price increase leads to a 6.04% decrease in demand. Highly price-sensitive.
20766,GARDEN PATH SKETCHBOOK,General,-6.0345,Highly Elastic,3.755,3.1328,-16.57,LOWER_PRICE,83.42,33.37,LOW,0.0228,False,9.35,A 1% price increase leads to a 6.03% decrease in demand. Highly price-sensitive.
20770,ABSTRACT CIRCLE JOURNAL ,General,-6.0215,Highly Elastic,2.5283,2.1083,-16.61,LOWER_PRICE,83.41,33.36,LOW,0.0382,False,8.7,A 1% price increase leads to a 6.02% decrease in demand. Highly price-sensitive.
90209C,Unknown,General,-6.0131,Highly Elastic,2.0592,1.7168,-16.63,LOWER_PRICE,83.37,33.35,LOW,0.0396,False,11.28,A 1% price increase leads to a 6.01% decrease in demand. Highly price-sensitive.
22951,60 CAKE CASES DOLLY GIRL DESIGN,General,-6.013,Highly Elastic,0.5607,0.4675,-16.63,LOWER_PRICE,83.37,33.35,LOW,0.0472,True,14.23,A 1% price increase leads to a 6.01% decrease in demand. Highly price-sensitive.
84913A,Unknown,General,-5.9914,Highly Elastic,4.6445,3.8693,-16.69,LOWER_PRICE,83.31,33.32,LOW,0.0416,False,9.57,A 1% price increase leads to a 5.99% decrease in demand. Highly price-sensitive.
23295,SET OF 12 MINI LOAF BAKING CASES,General,-5.9896,Highly Elastic,0.8215,0.6843,-16.7,LOWER_PRICE,83.33,33.33,LOW,0.0309,True,15.43,A 1% price increase leads to a 5.99% decrease in demand. Highly price-sensitive.
23009,I LOVE LONDON BABY GIFT SET,General,-5.9863,Highly Elastic,16.5847,13.8151,-16.7,LOWER_PRICE,83.27,33.31,LOW,0.0379,True,8.69,A 1% price increase leads to a 5.99% decrease in demand. Highly price-sensitive.
23531,WALL ART BIG LOVE ,General,-5.9817,Highly Elastic,6.7509,5.6221,-16.72,LOWER_PRICE,83.29,33.32,LOW,0.0772,True,10.12,A 1% price increase leads to a 5.98% decrease in demand. Highly price-sensitive.
17090A,LAVENDER INCENSE 40 CONES IN TIN,General,-5.9596,Highly Elastic,1.1098,0.9236,-16.78,LOWER_PRICE,83.22,33.29,MEDIUM,0.1982,True,9.77,A 1% price increase leads to a 5.96% decrease in demand. Highly price-sensitive.
20723,STRAWBERRY CHARLOTTE BAG,General,-5.9547,Highly Elastic,0.857,0.7131,-16.79,LOWER_PRICE,83.19,33.28,LOW,0.0409,True,15.3,A 1% price increase leads to a 5.95% decrease in demand. Highly price-sensitive.
20754,Found,General,-5.9469,Highly Elastic,2.0804,1.7305,-16.82,LOWER_PRICE,83.21,33.28,LOW,0.037,True,11.46,A 1% price increase leads to a 5.95% decrease in demand. Highly price-sensitive.
21715,GIRLS VINTAGE TIN SEASIDE BUCKET,General,-5.9266,Highly Elastic,2.5072,2.0842,-16.87,LOWER_PRICE,83.11,33.24,LOW,0.0476,True,9.75,A 1% price increase leads to a 5.93% decrease in demand. Highly price-sensitive.
37450,CERAMIC CAKE BOWL + HANGING CAKES,General,-5.9119,Highly Elastic,2.8783,2.3913,-16.92,LOWER_PRICE,83.11,33.24,LOW,0.0491,True,10.11,A 1% price increase leads to a 5.91% decrease in demand. Highly price-sensitive.
22507,MEMO BOARD RETROSPOT  DESIGN,General,-5.9111,Highly Elastic,4.9199,4.0875,-16.92,LOWER_PRICE,83.1,33.24,LOW,0.0342,True,11.08,A 1% price increase leads to a 5.91% decrease in demand. Highly price-sensitive.
23403,LETTER HOLDER HOME SWEET HOME,General,-5.9077,Highly Elastic,3.7044,3.0772,-16.93,LOWER_PRICE,83.09,33.24,LOW,0.0628,True,9.0,A 1% price increase leads to a 5.91% decrease in demand. Highly price-sensitive.
23168,CLASSIC CAFE SUGAR DISPENSER,General,-5.8988,Highly Elastic,1.2139,1.0081,-16.95,LOWER_PRICE,83.03,33.21,LOW,0.0507,True,11.76,A 1% price increase leads to a 5.9% decrease in demand. Highly price-sensitive.
23582,VINTAGE DOILY JUMBO BAG RED ,General,-5.8722,Highly Elastic,2.0585,1.7079,-17.03,LOWER_PRICE,82.97,33.19,LOW,0.0292,True,16.93,A 1% price increase leads to a 5.87% decrease in demand. Highly price-sensitive.
22366,DOORMAT AIRMAIL ,General,-5.8653,Highly Elastic,7.8448,6.5073,-17.05,LOWER_PRICE,82.95,33.18,LOW,0.0443,True,8.68,A 1% price increase leads to a 5.87% decrease in demand. Highly price-sensitive.
90147,CHUNKY SILVER NECKLACE PASTEL FLOWE,General,-5.8635,Highly Elastic,9.9913,8.2878,-17.05,LOWER_PRICE,82.92,33.17,LOW,0.0317,False,8.58,A 1% price increase leads to a 5.86% decrease in demand. Highly price-sensitive.
23253,16 PC CUTLERY SET PANTRY DESIGN,General,-5.8625,Highly Elastic,15.5111,12.8649,-17.06,LOWER_PRICE,82.95,33.18,LOW,0.0791,True,9.02,A 1% price increase leads to a 5.86% decrease in demand. Highly price-sensitive.
84665,water damaged,General,-5.8606,Highly Elastic,5.9521,4.9367,-17.06,LOWER_PRICE,82.92,33.17,LOW,0.0344,False,11.23,A 1% price increase leads to a 5.86% decrease in demand. Highly price-sensitive.
22970,LONDON BUS COFFEE MUG,General,-5.856,Highly Elastic,2.4942,2.0682,-17.08,LOWER_PRICE,82.94,33.18,LOW,0.0463,True,12.95,A 1% price increase leads to a 5.86% decrease in demand. Highly price-sensitive.
48188,DOORMAT WELCOME PUPPIES,General,-5.8424,Highly Elastic,7.8358,6.4943,-17.12,LOWER_PRICE,82.9,33.16,LOW,0.109,True,11.16,A 1% price increase leads to a 5.84% decrease in demand. Highly price-sensitive.
23216,LAUREL HEART ANTIQUE GOLD,General,-5.841,Highly Elastic,1.2168,1.0085,-17.12,LOWER_PRICE,82.88,33.15,LOW,0.0516,True,12.15,A 1% price increase leads to a 5.84% decrease in demand. Highly price-sensitive.
82600,check,General,-5.8316,Highly Elastic,2.0758,1.7198,-17.15,LOWER_PRICE,82.86,33.14,LOW,0.0374,True,14.03,A 1% price increase leads to a 5.83% decrease in demand. Highly price-sensitive.
23079, TOADSTOOL BEDSIDE LIGHT ,General,-5.8264,Highly Elastic,8.921,7.3902,-17.16,LOWER_PRICE,82.82,33.13,LOW,0.0284,True,8.96,A 1% price increase leads to a 5.83% decrease in demand. Highly price-sensitive.
23133,LARGE IVORY HEART WALL ORGANISER,General,-5.824,Highly Elastic,7.9532,6.5876,-17.17,LOWER_PRICE,82.83,33.13,LOW,0.0817,True,9.43,A 1% price increase leads to a 5.82% decrease in demand. Highly price-sensitive.
22563,HAPPY STENCIL CRAFT,General,-5.8095,Highly Elastic,1.2335,1.0212,-17.21,LOWER_PRICE,82.77,33.11,LOW,0.0329,True,12.98,A 1% price increase leads to a 5.81% decrease in demand. Highly price-sensitive.
22993,SET OF 4 PANTRY JELLY MOULDS,General,-5.7955,Highly Elastic,1.2556,1.039,-17.25,LOWER_PRICE,82.72,33.09,LOW,0.0261,True,18.28,A 1% price increase leads to a 5.8% decrease in demand. Highly price-sensitive.
23525,WALL ART BUFFALO BILL ,General,-5.7911,Highly Elastic,3.7011,3.0619,-17.27,LOWER_PRICE,82.74,33.1,LOW,0.0388,True,9.64,A 1% price increase leads to a 5.79% decrease in demand. Highly price-sensitive.
21463,MIRRORED DISCO BALL ,General,-5.7788,Highly Elastic,5.776,4.7768,-17.3,LOWER_PRICE,82.67,33.07,LOW,0.0736,True,9.95,A 1% price increase leads to a 5.78% decrease in demand. Highly price-sensitive.
23530,"WALL ART,ONLY ONE PERSON ",General,-5.777,Highly Elastic,4.7014,3.8876,-17.31,LOWER_PRICE,82.69,33.08,LOW,0.0909,True,11.32,A 1% price increase leads to a 5.78% decrease in demand. Highly price-sensitive.
22532,MAGIC DRAWING SLATE LEAP FROG ,General,-5.7761,Highly Elastic,0.4149,0.3431,-17.31,LOWER_PRICE,82.67,33.07,LOW,0.0551,True,10.77,A 1% price increase leads to a 5.78% decrease in demand. Highly price-sensitive.
20802,SMALL GLASS SUNDAE DISH CLEAR,General,-5.7758,Highly Elastic,1.6256,1.3442,-17.31,LOWER_PRICE,82.67,33.07,LOW,0.0361,False,9.57,A 1% price increase leads to a 5.78% decrease in demand. Highly price-sensitive.
20733,GOLD MINI TAPE MEASURE ,General,-5.7713,Highly Elastic,0.8424,0.6964,-17.33,LOWER_PRICE,82.69,33.08,LOW,0.0265,False,9.45,A 1% price increase leads to a 5.77% decrease in demand. Highly price-sensitive.
21216,"SET 3 RETROSPOT TEA,COFFEE,SUGAR",General,-5.7578,Highly Elastic,4.8775,4.0303,-17.37,LOWER_PRICE,82.64,33.06,LOW,0.042,True,10.9,A 1% price increase leads to a 5.76% decrease in demand. Highly price-sensitive.
20712,JUMBO BAG WOODLAND ANIMALS,General,-5.7574,Highly Elastic,2.0314,1.6785,-17.37,LOWER_PRICE,82.64,33.06,LOW,0.0525,True,16.12,A 1% price increase leads to a 5.76% decrease in demand. Highly price-sensitive.
22906,12 MESSAGE CARDS WITH ENVELOPES,General,-5.7546,Highly Elastic,1.6346,1.3505,-17.38,LOWER_PRICE,82.63,33.05,LOW,0.0336,True,11.35,A 1% price increase leads to a 5.75% decrease in demand. Highly price-sensitive.
23201,JUMBO BAG ALPHABET,General,-5.751,Highly Elastic,2.0555,1.698,-17.39,LOWER_PRICE,82.62,33.05,LOW,0.0256,True,19.11,A 1% price increase leads to a 5.75% decrease in demand. Highly price-sensitive.
40005B,BLUE ORGANDY ROUND LAMPSHADE W BEA,General,-5.749,Highly Elastic,0.85,0.7022,-17.39,LOWER_PRICE,82.59,33.04,LOW,0.0197,False,12.8,A 1% price increase leads to a 5.75% decrease in demand. Highly price-sensitive.
23516,EMBROIDERED RIBBON REEL SOPHIE  ,General,-5.7488,Highly Elastic,3.7096,3.0645,-17.39,LOWER_PRICE,82.58,33.03,LOW,0.0305,False,8.25,A 1% price increase leads to a 5.75% decrease in demand. Highly price-sensitive.
84997C,CHILDRENS CUTLERY POLKADOT BLUE,General,-5.7246,Highly Elastic,4.0078,3.3076,-17.47,LOWER_PRICE,82.54,33.02,LOW,0.0356,True,13.07,A 1% price increase leads to a 5.72% decrease in demand. Highly price-sensitive.
81952V,ROUND PURPLE CLOCK WITH SUCKER,General,-5.7134,Highly Elastic,0.1896,0.1564,-17.5,LOWER_PRICE,82.48,32.99,LOW,0.0333,False,10.11,A 1% price increase leads to a 5.71% decrease in demand. Highly price-sensitive.
20685,DOORMAT RED RETROSPOT,General,-5.7083,Highly Elastic,7.6876,6.3407,-17.52,LOWER_PRICE,82.49,33.0,LOW,0.065,True,15.3,A 1% price increase leads to a 5.71% decrease in demand. Highly price-sensitive.
23526,WALL ART DOG LICENCE ,General,-5.7062,Highly Elastic,5.7724,4.7611,-17.52,LOWER_PRICE,82.45,32.98,LOW,0.0806,True,11.12,A 1% price increase leads to a 5.71% decrease in demand. Highly price-sensitive.
22934,BAKING MOULD EASTER EGG WHITE CHOC,General,-5.7058,Highly Elastic,2.9036,2.3946,-17.53,LOWER_PRICE,82.49,33.0,LOW,0.0345,False,10.91,A 1% price increase leads to a 5.71% decrease in demand. Highly price-sensitive.
23379,PACK OF 12 RED APPLE TISSUES,General,-5.6998,Highly Elastic,0.3864,0.3186,-17.54,LOWER_PRICE,82.43,32.97,LOW,0.0333,True,13.06,A 1% price increase leads to a 5.7% decrease in demand. Highly price-sensitive.
84991,60 TEATIME FAIRY CAKE CASES,General,-5.6952,Highly Elastic,0.5473,0.4512,-17.56,LOWER_PRICE,82.45,32.98,LOW,0.0379,True,19.35,A 1% price increase leads to a 5.7% decrease in demand. Highly price-sensitive.
90030B,RED KUKUI COCONUT SEED NECKLACE,General,-5.6927,Highly Elastic,1.005,0.8284,-17.57,LOWER_PRICE,82.45,32.98,LOW,0.0522,False,10.39,A 1% price increase leads to a 5.69% decrease in demand. Highly price-sensitive.
48187,DOORMAT NEW ENGLAND,General,-5.6902,Highly Elastic,7.7997,6.4293,-17.57,LOWER_PRICE,82.41,32.96,LOW,0.0692,True,13.63,A 1% price increase leads to a 5.69% decrease in demand. Highly price-sensitive.
23552,BICYCLE PUNCTURE REPAIR KIT ,General,-5.6825,Highly Elastic,2.0622,1.6993,-17.6,LOWER_PRICE,82.41,32.96,LOW,0.0344,True,13.32,A 1% price increase leads to a 5.68% decrease in demand. Highly price-sensitive.
21244,Unknown,General,-5.6798,Highly Elastic,1.6589,1.3668,-17.61,LOWER_PRICE,82.41,32.96,LOW,0.0412,True,13.02,A 1% price increase leads to a 5.68% decrease in demand. Highly price-sensitive.
21928,JUMBO BAG SCANDINAVIAN BLUE PAISLEY,General,-5.6749,Highly Elastic,2.0426,1.6827,-17.62,LOWER_PRICE,82.37,32.95,LOW,0.0635,True,15.5,A 1% price increase leads to a 5.67% decrease in demand. Highly price-sensitive.
21242,RED RETROSPOT PLATE ,General,-5.6737,Highly Elastic,1.6663,1.3725,-17.63,LOWER_PRICE,82.4,32.96,LOW,0.0348,True,13.5,A 1% price increase leads to a 5.67% decrease in demand. Highly price-sensitive.
21955,DOORMAT UNION JACK GUNS AND ROSES,General,-5.6718,Highly Elastic,7.7547,6.3875,-17.63,LOWER_PRICE,82.36,32.94,LOW,0.0879,True,11.17,A 1% price increase leads to a 5.67% decrease in demand. Highly price-sensitive.
72799F,Unknown,General,-5.6679,Highly Elastic,2.9036,2.3914,-17.64,LOWER_PRICE,82.34,32.94,LOW,0.0396,False,8.14,A 1% price increase leads to a 5.67% decrease in demand. Highly price-sensitive.
47566,PARTY BUNTING,General,-5.667,Highly Elastic,4.8434,3.9885,-17.65,LOWER_PRICE,82.37,32.95,LOW,0.0373,True,24.02,A 1% price increase leads to a 5.67% decrease in demand. Highly price-sensitive.
23003,Printing smudges/thrown away,General,-5.6518,Highly Elastic,0.4193,0.3451,-17.69,LOWER_PRICE,82.29,32.92,LOW,0.0353,True,8.82,A 1% price increase leads to a 5.65% decrease in demand. Highly price-sensitive.
22983,CARD BILLBOARD FONT,General,-5.648,Highly Elastic,0.4201,0.3457,-17.71,LOWER_PRICE,82.32,32.93,LOW,0.0296,True,13.79,A 1% price increase leads to a 5.65% decrease in demand. Highly price-sensitive.
23535,WALL ART BICYCLE SAFETY,General,-5.6326,Highly Elastic,5.8203,4.7872,-17.75,LOWER_PRICE,82.23,32.89,LOW,0.0524,True,11.02,A 1% price increase leads to a 5.63% decrease in demand. Highly price-sensitive.
23203,JUMBO BAG VINTAGE DOILY ,General,-5.6132,Highly Elastic,2.0545,1.6884,-17.82,LOWER_PRICE,82.21,32.88,LOW,0.0219,True,25.18,A 1% price increase leads to a 5.61% decrease in demand. Highly price-sensitive.
21421,damaged,General,-5.6113,Highly Elastic,1.2419,1.0206,-17.82,LOWER_PRICE,82.17,32.87,LOW,0.0238,False,10.69,A 1% price increase leads to a 5.61% decrease in demand. Highly price-sensitive.
84631,Unknown,General,-5.6109,Highly Elastic,7.8986,6.4911,-17.82,LOWER_PRICE,82.17,32.87,LOW,0.0358,False,8.05,A 1% price increase leads to a 5.61% decrease in demand. Highly price-sensitive.
23165,LARGE CERAMIC TOP STORAGE JAR,General,-5.6068,Highly Elastic,1.6278,1.3374,-17.84,LOWER_PRICE,82.19,32.88,LOW,0.036,True,11.8,A 1% price increase leads to a 5.61% decrease in demand. Highly price-sensitive.
40016,Unknown,General,-5.5902,Highly Elastic,0.4023,0.3303,-17.89,LOWER_PRICE,82.12,32.85,LOW,0.099,True,26.54,A 1% price increase leads to a 5.59% decrease in demand. Highly price-sensitive.
23111,PARISIENNE SEWING BOX,General,-5.5812,Highly Elastic,12.267,10.0688,-17.92,LOWER_PRICE,82.1,32.84,LOW,0.0409,True,8.79,A 1% price increase leads to a 5.58% decrease in demand. Highly price-sensitive.
85024B,EAU DE NILE JEWELLED PHOTOFRAME,General,-5.5804,Highly Elastic,1.6438,1.3492,-17.92,LOWER_PRICE,82.08,32.83,LOW,0.0341,False,8.03,A 1% price increase leads to a 5.58% decrease in demand. Highly price-sensitive.
23294,SET OF 6 SNACK LOAF BAKING CASES,General,-5.5774,Highly Elastic,0.8239,0.6762,-17.93,LOWER_PRICE,82.07,32.83,LOW,0.0267,True,14.02,A 1% price increase leads to a 5.58% decrease in demand. Highly price-sensitive.
21313,GLASS HEART T-LIGHT HOLDER ,General,-5.5754,Highly Elastic,0.8154,0.6691,-17.94,LOWER_PRICE,82.08,32.83,LOW,0.0849,True,13.19,A 1% price increase leads to a 5.58% decrease in demand. Highly price-sensitive.
21181,dotcom,General,-5.565,Highly Elastic,2.0682,1.6965,-17.97,LOWER_PRICE,82.03,32.81,LOW,0.0264,True,20.7,A 1% price increase leads to a 5.57% decrease in demand. Highly price-sensitive.
22920,HERB MARKER BASIL,General,-5.5622,Highly Elastic,0.6492,0.5325,-17.98,LOWER_PRICE,82.03,32.81,LOW,0.0236,True,14.38,A 1% price increase leads to a 5.56% decrease in demand. Highly price-sensitive.
22632,Unknown,General,-5.5464,Highly Elastic,2.0828,1.7073,-18.03,LOWER_PRICE,81.97,32.79,LOW,0.0232,True,15.2,A 1% price increase leads to a 5.55% decrease in demand. Highly price-sensitive.
22564,ALPHABET STENCIL CRAFT,General,-5.5452,Highly Elastic,1.253,1.0271,-18.03,LOWER_PRICE,81.95,32.78,LOW,0.0425,True,13.61,A 1% price increase leads to a 5.55% decrease in demand. Highly price-sensitive.
84568,GIRLS ALPHABET IRON ON PATCHES ,General,-5.5442,Highly Elastic,0.2072,0.1698,-18.04,LOWER_PRICE,81.98,32.79,LOW,0.0158,False,72.22,A 1% price increase leads to a 5.54% decrease in demand. Highly price-sensitive.
23070,EDWARDIAN HEART PHOTO FRAME,General,-5.5134,Highly Elastic,4.1566,3.4026,-18.14,LOWER_PRICE,81.87,32.75,LOW,0.0347,False,8.09,A 1% price increase leads to a 5.51% decrease in demand. Highly price-sensitive.
22244,Unknown,General,-5.5081,Highly Elastic,1.9107,1.5637,-18.16,LOWER_PRICE,81.87,32.75,LOW,0.0354,True,12.71,A 1% price increase leads to a 5.51% decrease in demand. Highly price-sensitive.
23327,HANGING CLEAR MINI BOTTLE,General,-5.5077,Highly Elastic,0.6209,0.5081,-18.16,LOWER_PRICE,81.86,32.74,LOW,0.032,False,16.38,A 1% price increase leads to a 5.51% decrease in demand. Highly price-sensitive.
23280,FOLDING MIRROR HOT PINK ,General,-5.5072,Highly Elastic,0.8419,0.689,-18.16,LOWER_PRICE,81.85,32.74,LOW,0.0349,True,11.41,A 1% price increase leads to a 5.51% decrease in demand. Highly price-sensitive.
84086B,YELLOW/BLUE RETRO RADIO,General,-5.4977,Highly Elastic,2.9573,2.4194,-18.19,LOWER_PRICE,81.81,32.72,LOW,0.0388,False,7.08,A 1% price increase leads to a 5.5% decrease in demand. Highly price-sensitive.
72349B,SET/6 PURPLE BUTTERFLY T-LIGHTS,General,-5.4963,Highly Elastic,2.0814,1.7028,-18.19,LOWER_PRICE,81.79,32.72,LOW,0.0313,True,10.62,A 1% price increase leads to a 5.5% decrease in demand. Highly price-sensitive.
21709,FOLDING UMBRELLA CHOCOLATE POLKADOT,General,-5.4953,Highly Elastic,4.9346,4.0365,-18.2,LOWER_PRICE,81.81,32.72,LOW,0.0184,False,8.27,A 1% price increase leads to a 5.5% decrease in demand. Highly price-sensitive.
22517,CHILDS GARDEN RAKE PINK,General,-5.4801,Highly Elastic,2.0771,1.698,-18.25,LOWER_PRICE,81.76,32.7,LOW,0.02,False,9.66,A 1% price increase leads to a 5.48% decrease in demand. Highly price-sensitive.
22189,CREAM HEART CARD HOLDER,General,-5.4798,Highly Elastic,3.8787,3.1708,-18.25,LOWER_PRICE,81.76,32.7,LOW,0.0908,True,15.34,A 1% price increase leads to a 5.48% decrease in demand. Highly price-sensitive.
84279P,found,General,-5.4792,Highly Elastic,3.7267,3.0466,-18.25,LOWER_PRICE,81.75,32.7,LOW,0.0246,True,8.4,A 1% price increase leads to a 5.48% decrease in demand. Highly price-sensitive.
21929,JUMBO BAG PINK VINTAGE PAISLEY,General,-5.4626,Highly Elastic,2.025,1.6542,-18.31,LOWER_PRICE,81.71,32.68,LOW,0.0484,True,17.34,A 1% price increase leads to a 5.46% decrease in demand. Highly price-sensitive.
22084,Unknown,General,-5.4576,Highly Elastic,2.9003,2.369,-18.32,LOWER_PRICE,81.66,32.66,LOW,0.0261,True,13.74,A 1% price increase leads to a 5.46% decrease in demand. Highly price-sensitive.
23401,RUSTIC MIRROR WITH LACE HEART,General,-5.4529,Highly Elastic,6.0284,4.9228,-18.34,LOWER_PRICE,81.67,32.67,LOW,0.079,True,9.07,A 1% price increase leads to a 5.45% decrease in demand. Highly price-sensitive.
22854,Unknown,General,-5.4424,Highly Elastic,4.8984,3.9986,-18.37,LOWER_PRICE,81.61,32.64,LOW,0.0306,True,9.9,A 1% price increase leads to a 5.44% decrease in demand. Highly price-sensitive.
22252,BIRDCAGE DECORATION TEALIGHT HOLDER,General,-5.4271,Highly Elastic,1.2514,1.0208,-18.43,LOWER_PRICE,81.59,32.64,LOW,0.0205,False,8.6,A 1% price increase leads to a 5.43% decrease in demand. Highly price-sensitive.
22375,AIRLINE BAG VINTAGE JET SET BROWN,General,-5.427,Highly Elastic,4.2422,3.4604,-18.43,LOWER_PRICE,81.59,32.64,LOW,0.0186,False,9.45,A 1% price increase leads to a 5.43% decrease in demand. Highly price-sensitive.
22585,PACK OF 6 BIRDY GIFT TAGS,General,-5.4233,Highly Elastic,1.2627,1.0299,-18.44,LOWER_PRICE,81.57,32.63,LOW,0.0236,True,13.29,A 1% price increase leads to a 5.42% decrease in demand. Highly price-sensitive.
72127,found box,General,-5.4191,Highly Elastic,1.2476,1.0174,-18.45,LOWER_PRICE,81.53,32.61,LOW,0.0228,False,8.96,A 1% price increase leads to a 5.42% decrease in demand. Highly price-sensitive.
20914,SET/5 RED SPOTTY LID GLASS BOWLS,General,-5.4162,Highly Elastic,2.9501,2.4055,-18.46,LOWER_PRICE,81.52,32.61,LOW,0.0318,True,15.67,A 1% price increase leads to a 5.42% decrease in demand. Highly price-sensitive.
22467,Unknown,General,-5.4106,Highly Elastic,2.475,2.0176,-18.48,LOWER_PRICE,81.51,32.6,LOW,0.0375,True,15.6,A 1% price increase leads to a 5.41% decrease in demand. Highly price-sensitive.
21562,HAWAIIAN GRASS SKIRT ,General,-5.4012,Highly Elastic,1.2173,0.992,-18.51,LOWER_PRICE,81.47,32.59,LOW,0.048,False,10.83,A 1% price increase leads to a 5.4% decrease in demand. Highly price-sensitive.
22202,Unknown,General,-5.4001,Highly Elastic,3.7485,3.0543,-18.52,LOWER_PRICE,81.49,32.6,LOW,0.0219,False,7.47,A 1% price increase leads to a 5.4% decrease in demand. Highly price-sensitive.
21731,RED TOADSTOOL LED NIGHT LIGHT,General,-5.3913,Highly Elastic,1.656,1.3488,-18.55,LOWER_PRICE,81.46,32.58,LOW,0.0397,True,18.02,A 1% price increase leads to a 5.39% decrease in demand. Highly price-sensitive.
23114,VINTAGE LEAF CHOPPING BOARD  ,General,-5.3878,Highly Elastic,4.9016,3.9919,-18.56,LOWER_PRICE,81.44,32.58,LOW,0.0353,False,9.08,A 1% price increase leads to a 5.39% decrease in demand. Highly price-sensitive.
21240,BLUE POLKADOT CUP,General,-5.3824,Highly Elastic,0.8367,0.6812,-18.58,LOWER_PRICE,81.42,32.57,LOW,0.0344,True,12.64,A 1% price increase leads to a 5.38% decrease in demand. Highly price-sensitive.
21523,DOORMAT FANCY FONT HOME SWEET HOME,General,-5.3784,Highly Elastic,7.7872,6.3396,-18.59,LOWER_PRICE,81.39,32.56,LOW,0.0909,True,12.85,A 1% price increase leads to a 5.38% decrease in demand. Highly price-sensitive.
79190D,RETRO PLASTIC DAISY TRAY,General,-5.3697,Highly Elastic,0.4201,0.3419,-18.62,LOWER_PRICE,81.36,32.54,LOW,0.0288,False,11.03,A 1% price increase leads to a 5.37% decrease in demand. Highly price-sensitive.
20719,WOODLAND CHARLOTTE BAG,General,-5.3661,Highly Elastic,0.8419,0.685,-18.64,LOWER_PRICE,81.38,32.55,LOW,0.0273,True,15.73,A 1% price increase leads to a 5.37% decrease in demand. Highly price-sensitive.
23013,GLASS APOTHECARY BOTTLE TONIC,General,-5.3573,Highly Elastic,3.9144,3.1836,-18.67,LOWER_PRICE,81.35,32.54,LOW,0.04,True,9.21,A 1% price increase leads to a 5.36% decrease in demand. Highly price-sensitive.
22848,AMAZON,General,-5.3542,Highly Elastic,16.2755,13.2352,-18.68,LOWER_PRICE,81.34,32.54,LOW,0.0375,True,8.5,A 1% price increase leads to a 5.35% decrease in demand. Highly price-sensitive.
21471,STRAWBERRY RAFFIA FOOD COVER,General,-5.3519,Highly Elastic,3.6912,3.0017,-18.68,LOWER_PRICE,81.29,32.52,LOW,0.0367,True,8.7,A 1% price increase leads to a 5.35% decrease in demand. Highly price-sensitive.
46775D,Unknown,General,-5.3371,Highly Elastic,16.9015,13.7342,-18.74,LOWER_PRICE,81.28,32.51,LOW,0.0134,False,8.24,A 1% price increase leads to a 5.34% decrease in demand. Highly price-sensitive.
22842,BISCUIT TIN VINTAGE RED,General,-5.3315,Highly Elastic,6.66,5.4106,-18.76,LOWER_PRICE,81.26,32.5,LOW,0.0266,True,8.89,A 1% price increase leads to a 5.33% decrease in demand. Highly price-sensitive.
85049B,Amazon,General,-5.3314,Highly Elastic,1.2494,1.015,-18.76,LOWER_PRICE,81.26,32.5,LOW,0.0239,False,8.03,A 1% price increase leads to a 5.33% decrease in demand. Highly price-sensitive.
15034,PAPER POCKET TRAVELING FAN ,General,-5.327,Highly Elastic,0.1346,0.1093,-18.77,LOWER_PRICE,81.22,32.49,LOW,0.1493,True,28.65,A 1% price increase leads to a 5.33% decrease in demand. Highly price-sensitive.
23400,Unknown,General,-5.3267,Highly Elastic,6.1831,5.0225,-18.77,LOWER_PRICE,81.21,32.48,LOW,0.0515,True,9.66,A 1% price increase leads to a 5.33% decrease in demand. Highly price-sensitive.
23032,damages,General,-5.3177,Highly Elastic,1.642,1.3331,-18.81,LOWER_PRICE,81.22,32.49,LOW,0.0225,True,11.5,A 1% price increase leads to a 5.32% decrease in demand. Highly price-sensitive.
23204,CHARLOTTE BAG APPLES DESIGN,General,-5.3174,Highly Elastic,0.8413,0.6831,-18.81,LOWER_PRICE,81.21,32.48,LOW,0.0251,True,15.66,A 1% price increase leads to a 5.32% decrease in demand. Highly price-sensitive.
85172,check,General,-5.3096,Highly Elastic,0.4222,0.3427,-18.83,LOWER_PRICE,81.15,32.46,LOW,0.0178,False,12.13,A 1% price increase leads to a 5.31% decrease in demand. Highly price-sensitive.
22379,RECYCLING BAG RETROSPOT ,General,-5.3051,Highly Elastic,2.0984,1.7029,-18.85,LOWER_PRICE,81.15,32.46,LOW,0.0339,True,15.25,A 1% price increase leads to a 5.31% decrease in demand. Highly price-sensitive.
37449,CERAMIC CAKE STAND + HANGING CAKES,General,-5.2914,Highly Elastic,9.7828,7.9339,-18.9,LOWER_PRICE,81.11,32.44,LOW,0.0369,True,8.77,A 1% price increase leads to a 5.29% decrease in demand. Highly price-sensitive.
72128,COLUMBIAN CANDLE ROUND,General,-5.2904,Highly Elastic,0.8277,0.6713,-18.9,LOWER_PRICE,81.09,32.44,LOW,0.0543,False,9.19,A 1% price increase leads to a 5.29% decrease in demand. Highly price-sensitive.
22840,ROUND CAKE TIN VINTAGE RED,General,-5.2873,Highly Elastic,7.8982,6.4047,-18.91,LOWER_PRICE,81.07,32.43,LOW,0.0251,True,9.66,A 1% price increase leads to a 5.29% decrease in demand. Highly price-sensitive.
85135B,check,General,-5.2826,Highly Elastic,7.888,6.3948,-18.93,LOWER_PRICE,81.07,32.43,LOW,0.0229,False,7.89,A 1% price increase leads to a 5.28% decrease in demand. Highly price-sensitive.
23094,LE GRAND TRAY CHIC SET,General,-5.2822,Highly Elastic,12.496,10.1305,-18.93,LOWER_PRICE,81.06,32.42,LOW,0.0176,False,8.67,A 1% price increase leads to a 5.28% decrease in demand. Highly price-sensitive.
47591D,Unknown,General,-5.2775,Highly Elastic,1.9577,1.5867,-18.95,LOWER_PRICE,81.06,32.42,LOW,0.0366,True,11.77,A 1% price increase leads to a 5.28% decrease in demand. Highly price-sensitive.
23020,smashed,General,-5.2735,Highly Elastic,12.4465,10.0866,-18.96,LOWER_PRICE,81.03,32.41,LOW,0.0355,True,7.01,A 1% price increase leads to a 5.27% decrease in demand. Highly price-sensitive.
72051S,Unknown,General,-5.2664,Highly Elastic,0.4239,0.3434,-18.99,LOWER_PRICE,81.02,32.41,LOW,0.0214,False,9.22,A 1% price increase leads to a 5.27% decrease in demand. Highly price-sensitive.
20725,LUNCH BAG RED SPOTTY,General,-5.2651,Highly Elastic,1.6538,1.3397,-18.99,LOWER_PRICE,80.99,32.4,LOW,0.019,True,25.19,A 1% price increase leads to a 5.27% decrease in demand. Highly price-sensitive.
22843,BISCUIT TIN VINTAGE GREEN,General,-5.256,Highly Elastic,6.6781,5.4073,-19.03,LOWER_PRICE,80.99,32.4,LOW,0.0291,True,8.15,A 1% price increase leads to a 5.26% decrease in demand. Highly price-sensitive.
22033,Unknown,General,-5.2553,Highly Elastic,0.4213,0.3411,-19.03,LOWER_PRICE,80.98,32.39,LOW,0.038,False,11.08,A 1% price increase leads to a 5.26% decrease in demand. Highly price-sensitive.
20676,RED RETROSPOT BOWL,General,-5.2485,Highly Elastic,1.2338,0.9988,-19.05,LOWER_PRICE,80.93,32.37,LOW,0.032,True,13.87,A 1% price increase leads to a 5.25% decrease in demand. Highly price-sensitive.
22601,check,General,-5.2447,Highly Elastic,0.8663,0.7011,-19.07,LOWER_PRICE,80.95,32.38,LOW,0.0393,True,14.44,A 1% price increase leads to a 5.24% decrease in demand. Highly price-sensitive.
22774,RED DRAWER KNOB ACRYLIC EDWARDIAN,General,-5.244,Highly Elastic,1.2492,1.011,-19.07,LOWER_PRICE,80.93,32.37,LOW,0.0323,True,11.99,A 1% price increase leads to a 5.24% decrease in demand. Highly price-sensitive.
23161,REGENCY CAKE FORK,General,-5.2325,Highly Elastic,1.215,0.9828,-19.11,LOWER_PRICE,80.88,32.35,LOW,0.0466,True,11.99,A 1% price increase leads to a 5.23% decrease in demand. Highly price-sensitive.
72741,GRAND CHOCOLATECANDLE,General,-5.2325,Highly Elastic,1.427,1.1543,-19.11,LOWER_PRICE,80.88,32.35,LOW,0.0304,True,14.91,A 1% price increase leads to a 5.23% decrease in demand. Highly price-sensitive.
22772,PINK DRAWER KNOB ACRYLIC EDWARDIAN,General,-5.2299,Highly Elastic,1.2466,1.0083,-19.12,LOWER_PRICE,80.88,32.35,LOW,0.0345,True,11.56,A 1% price increase leads to a 5.23% decrease in demand. Highly price-sensitive.
22875,NUMBER TILE COTTAGE GARDEN 7,General,-5.2231,Highly Elastic,1.9524,1.5785,-19.15,LOWER_PRICE,80.87,32.35,LOW,0.0671,False,9.94,A 1% price increase leads to a 5.22% decrease in demand. Highly price-sensitive.
20771,CHRYSANTHEMUM  JOURNAL,General,-5.2209,Highly Elastic,2.5352,2.0497,-19.15,LOWER_PRICE,80.83,32.33,LOW,0.0145,False,9.74,A 1% price increase leads to a 5.22% decrease in demand. Highly price-sensitive.
22659,LUNCH BOX I LOVE LONDON,General,-5.2179,Highly Elastic,1.9301,1.5603,-19.16,LOWER_PRICE,80.81,32.32,LOW,0.0472,True,17.43,A 1% price increase leads to a 5.22% decrease in demand. Highly price-sensitive.
22301,COFFEE MUG CAT + BIRD DESIGN,General,-5.2148,Highly Elastic,2.497,2.0181,-19.18,LOWER_PRICE,80.84,32.34,LOW,0.0829,True,11.66,A 1% price increase leads to a 5.21% decrease in demand. Highly price-sensitive.
22112,CHOCOLATE HOT WATER BOTTLE,General,-5.196,Highly Elastic,4.8769,3.9381,-19.25,LOWER_PRICE,80.77,32.31,LOW,0.0248,True,15.78,A 1% price increase leads to a 5.2% decrease in demand. Highly price-sensitive.
23567,EGG CUP HENRIETTA HEN PINK,General,-5.1955,Highly Elastic,1.257,1.015,-19.25,LOWER_PRICE,80.76,32.3,LOW,0.0318,False,9.11,A 1% price increase leads to a 5.2% decrease in demand. Highly price-sensitive.
23346,SPACEBOY BEAKER,General,-5.1918,Highly Elastic,1.2448,1.0051,-19.26,LOWER_PRICE,80.73,32.29,LOW,0.0245,True,11.83,A 1% price increase leads to a 5.19% decrease in demand. Highly price-sensitive.
22440,BALLOON WATER BOMB PACK OF 35,General,-5.1862,Highly Elastic,0.4176,0.3371,-19.28,LOWER_PRICE,80.71,32.28,LOW,0.0238,True,18.33,A 1% price increase leads to a 5.19% decrease in demand. Highly price-sensitive.
22857,sold as set on dotcom,General,-5.1842,Highly Elastic,0.837,0.6755,-19.29,LOWER_PRICE,80.71,32.28,LOW,0.022,False,13.98,A 1% price increase leads to a 5.18% decrease in demand. Highly price-sensitive.
21937,found,General,-5.1777,Highly Elastic,2.9277,2.3624,-19.31,LOWER_PRICE,80.67,32.27,LOW,0.0239,True,11.9,A 1% price increase leads to a 5.18% decrease in demand. Highly price-sensitive.
22412,Unknown,General,-5.1693,Highly Elastic,2.0956,1.6903,-19.34,LOWER_PRICE,80.63,32.25,LOW,0.0232,True,9.9,A 1% price increase leads to a 5.17% decrease in demand. Highly price-sensitive.
20934,Unknown,General,-5.1666,Highly Elastic,5.4154,4.367,-19.36,LOWER_PRICE,80.67,32.27,LOW,0.03,False,6.97,A 1% price increase leads to a 5.17% decrease in demand. Highly price-sensitive.
22957,SET 3 PAPER VINTAGE CHICK PAPER EGG,General,-5.1548,Highly Elastic,2.9306,2.3621,-19.4,LOWER_PRICE,80.6,32.24,LOW,0.025,True,10.29,A 1% price increase leads to a 5.15% decrease in demand. Highly price-sensitive.
22867,Unknown,General,-5.1495,Highly Elastic,2.0935,1.6869,-19.42,LOWER_PRICE,80.58,32.23,LOW,0.0195,True,17.7,A 1% price increase leads to a 5.15% decrease in demand. Highly price-sensitive.
20867,?,General,-5.1485,Highly Elastic,1.2306,0.9916,-19.42,LOWER_PRICE,80.56,32.22,LOW,0.0305,False,8.43,A 1% price increase leads to a 5.15% decrease in demand. Highly price-sensitive.
84800L,Unknown,General,-5.1395,Highly Elastic,1.924,1.5496,-19.46,LOWER_PRICE,80.55,32.22,LOW,0.1051,True,9.77,A 1% price increase leads to a 5.14% decrease in demand. Highly price-sensitive.
23252,ENAMEL JUG PANTRY,General,-5.1392,Highly Elastic,3.7179,2.9944,-19.46,LOWER_PRICE,80.55,32.22,LOW,0.0222,True,8.93,A 1% price increase leads to a 5.14% decrease in demand. Highly price-sensitive.
21250,SET OF SKULL WALL STICKERS,General,-5.1368,Highly Elastic,2.8737,2.3142,-19.47,LOWER_PRICE,80.54,32.22,LOW,0.0522,False,7.83,A 1% price increase leads to a 5.14% decrease in demand. Highly price-sensitive.
22849,"BREAD BIN, DINER STYLE, MINT",General,-5.1304,Highly Elastic,16.1534,13.0051,-19.49,LOWER_PRICE,80.5,32.2,LOW,0.0332,True,9.69,A 1% price increase leads to a 5.13% decrease in demand. Highly price-sensitive.
21422,Unknown,General,-5.1273,Highly Elastic,0.8889,0.7156,-19.5,LOWER_PRICE,80.48,32.19,LOW,0.134,True,13.81,A 1% price increase leads to a 5.13% decrease in demand. Highly price-sensitive.
90119,METALIC LEAVES BAG CHARMS,General,-5.1226,Highly Elastic,2.5075,2.018,-19.52,LOWER_PRICE,80.47,32.19,LOW,0.0159,False,8.82,A 1% price increase leads to a 5.12% decrease in demand. Highly price-sensitive.
23360,SET 8 CANDLES VINTAGE DOILY,General,-5.1215,Highly Elastic,1.9265,1.5503,-19.53,LOWER_PRICE,80.49,32.2,LOW,0.0287,True,10.42,A 1% price increase leads to a 5.12% decrease in demand. Highly price-sensitive.
21248,DOOR HANGER  MUM + DADS ROOM,General,-5.114,Highly Elastic,1.4508,1.1672,-19.55,LOWER_PRICE,80.43,32.17,LOW,0.0221,False,7.62,A 1% price increase leads to a 5.11% decrease in demand. Highly price-sensitive.
21719,LOVELY BONBON STICKER SHEET,General,-5.1136,Highly Elastic,0.8511,0.6846,-19.56,LOWER_PRICE,80.46,32.18,LOW,0.0195,False,9.82,A 1% price increase leads to a 5.11% decrease in demand. Highly price-sensitive.
22114,Unknown,General,-5.1088,Highly Elastic,4.1637,3.3489,-19.57,LOWER_PRICE,80.41,32.16,LOW,0.0232,True,15.15,A 1% price increase leads to a 5.11% decrease in demand. Highly price-sensitive.
20997,ROSE DU SUD CUSHION COVER ,General,-5.1066,Highly Elastic,4.9409,3.9735,-19.58,LOWER_PRICE,80.41,32.16,LOW,0.0461,False,8.17,A 1% price increase leads to a 5.11% decrease in demand. Highly price-sensitive.
23284,Unknown,General,-5.1017,Highly Elastic,7.8661,6.3243,-19.6,LOWER_PRICE,80.39,32.16,LOW,0.0417,True,16.93,A 1% price increase leads to a 5.1% decrease in demand. Highly price-sensitive.
21166,?,General,-5.0946,Highly Elastic,2.0308,1.6322,-19.63,LOWER_PRICE,80.38,32.15,LOW,0.026,True,17.66,A 1% price increase leads to a 5.09% decrease in demand. Highly price-sensitive.
15058B,Unknown,General,-5.0882,Highly Elastic,7.8521,6.3092,-19.65,LOWER_PRICE,80.33,32.13,LOW,0.0298,False,8.07,A 1% price increase leads to a 5.09% decrease in demand. Highly price-sensitive.
23413,DECORATIVE VINTAGE COFFEE  BOX,General,-5.086,Highly Elastic,4.8622,3.9063,-19.66,LOWER_PRICE,80.33,32.13,LOW,0.0359,False,7.94,A 1% price increase leads to a 5.09% decrease in demand. Highly price-sensitive.
20749,ASSORTED COLOUR MINI CASES,General,-5.0755,Highly Elastic,7.7851,6.2514,-19.7,LOWER_PRICE,80.29,32.12,LOW,0.0349,True,10.74,A 1% price increase leads to a 5.08% decrease in demand. Highly price-sensitive.
21666,RIDGED GLASS T-LIGHT HOLDER,General,-5.0713,Highly Elastic,0.6496,0.5215,-19.72,LOWER_PRICE,80.29,32.12,LOW,0.025,False,11.02,A 1% price increase leads to a 5.07% decrease in demand. Highly price-sensitive.
15056P,EDWARDIAN PARASOL PINK,General,-5.048,Highly Elastic,5.8672,4.7049,-19.81,LOWER_PRICE,80.19,32.08,LOW,0.0342,True,9.62,A 1% price increase leads to a 5.05% decrease in demand. Highly price-sensitive.
23121,PACK OF 6 COCKTAIL PARASOL STRAWS,General,-5.0427,Highly Elastic,0.4177,0.3349,-19.83,LOWER_PRICE,80.17,32.07,LOW,0.022,False,11.72,A 1% price increase leads to a 5.04% decrease in demand. Highly price-sensitive.
22363,GLASS JAR MARMALADE ,General,-5.0193,Highly Elastic,2.9428,2.3566,-19.92,LOWER_PRICE,80.06,32.02,LOW,0.0188,False,8.47,A 1% price increase leads to a 5.02% decrease in demand. Highly price-sensitive.
22713,CARD I LOVE LONDON ,General,-5.0176,Highly Elastic,0.4159,0.333,-19.93,LOWER_PRICE,80.07,32.03,LOW,0.0244,True,13.7,A 1% price increase leads to a 5.02% decrease in demand. Highly price-sensitive.
21609,Unknown,General,-5.0173,Highly Elastic,2.9124,2.332,-19.93,LOWER_PRICE,80.06,32.02,LOW,0.0323,True,9.4,A 1% price increase leads to a 5.02% decrease in demand. Highly price-sensitive.
22522,check,General,-5.0168,Highly Elastic,0.8467,0.678,-19.93,LOWER_PRICE,80.05,32.02,LOW,0.0194,True,10.38,A 1% price increase leads to a 5.02% decrease in demand. Highly price-sensitive.
20998,Unknown,General,-5.0005,Highly Elastic,2.9465,2.3572,-20.0,LOWER_PRICE,80.01,32.0,LOW,0.0233,False,8.71,A 1% price increase leads to a 5.0% decrease in demand. Highly price-sensitive.
23250,ENAMEL BOWL PANTRY,General,-4.993,Highly Elastic,1.236,0.9884,-20.03,LOWER_PRICE,79.98,31.99,LOW,0.0256,True,9.89,A 1% price increase leads to a 4.99% decrease in demand. Highly price-sensitive.
23233,WRAP POPPIES  DESIGN,General,-4.9671,Highly Elastic,0.4186,0.3343,-20.13,LOWER_PRICE,79.86,31.94,LOW,0.0168,True,17.23,A 1% price increase leads to a 4.97% decrease in demand. Highly price-sensitive.
23040,PAPER LANTERN 9 POINT SNOW STAR,General,-4.9658,Highly Elastic,5.7337,4.5789,-20.14,LOWER_PRICE,79.87,31.95,LOW,0.0239,False,9.64,A 1% price increase leads to a 4.97% decrease in demand. Highly price-sensitive.
84755,COLOUR GLASS T-LIGHT HOLDER HANGING,General,-4.9606,Highly Elastic,0.6469,0.5165,-20.16,LOWER_PRICE,79.85,31.94,LOW,0.0268,True,20.66,A 1% price increase leads to a 4.96% decrease in demand. Highly price-sensitive.
22720,Unknown,General,-4.9491,Highly Elastic,4.931,3.9344,-20.21,LOWER_PRICE,79.81,31.92,LOW,0.0213,True,17.64,A 1% price increase leads to a 4.95% decrease in demand. Highly price-sensitive.
85230B,CINNAMON SCENTED VOTIVE CANDLE,General,-4.9417,Highly Elastic,0.2808,0.224,-20.24,LOWER_PRICE,79.78,31.91,LOW,0.0461,True,13.56,A 1% price increase leads to a 4.94% decrease in demand. Highly price-sensitive.
23432,PRETTY HANGING QUILTED HEARTS,General,-4.9394,Highly Elastic,0.8266,0.6592,-20.25,LOWER_PRICE,79.77,31.91,LOW,0.0215,False,12.62,A 1% price increase leads to a 4.94% decrease in demand. Highly price-sensitive.
21506,"FANCY FONT BIRTHDAY CARD, ",General,-4.9241,Highly Elastic,0.418,0.3331,-20.31,LOWER_PRICE,79.7,31.88,LOW,0.0222,True,14.08,A 1% price increase leads to a 4.92% decrease in demand. Highly price-sensitive.
23336,EGG FRYING PAN PINK ,General,-4.9237,Highly Elastic,2.0834,1.6603,-20.31,LOWER_PRICE,79.69,31.88,LOW,0.0182,False,9.23,A 1% price increase leads to a 4.92% decrease in demand. Highly price-sensitive.
21157,RED RETROSPOT WASHBAG,General,-4.9201,Highly Elastic,2.0934,1.668,-20.32,LOWER_PRICE,79.66,31.86,LOW,0.0215,False,6.66,A 1% price increase leads to a 4.92% decrease in demand. Highly price-sensitive.
23199,JUMBO BAG APPLES,General,-4.9159,Highly Elastic,2.064,1.6442,-20.34,LOWER_PRICE,79.65,31.86,LOW,0.0182,True,18.5,A 1% price increase leads to a 4.92% decrease in demand. Highly price-sensitive.
84279B,CHERRY BLOSSOM DECORATIVE FLASK,General,-4.9052,Highly Elastic,3.7246,2.9652,-20.39,LOWER_PRICE,79.63,31.85,LOW,0.0241,False,7.65,A 1% price increase leads to a 4.91% decrease in demand. Highly price-sensitive.
23215,JINGLE BELL HEART ANTIQUE SILVER,General,-4.8984,Highly Elastic,2.112,1.6809,-20.41,LOWER_PRICE,79.57,31.83,LOW,0.035,True,13.32,A 1% price increase leads to a 4.9% decrease in demand. Highly price-sensitive.
23460,SWEETHEART WALL TIDY ,General,-4.892,Highly Elastic,9.759,7.7643,-20.44,LOWER_PRICE,79.55,31.82,LOW,0.0331,False,10.14,A 1% price increase leads to a 4.89% decrease in demand. Highly price-sensitive.
20971,PINK BLUE FELT CRAFT TRINKET BOX,General,-4.8913,Highly Elastic,1.2653,1.0067,-20.44,LOWER_PRICE,79.54,31.82,LOW,0.0362,True,18.24,A 1% price increase leads to a 4.89% decrease in demand. Highly price-sensitive.
23229,DONKEY TAIL GAME ,General,-4.8878,Highly Elastic,3.7903,3.0148,-20.46,LOWER_PRICE,79.54,31.82,LOW,0.0308,True,11.54,A 1% price increase leads to a 4.89% decrease in demand. Highly price-sensitive.
21165,check,General,-4.8818,Highly Elastic,1.6695,1.3276,-20.48,LOWER_PRICE,79.5,31.8,LOW,0.0233,True,12.84,A 1% price increase leads to a 4.88% decrease in demand. Highly price-sensitive.
22855,Unknown,General,-4.8802,Highly Elastic,1.2457,0.9905,-20.49,LOWER_PRICE,79.51,31.8,LOW,0.0188,True,12.87,A 1% price increase leads to a 4.88% decrease in demand. Highly price-sensitive.
23536,WALL ART VILLAGE SHOW ,General,-4.8777,Highly Elastic,5.828,4.6333,-20.5,LOWER_PRICE,79.49,31.8,LOW,0.0459,True,11.65,A 1% price increase leads to a 4.88% decrease in demand. Highly price-sensitive.
82583,amazon,General,-4.8766,Highly Elastic,2.0719,1.647,-20.51,LOWER_PRICE,79.51,31.8,LOW,0.0252,True,15.22,A 1% price increase leads to a 4.88% decrease in demand. Highly price-sensitive.
84984B,RED PEONY CUSHION COVER ,General,-4.8606,Highly Elastic,4.673,3.7118,-20.57,LOWER_PRICE,79.41,31.76,LOW,0.018,False,7.11,A 1% price increase leads to a 4.86% decrease in demand. Highly price-sensitive.
23074,EMBOSSED HEART TRINKET BOX,General,-4.8599,Highly Elastic,2.0789,1.6511,-20.58,LOWER_PRICE,79.44,31.78,LOW,0.0168,False,7.95,A 1% price increase leads to a 4.86% decrease in demand. Highly price-sensitive.
72801C,check,General,-4.8597,Highly Elastic,1.2245,0.9725,-20.58,LOWER_PRICE,79.43,31.77,LOW,0.0276,False,10.3,A 1% price increase leads to a 4.86% decrease in demand. Highly price-sensitive.
23166,MEDIUM CERAMIC TOP STORAGE JAR,General,-4.8589,Highly Elastic,1.222,0.9705,-20.58,LOWER_PRICE,79.42,31.77,LOW,0.0306,True,11.67,A 1% price increase leads to a 4.86% decrease in demand. Highly price-sensitive.
22029,SPACEBOY BIRTHDAY CARD,General,-4.8573,Highly Elastic,0.4221,0.3352,-20.59,LOWER_PRICE,79.42,31.77,LOW,0.0631,True,14.2,A 1% price increase leads to a 4.86% decrease in demand. Highly price-sensitive.
84879,damaged,General,-4.8527,Highly Elastic,1.6789,1.3329,-20.61,LOWER_PRICE,79.4,31.76,LOW,0.0128,True,33.52,A 1% price increase leads to a 4.85% decrease in demand. Highly price-sensitive.
47570B,Unknown,General,-4.8523,Highly Elastic,10.6729,8.4732,-20.61,LOWER_PRICE,79.4,31.76,LOW,0.0131,False,10.83,A 1% price increase leads to a 4.85% decrease in demand. Highly price-sensitive.
21428,SET3 BOOK BOX GREEN GINGHAM FLOWER ,General,-4.8484,Highly Elastic,4.1861,3.3225,-20.63,LOWER_PRICE,79.39,31.76,LOW,0.0273,True,10.23,A 1% price increase leads to a 4.85% decrease in demand. Highly price-sensitive.
23515,EMBROIDERED RIBBON REEL DAISY ,General,-4.8481,Highly Elastic,2.0708,1.6436,-20.63,LOWER_PRICE,79.39,31.76,LOW,0.0204,False,11.74,A 1% price increase leads to a 4.85% decrease in demand. Highly price-sensitive.
22426,check,General,-4.8273,Highly Elastic,3.6224,2.8718,-20.72,LOWER_PRICE,79.3,31.72,LOW,0.0495,True,9.37,A 1% price increase leads to a 4.83% decrease in demand. Highly price-sensitive.
48185,?,General,-4.8228,Highly Elastic,7.8449,6.2187,-20.73,LOWER_PRICE,79.25,31.7,LOW,0.0895,True,12.78,A 1% price increase leads to a 4.82% decrease in demand. Highly price-sensitive.
85066,CREAM SWEETHEART MINI CHEST,General,-4.8226,Highly Elastic,12.6229,10.0049,-20.74,LOWER_PRICE,79.28,31.71,LOW,0.0238,True,12.06,A 1% price increase leads to a 4.82% decrease in demand. Highly price-sensitive.
23543,WALL ART KEEP CALM ,General,-4.82,Highly Elastic,7.6553,6.0668,-20.75,LOWER_PRICE,79.27,31.71,LOW,0.0959,True,13.84,A 1% price increase leads to a 4.82% decrease in demand. Highly price-sensitive.
23513,EMBROIDERED RIBBON REEL SUSIE ,General,-4.8193,Highly Elastic,2.0754,1.6448,-20.75,LOWER_PRICE,79.25,31.7,LOW,0.021,False,9.38,A 1% price increase leads to a 4.82% decrease in demand. Highly price-sensitive.
20941,Unknown,General,-4.8129,Highly Elastic,1.2523,0.9921,-20.78,LOWER_PRICE,79.23,31.69,LOW,0.0216,False,7.23,A 1% price increase leads to a 4.81% decrease in demand. Highly price-sensitive.
23177,TREASURE ISLAND BOOK BOX,General,-4.8101,Highly Elastic,2.233,1.7688,-20.79,LOWER_PRICE,79.21,31.68,LOW,0.0209,True,12.91,A 1% price increase leads to a 4.81% decrease in demand. Highly price-sensitive.
23296,SET OF 6 TEA TIME BAKING CASES,General,-4.8065,Highly Elastic,1.2342,0.9774,-20.81,LOWER_PRICE,79.21,31.68,LOW,0.0206,True,14.27,A 1% price increase leads to a 4.81% decrease in demand. Highly price-sensitive.
23308,SET OF 60 VINTAGE LEAF CAKE CASES ,General,-4.7924,Highly Elastic,0.5616,0.4444,-20.87,LOWER_PRICE,79.15,31.66,LOW,0.0381,True,15.4,A 1% price increase leads to a 4.79% decrease in demand. Highly price-sensitive.
22169,FAMILY ALBUM WHITE PICTURE FRAME,General,-4.7904,Highly Elastic,8.2834,6.5538,-20.88,LOWER_PRICE,79.14,31.66,LOW,0.0233,True,11.37,A 1% price increase leads to a 4.79% decrease in demand. Highly price-sensitive.
23547,WRAP FLOWER SHOP  ,General,-4.7899,Highly Elastic,0.4206,0.3328,-20.88,LOWER_PRICE,79.13,31.65,LOW,0.0164,False,13.75,A 1% price increase leads to a 4.79% decrease in demand. Highly price-sensitive.
22841,ROUND CAKE TIN VINTAGE GREEN,General,-4.7863,Highly Elastic,7.8135,6.1813,-20.89,LOWER_PRICE,79.1,31.64,LOW,0.0231,True,9.28,A 1% price increase leads to a 4.79% decrease in demand. Highly price-sensitive.
21812,GARLAND WITH HEARTS AND BELLS,General,-4.7815,Highly Elastic,4.9182,3.8898,-20.91,LOWER_PRICE,79.07,31.63,LOW,0.0214,False,9.38,A 1% price increase leads to a 4.78% decrease in demand. Highly price-sensitive.
21213,PACK OF 72 SKULL CAKE CASES,General,-4.7728,Highly Elastic,0.5422,0.4286,-20.95,LOWER_PRICE,79.04,31.62,LOW,0.0265,True,17.09,A 1% price increase leads to a 4.77% decrease in demand. Highly price-sensitive.
84823,Unknown,General,-4.7726,Highly Elastic,7.9429,6.2789,-20.95,LOWER_PRICE,79.04,31.62,LOW,0.02,False,9.46,A 1% price increase leads to a 4.77% decrease in demand. Highly price-sensitive.
22832,BROCANTE SHELF WITH HOOKS,General,-4.7667,Highly Elastic,10.7441,8.49,-20.98,LOWER_PRICE,79.03,31.61,LOW,0.0137,False,8.47,A 1% price increase leads to a 4.77% decrease in demand. Highly price-sensitive.
22661,CHARLOTTE BAG DOLLY GIRL DESIGN,General,-4.7562,Highly Elastic,0.8391,0.6626,-21.03,LOWER_PRICE,78.99,31.6,LOW,0.0246,True,13.27,A 1% price increase leads to a 4.76% decrease in demand. Highly price-sensitive.
22690,DOORMAT HOME SWEET HOME BLUE ,General,-4.7519,Highly Elastic,7.8369,6.188,-21.04,LOWER_PRICE,78.94,31.58,LOW,0.0473,True,11.68,A 1% price increase leads to a 4.75% decrease in demand. Highly price-sensitive.
22148,EASTER CRAFT 4 CHICKS ,General,-4.7476,Highly Elastic,1.947,1.537,-21.06,LOWER_PRICE,78.92,31.57,LOW,0.0209,True,11.75,A 1% price increase leads to a 4.75% decrease in demand. Highly price-sensitive.
20866,?,General,-4.7474,Highly Elastic,1.2814,1.0115,-21.06,LOWER_PRICE,78.92,31.57,LOW,0.0577,True,8.69,A 1% price increase leads to a 4.75% decrease in demand. Highly price-sensitive.
22418,10 COLOUR SPACEBOY PEN,General,-4.7394,Highly Elastic,0.8591,0.6778,-21.1,LOWER_PRICE,78.9,31.56,LOW,0.0154,True,14.93,A 1% price increase leads to a 4.74% decrease in demand. Highly price-sensitive.
22792,damages,General,-4.7291,Highly Elastic,0.8657,0.6826,-21.15,LOWER_PRICE,78.87,31.55,LOW,0.0294,True,11.96,A 1% price increase leads to a 4.73% decrease in demand. Highly price-sensitive.
23534,WALL ART STOP FOR TEA ,General,-4.7237,Highly Elastic,5.8534,4.6142,-21.17,LOWER_PRICE,78.83,31.53,LOW,0.0311,True,12.01,A 1% price increase leads to a 4.72% decrease in demand. Highly price-sensitive.
20653,CHERRY BLOSSOM LUGGAGE TAG,General,-4.7185,Highly Elastic,1.6765,1.3212,-21.19,LOWER_PRICE,78.8,31.52,MEDIUM,0.2433,True,14.95,A 1% price increase leads to a 4.72% decrease in demand. Highly price-sensitive.
47591B,Unknown,General,-4.7131,Highly Elastic,1.6517,1.3012,-21.22,LOWER_PRICE,78.79,31.52,LOW,0.0113,False,10.66,A 1% price increase leads to a 4.71% decrease in demand. Highly price-sensitive.
22952,72 CAKE CASES VINTAGE CHRISTMAS,General,-4.7129,Highly Elastic,0.5436,0.4282,-21.22,LOWER_PRICE,78.79,31.52,LOW,0.0218,True,18.3,A 1% price increase leads to a 4.71% decrease in demand. Highly price-sensitive.
22635,CHILDS BREAKFAST SET DOLLY GIRL ,General,-4.6986,Highly Elastic,9.7605,7.6835,-21.28,LOWER_PRICE,78.71,31.48,LOW,0.0309,True,9.52,A 1% price increase leads to a 4.7% decrease in demand. Highly price-sensitive.
22456,NATURAL SLATE CHALKBOARD LARGE ,General,-4.6957,Highly Elastic,4.8731,3.8351,-21.3,LOWER_PRICE,78.72,31.49,LOW,0.0227,True,10.91,A 1% price increase leads to a 4.7% decrease in demand. Highly price-sensitive.
85187,S/12 MINI RABBIT EASTER,General,-4.695,Highly Elastic,1.6443,1.2941,-21.3,LOWER_PRICE,78.7,31.48,LOW,0.0176,False,9.71,A 1% price increase leads to a 4.7% decrease in demand. Highly price-sensitive.
20668,DISCO BALL CHRISTMAS DECORATION,General,-4.684,Highly Elastic,0.1174,0.0923,-21.35,LOWER_PRICE,78.65,31.46,LOW,0.0234,True,26.27,A 1% price increase leads to a 4.68% decrease in demand. Highly price-sensitive.
23084,website fixed,General,-4.6802,Highly Elastic,2.0198,1.5882,-21.37,LOWER_PRICE,78.65,31.46,LOW,0.0268,True,23.99,A 1% price increase leads to a 4.68% decrease in demand. Highly price-sensitive.
23288,check,General,-4.6798,Highly Elastic,0.841,0.6613,-21.37,LOWER_PRICE,78.64,31.46,LOW,0.0219,True,11.16,A 1% price increase leads to a 4.68% decrease in demand. Highly price-sensitive.
84706F,RED PEONY TABLE CLOCK,General,-4.6683,Highly Elastic,2.9207,2.2951,-21.42,LOWER_PRICE,78.57,31.43,LOW,0.0116,False,9.13,A 1% price increase leads to a 4.67% decrease in demand. Highly price-sensitive.
21498,RED RETROSPOT WRAP ,General,-4.6667,Highly Elastic,0.4177,0.3282,-21.43,LOWER_PRICE,78.58,31.43,LOW,0.0162,True,18.77,A 1% price increase leads to a 4.67% decrease in demand. Highly price-sensitive.
21207,SKULL AND CROSSBONES  GARLAND ,General,-4.6486,Highly Elastic,1.6397,1.287,-21.51,LOWER_PRICE,78.48,31.39,LOW,0.019,True,10.29,A 1% price increase leads to a 4.65% decrease in demand. Highly price-sensitive.
22385,JUMBO BAG SPACEBOY DESIGN,General,-4.6429,Highly Elastic,2.0097,1.5768,-21.54,LOWER_PRICE,78.47,31.39,LOW,0.0235,True,16.4,A 1% price increase leads to a 4.64% decrease in demand. Highly price-sensitive.
23048,SET OF 10 LANTERNS FAIRY LIGHT STAR,General,-4.6414,Highly Elastic,4.1441,3.251,-21.55,LOWER_PRICE,78.47,31.39,LOW,0.0185,False,11.23,A 1% price increase leads to a 4.64% decrease in demand. Highly price-sensitive.
23008,DOLLY GIRL BABY GIFT SET,General,-4.6343,Highly Elastic,16.3575,12.8276,-21.58,LOWER_PRICE,78.43,31.37,LOW,0.0256,True,9.4,A 1% price increase leads to a 4.63% decrease in demand. Highly price-sensitive.
22328,ROUND SNACK BOXES SET OF 4 FRUITS ,General,-4.633,Highly Elastic,2.9221,2.2915,-21.58,LOWER_PRICE,78.4,31.36,LOW,0.0179,True,15.76,A 1% price increase leads to a 4.63% decrease in demand. Highly price-sensitive.
47599A,PINK PARTY BAGS,General,-4.6316,Highly Elastic,2.0826,1.633,-21.59,LOWER_PRICE,78.41,31.36,LOW,0.0228,True,10.75,A 1% price increase leads to a 4.63% decrease in demand. Highly price-sensitive.
22530,MAGIC DRAWING SLATE DOLLY GIRL ,General,-4.6255,Highly Elastic,0.4179,0.3276,-21.62,LOWER_PRICE,78.38,31.35,LOW,0.0178,True,11.96,A 1% price increase leads to a 4.63% decrease in demand. Highly price-sensitive.
21469,POLKA DOT RAFFIA FOOD COVER,General,-4.6214,Highly Elastic,3.7476,2.9366,-21.64,LOWER_PRICE,78.37,31.35,LOW,0.0134,False,8.5,A 1% price increase leads to a 4.62% decrease in demand. Highly price-sensitive.
22492,MINI PAINT SET VINTAGE ,General,-4.6193,Highly Elastic,0.6597,0.5169,-21.65,LOWER_PRICE,78.36,31.34,LOW,0.0564,True,32.74,A 1% price increase leads to a 4.62% decrease in demand. Highly price-sensitive.
22561,WOODEN SCHOOL COLOURING SET,General,-4.6109,Highly Elastic,1.647,1.2898,-21.69,LOWER_PRICE,78.32,31.33,LOW,0.0171,True,14.23,A 1% price increase leads to a 4.61% decrease in demand. Highly price-sensitive.
85178,VICTORIAN SEWING KIT,General,-4.6048,Highly Elastic,1.2643,0.9897,-21.72,LOWER_PRICE,78.3,31.32,LOW,0.0418,True,11.46,A 1% price increase leads to a 4.6% decrease in demand. Highly price-sensitive.
22777,Unknown,General,-4.6044,Highly Elastic,8.2804,6.4819,-21.72,LOWER_PRICE,78.29,31.32,LOW,0.0257,False,8.12,A 1% price increase leads to a 4.6% decrease in demand. Highly price-sensitive.
48116,Unknown,General,-4.604,Highly Elastic,7.721,6.044,-21.72,LOWER_PRICE,78.28,31.31,LOW,0.0969,True,10.34,A 1% price increase leads to a 4.6% decrease in demand. Highly price-sensitive.
23313,VINTAGE CHRISTMAS BUNTING,General,-4.5994,Highly Elastic,4.8994,3.8343,-21.74,LOWER_PRICE,78.25,31.3,LOW,0.0195,True,13.57,A 1% price increase leads to a 4.6% decrease in demand. Highly price-sensitive.
23424,GINGHAM RECIPE BOOK BOX,General,-4.5957,Highly Elastic,4.9582,3.8793,-21.76,LOWER_PRICE,78.24,31.3,LOW,0.018,False,9.87,A 1% price increase leads to a 4.6% decrease in demand. Highly price-sensitive.
21215,IVORY PAPER CUP CAKE CASES ,General,-4.592,Highly Elastic,0.5438,0.4254,-21.78,LOWER_PRICE,78.23,31.29,LOW,0.026,False,11.1,A 1% price increase leads to a 4.59% decrease in demand. Highly price-sensitive.
23474,WOODLAND SMALL BLUE FELT HEART,General,-4.574,Highly Elastic,0.8266,0.6459,-21.86,LOWER_PRICE,78.13,31.25,LOW,0.014,False,9.95,A 1% price increase leads to a 4.57% decrease in demand. Highly price-sensitive.
21468,BUTTERFLY CROCHET FOOD COVER,General,-4.5634,Highly Elastic,3.7588,2.9352,-21.91,LOWER_PRICE,78.07,31.23,LOW,0.0165,False,10.06,A 1% price increase leads to a 4.56% decrease in demand. Highly price-sensitive.
85127,found,General,-4.5567,Highly Elastic,4.9348,3.8516,-21.95,LOWER_PRICE,78.07,31.23,LOW,0.0175,False,9.1,A 1% price increase leads to a 4.56% decrease in demand. Highly price-sensitive.
71477,COLOURED GLASS STAR T-LIGHT HOLDER,General,-4.5549,Highly Elastic,3.4776,2.7143,-21.95,LOWER_PRICE,78.03,31.21,LOW,0.0633,True,14.44,A 1% price increase leads to a 4.55% decrease in demand. Highly price-sensitive.
23471,SIX DRAWER OFFICE TIDY,General,-4.554,Highly Elastic,9.7749,7.6283,-21.96,LOWER_PRICE,78.05,31.22,LOW,0.0297,False,8.3,A 1% price increase leads to a 4.55% decrease in demand. Highly price-sensitive.
22859,EASTER TIN BUNNY BOUQUET,General,-4.5534,Highly Elastic,1.6498,1.2875,-21.96,LOWER_PRICE,78.03,31.21,LOW,0.0164,True,10.23,A 1% price increase leads to a 4.55% decrease in demand. Highly price-sensitive.
85136C,damages,General,-4.5509,Highly Elastic,7.927,6.1854,-21.97,LOWER_PRICE,78.01,31.2,LOW,0.0121,False,6.49,A 1% price increase leads to a 4.55% decrease in demand. Highly price-sensitive.
22927,Amazon,General,-4.5505,Highly Elastic,5.907,4.6086,-21.98,LOWER_PRICE,78.04,31.22,LOW,0.0181,True,8.83,A 1% price increase leads to a 4.55% decrease in demand. Highly price-sensitive.
48184,DOORMAT ENGLISH ROSE ,General,-4.5439,Highly Elastic,7.7471,6.042,-22.01,LOWER_PRICE,78.0,31.2,LOW,0.0272,True,11.72,A 1% price increase leads to a 4.54% decrease in demand. Highly price-sensitive.
21535,RED RETROSPOT SMALL MILK JUG,General,-4.5438,Highly Elastic,2.5273,1.971,-22.01,LOWER_PRICE,78.0,31.2,LOW,0.02,True,11.52,A 1% price increase leads to a 4.54% decrease in demand. Highly price-sensitive.
85028S,FRENCH CHATEAU SMALL FRUITBOWL,General,-4.5403,Highly Elastic,1.9241,1.5004,-22.02,LOWER_PRICE,77.96,31.18,LOW,0.0181,False,7.24,A 1% price increase leads to a 4.54% decrease in demand. Highly price-sensitive.
22354,RETROSPOT PADDED SEAT CUSHION,General,-4.5343,Highly Elastic,3.8138,2.9729,-22.05,LOWER_PRICE,77.93,31.17,LOW,0.0961,True,10.83,A 1% price increase leads to a 4.53% decrease in demand. Highly price-sensitive.
22971,QUEENS GUARD COFFEE MUG,General,-4.5342,Highly Elastic,2.534,1.9753,-22.05,LOWER_PRICE,77.93,31.17,LOW,0.0266,True,11.24,A 1% price increase leads to a 4.53% decrease in demand. Highly price-sensitive.
22304,COFFEE MUG BLUE PAISLEY DESIGN,General,-4.5281,Highly Elastic,2.4516,1.9103,-22.08,LOWER_PRICE,77.9,31.16,LOW,0.1215,True,14.1,A 1% price increase leads to a 4.53% decrease in demand. Highly price-sensitive.
22961,JAM MAKING SET PRINTED,General,-4.512,Highly Elastic,1.4644,1.1399,-22.16,LOWER_PRICE,77.83,31.13,LOW,0.0179,True,21.36,A 1% price increase leads to a 4.51% decrease in demand. Highly price-sensitive.
84952A,CLEAR LOVE BIRD T-LIGHT HOLDER,General,-4.5073,Highly Elastic,3.7368,2.9076,-22.19,LOWER_PRICE,77.83,31.13,LOW,0.0243,False,8.26,A 1% price increase leads to a 4.51% decrease in demand. Highly price-sensitive.
23000,TRAVEL CARD WALLET TRANSPORT,General,-4.5067,Highly Elastic,0.4206,0.3273,-22.19,LOWER_PRICE,77.81,31.12,LOW,0.0158,True,11.63,A 1% price increase leads to a 4.51% decrease in demand. Highly price-sensitive.
23155,sold as set on dotcom,General,-4.4993,Highly Elastic,0.8166,0.6351,-22.23,LOWER_PRICE,77.79,31.12,LOW,0.0207,True,13.53,A 1% price increase leads to a 4.5% decrease in demand. Highly price-sensitive.
23090,missing,General,-4.4934,Highly Elastic,0.8544,0.6643,-22.25,LOWER_PRICE,77.73,31.09,LOW,0.0525,True,11.96,A 1% price increase leads to a 4.49% decrease in demand. Highly price-sensitive.
16046,Unknown,General,-4.4858,Highly Elastic,0.8493,0.66,-22.29,LOWER_PRICE,77.7,31.08,LOW,0.0094,False,10.61,A 1% price increase leads to a 4.49% decrease in demand. Highly price-sensitive.
84748,Unknown,General,-4.483,Highly Elastic,3.7576,2.9193,-22.31,LOWER_PRICE,77.71,31.08,LOW,0.0157,False,11.71,A 1% price increase leads to a 4.48% decrease in demand. Highly price-sensitive.
22352,LUNCH BOX WITH CUTLERY RETROSPOT ,General,-4.4714,Highly Elastic,2.5377,1.9703,-22.36,LOWER_PRICE,77.62,31.05,LOW,0.0426,True,12.49,A 1% price increase leads to a 4.47% decrease in demand. Highly price-sensitive.
72816,Unknown,General,-4.4712,Highly Elastic,1.2735,0.9886,-22.37,LOWER_PRICE,77.65,31.06,MEDIUM,0.1669,True,13.47,A 1% price increase leads to a 4.47% decrease in demand. Highly price-sensitive.
22384,LUNCH BAG PINK POLKADOT,General,-4.4615,Highly Elastic,1.6541,1.2834,-22.41,LOWER_PRICE,77.57,31.03,LOW,0.0128,True,17.73,A 1% price increase leads to a 4.46% decrease in demand. Highly price-sensitive.
23315,IVORY REFECTORY CLOCK,General,-4.4606,Highly Elastic,9.7965,7.6001,-22.42,LOWER_PRICE,77.59,31.04,LOW,0.0278,True,9.01,A 1% price increase leads to a 4.46% decrease in demand. Highly price-sensitive.
23194,GYMKHANA TREASURE BOOK BOX,General,-4.4497,Highly Elastic,2.2343,1.7323,-22.47,LOWER_PRICE,77.51,31.0,LOW,0.0174,True,11.51,A 1% price increase leads to a 4.45% decrease in demand. Highly price-sensitive.
23189,SET OF 12 FORK CANDLES,General,-4.441,Highly Elastic,2.8312,2.1936,-22.52,LOWER_PRICE,77.49,31.0,LOW,0.0268,True,10.87,A 1% price increase leads to a 4.44% decrease in demand. Highly price-sensitive.
84949,SILVER HANGING T-LIGHT HOLDER,General,-4.4391,Highly Elastic,1.6342,1.266,-22.53,LOWER_PRICE,77.48,30.99,LOW,0.018,True,13.36,A 1% price increase leads to a 4.44% decrease in demand. Highly price-sensitive.
23007, SPACEBOY BABY GIFT SET,General,-4.4373,Highly Elastic,16.5579,12.8257,-22.54,LOWER_PRICE,77.48,30.99,LOW,0.0214,True,8.92,A 1% price increase leads to a 4.44% decrease in demand. Highly price-sensitive.
21904,Unknown,General,-4.4356,Highly Elastic,2.0946,1.6225,-22.54,LOWER_PRICE,77.44,30.98,LOW,0.0138,False,6.32,A 1% price increase leads to a 4.44% decrease in demand. Highly price-sensitive.
23541,Unknown,General,-4.435,Highly Elastic,8.1243,6.2923,-22.55,LOWER_PRICE,77.46,30.98,LOW,0.0198,True,10.75,A 1% price increase leads to a 4.43% decrease in demand. Highly price-sensitive.
20727,LUNCH BAG  BLACK SKULL.,General,-4.4277,Highly Elastic,1.6439,1.2725,-22.59,LOWER_PRICE,77.43,30.97,LOW,0.0125,True,20.08,A 1% price increase leads to a 4.43% decrease in demand. Highly price-sensitive.
23317,BLUE REFECTORY CLOCK ,General,-4.4268,Highly Elastic,9.828,7.6079,-22.59,LOWER_PRICE,77.41,30.96,LOW,0.0206,False,9.89,A 1% price increase leads to a 4.43% decrease in demand. Highly price-sensitive.
22520,Unknown,General,-4.4239,Highly Elastic,0.8516,0.6591,-22.6,LOWER_PRICE,77.38,30.95,LOW,0.016,False,9.73,A 1% price increase leads to a 4.42% decrease in demand. Highly price-sensitive.
23555,LANDMARK FRAME NOTTING HILL ,General,-4.4184,Highly Elastic,12.5207,9.6873,-22.63,LOWER_PRICE,77.36,30.94,LOW,0.0115,False,11.43,A 1% price increase leads to a 4.42% decrease in demand. Highly price-sensitive.
85048,15CM CHRISTMAS GLASS BALL 20 LIGHTS,General,-4.4183,Highly Elastic,7.7871,6.0249,-22.63,LOWER_PRICE,77.36,30.94,LOW,0.02,True,11.69,A 1% price increase leads to a 4.42% decrease in demand. Highly price-sensitive.
22483,RED GINGHAM TEDDY BEAR ,General,-4.4127,Highly Elastic,2.955,2.2854,-22.66,LOWER_PRICE,77.33,30.93,LOW,0.0148,False,8.42,A 1% price increase leads to a 4.41% decrease in demand. Highly price-sensitive.
84050,check,General,-4.4038,Highly Elastic,1.6127,1.2465,-22.71,LOWER_PRICE,77.3,30.92,LOW,0.0889,True,12.42,A 1% price increase leads to a 4.4% decrease in demand. Highly price-sensitive.
90160B,RED BOUDICCA LARGE BRACELET,General,-4.4028,Highly Elastic,6.9776,5.393,-22.71,LOWER_PRICE,77.28,30.91,LOW,0.0117,False,10.4,A 1% price increase leads to a 4.4% decrease in demand. Highly price-sensitive.
22381,TOY TIDY PINK POLKADOT,General,-4.4012,Highly Elastic,2.1138,1.6335,-22.72,LOWER_PRICE,77.28,30.91,LOW,0.0338,True,12.81,A 1% price increase leads to a 4.4% decrease in demand. Highly price-sensitive.
23002,TRAVEL CARD WALLET SKULLS,General,-4.4006,Highly Elastic,0.4216,0.3258,-22.72,LOWER_PRICE,77.26,30.9,LOW,0.0163,True,11.79,A 1% price increase leads to a 4.4% decrease in demand. Highly price-sensitive.
21424,damages,General,-4.3974,Highly Elastic,2.9184,2.2548,-22.74,LOWER_PRICE,77.26,30.9,LOW,0.0217,False,9.03,A 1% price increase leads to a 4.4% decrease in demand. Highly price-sensitive.
22722,Unknown,General,-4.3941,Highly Elastic,3.919,3.027,-22.76,LOWER_PRICE,77.25,30.9,LOW,0.016,True,15.16,A 1% price increase leads to a 4.39% decrease in demand. Highly price-sensitive.
85206A,Unknown,General,-4.3926,Highly Elastic,1.6389,1.2657,-22.77,LOWER_PRICE,77.25,30.9,LOW,0.0198,False,10.45,A 1% price increase leads to a 4.39% decrease in demand. Highly price-sensitive.
23012,GLASS APOTHECARY BOTTLE PERFUME,General,-4.3922,Highly Elastic,3.8604,2.9814,-22.77,LOWER_PRICE,77.24,30.9,LOW,0.0227,True,10.11,A 1% price increase leads to a 4.39% decrease in demand. Highly price-sensitive.
23507,MINI PLAYING CARDS BUFFALO BILL ,General,-4.392,Highly Elastic,0.4181,0.3229,-22.77,LOWER_PRICE,77.24,30.9,LOW,0.0156,False,12.89,A 1% price increase leads to a 4.39% decrease in demand. Highly price-sensitive.
22251,BIRDHOUSE DECORATION MAGIC GARDEN,General,-4.3919,Highly Elastic,1.2418,0.959,-22.77,LOWER_PRICE,77.23,30.89,LOW,0.0213,False,9.23,A 1% price increase leads to a 4.39% decrease in demand. Highly price-sensitive.
15056N,EDWARDIAN PARASOL NATURAL,General,-4.3896,Highly Elastic,5.8294,4.5015,-22.78,LOWER_PRICE,77.22,30.89,LOW,0.0411,True,13.57,A 1% price increase leads to a 4.39% decrease in demand. Highly price-sensitive.
22541,MINI JIGSAW LEAP FROG,General,-4.3895,Highly Elastic,0.4276,0.3302,-22.78,LOWER_PRICE,77.21,30.88,LOW,0.0412,False,14.2,A 1% price increase leads to a 4.39% decrease in demand. Highly price-sensitive.
23374,RED SPOT PAPER GIFT BAG,General,-4.3886,Highly Elastic,0.8153,0.6295,-22.79,LOWER_PRICE,77.23,30.89,LOW,0.0199,True,13.03,A 1% price increase leads to a 4.39% decrease in demand. Highly price-sensitive.
22149,Unknown,General,-4.3855,Highly Elastic,2.1072,1.6268,-22.8,LOWER_PRICE,77.19,30.88,LOW,0.0143,True,15.79,A 1% price increase leads to a 4.39% decrease in demand. Highly price-sensitive.
85188A,GREEN METAL SWINGING BUNNY,General,-4.3843,Highly Elastic,0.8493,0.6556,-22.81,LOWER_PRICE,77.2,30.88,LOW,0.0248,False,9.36,A 1% price increase leads to a 4.38% decrease in demand. Highly price-sensitive.
23170,REGENCY TEA PLATE ROSES ,General,-4.3704,Highly Elastic,1.648,1.2709,-22.88,LOWER_PRICE,77.11,30.84,LOW,0.0217,True,14.57,A 1% price increase leads to a 4.37% decrease in demand. Highly price-sensitive.
23376,PACK OF 12 VINTAGE CHRISTMAS TISSUE,General,-4.3684,Highly Elastic,0.3881,0.2993,-22.89,LOWER_PRICE,77.1,30.84,LOW,0.016,True,14.51,A 1% price increase leads to a 4.37% decrease in demand. Highly price-sensitive.
22179,SET 10 NIGHT OWL LIGHTS,General,-4.3678,Highly Elastic,6.6865,5.156,-22.89,LOWER_PRICE,77.09,30.84,LOW,0.0182,True,10.44,A 1% price increase leads to a 4.37% decrease in demand. Highly price-sensitive.
90185C,BLACK DIAMANTE EXPANDABLE RING,General,-4.3521,Highly Elastic,4.2447,3.2693,-22.98,LOWER_PRICE,77.03,30.81,LOW,0.014,False,5.6,A 1% price increase leads to a 4.35% decrease in demand. Highly price-sensitive.
20665,adjustment,General,-4.3519,Highly Elastic,2.9317,2.258,-22.98,LOWER_PRICE,77.03,30.81,LOW,0.0188,False,8.53,A 1% price increase leads to a 4.35% decrease in demand. Highly price-sensitive.
23047,PAPER LANTERN 5 POINT STUDDED STAR,General,-4.3511,Highly Elastic,5.7738,4.447,-22.98,LOWER_PRICE,77.01,30.8,LOW,0.0147,False,7.84,A 1% price increase leads to a 4.35% decrease in demand. Highly price-sensitive.
21787,RAIN PONCHO RETROSPOT,General,-4.3495,Highly Elastic,0.86,0.6623,-22.99,LOWER_PRICE,77.01,30.8,LOW,0.0669,True,19.87,A 1% price increase leads to a 4.35% decrease in demand. Highly price-sensitive.
23131,Unknown,General,-4.3469,Highly Elastic,4.1031,3.1594,-23.0,LOWER_PRICE,76.98,30.79,LOW,0.017,False,9.59,A 1% price increase leads to a 4.35% decrease in demand. Highly price-sensitive.
23404,check,General,-4.3446,Highly Elastic,4.7932,3.6898,-23.02,LOWER_PRICE,76.99,30.8,LOW,0.0627,True,11.92,A 1% price increase leads to a 4.34% decrease in demand. Highly price-sensitive.
22302,COFFEE MUG PEARS  DESIGN,General,-4.3357,Highly Elastic,2.4867,1.9133,-23.06,LOWER_PRICE,76.92,30.77,LOW,0.058,True,10.88,A 1% price increase leads to a 4.34% decrease in demand. Highly price-sensitive.
21581,SKULLS  DESIGN  COTTON TOTE BAG,General,-4.3268,Highly Elastic,2.255,1.7339,-23.11,LOWER_PRICE,76.88,30.75,LOW,0.0187,False,10.37,A 1% price increase leads to a 4.33% decrease in demand. Highly price-sensitive.
84507B,Unknown,General,-4.3257,Highly Elastic,2.5533,1.963,-23.12,LOWER_PRICE,76.89,30.76,LOW,0.0061,False,5.89,A 1% price increase leads to a 4.33% decrease in demand. Highly price-sensitive.
21746,SMALL RED RETROSPOT WINDMILL,General,-4.3245,Highly Elastic,1.248,0.9595,-23.12,LOWER_PRICE,76.86,30.74,LOW,0.0396,True,12.6,A 1% price increase leads to a 4.32% decrease in demand. Highly price-sensitive.
37448,CERAMIC CAKE DESIGN SPOTTED MUG,General,-4.3143,Highly Elastic,1.4762,1.134,-23.18,LOWER_PRICE,76.83,30.73,LOW,0.0177,True,10.97,A 1% price increase leads to a 4.31% decrease in demand. Highly price-sensitive.
20828,GLITTER BUTTERFLY CLIPS,General,-4.3097,Highly Elastic,2.5404,1.951,-23.2,LOWER_PRICE,76.79,30.72,LOW,0.0143,True,10.01,A 1% price increase leads to a 4.31% decrease in demand. Highly price-sensitive.
20674,GREEN POLKADOT BOWL,General,-4.3047,Highly Elastic,1.2499,0.9595,-23.23,LOWER_PRICE,76.77,30.71,LOW,0.026,True,11.05,A 1% price increase leads to a 4.3% decrease in demand. Highly price-sensitive.
21841,BABY MOUSE RED GINGHAM DRESS,General,-4.3034,Highly Elastic,4.2437,3.2575,-23.24,LOWER_PRICE,76.77,30.71,LOW,0.0199,False,5.27,A 1% price increase leads to a 4.3% decrease in demand. Highly price-sensitive.
22466,FAIRY TALE COTTAGE NIGHT LIGHT,General,-4.302,Highly Elastic,1.9334,1.4839,-23.25,LOWER_PRICE,76.77,30.71,LOW,0.0202,True,11.82,A 1% price increase leads to a 4.3% decrease in demand. Highly price-sensitive.
79063C,"RETRO PILL BOX KEY CHAIN,THE KING",General,-4.3002,Highly Elastic,0.1872,0.1437,-23.25,LOWER_PRICE,76.73,30.69,LOW,0.0176,False,12.03,A 1% price increase leads to a 4.3% decrease in demand. Highly price-sensitive.
21210,Unknown,General,-4.2921,Highly Elastic,1.4602,1.12,-23.3,LOWER_PRICE,76.71,30.68,LOW,0.0181,True,13.58,A 1% price increase leads to a 4.29% decrease in demand. Highly price-sensitive.
37468,Unknown,General,-4.2829,Highly Elastic,0.3869,0.2966,-23.35,LOWER_PRICE,76.66,30.66,LOW,0.0179,False,8.88,A 1% price increase leads to a 4.28% decrease in demand. Highly price-sensitive.
21717,Unknown,General,-4.2787,Highly Elastic,2.4601,1.8852,-23.37,LOWER_PRICE,76.62,30.65,LOW,0.0402,False,8.92,A 1% price increase leads to a 4.28% decrease in demand. Highly price-sensitive.
22699,ROSES REGENCY TEACUP AND SAUCER ,General,-4.2755,Highly Elastic,2.9225,2.2389,-23.39,LOWER_PRICE,76.61,30.64,LOW,0.0203,True,16.99,A 1% price increase leads to a 4.28% decrease in demand. Highly price-sensitive.
23108,SET OF 10 LED DOLLY LIGHTS,General,-4.2721,Highly Elastic,6.1176,4.6855,-23.41,LOWER_PRICE,76.6,30.64,LOW,0.0253,True,11.45,A 1% price increase leads to a 4.27% decrease in demand. Highly price-sensitive.
22878,NUMBER TILE COTTAGE GARDEN No,General,-4.2714,Highly Elastic,2.1028,1.6105,-23.41,LOWER_PRICE,76.58,30.63,LOW,0.0104,False,10.44,A 1% price increase leads to a 4.27% decrease in demand. Highly price-sensitive.
22041,"RECORD FRAME 7"" SINGLE SIZE ",General,-4.2691,Highly Elastic,2.5196,1.9295,-23.42,LOWER_PRICE,76.56,30.62,LOW,0.0692,True,12.82,A 1% price increase leads to a 4.27% decrease in demand. Highly price-sensitive.
23016,GLASS TWIST BON BON JAR,General,-4.2597,Highly Elastic,7.7209,5.908,-23.48,LOWER_PRICE,76.54,30.62,LOW,0.0432,False,7.7,A 1% price increase leads to a 4.26% decrease in demand. Highly price-sensitive.
22435,?missing,General,-4.2528,Highly Elastic,1.2534,0.9587,-23.51,LOWER_PRICE,76.47,30.59,LOW,0.0149,True,11.43,A 1% price increase leads to a 4.25% decrease in demand. Highly price-sensitive.
20836,FRENCH PAISLEY CUSHION COVER,General,-4.2449,Highly Elastic,0.8342,0.6377,-23.56,LOWER_PRICE,76.45,30.58,LOW,0.0176,False,11.38,A 1% price increase leads to a 4.24% decrease in demand. Highly price-sensitive.
22663,JUMBO BAG DOLLY GIRL DESIGN,General,-4.2436,Highly Elastic,2.0486,1.5659,-23.56,LOWER_PRICE,76.42,30.57,LOW,0.0336,True,11.88,A 1% price increase leads to a 4.24% decrease in demand. Highly price-sensitive.
22969,HOMEMADE JAM SCENTED CANDLES,General,-4.242,Highly Elastic,1.4397,1.1004,-23.57,LOWER_PRICE,76.41,30.56,LOW,0.0138,True,16.43,A 1% price increase leads to a 4.24% decrease in demand. Highly price-sensitive.
21430,SET/3 RED GINGHAM ROSE STORAGE BOX,General,-4.237,Highly Elastic,3.7065,2.8318,-23.6,LOWER_PRICE,76.39,30.56,LOW,0.0152,True,12.15,A 1% price increase leads to a 4.24% decrease in demand. Highly price-sensitive.
21930,JUMBO STORAGE BAG SKULLS,General,-4.2353,Highly Elastic,2.024,1.5461,-23.61,LOWER_PRICE,76.39,30.56,LOW,0.0179,True,14.38,A 1% price increase leads to a 4.24% decrease in demand. Highly price-sensitive.
22693,GROW A FLYTRAP OR SUNFLOWER IN TIN,General,-4.2295,Highly Elastic,1.2411,0.9477,-23.64,LOWER_PRICE,76.35,30.54,LOW,0.0142,True,22.5,A 1% price increase leads to a 4.23% decrease in demand. Highly price-sensitive.
23303,SET 4 PICNIC CUTLERY FONDANT,General,-4.2289,Highly Elastic,1.9581,1.495,-23.65,LOWER_PRICE,76.36,30.54,LOW,0.0175,False,12.25,A 1% price increase leads to a 4.23% decrease in demand. Highly price-sensitive.
23331,DECORATIVE WICKER HEART SMALL,General,-4.2276,Highly Elastic,0.6266,0.4784,-23.65,LOWER_PRICE,76.33,30.53,LOW,0.0177,False,10.64,A 1% price increase leads to a 4.23% decrease in demand. Highly price-sensitive.
21169,Unknown,General,-4.2181,Highly Elastic,1.6693,1.2735,-23.71,LOWER_PRICE,76.3,30.52,LOW,0.0158,True,13.7,A 1% price increase leads to a 4.22% decrease in demand. Highly price-sensitive.
82484,WOOD BLACK BOARD ANT WHITE FINISH,General,-4.211,Highly Elastic,7.3841,5.6304,-23.75,LOWER_PRICE,76.26,30.5,LOW,0.0554,True,14.7,A 1% price increase leads to a 4.21% decrease in demand. Highly price-sensitive.
22611,VINTAGE UNION JACK SHOPPING BAG,General,-4.2071,Highly Elastic,4.8878,3.726,-23.77,LOWER_PRICE,76.23,30.49,LOW,0.0175,False,8.14,A 1% price increase leads to a 4.21% decrease in demand. Highly price-sensitive.
23144,ZINC T-LIGHT HOLDER STARS SMALL,General,-4.1953,Highly Elastic,0.8268,0.6297,-23.84,LOWER_PRICE,76.18,30.47,LOW,0.0288,True,15.11,A 1% price increase leads to a 4.2% decrease in demand. Highly price-sensitive.
21647,ASSORTED TUTTI FRUTTI LARGE PURSE,General,-4.1928,Highly Elastic,2.1075,1.6049,-23.85,LOWER_PRICE,76.15,30.46,LOW,0.0127,False,9.25,A 1% price increase leads to a 4.19% decrease in demand. Highly price-sensitive.
22154,ANGEL DECORATION 3 BUTTONS ,General,-4.1889,Highly Elastic,0.4194,0.3193,-23.87,LOWER_PRICE,76.12,30.45,LOW,0.0125,False,15.89,A 1% price increase leads to a 4.19% decrease in demand. Highly price-sensitive.
22303,COFFEE MUG APPLES DESIGN,General,-4.182,Highly Elastic,2.5213,1.9185,-23.91,LOWER_PRICE,76.08,30.43,LOW,0.0583,True,12.27,A 1% price increase leads to a 4.18% decrease in demand. Highly price-sensitive.
37446,MINI CAKE STAND WITH HANGING CAKES,General,-4.175,Highly Elastic,1.4232,1.0823,-23.95,LOWER_PRICE,76.04,30.42,LOW,0.0213,True,10.64,A 1% price increase leads to a 4.17% decrease in demand. Highly price-sensitive.
21232,STRAWBERRY CERAMIC TRINKET POT,General,-4.1595,Highly Elastic,1.2548,0.9531,-24.04,LOWER_PRICE,75.95,30.38,LOW,0.0283,True,15.97,A 1% price increase leads to a 4.16% decrease in demand. Highly price-sensitive.
22567,Unknown,General,-4.159,Highly Elastic,1.341,1.0186,-24.04,LOWER_PRICE,75.94,30.38,LOW,0.0322,True,11.01,A 1% price increase leads to a 4.16% decrease in demand. Highly price-sensitive.
85107,check?,General,-4.1564,Highly Elastic,2.4726,1.8777,-24.06,LOWER_PRICE,75.94,30.38,LOW,0.0726,True,9.75,A 1% price increase leads to a 4.16% decrease in demand. Highly price-sensitive.
21069,Unknown,General,-4.1537,Highly Elastic,1.24,0.9415,-24.07,LOWER_PRICE,75.91,30.36,LOW,0.0175,False,8.91,A 1% price increase leads to a 4.15% decrease in demand. Highly price-sensitive.
20979,36 PENCILS TUBE RED RETROSPOT,General,-4.1437,Highly Elastic,1.2465,0.9457,-24.13,LOWER_PRICE,75.86,30.34,LOW,0.0148,True,12.15,A 1% price increase leads to a 4.14% decrease in demand. Highly price-sensitive.
22936,BAKING MOULD ROSE WHITE CHOCOLATE,General,-4.1419,Highly Elastic,3.183,2.4146,-24.14,LOWER_PRICE,75.85,30.34,LOW,0.027,False,11.08,A 1% price increase leads to a 4.14% decrease in demand. Highly price-sensitive.
22503,CABIN BAG VINTAGE PAISLEY,General,-4.1404,Highly Elastic,28.9016,21.9219,-24.15,LOWER_PRICE,75.84,30.34,LOW,0.03,False,11.61,A 1% price increase leads to a 4.14% decrease in demand. Highly price-sensitive.
90058A,CRYSTAL STUD EARRINGS CLEAR DISPLAY,General,-4.1351,Highly Elastic,0.3786,0.2871,-24.18,LOWER_PRICE,75.81,30.32,LOW,0.012,False,14.22,A 1% price increase leads to a 4.14% decrease in demand. Highly price-sensitive.
21472,Unknown,General,-4.134,Highly Elastic,3.7504,2.8432,-24.19,LOWER_PRICE,75.81,30.32,LOW,0.0109,False,7.08,A 1% price increase leads to a 4.13% decrease in demand. Highly price-sensitive.
23275,SET OF 3 HANGING OWLS OLLIE BEAK,General,-4.129,Highly Elastic,1.2765,0.9673,-24.22,LOWER_PRICE,75.78,30.31,LOW,0.0183,True,13.93,A 1% price increase leads to a 4.13% decrease in demand. Highly price-sensitive.
23232,WRAP VINTAGE LEAF DESIGN,General,-4.1266,Highly Elastic,0.4191,0.3176,-24.23,LOWER_PRICE,75.76,30.3,LOW,0.0112,True,18.79,A 1% price increase leads to a 4.13% decrease in demand. Highly price-sensitive.
21175,GIN AND TONIC DIET METAL SIGN,General,-4.1201,Highly Elastic,2.4427,1.8499,-24.27,LOWER_PRICE,75.72,30.29,LOW,0.0272,True,18.95,A 1% price increase leads to a 4.12% decrease in demand. Highly price-sensitive.
22923,sold as set on dotcom,General,-4.1191,Highly Elastic,0.8393,0.6355,-24.28,LOWER_PRICE,75.73,30.29,LOW,0.0165,False,11.82,A 1% price increase leads to a 4.12% decrease in demand. Highly price-sensitive.
22562,MONSTERS STENCIL CRAFT,General,-4.1179,Highly Elastic,1.2586,0.953,-24.28,LOWER_PRICE,75.7,30.28,LOW,0.0162,True,9.73,A 1% price increase leads to a 4.12% decrease in demand. Highly price-sensitive.
21426,WOODLAND STORAGE BOX SMALL,General,-4.1059,Highly Elastic,2.0499,1.5505,-24.36,LOWER_PRICE,75.66,30.26,LOW,0.0141,False,8.17,A 1% price increase leads to a 4.11% decrease in demand. Highly price-sensitive.
35958,Unknown,General,-4.1043,Highly Elastic,0.8544,0.6463,-24.36,LOWER_PRICE,75.62,30.25,LOW,0.0088,False,12.12,A 1% price increase leads to a 4.1% decrease in demand. Highly price-sensitive.
23134,Unknown,General,-4.0987,Highly Elastic,8.0421,6.0798,-24.4,LOWER_PRICE,75.61,30.24,LOW,0.0252,False,6.77,A 1% price increase leads to a 4.1% decrease in demand. Highly price-sensitive.
22866,Unknown,General,-4.0974,Highly Elastic,2.0854,1.5764,-24.41,LOWER_PRICE,75.61,30.24,LOW,0.0112,True,17.2,A 1% price increase leads to a 4.1% decrease in demand. Highly price-sensitive.
22652,check,General,-4.0937,Highly Elastic,1.6539,1.2499,-24.43,LOWER_PRICE,75.58,30.23,LOW,0.013,True,13.99,A 1% price increase leads to a 4.09% decrease in demand. Highly price-sensitive.
22333,RETROSPOT PARTY BAG + STICKER SET,General,-4.09,Highly Elastic,1.6308,1.2321,-24.45,LOWER_PRICE,75.55,30.22,LOW,0.0166,True,12.9,A 1% price increase leads to a 4.09% decrease in demand. Highly price-sensitive.
23546,WRAP PAISLEY PARK ,General,-4.0706,Highly Elastic,0.4206,0.3173,-24.57,LOWER_PRICE,75.44,30.18,LOW,0.0131,False,14.81,A 1% price increase leads to a 4.07% decrease in demand. Highly price-sensitive.
23202,JUMBO BAG VINTAGE LEAF,General,-4.0671,Highly Elastic,2.0748,1.5646,-24.59,LOWER_PRICE,75.42,30.17,LOW,0.0128,True,18.64,A 1% price increase leads to a 4.07% decrease in demand. Highly price-sensitive.
72709,Unknown,General,-4.0649,Highly Elastic,0.8526,0.6429,-24.6,LOWER_PRICE,75.4,30.16,LOW,0.0164,False,5.95,A 1% price increase leads to a 4.06% decrease in demand. Highly price-sensitive.
22021,Unknown,General,-4.0643,Highly Elastic,1.6444,1.2399,-24.6,LOWER_PRICE,75.38,30.15,LOW,0.0165,False,9.79,A 1% price increase leads to a 4.06% decrease in demand. Highly price-sensitive.
22499,WOODEN UNION JACK BUNTING,General,-4.0557,Highly Elastic,5.9137,4.4554,-24.66,LOWER_PRICE,75.35,30.14,LOW,0.0147,True,10.07,A 1% price increase leads to a 4.06% decrease in demand. Highly price-sensitive.
21891,Unknown,General,-4.052,Highly Elastic,1.3853,1.0434,-24.68,LOWER_PRICE,75.32,30.13,LOW,0.0223,True,17.61,A 1% price increase leads to a 4.05% decrease in demand. Highly price-sensitive.
23325,RUSTIC STRAWBERRY JAM POT SMALL,General,-4.0484,Highly Elastic,1.6264,1.2247,-24.7,LOWER_PRICE,75.3,30.12,LOW,0.0188,False,9.69,A 1% price increase leads to a 4.05% decrease in demand. Highly price-sensitive.
23065,Unknown,General,-4.048,Highly Elastic,12.4325,9.3617,-24.7,LOWER_PRICE,75.29,30.12,LOW,0.0116,False,9.87,A 1% price increase leads to a 4.05% decrease in demand. Highly price-sensitive.
23334,IVORY WICKER HEART SMALL,General,-4.0451,Highly Elastic,0.6248,0.4703,-24.72,LOWER_PRICE,75.27,30.11,LOW,0.0137,False,10.82,A 1% price increase leads to a 4.05% decrease in demand. Highly price-sensitive.
85230E,Damaged,General,-4.0437,Highly Elastic,0.2634,0.1983,-24.73,LOWER_PRICE,75.27,30.11,LOW,0.0607,False,16.5,A 1% price increase leads to a 4.04% decrease in demand. Highly price-sensitive.
21878,PACK OF 6 SANDCASTLE FLAGS ASSORTED,General,-4.043,Highly Elastic,0.8591,0.6466,-24.73,LOWER_PRICE,75.25,30.1,LOW,0.036,True,12.19,A 1% price increase leads to a 4.04% decrease in demand. Highly price-sensitive.
84406B,Unknown,General,-4.0391,Highly Elastic,3.7571,2.8268,-24.76,LOWER_PRICE,75.25,30.1,LOW,0.0523,True,10.51,A 1% price increase leads to a 4.04% decrease in demand. Highly price-sensitive.
22616,PACK OF 12 LONDON TISSUES ,General,-4.0344,Highly Elastic,0.3229,0.2429,-24.79,LOWER_PRICE,75.22,30.09,LOW,0.0476,True,27.18,A 1% price increase leads to a 4.03% decrease in demand. Highly price-sensitive.
22256,FELT FARM ANIMAL CHICKEN,General,-4.0341,Highly Elastic,1.248,0.9386,-24.79,LOWER_PRICE,75.22,30.09,LOW,0.0137,False,9.53,A 1% price increase leads to a 4.03% decrease in demand. Highly price-sensitive.
22535,MAGIC DRAWING SLATE BUNNIES ,General,-4.0291,Highly Elastic,0.4152,0.3121,-24.82,LOWER_PRICE,75.18,30.07,LOW,0.0232,True,11.44,A 1% price increase leads to a 4.03% decrease in demand. Highly price-sensitive.
23028,Unknown,General,-4.0203,Highly Elastic,1.6441,1.2352,-24.87,LOWER_PRICE,75.11,30.04,LOW,0.0157,False,9.54,A 1% price increase leads to a 4.02% decrease in demand. Highly price-sensitive.
22417,PACK OF 60 SPACEBOY CAKE CASES,General,-4.0175,Highly Elastic,0.5526,0.4151,-24.89,LOWER_PRICE,75.11,30.04,LOW,0.0336,True,14.55,A 1% price increase leads to a 4.02% decrease in demand. Highly price-sensitive.
22776,SWEETHEART 3 TIER CAKE STAND ,General,-4.0112,Highly Elastic,9.8234,7.3744,-24.93,LOWER_PRICE,75.07,30.03,LOW,0.0139,True,12.16,A 1% price increase leads to a 4.01% decrease in demand. Highly price-sensitive.
85114C,RED ENCHANTED FOREST PLACEMAT,General,-3.997,Highly Elastic,1.641,1.2308,-25.0,LOWER_PRICE,74.92,29.97,LOW,0.0157,False,9.62,A 1% price increase leads to a 4.0% decrease in demand. Highly price-sensitive.
22637,damages,General,-3.9932,Highly Elastic,2.5189,1.8892,-25.0,LOWER_PRICE,74.83,29.93,LOW,0.0178,True,10.72,A 1% price increase leads to a 3.99% decrease in demand. Highly price-sensitive.
48111,DOORMAT 3 SMILEY CATS,General,-3.9899,Highly Elastic,7.8392,5.8794,-25.0,LOWER_PRICE,74.75,29.9,LOW,0.0221,True,8.61,A 1% price increase leads to a 3.99% decrease in demand. Highly price-sensitive.
21733,RED HANGING HEART T-LIGHT HOLDER,General,-3.9861,Highly Elastic,2.9415,2.2061,-25.0,LOWER_PRICE,74.65,29.86,LOW,0.0144,True,17.7,A 1% price increase leads to a 3.99% decrease in demand. Highly price-sensitive.
47590B,check,General,-3.9843,Highly Elastic,5.4006,4.0504,-25.0,LOWER_PRICE,74.61,29.84,LOW,0.0137,True,12.43,A 1% price increase leads to a 3.98% decrease in demand. Highly price-sensitive.
85231B,CINAMMON SET OF 9 T-LIGHTS,General,-3.9817,Highly Elastic,0.8666,0.65,-25.0,LOWER_PRICE,74.54,29.82,LOW,0.0168,False,9.86,A 1% price increase leads to a 3.98% decrease in demand. Highly price-sensitive.
21314,SMALL GLASS HEART TRINKET POT,General,-3.9767,Highly Elastic,2.0905,1.5679,-25.0,LOWER_PRICE,74.42,29.77,LOW,0.0154,True,12.81,A 1% price increase leads to a 3.98% decrease in demand. Highly price-sensitive.
85170B,SET/6 BLACK BIRD T-LIGHT CANDLES,General,-3.9741,Highly Elastic,1.9721,1.4791,-25.0,LOWER_PRICE,74.35,29.74,MEDIUM,0.1812,True,10.32,A 1% price increase leads to a 3.97% decrease in demand. Highly price-sensitive.
22207,FRYING PAN UNION FLAG,General,-3.9705,Highly Elastic,4.3278,3.2458,-25.0,LOWER_PRICE,74.26,29.7,LOW,0.0397,True,11.89,A 1% price increase leads to a 3.97% decrease in demand. Highly price-sensitive.
21813,GARLAND WITH STARS AND BELLS,General,-3.9664,Highly Elastic,4.9056,3.6792,-25.0,LOWER_PRICE,74.16,29.66,LOW,0.0162,False,7.78,A 1% price increase leads to a 3.97% decrease in demand. Highly price-sensitive.
23102,SILVER HEARTS TABLE DECORATION,General,-3.964,Highly Elastic,0.8255,0.6191,-25.0,LOWER_PRICE,74.1,29.64,LOW,0.0146,False,9.28,A 1% price increase leads to a 3.96% decrease in demand. Highly price-sensitive.
17129F,BLUE GLASS GEMS IN BAG,General,-3.9583,Highly Elastic,0.8763,0.6572,-25.0,LOWER_PRICE,73.96,29.58,MEDIUM,0.2655,True,12.74,A 1% price increase leads to a 3.96% decrease in demand. Highly price-sensitive.
23249,ENAMEL DINNER PLATE PANTRY,General,-3.9573,Highly Elastic,1.6382,1.2287,-25.0,LOWER_PRICE,73.93,29.57,LOW,0.0152,False,11.26,A 1% price increase leads to a 3.96% decrease in demand. Highly price-sensitive.
23173,REGENCY TEAPOT ROSES ,General,-3.9565,Highly Elastic,9.6494,7.237,-25.0,LOWER_PRICE,73.91,29.56,LOW,0.0217,True,11.71,A 1% price increase leads to a 3.96% decrease in demand. Highly price-sensitive.
23207,LUNCH BAG ALPHABET DESIGN,General,-3.9522,Highly Elastic,1.6522,1.2391,-25.0,LOWER_PRICE,73.8,29.52,LOW,0.0123,True,16.99,A 1% price increase leads to a 3.95% decrease in demand. Highly price-sensitive.
23145,ZINC T-LIGHT HOLDER STARS LARGE,General,-3.945,Highly Elastic,0.9585,0.7189,-25.0,LOWER_PRICE,73.62,29.45,LOW,0.0456,True,12.9,A 1% price increase leads to a 3.94% decrease in demand. Highly price-sensitive.
22411,JUMBO SHOPPER VINTAGE RED PAISLEY,General,-3.945,Highly Elastic,2.0345,1.5259,-25.0,LOWER_PRICE,73.62,29.45,LOW,0.0131,True,17.41,A 1% price increase leads to a 3.94% decrease in demand. Highly price-sensitive.
23660,HENRIETTA HEN MUG ,General,-3.9441,Highly Elastic,1.6597,1.2448,-25.0,LOWER_PRICE,73.6,29.44,LOW,0.0189,False,10.84,A 1% price increase leads to a 3.94% decrease in demand. Highly price-sensitive.
22607,WOODEN ROUNDERS GARDEN SET ,General,-3.9425,Highly Elastic,9.7303,7.2977,-25.0,LOWER_PRICE,73.56,29.42,LOW,0.0217,True,10.54,A 1% price increase leads to a 3.94% decrease in demand. Highly price-sensitive.
85200,Unknown,General,-3.9395,Highly Elastic,1.2437,0.9328,-25.0,LOWER_PRICE,73.49,29.4,LOW,0.0155,False,6.37,A 1% price increase leads to a 3.94% decrease in demand. Highly price-sensitive.
22357,KINGS CHOICE BISCUIT TIN,General,-3.9359,Highly Elastic,4.2288,3.1716,-25.0,LOWER_PRICE,73.4,29.36,LOW,0.0157,False,7.48,A 1% price increase leads to a 3.94% decrease in demand. Highly price-sensitive.
22166,WALL MIRROR RECTANGLE DIAMANTE PINK,General,-3.9345,Highly Elastic,7.2236,5.4177,-25.0,LOWER_PRICE,73.36,29.34,HIGH,0.3495,True,9.03,A 1% price increase leads to a 3.93% decrease in demand. Highly price-sensitive.
84843,WHITE SOAP RACK WITH 2 BOTTLES,General,-3.9273,Highly Elastic,5.8159,4.3619,-25.0,LOWER_PRICE,73.18,29.27,LOW,0.0371,False,6.81,A 1% price increase leads to a 3.93% decrease in demand. Highly price-sensitive.
22697,GREEN REGENCY TEACUP AND SAUCER,General,-3.923,Highly Elastic,2.9324,2.1993,-25.0,LOWER_PRICE,73.08,29.23,LOW,0.0149,True,15.37,A 1% price increase leads to a 3.92% decrease in demand. Highly price-sensitive.
84880,Unknown,General,-3.9194,Highly Elastic,6.9088,5.1816,-25.0,LOWER_PRICE,72.98,29.19,LOW,0.0755,True,9.08,A 1% price increase leads to a 3.92% decrease in demand. Highly price-sensitive.
22865,Unknown,General,-3.9182,Highly Elastic,2.0979,1.5734,-25.0,LOWER_PRICE,72.95,29.18,LOW,0.0102,True,18.53,A 1% price increase leads to a 3.92% decrease in demand. Highly price-sensitive.
84997D,CHILDRENS CUTLERY POLKADOT PINK,General,-3.9156,Highly Elastic,4.0779,3.0584,-25.0,LOWER_PRICE,72.89,29.16,LOW,0.0159,True,14.22,A 1% price increase leads to a 3.92% decrease in demand. Highly price-sensitive.
23075,PARLOUR CERAMIC WALL HOOK,General,-3.907,Highly Elastic,4.1563,3.1172,-25.0,LOWER_PRICE,72.67,29.07,LOW,0.0118,False,8.28,A 1% price increase leads to a 3.91% decrease in demand. Highly price-sensitive.
72225C,Unknown,General,-3.9067,Highly Elastic,0.2739,0.2054,-25.0,LOWER_PRICE,72.67,29.07,LOW,0.0532,False,12.82,A 1% price increase leads to a 3.91% decrease in demand. Highly price-sensitive.
23243,SET OF TEA COFFEE SUGAR TINS PANTRY,General,-3.8979,Highly Elastic,4.875,3.6562,-25.0,LOWER_PRICE,72.45,28.98,LOW,0.0163,True,12.86,A 1% price increase leads to a 3.9% decrease in demand. Highly price-sensitive.
22493,PAINT YOUR OWN CANVAS SET,General,-3.896,Highly Elastic,1.7259,1.2944,-25.0,LOWER_PRICE,72.4,28.96,LOW,0.0491,True,12.65,A 1% price increase leads to a 3.9% decrease in demand. Highly price-sensitive.
23492,VINTAGE JINGLE BELLS WREATH,General,-3.8938,Highly Elastic,8.1953,6.1465,-25.0,LOWER_PRICE,72.34,28.94,LOW,0.0146,False,8.39,A 1% price increase leads to a 3.89% decrease in demand. Highly price-sensitive.
22502,PICNIC BASKET WICKER 60 PIECES,General,-3.8889,Highly Elastic,5.7905,4.3429,-25.0,LOWER_PRICE,72.22,28.89,LOW,0.0204,True,10.89,A 1% price increase leads to a 3.89% decrease in demand. Highly price-sensitive.
21217,RED RETROSPOT ROUND CAKE TINS,General,-3.8801,Highly Elastic,9.8662,7.3996,-25.0,LOWER_PRICE,72.0,28.8,LOW,0.0122,True,10.76,A 1% price increase leads to a 3.88% decrease in demand. Highly price-sensitive.
23414,ZINC BOX SIGN HOME,General,-3.874,Highly Elastic,9.8471,7.3853,-25.0,LOWER_PRICE,71.85,28.74,LOW,0.0165,False,7.55,A 1% price increase leads to a 3.87% decrease in demand. Highly price-sensitive.
21973,Unknown,General,-3.8668,Highly Elastic,1.4479,1.0859,-25.0,LOWER_PRICE,71.67,28.67,LOW,0.0113,False,9.06,A 1% price increase leads to a 3.87% decrease in demand. Highly price-sensitive.
22083,PAPER CHAIN KIT RETROSPOT,General,-3.8558,Highly Elastic,2.9236,2.1927,-25.0,LOWER_PRICE,71.39,28.56,LOW,0.0151,True,13.64,A 1% price increase leads to a 3.86% decrease in demand. Highly price-sensitive.
10080,check,General,-3.8514,Highly Elastic,0.3927,0.2945,-25.0,LOWER_PRICE,71.28,28.51,LOW,0.0157,False,9.46,A 1% price increase leads to a 3.85% decrease in demand. Highly price-sensitive.
23200,JUMBO BAG PEARS,General,-3.8512,Highly Elastic,2.0604,1.5453,-25.0,LOWER_PRICE,71.28,28.51,LOW,0.0124,True,15.06,A 1% price increase leads to a 3.85% decrease in demand. Highly price-sensitive.
21059,PARTY INVITES DINOSAURS,General,-3.8397,Highly Elastic,0.8523,0.6392,-25.0,LOWER_PRICE,70.99,28.4,LOW,0.0157,False,8.0,A 1% price increase leads to a 3.84% decrease in demand. Highly price-sensitive.
23576,SNACK TRAY RED VINTAGE DOILY,General,-3.8349,Highly Elastic,1.9291,1.4468,-25.0,LOWER_PRICE,70.87,28.35,LOW,0.0211,False,10.91,A 1% price increase leads to a 3.83% decrease in demand. Highly price-sensitive.
22605,WOODEN CROQUET GARDEN SET,General,-3.8348,Highly Elastic,14.2888,10.7166,-25.0,LOWER_PRICE,70.87,28.35,LOW,0.028,True,9.33,A 1% price increase leads to a 3.83% decrease in demand. Highly price-sensitive.
22698,Unknown,General,-3.833,Highly Elastic,2.9465,2.2099,-25.0,LOWER_PRICE,70.83,28.33,LOW,0.02,True,14.4,A 1% price increase leads to a 3.83% decrease in demand. Highly price-sensitive.
48194,DOORMAT HEARTS,General,-3.8327,Highly Elastic,7.9471,5.9603,-25.0,LOWER_PRICE,70.82,28.33,LOW,0.0452,True,13.11,A 1% price increase leads to a 3.83% decrease in demand. Highly price-sensitive.
21245,GREEN POLKADOT PLATE ,General,-3.832,Highly Elastic,1.675,1.2563,-25.0,LOWER_PRICE,70.8,28.32,LOW,0.014,False,10.74,A 1% price increase leads to a 3.83% decrease in demand. Highly price-sensitive.
23025,DRAWER KNOB VINTAGE GLASS BALL,General,-3.8248,Highly Elastic,2.0663,1.5497,-25.0,LOWER_PRICE,70.62,28.25,LOW,0.0128,False,9.97,A 1% price increase leads to a 3.82% decrease in demand. Highly price-sensitive.
22311,OFFICE MUG WARMER BLACK+SILVER ,General,-3.8241,Highly Elastic,2.9682,2.2262,-25.0,LOWER_PRICE,70.6,28.24,LOW,0.0391,True,11.41,A 1% price increase leads to a 3.82% decrease in demand. Highly price-sensitive.
22666,RECIPE BOX PANTRY YELLOW DESIGN,General,-3.823,Highly Elastic,2.9437,2.2078,-25.0,LOWER_PRICE,70.58,28.23,LOW,0.0152,True,16.68,A 1% price increase leads to a 3.82% decrease in demand. Highly price-sensitive.
23542,WALL ART 70'S ALPHABET ,General,-3.8187,Highly Elastic,8.038,6.0285,-25.0,LOWER_PRICE,70.47,28.19,LOW,0.0236,False,11.62,A 1% price increase leads to a 3.82% decrease in demand. Highly price-sensitive.
23356,LOVE HOT WATER BOTTLE,General,-3.8091,Highly Elastic,5.867,4.4002,-25.0,LOWER_PRICE,70.23,28.09,LOW,0.0138,True,14.01,A 1% price increase leads to a 3.81% decrease in demand. Highly price-sensitive.
84741C,Unknown,General,-3.8086,Highly Elastic,1.933,1.4498,-25.0,LOWER_PRICE,70.22,28.09,LOW,0.0137,False,7.3,A 1% price increase leads to a 3.81% decrease in demand. Highly price-sensitive.
22818,CARD CHRISTMAS VILLAGE,General,-3.8035,Highly Elastic,0.4207,0.3155,-25.0,LOWER_PRICE,70.09,28.04,LOW,0.0127,True,12.88,A 1% price increase leads to a 3.8% decrease in demand. Highly price-sensitive.
21324,Unknown,General,-3.8018,Highly Elastic,2.9442,2.2081,-25.0,LOWER_PRICE,70.05,28.02,LOW,0.0147,False,8.08,A 1% price increase leads to a 3.8% decrease in demand. Highly price-sensitive.
23274,STAR T-LIGHT HOLDER WILLIE WINKIE,General,-3.7935,Highly Elastic,1.752,1.314,-25.0,LOWER_PRICE,69.84,27.94,LOW,0.0327,True,10.3,A 1% price increase leads to a 3.79% decrease in demand. Highly price-sensitive.
16016,LARGE CHINESE STYLE SCISSOR,General,-3.792,Highly Elastic,0.8451,0.6338,-25.0,LOWER_PRICE,69.8,27.92,LOW,0.0151,False,11.58,A 1% price increase leads to a 3.79% decrease in demand. Highly price-sensitive.
46776A,WOVEN BUBBLE GUM CUSHION COVER,General,-3.7879,Highly Elastic,4.9193,3.6895,-25.0,LOWER_PRICE,69.7,27.88,LOW,0.0073,False,6.75,A 1% price increase leads to a 3.79% decrease in demand. Highly price-sensitive.
22079,RIBBON REEL HEARTS DESIGN ,General,-3.7878,Highly Elastic,1.6909,1.2682,-25.0,LOWER_PRICE,69.69,27.88,LOW,0.0186,True,11.17,A 1% price increase leads to a 3.79% decrease in demand. Highly price-sensitive.
85026B,EAU DE NILE JEWELLED T-LIGHT HOLDER,General,-3.7818,Highly Elastic,0.8514,0.6386,-25.0,LOWER_PRICE,69.55,27.82,LOW,0.011,False,9.64,A 1% price increase leads to a 3.78% decrease in demand. Highly price-sensitive.
22024,Unknown,General,-3.7788,Highly Elastic,0.4228,0.3171,-25.0,LOWER_PRICE,69.47,27.79,LOW,0.0448,True,12.23,A 1% price increase leads to a 3.78% decrease in demand. Highly price-sensitive.
22846,BREAD BIN DINER STYLE RED ,General,-3.7771,Highly Elastic,16.4909,12.3682,-25.0,LOWER_PRICE,69.43,27.77,LOW,0.0144,True,9.75,A 1% price increase leads to a 3.78% decrease in demand. Highly price-sensitive.
17038,PORCELAIN BUDAH INCENSE HOLDER,General,-3.7763,Highly Elastic,0.0942,0.0707,-25.0,LOWER_PRICE,69.41,27.76,LOW,0.0538,False,21.47,A 1% price increase leads to a 3.78% decrease in demand. Highly price-sensitive.
22714,CARD BIRTHDAY COWBOY,General,-3.7749,Highly Elastic,0.4233,0.3175,-25.0,LOWER_PRICE,69.37,27.75,LOW,0.0446,True,12.53,A 1% price increase leads to a 3.77% decrease in demand. Highly price-sensitive.
22572,??,General,-3.7673,Highly Elastic,0.8463,0.6347,-25.0,LOWER_PRICE,69.18,27.67,LOW,0.014,False,11.26,A 1% price increase leads to a 3.77% decrease in demand. Highly price-sensitive.
21479,?,General,-3.7606,Highly Elastic,3.9756,2.9817,-25.0,LOWER_PRICE,69.02,27.61,LOW,0.0165,True,13.37,A 1% price increase leads to a 3.76% decrease in demand. Highly price-sensitive.
16162L,Unknown,General,-3.7477,Highly Elastic,0.6571,0.4928,-25.0,LOWER_PRICE,68.69,27.48,LOW,0.0115,False,8.0,A 1% price increase leads to a 3.75% decrease in demand. Highly price-sensitive.
90184B,AMETHYST CHUNKY BEAD BRACELET W STR,General,-3.7465,Highly Elastic,8.9662,6.7247,-25.0,LOWER_PRICE,68.66,27.46,LOW,0.01,False,5.95,A 1% price increase leads to a 3.75% decrease in demand. Highly price-sensitive.
22816,CARD MOTORBIKE SANTA,General,-3.746,Highly Elastic,0.4178,0.3134,-25.0,LOWER_PRICE,68.65,27.46,LOW,0.01,False,14.98,A 1% price increase leads to a 3.75% decrease in demand. Highly price-sensitive.
85177,BASKET OF FLOWERS SEWING KIT,General,-3.7454,Highly Elastic,0.9236,0.6927,-25.0,LOWER_PRICE,68.64,27.46,LOW,0.1195,True,13.64,A 1% price increase leads to a 3.75% decrease in demand. Highly price-sensitive.
21988,PACK OF 6 SKULL PAPER PLATES,General,-3.7323,Highly Elastic,0.8417,0.6313,-25.0,LOWER_PRICE,68.31,27.32,LOW,0.0206,True,12.0,A 1% price increase leads to a 3.73% decrease in demand. Highly price-sensitive.
20750,RED RETROSPOT MINI CASES,General,-3.7298,Highly Elastic,7.7664,5.8248,-25.0,LOWER_PRICE,68.25,27.3,LOW,0.0222,True,11.65,A 1% price increase leads to a 3.73% decrease in demand. Highly price-sensitive.
23092,LARGE ANTIQUE WHITE PHOTO FRAME,General,-3.7126,Highly Elastic,7.796,5.847,-25.0,LOWER_PRICE,67.81,27.12,LOW,0.0147,False,8.9,A 1% price increase leads to a 3.71% decrease in demand. Highly price-sensitive.
62086A,PINK RETRO BIG FLOWER BAG,General,-3.7083,Highly Elastic,1.9522,1.4642,-25.0,LOWER_PRICE,67.71,27.08,LOW,0.0138,False,9.46,A 1% price increase leads to a 3.71% decrease in demand. Highly price-sensitive.
23192,BUNDLE OF 3 ALPHABET EXERCISE BOOKS,General,-3.7075,Highly Elastic,1.6651,1.2488,-25.0,LOWER_PRICE,67.69,27.08,LOW,0.0265,True,12.24,A 1% price increase leads to a 3.71% decrease in demand. Highly price-sensitive.
21239,PINK  POLKADOT CUP,General,-3.701,Highly Elastic,0.8405,0.6304,-25.0,LOWER_PRICE,67.53,27.01,LOW,0.0152,True,11.89,A 1% price increase leads to a 3.7% decrease in demand. Highly price-sensitive.
22943,Unknown,General,-3.6944,Highly Elastic,4.9473,3.7105,-25.0,LOWER_PRICE,67.36,26.94,LOW,0.0385,True,11.69,A 1% price increase leads to a 3.69% decrease in demand. Highly price-sensitive.
23060,HEART BEADED TRELLIS DECORATION,General,-3.6936,Highly Elastic,2.073,1.5547,-25.0,LOWER_PRICE,67.34,26.94,LOW,0.0167,False,7.3,A 1% price increase leads to a 3.69% decrease in demand. Highly price-sensitive.
21972,SET OF 36 DINOSAUR PAPER DOILIES,General,-3.6925,Highly Elastic,1.446,1.0845,-25.0,LOWER_PRICE,67.31,26.92,LOW,0.0116,False,9.51,A 1% price increase leads to a 3.69% decrease in demand. Highly price-sensitive.
21629,SQUARE FLOOR CUSHION VINTAGE RED,General,-3.6763,Highly Elastic,7.9782,5.9836,-25.0,LOWER_PRICE,66.91,26.76,LOW,0.0105,False,6.61,A 1% price increase leads to a 3.68% decrease in demand. Highly price-sensitive.
84247E,Unknown,General,-3.6703,Highly Elastic,2.9534,2.215,-25.0,LOWER_PRICE,66.76,26.7,LOW,0.0122,False,7.91,A 1% price increase leads to a 3.67% decrease in demand. Highly price-sensitive.
23228,FILIGREE HEART BIRD WHITE ,General,-3.6599,Highly Elastic,1.3473,1.0105,-25.0,LOWER_PRICE,66.5,26.6,LOW,0.1018,True,12.41,A 1% price increase leads to a 3.66% decrease in demand. Highly price-sensitive.
22898,CHILDRENS APRON APPLES DESIGN,General,-3.6581,Highly Elastic,1.9606,1.4705,-25.0,LOWER_PRICE,66.45,26.58,LOW,0.0131,True,10.69,A 1% price increase leads to a 3.66% decrease in demand. Highly price-sensitive.
22662,LUNCH BAG DOLLY GIRL DESIGN,General,-3.6573,Highly Elastic,1.6601,1.2451,-25.0,LOWER_PRICE,66.43,26.57,LOW,0.0113,True,15.1,A 1% price increase leads to a 3.66% decrease in demand. Highly price-sensitive.
20982,12 PENCILS TALL TUBE SKULLS,General,-3.6569,Highly Elastic,0.8492,0.6369,-25.0,LOWER_PRICE,66.42,26.57,LOW,0.011,True,11.58,A 1% price increase leads to a 3.66% decrease in demand. Highly price-sensitive.
22025,check,General,-3.6554,Highly Elastic,0.4178,0.3134,-25.0,LOWER_PRICE,66.39,26.56,LOW,0.0198,False,10.14,A 1% price increase leads to a 3.66% decrease in demand. Highly price-sensitive.
22270,HAPPY EASTER HANGING DECORATION,General,-3.6546,Highly Elastic,3.7654,2.8241,-25.0,LOWER_PRICE,66.36,26.54,LOW,0.0088,False,8.9,A 1% price increase leads to a 3.65% decrease in demand. Highly price-sensitive.
22636,CHILDS BREAKFAST SET CIRCUS PARADE,General,-3.6541,Highly Elastic,8.4152,6.3114,-25.0,LOWER_PRICE,66.35,26.54,LOW,0.013,True,9.23,A 1% price increase leads to a 3.65% decrease in demand. Highly price-sensitive.
20756,Unknown,General,-3.6524,Highly Elastic,0.8581,0.6436,-25.0,LOWER_PRICE,66.31,26.52,LOW,0.01,False,8.53,A 1% price increase leads to a 3.65% decrease in demand. Highly price-sensitive.
22272,Damaged,General,-3.6398,Highly Elastic,2.9355,2.2016,-25.0,LOWER_PRICE,66.0,26.4,LOW,0.0155,False,9.34,A 1% price increase leads to a 3.64% decrease in demand. Highly price-sensitive.
23319,BOX OF 6 MINI 50'S CRACKERS,General,-3.6386,Highly Elastic,2.4642,1.8481,-25.0,LOWER_PRICE,65.96,26.38,LOW,0.0133,True,13.21,A 1% price increase leads to a 3.64% decrease in demand. Highly price-sensitive.
72130,COLUMBIAN CANDLE ROUND,General,-3.6314,Highly Elastic,0.6373,0.478,-25.0,LOWER_PRICE,65.79,26.32,LOW,0.0173,False,9.79,A 1% price increase leads to a 3.63% decrease in demand. Highly price-sensitive.
23426,METAL SIGN DROP YOUR PANTS,General,-3.6237,Highly Elastic,2.8326,2.1244,-25.0,LOWER_PRICE,65.59,26.24,LOW,0.0304,True,12.22,A 1% price increase leads to a 3.62% decrease in demand. Highly price-sensitive.
21499,BLUE POLKADOT WRAP,General,-3.6168,Highly Elastic,0.4163,0.3122,-25.0,LOWER_PRICE,65.42,26.17,LOW,0.0116,True,15.49,A 1% price increase leads to a 3.62% decrease in demand. Highly price-sensitive.
21561,DINOSAUR LUNCH BOX WITH CUTLERY,General,-3.6162,Highly Elastic,2.5884,1.9413,-25.0,LOWER_PRICE,65.41,26.16,LOW,0.031,True,9.85,A 1% price increase leads to a 3.62% decrease in demand. Highly price-sensitive.
21833,damages,General,-3.6121,Highly Elastic,1.6746,1.256,-25.0,LOWER_PRICE,65.3,26.12,LOW,0.0109,False,14.28,A 1% price increase leads to a 3.61% decrease in demand. Highly price-sensitive.
23423,PANTRY 3 HOOK ROLLING PIN HANGER,General,-3.6065,Highly Elastic,3.7433,2.8075,-25.0,LOWER_PRICE,65.16,26.06,LOW,0.0117,False,9.52,A 1% price increase leads to a 3.61% decrease in demand. Highly price-sensitive.
22326,ROUND SNACK BOXES SET OF4 WOODLAND ,General,-3.6054,Highly Elastic,2.9393,2.2045,-25.0,LOWER_PRICE,65.14,26.06,LOW,0.0107,True,16.12,A 1% price increase leads to a 3.61% decrease in demand. Highly price-sensitive.
23082,SET 6 PAPER TABLE LANTERN HEARTS ,General,-3.6017,Highly Elastic,3.7229,2.7922,-25.0,LOWER_PRICE,65.04,26.02,LOW,0.0114,True,12.54,A 1% price increase leads to a 3.6% decrease in demand. Highly price-sensitive.
21259,Unknown,General,-3.6007,Highly Elastic,5.9382,4.4536,-25.0,LOWER_PRICE,65.02,26.01,LOW,0.0142,True,10.94,A 1% price increase leads to a 3.6% decrease in demand. Highly price-sensitive.
20728,LUNCH BAG CARS BLUE,General,-3.5964,Highly Elastic,1.6479,1.2359,-25.0,LOWER_PRICE,64.91,25.96,LOW,0.0086,True,18.82,A 1% price increase leads to a 3.6% decrease in demand. Highly price-sensitive.
23085,ANTIQUE SILVER BAUBLE LAMP  ,General,-3.596,Highly Elastic,10.0381,7.5286,-25.0,LOWER_PRICE,64.9,25.96,LOW,0.0263,True,11.1,A 1% price increase leads to a 3.6% decrease in demand. Highly price-sensitive.
22980,PANTRY SCRUBBING BRUSH,General,-3.5909,Highly Elastic,1.6576,1.2432,-25.0,LOWER_PRICE,64.77,25.91,LOW,0.0238,True,12.13,A 1% price increase leads to a 3.59% decrease in demand. Highly price-sensitive.
23579,Unknown,General,-3.5888,Highly Elastic,1.9274,1.4455,-25.0,LOWER_PRICE,64.72,25.89,LOW,0.0113,False,9.67,A 1% price increase leads to a 3.59% decrease in demand. Highly price-sensitive.
22284,HEN HOUSE DECORATION,General,-3.5868,Highly Elastic,1.65,1.2375,-25.0,LOWER_PRICE,64.67,25.87,LOW,0.0125,False,9.82,A 1% price increase leads to a 3.59% decrease in demand. Highly price-sensitive.
22622,BOX OF VINTAGE ALPHABET BLOCKS,General,-3.579,Highly Elastic,10.9458,8.2094,-25.0,LOWER_PRICE,64.48,25.79,LOW,0.031,True,10.41,A 1% price increase leads to a 3.58% decrease in demand. Highly price-sensitive.
21872,GLAMOROUS  MUG,General,-3.5785,Highly Elastic,1.2664,0.9498,-25.0,LOWER_PRICE,64.46,25.78,LOW,0.0634,True,10.87,A 1% price increase leads to a 3.58% decrease in demand. Highly price-sensitive.
21651,Unknown,General,-3.5783,Highly Elastic,1.643,1.2323,-25.0,LOWER_PRICE,64.46,25.78,LOW,0.0096,False,10.81,A 1% price increase leads to a 3.58% decrease in demand. Highly price-sensitive.
22432,WATERING CAN PINK BUNNY,General,-3.5767,Highly Elastic,1.9539,1.4654,-25.0,LOWER_PRICE,64.42,25.77,LOW,0.0149,True,10.6,A 1% price increase leads to a 3.58% decrease in demand. Highly price-sensitive.
21116,Unknown,General,-3.5755,Highly Elastic,4.9635,3.7226,-25.0,LOWER_PRICE,64.39,25.76,LOW,0.0283,True,8.62,A 1% price increase leads to a 3.58% decrease in demand. Highly price-sensitive.
22985,WRAP BILLBOARD FONTS DESIGN,General,-3.5752,Highly Elastic,0.4182,0.3136,-25.0,LOWER_PRICE,64.38,25.75,LOW,0.0109,False,16.86,A 1% price increase leads to a 3.58% decrease in demand. Highly price-sensitive.
22768,FAMILY PHOTO FRAME CORNICE,General,-3.5738,Highly Elastic,9.8711,7.4033,-25.0,LOWER_PRICE,64.34,25.74,LOW,0.0119,True,9.24,A 1% price increase leads to a 3.57% decrease in demand. Highly price-sensitive.
23209,LUNCH BAG VINTAGE DOILY ,General,-3.5728,Highly Elastic,1.6491,1.2368,-25.0,LOWER_PRICE,64.32,25.73,LOW,0.0074,True,21.35,A 1% price increase leads to a 3.57% decrease in demand. Highly price-sensitive.
22524,Unknown,General,-3.5723,Highly Elastic,1.2441,0.9331,-25.0,LOWER_PRICE,64.31,25.72,LOW,0.0104,False,10.9,A 1% price increase leads to a 3.57% decrease in demand. Highly price-sensitive.
21686,Unknown,General,-3.571,Highly Elastic,39.7246,29.7934,-25.0,LOWER_PRICE,64.28,25.71,LOW,0.0094,False,8.67,A 1% price increase leads to a 3.57% decrease in demand. Highly price-sensitive.
22984,CARD GINGHAM ROSE ,General,-3.5686,Highly Elastic,0.424,0.318,-25.0,LOWER_PRICE,64.22,25.69,LOW,0.0324,True,12.08,A 1% price increase leads to a 3.57% decrease in demand. Highly price-sensitive.
22805,BLUE DRAWER KNOB ACRYLIC EDWARDIAN,General,-3.5555,Highly Elastic,1.2503,0.9377,-25.0,LOWER_PRICE,63.89,25.56,LOW,0.0111,False,11.18,A 1% price increase leads to a 3.56% decrease in demand. Highly price-sensitive.
22300,COFFEE MUG DOG + BALL DESIGN,General,-3.5526,Highly Elastic,2.5122,1.8841,-25.0,LOWER_PRICE,63.81,25.52,LOW,0.0467,True,10.92,A 1% price increase leads to a 3.55% decrease in demand. Highly price-sensitive.
23191,BUNDLE OF 3 RETRO EXERCISE BOOKS,General,-3.5523,Highly Elastic,1.6656,1.2492,-25.0,LOWER_PRICE,63.81,25.52,LOW,0.0105,True,13.34,A 1% price increase leads to a 3.55% decrease in demand. Highly price-sensitive.
22573,STAR WOODEN CHRISTMAS DECORATION,General,-3.5492,Highly Elastic,0.8979,0.6734,-25.0,LOWER_PRICE,63.73,25.49,LOW,0.0403,True,15.64,A 1% price increase leads to a 3.55% decrease in demand. Highly price-sensitive.
21713,CITRONELLA CANDLE FLOWERPOT,General,-3.545,Highly Elastic,2.0984,1.5738,-25.0,LOWER_PRICE,63.62,25.45,LOW,0.0115,False,9.63,A 1% price increase leads to a 3.54% decrease in demand. Highly price-sensitive.
21910,Unknown,General,-3.5444,Highly Elastic,1.6341,1.2256,-25.0,LOWER_PRICE,63.61,25.44,LOW,0.008,False,7.71,A 1% price increase leads to a 3.54% decrease in demand. Highly price-sensitive.
23286,BLUE VINTAGE SPOT BEAKER,General,-3.5427,Highly Elastic,0.8465,0.6349,-25.0,LOWER_PRICE,63.57,25.43,LOW,0.0129,False,10.81,A 1% price increase leads to a 3.54% decrease in demand. Highly price-sensitive.
21975,PACK OF 60 DINOSAUR CAKE CASES,General,-3.542,Highly Elastic,0.5597,0.4198,-25.0,LOWER_PRICE,63.55,25.42,LOW,0.0241,True,16.93,A 1% price increase leads to a 3.54% decrease in demand. Highly price-sensitive.
20764,ABSTRACT CIRCLES SKETCHBOOK ,General,-3.5388,Highly Elastic,3.7329,2.7997,-25.0,LOWER_PRICE,63.47,25.39,LOW,0.0084,False,7.97,A 1% price increase leads to a 3.54% decrease in demand. Highly price-sensitive.
22615,PACK OF 12 CIRCUS PARADE TISSUES ,General,-3.5265,Highly Elastic,0.3271,0.2453,-25.0,LOWER_PRICE,63.16,25.26,LOW,0.0992,True,14.28,A 1% price increase leads to a 3.53% decrease in demand. Highly price-sensitive.
23390,DOLLY GIRL MINI RUCKSACK,General,-3.5241,Highly Elastic,4.1345,3.1009,-25.0,LOWER_PRICE,63.1,25.24,LOW,0.012,False,9.75,A 1% price increase leads to a 3.52% decrease in demand. Highly price-sensitive.
17012A,Unknown,General,-3.5237,Highly Elastic,0.8553,0.6415,-25.0,LOWER_PRICE,63.09,25.24,LOW,0.0082,False,9.29,A 1% price increase leads to a 3.52% decrease in demand. Highly price-sensitive.
21520,BOOZE & WOMEN GREETING CARD ,General,-3.5229,Highly Elastic,0.416,0.312,-25.0,LOWER_PRICE,63.07,25.23,LOW,0.0149,False,9.72,A 1% price increase leads to a 3.52% decrease in demand. Highly price-sensitive.
23283,Unknown,General,-3.5211,Highly Elastic,7.8497,5.8873,-25.0,LOWER_PRICE,63.03,25.21,LOW,0.0183,True,10.41,A 1% price increase leads to a 3.52% decrease in demand. Highly price-sensitive.
82494L,crushed ctn,General,-3.5165,Highly Elastic,2.9312,2.1984,-25.0,LOWER_PRICE,62.91,25.16,LOW,0.0107,True,16.62,A 1% price increase leads to a 3.52% decrease in demand. Highly price-sensitive.
23501,KEY RING BASEBALL BOOT UNION JACK,General,-3.5116,Highly Elastic,1.2253,0.919,-25.0,LOWER_PRICE,62.79,25.12,LOW,0.0129,False,14.53,A 1% price increase leads to a 3.51% decrease in demand. Highly price-sensitive.
23469,CARD HOLDER LOVE BIRD SMALL,General,-3.5106,Highly Elastic,4.1617,3.1213,-25.0,LOWER_PRICE,62.77,25.11,LOW,0.0079,False,10.96,A 1% price increase leads to a 3.51% decrease in demand. Highly price-sensitive.
23300,GARDENERS KNEELING PAD CUP OF TEA ,General,-3.5091,Highly Elastic,1.66,1.245,-25.0,LOWER_PRICE,62.73,25.09,LOW,0.0111,True,13.9,A 1% price increase leads to a 3.51% decrease in demand. Highly price-sensitive.
84950,ASSORTED COLOUR T-LIGHT HOLDER,General,-3.5053,Highly Elastic,0.667,0.5003,-25.0,LOWER_PRICE,62.63,25.05,LOW,0.0467,True,22.91,A 1% price increase leads to a 3.51% decrease in demand. Highly price-sensitive.
75178,ASSTD COL BUTTERFLY/CRYSTAL W/CHIME,General,-3.5031,Highly Elastic,1.0855,0.8141,-25.0,LOWER_PRICE,62.58,25.03,HIGH,0.3334,True,11.79,A 1% price increase leads to a 3.5% decrease in demand. Highly price-sensitive.
22457,NATURAL SLATE HEART CHALKBOARD ,General,-3.5026,Highly Elastic,2.9605,2.2204,-25.0,LOWER_PRICE,62.57,25.03,LOW,0.0112,True,19.61,A 1% price increase leads to a 3.5% decrease in demand. Highly price-sensitive.
22921,HERB MARKER CHIVES ,General,-3.4969,Highly Elastic,0.6502,0.4877,-25.0,LOWER_PRICE,62.42,24.97,LOW,0.0096,False,10.36,A 1% price increase leads to a 3.5% decrease in demand. Highly price-sensitive.
22243,5 HOOK HANGER RED MAGIC TOADSTOOL,General,-3.4912,Highly Elastic,1.6403,1.2302,-25.0,LOWER_PRICE,62.28,24.91,LOW,0.011,False,12.67,A 1% price increase leads to a 3.49% decrease in demand. Highly price-sensitive.
22516,CHILDS GARDEN RAKE BLUE,General,-3.4813,Highly Elastic,2.0807,1.5605,-25.0,LOWER_PRICE,62.03,24.81,LOW,0.0153,False,7.81,A 1% price increase leads to a 3.48% decrease in demand. Highly price-sensitive.
90010E,AMBER GLASS/SILVER BRACELET,General,-3.4791,Highly Elastic,8.9424,6.7068,-25.0,LOWER_PRICE,61.98,24.79,LOW,0.0101,False,4.94,A 1% price increase leads to a 3.48% decrease in demand. Highly price-sensitive.
21917,SET 12 KIDS  WHITE CHALK STICKS,General,-3.4657,Highly Elastic,0.4243,0.3182,-25.0,LOWER_PRICE,61.64,24.66,LOW,0.0225,True,13.5,A 1% price increase leads to a 3.47% decrease in demand. Highly price-sensitive.
84985A,SET OF 72 GREEN PAPER DOILIES,General,-3.4604,Highly Elastic,1.4494,1.0871,-25.0,LOWER_PRICE,61.51,24.6,LOW,0.0092,False,8.3,A 1% price increase leads to a 3.46% decrease in demand. Highly price-sensitive.
22558,CLOTHES PEGS RETROSPOT PACK 24 ,General,-3.4559,Highly Elastic,1.5825,1.1869,-25.0,LOWER_PRICE,61.4,24.56,LOW,0.0178,True,16.27,A 1% price increase leads to a 3.46% decrease in demand. Highly price-sensitive.
23225,CHERUB HEART DECORATION SILVER ,General,-3.4552,Highly Elastic,0.9244,0.6933,-25.0,LOWER_PRICE,61.38,24.55,LOW,0.1042,True,14.02,A 1% price increase leads to a 3.46% decrease in demand. Highly price-sensitive.
71406C,BLACK ORANGE SQUEEZER,General,-3.4542,Highly Elastic,0.4205,0.3154,-25.0,LOWER_PRICE,61.36,24.54,LOW,0.0109,False,10.02,A 1% price increase leads to a 3.45% decrease in demand. Highly price-sensitive.
47481,50CM METAL STRING WITH  7 CLIPS,General,-3.4541,Highly Elastic,0.8524,0.6393,-25.0,LOWER_PRICE,61.35,24.54,LOW,0.0088,False,5.62,A 1% price increase leads to a 3.45% decrease in demand. Highly price-sensitive.
22931,BAKING MOULD HEART WHITE CHOCOLATE,General,-3.4518,Highly Elastic,2.5367,1.9025,-25.0,LOWER_PRICE,61.3,24.52,LOW,0.0137,False,9.27,A 1% price increase leads to a 3.45% decrease in demand. Highly price-sensitive.
22367,CHILDRENS APRON SPACEBOY DESIGN,General,-3.4515,Highly Elastic,1.9741,1.4806,-25.0,LOWER_PRICE,61.29,24.52,LOW,0.0136,True,13.58,A 1% price increase leads to a 3.45% decrease in demand. Highly price-sensitive.
21578,found,General,-3.451,Highly Elastic,2.2394,1.6795,-25.0,LOWER_PRICE,61.27,24.51,LOW,0.0096,False,9.83,A 1% price increase leads to a 3.45% decrease in demand. Highly price-sensitive.
23437,GIFT BAG LARGE 50'S CHRISTMAS,General,-3.4458,Highly Elastic,1.2484,0.9363,-25.0,LOWER_PRICE,61.15,24.46,LOW,0.0118,False,14.15,A 1% price increase leads to a 3.45% decrease in demand. Highly price-sensitive.
22047,EMPIRE GIFT WRAP,General,-3.4437,Highly Elastic,0.4167,0.3125,-25.0,LOWER_PRICE,61.09,24.44,LOW,0.0108,False,15.31,A 1% price increase leads to a 3.44% decrease in demand. Highly price-sensitive.
23227,FILIGREE HEART BUTTERFLY WHITE ,General,-3.4412,Highly Elastic,1.2389,0.9292,-25.0,LOWER_PRICE,61.03,24.41,LOW,0.012,False,12.96,A 1% price increase leads to a 3.44% decrease in demand. Highly price-sensitive.
23338,EGG FRYING PAN RED ,General,-3.439,Highly Elastic,2.0765,1.5574,-25.0,LOWER_PRICE,60.98,24.39,LOW,0.0093,False,9.11,A 1% price increase leads to a 3.44% decrease in demand. Highly price-sensitive.
22150,3 STRIPEY MICE FELTCRAFT,General,-3.4368,Highly Elastic,1.952,1.464,-25.0,LOWER_PRICE,60.92,24.37,LOW,0.0097,True,12.15,A 1% price increase leads to a 3.44% decrease in demand. Highly price-sensitive.
85230A,OPIUM SCENTED VOTIVE CANDLE,General,-3.4261,Highly Elastic,0.2711,0.2033,-25.0,LOWER_PRICE,60.65,24.26,LOW,0.0438,False,13.28,A 1% price increase leads to a 3.43% decrease in demand. Highly price-sensitive.
23171,REGENCY TEA PLATE GREEN ,General,-3.4213,Highly Elastic,1.6767,1.2575,-25.0,LOWER_PRICE,60.53,24.21,LOW,0.0246,True,13.13,A 1% price increase leads to a 3.42% decrease in demand. Highly price-sensitive.
21507,ELEPHANT BIRTHDAY CARD ,General,-3.4211,Highly Elastic,0.4252,0.3189,-25.0,LOWER_PRICE,60.53,24.21,LOW,0.0254,True,13.36,A 1% price increase leads to a 3.42% decrease in demand. Highly price-sensitive.
22725,ALARM CLOCK BAKELIKE CHOCOLATE,General,-3.4211,Highly Elastic,3.741,2.8058,-25.0,LOWER_PRICE,60.53,24.21,LOW,0.0089,True,11.59,A 1% price increase leads to a 3.42% decrease in demand. Highly price-sensitive.
82483,crushed,General,-3.421,Highly Elastic,6.636,4.977,-25.0,LOWER_PRICE,60.52,24.21,LOW,0.0243,True,11.96,A 1% price increase leads to a 3.42% decrease in demand. Highly price-sensitive.
22680,FRENCH BLUE METAL DOOR SIGN 5,General,-3.4111,Highly Elastic,1.2462,0.9346,-25.0,LOWER_PRICE,60.28,24.11,LOW,0.008,False,10.48,A 1% price increase leads to a 3.41% decrease in demand. Highly price-sensitive.
22433,WATERING CAN GREEN DINOSAUR,General,-3.4086,Highly Elastic,1.9297,1.4473,-25.0,LOWER_PRICE,60.21,24.08,LOW,0.0126,True,10.35,A 1% price increase leads to a 3.41% decrease in demand. Highly price-sensitive.
47594A,CAROUSEL DESIGN WASHBAG,General,-3.406,Highly Elastic,1.9497,1.4623,-25.0,LOWER_PRICE,60.15,24.06,LOW,0.0054,False,8.22,A 1% price increase leads to a 3.41% decrease in demand. Highly price-sensitive.
85152,Unknown,General,-3.3984,Highly Elastic,2.0958,1.5718,-25.0,LOWER_PRICE,59.96,23.98,LOW,0.0217,True,16.32,A 1% price increase leads to a 3.4% decrease in demand. Highly price-sensitive.
21981,PACK OF 12 WOODLAND TISSUES ,General,-3.3881,Highly Elastic,0.3291,0.2468,-25.0,LOWER_PRICE,59.7,23.88,LOW,0.0749,True,17.87,A 1% price increase leads to a 3.39% decrease in demand. Highly price-sensitive.
22279,POCKET BAG BLUE PAISLEY RED SPOT,General,-3.3671,Highly Elastic,1.2578,0.9434,-25.0,LOWER_PRICE,59.18,23.67,LOW,0.0086,False,9.44,A 1% price increase leads to a 3.37% decrease in demand. Highly price-sensitive.
84029E,Unknown,General,-3.3584,Highly Elastic,3.9721,2.9791,-25.0,LOWER_PRICE,58.96,23.58,LOW,0.014,True,13.51,A 1% price increase leads to a 3.36% decrease in demand. Highly price-sensitive.
22819,"BIRTHDAY CARD, RETRO SPOT",General,-3.3557,Highly Elastic,0.4197,0.3148,-25.0,LOWER_PRICE,58.89,23.56,LOW,0.0101,False,10.39,A 1% price increase leads to a 3.36% decrease in demand. Highly price-sensitive.
90120C,GREEN MURANO TWIST BRACELET,General,-3.351,Highly Elastic,4.2579,3.1934,-25.0,LOWER_PRICE,58.77,23.51,LOW,0.0094,False,12.32,A 1% price increase leads to a 3.35% decrease in demand. Highly price-sensitive.
23042,PAPER LANTERN 7 POINT SNOW STAR,General,-3.3507,Highly Elastic,6.636,4.977,-25.0,LOWER_PRICE,58.77,23.51,LOW,0.008,False,10.16,A 1% price increase leads to a 3.35% decrease in demand. Highly price-sensitive.
22621,TRADITIONAL KNITTING NANCY,General,-3.3427,Highly Elastic,1.6284,1.2213,-25.0,LOWER_PRICE,58.57,23.43,LOW,0.0155,True,14.32,A 1% price increase leads to a 3.34% decrease in demand. Highly price-sensitive.
22606,check,General,-3.3426,Highly Elastic,15.3114,11.4836,-25.0,LOWER_PRICE,58.56,23.42,LOW,0.0239,True,7.87,A 1% price increase leads to a 3.34% decrease in demand. Highly price-sensitive.
21749,LARGE RED RETROSPOT WINDMILL,General,-3.3411,Highly Elastic,2.0848,1.5636,-25.0,LOWER_PRICE,58.53,23.41,LOW,0.0102,False,9.51,A 1% price increase leads to a 3.34% decrease in demand. Highly price-sensitive.
84637,KITCHEN FLOWER POTS WALL PLAQUE,General,-3.3381,Highly Elastic,5.9465,4.4599,-25.0,LOWER_PRICE,58.45,23.38,LOW,0.0066,False,8.53,A 1% price increase leads to a 3.34% decrease in demand. Highly price-sensitive.
23142,IVORY WIRE KITCHEN ORGANISER,General,-3.3378,Highly Elastic,10.3297,7.7473,-25.0,LOWER_PRICE,58.45,23.38,LOW,0.01,False,10.0,A 1% price increase leads to a 3.34% decrease in demand. Highly price-sensitive.
22752,SET 7 BABUSHKA NESTING BOXES,General,-3.3329,Highly Elastic,8.1653,6.124,-25.0,LOWER_PRICE,58.32,23.33,LOW,0.0619,True,11.35,A 1% price increase leads to a 3.33% decrease in demand. Highly price-sensitive.
15056BL,EDWARDIAN PARASOL BLACK,General,-3.3303,Highly Elastic,5.8976,4.4232,-25.0,LOWER_PRICE,58.26,23.3,LOW,0.0412,True,11.44,A 1% price increase leads to a 3.33% decrease in demand. Highly price-sensitive.
22654,DELUXE SEWING KIT ,General,-3.327,Highly Elastic,6.0082,4.5061,-25.0,LOWER_PRICE,58.17,23.27,LOW,0.0145,True,9.98,A 1% price increase leads to a 3.33% decrease in demand. Highly price-sensitive.
21086,SET/6 RED SPOTTY PAPER CUPS,General,-3.3181,Highly Elastic,0.6527,0.4895,-25.0,LOWER_PRICE,57.95,23.18,LOW,0.0284,True,15.37,A 1% price increase leads to a 3.32% decrease in demand. Highly price-sensitive.
23316,RED REFECTORY CLOCK ,General,-3.3179,Highly Elastic,9.7709,7.3282,-25.0,LOWER_PRICE,57.95,23.18,LOW,0.0151,False,9.43,A 1% price increase leads to a 3.32% decrease in demand. Highly price-sensitive.
22963,JAM JAR WITH BLUE LID,General,-3.3154,Highly Elastic,0.8415,0.6311,-25.0,LOWER_PRICE,57.88,23.15,LOW,0.0115,True,12.7,A 1% price increase leads to a 3.32% decrease in demand. Highly price-sensitive.
90155,RESIN NECKLACE W PASTEL BEADS,General,-3.311,Highly Elastic,7.4353,5.5765,-25.0,LOWER_PRICE,57.77,23.11,LOW,0.0141,False,5.71,A 1% price increase leads to a 3.31% decrease in demand. Highly price-sensitive.
20619,TROPICAL PASSPORT COVER ,General,-3.3105,Highly Elastic,2.017,1.5128,-25.0,LOWER_PRICE,57.76,23.1,LOW,0.0238,False,6.73,A 1% price increase leads to a 3.31% decrease in demand. Highly price-sensitive.
22305,COFFEE MUG PINK PAISLEY DESIGN,General,-3.3085,Highly Elastic,2.6541,1.9906,-25.0,LOWER_PRICE,57.71,23.08,LOW,0.0517,True,12.24,A 1% price increase leads to a 3.31% decrease in demand. Highly price-sensitive.
22106,MIRROR MOSAIC HURRICANE LAMP ,General,-3.3078,Highly Elastic,6.721,5.0408,-25.0,LOWER_PRICE,57.69,23.08,LOW,0.0085,False,8.4,A 1% price increase leads to a 3.31% decrease in demand. Highly price-sensitive.
22812,Unknown,General,-3.304,Highly Elastic,2.0835,1.5626,-25.0,LOWER_PRICE,57.6,23.04,LOW,0.0496,True,11.14,A 1% price increase leads to a 3.3% decrease in demand. Highly price-sensitive.
23217,LAUREL HEART ANTIQUE SILVER,General,-3.2997,Highly Elastic,1.3255,0.9941,-25.0,LOWER_PRICE,57.49,23.0,LOW,0.08,True,12.42,A 1% price increase leads to a 3.3% decrease in demand. Highly price-sensitive.
84678,Unknown,General,-3.2961,Highly Elastic,2.2963,1.7222,-25.0,LOWER_PRICE,57.4,22.96,MEDIUM,0.1588,True,10.62,A 1% price increase leads to a 3.3% decrease in demand. Highly price-sensitive.
82482,WOODEN PICTURE FRAME WHITE FINISH,General,-3.2919,Highly Elastic,2.6333,1.975,-25.0,LOWER_PRICE,57.3,22.92,LOW,0.022,True,17.78,A 1% price increase leads to a 3.29% decrease in demand. Highly price-sensitive.
22603,CHRISTMAS RETROSPOT TREE WOOD,General,-3.285,Highly Elastic,0.8903,0.6677,-25.0,LOWER_PRICE,57.12,22.85,LOW,0.0416,True,10.96,A 1% price increase leads to a 3.29% decrease in demand. Highly price-sensitive.
23132,SMALL IVORY HEART WALL ORGANISER,General,-3.2804,Highly Elastic,5.7878,4.3408,-25.0,LOWER_PRICE,57.01,22.8,LOW,0.0442,True,10.13,A 1% price increase leads to a 3.28% decrease in demand. Highly price-sensitive.
20618,QUEEN OF THE SKIES PASSPORT COVER ,General,-3.2694,Highly Elastic,2.0612,1.5459,-25.0,LOWER_PRICE,56.73,22.69,LOW,0.0141,False,8.9,A 1% price increase leads to a 3.27% decrease in demand. Highly price-sensitive.
22907,PACK OF 20 NAPKINS PANTRY DESIGN,General,-3.2673,Highly Elastic,0.8464,0.6348,-25.0,LOWER_PRICE,56.68,22.67,LOW,0.0082,True,14.96,A 1% price increase leads to a 3.27% decrease in demand. Highly price-sensitive.
22135,MINI LADLE LOVE HEART PINK,General,-3.2649,Highly Elastic,0.4189,0.3142,-25.0,LOWER_PRICE,56.62,22.65,LOW,0.0074,False,10.02,A 1% price increase leads to a 3.26% decrease in demand. Highly price-sensitive.
22415,Unknown,General,-3.2534,Highly Elastic,7.9188,5.9391,-25.0,LOWER_PRICE,56.34,22.54,LOW,0.0122,False,6.1,A 1% price increase leads to a 3.25% decrease in demand. Highly price-sensitive.
22962,JAM JAR WITH PINK LID,General,-3.2517,Highly Elastic,0.8393,0.6295,-25.0,LOWER_PRICE,56.29,22.52,LOW,0.0109,True,12.46,A 1% price increase leads to a 3.25% decrease in demand. Highly price-sensitive.
84313C,damaged,General,-3.2498,Highly Elastic,2.1816,1.6362,-25.0,LOWER_PRICE,56.24,22.5,LOW,0.0932,True,13.36,A 1% price increase leads to a 3.25% decrease in demand. Highly price-sensitive.
23268,Unknown,General,-3.2454,Highly Elastic,1.532,1.149,-25.0,LOWER_PRICE,56.14,22.46,LOW,0.0499,True,13.78,A 1% price increase leads to a 3.25% decrease in demand. Highly price-sensitive.
22784,Unknown,General,-3.2387,Highly Elastic,4.9263,3.6947,-25.0,LOWER_PRICE,55.97,22.39,LOW,0.0147,True,10.18,A 1% price increase leads to a 3.24% decrease in demand. Highly price-sensitive.
21500,PINK POLKADOT WRAP ,General,-3.2361,Highly Elastic,0.4149,0.3112,-25.0,LOWER_PRICE,55.9,22.36,LOW,0.0097,True,15.62,A 1% price increase leads to a 3.24% decrease in demand. Highly price-sensitive.
22216,T-LIGHT HOLDER WHITE LACE,General,-3.2345,Highly Elastic,0.5121,0.3841,-25.0,LOWER_PRICE,55.86,22.34,HIGH,0.3499,True,9.48,A 1% price increase leads to a 3.23% decrease in demand. Highly price-sensitive.
23212,PAINTED HEART WREATH WITH BELL,General,-3.2315,Highly Elastic,1.2413,0.931,-25.0,LOWER_PRICE,55.79,22.32,LOW,0.0097,False,11.23,A 1% price increase leads to a 3.23% decrease in demand. Highly price-sensitive.
21556,CERAMIC STRAWBERRY MONEY BOX,General,-3.2297,Highly Elastic,2.5198,1.8899,-25.0,LOWER_PRICE,55.74,22.3,LOW,0.0091,False,9.56,A 1% price increase leads to a 3.23% decrease in demand. Highly price-sensitive.
21454,PAINTED PINK RABBIT ,General,-3.2286,Highly Elastic,0.8467,0.635,-25.0,LOWER_PRICE,55.72,22.29,LOW,0.0073,False,10.31,A 1% price increase leads to a 3.23% decrease in demand. Highly price-sensitive.
23433,HANGING QUILTED PATCHWORK APPLES,General,-3.2141,Highly Elastic,0.8278,0.6209,-25.0,LOWER_PRICE,55.35,22.14,LOW,0.0093,False,11.56,A 1% price increase leads to a 3.21% decrease in demand. Highly price-sensitive.
22847,Unknown,General,-3.2075,Highly Elastic,16.4413,12.331,-25.0,LOWER_PRICE,55.19,22.08,LOW,0.0113,True,11.61,A 1% price increase leads to a 3.21% decrease in demand. Highly price-sensitive.
22900,SET 2 TEA TOWELS I LOVE LONDON ,General,-3.2052,Highly Elastic,3.1216,2.3412,-25.0,LOWER_PRICE,55.13,22.05,LOW,0.0113,True,11.84,A 1% price increase leads to a 3.21% decrease in demand. Highly price-sensitive.
21340,CLASSIC METAL BIRDCAGE PLANT HOLDER,General,-3.1984,Highly Elastic,12.2274,9.1705,-25.0,LOWER_PRICE,54.96,21.98,LOW,0.0238,True,9.94,A 1% price increase leads to a 3.2% decrease in demand. Highly price-sensitive.
20829,GLITTER HANGING BUTTERFLY STRING,General,-3.1945,Highly Elastic,2.1696,1.6272,-25.0,LOWER_PRICE,54.86,21.94,LOW,0.0277,True,11.26,A 1% price increase leads to a 3.19% decrease in demand. Highly price-sensitive.
21984,PACK OF 12 PINK PAISLEY TISSUES ,General,-3.1925,Highly Elastic,0.3438,0.2579,-25.0,LOWER_PRICE,54.81,21.92,LOW,0.0693,True,14.4,A 1% price increase leads to a 3.19% decrease in demand. Highly price-sensitive.
85024C,PINK SMALL JEWELLED PHOTOFRAME,General,-3.1902,Highly Elastic,1.6555,1.2416,-25.0,LOWER_PRICE,54.75,21.9,LOW,0.0049,False,8.22,A 1% price increase leads to a 3.19% decrease in demand. Highly price-sensitive.
22556,PLASTERS IN TIN CIRCUS PARADE ,General,-3.1867,Highly Elastic,1.6681,1.2511,-25.0,LOWER_PRICE,54.67,21.87,LOW,0.0092,True,14.81,A 1% price increase leads to a 3.19% decrease in demand. Highly price-sensitive.
21936,RED RETROSPOT PICNIC BAG,General,-3.1863,Highly Elastic,2.9321,2.1991,-25.0,LOWER_PRICE,54.66,21.86,LOW,0.0154,True,13.65,A 1% price increase leads to a 3.19% decrease in demand. Highly price-sensitive.
23292,SPACEBOY CHILDRENS CUP,General,-3.183,Highly Elastic,1.2767,0.9575,-25.0,LOWER_PRICE,54.57,21.83,LOW,0.0259,True,11.38,A 1% price increase leads to a 3.18% decrease in demand. Highly price-sensitive.
22110,BIRD HOUSE HOT WATER BOTTLE,General,-3.1725,Highly Elastic,2.554,1.9155,-25.0,LOWER_PRICE,54.31,21.72,LOW,0.0088,False,8.77,A 1% price increase leads to a 3.17% decrease in demand. Highly price-sensitive.
23271,CHRISTMAS TABLE SILVER CANDLE SPIKE,General,-3.1725,Highly Elastic,0.8461,0.6346,-25.0,LOWER_PRICE,54.31,21.72,LOW,0.0156,False,14.58,A 1% price increase leads to a 3.17% decrease in demand. Highly price-sensitive.
22171,Unknown,General,-3.1712,Highly Elastic,8.4061,6.3046,-25.0,LOWER_PRICE,54.28,21.71,LOW,0.0105,True,10.94,A 1% price increase leads to a 3.17% decrease in demand. Highly price-sensitive.
23351,ROLL WRAP 50'S CHRISTMAS,General,-3.169,Highly Elastic,1.2451,0.9338,-25.0,LOWER_PRICE,54.23,21.69,LOW,0.0095,True,13.75,A 1% price increase leads to a 3.17% decrease in demand. Highly price-sensitive.
85125,Unknown,General,-3.1586,Highly Elastic,4.9681,3.7261,-25.0,LOWER_PRICE,53.96,21.58,LOW,0.0116,False,6.0,A 1% price increase leads to a 3.16% decrease in demand. Highly price-sensitive.
21264,WHITE GOOSE FEATHER TREE 60CM ,General,-3.1578,Highly Elastic,1.9404,1.4553,-25.0,LOWER_PRICE,53.95,21.58,LOW,0.0076,False,9.7,A 1% price increase leads to a 3.16% decrease in demand. Highly price-sensitive.
47590A,BLUE HAPPY BIRTHDAY BUNTING,General,-3.1484,Highly Elastic,5.4166,4.0625,-25.0,LOWER_PRICE,53.71,21.48,LOW,0.0102,True,11.49,A 1% price increase leads to a 3.15% decrease in demand. Highly price-sensitive.
21354,TOAST ITS - BEST MUM,General,-3.1428,Highly Elastic,1.2217,0.9163,-25.0,LOWER_PRICE,53.57,21.43,LOW,0.0148,False,9.91,A 1% price increase leads to a 3.14% decrease in demand. Highly price-sensitive.
22771,CLEAR DRAWER KNOB ACRYLIC EDWARDIAN,General,-3.1409,Highly Elastic,1.241,0.9308,-25.0,LOWER_PRICE,53.52,21.41,LOW,0.0094,True,15.27,A 1% price increase leads to a 3.14% decrease in demand. Highly price-sensitive.
23359,SET OF 12 T-LIGHTS VINTAGE DOILY,General,-3.1374,Highly Elastic,1.9212,1.4409,-25.0,LOWER_PRICE,53.44,21.38,LOW,0.0126,False,11.55,A 1% price increase leads to a 3.14% decrease in demand. Highly price-sensitive.
23211,RED ROCKING HORSE HAND PAINTED,General,-3.1369,Highly Elastic,1.237,0.9278,-25.0,LOWER_PRICE,53.42,21.37,LOW,0.01,False,11.53,A 1% price increase leads to a 3.14% decrease in demand. Highly price-sensitive.
21509,COWBOYS AND INDIANS BIRTHDAY CARD ,General,-3.1333,Highly Elastic,0.4249,0.3187,-25.0,LOWER_PRICE,53.33,21.33,LOW,0.0223,True,13.99,A 1% price increase leads to a 3.13% decrease in demand. Highly price-sensitive.
22568,Unknown,General,-3.1271,Highly Elastic,3.7423,2.8067,-25.0,LOWER_PRICE,53.18,21.27,LOW,0.0075,True,13.23,A 1% price increase leads to a 3.13% decrease in demand. Highly price-sensitive.
21533,RETROSPOT LARGE MILK JUG,General,-3.1235,Highly Elastic,4.8714,3.6536,-25.0,LOWER_PRICE,53.09,21.24,LOW,0.0095,True,11.54,A 1% price increase leads to a 3.12% decrease in demand. Highly price-sensitive.
22716,CARD CIRCUS PARADE,General,-3.1224,Highly Elastic,0.4281,0.3211,-25.0,LOWER_PRICE,53.06,21.22,LOW,0.0344,True,12.12,A 1% price increase leads to a 3.12% decrease in demand. Highly price-sensitive.
16052,Unknown,General,-3.1219,Highly Elastic,0.2752,0.2064,-25.0,LOWER_PRICE,53.05,21.22,LOW,0.1027,False,29.17,A 1% price increase leads to a 3.12% decrease in demand. Highly price-sensitive.
21982,PACK OF 12 SUKI TISSUES ,General,-3.1215,Highly Elastic,0.3363,0.2522,-25.0,LOWER_PRICE,53.04,21.22,LOW,0.0699,True,18.0,A 1% price increase leads to a 3.12% decrease in demand. Highly price-sensitive.
35933,Unknown,General,-3.1163,Highly Elastic,0.3789,0.2842,-25.0,LOWER_PRICE,52.91,21.16,LOW,0.008,False,11.93,A 1% price increase leads to a 3.12% decrease in demand. Highly price-sensitive.
85184C,SET 4 VALENTINE DECOUPAGE HEART BOX,General,-3.1129,Highly Elastic,2.6237,1.9678,-25.0,LOWER_PRICE,52.82,21.13,LOW,0.1465,True,12.16,A 1% price increase leads to a 3.11% decrease in demand. Highly price-sensitive.
21544,SKULLS  WATER TRANSFER TATTOOS ,General,-3.1122,Highly Elastic,0.841,0.6307,-25.0,LOWER_PRICE,52.8,21.12,LOW,0.0121,False,13.02,A 1% price increase leads to a 3.11% decrease in demand. Highly price-sensitive.
23366,SET 12 COLOURING PENCILS DOILEY,General,-3.112,Highly Elastic,0.6483,0.4862,-25.0,LOWER_PRICE,52.8,21.12,LOW,0.0079,False,13.83,A 1% price increase leads to a 3.11% decrease in demand. Highly price-sensitive.
22730,ALARM CLOCK BAKELIKE IVORY,General,-3.1072,Highly Elastic,3.7419,2.8064,-25.0,LOWER_PRICE,52.68,21.07,LOW,0.0076,True,13.16,A 1% price increase leads to a 3.11% decrease in demand. Highly price-sensitive.
79144B,PAINTED LIGHTBULB STAR+ MOON,General,-3.1059,Highly Elastic,0.4214,0.316,-25.0,LOWER_PRICE,52.65,21.06,LOW,0.0123,False,10.28,A 1% price increase leads to a 3.11% decrease in demand. Highly price-sensitive.
22349,DOG BOWL CHASING BALL DESIGN,General,-3.1017,Highly Elastic,3.7063,2.7797,-25.0,LOWER_PRICE,52.54,21.02,LOW,0.0156,False,8.67,A 1% price increase leads to a 3.1% decrease in demand. Highly price-sensitive.
15058A,wet/rusty,General,-3.1006,Highly Elastic,7.765,5.8237,-25.0,LOWER_PRICE,52.52,21.01,LOW,0.0117,False,8.12,A 1% price increase leads to a 3.1% decrease in demand. Highly price-sensitive.
21413,PERIWINKLE T-LIGHT HOLDER,General,-3.0947,Highly Elastic,1.2547,0.941,-25.0,LOWER_PRICE,52.37,20.95,LOW,0.0074,False,8.05,A 1% price increase leads to a 3.09% decrease in demand. Highly price-sensitive.
21411,GINGHAM HEART  DOORSTOP RED,General,-3.0917,Highly Elastic,3.6524,2.7393,-25.0,LOWER_PRICE,52.29,20.92,LOW,0.1075,True,10.98,A 1% price increase leads to a 3.09% decrease in demand. Highly price-sensitive.
22973,CHILDREN'S CIRCUS PARADE MUG,General,-3.0915,Highly Elastic,1.6697,1.2523,-25.0,LOWER_PRICE,52.29,20.92,LOW,0.0091,False,9.48,A 1% price increase leads to a 3.09% decrease in demand. Highly price-sensitive.
22508,DOORSTOP RETROSPOT HEART,General,-3.0903,Highly Elastic,3.7444,2.8083,-25.0,LOWER_PRICE,52.26,20.9,LOW,0.0072,False,9.91,A 1% price increase leads to a 3.09% decrease in demand. Highly price-sensitive.
21448,Unknown,General,-3.0839,Highly Elastic,1.6481,1.2361,-25.0,LOWER_PRICE,52.1,20.84,LOW,0.0071,False,7.64,A 1% price increase leads to a 3.08% decrease in demand. Highly price-sensitive.
22991,GIRAFFE WOODEN RULER,General,-3.0817,Highly Elastic,2.0267,1.52,-25.0,LOWER_PRICE,52.04,20.82,LOW,0.0156,True,13.26,A 1% price increase leads to a 3.08% decrease in demand. Highly price-sensitive.
11001,ASSTD DESIGN RACING CAR PEN,General,-3.0794,Highly Elastic,1.8322,1.3741,-25.0,LOWER_PRICE,51.99,20.8,LOW,0.1023,True,12.73,A 1% price increase leads to a 3.08% decrease in demand. Highly price-sensitive.
22675,FRENCH KITCHEN SIGN BLUE METAL,General,-3.074,Highly Elastic,1.292,0.969,-25.0,LOWER_PRICE,51.85,20.74,LOW,0.0458,True,9.75,A 1% price increase leads to a 3.07% decrease in demand. Highly price-sensitive.
47566B,reverse previous adjustment,General,-3.073,Highly Elastic,4.8464,3.6348,-25.0,LOWER_PRICE,51.82,20.73,LOW,0.0115,True,11.25,A 1% price increase leads to a 3.07% decrease in demand. Highly price-sensitive.
22023,EMPIRE BIRTHDAY CARD,General,-3.0616,Highly Elastic,0.4326,0.3245,-25.0,LOWER_PRICE,51.54,20.62,LOW,0.0319,True,10.63,A 1% price increase leads to a 3.06% decrease in demand. Highly price-sensitive.
22576,check,General,-3.0602,Highly Elastic,0.8791,0.6593,-25.0,LOWER_PRICE,51.51,20.6,LOW,0.0226,True,11.29,A 1% price increase leads to a 3.06% decrease in demand. Highly price-sensitive.
22262,FELT EGG COSY CHICKEN,General,-3.0598,Highly Elastic,0.8718,0.6539,-25.0,LOWER_PRICE,51.5,20.6,LOW,0.0296,True,10.85,A 1% price increase leads to a 3.06% decrease in demand. Highly price-sensitive.
21826,Unknown,General,-3.0581,Highly Elastic,1.2468,0.9351,-25.0,LOWER_PRICE,51.45,20.58,LOW,0.0063,False,7.38,A 1% price increase leads to a 3.06% decrease in demand. Highly price-sensitive.
23096,PETIT TRAY CHIC,General,-3.0537,Highly Elastic,1.7081,1.2811,-25.0,LOWER_PRICE,51.34,20.54,LOW,0.0315,True,9.47,A 1% price increase leads to a 3.05% decrease in demand. Highly price-sensitive.
23562,SET OF 6 RIBBONS PERFECTLY PRETTY  ,General,-3.0513,Highly Elastic,2.8569,2.1427,-25.0,LOWER_PRICE,51.28,20.51,LOW,0.0104,False,10.54,A 1% price increase leads to a 3.05% decrease in demand. Highly price-sensitive.
22431,WATERING CAN BLUE ELEPHANT,General,-3.0497,Highly Elastic,1.9529,1.4647,-25.0,LOWER_PRICE,51.24,20.5,LOW,0.0198,True,13.01,A 1% price increase leads to a 3.05% decrease in demand. Highly price-sensitive.
21912,VINTAGE SNAKES & LADDERS,General,-3.0453,Highly Elastic,3.7807,2.8355,-25.0,LOWER_PRICE,51.13,20.45,LOW,0.0122,True,10.85,A 1% price increase leads to a 3.05% decrease in demand. Highly price-sensitive.
22899,CHILDREN'S APRON DOLLY GIRL ,General,-3.0413,Highly Elastic,2.1116,1.5837,-25.0,LOWER_PRICE,51.03,20.41,LOW,0.0199,True,10.8,A 1% price increase leads to a 3.04% decrease in demand. Highly price-sensitive.
22489,PACK OF 12 TRADITIONAL CRAYONS,General,-3.0386,Highly Elastic,0.43,0.3225,-25.0,LOWER_PRICE,50.97,20.39,LOW,0.0196,True,16.1,A 1% price increase leads to a 3.04% decrease in demand. Highly price-sensitive.
22548,adjustment,General,-3.0367,Highly Elastic,1.2574,0.9431,-25.0,LOWER_PRICE,50.92,20.37,LOW,0.0138,True,11.36,A 1% price increase leads to a 3.04% decrease in demand. Highly price-sensitive.
72807B,????missing,General,-3.0357,Highly Elastic,4.2501,3.1876,-25.0,LOWER_PRICE,50.89,20.36,LOW,0.0094,False,7.46,A 1% price increase leads to a 3.04% decrease in demand. Highly price-sensitive.
84352,Damages/samples,General,-3.0331,Highly Elastic,16.7081,12.5311,-25.0,LOWER_PRICE,50.83,20.33,LOW,0.0098,False,7.35,A 1% price increase leads to a 3.03% decrease in demand. Highly price-sensitive.
23412,Unknown,General,-3.0319,Highly Elastic,7.323,5.4923,-25.0,LOWER_PRICE,50.8,20.32,LOW,0.0202,False,10.8,A 1% price increase leads to a 3.03% decrease in demand. Highly price-sensitive.
22667,damaged,General,-3.0295,Highly Elastic,2.9249,2.1937,-25.0,LOWER_PRICE,50.74,20.3,LOW,0.0088,True,12.31,A 1% price increase leads to a 3.03% decrease in demand. Highly price-sensitive.
22829,Unknown,General,-3.0294,Highly Elastic,9.7772,7.3329,-25.0,LOWER_PRICE,50.73,20.29,LOW,0.0113,False,9.26,A 1% price increase leads to a 3.03% decrease in demand. Highly price-sensitive.
79191D,RETRO PLASTIC DAISY TRAY,General,-3.0271,Highly Elastic,0.8409,0.6307,-25.0,LOWER_PRICE,50.68,20.27,LOW,0.0035,False,11.77,A 1% price increase leads to a 3.03% decrease in demand. Highly price-sensitive.
22291,HANGING CHICK CREAM DECORATION,General,-3.0249,Highly Elastic,1.4452,1.0839,-25.0,LOWER_PRICE,50.62,20.25,LOW,0.0084,False,10.71,A 1% price increase leads to a 3.02% decrease in demand. Highly price-sensitive.
22681,FRENCH BLUE METAL DOOR SIGN 6,General,-3.0221,Highly Elastic,1.2874,0.9656,-25.0,LOWER_PRICE,50.55,20.22,LOW,0.0272,True,10.08,A 1% price increase leads to a 3.02% decrease in demand. Highly price-sensitive.
23188,VINTAGE  2 METRE FOLDING RULER,General,-3.0204,Highly Elastic,1.704,1.278,-25.0,LOWER_PRICE,50.51,20.2,LOW,0.0085,True,12.87,A 1% price increase leads to a 3.02% decrease in demand. Highly price-sensitive.
22634,CHILDS BREAKFAST SET SPACEBOY ,General,-3.0193,Highly Elastic,9.7249,7.2937,-25.0,LOWER_PRICE,50.48,20.19,LOW,0.0123,True,9.88,A 1% price increase leads to a 3.02% decrease in demand. Highly price-sensitive.
23104,IVORY CAFE HANGING LAMP ,General,-3.017,Highly Elastic,12.3681,9.2761,-25.0,LOWER_PRICE,50.42,20.17,LOW,0.0091,False,8.07,A 1% price increase leads to a 3.02% decrease in demand. Highly price-sensitive.
21122,SET/10 PINK POLKADOT PARTY CANDLES,General,-3.0165,Highly Elastic,1.2464,0.9348,-25.0,LOWER_PRICE,50.41,20.16,LOW,0.0064,False,13.37,A 1% price increase leads to a 3.02% decrease in demand. Highly price-sensitive.
84535B,FAIRY CAKES NOTEBOOK A6 SIZE,General,-3.0049,Highly Elastic,0.6507,0.488,-25.0,LOWER_PRICE,50.12,20.05,LOW,0.0461,True,10.64,A 1% price increase leads to a 3.0% decrease in demand. Highly price-sensitive.
22614,PACK OF 12 SPACEBOY TISSUES,General,-3.0006,Highly Elastic,0.3419,0.2564,-25.0,LOWER_PRICE,50.02,20.01,LOW,0.0418,True,12.71,A 1% price increase leads to a 3.0% decrease in demand. Highly price-sensitive.
85088,CANDY SPOT HAND BAG,General,-2.9932,Highly Elastic,2.0433,1.5325,-25.0,LOWER_PRICE,49.83,19.93,LOW,0.0168,False,8.71,A 1% price increase leads to a 2.99% decrease in demand. Highly price-sensitive.
21587,Unknown,General,-2.9921,Highly Elastic,2.5285,1.8964,-25.0,LOWER_PRICE,49.8,19.92,LOW,0.0119,False,9.66,A 1% price increase leads to a 2.99% decrease in demand. Highly price-sensitive.
21559,STRAWBERRY LUNCH BOX WITH CUTLERY,General,-2.9915,Highly Elastic,2.5518,1.9139,-25.0,LOWER_PRICE,49.79,19.92,LOW,0.0139,True,12.91,A 1% price increase leads to a 2.99% decrease in demand. Highly price-sensitive.
21202,DOLLY HONEYCOMB GARLAND,General,-2.9901,Highly Elastic,1.4982,1.1237,-25.0,LOWER_PRICE,49.75,19.9,MEDIUM,0.275,True,7.48,A 1% price increase leads to a 2.99% decrease in demand. Highly price-sensitive.
82582,??,General,-2.9864,Highly Elastic,2.0802,1.5602,-25.0,LOWER_PRICE,49.66,19.86,LOW,0.0081,True,12.76,A 1% price increase leads to a 2.99% decrease in demand. Highly price-sensitive.
23348,check,General,-2.982,Highly Elastic,2.0738,1.5553,-25.0,LOWER_PRICE,49.55,19.82,LOW,0.0081,False,9.59,A 1% price increase leads to a 2.98% decrease in demand. Highly price-sensitive.
22297,HEART IVORY TRELLIS SMALL,General,-2.9812,Highly Elastic,1.2553,0.9415,-25.0,LOWER_PRICE,49.53,19.81,LOW,0.0072,False,13.62,A 1% price increase leads to a 2.98% decrease in demand. Highly price-sensitive.
22028,Unknown,General,-2.9807,Highly Elastic,0.4205,0.3154,-25.0,LOWER_PRICE,49.52,19.81,LOW,0.0207,True,12.51,A 1% price increase leads to a 2.98% decrease in demand. Highly price-sensitive.
22158,Unknown,General,-2.9792,Highly Elastic,2.9529,2.2147,-25.0,LOWER_PRICE,49.48,19.79,LOW,0.0075,True,13.09,A 1% price increase leads to a 2.98% decrease in demand. Highly price-sensitive.
21439,BASKET OF TOADSTOOLS,General,-2.9779,Highly Elastic,1.2446,0.9334,-25.0,LOWER_PRICE,49.45,19.78,LOW,0.0069,False,12.89,A 1% price increase leads to a 2.98% decrease in demand. Highly price-sensitive.
22600,CHRISTMAS RETROSPOT STAR WOOD,General,-2.9712,Highly Elastic,0.9002,0.6752,-25.0,LOWER_PRICE,49.28,19.71,LOW,0.0316,True,11.39,A 1% price increase leads to a 2.97% decrease in demand. Highly price-sensitive.
23058,CHRISTMAS HANGING SNOWFLAKE,General,-2.9641,Highly Elastic,0.9985,0.7489,-25.0,LOWER_PRICE,49.1,19.64,LOW,0.0751,True,10.87,A 1% price increase leads to a 2.96% decrease in demand. Highly price-sensitive.
20972,PINK CREAM FELT CRAFT TRINKET BOX ,General,-2.963,Highly Elastic,1.2638,0.9479,-25.0,LOWER_PRICE,49.08,19.63,LOW,0.0114,True,16.21,A 1% price increase leads to a 2.96% decrease in demand. Highly price-sensitive.
84509A,SET OF 4 ENGLISH ROSE PLACEMATS,General,-2.9607,Highly Elastic,3.7189,2.7892,-25.0,LOWER_PRICE,49.02,19.61,LOW,0.0123,False,8.09,A 1% price increase leads to a 2.96% decrease in demand. Highly price-sensitive.
21786,check,General,-2.956,Highly Elastic,0.4444,0.3333,-25.0,LOWER_PRICE,48.9,19.56,LOW,0.0535,True,12.06,A 1% price increase leads to a 2.96% decrease in demand. Highly price-sensitive.
23193,BUFFALO BILL TREASURE BOOK BOX,General,-2.9559,Highly Elastic,2.2711,1.7033,-25.0,LOWER_PRICE,48.9,19.56,LOW,0.0202,True,13.02,A 1% price increase leads to a 2.96% decrease in demand. Highly price-sensitive.
23321,SMALL WHITE HEART OF WICKER,General,-2.9341,Highly Elastic,1.6409,1.2307,-25.0,LOWER_PRICE,48.35,19.34,LOW,0.0082,True,14.9,A 1% price increase leads to a 2.93% decrease in demand. Highly price-sensitive.
22138,BAKING SET 9 PIECE RETROSPOT ,General,-2.9329,Highly Elastic,4.975,3.7312,-25.0,LOWER_PRICE,48.32,19.33,LOW,0.0105,True,14.83,A 1% price increase leads to a 2.93% decrease in demand. Highly price-sensitive.
72802C,Unknown,General,-2.9319,Highly Elastic,4.1246,3.0934,-25.0,LOWER_PRICE,48.3,19.32,LOW,0.1223,True,8.99,A 1% price increase leads to a 2.93% decrease in demand. Highly price-sensitive.
23270,incorrect stock entry.,General,-2.9231,Highly Elastic,1.442,1.0815,-25.0,LOWER_PRICE,48.08,19.23,LOW,0.0084,False,11.55,A 1% price increase leads to a 2.92% decrease in demand. Highly price-sensitive.
22491,PACK OF 12 COLOURED PENCILS,General,-2.9205,Highly Elastic,0.8596,0.6447,-25.0,LOWER_PRICE,48.01,19.2,LOW,0.0076,False,12.22,A 1% price increase leads to a 2.92% decrease in demand. Highly price-sensitive.
22348,TEA BAG PLATE RED RETROSPOT,General,-2.919,Highly Elastic,0.8678,0.6509,-25.0,LOWER_PRICE,47.98,19.19,LOW,0.011,True,12.74,A 1% price increase leads to a 2.92% decrease in demand. Highly price-sensitive.
23245,SET OF 3 REGENCY CAKE TINS,General,-2.9015,Highly Elastic,4.9137,3.6853,-25.0,LOWER_PRICE,47.54,19.02,LOW,0.0072,True,15.39,A 1% price increase leads to a 2.9% decrease in demand. Highly price-sensitive.
22037,ROBOT BIRTHDAY CARD,General,-2.8948,Highly Elastic,0.4185,0.3139,-25.0,LOWER_PRICE,47.37,18.95,LOW,0.0074,False,12.92,A 1% price increase leads to a 2.89% decrease in demand. Highly price-sensitive.
23378,PACK OF 12 50'S CHRISTMAS TISSUES,General,-2.8939,Highly Elastic,0.3879,0.2909,-25.0,LOWER_PRICE,47.35,18.94,LOW,0.0078,False,13.52,A 1% price increase leads to a 2.89% decrease in demand. Highly price-sensitive.
23695,DOILY THANK YOU CARD,General,-2.8924,Highly Elastic,0.4174,0.313,-25.0,LOWER_PRICE,47.31,18.92,LOW,0.0065,False,11.16,A 1% price increase leads to a 2.89% decrease in demand. Highly price-sensitive.
22828,REGENCY MIRROR WITH SHUTTERS,General,-2.8835,Highly Elastic,153.2387,114.929,-25.0,LOWER_PRICE,47.09,18.84,LOW,0.0165,False,6.81,A 1% price increase leads to a 2.88% decrease in demand. Highly price-sensitive.
21949,SET OF 6 STRAWBERRY CHOPSTICKS,General,-2.882,Highly Elastic,1.3215,0.9911,-25.0,LOWER_PRICE,47.05,18.82,LOW,0.0423,True,8.43,A 1% price increase leads to a 2.88% decrease in demand. Highly price-sensitive.
22551,PLASTERS IN TIN SPACEBOY,General,-2.8775,Highly Elastic,1.6554,1.2415,-25.0,LOWER_PRICE,46.94,18.78,LOW,0.0061,True,15.14,A 1% price increase leads to a 2.88% decrease in demand. Highly price-sensitive.
15044B,Unknown,General,-2.8773,Highly Elastic,2.9281,2.1961,-25.0,LOWER_PRICE,46.93,18.77,LOW,0.0089,False,8.52,A 1% price increase leads to a 2.88% decrease in demand. Highly price-sensitive.
21664,Unknown,General,-2.8764,Highly Elastic,3.7852,2.8389,-25.0,LOWER_PRICE,46.91,18.76,LOW,0.0105,False,6.75,A 1% price increase leads to a 2.88% decrease in demand. Highly price-sensitive.
22759,found,General,-2.8739,Highly Elastic,1.6677,1.2508,-25.0,LOWER_PRICE,46.85,18.74,LOW,0.0109,True,14.12,A 1% price increase leads to a 2.87% decrease in demand. Highly price-sensitive.
21564,PINK  HEART SHAPE LOVE BUCKET ,General,-2.8736,Highly Elastic,2.5047,1.8785,-25.0,LOWER_PRICE,46.84,18.74,MEDIUM,0.2093,True,12.11,A 1% price increase leads to a 2.87% decrease in demand. Highly price-sensitive.
23581,JUMBO BAG PAISLEY PARK,General,-2.867,Highly Elastic,2.0627,1.547,-25.0,LOWER_PRICE,46.67,18.67,LOW,0.0072,False,14.13,A 1% price increase leads to a 2.87% decrease in demand. Highly price-sensitive.
82001S,SILVER RECORD COVER FRAME,General,-2.867,Highly Elastic,3.7788,2.8341,-25.0,LOWER_PRICE,46.67,18.67,LOW,0.0285,True,10.89,A 1% price increase leads to a 2.87% decrease in demand. Highly price-sensitive.
21922,UNION STRIPE WITH FRINGE  HAMMOCK,General,-2.8598,Highly Elastic,7.8301,5.8726,-25.0,LOWER_PRICE,46.49,18.6,LOW,0.0162,True,9.31,A 1% price increase leads to a 2.86% decrease in demand. Highly price-sensitive.
22120,WELCOME  WOODEN BLOCK LETTERS,General,-2.8585,Highly Elastic,9.7776,7.3332,-25.0,LOWER_PRICE,46.46,18.58,LOW,0.0094,False,9.82,A 1% price increase leads to a 2.86% decrease in demand. Highly price-sensitive.
22111,SCOTTIE DOG HOT WATER BOTTLE,General,-2.8545,Highly Elastic,4.911,3.6832,-25.0,LOWER_PRICE,46.36,18.54,LOW,0.0068,True,16.39,A 1% price increase leads to a 2.85% decrease in demand. Highly price-sensitive.
85049D,Unknown,General,-2.8538,Highly Elastic,1.2485,0.9364,-25.0,LOWER_PRICE,46.35,18.54,LOW,0.0056,False,9.62,A 1% price increase leads to a 2.85% decrease in demand. Highly price-sensitive.
22712,Unknown,General,-2.8494,Highly Elastic,0.4366,0.3275,-25.0,LOWER_PRICE,46.24,18.5,LOW,0.0282,True,13.49,A 1% price increase leads to a 2.85% decrease in demand. Highly price-sensitive.
17084P,DRAGONS BLOOD INCENSE,General,-2.8493,Highly Elastic,0.211,0.1583,-25.0,LOWER_PRICE,46.23,18.49,LOW,0.0071,False,11.77,A 1% price increase leads to a 2.85% decrease in demand. Highly price-sensitive.
21843,smashed,General,-2.8481,Highly Elastic,10.8647,8.1485,-25.0,LOWER_PRICE,46.2,18.48,LOW,0.0057,True,12.68,A 1% price increase leads to a 2.85% decrease in demand. Highly price-sensitive.
21695,SMALL SILVER FLOWER CANDLE POT,General,-2.8413,Highly Elastic,2.9559,2.2169,-25.0,LOWER_PRICE,46.03,18.41,LOW,0.0097,False,9.23,A 1% price increase leads to a 2.84% decrease in demand. Highly price-sensitive.
22449,can't find,General,-2.8377,Highly Elastic,3.3287,2.4965,-25.0,LOWER_PRICE,45.94,18.38,LOW,0.0071,False,8.84,A 1% price increase leads to a 2.84% decrease in demand. Highly price-sensitive.
79403,FROSTED WHITE BASE ,General,-2.8376,Highly Elastic,0.8626,0.647,-25.0,LOWER_PRICE,45.94,18.38,LOW,0.0056,False,11.7,A 1% price increase leads to a 2.84% decrease in demand. Highly price-sensitive.
21658,Unknown,General,-2.8376,Highly Elastic,3.8957,2.9218,-25.0,LOWER_PRICE,45.94,18.38,LOW,0.009,False,9.11,A 1% price increase leads to a 2.84% decrease in demand. Highly price-sensitive.
22692,DOORMAT WELCOME TO OUR HOME,General,-2.8355,Highly Elastic,7.9102,5.9326,-25.0,LOWER_PRICE,45.89,18.36,LOW,0.009,True,11.16,A 1% price increase leads to a 2.84% decrease in demand. Highly price-sensitive.
22459,Unknown,General,-2.83,Highly Elastic,2.5678,1.9259,-25.0,LOWER_PRICE,45.75,18.3,LOW,0.0048,False,9.83,A 1% price increase leads to a 2.83% decrease in demand. Highly price-sensitive.
21447,Unknown,General,-2.8248,Highly Elastic,1.2498,0.9374,-25.0,LOWER_PRICE,45.62,18.25,LOW,0.0068,False,10.26,A 1% price increase leads to a 2.82% decrease in demand. Highly price-sensitive.
23558,LANDMARK FRAME LONDON BRIDGE ,General,-2.8197,Highly Elastic,12.4337,9.3253,-25.0,LOWER_PRICE,45.49,18.2,LOW,0.0085,False,7.49,A 1% price increase leads to a 2.82% decrease in demand. Highly price-sensitive.
21111,"SWISS ROLL TOWEL, CHOCOLATE  SPOTS",General,-2.8189,Highly Elastic,2.0224,1.5168,-25.0,LOWER_PRICE,45.47,18.19,MEDIUM,0.1723,True,10.55,A 1% price increase leads to a 2.82% decrease in demand. Highly price-sensitive.
23244,CANNISTER VINTAGE LEAF DESIGN,General,-2.8179,Highly Elastic,2.031,1.5232,-25.0,LOWER_PRICE,45.45,18.18,LOW,0.0373,True,9.86,A 1% price increase leads to a 2.82% decrease in demand. Highly price-sensitive.
22727,ALARM CLOCK BAKELIKE RED ,General,-2.8175,Highly Elastic,3.7587,2.819,-25.0,LOWER_PRICE,45.44,18.18,LOW,0.0051,True,18.32,A 1% price increase leads to a 2.82% decrease in demand. Highly price-sensitive.
21716,BOYS VINTAGE TIN SEASIDE BUCKET,General,-2.8158,Highly Elastic,2.5611,1.9208,-25.0,LOWER_PRICE,45.39,18.16,LOW,0.0247,True,10.66,A 1% price increase leads to a 2.82% decrease in demand. Highly price-sensitive.
20985,HEART CALCULATOR,General,-2.8156,Highly Elastic,1.2981,0.9736,-25.0,LOWER_PRICE,45.39,18.16,LOW,0.0264,True,11.76,A 1% price increase leads to a 2.82% decrease in demand. Highly price-sensitive.
21164,HOME SWEET HOME METAL SIGN ,General,-2.8155,Highly Elastic,2.9344,2.2008,-25.0,LOWER_PRICE,45.39,18.16,LOW,0.0065,False,11.32,A 1% price increase leads to a 2.82% decrease in demand. Highly price-sensitive.
22620,4 TRADITIONAL SPINNING TOPS,General,-2.8136,Highly Elastic,1.4149,1.0612,-25.0,LOWER_PRICE,45.34,18.14,LOW,0.0131,True,13.72,A 1% price increase leads to a 2.81% decrease in demand. Highly price-sensitive.
22574,HEART WOODEN CHRISTMAS DECORATION,General,-2.8109,Highly Elastic,0.8867,0.665,-25.0,LOWER_PRICE,45.27,18.11,LOW,0.0191,True,12.29,A 1% price increase leads to a 2.81% decrease in demand. Highly price-sensitive.
90160A,PURPLE BOUDICCA LARGE BRACELET,General,-2.8101,Highly Elastic,6.9334,5.2001,-25.0,LOWER_PRICE,45.25,18.1,LOW,0.0044,False,9.05,A 1% price increase leads to a 2.81% decrease in demand. Highly price-sensitive.
23298,"BUNTING , SPOTTY ",General,-2.8029,Highly Elastic,4.9172,3.6879,-25.0,LOWER_PRICE,45.07,18.03,LOW,0.0062,True,18.53,A 1% price increase leads to a 2.8% decrease in demand. Highly price-sensitive.
22413,METAL SIGN TAKE IT OR LEAVE IT ,General,-2.7999,Highly Elastic,2.9416,2.2062,-25.0,LOWER_PRICE,45.0,18.0,LOW,0.006,True,13.3,A 1% price increase leads to a 2.8% decrease in demand. Highly price-sensitive.
84924A,WAKE UP COCKEREL CALENDAR SIGN ,General,-2.7952,Highly Elastic,3.7678,2.8258,-25.0,LOWER_PRICE,44.88,17.95,LOW,0.0053,False,7.53,A 1% price increase leads to a 2.8% decrease in demand. Highly price-sensitive.
84569A,Unknown,General,-2.7945,Highly Elastic,1.3977,1.0483,-25.0,LOWER_PRICE,44.86,17.94,LOW,0.0914,True,9.91,A 1% price increase leads to a 2.79% decrease in demand. Highly price-sensitive.
22322,BIRD DECORATION GREEN POLKADOT,General,-2.7798,Highly Elastic,0.8478,0.6359,-25.0,LOWER_PRICE,44.49,17.8,LOW,0.0078,False,8.31,A 1% price increase leads to a 2.78% decrease in demand. Highly price-sensitive.
23368,SET 12 COLOUR PENCILS DOLLY GIRL ,General,-2.7783,Highly Elastic,0.6489,0.4867,-25.0,LOWER_PRICE,44.46,17.78,LOW,0.0061,False,11.76,A 1% price increase leads to a 2.78% decrease in demand. Highly price-sensitive.
23052,RECYCLED ACAPULCO MAT TURQUOISE,General,-2.7778,Highly Elastic,8.2598,6.1949,-25.0,LOWER_PRICE,44.45,17.78,LOW,0.006,False,9.85,A 1% price increase leads to a 2.78% decrease in demand. Highly price-sensitive.
22537,MAGIC DRAWING SLATE DINOSAUR,General,-2.7756,Highly Elastic,0.4188,0.3141,-25.0,LOWER_PRICE,44.39,17.76,LOW,0.0052,False,10.53,A 1% price increase leads to a 2.78% decrease in demand. Highly price-sensitive.
22628,PICNIC BOXES SET OF 3 RETROSPOT ,General,-2.771,Highly Elastic,4.9585,3.7189,-25.0,LOWER_PRICE,44.27,17.71,LOW,0.006,False,8.28,A 1% price increase leads to a 2.77% decrease in demand. Highly price-sensitive.
17084R,ASSORTED INCENSE PACK,General,-2.7682,Highly Elastic,0.2018,0.1514,-25.0,LOWER_PRICE,44.21,17.68,LOW,0.0103,False,40.56,A 1% price increase leads to a 2.77% decrease in demand. Highly price-sensitive.
22960,JAM MAKING SET WITH JARS,General,-2.7667,Highly Elastic,4.1694,3.1271,-25.0,LOWER_PRICE,44.17,17.67,LOW,0.008,True,16.3,A 1% price increase leads to a 2.77% decrease in demand. Highly price-sensitive.
22972,CHILDRENS SPACEBOY MUG,General,-2.7636,Highly Elastic,1.6533,1.24,-25.0,LOWER_PRICE,44.09,17.64,LOW,0.005,False,12.01,A 1% price increase leads to a 2.76% decrease in demand. Highly price-sensitive.
21508,VINTAGE KID DOLLY CARD ,General,-2.7631,Highly Elastic,0.4202,0.3152,-25.0,LOWER_PRICE,44.08,17.63,LOW,0.0087,False,12.04,A 1% price increase leads to a 2.76% decrease in demand. Highly price-sensitive.
23218,LAUREL STAR ANTIQUE GOLD,General,-2.7625,Highly Elastic,1.227,0.9203,-25.0,LOWER_PRICE,44.06,17.62,LOW,0.0145,False,12.85,A 1% price increase leads to a 2.76% decrease in demand. Highly price-sensitive.
23322,mouldy,General,-2.7601,Highly Elastic,2.9307,2.198,-25.0,LOWER_PRICE,44.0,17.6,LOW,0.0093,True,13.05,A 1% price increase leads to a 2.76% decrease in demand. Highly price-sensitive.
22453,Unknown,General,-2.7557,Highly Elastic,2.9109,2.1832,-25.0,LOWER_PRICE,43.89,17.56,LOW,0.0105,False,8.35,A 1% price increase leads to a 2.76% decrease in demand. Highly price-sensitive.
22378,WALL TIDY RETROSPOT ,General,-2.7515,Highly Elastic,1.8965,1.4224,-25.0,LOWER_PRICE,43.79,17.52,MEDIUM,0.1839,True,11.06,A 1% price increase leads to a 2.75% decrease in demand. Highly price-sensitive.
23205,CHARLOTTE BAG ALPHABET  DESIGN,General,-2.747,Highly Elastic,0.8524,0.6393,-25.0,LOWER_PRICE,43.67,17.47,LOW,0.0069,True,13.87,A 1% price increase leads to a 2.75% decrease in demand. Highly price-sensitive.
84595E,Unknown,General,-2.7462,Highly Elastic,2.3338,1.7504,-25.0,LOWER_PRICE,43.66,17.46,HIGH,0.3028,True,8.52,A 1% price increase leads to a 2.75% decrease in demand. Highly price-sensitive.
22538,MINI JIGSAW GO TO THE FAIR,General,-2.7458,Highly Elastic,0.3813,0.286,-25.0,LOWER_PRICE,43.65,17.46,LOW,0.11,True,9.24,A 1% price increase leads to a 2.75% decrease in demand. Highly price-sensitive.
22430,ENAMEL WATERING CAN CREAM,General,-2.7428,Highly Elastic,4.9146,3.686,-25.0,LOWER_PRICE,43.57,17.43,LOW,0.0066,False,9.37,A 1% price increase leads to a 2.74% decrease in demand. Highly price-sensitive.
47559B,Unknown,General,-2.7397,Highly Elastic,1.2766,0.9574,-25.0,LOWER_PRICE,43.49,17.4,LOW,0.0151,True,12.28,A 1% price increase leads to a 2.74% decrease in demand. Highly price-sensitive.
22142,check,General,-2.7383,Highly Elastic,1.4967,1.1225,-25.0,LOWER_PRICE,43.46,17.38,LOW,0.007,True,12.39,A 1% price increase leads to a 2.74% decrease in demand. Highly price-sensitive.
84247G,"DECOUPAGE,GREETING CARD,",General,-2.7368,Highly Elastic,0.4225,0.3169,-25.0,LOWER_PRICE,43.42,17.37,LOW,0.0043,False,11.06,A 1% price increase leads to a 2.74% decrease in demand. Highly price-sensitive.
85095,THREE CANVAS LUGGAGE TAGS,General,-2.7351,Highly Elastic,2.1812,1.6359,-25.0,LOWER_PRICE,43.38,17.35,LOW,0.1262,True,8.07,A 1% price increase leads to a 2.74% decrease in demand. Highly price-sensitive.
22295,HEART FILIGREE DOVE LARGE,General,-2.7317,Highly Elastic,1.6795,1.2596,-25.0,LOWER_PRICE,43.29,17.32,LOW,0.0148,True,11.28,A 1% price increase leads to a 2.73% decrease in demand. Highly price-sensitive.
16161P,WRAP ENGLISH ROSE ,General,-2.7309,Highly Elastic,0.4194,0.3145,-25.0,LOWER_PRICE,43.27,17.31,LOW,0.0053,False,15.56,A 1% price increase leads to a 2.73% decrease in demand. Highly price-sensitive.
35241,damages?,General,-2.7277,Highly Elastic,4.6727,3.5045,-25.0,LOWER_PRICE,43.19,17.28,LOW,0.0172,False,6.85,A 1% price increase leads to a 2.73% decrease in demand. Highly price-sensitive.
22570,Unknown,General,-2.7241,Highly Elastic,3.7291,2.7968,-25.0,LOWER_PRICE,43.1,17.24,LOW,0.0056,False,13.46,A 1% price increase leads to a 2.72% decrease in demand. Highly price-sensitive.
46000P,POLYESTER FILLER PAD 65CMx65CM,General,-2.7224,Highly Elastic,4.2205,3.1654,-25.0,LOWER_PRICE,43.06,17.22,LOW,0.0034,False,10.11,A 1% price increase leads to a 2.72% decrease in demand. Highly price-sensitive.
21829,adjustment,General,-2.7169,Highly Elastic,0.2121,0.1591,-25.0,LOWER_PRICE,42.92,17.17,LOW,0.0165,True,17.32,A 1% price increase leads to a 2.72% decrease in demand. Highly price-sensitive.
23088,ZINC HEART FLOWER T-LIGHT HOLDER,General,-2.7115,Highly Elastic,1.441,1.0808,-25.0,LOWER_PRICE,42.79,17.12,LOW,0.1057,True,10.1,A 1% price increase leads to a 2.71% decrease in demand. Highly price-sensitive.
21070,VINTAGE BILLBOARD MUG ,General,-2.7111,Highly Elastic,1.3094,0.982,-25.0,LOWER_PRICE,42.78,17.11,LOW,0.0514,True,11.57,A 1% price increase leads to a 2.71% decrease in demand. Highly price-sensitive.
37501,Unknown,General,-2.7024,Highly Elastic,6.9391,5.2043,-25.0,LOWER_PRICE,42.56,17.02,LOW,0.005,False,7.7,A 1% price increase leads to a 2.7% decrease in demand. Highly price-sensitive.
85096,Unknown,General,-2.6995,Highly Elastic,3.7486,2.8115,-25.0,LOWER_PRICE,42.49,17.0,LOW,0.0059,False,8.8,A 1% price increase leads to a 2.7% decrease in demand. Highly price-sensitive.
21794,adjustment,General,-2.6971,Highly Elastic,4.4387,3.329,-25.0,LOWER_PRICE,42.43,16.97,LOW,0.0853,True,8.91,A 1% price increase leads to a 2.7% decrease in demand. Highly price-sensitive.
21200,MULTICOLOUR HONEYCOMB PAPER GARLAND,General,-2.6922,Highly Elastic,1.4703,1.1027,-25.0,LOWER_PRICE,42.31,16.92,LOW,0.0653,True,13.01,A 1% price increase leads to a 2.69% decrease in demand. Highly price-sensitive.
22544,MINI JIGSAW SPACEBOY,General,-2.691,Highly Elastic,0.3798,0.2849,-25.0,LOWER_PRICE,42.27,16.91,LOW,0.054,True,14.01,A 1% price increase leads to a 2.69% decrease in demand. Highly price-sensitive.
21870,Unknown,General,-2.6867,Highly Elastic,1.2432,0.9324,-25.0,LOWER_PRICE,42.17,16.87,LOW,0.0058,False,11.78,A 1% price increase leads to a 2.69% decrease in demand. Highly price-sensitive.
21676,FLOWERS  STICKERS,General,-2.6866,Highly Elastic,1.0655,0.7991,-25.0,LOWER_PRICE,42.16,16.86,LOW,0.1475,True,8.85,A 1% price increase leads to a 2.69% decrease in demand. Highly price-sensitive.
21156,RETROSPOT CHILDRENS APRON,General,-2.6864,Highly Elastic,1.9885,1.4914,-25.0,LOWER_PRICE,42.16,16.86,LOW,0.0346,True,11.99,A 1% price increase leads to a 2.69% decrease in demand. Highly price-sensitive.
21035,SET/2 RED RETROSPOT TEA TOWELS ,General,-2.686,Highly Elastic,3.2114,2.4085,-25.0,LOWER_PRICE,42.15,16.86,LOW,0.0135,True,11.3,A 1% price increase leads to a 2.69% decrease in demand. Highly price-sensitive.
23267,SET OF 4 SANTA PLACE SETTINGS,General,-2.6832,Highly Elastic,1.247,0.9353,-25.0,LOWER_PRICE,42.08,16.83,LOW,0.0059,False,10.26,A 1% price increase leads to a 2.68% decrease in demand. Highly price-sensitive.
23375,50'S CHRISTMAS PAPER GIFT BAG,General,-2.6771,Highly Elastic,0.8157,0.6118,-25.0,LOWER_PRICE,41.93,16.77,LOW,0.005,False,11.48,A 1% price increase leads to a 2.68% decrease in demand. Highly price-sensitive.
21206,STRAWBERRY HONEYCOMB  GARLAND ,General,-2.672,Highly Elastic,1.5281,1.1461,-25.0,LOWER_PRICE,41.8,16.72,LOW,0.0926,True,9.39,A 1% price increase leads to a 2.67% decrease in demand. Highly price-sensitive.
22729,Unknown,General,-2.6711,Highly Elastic,3.775,2.8312,-25.0,LOWER_PRICE,41.78,16.71,LOW,0.0115,True,13.03,A 1% price increase leads to a 2.67% decrease in demand. Highly price-sensitive.
21770,OPEN CLOSED METAL SIGN,General,-2.6702,Highly Elastic,4.9208,3.6906,-25.0,LOWER_PRICE,41.75,16.7,LOW,0.0062,False,11.38,A 1% price increase leads to a 2.67% decrease in demand. Highly price-sensitive.
23198,PANTRY MAGNETIC  SHOPPING LIST,General,-2.6691,Highly Elastic,1.4752,1.1064,-25.0,LOWER_PRICE,41.73,16.69,LOW,0.0082,True,12.35,A 1% price increase leads to a 2.67% decrease in demand. Highly price-sensitive.
22416,SET OF 36 SPACEBOY PAPER DOILIES,General,-2.6664,Highly Elastic,1.4447,1.0835,-25.0,LOWER_PRICE,41.66,16.66,LOW,0.0057,False,8.55,A 1% price increase leads to a 2.67% decrease in demand. Highly price-sensitive.
84792,ENCHANTED BIRD COATHANGER 5 HOOK,General,-2.6648,Highly Elastic,4.708,3.531,-25.0,LOWER_PRICE,41.62,16.65,LOW,0.0267,True,9.81,A 1% price increase leads to a 2.66% decrease in demand. Highly price-sensitive.
22296,HEART IVORY TRELLIS LARGE,General,-2.6639,Highly Elastic,1.6612,1.2459,-25.0,LOWER_PRICE,41.6,16.64,LOW,0.0128,True,12.34,A 1% price increase leads to a 2.66% decrease in demand. Highly price-sensitive.
85038,6 CHOCOLATE LOVE HEART T-LIGHTS,General,-2.6582,Highly Elastic,2.1101,1.5826,-25.0,LOWER_PRICE,41.45,16.58,LOW,0.0242,True,10.52,A 1% price increase leads to a 2.66% decrease in demand. Highly price-sensitive.
22998,TRAVEL CARD WALLET KEEP CALM,General,-2.6572,Highly Elastic,0.426,0.3195,-25.0,LOWER_PRICE,41.43,16.57,LOW,0.0181,True,18.12,A 1% price increase leads to a 2.66% decrease in demand. Highly price-sensitive.
22294,HEART FILIGREE DOVE  SMALL,General,-2.6536,Highly Elastic,1.2492,0.9369,-25.0,LOWER_PRICE,41.34,16.54,LOW,0.0039,False,14.5,A 1% price increase leads to a 2.65% decrease in demand. Highly price-sensitive.
22660,DOORMAT I LOVE LONDON,General,-2.652,Highly Elastic,7.8629,5.8972,-25.0,LOWER_PRICE,41.3,16.52,LOW,0.0078,False,8.46,A 1% price increase leads to a 2.65% decrease in demand. Highly price-sensitive.
15058C,wet/rusty,General,-2.6519,Highly Elastic,5.6206,4.2154,-25.0,LOWER_PRICE,41.3,16.52,LOW,0.1388,True,9.74,A 1% price increase leads to a 2.65% decrease in demand. Highly price-sensitive.
22241,GARLAND WOODEN HAPPY EASTER,General,-2.6514,Highly Elastic,1.242,0.9315,-25.0,LOWER_PRICE,41.29,16.52,LOW,0.0057,False,12.69,A 1% price increase leads to a 2.65% decrease in demand. Highly price-sensitive.
23164,REGENCY CAKE SLICE,General,-2.6455,Highly Elastic,4.8451,3.6338,-25.0,LOWER_PRICE,41.14,16.46,LOW,0.0133,False,8.28,A 1% price increase leads to a 2.65% decrease in demand. Highly price-sensitive.
22851,SET 20 NAPKINS FAIRY CAKES DESIGN ,General,-2.644,Highly Elastic,0.8697,0.6523,-25.0,LOWER_PRICE,41.1,16.44,LOW,0.0218,True,11.09,A 1% price increase leads to a 2.64% decrease in demand. Highly price-sensitive.
23169,smashed,General,-2.6348,Highly Elastic,4.0954,3.0715,-25.0,LOWER_PRICE,40.87,16.35,LOW,0.0062,False,10.77,A 1% price increase leads to a 2.63% decrease in demand. Highly price-sensitive.
23223,CHRISTMAS TREE HANGING SILVER ,General,-2.633,Highly Elastic,0.8964,0.6723,-25.0,LOWER_PRICE,40.83,16.33,LOW,0.0408,True,9.04,A 1% price increase leads to a 2.63% decrease in demand. Highly price-sensitive.
23037,CANDLE HOLDER SILVER MADELINE,General,-2.6328,Highly Elastic,1.8791,1.4093,-25.0,LOWER_PRICE,40.82,16.33,LOW,0.0974,True,8.91,A 1% price increase leads to a 2.63% decrease in demand. Highly price-sensitive.
23014,GLASS APOTHECARY BOTTLE ELIXIR,General,-2.6315,Highly Elastic,3.9437,2.9578,-25.0,LOWER_PRICE,40.79,16.32,LOW,0.0274,True,9.43,A 1% price increase leads to a 2.63% decrease in demand. Highly price-sensitive.
23254,KIDS CUTLERY DOLLY GIRL ,General,-2.6308,Highly Elastic,4.137,3.1027,-25.0,LOWER_PRICE,40.77,16.31,LOW,0.0058,False,10.81,A 1% price increase leads to a 2.63% decrease in demand. Highly price-sensitive.
22665,Unknown,General,-2.6291,Highly Elastic,2.9575,2.2181,-25.0,LOWER_PRICE,40.73,16.29,LOW,0.0131,True,10.69,A 1% price increase leads to a 2.63% decrease in demand. Highly price-sensitive.
23505,PLAYING CARDS I LOVE LONDON ,General,-2.6267,Highly Elastic,1.2425,0.9319,-25.0,LOWER_PRICE,40.67,16.27,LOW,0.0061,False,11.98,A 1% price increase leads to a 2.63% decrease in demand. Highly price-sensitive.
72802B,check,General,-2.6255,Highly Elastic,4.1073,3.0805,-25.0,LOWER_PRICE,40.64,16.26,LOW,0.1083,True,9.88,A 1% price increase leads to a 2.63% decrease in demand. Highly price-sensitive.
23089,GLASS BON BON JAR,General,-2.6197,Highly Elastic,1.7635,1.3226,-25.0,LOWER_PRICE,40.49,16.2,LOW,0.0147,False,10.81,A 1% price increase leads to a 2.62% decrease in demand. Highly price-sensitive.
22609,PENS ASSORTED SPACEBALL,General,-2.6189,Highly Elastic,0.2877,0.2158,-25.0,LOWER_PRICE,40.47,16.19,MEDIUM,0.1576,True,18.4,A 1% price increase leads to a 2.62% decrease in demand. Highly price-sensitive.
22795,Unknown,General,-2.6183,Highly Elastic,6.6722,5.0042,-25.0,LOWER_PRICE,40.46,16.18,LOW,0.0061,False,11.65,A 1% price increase leads to a 2.62% decrease in demand. Highly price-sensitive.
85053,FRENCH ENAMEL CANDLEHOLDER,General,-2.6145,Highly Elastic,2.1217,1.5913,-25.0,LOWER_PRICE,40.36,16.14,LOW,0.0169,True,10.94,A 1% price increase leads to a 2.61% decrease in demand. Highly price-sensitive.
21154,RED RETROSPOT OVEN GLOVE ,General,-2.6142,Highly Elastic,1.2805,0.9604,-25.0,LOWER_PRICE,40.35,16.14,LOW,0.0169,True,13.37,A 1% price increase leads to a 2.61% decrease in demand. Highly price-sensitive.
22130,sold as set on dotcom,General,-2.6131,Highly Elastic,0.8468,0.6351,-25.0,LOWER_PRICE,40.33,16.13,LOW,0.0071,False,11.24,A 1% price increase leads to a 2.61% decrease in demand. Highly price-sensitive.
23291,DOLLY GIRL CHILDRENS CUP,General,-2.6129,Highly Elastic,1.2639,0.9479,-25.0,LOWER_PRICE,40.32,16.13,LOW,0.0064,False,10.77,A 1% price increase leads to a 2.61% decrease in demand. Highly price-sensitive.
37475,SET/4 COLOURFUL MIXING BOWLS,General,-2.6124,Highly Elastic,9.8431,7.3823,-25.0,LOWER_PRICE,40.31,16.12,LOW,0.0068,False,8.77,A 1% price increase leads to a 2.61% decrease in demand. Highly price-sensitive.
84968C,SET OF 16 VINTAGE PISTACHIO CUTLERY,General,-2.6105,Highly Elastic,12.6822,9.5116,-25.0,LOWER_PRICE,40.26,16.1,LOW,0.0044,False,8.99,A 1% price increase leads to a 2.61% decrease in demand. Highly price-sensitive.
85039B,S/4 IVORY MINI ROSE CANDLE IN BOWL,General,-2.6084,Highly Elastic,1.5792,1.1844,-25.0,LOWER_PRICE,40.21,16.08,MEDIUM,0.1544,True,8.61,A 1% price increase leads to a 2.61% decrease in demand. Highly price-sensitive.
21925,UNION STRIPE CUSHION COVER ,General,-2.6082,Highly Elastic,1.2459,0.9344,-25.0,LOWER_PRICE,40.2,16.08,LOW,0.0057,False,8.04,A 1% price increase leads to a 2.61% decrease in demand. Highly price-sensitive.
22767,TRIPLE PHOTO FRAME CORNICE ,General,-2.6048,Highly Elastic,9.8426,7.3819,-25.0,LOWER_PRICE,40.12,16.05,LOW,0.0083,False,9.39,A 1% price increase leads to a 2.6% decrease in demand. Highly price-sensitive.
23326,HANGING MINI COLOURED BOTTLES,General,-2.6045,Highly Elastic,0.6167,0.4625,-25.0,LOWER_PRICE,40.11,16.04,LOW,0.0053,False,23.77,A 1% price increase leads to a 2.6% decrease in demand. Highly price-sensitive.
20617,FIRST CLASS PASSPORT COVER ,General,-2.6044,Highly Elastic,2.0586,1.544,-25.0,LOWER_PRICE,40.11,16.04,LOW,0.0109,False,7.29,A 1% price increase leads to a 2.6% decrease in demand. Highly price-sensitive.
21816,CHRISTMAS TREE T-LIGHT HOLDER,General,-2.6037,Highly Elastic,1.4433,1.0825,-25.0,LOWER_PRICE,40.09,16.04,LOW,0.0063,False,8.71,A 1% price increase leads to a 2.6% decrease in demand. Highly price-sensitive.
22834,HAND WARMER BABUSHKA DESIGN,General,-2.6016,Highly Elastic,1.9721,1.4791,-25.0,LOWER_PRICE,40.04,16.02,LOW,0.0481,True,12.91,A 1% price increase leads to a 2.6% decrease in demand. Highly price-sensitive.
90082B,Unknown,General,-2.6007,Highly Elastic,6.3192,4.7394,-25.0,LOWER_PRICE,40.02,16.01,LOW,0.0041,False,7.5,A 1% price increase leads to a 2.6% decrease in demand. Highly price-sensitive.
23005,printing smudges/thrown away,General,-2.5962,Highly Elastic,0.4188,0.3141,-25.0,LOWER_PRICE,39.91,15.96,LOW,0.0052,False,13.85,A 1% price increase leads to a 2.6% decrease in demand. Highly price-sensitive.
22247,BUNNY DECORATION MAGIC GARDEN,General,-2.5934,Highly Elastic,0.8413,0.631,-25.0,LOWER_PRICE,39.84,15.94,LOW,0.0079,False,10.77,A 1% price increase leads to a 2.59% decrease in demand. Highly price-sensitive.
22109,FULL ENGLISH BREAKFAST PLATE,General,-2.5873,Highly Elastic,3.8433,2.8825,-25.0,LOWER_PRICE,39.68,15.87,LOW,0.0174,True,10.62,A 1% price increase leads to a 2.59% decrease in demand. Highly price-sensitive.
22129,PARTY CONES CANDY DECORATION,General,-2.587,Highly Elastic,1.0135,0.7601,-25.0,LOWER_PRICE,39.68,15.87,MEDIUM,0.2244,True,12.8,A 1% price increase leads to a 2.59% decrease in demand. Highly price-sensitive.
22979,PANTRY WASHING UP BRUSH,General,-2.5862,Highly Elastic,1.4779,1.1084,-25.0,LOWER_PRICE,39.65,15.86,LOW,0.0227,True,11.2,A 1% price increase leads to a 2.59% decrease in demand. Highly price-sensitive.
21650,ASSORTED TUTTI FRUTTI BRACELET,General,-2.5854,Highly Elastic,0.2544,0.1908,-25.0,LOWER_PRICE,39.63,15.85,MEDIUM,0.2069,True,17.5,A 1% price increase leads to a 2.59% decrease in demand. Highly price-sensitive.
21429,Unknown,General,-2.5838,Highly Elastic,1.8475,1.3856,-25.0,LOWER_PRICE,39.59,15.84,LOW,0.0115,True,10.58,A 1% price increase leads to a 2.58% decrease in demand. Highly price-sensitive.
21967,PACK OF 12 SKULL TISSUES,General,-2.5747,Highly Elastic,0.3199,0.2399,-25.0,LOWER_PRICE,39.37,15.75,LOW,0.0254,True,12.8,A 1% price increase leads to a 2.57% decrease in demand. Highly price-sensitive.
22876,NUMBER TILE COTTAGE GARDEN 8,General,-2.5744,Highly Elastic,1.9626,1.4719,-25.0,LOWER_PRICE,39.36,15.74,LOW,0.0049,False,7.76,A 1% price increase leads to a 2.57% decrease in demand. Highly price-sensitive.
21145,Unknown,General,-2.5738,Highly Elastic,1.2542,0.9406,-25.0,LOWER_PRICE,39.34,15.74,LOW,0.0187,False,8.14,A 1% price increase leads to a 2.57% decrease in demand. Highly price-sensitive.
85014B,RED RETROSPOT UMBRELLA,General,-2.5728,Highly Elastic,6.0433,4.5325,-25.0,LOWER_PRICE,39.32,15.73,LOW,0.0189,True,10.99,A 1% price increase leads to a 2.57% decrease in demand. Highly price-sensitive.
79067,Unknown,General,-2.5689,Highly Elastic,3.7582,2.8186,-25.0,LOWER_PRICE,39.22,15.69,LOW,0.0072,False,6.78,A 1% price increase leads to a 2.57% decrease in demand. Highly price-sensitive.
20718,RED RETROSPOT SHOPPER BAG,General,-2.5681,Highly Elastic,1.2601,0.9451,-25.0,LOWER_PRICE,39.2,15.68,LOW,0.0074,True,12.91,A 1% price increase leads to a 2.57% decrease in demand. Highly price-sensitive.
22470,Unknown,General,-2.5645,Highly Elastic,2.9503,2.2127,-25.0,LOWER_PRICE,39.11,15.64,LOW,0.0064,True,19.32,A 1% price increase leads to a 2.56% decrease in demand. Highly price-sensitive.
22748,POPPY'S PLAYHOUSE KITCHEN,General,-2.5631,Highly Elastic,2.0953,1.5715,-25.0,LOWER_PRICE,39.08,15.63,LOW,0.0048,False,10.91,A 1% price increase leads to a 2.56% decrease in demand. Highly price-sensitive.
23064,Crushed,General,-2.5609,Highly Elastic,42.1468,31.6101,-25.0,LOWER_PRICE,39.02,15.61,HIGH,0.3253,True,9.61,A 1% price increase leads to a 2.56% decrease in demand. Highly price-sensitive.
17003,BROCADE RING PURSE ,General,-2.5601,Highly Elastic,0.3082,0.2311,-25.0,LOWER_PRICE,39.0,15.6,LOW,0.0399,True,22.32,A 1% price increase leads to a 2.56% decrease in demand. Highly price-sensitive.
23038,T-LIGHT HOLDER SILVER SAUCER,General,-2.5577,Highly Elastic,1.225,0.9188,-25.0,LOWER_PRICE,38.94,15.58,MEDIUM,0.1536,False,12.08,A 1% price increase leads to a 2.56% decrease in demand. Highly price-sensitive.
22947,Unknown,General,-2.5496,Highly Elastic,11.047,8.2853,-25.0,LOWER_PRICE,38.74,15.5,LOW,0.1359,True,9.15,A 1% price increase leads to a 2.55% decrease in demand. Highly price-sensitive.
22104,MIRROR MOSAIC CANDLE PLATE,General,-2.5462,Highly Elastic,1.2416,0.9312,-25.0,LOWER_PRICE,38.65,15.46,MEDIUM,0.2287,True,12.09,A 1% price increase leads to a 2.55% decrease in demand. Highly price-sensitive.
18094C,Unknown,General,-2.543,Highly Elastic,1.1957,0.8968,-25.0,LOWER_PRICE,38.58,15.43,LOW,0.0201,False,10.38,A 1% price increase leads to a 2.54% decrease in demand. Highly price-sensitive.
21126,SET OF 6 GIRLS CELEBRATION CANDLES,General,-2.5418,Highly Elastic,1.2526,0.9394,-25.0,LOWER_PRICE,38.54,15.42,LOW,0.0047,False,9.5,A 1% price increase leads to a 2.54% decrease in demand. Highly price-sensitive.
75013B,Unknown,General,-2.5379,Highly Elastic,1.6376,1.2282,-25.0,LOWER_PRICE,38.45,15.38,LOW,0.0045,False,8.42,A 1% price increase leads to a 2.54% decrease in demand. Highly price-sensitive.
84510A,SET OF 4 ENGLISH ROSE COASTERS,General,-2.5367,Highly Elastic,1.2718,0.9539,-25.0,LOWER_PRICE,38.42,15.37,LOW,0.0158,True,10.03,A 1% price increase leads to a 2.54% decrease in demand. Highly price-sensitive.
21558,SKULL LUNCH BOX WITH CUTLERY ,General,-2.5328,Highly Elastic,2.5367,1.9025,-25.0,LOWER_PRICE,38.32,15.33,LOW,0.0064,False,10.37,A 1% price increase leads to a 2.53% decrease in demand. Highly price-sensitive.
21668,RED STRIPE CERAMIC DRAWER KNOB,General,-2.5299,Highly Elastic,1.3184,0.9888,-25.0,LOWER_PRICE,38.25,15.3,LOW,0.0185,True,13.39,A 1% price increase leads to a 2.53% decrease in demand. Highly price-sensitive.
21792,Unknown,General,-2.5255,Highly Elastic,4.4799,3.3599,-25.0,LOWER_PRICE,38.14,15.26,LOW,0.0614,True,8.56,A 1% price increase leads to a 2.53% decrease in demand. Highly price-sensitive.
22377,BOTTLE BAG RETROSPOT ,General,-2.5234,Highly Elastic,1.8333,1.375,-25.0,LOWER_PRICE,38.09,15.24,LOW,0.123,True,11.59,A 1% price increase leads to a 2.52% decrease in demand. Highly price-sensitive.
22257,FELT FARM ANIMAL SHEEP,General,-2.5203,Highly Elastic,1.0985,0.8239,-25.0,LOWER_PRICE,38.01,15.2,MEDIUM,0.2386,True,10.88,A 1% price increase leads to a 2.52% decrease in demand. Highly price-sensitive.
35957,Unknown,General,-2.5189,Highly Elastic,0.3757,0.2818,-25.0,LOWER_PRICE,37.97,15.19,LOW,0.0572,False,19.89,A 1% price increase leads to a 2.52% decrease in demand. Highly price-sensitive.
22485,SET OF 2 WOODEN MARKET CRATES,General,-2.5186,Highly Elastic,12.5728,9.4296,-25.0,LOWER_PRICE,37.97,15.19,LOW,0.0072,False,8.3,A 1% price increase leads to a 2.52% decrease in demand. Highly price-sensitive.
85118,Unknown,General,-2.5168,Highly Elastic,1.0249,0.7687,-25.0,LOWER_PRICE,37.92,15.17,LOW,0.1357,False,9.38,A 1% price increase leads to a 2.52% decrease in demand. Highly price-sensitive.
22249,DECORATION WHITE CHICK MAGIC GARDEN,General,-2.5167,Highly Elastic,0.8428,0.6321,-25.0,LOWER_PRICE,37.92,15.17,LOW,0.007,False,10.06,A 1% price increase leads to a 2.52% decrease in demand. Highly price-sensitive.
23118,dotcom adjust,General,-2.5166,Highly Elastic,7.4715,5.6036,-25.0,LOWER_PRICE,37.91,15.16,LOW,0.0057,False,10.21,A 1% price increase leads to a 2.52% decrease in demand. Highly price-sensitive.
82613D,METAL SIGN CUPCAKE SINGLE HOOK,General,-2.5153,Highly Elastic,0.96,0.72,-25.0,LOWER_PRICE,37.88,15.15,MEDIUM,0.2072,True,9.74,A 1% price increase leads to a 2.52% decrease in demand. Highly price-sensitive.
23031,DOORKNOB CRACKED GLAZE PINK,General,-2.5135,Highly Elastic,1.6476,1.2357,-25.0,LOWER_PRICE,37.84,15.14,LOW,0.0047,False,10.33,A 1% price increase leads to a 2.51% decrease in demand. Highly price-sensitive.
22977,DOLLY GIRL CHILDRENS EGG CUP,General,-2.5097,Highly Elastic,1.2765,0.9574,-25.0,LOWER_PRICE,37.74,15.1,LOW,0.0117,False,8.64,A 1% price increase leads to a 2.51% decrease in demand. Highly price-sensitive.
21913,VINTAGE SEASIDE JIGSAW PUZZLES,General,-2.5038,Highly Elastic,3.7244,2.7933,-25.0,LOWER_PRICE,37.59,15.04,LOW,0.0061,False,8.76,A 1% price increase leads to a 2.5% decrease in demand. Highly price-sensitive.
84997A,CHILDRENS CUTLERY POLKADOT GREEN ,General,-2.4984,Highly Elastic,4.041,3.0308,-25.0,LOWER_PRICE,37.46,14.98,LOW,0.0134,True,11.8,A 1% price increase leads to a 2.5% decrease in demand. Highly price-sensitive.
22178,VICTORIAN GLASS HANGING T-LIGHT,General,-2.4963,Highly Elastic,1.4192,1.0644,-25.0,LOWER_PRICE,37.41,14.96,LOW,0.0291,True,24.6,A 1% price increase leads to a 2.5% decrease in demand. Highly price-sensitive.
85054,found,General,-2.4904,Highly Elastic,2.75,2.0625,-25.0,LOWER_PRICE,37.26,14.9,LOW,0.1029,True,9.51,A 1% price increase leads to a 2.49% decrease in demand. Highly price-sensitive.
22838,Unknown,General,-2.4885,Highly Elastic,14.9443,11.2082,-25.0,LOWER_PRICE,37.21,14.88,LOW,0.0166,True,8.79,A 1% price increase leads to a 2.49% decrease in demand. Highly price-sensitive.
22151,PLACE SETTING WHITE HEART,General,-2.4866,Highly Elastic,0.4285,0.3214,-25.0,LOWER_PRICE,37.17,14.87,LOW,0.0212,True,23.22,A 1% price increase leads to a 2.49% decrease in demand. Highly price-sensitive.
22685,FRENCH BLUE METAL DOOR SIGN 0,General,-2.4798,Highly Elastic,1.2488,0.9366,-25.0,LOWER_PRICE,36.99,14.8,LOW,0.0041,False,9.47,A 1% price increase leads to a 2.48% decrease in demand. Highly price-sensitive.
21621,Unknown,General,-2.4684,Highly Elastic,8.509,6.3818,-25.0,LOWER_PRICE,36.71,14.68,LOW,0.0049,False,12.48,A 1% price increase leads to a 2.47% decrease in demand. Highly price-sensitive.
84836,ZINC METAL HEART DECORATION,General,-2.4673,Highly Elastic,1.2479,0.9359,-25.0,LOWER_PRICE,36.68,14.67,LOW,0.004,False,15.38,A 1% price increase leads to a 2.47% decrease in demand. Highly price-sensitive.
21677,HEARTS  STICKERS,General,-2.4665,Highly Elastic,0.9155,0.6866,-25.0,LOWER_PRICE,36.66,14.66,LOW,0.042,True,9.59,A 1% price increase leads to a 2.47% decrease in demand. Highly price-sensitive.
84535A,ENGLISH ROSE NOTEBOOK A6 SIZE,General,-2.4642,Highly Elastic,0.648,0.486,-25.0,LOWER_PRICE,36.6,14.64,LOW,0.0045,False,9.71,A 1% price increase leads to a 2.46% decrease in demand. Highly price-sensitive.
22602,RETROSPOT WOODEN HEART DECORATION,General,-2.4627,Highly Elastic,0.8475,0.6356,-25.0,LOWER_PRICE,36.57,14.63,LOW,0.0045,False,11.79,A 1% price increase leads to a 2.46% decrease in demand. Highly price-sensitive.
23396,LE JARDIN BOTANIQUE CUSHION COVER,General,-2.4582,Highly Elastic,3.7565,2.8174,-25.0,LOWER_PRICE,36.46,14.58,LOW,0.0055,False,12.17,A 1% price increase leads to a 2.46% decrease in demand. Highly price-sensitive.
84922,PINK BUTTERFLY WASHBAG,General,-2.4573,Highly Elastic,4.2959,3.2219,-25.0,LOWER_PRICE,36.43,14.57,LOW,0.0039,False,8.04,A 1% price increase leads to a 2.46% decrease in demand. Highly price-sensitive.
21832,CHOCOLATE CALCULATOR,General,-2.4542,Highly Elastic,1.7767,1.3325,-25.0,LOWER_PRICE,36.36,14.54,LOW,0.0353,True,10.22,A 1% price increase leads to a 2.45% decrease in demand. Highly price-sensitive.
22441,GROW YOUR OWN BASIL IN ENAMEL MUG,General,-2.4528,Highly Elastic,2.0958,1.5718,-25.0,LOWER_PRICE,36.32,14.53,LOW,0.0058,False,9.64,A 1% price increase leads to a 2.45% decrease in demand. Highly price-sensitive.
21277,FRENCH STYLE EMBOSSED HEART CABINET,General,-2.452,Highly Elastic,21.9537,16.4653,-25.0,LOWER_PRICE,36.3,14.52,LOW,0.0033,False,9.14,A 1% price increase leads to a 2.45% decrease in demand. Highly price-sensitive.
21121,SET/10 RED POLKADOT PARTY CANDLES,General,-2.4492,Highly Elastic,1.2495,0.9371,-25.0,LOWER_PRICE,36.23,14.49,LOW,0.0038,False,13.69,A 1% price increase leads to a 2.45% decrease in demand. Highly price-sensitive.
23661,MILK MAIDS MUG ,General,-2.4447,Highly Elastic,1.6548,1.2411,-25.0,LOWER_PRICE,36.12,14.45,LOW,0.0058,False,8.22,A 1% price increase leads to a 2.44% decrease in demand. Highly price-sensitive.
21063,PARTY INVITES JAZZ HEARTS,General,-2.4424,Highly Elastic,0.8758,0.6569,-25.0,LOWER_PRICE,36.06,14.42,LOW,0.0238,True,7.76,A 1% price increase leads to a 2.44% decrease in demand. Highly price-sensitive.
22741,FUNKY DIVA PEN,General,-2.4416,Highly Elastic,0.8523,0.6392,-25.0,LOWER_PRICE,36.04,14.42,LOW,0.0029,False,19.09,A 1% price increase leads to a 2.44% decrease in demand. Highly price-sensitive.
85131A,BEADED PEARL HEART WHITE ON STICK,General,-2.4381,Highly Elastic,1.1695,0.8771,-25.0,LOWER_PRICE,35.95,14.38,LOW,0.1284,True,11.93,A 1% price increase leads to a 2.44% decrease in demand. Highly price-sensitive.
23100,SILVER BELLS TABLE DECORATION,General,-2.4364,Highly Elastic,1.2474,0.9356,-25.0,LOWER_PRICE,35.91,14.36,LOW,0.0056,False,10.91,A 1% price increase leads to a 2.44% decrease in demand. Highly price-sensitive.
22594,CHRISTMAS GINGHAM TREE,General,-2.4339,Highly Elastic,0.8897,0.6673,-25.0,LOWER_PRICE,35.85,14.34,LOW,0.0277,True,12.22,A 1% price increase leads to a 2.43% decrease in demand. Highly price-sensitive.
23181,BULL DOG BOTTLE TOP WALL CLOCK,General,-2.4329,Highly Elastic,8.113,6.0847,-25.0,LOWER_PRICE,35.82,14.33,LOW,0.007,False,8.02,A 1% price increase leads to a 2.43% decrease in demand. Highly price-sensitive.
21485,RETROSPOT HEART HOT WATER BOTTLE,General,-2.4325,Highly Elastic,4.9557,3.7168,-25.0,LOWER_PRICE,35.81,14.32,LOW,0.0057,True,13.77,A 1% price increase leads to a 2.43% decrease in demand. Highly price-sensitive.
20654,FIRST CLASS LUGGAGE TAG ,General,-2.4324,Highly Elastic,1.2401,0.9301,-25.0,LOWER_PRICE,35.81,14.32,LOW,0.0079,False,8.49,A 1% price increase leads to a 2.43% decrease in demand. Highly price-sensitive.
84806A,PINK CANDYSTUFT ARTIFICIAL FLOWER,General,-2.4299,Highly Elastic,0.7739,0.5804,-25.0,LOWER_PRICE,35.75,14.3,HIGH,0.6025,True,10.0,A 1% price increase leads to a 2.43% decrease in demand. Highly price-sensitive.
20978,36 PENCILS TUBE SKULLS,General,-2.4285,Highly Elastic,1.2465,0.9349,-25.0,LOWER_PRICE,35.71,14.28,LOW,0.0051,False,11.22,A 1% price increase leads to a 2.43% decrease in demand. Highly price-sensitive.
23034,DRAWER KNOB CERAMIC BLACK,General,-2.426,Highly Elastic,1.4481,1.0861,-25.0,LOWER_PRICE,35.65,14.26,LOW,0.0053,False,9.81,A 1% price increase leads to a 2.43% decrease in demand. Highly price-sensitive.
22167, OVAL WALL MIRROR DIAMANTE ,General,-2.4259,Highly Elastic,9.5971,7.1978,-25.0,LOWER_PRICE,35.65,14.26,LOW,0.0442,True,8.6,A 1% price increase leads to a 2.43% decrease in demand. Highly price-sensitive.
85114B,IVORY ENCHANTED FOREST PLACEMAT,General,-2.4227,Highly Elastic,1.6395,1.2296,-25.0,LOWER_PRICE,35.57,14.23,LOW,0.0062,False,8.88,A 1% price increase leads to a 2.42% decrease in demand. Highly price-sensitive.
23174,REGENCY SUGAR BOWL GREEN,General,-2.4166,Highly Elastic,4.1113,3.0835,-25.0,LOWER_PRICE,35.41,14.16,LOW,0.0057,False,10.26,A 1% price increase leads to a 2.42% decrease in demand. Highly price-sensitive.
21675,BUTTERFLIES STICKERS,General,-2.4086,Highly Elastic,0.9614,0.721,-25.0,LOWER_PRICE,35.21,14.08,LOW,0.075,True,8.31,A 1% price increase leads to a 2.41% decrease in demand. Highly price-sensitive.
48129,DOORMAT TOPIARY,General,-2.4066,Highly Elastic,7.9219,5.9414,-25.0,LOWER_PRICE,35.16,14.06,LOW,0.0184,True,9.17,A 1% price increase leads to a 2.41% decrease in demand. Highly price-sensitive.
21815,?,General,-2.4024,Highly Elastic,1.4517,1.0888,-25.0,LOWER_PRICE,35.06,14.02,LOW,0.0042,False,8.4,A 1% price increase leads to a 2.4% decrease in demand. Highly price-sensitive.
84683,Unknown,General,-2.3917,Highly Elastic,0.94,0.705,-25.0,LOWER_PRICE,34.79,13.92,LOW,0.0758,False,16.39,A 1% price increase leads to a 2.39% decrease in demand. Highly price-sensitive.
23091,check,General,-2.3912,Highly Elastic,6.2247,4.6685,-25.0,LOWER_PRICE,34.78,13.91,LOW,0.0059,False,8.69,A 1% price increase leads to a 2.39% decrease in demand. Highly price-sensitive.
22861,EASTER TIN CHICKS IN GARDEN,General,-2.3899,Highly Elastic,1.6522,1.2391,-25.0,LOWER_PRICE,34.75,13.9,LOW,0.0042,False,9.01,A 1% price increase leads to a 2.39% decrease in demand. Highly price-sensitive.
21408,SPOTTY PINK DUCK DOORSTOP,General,-2.3897,Highly Elastic,3.4132,2.5599,-25.0,LOWER_PRICE,34.74,13.9,LOW,0.104,True,9.84,A 1% price increase leads to a 2.39% decrease in demand. Highly price-sensitive.
21025,SPACE FROG,General,-2.385,Highly Elastic,1.3682,1.0262,-25.0,LOWER_PRICE,34.62,13.85,LOW,0.067,False,10.41,A 1% price increase leads to a 2.38% decrease in demand. Highly price-sensitive.
22259,FELT FARM ANIMAL HEN,General,-2.3784,Highly Elastic,1.1226,0.8419,-25.0,LOWER_PRICE,34.46,13.78,LOW,0.1345,True,11.39,A 1% price increase leads to a 2.38% decrease in demand. Highly price-sensitive.
23352,ROLL WRAP 50'S RED CHRISTMAS ,General,-2.3778,Highly Elastic,1.2501,0.9376,-25.0,LOWER_PRICE,34.45,13.78,LOW,0.0058,False,11.09,A 1% price increase leads to a 2.38% decrease in demand. Highly price-sensitive.
21155,RED RETROSPOT PEG BAG,General,-2.3754,Highly Elastic,2.4807,1.8605,-25.0,LOWER_PRICE,34.38,13.75,LOW,0.0143,True,11.45,A 1% price increase leads to a 2.38% decrease in demand. Highly price-sensitive.
22331,WOODLAND PARTY BAG + STICKER SET,General,-2.3713,Highly Elastic,1.7024,1.2768,-25.0,LOWER_PRICE,34.28,13.71,LOW,0.023,True,9.51,A 1% price increase leads to a 2.37% decrease in demand. Highly price-sensitive.
22827,Unknown,General,-2.3624,Highly Elastic,160.4444,120.3333,-25.0,LOWER_PRICE,34.06,13.62,LOW,0.0049,False,7.19,A 1% price increase leads to a 2.36% decrease in demand. Highly price-sensitive.
23206,LUNCH BAG APPLE DESIGN,General,-2.3593,Highly Elastic,1.6398,1.2298,-25.0,LOWER_PRICE,33.98,13.59,LOW,0.0037,False,18.45,A 1% price increase leads to a 2.36% decrease in demand. Highly price-sensitive.
22549,PICTURE DOMINOES,General,-2.3583,Highly Elastic,1.4893,1.117,-25.0,LOWER_PRICE,33.96,13.58,LOW,0.0211,True,12.72,A 1% price increase leads to a 2.36% decrease in demand. Highly price-sensitive.
16238,PARTY TIME PENCIL ERASERS,General,-2.3557,Highly Elastic,0.2292,0.1719,-25.0,LOWER_PRICE,33.89,13.56,LOW,0.0545,True,11.47,A 1% price increase leads to a 2.36% decrease in demand. Highly price-sensitive.
17136A,check,General,-2.352,Highly Elastic,0.113,0.0848,-25.0,LOWER_PRICE,33.8,13.52,MEDIUM,0.1903,True,12.11,A 1% price increase leads to a 2.35% decrease in demand. Highly price-sensitive.
22728,ALARM CLOCK BAKELIKE PINK,General,-2.3497,Highly Elastic,3.7673,2.8255,-25.0,LOWER_PRICE,33.74,13.5,LOW,0.0044,False,14.91,A 1% price increase leads to a 2.35% decrease in demand. Highly price-sensitive.
22173,Unknown,General,-2.3489,Highly Elastic,3.076,2.307,-25.0,LOWER_PRICE,33.72,13.49,LOW,0.0131,True,10.93,A 1% price increase leads to a 2.35% decrease in demand. Highly price-sensitive.
21112,SWISS ROLL TOWEL PINK  SPOTS,General,-2.3465,Highly Elastic,2.7548,2.0661,-25.0,LOWER_PRICE,33.66,13.46,MEDIUM,0.1813,True,11.95,A 1% price increase leads to a 2.35% decrease in demand. Highly price-sensitive.
22974,CHILDRENS DOLLY GIRL MUG,General,-2.3458,Highly Elastic,1.6491,1.2368,-25.0,LOWER_PRICE,33.65,13.46,LOW,0.0042,False,10.45,A 1% price increase leads to a 2.35% decrease in demand. Highly price-sensitive.
85019C,Damaged,General,-2.344,Highly Elastic,2.7548,2.0661,-25.0,LOWER_PRICE,33.6,13.44,HIGH,0.3752,True,9.52,A 1% price increase leads to a 2.34% decrease in demand. Highly price-sensitive.
22565,FELTCRAFT HAIRBANDS PINK AND WHITE ,General,-2.3432,Highly Elastic,0.8816,0.6612,-25.0,LOWER_PRICE,33.58,13.43,LOW,0.0167,True,10.02,A 1% price increase leads to a 2.34% decrease in demand. Highly price-sensitive.
47593B,SCOTTIE DOGS BABY BIB,General,-2.3389,Highly Elastic,0.5858,0.4394,-25.0,LOWER_PRICE,33.47,13.39,MEDIUM,0.171,True,13.05,A 1% price increase leads to a 2.34% decrease in demand. Highly price-sensitive.
22845,VINTAGE CREAM CAT FOOD CONTAINER,General,-2.3377,Highly Elastic,6.3038,4.7279,-25.0,LOWER_PRICE,33.44,13.38,LOW,0.0053,False,10.14,A 1% price increase leads to a 2.34% decrease in demand. Highly price-sensitive.
21986,PACK OF 12 PINK POLKADOT TISSUES,General,-2.3361,Highly Elastic,0.3435,0.2576,-25.0,LOWER_PRICE,33.4,13.36,LOW,0.0653,True,16.91,A 1% price increase leads to a 2.34% decrease in demand. Highly price-sensitive.
23344,JUMBO BAG 50'S CHRISTMAS ,General,-2.3323,Highly Elastic,2.0704,1.5528,-25.0,LOWER_PRICE,33.31,13.32,LOW,0.0039,False,17.31,A 1% price increase leads to a 2.33% decrease in demand. Highly price-sensitive.
22682,FRENCH BLUE METAL DOOR SIGN 7,General,-2.3274,Highly Elastic,1.2437,0.9328,-25.0,LOWER_PRICE,33.18,13.27,LOW,0.004,False,9.52,A 1% price increase leads to a 2.33% decrease in demand. Highly price-sensitive.
22356,CHARLOTTE BAG PINK POLKADOT,General,-2.3266,Highly Elastic,0.8598,0.6449,-25.0,LOWER_PRICE,33.16,13.26,LOW,0.0116,True,14.06,A 1% price increase leads to a 2.33% decrease in demand. Highly price-sensitive.
22604,SET OF 4 NAPKIN CHARMS CUTLERY,General,-2.3261,Highly Elastic,2.544,1.908,-25.0,LOWER_PRICE,33.15,13.26,LOW,0.0053,False,9.77,A 1% price increase leads to a 2.33% decrease in demand. Highly price-sensitive.
21293,MIRRORED DOVE WALL DECORATION,General,-2.3242,Highly Elastic,2.4531,1.8398,-25.0,LOWER_PRICE,33.1,13.24,LOW,0.0719,False,7.41,A 1% price increase leads to a 2.32% decrease in demand. Highly price-sensitive.
22186,RED STAR CARD HOLDER,General,-2.3237,Highly Elastic,2.3689,1.7767,-25.0,LOWER_PRICE,33.09,13.24,LOW,0.0365,True,9.77,A 1% price increase leads to a 2.32% decrease in demand. Highly price-sensitive.
22852,DOG BOWL VINTAGE CREAM,General,-2.3228,Highly Elastic,4.267,3.2003,-25.0,LOWER_PRICE,33.07,13.23,LOW,0.0053,False,9.16,A 1% price increase leads to a 2.32% decrease in demand. Highly price-sensitive.
20679,EDWARDIAN PARASOL RED,General,-2.3226,Highly Elastic,5.9044,4.4283,-25.0,LOWER_PRICE,33.06,13.22,LOW,0.0053,False,9.89,A 1% price increase leads to a 2.32% decrease in demand. Highly price-sensitive.
22144,CHRISTMAS CRAFT LITTLE FRIENDS,General,-2.3196,Highly Elastic,2.1301,1.5976,-25.0,LOWER_PRICE,32.99,13.2,LOW,0.0046,False,14.28,A 1% price increase leads to a 2.32% decrease in demand. Highly price-sensitive.
21219,SET/4 BADGES BALLOON GIRL,General,-2.3177,Highly Elastic,1.418,1.0635,-25.0,LOWER_PRICE,32.94,13.18,LOW,0.0679,True,10.05,A 1% price increase leads to a 2.32% decrease in demand. Highly price-sensitive.
21109,wet,General,-2.3151,Highly Elastic,3.3815,2.5361,-25.0,LOWER_PRICE,32.88,13.15,MEDIUM,0.2412,True,11.48,A 1% price increase leads to a 2.32% decrease in demand. Highly price-sensitive.
35970,Unknown,General,-2.3132,Highly Elastic,1.7181,1.2886,-25.0,LOWER_PRICE,32.83,13.13,LOW,0.0039,False,14.19,A 1% price increase leads to a 2.31% decrease in demand. Highly price-sensitive.
23049,RECYCLED ACAPULCO MAT RED,General,-2.3082,Highly Elastic,8.2571,6.1928,-25.0,LOWER_PRICE,32.7,13.08,LOW,0.0042,False,9.72,A 1% price increase leads to a 2.31% decrease in demand. Highly price-sensitive.
22273,FELTCRAFT DOLL MOLLY,General,-2.3079,Highly Elastic,2.9593,2.2195,-25.0,LOWER_PRICE,32.7,13.08,LOW,0.0048,False,14.3,A 1% price increase leads to a 2.31% decrease in demand. Highly price-sensitive.
22617,"mouldy, thrown away.",General,-2.3039,Highly Elastic,4.9876,3.7407,-25.0,LOWER_PRICE,32.6,13.04,LOW,0.0095,True,12.25,A 1% price increase leads to a 2.3% decrease in demand. Highly price-sensitive.
22170,PICTURE FRAME WOOD TRIPLE PORTRAIT,General,-2.3005,Highly Elastic,6.6805,5.0104,-25.0,LOWER_PRICE,32.51,13.0,LOW,0.0051,False,10.14,A 1% price increase leads to a 2.3% decrease in demand. Highly price-sensitive.
22671,FRENCH LAUNDRY SIGN BLUE METAL,General,-2.2979,Highly Elastic,1.6798,1.2598,-25.0,LOWER_PRICE,32.45,12.98,LOW,0.0154,False,9.78,A 1% price increase leads to a 2.3% decrease in demand. Highly price-sensitive.
22926,Unknown,General,-2.2965,Highly Elastic,5.9395,4.4546,-25.0,LOWER_PRICE,32.41,12.96,LOW,0.0047,False,9.85,A 1% price increase leads to a 2.3% decrease in demand. Highly price-sensitive.
22751,FELTCRAFT PRINCESS OLIVIA DOLL,General,-2.2876,Highly Elastic,3.7798,2.8348,-25.0,LOWER_PRICE,32.19,12.88,LOW,0.0043,False,11.55,A 1% price increase leads to a 2.29% decrease in demand. Highly price-sensitive.
23583,LUNCH BAG PAISLEY PARK  ,General,-2.2849,Highly Elastic,1.6432,1.2324,-25.0,LOWER_PRICE,32.12,12.85,LOW,0.004,False,13.57,A 1% price increase leads to a 2.28% decrease in demand. Highly price-sensitive.
23006,TRAVEL CARD WALLET FLOWER MEADOW,General,-2.2844,Highly Elastic,0.4189,0.3142,-25.0,LOWER_PRICE,32.11,12.84,LOW,0.0041,False,10.62,A 1% price increase leads to a 2.28% decrease in demand. Highly price-sensitive.
21531,RED RETROSPOT SUGAR JAM BOWL,General,-2.2844,Highly Elastic,2.5183,1.8887,-25.0,LOWER_PRICE,32.11,12.84,LOW,0.0052,False,10.51,A 1% price increase leads to a 2.28% decrease in demand. Highly price-sensitive.
22674,FRENCH TOILET SIGN BLUE METAL,General,-2.2747,Highly Elastic,1.2698,0.9524,-25.0,LOWER_PRICE,31.87,12.75,LOW,0.011,False,10.45,A 1% price increase leads to a 2.27% decrease in demand. Highly price-sensitive.
22439,6 ROCKET BALLOONS ,General,-2.269,Highly Elastic,0.6707,0.503,-25.0,LOWER_PRICE,31.73,12.69,LOW,0.0068,False,10.14,A 1% price increase leads to a 2.27% decrease in demand. Highly price-sensitive.
21527,Unknown,General,-2.2659,Highly Elastic,7.8339,5.8754,-25.0,LOWER_PRICE,31.65,12.66,LOW,0.0052,False,9.37,A 1% price increase leads to a 2.27% decrease in demand. Highly price-sensitive.
21420,OYSTER TRINKET BOX,General,-2.2639,Highly Elastic,2.66,1.995,-25.0,LOWER_PRICE,31.6,12.64,LOW,0.1287,True,10.64,A 1% price increase leads to a 2.26% decrease in demand. Highly price-sensitive.
22702,BLACK AND WHITE CAT BOWL,General,-2.2605,Highly Elastic,1.9651,1.4738,-25.0,LOWER_PRICE,31.51,12.6,LOW,0.1228,True,8.77,A 1% price increase leads to a 2.26% decrease in demand. Highly price-sensitive.
21497,FANCY FONTS BIRTHDAY WRAP,General,-2.26,Highly Elastic,0.4178,0.3134,-25.0,LOWER_PRICE,31.5,12.6,LOW,0.004,False,17.6,A 1% price increase leads to a 2.26% decrease in demand. Highly price-sensitive.
21710,FOLDING UMBRELLA PINKWHITE POLKADOT,General,-2.2573,Highly Elastic,4.9318,3.6989,-25.0,LOWER_PRICE,31.43,12.57,LOW,0.0032,False,7.79,A 1% price increase leads to a 2.26% decrease in demand. Highly price-sensitive.
21452,TOADSTOOL MONEY BOX,General,-2.256,Highly Elastic,2.9462,2.2096,-25.0,LOWER_PRICE,31.4,12.56,LOW,0.0043,False,9.04,A 1% price increase leads to a 2.26% decrease in demand. Highly price-sensitive.
22575,missing?,General,-2.2538,Highly Elastic,1.9435,1.4576,-25.0,LOWER_PRICE,31.34,12.54,LOW,0.0046,False,11.69,A 1% price increase leads to a 2.25% decrease in demand. Highly price-sensitive.
22555,PLASTERS IN TIN STRONGMAN,General,-2.2519,Highly Elastic,1.654,1.2405,-25.0,LOWER_PRICE,31.3,12.52,LOW,0.0065,True,15.21,A 1% price increase leads to a 2.25% decrease in demand. Highly price-sensitive.
21944,KITTENS DESIGN FLANNEL,General,-2.2509,Highly Elastic,0.702,0.5265,-25.0,LOWER_PRICE,31.27,12.51,LOW,0.0887,True,9.66,A 1% price increase leads to a 2.25% decrease in demand. Highly price-sensitive.
35815P,Unknown,General,-2.2429,Highly Elastic,1.2341,0.9256,-25.0,LOWER_PRICE,31.07,12.43,HIGH,0.4884,True,8.53,A 1% price increase leads to a 2.24% decrease in demand. Highly price-sensitive.
23439,HAND WARMER RED LOVE HEART,General,-2.2409,Highly Elastic,2.0961,1.5721,-25.0,LOWER_PRICE,31.02,12.41,LOW,0.0039,False,14.65,A 1% price increase leads to a 2.24% decrease in demand. Highly price-sensitive.
23045,PAPER LANTERN 5 POINT STAR MOON ,General,-2.2387,Highly Elastic,4.1417,3.1063,-25.0,LOWER_PRICE,30.97,12.39,LOW,0.0037,False,7.94,A 1% price increase leads to a 2.24% decrease in demand. Highly price-sensitive.
85175,Unknown,General,-2.2384,Highly Elastic,0.4259,0.3194,-25.0,LOWER_PRICE,30.96,12.38,LOW,0.0112,False,15.52,A 1% price increase leads to a 2.24% decrease in demand. Highly price-sensitive.
23162,REGENCY TEA STRAINER,General,-2.2352,Highly Elastic,3.7847,2.8385,-25.0,LOWER_PRICE,30.88,12.35,LOW,0.0139,True,10.18,A 1% price increase leads to a 2.24% decrease in demand. Highly price-sensitive.
22557,PLASTERS IN TIN VINTAGE PAISLEY ,General,-2.2351,Highly Elastic,1.6606,1.2454,-25.0,LOWER_PRICE,30.88,12.35,LOW,0.0063,True,13.98,A 1% price increase leads to a 2.24% decrease in demand. Highly price-sensitive.
20969,RED FLORAL FELTCRAFT SHOULDER BAG,General,-2.2328,Highly Elastic,3.8264,2.8698,-25.0,LOWER_PRICE,30.82,12.33,LOW,0.0091,True,11.24,A 1% price increase leads to a 2.23% decrease in demand. Highly price-sensitive.
22222,CAKE PLATE LOVEBIRD WHITE,General,-2.2288,Highly Elastic,4.3454,3.259,-25.0,LOWER_PRICE,30.72,12.29,LOW,0.0931,True,9.51,A 1% price increase leads to a 2.23% decrease in demand. Highly price-sensitive.
22746,POPPY'S PLAYHOUSE LIVINGROOM ,General,-2.227,Highly Elastic,2.0958,1.5718,-25.0,LOWER_PRICE,30.67,12.27,LOW,0.0042,False,11.0,A 1% price increase leads to a 2.23% decrease in demand. Highly price-sensitive.
84199,GLOW IN DARK DOLPHINS,General,-2.2255,Highly Elastic,0.209,0.1568,-25.0,LOWER_PRICE,30.64,12.26,LOW,0.0079,False,8.1,A 1% price increase leads to a 2.23% decrease in demand. Highly price-sensitive.
22937,BAKING MOULD CUPCAKE CHOCOLATE,General,-2.2228,Highly Elastic,2.5888,1.9416,-25.0,LOWER_PRICE,30.57,12.23,LOW,0.0143,False,8.83,A 1% price increase leads to a 2.22% decrease in demand. Highly price-sensitive.
20682,RED RETROSPOT CHILDRENS UMBRELLA,General,-2.2209,Highly Elastic,3.2864,2.4648,-25.0,LOWER_PRICE,30.52,12.21,LOW,0.0124,True,10.54,A 1% price increase leads to a 2.22% decrease in demand. Highly price-sensitive.
15044A,PINK PAPER PARASOL ,General,-2.2205,Highly Elastic,3.0422,2.2816,-25.0,LOWER_PRICE,30.51,12.2,LOW,0.0112,False,8.83,A 1% price increase leads to a 2.22% decrease in demand. Highly price-sensitive.
23119,PACK OF 6 LARGE FRUIT STRAWS ,General,-2.2203,Highly Elastic,0.6533,0.49,-25.0,LOWER_PRICE,30.51,12.2,LOW,0.0216,True,10.99,A 1% price increase leads to a 2.22% decrease in demand. Highly price-sensitive.
23521,WALL ART CAT AND BIRD ,General,-2.2163,Highly Elastic,2.1926,1.6444,-25.0,LOWER_PRICE,30.41,12.16,LOW,0.1245,True,14.03,A 1% price increase leads to a 2.22% decrease in demand. Highly price-sensitive.
21115,ROSE CARAVAN DOORSTOP,General,-2.2147,Highly Elastic,4.9468,3.7101,-25.0,LOWER_PRICE,30.37,12.15,LOW,0.134,True,10.21,A 1% price increase leads to a 2.21% decrease in demand. Highly price-sensitive.
22341,LOVE GARLAND PAINTED ZINC ,General,-2.2118,Highly Elastic,1.8172,1.3629,-25.0,LOWER_PRICE,30.3,12.12,LOW,0.0545,True,9.18,A 1% price increase leads to a 2.21% decrease in demand. Highly price-sensitive.
21167,WHITE SAGE INCENSE,General,-2.2115,Highly Elastic,0.2097,0.1573,-25.0,LOWER_PRICE,30.29,12.12,LOW,0.0032,False,17.52,A 1% price increase leads to a 2.21% decrease in demand. Highly price-sensitive.
85170C,SET/6 EAU DE NIL BIRD T-LIGHTS,General,-2.2051,Highly Elastic,1.8807,1.4105,-25.0,LOWER_PRICE,30.13,12.05,LOW,0.1166,True,10.75,A 1% price increase leads to a 2.21% decrease in demand. Highly price-sensitive.
22595,check,General,-2.1996,Highly Elastic,0.853,0.6398,-25.0,LOWER_PRICE,29.99,12.0,LOW,0.004,False,14.77,A 1% price increase leads to a 2.2% decrease in demand. Highly price-sensitive.
84509C,SET OF 4 POLKADOT PLACEMATS ,General,-2.197,Highly Elastic,3.6824,2.7618,-25.0,LOWER_PRICE,29.93,11.97,LOW,0.0056,False,8.65,A 1% price increase leads to a 2.2% decrease in demand. Highly price-sensitive.
22477,WATERING CAN GARDEN MARKER,General,-2.1958,Highly Elastic,1.2497,0.9373,-25.0,LOWER_PRICE,29.9,11.96,LOW,0.0033,False,10.93,A 1% price increase leads to a 2.2% decrease in demand. Highly price-sensitive.
22940,FELTCRAFT CHRISTMAS FAIRY,General,-2.1927,Highly Elastic,4.3028,3.2271,-25.0,LOWER_PRICE,29.82,11.93,LOW,0.005,False,11.95,A 1% price increase leads to a 2.19% decrease in demand. Highly price-sensitive.
10133,damaged,General,-2.192,Highly Elastic,0.547,0.4103,-25.0,LOWER_PRICE,29.8,11.92,LOW,0.0723,True,12.88,A 1% price increase leads to a 2.19% decrease in demand. Highly price-sensitive.
85230G,ORANGE VOTIVE CANDLE,General,-2.1896,Highly Elastic,0.2712,0.2034,-25.0,LOWER_PRICE,29.74,11.9,LOW,0.0176,False,12.47,A 1% price increase leads to a 2.19% decrease in demand. Highly price-sensitive.
85039C,S/4 BLACK MINI ROSE CANDLE IN BOWL,General,-2.1792,Highly Elastic,1.1599,0.8699,-25.0,LOWER_PRICE,29.48,11.79,MEDIUM,0.2573,True,12.35,A 1% price increase leads to a 2.18% decrease in demand. Highly price-sensitive.
23236,STORAGE TIN VINTAGE DOILY ,General,-2.1768,Highly Elastic,2.9002,2.1751,-25.0,LOWER_PRICE,29.42,11.77,LOW,0.0038,False,12.68,A 1% price increase leads to a 2.18% decrease in demand. Highly price-sensitive.
84030E,ENGLISH ROSE HOT WATER BOTTLE,General,-2.1767,Highly Elastic,4.2005,3.1504,-25.0,LOWER_PRICE,29.42,11.77,LOW,0.0047,False,11.12,A 1% price increase leads to a 2.18% decrease in demand. Highly price-sensitive.
84674,FLYING PIG WATERING CAN,General,-2.1749,Highly Elastic,2.8663,2.1497,-25.0,LOWER_PRICE,29.37,11.75,LOW,0.0399,True,8.32,A 1% price increase leads to a 2.17% decrease in demand. Highly price-sensitive.
22382,LUNCH BAG SPACEBOY DESIGN ,General,-2.1742,Highly Elastic,1.6542,1.2407,-25.0,LOWER_PRICE,29.35,11.74,LOW,0.0031,False,19.06,A 1% price increase leads to a 2.17% decrease in demand. Highly price-sensitive.
21673,Unknown,General,-2.1716,Highly Elastic,1.3086,0.9814,-25.0,LOWER_PRICE,29.29,11.72,LOW,0.0077,False,11.96,A 1% price increase leads to a 2.17% decrease in demand. Highly price-sensitive.
23427,damaged,General,-2.1715,Highly Elastic,12.3801,9.2851,-25.0,LOWER_PRICE,29.29,11.72,LOW,0.0042,False,8.95,A 1% price increase leads to a 2.17% decrease in demand. Highly price-sensitive.
22276,Unknown,General,-2.1696,Highly Elastic,2.5514,1.9136,-25.0,LOWER_PRICE,29.24,11.7,LOW,0.0036,False,8.63,A 1% price increase leads to a 2.17% decrease in demand. Highly price-sensitive.
22996,TRAVEL CARD WALLET VINTAGE TICKET,General,-2.1658,Highly Elastic,0.4207,0.3155,-25.0,LOWER_PRICE,29.14,11.66,LOW,0.0033,False,13.87,A 1% price increase leads to a 2.17% decrease in demand. Highly price-sensitive.
21985,PACK OF 12 HEARTS DESIGN TISSUES ,General,-2.1636,Highly Elastic,0.3332,0.2499,-25.0,LOWER_PRICE,29.09,11.64,LOW,0.0276,True,15.98,A 1% price increase leads to a 2.16% decrease in demand. Highly price-sensitive.
22922,sold as set on dotcom,General,-2.1633,Highly Elastic,0.8745,0.6559,-25.0,LOWER_PRICE,29.08,11.63,LOW,0.0199,False,11.52,A 1% price increase leads to a 2.16% decrease in demand. Highly price-sensitive.
23163,REGENCY SUGAR TONGS,General,-2.1633,Highly Elastic,2.4472,1.8354,-25.0,LOWER_PRICE,29.08,11.63,LOW,0.0061,False,10.87,A 1% price increase leads to a 2.16% decrease in demand. Highly price-sensitive.
21592,RETROSPOT CIGAR BOX MATCHES ,General,-2.163,Highly Elastic,1.0489,0.7867,-25.0,LOWER_PRICE,29.07,11.63,LOW,0.0777,True,12.3,A 1% price increase leads to a 2.16% decrease in demand. Highly price-sensitive.
21110,Unknown,General,-2.157,Highly Elastic,5.7175,4.2881,-25.0,LOWER_PRICE,28.93,11.57,MEDIUM,0.1761,True,10.42,A 1% price increase leads to a 2.16% decrease in demand. Highly price-sensitive.
21191,LARGE WHITE HONEYCOMB PAPER BELL  ,General,-2.1542,Highly Elastic,2.0855,1.5641,-25.0,LOWER_PRICE,28.85,11.54,LOW,0.0056,False,8.74,A 1% price increase leads to a 2.15% decrease in demand. Highly price-sensitive.
10125,MINI FUNKY DESIGN TAPES,General,-2.1538,Highly Elastic,0.7725,0.5794,-25.0,LOWER_PRICE,28.84,11.54,LOW,0.0433,True,11.95,A 1% price increase leads to a 2.15% decrease in demand. Highly price-sensitive.
22277,COSMETIC BAG VINTAGE ROSE PAISLEY,General,-2.1532,Highly Elastic,2.2259,1.6694,-25.0,LOWER_PRICE,28.83,11.53,LOW,0.0357,True,8.77,A 1% price increase leads to a 2.15% decrease in demand. Highly price-sensitive.
21914,BLUE HARMONICA IN BOX ,General,-2.1476,Highly Elastic,1.2723,0.9542,-25.0,LOWER_PRICE,28.69,11.48,LOW,0.004,False,15.35,A 1% price increase leads to a 2.15% decrease in demand. Highly price-sensitive.
22309,TEA COSY RED  STRIPE,General,-2.1453,Highly Elastic,2.6878,2.0159,-25.0,LOWER_PRICE,28.63,11.45,LOW,0.0301,True,8.3,A 1% price increase leads to a 2.15% decrease in demand. Highly price-sensitive.
22756,LARGE YELLOW BABUSHKA NOTEBOOK ,General,-2.1441,Highly Elastic,0.9263,0.6947,-25.0,LOWER_PRICE,28.6,11.44,LOW,0.0979,True,10.07,A 1% price increase leads to a 2.14% decrease in demand. Highly price-sensitive.
22102,MIRROR MOSAIC T-LIGHT HOLDER ,General,-2.144,Highly Elastic,1.6519,1.2389,-25.0,LOWER_PRICE,28.6,11.44,LOW,0.0047,False,8.64,A 1% price increase leads to a 2.14% decrease in demand. Highly price-sensitive.
22045,SPACEBOY GIFT WRAP,General,-2.1436,Highly Elastic,0.4175,0.3131,-25.0,LOWER_PRICE,28.59,11.44,LOW,0.0035,False,16.26,A 1% price increase leads to a 2.14% decrease in demand. Highly price-sensitive.
23077,DOUGHNUT LIP GLOSS ,General,-2.1403,Highly Elastic,1.2465,0.9349,-25.0,LOWER_PRICE,28.51,11.4,LOW,0.0033,False,16.67,A 1% price increase leads to a 2.14% decrease in demand. Highly price-sensitive.
22911,PAPER CHAIN KIT LONDON,General,-2.1398,Highly Elastic,2.9486,2.2115,-25.0,LOWER_PRICE,28.5,11.4,LOW,0.0033,False,8.32,A 1% price increase leads to a 2.14% decrease in demand. Highly price-sensitive.
22966,Unknown,General,-2.1369,Highly Elastic,1.2572,0.9429,-25.0,LOWER_PRICE,28.42,11.37,LOW,0.0031,False,14.55,A 1% price increase leads to a 2.14% decrease in demand. Highly price-sensitive.
22798,ANTIQUE GLASS DRESSING TABLE POT,General,-2.1306,Highly Elastic,3.0148,2.2611,-25.0,LOWER_PRICE,28.26,11.3,LOW,0.0173,True,10.05,A 1% price increase leads to a 2.13% decrease in demand. Highly price-sensitive.
23087,ZINC  HEART T-LIGHT HOLDER,General,-2.1287,Highly Elastic,1.2389,0.9292,-25.0,LOWER_PRICE,28.22,11.29,LOW,0.005,False,10.65,A 1% price increase leads to a 2.13% decrease in demand. Highly price-sensitive.
22870,NUMBER TILE COTTAGE GARDEN 2,General,-2.1248,Highly Elastic,1.9481,1.4611,-25.0,LOWER_PRICE,28.12,11.25,LOW,0.0051,False,9.32,A 1% price increase leads to a 2.12% decrease in demand. Highly price-sensitive.
22141,CHRISTMAS CRAFT TREE TOP ANGEL,General,-2.1229,Highly Elastic,2.137,1.6027,-25.0,LOWER_PRICE,28.07,11.23,LOW,0.0078,True,11.76,A 1% price increase leads to a 2.12% decrease in demand. Highly price-sensitive.
22664,TOY TIDY DOLLY GIRL DESIGN,General,-2.1204,Highly Elastic,1.9805,1.4854,-25.0,LOWER_PRICE,28.01,11.2,LOW,0.0818,True,9.56,A 1% price increase leads to a 2.12% decrease in demand. Highly price-sensitive.
18097C,WHITE TALL PORCELAIN T-LIGHT HOLDER,General,-2.119,Highly Elastic,2.5344,1.9008,-25.0,LOWER_PRICE,27.98,11.19,LOW,0.0061,False,9.61,A 1% price increase leads to a 2.12% decrease in demand. Highly price-sensitive.
85176,SEWING SUSAN 21 NEEDLE SET,General,-2.1148,Highly Elastic,0.898,0.6735,-25.0,LOWER_PRICE,27.87,11.15,LOW,0.0249,True,9.55,A 1% price increase leads to a 2.11% decrease in demand. Highly price-sensitive.
21781,Unknown,General,-2.1117,Highly Elastic,14.8489,11.1367,-25.0,LOWER_PRICE,27.79,11.12,LOW,0.0043,False,8.76,A 1% price increase leads to a 2.11% decrease in demand. Highly price-sensitive.
21051,found,General,-2.1115,Highly Elastic,2.3158,1.7369,-25.0,LOWER_PRICE,27.79,11.12,LOW,0.0543,False,9.83,A 1% price increase leads to a 2.11% decrease in demand. Highly price-sensitive.
21058,PARTY INVITES WOODLAND,General,-2.106,Highly Elastic,0.875,0.6562,-25.0,LOWER_PRICE,27.65,11.06,LOW,0.0171,False,7.98,A 1% price increase leads to a 2.11% decrease in demand. Highly price-sensitive.
22514,CHILDS GARDEN SPADE BLUE,General,-2.1047,Highly Elastic,2.0855,1.5641,-25.0,LOWER_PRICE,27.62,11.05,LOW,0.0041,False,8.47,A 1% price increase leads to a 2.1% decrease in demand. Highly price-sensitive.
23080,RED METAL BOX TOP SECRET,General,-2.1041,Highly Elastic,8.3704,6.2778,-25.0,LOWER_PRICE,27.6,11.04,LOW,0.0064,False,11.2,A 1% price increase leads to a 2.1% decrease in demand. Highly price-sensitive.
84596J,Unknown,General,-2.1013,Highly Elastic,0.4829,0.3622,-25.0,LOWER_PRICE,27.53,11.01,LOW,0.067,True,11.38,A 1% price increase leads to a 2.1% decrease in demand. Highly price-sensitive.
37340,sold as set on dotcom,General,-2.1007,Highly Elastic,0.4113,0.3085,-25.0,LOWER_PRICE,27.52,11.01,LOW,0.0241,False,13.23,A 1% price increase leads to a 2.1% decrease in demand. Highly price-sensitive.
21933,PINK VINTAGE PAISLEY PICNIC BAG,General,-2.1006,Highly Elastic,1.8908,1.4181,-25.0,LOWER_PRICE,27.52,11.01,LOW,0.0396,True,12.18,A 1% price increase leads to a 2.1% decrease in demand. Highly price-sensitive.
90198B,VINTAGE ROSE BEAD BRACELET BLACK,General,-2.1002,Highly Elastic,4.2526,3.1894,-25.0,LOWER_PRICE,27.51,11.0,LOW,0.003,False,8.23,A 1% price increase leads to a 2.1% decrease in demand. Highly price-sensitive.
16054,POPART RECT PENCIL SHARPENER ASST,General,-2.0976,Highly Elastic,0.1542,0.1157,-25.0,LOWER_PRICE,27.44,10.98,LOW,0.1175,True,12.52,A 1% price increase leads to a 2.1% decrease in demand. Highly price-sensitive.
84763,Unknown,General,-2.0976,Highly Elastic,1.245,0.9338,-25.0,LOWER_PRICE,27.44,10.98,LOW,0.0036,False,12.27,A 1% price increase leads to a 2.1% decrease in demand. Highly price-sensitive.
84569D,Unknown,General,-2.0917,Highly Elastic,1.2574,0.9431,-25.0,LOWER_PRICE,27.29,10.92,LOW,0.0046,False,8.56,A 1% price increase leads to a 2.09% decrease in demand. Highly price-sensitive.
22896,PEG BAG APPLE DESIGN,General,-2.0866,Highly Elastic,2.5987,1.949,-25.0,LOWER_PRICE,27.16,10.86,LOW,0.01,True,10.84,A 1% price increase leads to a 2.09% decrease in demand. Highly price-sensitive.
85174,S/4 CACTI CANDLES,General,-2.0815,Highly Elastic,4.9625,3.7219,-25.0,LOWER_PRICE,27.04,10.82,LOW,0.0628,True,9.79,A 1% price increase leads to a 2.08% decrease in demand. Highly price-sensitive.
85062,PEARL CRYSTAL PUMPKIN T-LIGHT HLDR,General,-2.0813,Highly Elastic,1.6768,1.2576,-25.0,LOWER_PRICE,27.03,10.81,LOW,0.007,False,11.01,A 1% price increase leads to a 2.08% decrease in demand. Highly price-sensitive.
20838,FRENCH LATTICE CUSHION COVER ,General,-2.0811,Highly Elastic,1.0068,0.7551,-25.0,LOWER_PRICE,27.03,10.81,LOW,0.0868,True,9.92,A 1% price increase leads to a 2.08% decrease in demand. Highly price-sensitive.
20956,check,General,-2.0796,Highly Elastic,1.2525,0.9394,-25.0,LOWER_PRICE,26.99,10.8,LOW,0.0033,False,11.32,A 1% price increase leads to a 2.08% decrease in demand. Highly price-sensitive.
16169K,Unknown,General,-2.0783,Highly Elastic,0.4224,0.3168,-25.0,LOWER_PRICE,26.96,10.78,LOW,0.0046,False,11.76,A 1% price increase leads to a 2.08% decrease in demand. Highly price-sensitive.
21754,HOME BUILDING BLOCK WORD,General,-2.0779,Highly Elastic,6.0196,4.5147,-25.0,LOWER_PRICE,26.95,10.78,LOW,0.0055,True,14.4,A 1% price increase leads to a 2.08% decrease in demand. Highly price-sensitive.
21879,HEARTS GIFT TAPE,General,-2.0753,Highly Elastic,0.4925,0.3694,-25.0,LOWER_PRICE,26.88,10.75,MEDIUM,0.1514,True,8.73,A 1% price increase leads to a 2.08% decrease in demand. Highly price-sensitive.
82486,3 DRAWER ANTIQUE WHITE WOOD CABINET,General,-2.0736,Highly Elastic,8.6748,6.5061,-25.0,LOWER_PRICE,26.84,10.74,LOW,0.0045,False,13.38,A 1% price increase leads to a 2.07% decrease in demand. Highly price-sensitive.
84692,BOX OF 24 COCKTAIL PARASOLS,General,-2.073,Highly Elastic,0.4273,0.3205,-25.0,LOWER_PRICE,26.82,10.73,LOW,0.0088,True,14.61,A 1% price increase leads to a 2.07% decrease in demand. Highly price-sensitive.
22488,NATURAL SLATE RECTANGLE CHALKBOARD,General,-2.0728,Highly Elastic,1.6521,1.2391,-25.0,LOWER_PRICE,26.82,10.73,LOW,0.0041,False,11.37,A 1% price increase leads to a 2.07% decrease in demand. Highly price-sensitive.
21730,GLASS STAR FROSTED T-LIGHT HOLDER,General,-2.0719,Highly Elastic,4.9553,3.7165,-25.0,LOWER_PRICE,26.8,10.72,LOW,0.0072,False,8.45,A 1% price increase leads to a 2.07% decrease in demand. Highly price-sensitive.
84876B,found,General,-2.0679,Highly Elastic,1.2554,0.9416,-25.0,LOWER_PRICE,26.7,10.68,LOW,0.0077,False,6.67,A 1% price increase leads to a 2.07% decrease in demand. Highly price-sensitive.
22708,WRAP DOLLY GIRL,General,-2.066,Highly Elastic,0.4189,0.3142,-25.0,LOWER_PRICE,26.65,10.66,LOW,0.0045,False,14.17,A 1% price increase leads to a 2.07% decrease in demand. Highly price-sensitive.
84988,?,General,-2.0649,Highly Elastic,1.4553,1.0915,-25.0,LOWER_PRICE,26.62,10.65,LOW,0.0032,False,12.36,A 1% price increase leads to a 2.06% decrease in demand. Highly price-sensitive.
22027,TEA PARTY BIRTHDAY CARD,General,-2.0642,Highly Elastic,0.4204,0.3153,-25.0,LOWER_PRICE,26.61,10.64,LOW,0.0043,False,13.48,A 1% price increase leads to a 2.06% decrease in demand. Highly price-sensitive.
22191,IVORY DINER WALL CLOCK,General,-2.0638,Highly Elastic,8.4896,6.3672,-25.0,LOWER_PRICE,26.6,10.64,LOW,0.0031,False,11.28,A 1% price increase leads to a 2.06% decrease in demand. Highly price-sensitive.
22061,LARGE CAKE STAND  HANGING STRAWBERY,General,-2.0592,Highly Elastic,8.2104,6.1578,-25.0,LOWER_PRICE,26.48,10.59,LOW,0.1396,True,9.24,A 1% price increase leads to a 2.06% decrease in demand. Highly price-sensitive.
90162D,ANT SILVER PURPLE BOUDICCA RING,General,-2.0567,Highly Elastic,2.952,2.214,-25.0,LOWER_PRICE,26.42,10.57,LOW,0.0025,False,7.53,A 1% price increase leads to a 2.06% decrease in demand. Highly price-sensitive.
22223,CAKE PLATE LOVEBIRD PINK,General,-2.0518,Highly Elastic,4.0765,3.0574,-25.0,LOWER_PRICE,26.3,10.52,MEDIUM,0.1977,True,5.72,A 1% price increase leads to a 2.05% decrease in demand. Highly price-sensitive.
22525,Unknown,General,-2.0511,Highly Elastic,1.2437,0.9328,-25.0,LOWER_PRICE,26.28,10.51,LOW,0.0045,False,10.33,A 1% price increase leads to a 2.05% decrease in demand. Highly price-sensitive.
23407,SET OF 2 TRAYS HOME SWEET HOME,General,-2.0503,Highly Elastic,9.9319,7.4489,-25.0,LOWER_PRICE,26.26,10.5,LOW,0.0038,False,10.32,A 1% price increase leads to a 2.05% decrease in demand. Highly price-sensitive.
23125,6PC WOOD PLATE SET DISPOSABLE,General,-2.0486,Highly Elastic,1.2482,0.9362,-25.0,LOWER_PRICE,26.21,10.48,LOW,0.0042,False,8.54,A 1% price increase leads to a 2.05% decrease in demand. Highly price-sensitive.
22559,SEASIDE FLYING DISC,General,-2.0485,Highly Elastic,1.3935,1.0451,-25.0,LOWER_PRICE,26.21,10.48,LOW,0.0469,True,8.14,A 1% price increase leads to a 2.05% decrease in demand. Highly price-sensitive.
22902,TOTE BAG I LOVE LONDON,General,-2.0477,Highly Elastic,2.0563,1.5422,-25.0,LOWER_PRICE,26.19,10.48,LOW,0.0051,False,10.82,A 1% price increase leads to a 2.05% decrease in demand. Highly price-sensitive.
21417,COCKLE SHELL DISH,General,-2.0435,Highly Elastic,1.4615,1.0961,-25.0,LOWER_PRICE,26.09,10.44,MEDIUM,0.1827,True,8.8,A 1% price increase leads to a 2.04% decrease in demand. Highly price-sensitive.
22113,GREY HEART HOT WATER BOTTLE,General,-2.0429,Highly Elastic,4.0412,3.0309,-25.0,LOWER_PRICE,26.07,10.43,LOW,0.0053,True,13.23,A 1% price increase leads to a 2.04% decrease in demand. Highly price-sensitive.
22700,smashed,General,-2.0424,Highly Elastic,2.5674,1.9256,-25.0,LOWER_PRICE,26.06,10.42,LOW,0.136,True,9.91,A 1% price increase leads to a 2.04% decrease in demand. Highly price-sensitive.
85039A,SET/4 RED MINI ROSE CANDLE IN BOWL,General,-2.0403,Highly Elastic,1.5128,1.1346,-25.0,LOWER_PRICE,26.01,10.4,LOW,0.1046,True,10.78,A 1% price increase leads to a 2.04% decrease in demand. Highly price-sensitive.
23502,PLAYING CARDS VINTAGE DOILY ,General,-2.0395,Highly Elastic,1.2428,0.9321,-25.0,LOWER_PRICE,25.99,10.4,LOW,0.0039,False,10.72,A 1% price increase leads to a 2.04% decrease in demand. Highly price-sensitive.
22895,SET OF 2 TEA TOWELS APPLE AND PEARS,General,-2.036,Highly Elastic,3.1875,2.3906,-25.0,LOWER_PRICE,25.9,10.36,LOW,0.0054,False,10.31,A 1% price increase leads to a 2.04% decrease in demand. Highly price-sensitive.
21039,RED RETROSPOT SHOPPING BAG,General,-2.034,Highly Elastic,2.5305,1.8979,-25.0,LOWER_PRICE,25.85,10.34,LOW,0.0043,False,10.34,A 1% price increase leads to a 2.03% decrease in demand. Highly price-sensitive.
22625,Unknown,General,-2.032,Highly Elastic,8.4041,6.3031,-25.0,LOWER_PRICE,25.8,10.32,LOW,0.0034,False,12.23,A 1% price increase leads to a 2.03% decrease in demand. Highly price-sensitive.
22165,"DIAMANTE HEART SHAPED WALL MIRROR, ",General,-2.0317,Highly Elastic,8.8073,6.6055,-25.0,LOWER_PRICE,25.79,10.32,MEDIUM,0.208,True,9.08,A 1% price increase leads to a 2.03% decrease in demand. Highly price-sensitive.
84660A,damaged,General,-2.0271,Highly Elastic,1.0594,0.7945,-25.0,LOWER_PRICE,25.68,10.27,LOW,0.1145,True,12.73,A 1% price increase leads to a 2.03% decrease in demand. Highly price-sensitive.
22968,Unknown,General,-2.0221,Highly Elastic,9.763,7.3223,-25.0,LOWER_PRICE,25.55,10.22,LOW,0.0043,False,9.64,A 1% price increase leads to a 2.02% decrease in demand. Highly price-sensitive.
22781,GUMBALL MAGAZINE RACK,General,-2.0207,Highly Elastic,7.6624,5.7468,-25.0,LOWER_PRICE,25.52,10.21,LOW,0.0118,False,7.67,A 1% price increase leads to a 2.02% decrease in demand. Highly price-sensitive.
21231,SWEETHEART CERAMIC TRINKET BOX,General,-2.0183,Highly Elastic,1.2692,0.9519,-25.0,LOWER_PRICE,25.46,10.18,LOW,0.0115,True,13.86,A 1% price increase leads to a 2.02% decrease in demand. Highly price-sensitive.
21563,RED HEART SHAPE LOVE BUCKET ,General,-2.0178,Highly Elastic,2.4976,1.8732,-25.0,LOWER_PRICE,25.44,10.18,LOW,0.1209,True,12.25,A 1% price increase leads to a 2.02% decrease in demand. Highly price-sensitive.
84809A,Unknown,General,-2.0136,Highly Elastic,2.12,1.59,-25.0,LOWER_PRICE,25.34,10.14,LOW,0.0064,False,6.95,A 1% price increase leads to a 2.01% decrease in demand. Highly price-sensitive.
85104,????damages????,General,-2.0112,Highly Elastic,2.2959,1.7219,-25.0,LOWER_PRICE,25.28,10.11,LOW,0.0748,False,7.0,A 1% price increase leads to a 2.01% decrease in demand. Highly price-sensitive.
20975,Unknown,General,-2.0103,Highly Elastic,0.6468,0.4851,-25.0,LOWER_PRICE,25.26,10.1,LOW,0.0028,False,15.72,A 1% price increase leads to a 2.01% decrease in demand. Highly price-sensitive.
22185,SLATE TILE NATURAL HANGING,General,-2.009,Highly Elastic,1.4425,1.0819,-25.0,LOWER_PRICE,25.22,10.09,LOW,0.0378,True,11.03,A 1% price increase leads to a 2.01% decrease in demand. Highly price-sensitive.
35598D,PINK/WHITE CHRISTMAS TREE 60CM,General,-2.0051,Highly Elastic,0.8495,0.6371,-25.0,LOWER_PRICE,25.13,10.05,LOW,0.1016,True,12.34,A 1% price increase leads to a 2.01% decrease in demand. Highly price-sensitive.
22550,HOLIDAY FUN LUDO,General,-2.005,Highly Elastic,3.8447,2.8835,-25.0,LOWER_PRICE,25.12,10.05,LOW,0.012,True,9.63,A 1% price increase leads to a 2.0% decrease in demand. Highly price-sensitive.
21882,SKULLS TAPE,General,-2.0047,Highly Elastic,0.5181,0.3886,-25.0,LOWER_PRICE,25.12,10.05,LOW,0.1255,True,11.33,A 1% price increase leads to a 2.0% decrease in demand. Highly price-sensitive.
84596L,Unknown,General,-2.003,Highly Elastic,0.5284,0.3963,-25.0,LOWER_PRICE,25.08,10.03,LOW,0.1052,True,10.26,A 1% price increase leads to a 2.0% decrease in demand. Highly price-sensitive.
21976,PACK OF 60 MUSHROOM CAKE CASES,General,-2.0029,Highly Elastic,0.5633,0.4225,-25.0,LOWER_PRICE,25.07,10.03,LOW,0.0085,True,12.71,A 1% price increase leads to a 2.0% decrease in demand. Highly price-sensitive.
22410,MONEY BOX HOUSEKEEPING DESIGN,General,-2.0002,Highly Elastic,0.9826,0.7369,-25.0,LOWER_PRICE,25.0,10.0,MEDIUM,0.152,True,8.89,A 1% price increase leads to a 2.0% decrease in demand. Highly price-sensitive.
22782,SET 3 WICKER STORAGE BASKETS ,General,-1.9993,Highly Elastic,18.9091,14.1818,-25.0,LOWER_PRICE,24.98,9.99,LOW,0.0894,True,9.65,A 1% price increase leads to a 2.0% decrease in demand. Highly price-sensitive.
21844,RED RETROSPOT MUG,General,-1.9985,Highly Elastic,2.91,2.1825,-25.0,LOWER_PRICE,24.96,9.98,LOW,0.0045,False,11.12,A 1% price increase leads to a 2.0% decrease in demand. Highly price-sensitive.
21135,wet rusty,General,-1.9984,Highly Elastic,1.6713,1.2535,-25.0,LOWER_PRICE,24.96,9.98,LOW,0.0642,True,12.1,A 1% price increase leads to a 2.0% decrease in demand. Highly price-sensitive.
23210,WHITE ROCKING HORSE HAND PAINTED,General,-1.9974,Highly Elastic,1.2485,0.9364,-25.0,LOWER_PRICE,24.94,9.98,LOW,0.0031,False,11.91,A 1% price increase leads to a 2.0% decrease in demand. Highly price-sensitive.
22593,CHRISTMAS GINGHAM STAR,General,-1.9944,Highly Elastic,0.8837,0.6628,-25.0,LOWER_PRICE,24.86,9.94,LOW,0.01,False,11.31,A 1% price increase leads to a 1.99% decrease in demand. Highly price-sensitive.
21672,WHITE SPOT RED CERAMIC DRAWER KNOB,General,-1.9931,Highly Elastic,1.3072,0.9804,-25.0,LOWER_PRICE,24.83,9.93,LOW,0.0063,False,12.7,A 1% price increase leads to a 1.99% decrease in demand. Highly price-sensitive.
23339,EGG FRYING PAN BLUE ,General,-1.9901,Highly Elastic,2.0853,1.564,-25.0,LOWER_PRICE,24.75,9.9,LOW,0.0037,False,6.86,A 1% price increase leads to a 1.99% decrease in demand. Highly price-sensitive.
85036C,check,General,-1.9884,Highly Elastic,2.8512,2.1384,-25.0,LOWER_PRICE,24.71,9.88,MEDIUM,0.2205,True,11.2,A 1% price increase leads to a 1.99% decrease in demand. Highly price-sensitive.
23256,KIDS CUTLERY SPACEBOY ,General,-1.9877,Highly Elastic,4.1595,3.1196,-25.0,LOWER_PRICE,24.69,9.88,LOW,0.0081,True,12.23,A 1% price increase leads to a 1.99% decrease in demand. Highly price-sensitive.
23394,POSTE FRANCE CUSHION COVER,General,-1.9851,Highly Elastic,3.7528,2.8146,-25.0,LOWER_PRICE,24.63,9.85,LOW,0.0032,False,10.6,A 1% price increase leads to a 1.99% decrease in demand. Highly price-sensitive.
22918,HERB MARKER PARSLEY,General,-1.9842,Highly Elastic,0.649,0.4868,-25.0,LOWER_PRICE,24.61,9.84,LOW,0.0031,False,11.42,A 1% price increase leads to a 1.98% decrease in demand. Highly price-sensitive.
23263,SET OF 3 WOODEN HEART DECORATIONS,General,-1.9778,Highly Elastic,1.2896,0.9672,-25.0,LOWER_PRICE,24.45,9.78,LOW,0.0041,False,12.01,A 1% price increase leads to a 1.98% decrease in demand. Highly price-sensitive.
22063,CERAMIC BOWL WITH STRAWBERRY DESIGN,General,-1.9766,Highly Elastic,2.4449,1.8337,-25.0,LOWER_PRICE,24.41,9.76,LOW,0.142,True,9.79,A 1% price increase leads to a 1.98% decrease in demand. Highly price-sensitive.
22539,MINI JIGSAW DOLLY GIRL,General,-1.9713,Highly Elastic,0.3778,0.2833,-25.0,LOWER_PRICE,24.28,9.71,LOW,0.0439,True,17.3,A 1% price increase leads to a 1.97% decrease in demand. Highly price-sensitive.
21881,CUTE CATS TAPE,General,-1.9682,Highly Elastic,0.6598,0.4949,-25.0,LOWER_PRICE,24.2,9.68,MEDIUM,0.1828,True,11.89,A 1% price increase leads to a 1.97% decrease in demand. Highly price-sensitive.
21983,PACK OF 12 BLUE PAISLEY TISSUES ,General,-1.9643,Highly Elastic,0.3507,0.263,-25.0,LOWER_PRICE,24.11,9.64,LOW,0.0618,True,11.49,A 1% price increase leads to a 1.96% decrease in demand. Highly price-sensitive.
22260,FELT EGG COSY BLUE RABBIT ,General,-1.961,Highly Elastic,0.8496,0.6372,-25.0,LOWER_PRICE,24.03,9.61,LOW,0.0029,False,9.21,A 1% price increase leads to a 1.96% decrease in demand. Highly price-sensitive.
23208,LUNCH BAG VINTAGE LEAF DESIGN,General,-1.9609,Highly Elastic,1.6434,1.2326,-25.0,LOWER_PRICE,24.02,9.61,LOW,0.0027,False,16.16,A 1% price increase leads to a 1.96% decrease in demand. Highly price-sensitive.
23109,PACK OF SIX LED TEA LIGHTS,General,-1.9558,Highly Elastic,2.8909,2.1682,-25.0,LOWER_PRICE,23.89,9.56,LOW,0.0035,False,11.84,A 1% price increase leads to a 1.96% decrease in demand. Highly price-sensitive.
20878,Unknown,General,-1.9514,Highly Elastic,1.2524,0.9393,-25.0,LOWER_PRICE,23.79,9.52,LOW,0.0025,False,7.0,A 1% price increase leads to a 1.95% decrease in demand. Highly price-sensitive.
82613C,"METAL SIGN,CUPCAKE SINGLE HOOK",General,-1.9511,Highly Elastic,0.9152,0.6864,-25.0,LOWER_PRICE,23.78,9.51,MEDIUM,0.1899,True,10.09,A 1% price increase leads to a 1.95% decrease in demand. Highly price-sensitive.
23110,PARISIENNE KEY CABINET ,General,-1.9461,Highly Elastic,5.7115,4.2836,-25.0,LOWER_PRICE,23.65,9.46,LOW,0.0039,False,8.81,A 1% price increase leads to a 1.95% decrease in demand. Highly price-sensitive.
22509,SEWING BOX RETROSPOT DESIGN ,General,-1.9454,Highly Elastic,9.59,7.1925,-25.0,LOWER_PRICE,23.64,9.46,MEDIUM,0.2153,True,8.38,A 1% price increase leads to a 1.95% decrease in demand. Highly price-sensitive.
85169C,EAU DE NIL LOVE BIRD CANDLE,General,-1.9445,Highly Elastic,1.1214,0.841,-25.0,LOWER_PRICE,23.61,9.44,LOW,0.0624,False,13.65,A 1% price increase leads to a 1.94% decrease in demand. Highly price-sensitive.
35971,ROSE FOLKART HEART DECORATIONS,General,-1.9392,Highly Elastic,1.3274,0.9955,-25.0,LOWER_PRICE,23.48,9.39,LOW,0.0732,True,10.82,A 1% price increase leads to a 1.94% decrease in demand. Highly price-sensitive.
22673,FRENCH GARDEN SIGN BLUE METAL,General,-1.9389,Highly Elastic,1.274,0.9555,-25.0,LOWER_PRICE,23.47,9.39,LOW,0.0119,False,10.86,A 1% price increase leads to a 1.94% decrease in demand. Highly price-sensitive.
79163,damaged,General,-1.9378,Highly Elastic,0.5726,0.4294,-25.0,LOWER_PRICE,23.45,9.38,LOW,0.1348,True,14.91,A 1% price increase leads to a 1.94% decrease in demand. Highly price-sensitive.
22809,SET OF 6 T-LIGHTS SANTA,General,-1.9376,Highly Elastic,3.0838,2.3129,-25.0,LOWER_PRICE,23.44,9.38,LOW,0.0143,True,10.86,A 1% price increase leads to a 1.94% decrease in demand. Highly price-sensitive.
84673A,PINK FLY SWAT,General,-1.9321,Highly Elastic,0.6479,0.4859,-25.0,LOWER_PRICE,23.3,9.32,LOW,0.0037,False,7.36,A 1% price increase leads to a 1.93% decrease in demand. Highly price-sensitive.
35915B,BLUE KNITTED HEN ,General,-1.9315,Highly Elastic,1.6513,1.2385,-25.0,LOWER_PRICE,23.29,9.32,LOW,0.003,False,9.68,A 1% price increase leads to a 1.93% decrease in demand. Highly price-sensitive.
21060,PARTY INVITES BALLOON GIRL,General,-1.9301,Highly Elastic,0.85,0.6375,-25.0,LOWER_PRICE,23.25,9.3,LOW,0.0032,False,9.76,A 1% price increase leads to a 1.93% decrease in demand. Highly price-sensitive.
20767,BLUE PAISLEY JOURNAL ,General,-1.9298,Highly Elastic,2.6914,2.0185,-25.0,LOWER_PRICE,23.24,9.3,LOW,0.0221,False,8.02,A 1% price increase leads to a 1.93% decrease in demand. Highly price-sensitive.
35914,Unknown,General,-1.9235,Highly Elastic,0.8518,0.6389,-25.0,LOWER_PRICE,23.09,9.24,LOW,0.003,False,9.47,A 1% price increase leads to a 1.92% decrease in demand. Highly price-sensitive.
90123A,PINK HEART OF GLASS BRACELET,General,-1.923,Highly Elastic,5.9213,4.441,-25.0,LOWER_PRICE,23.08,9.23,LOW,0.0053,False,7.03,A 1% price increase leads to a 1.92% decrease in demand. Highly price-sensitive.
46000M,Dotcom sales,General,-1.9229,Highly Elastic,1.5514,1.1635,-25.0,LOWER_PRICE,23.07,9.23,LOW,0.0027,False,10.76,A 1% price increase leads to a 1.92% decrease in demand. Highly price-sensitive.
21524,DOORMAT SPOTTY HOME SWEET HOME,General,-1.9226,Highly Elastic,7.9838,5.9878,-25.0,LOWER_PRICE,23.07,9.23,LOW,0.0065,True,11.52,A 1% price increase leads to a 1.92% decrease in demand. Highly price-sensitive.
21539,check,General,-1.9192,Highly Elastic,4.9267,3.695,-25.0,LOWER_PRICE,22.98,9.19,LOW,0.003,False,9.61,A 1% price increase leads to a 1.92% decrease in demand. Highly price-sensitive.
84970S,HANGING HEART ZINC T-LIGHT HOLDER,General,-1.9179,Highly Elastic,0.8531,0.6398,-25.0,LOWER_PRICE,22.95,9.18,LOW,0.01,True,15.86,A 1% price increase leads to a 1.92% decrease in demand. Highly price-sensitive.
23269,incorrect stock entry.,General,-1.9175,Highly Elastic,1.438,1.0785,-25.0,LOWER_PRICE,22.94,9.18,LOW,0.0028,False,10.29,A 1% price increase leads to a 1.92% decrease in demand. Highly price-sensitive.
22515,CHILDS GARDEN SPADE PINK,General,-1.9159,Highly Elastic,2.0863,1.5647,-25.0,LOWER_PRICE,22.9,9.16,LOW,0.0029,False,10.38,A 1% price increase leads to a 1.92% decrease in demand. Highly price-sensitive.
21890,missing,General,-1.9153,Highly Elastic,3.2412,2.4309,-25.0,LOWER_PRICE,22.88,9.15,LOW,0.0062,False,10.14,A 1% price increase leads to a 1.92% decrease in demand. Highly price-sensitive.
21360,Show Samples,General,-1.914,Highly Elastic,6.5592,4.9194,-25.0,LOWER_PRICE,22.85,9.14,LOW,0.1445,True,8.41,A 1% price increase leads to a 1.91% decrease in demand. Highly price-sensitive.
21125,SET 6 FOOTBALL CELEBRATION CANDLES,General,-1.9133,Highly Elastic,1.2515,0.9386,-25.0,LOWER_PRICE,22.83,9.13,LOW,0.0031,False,9.34,A 1% price increase leads to a 1.91% decrease in demand. Highly price-sensitive.
84231,EASTER BUNNY WITH BASKET ON BACK,General,-1.9108,Highly Elastic,0.6524,0.4893,-25.0,LOWER_PRICE,22.77,9.11,LOW,0.0031,False,10.21,A 1% price increase leads to a 1.91% decrease in demand. Highly price-sensitive.
22924,sold as set on dotcom,General,-1.9093,Highly Elastic,0.8422,0.6316,-25.0,LOWER_PRICE,22.73,9.09,LOW,0.0039,False,11.84,A 1% price increase leads to a 1.91% decrease in demand. Highly price-sensitive.
21868,Amazon,General,-1.9079,Highly Elastic,1.2847,0.9635,-25.0,LOWER_PRICE,22.7,9.08,LOW,0.0176,True,12.52,A 1% price increase leads to a 1.91% decrease in demand. Highly price-sensitive.
22623,BOX OF VINTAGE JIGSAW BLOCKS ,General,-1.9066,Highly Elastic,5.6571,4.2428,-25.0,LOWER_PRICE,22.67,9.07,LOW,0.0098,True,10.43,A 1% price increase leads to a 1.91% decrease in demand. Highly price-sensitive.
21263,GREEN GOOSE FEATHER TREE 60CM,General,-1.9047,Highly Elastic,1.9406,1.4555,-25.0,LOWER_PRICE,22.62,9.05,LOW,0.0044,False,6.35,A 1% price increase leads to a 1.9% decrease in demand. Highly price-sensitive.
22364,GLASS JAR DIGESTIVE BISCUITS,General,-1.9027,Highly Elastic,3.053,2.2897,-25.0,LOWER_PRICE,22.57,9.03,LOW,0.0203,True,8.27,A 1% price increase leads to a 1.9% decrease in demand. Highly price-sensitive.
23196,VINTAGE LEAF MAGNETIC NOTEPAD,General,-1.9016,Highly Elastic,1.4373,1.078,-25.0,LOWER_PRICE,22.54,9.02,LOW,0.003,False,11.56,A 1% price increase leads to a 1.9% decrease in demand. Highly price-sensitive.
22089,PAPER BUNTING VINTAGE PAISLEY,General,-1.9006,Highly Elastic,2.9089,2.1817,-25.0,LOWER_PRICE,22.52,9.01,LOW,0.0037,False,10.24,A 1% price increase leads to a 1.9% decrease in demand. Highly price-sensitive.
21775,DECORATIVE FLORE BATHROOM BOTTLE,General,-1.9003,Highly Elastic,1.208,0.906,-25.0,LOWER_PRICE,22.51,9.0,LOW,0.0489,True,9.42,A 1% price increase leads to a 1.9% decrease in demand. Highly price-sensitive.
22908,PACK OF 20 NAPKINS RED APPLES,General,-1.8997,Highly Elastic,0.8478,0.6359,-25.0,LOWER_PRICE,22.49,9.0,LOW,0.0028,False,12.29,A 1% price increase leads to a 1.9% decrease in demand. Highly price-sensitive.
85169A,IVORY LOVE BIRD CANDLE,General,-1.8944,Highly Elastic,1.1716,0.8787,-25.0,LOWER_PRICE,22.36,8.94,LOW,0.0661,True,9.09,A 1% price increase leads to a 1.89% decrease in demand. Highly price-sensitive.
22147,check,General,-1.8943,Highly Elastic,1.4598,1.0949,-25.0,LOWER_PRICE,22.36,8.94,LOW,0.0055,True,16.16,A 1% price increase leads to a 1.89% decrease in demand. Highly price-sensitive.
22139,amazon,General,-1.894,Highly Elastic,4.9888,3.7416,-25.0,LOWER_PRICE,22.35,8.94,LOW,0.004,True,16.05,A 1% price increase leads to a 1.89% decrease in demand. Highly price-sensitive.
23076,ICE CREAM SUNDAE LIP GLOSS,General,-1.8928,Highly Elastic,1.2385,0.9289,-25.0,LOWER_PRICE,22.32,8.93,LOW,0.0028,False,17.41,A 1% price increase leads to a 1.89% decrease in demand. Highly price-sensitive.
82613B,Unknown,General,-1.8811,Highly Elastic,1.0757,0.8068,-25.0,LOWER_PRICE,22.03,8.81,LOW,0.1383,True,9.16,A 1% price increase leads to a 1.88% decrease in demand. Highly price-sensitive.
22755,SMALL PURPLE BABUSHKA NOTEBOOK ,General,-1.8809,Highly Elastic,0.7054,0.5291,-25.0,LOWER_PRICE,22.02,8.81,LOW,0.1069,True,11.08,A 1% price increase leads to a 1.88% decrease in demand. Highly price-sensitive.
21199,PINK  HEART CONFETTI IN TUBE,General,-1.8807,Highly Elastic,1.4571,1.0928,-25.0,LOWER_PRICE,22.02,8.81,MEDIUM,0.1683,True,9.96,A 1% price increase leads to a 1.88% decrease in demand. Highly price-sensitive.
84711A,SILVER OVAL SHAPE TRINKET BOX,General,-1.8802,Highly Elastic,9.9586,7.469,-25.0,LOWER_PRICE,22.01,8.8,LOW,0.0025,False,5.73,A 1% price increase leads to a 1.88% decrease in demand. Highly price-sensitive.
21061,PARTY INVITES FOOTBALL,General,-1.8799,Highly Elastic,0.8478,0.6359,-25.0,LOWER_PRICE,22.0,8.8,LOW,0.0024,False,11.18,A 1% price increase leads to a 1.88% decrease in demand. Highly price-sensitive.
22383,LUNCH BAG SUKI DESIGN ,General,-1.8768,Highly Elastic,1.6474,1.2355,-25.0,LOWER_PRICE,21.92,8.77,LOW,0.0023,False,19.88,A 1% price increase leads to a 1.88% decrease in demand. Highly price-sensitive.
22080,Unknown,General,-1.8714,Highly Elastic,1.6431,1.2323,-25.0,LOWER_PRICE,21.79,8.72,LOW,0.0028,False,10.35,A 1% price increase leads to a 1.87% decrease in demand. Highly price-sensitive.
90114,SUMMER DAISIES BAG CHARM,General,-1.867,Highly Elastic,2.5659,1.9244,-25.0,LOWER_PRICE,21.68,8.67,LOW,0.0019,False,9.45,A 1% price increase leads to a 1.87% decrease in demand. Highly price-sensitive.
20984,damaged,General,-1.8664,Highly Elastic,0.3807,0.2855,-25.0,LOWER_PRICE,21.66,8.66,LOW,0.0824,True,14.89,A 1% price increase leads to a 1.87% decrease in demand. Highly price-sensitive.
21873,IF YOU CAN'T STAND THE HEAT MUG,General,-1.8659,Highly Elastic,1.3549,1.0162,-25.0,LOWER_PRICE,21.65,8.66,LOW,0.0816,True,10.7,A 1% price increase leads to a 1.87% decrease in demand. Highly price-sensitive.
82567,Unknown,General,-1.8651,Highly Elastic,2.0631,1.5473,-25.0,LOWER_PRICE,21.63,8.65,LOW,0.0053,False,9.75,A 1% price increase leads to a 1.87% decrease in demand. Highly price-sensitive.
47504H,ENGLISH ROSE SPIRIT LEVEL ,General,-1.8633,Highly Elastic,1.247,0.9353,-25.0,LOWER_PRICE,21.58,8.63,LOW,0.1436,True,8.77,A 1% price increase leads to a 1.86% decrease in demand. Highly price-sensitive.
84826,ASSTD DESIGN 3D PAPER STICKERS,General,-1.8627,Highly Elastic,0.5584,0.4188,-25.0,LOWER_PRICE,21.57,8.63,MEDIUM,0.2181,True,15.68,A 1% price increase leads to a 1.86% decrease in demand. Highly price-sensitive.
22338,STAR DECORATION PAINTED ZINC ,General,-1.8577,Highly Elastic,0.3602,0.2702,-25.0,LOWER_PRICE,21.44,8.58,LOW,0.1315,True,14.92,A 1% price increase leads to a 1.86% decrease in demand. Highly price-sensitive.
22442,GROW YOUR OWN FLOWERS SET OF 3,General,-1.8559,Highly Elastic,4.8029,3.6022,-25.0,LOWER_PRICE,21.4,8.56,LOW,0.1273,True,10.28,A 1% price increase leads to a 1.86% decrease in demand. Highly price-sensitive.
21626,VINTAGE UNION JACK PENNANT,General,-1.8539,Highly Elastic,1.9469,1.4602,-25.0,LOWER_PRICE,21.35,8.54,LOW,0.0029,False,9.27,A 1% price increase leads to a 1.85% decrease in demand. Highly price-sensitive.
23500,KEY RING BASEBALL BOOT ASSORTED ,General,-1.8525,Highly Elastic,1.2441,0.9331,-25.0,LOWER_PRICE,21.31,8.52,LOW,0.0026,False,13.28,A 1% price increase leads to a 1.85% decrease in demand. Highly price-sensitive.
77101A,Unknown,General,-1.8513,Highly Elastic,1.2501,0.9376,-25.0,LOWER_PRICE,21.28,8.51,LOW,0.003,False,7.52,A 1% price increase leads to a 1.85% decrease in demand. Highly price-sensitive.
23083,SET 6 PAPER TABLE LANTERN STARS ,General,-1.8466,Highly Elastic,3.7258,2.7944,-25.0,LOWER_PRICE,21.16,8.46,LOW,0.0028,False,12.72,A 1% price increase leads to a 1.85% decrease in demand. Highly price-sensitive.
22579,Unknown,General,-1.845,Highly Elastic,0.4365,0.3274,-25.0,LOWER_PRICE,21.12,8.45,LOW,0.0584,True,14.71,A 1% price increase leads to a 1.84% decrease in demand. Highly price-sensitive.
23350,ROLL WRAP VINTAGE SPOT ,General,-1.8445,Highly Elastic,1.2433,0.9325,-25.0,LOWER_PRICE,21.11,8.44,LOW,0.003,False,12.26,A 1% price increase leads to a 1.84% decrease in demand. Highly price-sensitive.
20831,GOLD PHOTO FRAME,General,-1.8414,Highly Elastic,1.799,1.3493,-25.0,LOWER_PRICE,21.03,8.41,LOW,0.0878,True,10.06,A 1% price increase leads to a 1.84% decrease in demand. Highly price-sensitive.
21705,BAG 500g SWIRLY MARBLES,General,-1.8405,Highly Elastic,1.2522,0.9391,-25.0,LOWER_PRICE,21.01,8.4,MEDIUM,0.1506,True,11.66,A 1% price increase leads to a 1.84% decrease in demand. Highly price-sensitive.
16235,RECYCLED PENCIL WITH RABBIT ERASER,General,-1.8383,Highly Elastic,0.2179,0.1634,-25.0,LOWER_PRICE,20.96,8.38,LOW,0.0159,False,12.92,A 1% price increase leads to a 1.84% decrease in demand. Highly price-sensitive.
22534,MAGIC DRAWING SLATE SPACEBOY ,General,-1.8378,Highly Elastic,0.4159,0.3119,-25.0,LOWER_PRICE,20.95,8.38,LOW,0.0028,False,13.65,A 1% price increase leads to a 1.84% decrease in demand. Highly price-sensitive.
22758,LARGE PURPLE BABUSHKA NOTEBOOK  ,General,-1.8377,Highly Elastic,0.9157,0.6868,-25.0,LOWER_PRICE,20.94,8.38,LOW,0.0833,True,10.86,A 1% price increase leads to a 1.84% decrease in demand. Highly price-sensitive.
85199S,SMALL HANGING IVORY/RED WOOD BIRD,General,-1.8368,Highly Elastic,0.4361,0.3271,-25.0,LOWER_PRICE,20.92,8.37,LOW,0.0069,False,12.79,A 1% price increase leads to a 1.84% decrease in demand. Highly price-sensitive.
21012,ANTIQUE ALL GLASS CANDLESTICK,General,-1.8317,Highly Elastic,2.0876,1.5657,-25.0,LOWER_PRICE,20.79,8.32,LOW,0.0038,False,8.81,A 1% price increase leads to a 1.83% decrease in demand. Highly price-sensitive.
16011,ANIMAL STICKERS,General,-1.827,Highly Elastic,0.2102,0.1577,-25.0,LOWER_PRICE,20.67,8.27,LOW,0.0032,False,17.12,A 1% price increase leads to a 1.83% decrease in demand. Highly price-sensitive.
22822,CREAM WALL PLANTER HEART SHAPED,General,-1.8258,Highly Elastic,5.9996,4.4997,-25.0,LOWER_PRICE,20.65,8.26,LOW,0.0101,False,9.14,A 1% price increase leads to a 1.83% decrease in demand. Highly price-sensitive.
21884,CAKES AND BOWS GIFT  TAPE,General,-1.8159,Highly Elastic,0.4924,0.3693,-25.0,LOWER_PRICE,20.4,8.16,LOW,0.1485,True,14.08,A 1% price increase leads to a 1.82% decrease in demand. Highly price-sensitive.
22721,SET OF 3 CAKE TINS SKETCHBOOK,General,-1.8131,Highly Elastic,4.484,3.363,-25.0,LOWER_PRICE,20.33,8.13,LOW,0.0428,True,10.69,A 1% price increase leads to a 1.81% decrease in demand. Highly price-sensitive.
22592,CARDHOLDER HOLLY WREATH METAL,General,-1.8121,Highly Elastic,3.7969,2.8477,-25.0,LOWER_PRICE,20.3,8.12,LOW,0.0078,False,9.11,A 1% price increase leads to a 1.81% decrease in demand. Highly price-sensitive.
70006,LOVE HEART POCKET WARMER,General,-1.805,Highly Elastic,1.2294,0.9221,-25.0,LOWER_PRICE,20.12,8.05,LOW,0.1191,True,11.94,A 1% price increase leads to a 1.8% decrease in demand. Highly price-sensitive.
22153,ANGEL DECORATION STARS ON DRESS,General,-1.8048,Highly Elastic,0.4205,0.3154,-25.0,LOWER_PRICE,20.12,8.05,LOW,0.0021,False,12.75,A 1% price increase leads to a 1.8% decrease in demand. Highly price-sensitive.
20840,damages,General,-1.8043,Highly Elastic,0.9744,0.7308,-25.0,LOWER_PRICE,20.11,8.04,LOW,0.0573,True,9.85,A 1% price increase leads to a 1.8% decrease in demand. Highly price-sensitive.
22405,MONEY BOX POCKET MONEY DESIGN,General,-1.8027,Highly Elastic,1.024,0.768,-25.0,LOWER_PRICE,20.07,8.03,LOW,0.0866,True,10.09,A 1% price increase leads to a 1.8% decrease in demand. Highly price-sensitive.
84952B,BLACK LOVE BIRD T-LIGHT HOLDER,General,-1.8004,Highly Elastic,2.906,2.1795,-25.0,LOWER_PRICE,20.01,8.0,MEDIUM,0.1654,True,10.36,A 1% price increase leads to a 1.8% decrease in demand. Highly price-sensitive.
22460,EMBOSSED GLASS TEALIGHT HOLDER,General,-1.7995,Highly Elastic,1.3031,0.9773,-25.0,LOWER_PRICE,19.99,8.0,LOW,0.0086,False,11.5,A 1% price increase leads to a 1.8% decrease in demand. Highly price-sensitive.
22904,CALENDAR PAPER CUT DESIGN,General,-1.7979,Highly Elastic,2.9724,2.2293,-25.0,LOWER_PRICE,19.95,7.98,LOW,0.0069,False,10.12,A 1% price increase leads to a 1.8% decrease in demand. Highly price-sensitive.
84799,Unknown,General,-1.7958,Highly Elastic,0.9747,0.731,-25.0,LOWER_PRICE,19.9,7.96,MEDIUM,0.2112,False,10.47,A 1% price increase leads to a 1.8% decrease in demand. Highly price-sensitive.
85036A,Unknown,General,-1.795,Highly Elastic,4.4304,3.3228,-25.0,LOWER_PRICE,19.88,7.95,LOW,0.0192,False,8.62,A 1% price increase leads to a 1.79% decrease in demand. Highly price-sensitive.
22982,PANTRY PASTRY BRUSH,General,-1.7929,Highly Elastic,1.3199,0.9899,-25.0,LOWER_PRICE,19.82,7.93,LOW,0.0126,True,10.56,A 1% price increase leads to a 1.79% decrease in demand. Highly price-sensitive.
21398,damages,General,-1.7908,Highly Elastic,0.821,0.6158,-25.0,LOWER_PRICE,19.77,7.91,MEDIUM,0.2585,True,13.11,A 1% price increase leads to a 1.79% decrease in demand. Highly price-sensitive.
22187,GREEN CHRISTMAS TREE CARD HOLDER,General,-1.7888,Highly Elastic,2.9706,2.2279,-25.0,LOWER_PRICE,19.72,7.89,LOW,0.0851,True,9.9,A 1% price increase leads to a 1.79% decrease in demand. Highly price-sensitive.
21402,Unknown,General,-1.7875,Highly Elastic,0.1202,0.0902,-25.0,LOWER_PRICE,19.69,7.88,LOW,0.0036,False,11.95,A 1% price increase leads to a 1.79% decrease in demand. Highly price-sensitive.
22736,RIBBON REEL MAKING SNOWMEN ,General,-1.7732,Highly Elastic,1.7137,1.2853,-25.0,LOWER_PRICE,19.33,7.73,LOW,0.008,False,11.25,A 1% price increase leads to a 1.77% decrease in demand. Highly price-sensitive.
22496,SET OF 2 ROUND TINS DUTCH CHEESE,General,-1.7721,Highly Elastic,2.3838,1.7878,-25.0,LOWER_PRICE,19.3,7.72,LOW,0.1236,True,9.74,A 1% price increase leads to a 1.77% decrease in demand. Highly price-sensitive.
21462,"NURSERY A,B,C PAINTED LETTERS",General,-1.7717,Highly Elastic,5.3855,4.0391,-25.0,LOWER_PRICE,19.29,7.72,LOW,0.1031,True,9.03,A 1% price increase leads to a 1.77% decrease in demand. Highly price-sensitive.
21147,found,General,-1.7713,Highly Elastic,2.2479,1.6859,-25.0,LOWER_PRICE,19.28,7.71,LOW,0.0058,False,9.54,A 1% price increase leads to a 1.77% decrease in demand. Highly price-sensitive.
22763,KEY CABINET MA CAMPAGNE,General,-1.7699,Highly Elastic,9.9095,7.4321,-25.0,LOWER_PRICE,19.25,7.7,LOW,0.0025,False,8.11,A 1% price increase leads to a 1.77% decrease in demand. Highly price-sensitive.
23282,FOLDING MIRROR IVORY ,General,-1.7666,Highly Elastic,0.865,0.6487,-25.0,LOWER_PRICE,19.16,7.66,LOW,0.0078,False,10.72,A 1% price increase leads to a 1.77% decrease in demand. Highly price-sensitive.
22060,damaged,General,-1.7661,Highly Elastic,5.745,4.3087,-25.0,LOWER_PRICE,19.15,7.66,LOW,0.0927,True,9.18,A 1% price increase leads to a 1.77% decrease in demand. Highly price-sensitive.
21642,check,General,-1.7647,Highly Elastic,0.3913,0.2935,-25.0,LOWER_PRICE,19.12,7.65,LOW,0.0829,True,14.04,A 1% price increase leads to a 1.76% decrease in demand. Highly price-sensitive.
21055,TOOL BOX SOFT TOY ,General,-1.763,Highly Elastic,9.7898,7.3423,-25.0,LOWER_PRICE,19.07,7.63,LOW,0.026,False,9.12,A 1% price increase leads to a 1.76% decrease in demand. Highly price-sensitive.
21042,RED RETROSPOT APRON ,General,-1.7625,Highly Elastic,5.9563,4.4672,-25.0,LOWER_PRICE,19.06,7.62,LOW,0.003,False,8.98,A 1% price increase leads to a 1.76% decrease in demand. Highly price-sensitive.
84509G,SET OF 4 FAIRY CAKE PLACEMATS ,General,-1.7618,Highly Elastic,2.4665,1.8499,-25.0,LOWER_PRICE,19.05,7.62,LOW,0.1481,True,10.9,A 1% price increase leads to a 1.76% decrease in demand. Highly price-sensitive.
22261,FELT EGG COSY WHITE RABBIT ,General,-1.7617,Highly Elastic,0.8869,0.6652,-25.0,LOWER_PRICE,19.04,7.62,LOW,0.0127,False,9.96,A 1% price increase leads to a 1.76% decrease in demand. Highly price-sensitive.
23354,6 GIFT TAGS 50'S CHRISTMAS ,General,-1.7597,Highly Elastic,0.8299,0.6224,-25.0,LOWER_PRICE,18.99,7.6,LOW,0.0024,False,14.03,A 1% price increase leads to a 1.76% decrease in demand. Highly price-sensitive.
22424,ENAMEL BREAD BIN CREAM,General,-1.7584,Highly Elastic,12.6981,9.5236,-25.0,LOWER_PRICE,18.96,7.58,LOW,0.0033,False,10.9,A 1% price increase leads to a 1.76% decrease in demand. Highly price-sensitive.
22220,CAKE STAND LOVEBIRD 2 TIER WHITE,General,-1.7561,Highly Elastic,7.2475,5.4356,-25.0,LOWER_PRICE,18.9,7.56,LOW,0.1127,True,9.89,A 1% price increase leads to a 1.76% decrease in demand. Highly price-sensitive.
22742,MAKE YOUR OWN PLAYTIME CARD KIT,General,-1.7549,Highly Elastic,2.321,1.7408,-25.0,LOWER_PRICE,18.87,7.55,LOW,0.1009,True,10.86,A 1% price increase leads to a 1.75% decrease in demand. Highly price-sensitive.
23553,LANDMARK FRAME CAMDEN TOWN ,General,-1.753,Highly Elastic,12.4273,9.3205,-25.0,LOWER_PRICE,18.82,7.53,LOW,0.0022,False,8.05,A 1% price increase leads to a 1.75% decrease in demand. Highly price-sensitive.
85180A,RED HEARTS LIGHT CHAIN ,General,-1.7519,Highly Elastic,2.8424,2.1318,-25.0,LOWER_PRICE,18.8,7.52,MEDIUM,0.2268,True,9.47,A 1% price increase leads to a 1.75% decrease in demand. Highly price-sensitive.
22897,OVEN MITT APPLES DESIGN,General,-1.747,Highly Elastic,1.5249,1.1437,-25.0,LOWER_PRICE,18.68,7.47,LOW,0.0178,True,11.19,A 1% price increase leads to a 1.75% decrease in demand. Highly price-sensitive.
22339,check,General,-1.746,Highly Elastic,0.2759,0.2069,-25.0,LOWER_PRICE,18.65,7.46,LOW,0.0925,True,16.03,A 1% price increase leads to a 1.75% decrease in demand. Highly price-sensitive.
21871,SAVE THE PLANET MUG,General,-1.746,Highly Elastic,1.3691,1.0268,-25.0,LOWER_PRICE,18.65,7.46,LOW,0.0163,True,13.83,A 1% price increase leads to a 1.75% decrease in demand. Highly price-sensitive.
21198,WHITE HEART CONFETTI IN TUBE,General,-1.7451,Highly Elastic,1.4123,1.0592,-25.0,LOWER_PRICE,18.63,7.45,MEDIUM,0.1839,True,9.82,A 1% price increase leads to a 1.75% decrease in demand. Highly price-sensitive.
23549,WRAP BIRD GARDEN ,General,-1.7449,Highly Elastic,0.4226,0.3169,-25.0,LOWER_PRICE,18.62,7.45,LOW,0.0022,False,12.53,A 1% price increase leads to a 1.74% decrease in demand. Highly price-sensitive.
22743,MAKE YOUR OWN FLOWERPOWER CARD KIT,General,-1.7438,Highly Elastic,2.5437,1.9078,-25.0,LOWER_PRICE,18.59,7.44,LOW,0.0704,True,9.57,A 1% price increase leads to a 1.74% decrease in demand. Highly price-sensitive.
21258,Unknown,General,-1.741,Highly Elastic,12.7376,9.5532,-25.0,LOWER_PRICE,18.53,7.41,LOW,0.0103,False,10.29,A 1% price increase leads to a 1.74% decrease in demand. Highly price-sensitive.
21476,STEEL SWEETHEART ROUND TABLE CREAM,General,-1.7384,Highly Elastic,14.9829,11.2372,-25.0,LOWER_PRICE,18.46,7.38,LOW,0.0028,False,7.41,A 1% price increase leads to a 1.74% decrease in demand. Highly price-sensitive.
23158,SET OF 5 LUCKY CAT MAGNETS ,General,-1.7352,Highly Elastic,2.127,1.5952,-25.0,LOWER_PRICE,18.38,7.35,LOW,0.0069,False,11.51,A 1% price increase leads to a 1.74% decrease in demand. Highly price-sensitive.
22324,BLUE POLKADOT KIDS BAG,General,-1.735,Highly Elastic,2.6036,1.9527,-25.0,LOWER_PRICE,18.38,7.35,LOW,0.0856,True,8.64,A 1% price increase leads to a 1.74% decrease in demand. Highly price-sensitive.
84952C,MIRROR LOVE BIRD T-LIGHT HOLDER,General,-1.7328,Highly Elastic,2.8799,2.1599,-25.0,LOWER_PRICE,18.32,7.33,MEDIUM,0.182,True,10.31,A 1% price increase leads to a 1.73% decrease in demand. Highly price-sensitive.
22915,sold as set on dotcom,General,-1.7251,Highly Elastic,0.385,0.2888,-25.0,LOWER_PRICE,18.13,7.25,LOW,0.0184,True,12.8,A 1% price increase leads to a 1.73% decrease in demand. Highly price-sensitive.
84915,HAND TOWEL PINK FLOWER AND DAISY,General,-1.725,Highly Elastic,3.7606,2.8205,-25.0,LOWER_PRICE,18.13,7.25,MEDIUM,0.2153,False,16.0,A 1% price increase leads to a 1.73% decrease in demand. Highly price-sensitive.
22757,LARGE RED BABUSHKA NOTEBOOK ,General,-1.7237,Highly Elastic,0.94,0.705,-25.0,LOWER_PRICE,18.09,7.24,LOW,0.0686,True,11.38,A 1% price increase leads to a 1.72% decrease in demand. Highly price-sensitive.
22647,CERAMIC LOVE HEART MONEY BANK,General,-1.7233,Highly Elastic,0.7477,0.5608,-25.0,LOWER_PRICE,18.08,7.23,MEDIUM,0.1835,True,11.27,A 1% price increase leads to a 1.72% decrease in demand. Highly price-sensitive.
51020B,adjust,General,-1.7233,Highly Elastic,0.9054,0.679,-25.0,LOWER_PRICE,18.08,7.23,MEDIUM,0.2274,True,12.0,A 1% price increase leads to a 1.72% decrease in demand. Highly price-sensitive.
22471,TV DINNER TRAY AIR HOSTESS ,General,-1.723,Highly Elastic,4.0211,3.0158,-25.0,LOWER_PRICE,18.08,7.23,LOW,0.0973,True,8.35,A 1% price increase leads to a 1.72% decrease in demand. Highly price-sensitive.
21876,POTTERING MUG,General,-1.7219,Highly Elastic,1.3843,1.0382,-25.0,LOWER_PRICE,18.05,7.22,LOW,0.0572,True,10.39,A 1% price increase leads to a 1.72% decrease in demand. Highly price-sensitive.
82599,Unknown,General,-1.7215,Highly Elastic,2.098,1.5735,-25.0,LOWER_PRICE,18.04,7.22,LOW,0.0029,False,9.32,A 1% price increase leads to a 1.72% decrease in demand. Highly price-sensitive.
21351,damaged,General,-1.7213,Highly Elastic,6.7038,5.0278,-25.0,LOWER_PRICE,18.03,7.21,LOW,0.0027,False,7.81,A 1% price increase leads to a 1.72% decrease in demand. Highly price-sensitive.
22704,WRAP RED APPLES ,General,-1.7206,Highly Elastic,0.4186,0.314,-25.0,LOWER_PRICE,18.01,7.2,LOW,0.0023,False,14.66,A 1% price increase leads to a 1.72% decrease in demand. Highly price-sensitive.
22420,LIPSTICK PEN BABY PINK,General,-1.7179,Highly Elastic,0.4722,0.3542,-25.0,LOWER_PRICE,17.95,7.18,LOW,0.0264,True,10.26,A 1% price increase leads to a 1.72% decrease in demand. Highly price-sensitive.
35953,FOLKART STAR CHRISTMAS DECORATIONS,General,-1.7117,Highly Elastic,0.5477,0.4108,-25.0,LOWER_PRICE,17.79,7.12,LOW,0.0748,True,14.44,A 1% price increase leads to a 1.71% decrease in demand. Highly price-sensitive.
84898F,Unknown,General,-1.7061,Highly Elastic,2.1063,1.5797,-25.0,LOWER_PRICE,17.65,7.06,LOW,0.0032,False,7.92,A 1% price increase leads to a 1.71% decrease in demand. Highly price-sensitive.
22360,GLASS JAR ENGLISH CONFECTIONERY,General,-1.7047,Highly Elastic,2.9774,2.233,-25.0,LOWER_PRICE,17.62,7.05,LOW,0.0075,False,9.02,A 1% price increase leads to a 1.7% decrease in demand. Highly price-sensitive.
22100,SKULLS SQUARE TISSUE BOX,General,-1.7029,Highly Elastic,0.6271,0.4703,-25.0,LOWER_PRICE,17.57,7.03,LOW,0.1147,True,12.42,A 1% price increase leads to a 1.7% decrease in demand. Highly price-sensitive.
23224,CHERUB HEART DECORATION GOLD,General,-1.7018,Highly Elastic,0.8731,0.6548,-25.0,LOWER_PRICE,17.54,7.02,LOW,0.0163,False,9.77,A 1% price increase leads to a 1.7% decrease in demand. Highly price-sensitive.
21205,MULTICOLOUR 3D BALLS GARLAND,General,-1.7007,Highly Elastic,2.5506,1.913,-25.0,LOWER_PRICE,17.52,7.01,LOW,0.0024,False,8.71,A 1% price increase leads to a 1.7% decrease in demand. Highly price-sensitive.
21399,Unknown,General,-1.6992,Highly Elastic,0.6077,0.4558,-25.0,LOWER_PRICE,17.48,6.99,LOW,0.1433,True,15.25,A 1% price increase leads to a 1.7% decrease in demand. Highly price-sensitive.
21773,DECORATIVE ROSE BATHROOM BOTTLE,General,-1.6879,Highly Elastic,1.1309,0.8482,-25.0,LOWER_PRICE,17.2,6.88,LOW,0.0696,True,9.14,A 1% price increase leads to a 1.69% decrease in demand. Highly price-sensitive.
22760,"TRAY, BREAKFAST IN BED",General,-1.6836,Highly Elastic,12.5964,9.4473,-25.0,LOWER_PRICE,17.09,6.84,LOW,0.0027,False,9.0,A 1% price increase leads to a 1.68% decrease in demand. Highly price-sensitive.
22059,CERAMIC STRAWBERRY DESIGN MUG,General,-1.6827,Highly Elastic,1.1192,0.8394,-25.0,LOWER_PRICE,17.07,6.83,LOW,0.0933,True,12.24,A 1% price increase leads to a 1.68% decrease in demand. Highly price-sensitive.
23242,TREASURE TIN BUFFALO BILL ,General,-1.6825,Highly Elastic,2.0725,1.5544,-25.0,LOWER_PRICE,17.06,6.82,LOW,0.0021,False,10.46,A 1% price increase leads to a 1.68% decrease in demand. Highly price-sensitive.
20655,QUEEN OF SKIES LUGGAGE TAG,General,-1.6821,Highly Elastic,1.3172,0.9879,-25.0,LOWER_PRICE,17.05,6.82,LOW,0.0182,False,8.62,A 1% price increase leads to a 1.68% decrease in demand. Highly price-sensitive.
23184,BULL DOG BOTTLE OPENER,General,-1.6809,Highly Elastic,5.0626,3.7969,-25.0,LOWER_PRICE,17.02,6.81,LOW,0.0109,True,10.08,A 1% price increase leads to a 1.68% decrease in demand. Highly price-sensitive.
22427,damages,General,-1.679,Highly Elastic,5.9119,4.4339,-25.0,LOWER_PRICE,16.98,6.79,LOW,0.0025,False,12.88,A 1% price increase leads to a 1.68% decrease in demand. Highly price-sensitive.
85186A,EASTER BUNNY GARLAND OF FLOWERS,General,-1.6778,Highly Elastic,0.4201,0.3151,-25.0,LOWER_PRICE,16.95,6.78,LOW,0.0034,False,10.35,A 1% price increase leads to a 1.68% decrease in demand. Highly price-sensitive.
22577,check,General,-1.674,Highly Elastic,0.4738,0.3553,-25.0,LOWER_PRICE,16.85,6.74,LOW,0.0546,True,17.15,A 1% price increase leads to a 1.67% decrease in demand. Highly price-sensitive.
23127,FELTCRAFT GIRL NICOLE KIT,General,-1.6724,Highly Elastic,5.0366,3.7774,-25.0,LOWER_PRICE,16.81,6.72,LOW,0.0062,False,10.34,A 1% price increase leads to a 1.67% decrease in demand. Highly price-sensitive.
21774,DECORATIVE CATS BATHROOM BOTTLE,General,-1.6708,Highly Elastic,1.2006,0.9004,-25.0,LOWER_PRICE,16.77,6.71,LOW,0.0321,False,10.09,A 1% price increase leads to a 1.67% decrease in demand. Highly price-sensitive.
22770,MIRROR CORNICE,General,-1.6708,Highly Elastic,14.941,11.2058,-25.0,LOWER_PRICE,16.77,6.71,LOW,0.0022,False,8.03,A 1% price increase leads to a 1.67% decrease in demand. Highly price-sensitive.
22495,SET OF 2 ROUND TINS CAMEMBERT ,General,-1.6707,Highly Elastic,2.3719,1.7789,-25.0,LOWER_PRICE,16.77,6.71,LOW,0.0813,True,8.95,A 1% price increase leads to a 1.67% decrease in demand. Highly price-sensitive.
23302,KNEELING MAT HOUSEWORK  DESIGN,General,-1.6686,Highly Elastic,1.4814,1.1111,-25.0,LOWER_PRICE,16.72,6.69,LOW,0.0302,True,11.34,A 1% price increase leads to a 1.67% decrease in demand. Highly price-sensitive.
21481,FAWN BLUE HOT WATER BOTTLE,General,-1.6642,Highly Elastic,3.3095,2.4821,-25.0,LOWER_PRICE,16.6,6.64,LOW,0.007,True,13.1,A 1% price increase leads to a 1.66% decrease in demand. Highly price-sensitive.
21744,check,General,-1.6616,Highly Elastic,3.2235,2.4176,-25.0,LOWER_PRICE,16.54,6.62,LOW,0.0248,True,9.9,A 1% price increase leads to a 1.66% decrease in demand. Highly price-sensitive.
21743,Unknown,General,-1.6597,Highly Elastic,2.9275,2.1956,-25.0,LOWER_PRICE,16.49,6.6,LOW,0.0034,False,8.74,A 1% price increase leads to a 1.66% decrease in demand. Highly price-sensitive.
22939,ADULT APRON APPLE DELIGHT,General,-1.6585,Highly Elastic,5.1822,3.8866,-25.0,LOWER_PRICE,16.46,6.58,LOW,0.014,False,9.51,A 1% price increase leads to a 1.66% decrease in demand. Highly price-sensitive.
22860,EASTER TIN CHICKS PINK DAISY,General,-1.6566,Highly Elastic,1.6486,1.2365,-25.0,LOWER_PRICE,16.42,6.57,LOW,0.0028,False,9.44,A 1% price increase leads to a 1.66% decrease in demand. Highly price-sensitive.
21098,had been put aside,General,-1.6536,Highly Elastic,1.3006,0.9754,-25.0,LOWER_PRICE,16.34,6.54,LOW,0.0116,True,12.34,A 1% price increase leads to a 1.65% decrease in demand. Highly price-sensitive.
22422,TOOTHPASTE TUBE PEN,General,-1.6526,Highly Elastic,0.5662,0.4247,-25.0,LOWER_PRICE,16.32,6.53,MEDIUM,0.1779,True,12.67,A 1% price increase leads to a 1.65% decrease in demand. Highly price-sensitive.
23485,BOTANICAL GARDENS WALL CLOCK ,General,-1.6516,Highly Elastic,24.4689,18.3517,-25.0,LOWER_PRICE,16.29,6.52,LOW,0.0031,False,9.91,A 1% price increase leads to a 1.65% decrease in demand. Highly price-sensitive.
22744,MAKE YOUR OWN MONSOON CARD KIT,General,-1.65,Highly Elastic,2.449,1.8367,-25.0,LOWER_PRICE,16.25,6.5,LOW,0.077,True,10.33,A 1% price increase leads to a 1.65% decrease in demand. Highly price-sensitive.
23137,ZINC WIRE SWEETHEART LETTER TRAY,General,-1.6497,Highly Elastic,2.8938,2.1704,-25.0,LOWER_PRICE,16.24,6.5,LOW,0.0889,False,10.74,A 1% price increase leads to a 1.65% decrease in demand. Highly price-sensitive.
21519,check,General,-1.6489,Highly Elastic,0.4178,0.3134,-25.0,LOWER_PRICE,16.22,6.49,LOW,0.0025,False,11.74,A 1% price increase leads to a 1.65% decrease in demand. Highly price-sensitive.
23575,SNACK TRAY PAISLEY PARK,General,-1.6483,Highly Elastic,1.9293,1.447,-25.0,LOWER_PRICE,16.21,6.48,LOW,0.0035,False,9.11,A 1% price increase leads to a 1.65% decrease in demand. Highly price-sensitive.
21528,DAIRY MAID TRADITIONAL TEAPOT ,General,-1.6471,Highly Elastic,6.9149,5.1862,-25.0,LOWER_PRICE,16.18,6.47,LOW,0.0027,False,7.98,A 1% price increase leads to a 1.65% decrease in demand. Highly price-sensitive.
23057,rusty throw away,General,-1.647,Highly Elastic,4.8735,3.6551,-25.0,LOWER_PRICE,16.18,6.47,LOW,0.0032,False,7.44,A 1% price increase leads to a 1.65% decrease in demand. Highly price-sensitive.
22068,BLACK PIRATE TREASURE CHEST,General,-1.6466,Highly Elastic,1.2018,0.9013,-25.0,LOWER_PRICE,16.17,6.47,LOW,0.1196,True,9.55,A 1% price increase leads to a 1.65% decrease in demand. Highly price-sensitive.
47580,TEA TIME DES TEA COSY,General,-1.6455,Highly Elastic,2.5285,1.8964,-25.0,LOWER_PRICE,16.14,6.46,LOW,0.0031,False,7.97,A 1% price increase leads to a 1.65% decrease in demand. Highly price-sensitive.
23373,VINTAGE CHRISTMAS PAPER GIFT BAG,General,-1.6434,Highly Elastic,0.8167,0.6125,-25.0,LOWER_PRICE,16.09,6.44,LOW,0.0024,False,12.1,A 1% price increase leads to a 1.64% decrease in demand. Highly price-sensitive.
21288,Unknown,General,-1.638,Highly Elastic,2.921,2.1907,-25.0,LOWER_PRICE,15.95,6.38,LOW,0.0033,False,7.38,A 1% price increase leads to a 1.64% decrease in demand. Highly price-sensitive.
22071,SMALL WHITE RETROSPOT MUG IN BOX ,General,-1.6359,Highly Elastic,3.6093,2.707,-25.0,LOWER_PRICE,15.9,6.36,LOW,0.074,True,9.97,A 1% price increase leads to a 1.64% decrease in demand. Highly price-sensitive.
22031,BOTANICAL LAVENDER BIRTHDAY CARD,General,-1.6352,Highly Elastic,0.4465,0.3349,-25.0,LOWER_PRICE,15.88,6.35,LOW,0.0241,False,9.99,A 1% price increase leads to a 1.64% decrease in demand. Highly price-sensitive.
22580,ADVENT CALENDAR GINGHAM SACK,General,-1.6302,Highly Elastic,6.1236,4.5927,-25.0,LOWER_PRICE,15.76,6.3,LOW,0.0088,False,10.16,A 1% price increase leads to a 1.63% decrease in demand. Highly price-sensitive.
85173,SET/6 FROG PRINCE T-LIGHT CANDLES,General,-1.6293,Highly Elastic,2.0023,1.5017,-25.0,LOWER_PRICE,15.73,6.29,LOW,0.1458,True,11.74,A 1% price increase leads to a 1.63% decrease in demand. Highly price-sensitive.
22965,3 TRADITIONAl BISCUIT CUTTERS  SET,General,-1.6284,Highly Elastic,2.0978,1.5734,-25.0,LOWER_PRICE,15.71,6.28,LOW,0.0021,False,10.61,A 1% price increase leads to a 1.63% decrease in demand. Highly price-sensitive.
22074,6 RIBBONS SHIMMERING PINKS ,General,-1.6266,Highly Elastic,1.129,0.8468,-25.0,LOWER_PRICE,15.67,6.27,LOW,0.1308,True,10.57,A 1% price increase leads to a 1.63% decrease in demand. Highly price-sensitive.
17091J,VANILLA INCENSE IN TIN,General,-1.6264,Highly Elastic,0.6405,0.4804,-25.0,LOWER_PRICE,15.66,6.26,LOW,0.1042,True,12.14,A 1% price increase leads to a 1.63% decrease in demand. Highly price-sensitive.
23222,CHRISTMAS TREE HANGING GOLD,General,-1.6256,Highly Elastic,0.9125,0.6844,-25.0,LOWER_PRICE,15.64,6.26,LOW,0.0132,False,11.2,A 1% price increase leads to a 1.63% decrease in demand. Highly price-sensitive.
16216,LETTER SHAPE PENCIL SHARPENER,General,-1.6253,Highly Elastic,0.0867,0.065,-25.0,LOWER_PRICE,15.63,6.25,LOW,0.0776,True,33.96,A 1% price increase leads to a 1.63% decrease in demand. Highly price-sensitive.
22475,SKULL DESIGN TV DINNER TRAY,General,-1.6247,Highly Elastic,4.2674,3.2006,-25.0,LOWER_PRICE,15.62,6.25,LOW,0.0472,True,9.73,A 1% price increase leads to a 1.62% decrease in demand. Highly price-sensitive.
23122,PARTY CHARMS 50 PIECES,General,-1.6243,Highly Elastic,0.8228,0.6171,-25.0,LOWER_PRICE,15.61,6.24,LOW,0.0026,False,10.23,A 1% price increase leads to a 1.62% decrease in demand. Highly price-sensitive.
22813,PACK 3 BOXES BIRD PANETTONE ,General,-1.6231,Highly Elastic,2.0422,1.5316,-25.0,LOWER_PRICE,15.58,6.23,LOW,0.018,True,10.88,A 1% price increase leads to a 1.62% decrease in demand. Highly price-sensitive.
22408,MONEY BOX CONFECTIONERY DESIGN,General,-1.6221,Highly Elastic,1.0094,0.7571,-25.0,LOWER_PRICE,15.55,6.22,LOW,0.0698,True,8.04,A 1% price increase leads to a 1.62% decrease in demand. Highly price-sensitive.
84029G,Unknown,General,-1.6209,Highly Elastic,3.9215,2.9411,-25.0,LOWER_PRICE,15.52,6.21,LOW,0.0035,False,12.03,A 1% price increase leads to a 1.62% decrease in demand. Highly price-sensitive.
22990,COTTON APRON PANTRY DESIGN,General,-1.6208,Highly Elastic,4.5775,3.4331,-25.0,LOWER_PRICE,15.52,6.21,LOW,0.0192,True,9.29,A 1% price increase leads to a 1.62% decrease in demand. Highly price-sensitive.
22319,HAIRCLIPS FORTIES FABRIC ASSORTED,General,-1.6164,Highly Elastic,0.4857,0.3643,-25.0,LOWER_PRICE,15.41,6.16,LOW,0.1001,True,14.37,A 1% price increase leads to a 1.62% decrease in demand. Highly price-sensitive.
22281,EASTER TREE YELLOW BIRDS,General,-1.6162,Highly Elastic,5.9308,4.4481,-25.0,LOWER_PRICE,15.41,6.16,LOW,0.0021,False,7.98,A 1% price increase leads to a 1.62% decrease in demand. Highly price-sensitive.
22070,SMALL RED RETROSPOT MUG IN BOX ,General,-1.613,Highly Elastic,3.7209,2.7907,-25.0,LOWER_PRICE,15.32,6.13,LOW,0.0853,True,10.65,A 1% price increase leads to a 1.61% decrease in demand. Highly price-sensitive.
35809B,ENAMEL BLUE RIM TEA CONTAINER,General,-1.6118,Highly Elastic,1.6571,1.2428,-25.0,LOWER_PRICE,15.29,6.12,LOW,0.117,False,5.65,A 1% price increase leads to a 1.61% decrease in demand. Highly price-sensitive.
22119,PEACE WOODEN BLOCK LETTERS,General,-1.6096,Highly Elastic,5.2578,3.9433,-25.0,LOWER_PRICE,15.24,6.1,LOW,0.0867,True,9.79,A 1% price increase leads to a 1.61% decrease in demand. Highly price-sensitive.
23408,PHOTO FRAME LINEN AND LACE SMALL,General,-1.6078,Highly Elastic,2.0854,1.564,-25.0,LOWER_PRICE,15.19,6.08,LOW,0.0019,False,11.49,A 1% price increase leads to a 1.61% decrease in demand. Highly price-sensitive.
23510,MINI PLAYING CARDS GYMKHANA,General,-1.6072,Highly Elastic,0.4196,0.3147,-25.0,LOWER_PRICE,15.18,6.07,LOW,0.0019,False,12.99,A 1% price increase leads to a 1.61% decrease in demand. Highly price-sensitive.
23004,TRAVEL CARD WALLET PANTRY,General,-1.606,Highly Elastic,0.4287,0.3215,-25.0,LOWER_PRICE,15.15,6.06,LOW,0.0077,False,11.56,A 1% price increase leads to a 1.61% decrease in demand. Highly price-sensitive.
85132C,damages,General,-1.6049,Highly Elastic,2.2641,1.6981,-25.0,LOWER_PRICE,15.12,6.05,LOW,0.046,True,12.53,A 1% price increase leads to a 1.6% decrease in demand. Highly price-sensitive.
23337,EGG FRYING PAN MINT ,General,-1.6045,Highly Elastic,2.0845,1.5634,-25.0,LOWER_PRICE,15.11,6.04,LOW,0.0019,False,9.62,A 1% price increase leads to a 1.6% decrease in demand. Highly price-sensitive.
22747,POPPY'S PLAYHOUSE BATHROOM,General,-1.6011,Highly Elastic,2.0861,1.5646,-25.0,LOWER_PRICE,15.03,6.01,LOW,0.0023,False,9.46,A 1% price increase leads to a 1.6% decrease in demand. Highly price-sensitive.
90214P,"LETTER ""P"" BLING KEY RING",General,-1.601,Highly Elastic,0.6877,0.5158,-25.0,LOWER_PRICE,15.02,6.01,MEDIUM,0.1814,True,11.73,A 1% price increase leads to a 1.6% decrease in demand. Highly price-sensitive.
22350,ILLUSTRATED CAT BOWL ,General,-1.5998,Highly Elastic,2.5455,1.9091,-25.0,LOWER_PRICE,15.0,6.0,LOW,0.0015,False,9.83,A 1% price increase leads to a 1.6% decrease in demand. Highly price-sensitive.
22796,Not rcvd in 10/11/2010 delivery,General,-1.5974,Highly Elastic,9.9103,7.4327,-25.0,LOWER_PRICE,14.93,5.97,LOW,0.0025,False,9.2,A 1% price increase leads to a 1.6% decrease in demand. Highly price-sensitive.
81950V,Unknown,General,-1.5964,Highly Elastic,0.6667,0.5,-25.0,LOWER_PRICE,14.91,5.96,MEDIUM,0.2509,False,5.47,A 1% price increase leads to a 1.6% decrease in demand. Highly price-sensitive.
85183B,CHARLIE & LOLA WASTEPAPER BIN FLORA,General,-1.5961,Highly Elastic,1.4721,1.1041,-25.0,LOWER_PRICE,14.9,5.96,LOW,0.0523,True,9.32,A 1% price increase leads to a 1.6% decrease in demand. Highly price-sensitive.
21465,PINK FLOWER CROCHET FOOD COVER,General,-1.5943,Highly Elastic,3.8985,2.9239,-25.0,LOWER_PRICE,14.86,5.94,LOW,0.0128,False,8.07,A 1% price increase leads to a 1.59% decrease in demand. Highly price-sensitive.
20658,Unknown,General,-1.594,Highly Elastic,1.2502,0.9376,-25.0,LOWER_PRICE,14.85,5.94,LOW,0.0023,False,8.74,A 1% price increase leads to a 1.59% decrease in demand. Highly price-sensitive.
23103,JINGLE BELL HEART DECORATION,General,-1.5926,Highly Elastic,1.6492,1.2369,-25.0,LOWER_PRICE,14.82,5.93,LOW,0.0017,False,13.11,A 1% price increase leads to a 1.59% decrease in demand. Highly price-sensitive.
23138,SINGLE WIRE HOOK IVORY HEART,General,-1.5924,Highly Elastic,1.443,1.0823,-25.0,LOWER_PRICE,14.81,5.92,LOW,0.0023,False,10.66,A 1% price increase leads to a 1.59% decrease in demand. Highly price-sensitive.
21620,Unknown,General,-1.5897,Highly Elastic,1.9829,1.4872,-25.0,LOWER_PRICE,14.74,5.9,LOW,0.0982,True,10.04,A 1% price increase leads to a 1.59% decrease in demand. Highly price-sensitive.
22131,FOOD CONTAINER SET 3 LOVE HEART ,General,-1.5881,Highly Elastic,2.0009,1.5007,-25.0,LOWER_PRICE,14.7,5.88,LOW,0.007,False,10.88,A 1% price increase leads to a 1.59% decrease in demand. Highly price-sensitive.
23093,SMALL PARISIENNE HEART PHOTO FRAME ,General,-1.5866,Highly Elastic,2.4774,1.858,-25.0,LOWER_PRICE,14.67,5.87,LOW,0.0028,False,9.61,A 1% price increase leads to a 1.59% decrease in demand. Highly price-sensitive.
22271,check,General,-1.5855,Highly Elastic,2.9616,2.2212,-25.0,LOWER_PRICE,14.64,5.86,LOW,0.0022,False,10.91,A 1% price increase leads to a 1.59% decrease in demand. Highly price-sensitive.
21714,CITRONELLA CANDLE GARDEN POT,General,-1.5841,Highly Elastic,1.2522,0.9391,-25.0,LOWER_PRICE,14.6,5.84,LOW,0.0024,False,10.24,A 1% price increase leads to a 1.58% decrease in demand. Highly price-sensitive.
85035B,check,General,-1.5815,Highly Elastic,3.6147,2.711,-25.0,LOWER_PRICE,14.54,5.82,LOW,0.0905,True,8.72,A 1% price increase leads to a 1.58% decrease in demand. Highly price-sensitive.
72802A,Had been put aside.,General,-1.5788,Highly Elastic,4.3971,3.2978,-25.0,LOWER_PRICE,14.47,5.79,LOW,0.0115,False,8.61,A 1% price increase leads to a 1.58% decrease in demand. Highly price-sensitive.
23147,SINGLE ANTIQUE ROSE HOOK IVORY,General,-1.5771,Highly Elastic,1.4479,1.0859,-25.0,LOWER_PRICE,14.43,5.77,LOW,0.0026,False,9.95,A 1% price increase leads to a 1.58% decrease in demand. Highly price-sensitive.
23371,SET 36 COLOUR PENCILS SPACEBOY ,General,-1.5757,Highly Elastic,1.2451,0.9338,-25.0,LOWER_PRICE,14.39,5.76,LOW,0.0023,False,9.95,A 1% price increase leads to a 1.58% decrease in demand. Highly price-sensitive.
20707,CRAZY DAISY HEART DECORATION,General,-1.5736,Highly Elastic,1.4312,1.0734,-25.0,LOWER_PRICE,14.34,5.74,LOW,0.0327,False,8.31,A 1% price increase leads to a 1.57% decrease in demand. Highly price-sensitive.
21883,STARS GIFT TAPE ,General,-1.572,Highly Elastic,0.5685,0.4264,-25.0,LOWER_PRICE,14.3,5.72,LOW,0.0528,True,11.92,A 1% price increase leads to a 1.57% decrease in demand. Highly price-sensitive.
21980,PACK OF 12 RED RETROSPOT TISSUES ,General,-1.5713,Highly Elastic,0.3235,0.2426,-25.0,LOWER_PRICE,14.28,5.71,LOW,0.0064,False,16.94,A 1% price increase leads to a 1.57% decrease in demand. Highly price-sensitive.
84660B,BLACK STITCHED WALL CLOCK,General,-1.5702,Highly Elastic,1.4169,1.0627,-25.0,LOWER_PRICE,14.26,5.7,LOW,0.1105,True,9.89,A 1% price increase leads to a 1.57% decrease in demand. Highly price-sensitive.
22754,SMALL RED BABUSHKA NOTEBOOK ,General,-1.5691,Highly Elastic,0.6473,0.4855,-25.0,LOWER_PRICE,14.23,5.69,LOW,0.0804,True,11.78,A 1% price increase leads to a 1.57% decrease in demand. Highly price-sensitive.
22163,Unknown,General,-1.5675,Highly Elastic,1.5884,1.1913,-25.0,LOWER_PRICE,14.19,5.68,MEDIUM,0.1864,True,10.25,A 1% price increase leads to a 1.57% decrease in demand. Highly price-sensitive.
21257,Unknown,General,-1.5668,Highly Elastic,7.9577,5.9683,-25.0,LOWER_PRICE,14.17,5.67,LOW,0.0019,False,8.09,A 1% price increase leads to a 1.57% decrease in demand. Highly price-sensitive.
23301,GARDENERS KNEELING PAD KEEP CALM ,General,-1.5659,Highly Elastic,1.6618,1.2464,-25.0,LOWER_PRICE,14.15,5.66,LOW,0.0023,False,16.69,A 1% price increase leads to a 1.57% decrease in demand. Highly price-sensitive.
72812,LARGE ZINC GLASS CANDLEHOLDER,General,-1.5624,Highly Elastic,3.1091,2.3318,-25.0,LOWER_PRICE,14.06,5.62,LOW,0.0606,False,11.26,A 1% price increase leads to a 1.56% decrease in demand. Highly price-sensitive.
22581,WOOD STOCKING CHRISTMAS SCANDISPOT,General,-1.5602,Highly Elastic,0.6577,0.4933,-25.0,LOWER_PRICE,14.01,5.6,LOW,0.0927,True,11.13,A 1% price increase leads to a 1.56% decrease in demand. Highly price-sensitive.
22334,DINOSAUR PARTY BAG + STICKER SET,General,-1.5602,Highly Elastic,1.65,1.2375,-25.0,LOWER_PRICE,14.01,5.6,LOW,0.002,False,9.32,A 1% price increase leads to a 1.56% decrease in demand. Highly price-sensitive.
22263,FELT EGG COSY LADYBIRD ,General,-1.5568,Highly Elastic,0.6279,0.4709,-25.0,LOWER_PRICE,13.92,5.57,MEDIUM,0.2772,True,10.41,A 1% price increase leads to a 1.56% decrease in demand. Highly price-sensitive.
22065,CHRISTMAS PUDDING TRINKET POT ,General,-1.555,Highly Elastic,0.6772,0.5079,-25.0,LOWER_PRICE,13.87,5.55,LOW,0.0885,True,16.57,A 1% price increase leads to a 1.55% decrease in demand. Highly price-sensitive.
21745,GAOLERS KEYS DECORATIVE GARDEN ,General,-1.5549,Highly Elastic,3.7877,2.8408,-25.0,LOWER_PRICE,13.87,5.55,LOW,0.0067,False,9.57,A 1% price increase leads to a 1.55% decrease in demand. Highly price-sensitive.
23187,check,General,-1.5538,Highly Elastic,0.3525,0.2644,-25.0,LOWER_PRICE,13.85,5.54,LOW,0.0353,True,14.95,A 1% price increase leads to a 1.55% decrease in demand. Highly price-sensitive.
22978,PANTRY ROLLING PIN,General,-1.5521,Highly Elastic,3.7182,2.7887,-25.0,LOWER_PRICE,13.8,5.52,LOW,0.0023,False,10.9,A 1% price increase leads to a 1.55% decrease in demand. Highly price-sensitive.
20751,check,General,-1.5503,Highly Elastic,2.0992,1.5744,-25.0,LOWER_PRICE,13.76,5.5,LOW,0.0019,False,9.37,A 1% price increase leads to a 1.55% decrease in demand. Highly price-sensitive.
23150,IVORY SWEETHEART SOAP DISH,General,-1.5492,Highly Elastic,2.4831,1.8623,-25.0,LOWER_PRICE,13.73,5.49,LOW,0.0019,False,8.04,A 1% price increase leads to a 1.55% decrease in demand. Highly price-sensitive.
22500,SET OF 2 TINS JARDIN DE PROVENCE,General,-1.549,Highly Elastic,3.7183,2.7887,-25.0,LOWER_PRICE,13.72,5.49,LOW,0.1,True,9.35,A 1% price increase leads to a 1.55% decrease in demand. Highly price-sensitive.
21015,DARK BIRD HOUSE TREE DECORATION,General,-1.5484,Highly Elastic,0.3123,0.2342,-25.0,LOWER_PRICE,13.71,5.48,LOW,0.0201,False,12.2,A 1% price increase leads to a 1.55% decrease in demand. Highly price-sensitive.
35471D,SET OF 3 BIRD LIGHT PINK FEATHER ,General,-1.546,Highly Elastic,0.4832,0.3624,-25.0,LOWER_PRICE,13.65,5.46,LOW,0.0552,True,10.22,A 1% price increase leads to a 1.55% decrease in demand. Highly price-sensitive.
22446,PIN CUSHION BABUSHKA PINK,General,-1.5439,Highly Elastic,2.9665,2.2249,-25.0,LOWER_PRICE,13.6,5.44,LOW,0.1175,True,7.82,A 1% price increase leads to a 1.54% decrease in demand. Highly price-sensitive.
22726,Unknown,General,-1.5427,Highly Elastic,3.7749,2.8312,-25.0,LOWER_PRICE,13.57,5.43,LOW,0.0019,False,17.4,A 1% price increase leads to a 1.54% decrease in demand. Highly price-sensitive.
22624,IVORY KITCHEN SCALES,General,-1.5413,Highly Elastic,8.5418,6.4063,-25.0,LOWER_PRICE,13.53,5.41,LOW,0.0032,False,14.14,A 1% price increase leads to a 1.54% decrease in demand. Highly price-sensitive.
84828,JUNGLE POPSICLES ICE LOLLY MOULDS,General,-1.5385,Highly Elastic,1.2695,0.9521,-25.0,LOWER_PRICE,13.46,5.38,LOW,0.0073,False,9.83,A 1% price increase leads to a 1.54% decrease in demand. Highly price-sensitive.
21824,check,General,-1.5347,Highly Elastic,0.7307,0.548,-25.0,LOWER_PRICE,13.37,5.35,LOW,0.1235,True,11.48,A 1% price increase leads to a 1.53% decrease in demand. Highly price-sensitive.
22944,sold as set on dotcom,General,-1.5338,Highly Elastic,0.6373,0.478,-25.0,LOWER_PRICE,13.35,5.34,LOW,0.0872,True,15.18,A 1% price increase leads to a 1.53% decrease in demand. Highly price-sensitive.
22543,MINI JIGSAW BAKE A CAKE ,General,-1.5328,Highly Elastic,0.355,0.2662,-25.0,LOWER_PRICE,13.32,5.33,LOW,0.0278,False,11.05,A 1% price increase leads to a 1.53% decrease in demand. Highly price-sensitive.
23214,BELL HEART ANTIQUE GOLD,General,-1.5327,Highly Elastic,2.127,1.5952,-25.0,LOWER_PRICE,13.32,5.33,LOW,0.0098,False,9.58,A 1% price increase leads to a 1.53% decrease in demand. Highly price-sensitive.
22646,CERAMIC STRAWBERRY CAKE MONEY BANK,General,-1.5285,Highly Elastic,1.2987,0.974,-25.0,LOWER_PRICE,13.21,5.28,LOW,0.0413,True,14.15,A 1% price increase leads to a 1.53% decrease in demand. Highly price-sensitive.
23182,TOILET SIGN OCCUPIED OR VACANT,General,-1.5282,Highly Elastic,0.86,0.645,-25.0,LOWER_PRICE,13.21,5.28,LOW,0.0118,True,12.75,A 1% price increase leads to a 1.53% decrease in demand. Highly price-sensitive.
22246,"GARLAND, MAGIC GARDEN 1.8M",General,-1.5272,Highly Elastic,2.1473,1.6105,-25.0,LOWER_PRICE,13.18,5.27,LOW,0.033,False,9.37,A 1% price increase leads to a 1.53% decrease in demand. Highly price-sensitive.
22785,SQUARECUSHION COVER PINK UNION JACK,General,-1.527,Highly Elastic,5.7232,4.2924,-25.0,LOWER_PRICE,13.17,5.27,LOW,0.1149,True,9.36,A 1% price increase leads to a 1.53% decrease in demand. Highly price-sensitive.
16258A,SWIRLY CIRCULAR RUBBERS IN BAG,General,-1.5256,Highly Elastic,0.3684,0.2763,-25.0,LOWER_PRICE,13.14,5.26,LOW,0.0437,True,10.71,A 1% price increase leads to a 1.53% decrease in demand. Highly price-sensitive.
90210B,CLEAR ACRYLIC FACETED BANGLE,General,-1.5219,Highly Elastic,2.2978,1.7233,-25.0,LOWER_PRICE,13.05,5.22,LOW,0.0771,False,10.0,A 1% price increase leads to a 1.52% decrease in demand. Highly price-sensitive.
22438,BALLOON ART MAKE YOUR OWN FLOWERS,General,-1.5199,Highly Elastic,1.217,0.9128,-25.0,LOWER_PRICE,13.0,5.2,LOW,0.1375,True,12.66,A 1% price increase leads to a 1.52% decrease in demand. Highly price-sensitive.
85016,Unknown,General,-1.5192,Highly Elastic,1.8419,1.3814,-25.0,LOWER_PRICE,12.98,5.19,LOW,0.1368,True,11.93,A 1% price increase leads to a 1.52% decrease in demand. Highly price-sensitive.
22946,check,General,-1.5178,Highly Elastic,16.1499,12.1124,-25.0,LOWER_PRICE,12.95,5.18,LOW,0.0104,False,9.35,A 1% price increase leads to a 1.52% decrease in demand. Highly price-sensitive.
84926E,FLOWERS TILE COASTER,General,-1.516,Highly Elastic,0.5032,0.3774,-25.0,LOWER_PRICE,12.9,5.16,LOW,0.1339,True,12.7,A 1% price increase leads to a 1.52% decrease in demand. Highly price-sensitive.
23285,PINK VINTAGE SPOT BEAKER,General,-1.5156,Highly Elastic,0.8453,0.634,-25.0,LOWER_PRICE,12.89,5.16,LOW,0.0021,False,9.94,A 1% price increase leads to a 1.52% decrease in demand. Highly price-sensitive.
85170D,SET/6 PINK BIRD T-LIGHT CANDLES,General,-1.5132,Highly Elastic,2.2676,1.7007,-25.0,LOWER_PRICE,12.83,5.13,LOW,0.0714,True,9.34,A 1% price increase leads to a 1.51% decrease in demand. Highly price-sensitive.
85040B,Unknown,General,-1.5123,Highly Elastic,1.6563,1.2422,-25.0,LOWER_PRICE,12.81,5.12,LOW,0.0015,False,8.31,A 1% price increase leads to a 1.51% decrease in demand. Highly price-sensitive.
22945,sold as set on dotcom,General,-1.5066,Highly Elastic,0.8731,0.6548,-25.0,LOWER_PRICE,12.66,5.06,LOW,0.0069,False,13.51,A 1% price increase leads to a 1.51% decrease in demand. Highly price-sensitive.
82580,BATHROOM METAL SIGN,General,-1.5051,Highly Elastic,0.556,0.417,-25.0,LOWER_PRICE,12.63,5.05,LOW,0.0031,False,13.93,A 1% price increase leads to a 1.51% decrease in demand. Highly price-sensitive.
84766,Unknown,General,-1.5048,Highly Elastic,3.6667,2.75,-25.0,LOWER_PRICE,12.62,5.05,MEDIUM,0.1783,True,7.42,A 1% price increase leads to a 1.5% decrease in demand. Moderately price-sensitive.
21698,MOCK LOBSTER FRIDGE MAGNET,General,-1.5028,Highly Elastic,0.4689,0.3517,-25.0,LOWER_PRICE,12.57,5.03,LOW,0.0373,False,10.51,A 1% price increase leads to a 1.5% decrease in demand. Moderately price-sensitive.
90214L,"LETTER ""L"" BLING KEY RING",General,-1.5015,Highly Elastic,0.6105,0.4579,-25.0,LOWER_PRICE,12.54,5.02,LOW,0.1403,False,14.29,A 1% price increase leads to a 1.5% decrease in demand. Moderately price-sensitive.
22788,BROCANTE COAT RACK,General,-1.4963,Elastic,10.0098,7.5074,-25.0,LOWER_PRICE,12.41,4.96,LOW,0.0015,False,9.75,A 1% price increase leads to a 1.5% decrease in demand. Moderately price-sensitive.
21618,Unknown,General,-1.4937,Elastic,1.973,1.4798,-25.0,LOWER_PRICE,12.34,4.94,LOW,0.0942,True,10.96,A 1% price increase leads to a 1.49% decrease in demand. Moderately price-sensitive.
82616B,FRAPPUCINO SCARF KNITTING KIT,General,-1.4932,Elastic,1.6949,1.2712,-25.0,LOWER_PRICE,12.33,4.93,LOW,0.0611,True,8.38,A 1% price increase leads to a 1.49% decrease in demand. Moderately price-sensitive.
90086,CRYSTAL FROG PHONE CHARM,General,-1.4931,Elastic,0.8805,0.6604,-25.0,LOWER_PRICE,12.33,4.93,MEDIUM,0.1609,True,12.69,A 1% price increase leads to a 1.49% decrease in demand. Moderately price-sensitive.
22414,DOORMAT NEIGHBOURHOOD WITCH ,General,-1.4918,Elastic,7.7258,5.7943,-25.0,LOWER_PRICE,12.29,4.92,LOW,0.0195,False,9.14,A 1% price increase leads to a 1.49% decrease in demand. Moderately price-sensitive.
23493,VINTAGE DOILY TRAVEL SEWING KIT,General,-1.4894,Elastic,1.9481,1.4611,-25.0,LOWER_PRICE,12.24,4.9,LOW,0.002,False,13.05,A 1% price increase leads to a 1.49% decrease in demand. Moderately price-sensitive.
22064,PINK DOUGHNUT TRINKET POT ,General,-1.4892,Elastic,1.5266,1.1449,-25.0,LOWER_PRICE,12.23,4.89,LOW,0.0743,True,11.99,A 1% price increase leads to a 1.49% decrease in demand. Moderately price-sensitive.
22215,CAKE STAND WHITE TWO TIER LACE,General,-1.4848,Elastic,6.6688,5.0016,-25.0,LOWER_PRICE,12.12,4.85,LOW,0.0567,True,9.61,A 1% price increase leads to a 1.48% decrease in demand. Moderately price-sensitive.
22198,Unknown,General,-1.4839,Elastic,1.6222,1.2167,-25.0,LOWER_PRICE,12.1,4.84,LOW,0.002,False,12.12,A 1% price increase leads to a 1.48% decrease in demand. Moderately price-sensitive.
21707,FOLDING UMBRELLA BLACKBLUE POLKADOT,General,-1.4837,Elastic,5.2054,3.904,-25.0,LOWER_PRICE,12.09,4.84,LOW,0.015,False,7.74,A 1% price increase leads to a 1.48% decrease in demand. Moderately price-sensitive.
90122C,TURQUOISE CRYSTAL+GLASS BRACELET,General,-1.4799,Elastic,4.9096,3.6822,-25.0,LOWER_PRICE,12.0,4.8,LOW,0.0016,False,7.93,A 1% price increase leads to a 1.48% decrease in demand. Moderately price-sensitive.
22221,CAKE STAND LOVEBIRD 2 TIER PINK,General,-1.4744,Elastic,7.8941,5.9206,-25.0,LOWER_PRICE,11.86,4.74,LOW,0.1199,True,7.01,A 1% price increase leads to a 1.47% decrease in demand. Moderately price-sensitive.
84661A,WHITE SQUARE TABLE CLOCK,General,-1.4688,Elastic,1.7708,1.3281,-25.0,LOWER_PRICE,11.72,4.69,MEDIUM,0.1532,True,9.94,A 1% price increase leads to a 1.47% decrease in demand. Moderately price-sensitive.
21875,KINGS CHOICE MUG,General,-1.4663,Elastic,1.3648,1.0236,-25.0,LOWER_PRICE,11.66,4.66,LOW,0.0267,True,9.67,A 1% price increase leads to a 1.47% decrease in demand. Moderately price-sensitive.
22055,MINI CAKE STAND  HANGING STRAWBERY,General,-1.4631,Elastic,1.2949,0.9712,-25.0,LOWER_PRICE,11.58,4.63,LOW,0.0766,True,9.43,A 1% price increase leads to a 1.46% decrease in demand. Moderately price-sensitive.
22613,PACK OF 20 SPACEBOY NAPKINS,General,-1.4621,Elastic,0.8692,0.6519,-25.0,LOWER_PRICE,11.55,4.62,LOW,0.0062,False,9.36,A 1% price increase leads to a 1.46% decrease in demand. Moderately price-sensitive.
21907,Unknown,General,-1.4569,Elastic,2.1198,1.5899,-25.0,LOWER_PRICE,11.42,4.57,LOW,0.0019,False,11.62,A 1% price increase leads to a 1.46% decrease in demand. Moderately price-sensitive.
22472,TV DINNER TRAY DOLLY GIRL,General,-1.4564,Elastic,4.3238,3.2429,-25.0,LOWER_PRICE,11.41,4.56,LOW,0.0412,True,9.27,A 1% price increase leads to a 1.46% decrease in demand. Moderately price-sensitive.
22315,200 RED + WHITE BENDY STRAWS,General,-1.4544,Elastic,1.2528,0.9396,-25.0,LOWER_PRICE,11.36,4.54,LOW,0.0015,False,9.08,A 1% price increase leads to a 1.45% decrease in demand. Moderately price-sensitive.
21401,BLUE PUDDING SPOON,General,-1.454,Elastic,0.1473,0.1105,-25.0,LOWER_PRICE,11.35,4.54,LOW,0.0616,True,9.09,A 1% price increase leads to a 1.45% decrease in demand. Moderately price-sensitive.
20996,JAZZ HEARTS ADDRESS BOOK,General,-1.4534,Elastic,0.2603,0.1952,-25.0,LOWER_PRICE,11.34,4.54,LOW,0.0487,True,12.12,A 1% price increase leads to a 1.45% decrease in demand. Moderately price-sensitive.
85167B,DAMAGED,General,-1.4532,Elastic,3.2652,2.4489,-25.0,LOWER_PRICE,11.33,4.53,LOW,0.141,True,10.48,A 1% price increase leads to a 1.45% decrease in demand. Moderately price-sensitive.
22076,6 RIBBONS EMPIRE  ,General,-1.4503,Elastic,1.2705,0.9529,-25.0,LOWER_PRICE,11.26,4.5,LOW,0.0969,True,9.33,A 1% price increase leads to a 1.45% decrease in demand. Moderately price-sensitive.
22817,CARD SUKI BIRTHDAY,General,-1.4491,Elastic,0.4178,0.3134,-25.0,LOWER_PRICE,11.23,4.49,LOW,0.0022,False,10.75,A 1% price increase leads to a 1.45% decrease in demand. Moderately price-sensitive.
21817,check,General,-1.4484,Elastic,0.5158,0.3869,-25.0,LOWER_PRICE,11.21,4.48,LOW,0.0315,True,11.0,A 1% price increase leads to a 1.45% decrease in demand. Moderately price-sensitive.
85129B,BEADED CRYSTAL HEART GREEN SMALL,General,-1.4477,Elastic,1.43,1.0725,-25.0,LOWER_PRICE,11.19,4.48,LOW,0.0163,False,9.12,A 1% price increase leads to a 1.45% decrease in demand. Moderately price-sensitive.
22264,FELT FARM ANIMAL WHITE BUNNY ,General,-1.4473,Elastic,0.6129,0.4597,-25.0,LOWER_PRICE,11.18,4.47,MEDIUM,0.2241,True,12.02,A 1% price increase leads to a 1.45% decrease in demand. Moderately price-sensitive.
23491,VINTAGE JINGLE BELLS HEART,General,-1.4425,Elastic,8.2627,6.197,-25.0,LOWER_PRICE,11.06,4.42,LOW,0.0019,False,9.98,A 1% price increase leads to a 1.44% decrease in demand. Moderately price-sensitive.
21903,MAN FLU METAL SIGN,General,-1.4425,Elastic,2.1997,1.6498,-25.0,LOWER_PRICE,11.06,4.42,LOW,0.0117,True,10.16,A 1% price increase leads to a 1.44% decrease in demand. Moderately price-sensitive.
22327,ROUND SNACK BOXES SET OF 4 SKULLS,General,-1.4411,Elastic,2.9427,2.207,-25.0,LOWER_PRICE,11.03,4.41,LOW,0.0018,False,10.37,A 1% price increase leads to a 1.44% decrease in demand. Moderately price-sensitive.
22473,TV DINNER TRAY VINTAGE PAISLEY,General,-1.44,Elastic,3.9414,2.956,-25.0,LOWER_PRICE,11.0,4.4,LOW,0.0943,True,9.52,A 1% price increase leads to a 1.44% decrease in demand. Moderately price-sensitive.
22783,Unknown,General,-1.4387,Elastic,16.1482,12.1111,-25.0,LOWER_PRICE,10.97,4.39,LOW,0.047,False,9.24,A 1% price increase leads to a 1.44% decrease in demand. Moderately price-sensitive.
84817,DANISH ROSE DECORATIVE PLATE,General,-1.4327,Elastic,1.3708,1.0281,-25.0,LOWER_PRICE,10.82,4.33,MEDIUM,0.1783,True,11.62,A 1% price increase leads to a 1.43% decrease in demand. Moderately price-sensitive.
22691,DOORMAT WELCOME SUNRISE,General,-1.4315,Elastic,7.9767,5.9825,-25.0,LOWER_PRICE,10.79,4.32,LOW,0.0022,False,8.77,A 1% price increase leads to a 1.43% decrease in demand. Moderately price-sensitive.
22380,TOY TIDY SPACEBOY  ,General,-1.4312,Elastic,2.0223,1.5167,-25.0,LOWER_PRICE,10.78,4.31,LOW,0.0208,True,10.47,A 1% price increase leads to a 1.43% decrease in demand. Moderately price-sensitive.
22421,LIPSTICK PEN FUSCHIA,General,-1.4312,Elastic,0.455,0.3412,-25.0,LOWER_PRICE,10.78,4.31,LOW,0.0132,False,12.0,A 1% price increase leads to a 1.43% decrease in demand. Moderately price-sensitive.
21143,Unknown,General,-1.4297,Elastic,1.9505,1.4629,-25.0,LOWER_PRICE,10.74,4.3,LOW,0.0015,False,11.73,A 1% price increase leads to a 1.43% decrease in demand. Moderately price-sensitive.
21932,SCANDINAVIAN PAISLEY PICNIC BAG,General,-1.429,Elastic,1.8957,1.4218,-25.0,LOWER_PRICE,10.73,4.29,LOW,0.0182,True,11.54,A 1% price increase leads to a 1.43% decrease in demand. Moderately price-sensitive.
22217,damages?,General,-1.4258,Elastic,0.8122,0.6092,-25.0,LOWER_PRICE,10.64,4.26,LOW,0.0812,True,10.21,A 1% price increase leads to a 1.43% decrease in demand. Moderately price-sensitive.
20704,MR ROBOT SOFT TOY,General,-1.425,Elastic,3.9695,2.9771,-25.0,LOWER_PRICE,10.63,4.25,LOW,0.1058,True,12.11,A 1% price increase leads to a 1.43% decrease in demand. Moderately price-sensitive.
85132A,damaged,General,-1.4232,Elastic,2.8481,2.1361,-25.0,LOWER_PRICE,10.58,4.23,LOW,0.1053,True,9.99,A 1% price increase leads to a 1.42% decrease in demand. Moderately price-sensitive.
21222,SET/4 BADGES BEETLES,General,-1.4106,Elastic,1.5036,1.1277,-25.0,LOWER_PRICE,10.27,4.11,LOW,0.0384,False,7.79,A 1% price increase leads to a 1.41% decrease in demand. Moderately price-sensitive.
23349,ROLL WRAP VINTAGE CHRISTMAS,General,-1.4071,Elastic,1.2392,0.9294,-25.0,LOWER_PRICE,10.18,4.07,LOW,0.0015,False,12.36,A 1% price increase leads to a 1.41% decrease in demand. Moderately price-sensitive.
16219,HOUSE SHAPE PENCIL SHARPENER,General,-1.4049,Elastic,0.1031,0.0773,-25.0,LOWER_PRICE,10.12,4.05,LOW,0.086,True,25.26,A 1% price increase leads to a 1.4% decrease in demand. Moderately price-sensitive.
21874,GIN AND TONIC MUG,General,-1.4044,Elastic,1.3621,1.0216,-25.0,LOWER_PRICE,10.11,4.04,LOW,0.0085,False,11.58,A 1% price increase leads to a 1.4% decrease in demand. Moderately price-sensitive.
22801,ANTIQUE GLASS PEDESTAL BOWL,General,-1.4033,Elastic,3.7839,2.8379,-25.0,LOWER_PRICE,10.08,4.03,LOW,0.0054,False,9.53,A 1% price increase leads to a 1.4% decrease in demand. Moderately price-sensitive.
84926D,LA PALMIERA TILE COASTER,General,-1.4029,Elastic,0.6845,0.5134,-25.0,LOWER_PRICE,10.07,4.03,MEDIUM,0.2328,True,12.03,A 1% price increase leads to a 1.4% decrease in demand. Moderately price-sensitive.
22072,RED RETROSPOT TEA CUP AND SAUCER ,General,-1.4023,Elastic,3.077,2.3077,-25.0,LOWER_PRICE,10.06,4.02,LOW,0.0607,True,9.07,A 1% price increase leads to a 1.4% decrease in demand. Moderately price-sensitive.
21809,Unknown,General,-1.3998,Elastic,0.6876,0.5157,-25.0,LOWER_PRICE,9.99,4.0,LOW,0.0849,True,12.18,A 1% price increase leads to a 1.4% decrease in demand. Moderately price-sensitive.
22753,SMALL YELLOW BABUSHKA NOTEBOOK ,General,-1.3974,Elastic,0.6698,0.5023,-25.0,LOWER_PRICE,9.93,3.97,LOW,0.085,True,9.81,A 1% price increase leads to a 1.4% decrease in demand. Moderately price-sensitive.
22308,TEA COSY BLUE STRIPE,General,-1.3966,Elastic,2.7043,2.0282,-25.0,LOWER_PRICE,9.92,3.97,LOW,0.0101,False,8.69,A 1% price increase leads to a 1.4% decrease in demand. Moderately price-sensitive.
22644,CERAMIC CHERRY CAKE MONEY BANK,General,-1.3919,Elastic,1.1908,0.8931,-25.0,LOWER_PRICE,9.8,3.92,LOW,0.0463,True,12.58,A 1% price increase leads to a 1.39% decrease in demand. Moderately price-sensitive.
22701,PINK DOG BOWL,General,-1.3918,Elastic,1.9019,1.4264,-25.0,LOWER_PRICE,9.79,3.92,LOW,0.1042,True,9.99,A 1% price increase leads to a 1.39% decrease in demand. Moderately price-sensitive.
84422,Dagamed,General,-1.3906,Elastic,0.4882,0.3662,-25.0,LOWER_PRICE,9.77,3.91,LOW,0.027,False,30.09,A 1% price increase leads to a 1.39% decrease in demand. Moderately price-sensitive.
22732,3D VINTAGE CHRISTMAS STICKERS ,General,-1.3904,Elastic,1.3112,0.9834,-25.0,LOWER_PRICE,9.76,3.9,LOW,0.0039,False,12.24,A 1% price increase leads to a 1.39% decrease in demand. Moderately price-sensitive.
21292,SMALL STRIPES CHOCOLATE GIFT BAG ,General,-1.39,Elastic,0.7801,0.5851,-25.0,LOWER_PRICE,9.75,3.9,LOW,0.0738,True,11.92,A 1% price increase leads to a 1.39% decrease in demand. Moderately price-sensitive.
23053,RECYCLED ACAPULCO MAT PINK,General,-1.3882,Elastic,8.2575,6.1931,-25.0,LOWER_PRICE,9.71,3.88,LOW,0.0015,False,9.0,A 1% price increase leads to a 1.39% decrease in demand. Moderately price-sensitive.
21669,BLUE STRIPE CERAMIC DRAWER KNOB,General,-1.3879,Elastic,1.3353,1.0015,-25.0,LOWER_PRICE,9.7,3.88,LOW,0.0102,True,12.8,A 1% price increase leads to a 1.39% decrease in demand. Moderately price-sensitive.
21089,damaged,General,-1.3879,Elastic,0.224,0.168,-25.0,LOWER_PRICE,9.7,3.88,LOW,0.0449,False,8.46,A 1% price increase leads to a 1.39% decrease in demand. Moderately price-sensitive.
23247,BISCUIT TIN 50'S CHRISTMAS,General,-1.3873,Elastic,2.9186,2.189,-25.0,LOWER_PRICE,9.68,3.87,LOW,0.0017,False,11.99,A 1% price increase leads to a 1.39% decrease in demand. Moderately price-sensitive.
23410,CURIO CABINET LINEN AND LACE ,General,-1.3851,Elastic,8.1056,6.0792,-25.0,LOWER_PRICE,9.63,3.85,LOW,0.0012,False,9.33,A 1% price increase leads to a 1.39% decrease in demand. Moderately price-sensitive.
85180B,PINK HEARTS LIGHT CHAIN ,General,-1.3816,Elastic,3.3991,2.5493,-25.0,LOWER_PRICE,9.54,3.82,LOW,0.1343,True,8.64,A 1% price increase leads to a 1.38% decrease in demand. Moderately price-sensitive.
72799E,IVORY PILLAR CANDLE SILVER FLOCK,General,-1.3813,Elastic,2.3,1.725,-25.0,LOWER_PRICE,9.53,3.81,LOW,0.0865,True,10.47,A 1% price increase leads to a 1.38% decrease in demand. Moderately price-sensitive.
21810,check,General,-1.373,Elastic,0.6068,0.4551,-25.0,LOWER_PRICE,9.32,3.73,LOW,0.0582,True,14.6,A 1% price increase leads to a 1.37% decrease in demand. Moderately price-sensitive.
21916,SET 12 RETRO WHITE CHALK STICKS,General,-1.3722,Elastic,0.4305,0.3229,-25.0,LOWER_PRICE,9.31,3.72,LOW,0.0034,False,12.69,A 1% price increase leads to a 1.37% decrease in demand. Moderately price-sensitive.
23146,TRIPLE HOOK ANTIQUE IVORY ROSE,General,-1.3715,Elastic,3.2829,2.4622,-25.0,LOWER_PRICE,9.29,3.72,LOW,0.0015,False,10.39,A 1% price increase leads to a 1.37% decrease in demand. Moderately price-sensitive.
21260,FIRST AID TIN,General,-1.3703,Elastic,3.2374,2.428,-25.0,LOWER_PRICE,9.26,3.7,LOW,0.0016,False,10.21,A 1% price increase leads to a 1.37% decrease in demand. Moderately price-sensitive.
21633,SUNFLOWER DECORATIVE PARASOL,General,-1.3683,Elastic,11.258,8.4435,-25.0,LOWER_PRICE,9.21,3.68,LOW,0.0763,False,8.0,A 1% price increase leads to a 1.37% decrease in demand. Moderately price-sensitive.
16008,check,General,-1.3681,Elastic,0.1498,0.1123,-25.0,LOWER_PRICE,9.2,3.68,LOW,0.0265,True,18.04,A 1% price increase leads to a 1.37% decrease in demand. Moderately price-sensitive.
21635,Unknown,General,-1.3628,Elastic,2.1438,1.6079,-25.0,LOWER_PRICE,9.07,3.63,LOW,0.1319,True,11.35,A 1% price increase leads to a 1.36% decrease in demand. Moderately price-sensitive.
22118,JOY WOODEN BLOCK LETTERS,General,-1.3589,Elastic,3.6393,2.7295,-25.0,LOWER_PRICE,8.97,3.59,LOW,0.0707,True,9.28,A 1% price increase leads to a 1.36% decrease in demand. Moderately price-sensitive.
21071,Unknown,General,-1.3586,Elastic,1.2732,0.9549,-25.0,LOWER_PRICE,8.96,3.58,LOW,0.0064,False,9.6,A 1% price increase leads to a 1.36% decrease in demand. Moderately price-sensitive.
23329,DECORATIVE WICKER HEART LARGE,General,-1.3584,Elastic,1.6441,1.2331,-25.0,LOWER_PRICE,8.96,3.58,LOW,0.0014,False,10.71,A 1% price increase leads to a 1.36% decrease in demand. Moderately price-sensitive.
22227,HANGING HEART MIRROR DECORATION ,General,-1.3577,Elastic,0.6589,0.4942,-25.0,LOWER_PRICE,8.94,3.58,LOW,0.0014,False,10.5,A 1% price increase leads to a 1.36% decrease in demand. Moderately price-sensitive.
21441,BLUE BIRDHOUSE DECORATION,General,-1.3566,Elastic,0.6565,0.4924,-25.0,LOWER_PRICE,8.92,3.57,LOW,0.1394,True,11.26,A 1% price increase leads to a 1.36% decrease in demand. Moderately price-sensitive.
21615,check,General,-1.3558,Elastic,2.0383,1.5287,-25.0,LOWER_PRICE,8.89,3.56,LOW,0.0838,True,7.95,A 1% price increase leads to a 1.36% decrease in demand. Moderately price-sensitive.
23129,HEART SHAPED HOLLY WREATH,General,-1.3546,Elastic,4.3275,3.2456,-25.0,LOWER_PRICE,8.87,3.55,LOW,0.0046,False,10.65,A 1% price increase leads to a 1.35% decrease in demand. Moderately price-sensitive.
35598B,BLACK CHRISTMAS TREE 60CM,General,-1.3531,Elastic,1.6475,1.2356,-25.0,LOWER_PRICE,8.83,3.53,LOW,0.1348,True,11.48,A 1% price increase leads to a 1.35% decrease in demand. Moderately price-sensitive.
84926A,WAKE UP COCKEREL TILE COASTER,General,-1.3529,Elastic,0.4989,0.3742,-25.0,LOWER_PRICE,8.82,3.53,LOW,0.1036,True,12.41,A 1% price increase leads to a 1.35% decrease in demand. Moderately price-sensitive.
85227,SET OF 6 3D KIT CARDS FOR KIDS,General,-1.3521,Elastic,0.8443,0.6332,-25.0,LOWER_PRICE,8.8,3.52,LOW,0.0019,False,11.12,A 1% price increase leads to a 1.35% decrease in demand. Moderately price-sensitive.
23197,VEGETABLE MAGNETIC  SHOPPING LIST,General,-1.3515,Elastic,1.5368,1.1526,-25.0,LOWER_PRICE,8.79,3.52,LOW,0.0044,False,11.04,A 1% price increase leads to a 1.35% decrease in demand. Moderately price-sensitive.
21285,RETROSPOT CANDLE  MEDIUM,General,-1.3514,Elastic,0.8895,0.6671,-25.0,LOWER_PRICE,8.78,3.51,LOW,0.1465,True,9.82,A 1% price increase leads to a 1.35% decrease in demand. Moderately price-sensitive.
21654,Damaged,General,-1.3508,Elastic,0.7731,0.5798,-25.0,LOWER_PRICE,8.77,3.51,LOW,0.1394,True,10.87,A 1% price increase leads to a 1.35% decrease in demand. Moderately price-sensitive.
20681,Unknown,General,-1.3501,Elastic,3.2595,2.4446,-25.0,LOWER_PRICE,8.75,3.5,LOW,0.0019,False,7.06,A 1% price increase leads to a 1.35% decrease in demand. Moderately price-sensitive.
18098C,Unknown,General,-1.3499,Elastic,2.9383,2.2037,-25.0,LOWER_PRICE,8.75,3.5,LOW,0.0018,False,8.01,A 1% price increase leads to a 1.35% decrease in demand. Moderately price-sensitive.
84827,ASS DES PHONE SPONGE CRAFT STICKER,General,-1.3487,Elastic,0.3947,0.296,-25.0,LOWER_PRICE,8.72,3.49,LOW,0.1094,True,16.8,A 1% price increase leads to a 1.35% decrease in demand. Moderately price-sensitive.
21534,DAIRY MAID LARGE MILK JUG,General,-1.3483,Elastic,4.9331,3.6998,-25.0,LOWER_PRICE,8.71,3.48,LOW,0.0015,False,8.9,A 1% price increase leads to a 1.35% decrease in demand. Moderately price-sensitive.
85035C,check,General,-1.347,Elastic,2.4689,1.8517,-25.0,LOWER_PRICE,8.67,3.47,LOW,0.0855,True,9.51,A 1% price increase leads to a 1.35% decrease in demand. Moderately price-sensitive.
47503A,Unknown,General,-1.3454,Elastic,0.5341,0.4006,-25.0,LOWER_PRICE,8.63,3.45,LOW,0.0448,True,12.16,A 1% price increase leads to a 1.35% decrease in demand. Moderately price-sensitive.
90214S,"LETTER ""S"" BLING KEY RING",General,-1.3431,Elastic,0.6832,0.5124,-25.0,LOWER_PRICE,8.58,3.43,MEDIUM,0.1693,True,8.58,A 1% price increase leads to a 1.34% decrease in demand. Moderately price-sensitive.
23345, DOLLY GIRL BEAKER,General,-1.3425,Elastic,1.2434,0.9325,-25.0,LOWER_PRICE,8.56,3.42,LOW,0.0016,False,11.27,A 1% price increase leads to a 1.34% decrease in demand. Moderately price-sensitive.
20986,BLUE CALCULATOR RULER,General,-1.3409,Elastic,1.3321,0.9991,-25.0,LOWER_PRICE,8.52,3.41,LOW,0.009,False,9.04,A 1% price increase leads to a 1.34% decrease in demand. Moderately price-sensitive.
23101,SILVER STARS TABLE DECORATION,General,-1.3383,Elastic,0.8258,0.6193,-25.0,LOWER_PRICE,8.46,3.38,LOW,0.0016,False,11.5,A 1% price increase leads to a 1.34% decrease in demand. Moderately price-sensitive.
23066,Unknown,General,-1.3378,Elastic,8.2409,6.1807,-25.0,LOWER_PRICE,8.45,3.38,LOW,0.0015,False,8.07,A 1% price increase leads to a 1.34% decrease in demand. Moderately price-sensitive.
22804,Wrongly mrked had 85123a in box,General,-1.3374,Elastic,2.9627,2.222,-25.0,LOWER_PRICE,8.43,3.37,LOW,0.0022,False,11.67,A 1% price increase leads to a 1.34% decrease in demand. Moderately price-sensitive.
85049A,TRADITIONAL CHRISTMAS RIBBONS,General,-1.3363,Elastic,1.28,0.96,-25.0,LOWER_PRICE,8.41,3.36,LOW,0.0033,False,12.49,A 1% price increase leads to a 1.34% decrease in demand. Moderately price-sensitive.
72817,Unknown,General,-1.3353,Elastic,0.928,0.696,-25.0,LOWER_PRICE,8.38,3.35,LOW,0.0134,False,11.49,A 1% price increase leads to a 1.34% decrease in demand. Moderately price-sensitive.
84819,DANISH ROSE ROUND SEWING BOX,General,-1.3342,Elastic,1.9236,1.4427,-25.0,LOWER_PRICE,8.36,3.34,MEDIUM,0.1771,True,10.73,A 1% price increase leads to a 1.33% decrease in demand. Moderately price-sensitive.
22203,MILK PAN RED RETROSPOT,General,-1.3305,Elastic,3.2691,2.4518,-25.0,LOWER_PRICE,8.26,3.3,LOW,0.0463,True,9.75,A 1% price increase leads to a 1.33% decrease in demand. Moderately price-sensitive.
20826,Unknown,General,-1.3282,Elastic,0.8132,0.6099,-25.0,LOWER_PRICE,8.21,3.28,MEDIUM,0.299,True,14.42,A 1% price increase leads to a 1.33% decrease in demand. Moderately price-sensitive.
23520,EMBROIDERED RIBBON REEL RUBY ,General,-1.3261,Elastic,3.7463,2.8097,-25.0,LOWER_PRICE,8.15,3.26,LOW,0.0015,False,8.39,A 1% price increase leads to a 1.33% decrease in demand. Moderately price-sensitive.
22608,PENS ASSORTED FUNKY JEWELED ,General,-1.3239,Elastic,0.215,0.1613,-25.0,LOWER_PRICE,8.1,3.24,LOW,0.0186,False,22.42,A 1% price increase leads to a 1.32% decrease in demand. Moderately price-sensitive.
21389,IVORY HANGING DECORATION  BIRD,General,-1.3233,Elastic,0.849,0.6367,-25.0,LOWER_PRICE,8.08,3.23,LOW,0.0019,False,9.91,A 1% price increase leads to a 1.32% decrease in demand. Moderately price-sensitive.
47343A,Unknown,General,-1.3229,Elastic,1.0535,0.7901,-25.0,LOWER_PRICE,8.07,3.23,LOW,0.0299,False,10.63,A 1% price increase leads to a 1.32% decrease in demand. Moderately price-sensitive.
23397,damaged,General,-1.3212,Elastic,9.8667,7.4,-25.0,LOWER_PRICE,8.03,3.21,LOW,0.0023,False,9.6,A 1% price increase leads to a 1.32% decrease in demand. Moderately price-sensitive.
85049C,ROMANTIC PINKS RIBBONS ,General,-1.3197,Elastic,1.2661,0.9496,-25.0,LOWER_PRICE,7.99,3.2,LOW,0.0039,False,9.14,A 1% price increase leads to a 1.32% decrease in demand. Moderately price-sensitive.
21619,check,General,-1.3172,Elastic,1.7885,1.3414,-25.0,LOWER_PRICE,7.93,3.17,LOW,0.0693,True,10.09,A 1% price increase leads to a 1.32% decrease in demand. Moderately price-sensitive.
22494,EMERGENCY FIRST AID TIN ,General,-1.3146,Elastic,1.3425,1.0069,-25.0,LOWER_PRICE,7.87,3.15,LOW,0.0134,False,9.59,A 1% price increase leads to a 1.31% decrease in demand. Moderately price-sensitive.
22645,CERAMIC HEART FAIRY CAKE MONEY BANK,General,-1.3142,Elastic,1.3003,0.9752,-25.0,LOWER_PRICE,7.86,3.14,LOW,0.0376,True,11.41,A 1% price increase leads to a 1.31% decrease in demand. Moderately price-sensitive.
22269,EGG CUP NATURAL CHICKEN,General,-1.313,Elastic,0.8668,0.6501,-25.0,LOWER_PRICE,7.82,3.13,LOW,0.1222,True,10.24,A 1% price increase leads to a 1.31% decrease in demand. Moderately price-sensitive.
23036,T-LIGHT HOLDER SILVER PETIT FOUR ,General,-1.313,Elastic,1.2481,0.9361,-25.0,LOWER_PRICE,7.82,3.13,LOW,0.0015,False,10.75,A 1% price increase leads to a 1.31% decrease in demand. Moderately price-sensitive.
22336,damaged,General,-1.3104,Elastic,0.4387,0.329,-25.0,LOWER_PRICE,7.76,3.1,LOW,0.0697,True,15.7,A 1% price increase leads to a 1.31% decrease in demand. Moderately price-sensitive.
35599D,PINK AND WHITE CHRISTMAS TREE 120CM,General,-1.3103,Elastic,2.8495,2.1371,-25.0,LOWER_PRICE,7.76,3.1,LOW,0.0466,False,10.57,A 1% price increase leads to a 1.31% decrease in demand. Moderately price-sensitive.
21287,SCENTED VELVET LOUNGE CANDLE ,General,-1.3093,Elastic,0.5667,0.425,-25.0,LOWER_PRICE,7.73,3.09,LOW,0.0651,True,14.66,A 1% price increase leads to a 1.31% decrease in demand. Moderately price-sensitive.
21889,WOODEN BOX OF DOMINOES,General,-1.3084,Elastic,1.2683,0.9512,-25.0,LOWER_PRICE,7.71,3.08,LOW,0.0014,False,16.17,A 1% price increase leads to a 1.31% decrease in demand. Moderately price-sensitive.
21131,GOLD STANDING GNOME,General,-1.305,Elastic,3.1727,2.3795,-25.0,LOWER_PRICE,7.62,3.05,LOW,0.115,False,10.0,A 1% price increase leads to a 1.3% decrease in demand. Moderately price-sensitive.
23473,WOODLAND SMALL RED FELT HEART,General,-1.3049,Elastic,0.8305,0.6229,-25.0,LOWER_PRICE,7.62,3.05,LOW,0.0015,False,10.38,A 1% price increase leads to a 1.3% decrease in demand. Moderately price-sensitive.
84596B,SMALL DOLLY MIX DESIGN ORANGE BOWL,General,-1.3043,Elastic,0.5042,0.3781,-25.0,LOWER_PRICE,7.61,3.04,LOW,0.0296,True,14.47,A 1% price increase leads to a 1.3% decrease in demand. Moderately price-sensitive.
22735,RIBBON REEL SOCKS AND MITTENS,General,-1.3025,Elastic,1.7362,1.3021,-25.0,LOWER_PRICE,7.56,3.02,LOW,0.0064,False,9.54,A 1% price increase leads to a 1.3% decrease in demand. Moderately price-sensitive.
79030G,Water damaged,General,-1.2997,Elastic,0.5166,0.3874,-25.0,LOWER_PRICE,7.49,3.0,LOW,0.0741,True,11.54,A 1% price increase leads to a 1.3% decrease in demand. Moderately price-sensitive.
16015,Unknown,General,-1.2981,Elastic,0.4853,0.364,-25.0,LOWER_PRICE,7.45,2.98,LOW,0.007,False,8.7,A 1% price increase leads to a 1.3% decrease in demand. Moderately price-sensitive.
21670,Unknown,General,-1.2913,Elastic,1.3057,0.9793,-25.0,LOWER_PRICE,7.28,2.91,LOW,0.0026,False,13.87,A 1% price increase leads to a 1.29% decrease in demand. Moderately price-sensitive.
22310,IVORY KNITTED MUG COSY ,General,-1.2905,Elastic,1.7868,1.3401,-25.0,LOWER_PRICE,7.26,2.9,LOW,0.0132,False,9.73,A 1% price increase leads to a 1.29% decrease in demand. Moderately price-sensitive.
22994,TRAVEL CARD WALLET RETROSPOT,General,-1.2872,Elastic,0.4203,0.3152,-25.0,LOWER_PRICE,7.18,2.87,LOW,0.0012,False,12.17,A 1% price increase leads to a 1.29% decrease in demand. Moderately price-sensitive.
22578,lost,General,-1.2862,Elastic,0.4182,0.3136,-25.0,LOWER_PRICE,7.16,2.86,LOW,0.0286,True,17.3,A 1% price increase leads to a 1.29% decrease in demand. Moderately price-sensitive.
23043,PAPER LANTERN 9 POINT HOLLY STAR L,General,-1.2844,Elastic,6.2389,4.6792,-25.0,LOWER_PRICE,7.11,2.84,LOW,0.0018,False,9.11,A 1% price increase leads to a 1.28% decrease in demand. Moderately price-sensitive.
85159A,"BLACK TEA,COFFEE,SUGAR JARS",General,-1.2787,Elastic,2.1059,1.5794,-25.0,LOWER_PRICE,6.97,2.79,LOW,0.0449,False,9.5,A 1% price increase leads to a 1.28% decrease in demand. Moderately price-sensitive.
21877,HOME SWEET HOME MUG,General,-1.2782,Elastic,1.4073,1.0555,-25.0,LOWER_PRICE,6.96,2.78,LOW,0.0086,True,13.33,A 1% price increase leads to a 1.28% decrease in demand. Moderately price-sensitive.
21209,MULTICOLOUR HONEYCOMB FAN,General,-1.2775,Elastic,0.6872,0.5154,-25.0,LOWER_PRICE,6.94,2.78,LOW,0.1253,True,11.15,A 1% price increase leads to a 1.28% decrease in demand. Moderately price-sensitive.
10135,COLOURING PENCILS BROWN TUBE,General,-1.2761,Elastic,1.1879,0.8909,-25.0,LOWER_PRICE,6.9,2.76,LOW,0.0597,True,10.93,A 1% price increase leads to a 1.28% decrease in demand. Moderately price-sensitive.
47504K,Unknown,General,-1.2756,Elastic,1.1315,0.8486,-25.0,LOWER_PRICE,6.89,2.76,LOW,0.0459,True,11.3,A 1% price increase leads to a 1.28% decrease in demand. Moderately price-sensitive.
85212,MINI PAINTED GARDEN DECORATION ,General,-1.2733,Elastic,0.3493,0.262,-25.0,LOWER_PRICE,6.83,2.73,LOW,0.0364,True,17.12,A 1% price increase leads to a 1.27% decrease in demand. Moderately price-sensitive.
23537,WALL ART I LOVE LONDON ,General,-1.2723,Elastic,4.8544,3.6408,-25.0,LOWER_PRICE,6.81,2.72,LOW,0.0024,False,10.13,A 1% price increase leads to a 1.27% decrease in demand. Moderately price-sensitive.
21359,Unknown,General,-1.2688,Elastic,6.0664,4.5498,-25.0,LOWER_PRICE,6.72,2.69,LOW,0.0973,True,8.91,A 1% price increase leads to a 1.27% decrease in demand. Moderately price-sensitive.
22942,CHRISTMAS LIGHTS 10 SANTAS ,General,-1.2683,Elastic,6.7248,5.0436,-25.0,LOWER_PRICE,6.71,2.68,LOW,0.0359,True,9.73,A 1% price increase leads to a 1.27% decrease in demand. Moderately price-sensitive.
23569,TRADTIONAL ALPHABET STAMP SET,General,-1.2665,Elastic,4.9464,3.7098,-25.0,LOWER_PRICE,6.66,2.66,LOW,0.0016,False,10.25,A 1% price increase leads to a 1.27% decrease in demand. Moderately price-sensitive.
82011C,BATHROOM SCALES FOOTPRINTS IN SAND,General,-1.2664,Elastic,3.7425,2.8069,-25.0,LOWER_PRICE,6.66,2.66,LOW,0.001,False,5.47,A 1% price increase leads to a 1.27% decrease in demand. Moderately price-sensitive.
84744,S/6 SEW ON CROCHET FLOWERS,General,-1.2624,Elastic,1.2465,0.9349,-25.0,LOWER_PRICE,6.56,2.62,LOW,0.0019,False,9.67,A 1% price increase leads to a 1.26% decrease in demand. Moderately price-sensitive.
21446,Unknown,General,-1.2621,Elastic,1.2483,0.9362,-25.0,LOWER_PRICE,6.55,2.62,LOW,0.0012,False,8.51,A 1% price increase leads to a 1.26% decrease in demand. Moderately price-sensitive.
35954,check,General,-1.2603,Elastic,0.2957,0.2218,-25.0,LOWER_PRICE,6.51,2.6,LOW,0.0426,False,12.49,A 1% price increase leads to a 1.26% decrease in demand. Moderately price-sensitive.
85213,Unknown,General,-1.2582,Elastic,0.5028,0.3771,-25.0,LOWER_PRICE,6.46,2.58,LOW,0.0656,False,20.13,A 1% price increase leads to a 1.26% decrease in demand. Moderately price-sensitive.
84993A,75 GREEN PETIT FOUR CASES,General,-1.2515,Elastic,0.4197,0.3148,-25.0,LOWER_PRICE,6.29,2.52,LOW,0.0011,False,10.4,A 1% price increase leads to a 1.25% decrease in demand. Moderately price-sensitive.
90057,crushed boxes,General,-1.2501,Elastic,1.2503,0.9377,-25.0,LOWER_PRICE,6.25,2.5,LOW,0.0014,False,15.23,A 1% price increase leads to a 1.25% decrease in demand. Moderately price-sensitive.
15060B,Unknown,General,-1.2434,Elastic,3.8389,2.8792,-25.0,LOWER_PRICE,6.09,2.44,LOW,0.0072,False,8.54,A 1% price increase leads to a 1.24% decrease in demand. Moderately price-sensitive.
23489,VINTAGE BELLS GARLAND,General,-1.2402,Elastic,2.8845,2.1634,-25.0,LOWER_PRICE,6.0,2.4,LOW,0.0017,False,9.84,A 1% price increase leads to a 1.24% decrease in demand. Moderately price-sensitive.
22406,MONEY BOX KINGS CHOICE DESIGN,General,-1.2381,Elastic,1.0509,0.7882,-25.0,LOWER_PRICE,5.95,2.38,LOW,0.0603,True,8.51,A 1% price increase leads to a 1.24% decrease in demand. Moderately price-sensitive.
21394,Unknown,General,-1.238,Elastic,0.4545,0.3409,-25.0,LOWER_PRICE,5.95,2.38,LOW,0.0191,True,15.44,A 1% price increase leads to a 1.24% decrease in demand. Moderately price-sensitive.
84925F,Unknown,General,-1.2335,Elastic,1.8079,1.3559,-25.0,LOWER_PRICE,5.84,2.34,LOW,0.1095,True,7.65,A 1% price increase leads to a 1.23% decrease in demand. Moderately price-sensitive.
22123,PING MICROWAVE APRON,General,-1.2311,Elastic,1.9528,1.4646,-25.0,LOWER_PRICE,5.78,2.31,LOW,0.0731,True,9.53,A 1% price increase leads to a 1.23% decrease in demand. Moderately price-sensitive.
21352,check,General,-1.2305,Elastic,4.5589,3.4192,-25.0,LOWER_PRICE,5.76,2.3,LOW,0.048,False,7.83,A 1% price increase leads to a 1.23% decrease in demand. Moderately price-sensitive.
22199,FRYING PAN RED POLKADOT ,General,-1.2302,Elastic,3.3989,2.5492,-25.0,LOWER_PRICE,5.75,2.3,LOW,0.0504,True,9.66,A 1% price increase leads to a 1.23% decrease in demand. Moderately price-sensitive.
22589,CARDHOLDER GINGHAM STAR,General,-1.2265,Elastic,3.0474,2.2856,-25.0,LOWER_PRICE,5.66,2.26,LOW,0.0189,False,8.28,A 1% price increase leads to a 1.23% decrease in demand. Moderately price-sensitive.
35965,dotcom,General,-1.2194,Elastic,1.3715,1.0286,-25.0,LOWER_PRICE,5.49,2.2,LOW,0.1086,True,9.2,A 1% price increase leads to a 1.22% decrease in demand. Moderately price-sensitive.
21811,Unknown,General,-1.2154,Elastic,0.6913,0.5185,-25.0,LOWER_PRICE,5.39,2.16,LOW,0.0509,True,14.06,A 1% price increase leads to a 1.22% decrease in demand. Moderately price-sensitive.
22161,HEART DECORATION RUSTIC HANGING ,General,-1.2142,Elastic,0.2354,0.1765,-25.0,LOWER_PRICE,5.35,2.14,LOW,0.0342,True,13.81,A 1% price increase leads to a 1.21% decrease in demand. Moderately price-sensitive.
21318,Unknown,General,-1.2132,Elastic,0.8184,0.6138,-25.0,LOWER_PRICE,5.33,2.13,LOW,0.1118,True,11.56,A 1% price increase leads to a 1.21% decrease in demand. Moderately price-sensitive.
21819,check,General,-1.2105,Elastic,0.4936,0.3702,-25.0,LOWER_PRICE,5.26,2.1,LOW,0.0167,False,12.06,A 1% price increase leads to a 1.21% decrease in demand. Moderately price-sensitive.
21634,Unknown,General,-1.2083,Elastic,0.6745,0.5059,-25.0,LOWER_PRICE,5.21,2.08,LOW,0.0811,True,15.24,A 1% price increase leads to a 1.21% decrease in demand. Moderately price-sensitive.
16225,RATTLE SNAKE EGGS,General,-1.208,Elastic,1.1457,0.8593,-25.0,LOWER_PRICE,5.2,2.08,LOW,0.0685,True,10.03,A 1% price increase leads to a 1.21% decrease in demand. Moderately price-sensitive.
22314,OFFICE MUG WARMER CHOC+BLUE,General,-1.2047,Elastic,2.8108,2.1081,-25.0,LOWER_PRICE,5.12,2.05,LOW,0.0345,True,8.52,A 1% price increase leads to a 1.2% decrease in demand. Moderately price-sensitive.
21395,Unknown,General,-1.2044,Elastic,0.3912,0.2934,-25.0,LOWER_PRICE,5.11,2.04,LOW,0.001,False,14.9,A 1% price increase leads to a 1.2% decrease in demand. Moderately price-sensitive.
22359,GLASS JAR KINGS CHOICE,General,-1.2041,Elastic,3.0475,2.2856,-25.0,LOWER_PRICE,5.1,2.04,LOW,0.0048,False,8.05,A 1% price increase leads to a 1.2% decrease in demand. Moderately price-sensitive.
85129C,BEADED CRYSTAL HEART BLUE SMALL,General,-1.1992,Elastic,1.4306,1.073,-25.0,LOWER_PRICE,4.98,1.99,LOW,0.0184,False,7.93,A 1% price increase leads to a 1.2% decrease in demand. Moderately price-sensitive.
22107,PIZZA PLATE IN BOX,General,-1.1991,Elastic,3.2116,2.4087,-25.0,LOWER_PRICE,4.98,1.99,LOW,0.0357,True,8.44,A 1% price increase leads to a 1.2% decrease in demand. Moderately price-sensitive.
21124,SET/10 BLUE POLKADOT PARTY CANDLES,General,-1.1986,Elastic,1.2455,0.9341,-25.0,LOWER_PRICE,4.97,1.99,LOW,0.0011,False,13.34,A 1% price increase leads to a 1.2% decrease in demand. Moderately price-sensitive.
21866,UNION JACK FLAG LUGGAGE TAG,General,-1.1981,Elastic,1.3029,0.9772,-25.0,LOWER_PRICE,4.95,1.98,LOW,0.0043,False,9.2,A 1% price increase leads to a 1.2% decrease in demand. Moderately price-sensitive.
21484,Unknown,General,-1.1976,Elastic,3.8882,2.9162,-25.0,LOWER_PRICE,4.94,1.98,LOW,0.0034,False,11.53,A 1% price increase leads to a 1.2% decrease in demand. Moderately price-sensitive.
20963,APPLE BATH SPONGE,General,-1.1955,Elastic,1.3097,0.9823,-25.0,LOWER_PRICE,4.89,1.96,LOW,0.0037,False,11.08,A 1% price increase leads to a 1.2% decrease in demand. Moderately price-sensitive.
23234,BISCUIT TIN VINTAGE CHRISTMAS,General,-1.1939,Elastic,2.8856,2.1642,-25.0,LOWER_PRICE,4.85,1.94,LOW,0.0014,False,10.4,A 1% price increase leads to a 1.19% decrease in demand. Moderately price-sensitive.
82616C,MIDNIGHT GLAMOUR SCARF KNITTING KIT,General,-1.1937,Elastic,1.4946,1.1209,-25.0,LOWER_PRICE,4.84,1.94,LOW,0.0219,False,9.57,A 1% price increase leads to a 1.19% decrease in demand. Moderately price-sensitive.
23078,ICE CREAM PEN LIP GLOSS ,General,-1.1936,Elastic,1.2478,0.9359,-25.0,LOWER_PRICE,4.84,1.94,LOW,0.001,False,16.39,A 1% price increase leads to a 1.19% decrease in demand. Moderately price-sensitive.
20801,Unknown,General,-1.1931,Elastic,0.9924,0.7443,-25.0,LOWER_PRICE,4.83,1.93,LOW,0.0398,True,12.26,A 1% price increase leads to a 1.19% decrease in demand. Moderately price-sensitive.
22474,SPACEBOY TV DINNER TRAY,General,-1.1909,Elastic,4.196,3.147,-25.0,LOWER_PRICE,4.77,1.91,LOW,0.0262,True,9.24,A 1% price increase leads to a 1.19% decrease in demand. Moderately price-sensitive.
82581,TOILET METAL SIGN,General,-1.1909,Elastic,0.5497,0.4123,-25.0,LOWER_PRICE,4.77,1.91,LOW,0.0013,False,12.45,A 1% price increase leads to a 1.19% decrease in demand. Moderately price-sensitive.
22098,BOUDOIR SQUARE TISSUE BOX,General,-1.1882,Elastic,0.6983,0.5237,-25.0,LOWER_PRICE,4.7,1.88,LOW,0.0649,True,11.73,A 1% price increase leads to a 1.19% decrease in demand. Moderately price-sensitive.
84313B,Damaged,General,-1.1868,Elastic,3.3252,2.4939,-25.0,LOWER_PRICE,4.67,1.87,LOW,0.0406,False,9.4,A 1% price increase leads to a 1.19% decrease in demand. Moderately price-sensitive.
22480,Unknown,General,-1.1852,Elastic,1.2508,0.9381,-25.0,LOWER_PRICE,4.63,1.85,LOW,0.0011,False,8.5,A 1% price increase leads to a 1.19% decrease in demand. Moderately price-sensitive.
22890,NOVELTY BISCUITS CAKE STAND 3 TIER,General,-1.185,Elastic,10.0472,7.5354,-25.0,LOWER_PRICE,4.63,1.85,LOW,0.0039,False,8.23,A 1% price increase leads to a 1.19% decrease in demand. Moderately price-sensitive.
84380,SET OF 3 BUTTERFLY COOKIE CUTTERS,General,-1.1846,Elastic,1.3241,0.9931,-25.0,LOWER_PRICE,4.62,1.85,LOW,0.0027,False,13.66,A 1% price increase leads to a 1.18% decrease in demand. Moderately price-sensitive.
22282,12 EGG HOUSE PAINTED WOOD,General,-1.1823,Elastic,12.7295,9.5471,-25.0,LOWER_PRICE,4.56,1.82,LOW,0.0012,False,8.3,A 1% price increase leads to a 1.18% decrease in demand. Moderately price-sensitive.
72799C,PINK PILLAR CANDLE SILVER FLOCK,General,-1.1819,Elastic,1.9093,1.432,-25.0,LOWER_PRICE,4.55,1.82,LOW,0.1441,True,8.38,A 1% price increase leads to a 1.18% decrease in demand. Moderately price-sensitive.
21641,Unknown,General,-1.1814,Elastic,0.3841,0.2881,-25.0,LOWER_PRICE,4.54,1.82,LOW,0.0373,False,13.78,A 1% price increase leads to a 1.18% decrease in demand. Moderately price-sensitive.
22050,Unknown,General,-1.1806,Elastic,0.4203,0.3152,-25.0,LOWER_PRICE,4.52,1.81,LOW,0.0012,False,10.94,A 1% price increase leads to a 1.18% decrease in demand. Moderately price-sensitive.
22799,SWEETHEART WIRE FRUIT BOWL,General,-1.1803,Elastic,7.5702,5.6776,-25.0,LOWER_PRICE,4.51,1.8,LOW,0.0244,False,10.08,A 1% price increase leads to a 1.18% decrease in demand. Moderately price-sensitive.
23472, NINE DRAWER OFFICE TIDY,General,-1.1799,Elastic,14.9445,11.2084,-25.0,LOWER_PRICE,4.5,1.8,LOW,0.0011,False,8.67,A 1% price increase leads to a 1.18% decrease in demand. Moderately price-sensitive.
84596F,SMALL MARSHMALLOWS PINK BOWL,General,-1.1774,Elastic,0.5223,0.3917,-25.0,LOWER_PRICE,4.44,1.78,LOW,0.0285,True,12.08,A 1% price increase leads to a 1.18% decrease in demand. Moderately price-sensitive.
22909,SET OF 20 VINTAGE CHRISTMAS NAPKINS,General,-1.1725,Elastic,0.8448,0.6336,-25.0,LOWER_PRICE,4.31,1.72,LOW,0.0011,False,16.57,A 1% price increase leads to a 1.17% decrease in demand. Moderately price-sensitive.
22128,sold as set on dotcom,General,-1.1679,Elastic,1.2342,0.9256,-25.0,LOWER_PRICE,4.2,1.68,LOW,0.0013,False,12.05,A 1% price increase leads to a 1.17% decrease in demand. Moderately price-sensitive.
84031A,CHARLIE+LOLA RED HOT WATER BOTTLE ,General,-1.1649,Elastic,3.4965,2.6224,-25.0,LOWER_PRICE,4.12,1.65,LOW,0.0591,True,9.59,A 1% price increase leads to a 1.16% decrease in demand. Moderately price-sensitive.
22745,POPPY'S PLAYHOUSE BEDROOM ,General,-1.1626,Elastic,2.1073,1.5805,-25.0,LOWER_PRICE,4.07,1.63,LOW,0.0013,False,11.25,A 1% price increase leads to a 1.16% decrease in demand. Moderately price-sensitive.
22481,wet boxes,General,-1.1586,Elastic,0.8923,0.6692,-25.0,LOWER_PRICE,3.97,1.59,LOW,0.0613,True,10.01,A 1% price increase leads to a 1.16% decrease in demand. Moderately price-sensitive.
90178A,AMBER CHUNKY GLASS+BEAD NECKLACE,General,-1.1555,Elastic,12.0475,9.0356,-25.0,LOWER_PRICE,3.89,1.56,LOW,0.0009,False,9.62,A 1% price increase leads to a 1.16% decrease in demand. Moderately price-sensitive.
84929,found,General,-1.1544,Elastic,0.2622,0.1966,-25.0,LOWER_PRICE,3.86,1.54,LOW,0.0286,True,17.17,A 1% price increase leads to a 1.15% decrease in demand. Moderately price-sensitive.
85059,FRENCH ENAMEL WATER BASIN,General,-1.1539,Elastic,3.1055,2.3291,-25.0,LOWER_PRICE,3.85,1.54,LOW,0.0604,True,7.82,A 1% price increase leads to a 1.15% decrease in demand. Moderately price-sensitive.
35968,check,General,-1.1527,Elastic,0.3568,0.2676,-25.0,LOWER_PRICE,3.82,1.53,LOW,0.0126,False,8.8,A 1% price increase leads to a 1.15% decrease in demand. Moderately price-sensitive.
85132B,Unknown,General,-1.1522,Elastic,2.7385,2.0539,-25.0,LOWER_PRICE,3.8,1.52,LOW,0.0735,True,9.58,A 1% price increase leads to a 1.15% decrease in demand. Moderately price-sensitive.
90087,CRYSTAL SEA HORSE PHONE CHARM,General,-1.151,Elastic,0.4133,0.31,-25.0,LOWER_PRICE,3.78,1.51,MEDIUM,0.24,False,11.07,A 1% price increase leads to a 1.15% decrease in demand. Moderately price-sensitive.
85211,Unknown,General,-1.1486,Elastic,1.2178,0.9133,-25.0,LOWER_PRICE,3.72,1.49,LOW,0.0278,False,9.83,A 1% price increase leads to a 1.15% decrease in demand. Moderately price-sensitive.
35810B,Unknown,General,-1.1467,Elastic,1.4783,1.1087,-25.0,LOWER_PRICE,3.67,1.47,LOW,0.0554,False,9.03,A 1% price increase leads to a 1.15% decrease in demand. Moderately price-sensitive.
84032B,CHARLIE + LOLA RED HOT WATER BOTTLE,General,-1.1452,Elastic,2.3161,1.7371,-25.0,LOWER_PRICE,3.63,1.45,LOW,0.0394,True,9.99,A 1% price increase leads to a 1.15% decrease in demand. Moderately price-sensitive.
22057,CERAMIC PLATE STRAWBERRY DESIGN,General,-1.1445,Elastic,1.0461,0.7846,-25.0,LOWER_PRICE,3.61,1.44,LOW,0.0557,True,10.48,A 1% price increase leads to a 1.14% decrease in demand. Moderately price-sensitive.
22340,NOEL GARLAND PAINTED ZINC ,General,-1.1422,Elastic,0.4364,0.3273,-25.0,LOWER_PRICE,3.56,1.42,LOW,0.0053,False,11.43,A 1% price increase leads to a 1.14% decrease in demand. Moderately price-sensitive.
21616,4 PEAR BOTANICAL DINNER CANDLES,General,-1.1419,Elastic,2.2333,1.675,-25.0,LOWER_PRICE,3.55,1.42,LOW,0.0584,True,10.27,A 1% price increase leads to a 1.14% decrease in demand. Moderately price-sensitive.
21631,HIPPY CHIC DECORATIVE PARASOL,General,-1.1375,Elastic,8.2094,6.157,-25.0,LOWER_PRICE,3.44,1.38,LOW,0.0937,False,6.67,A 1% price increase leads to a 1.14% decrease in demand. Moderately price-sensitive.
90214K,"LETTER ""K"" BLING KEY RING",General,-1.1374,Elastic,0.8502,0.6376,-25.0,LOWER_PRICE,3.43,1.37,LOW,0.0843,True,7.69,A 1% price increase leads to a 1.14% decrease in demand. Moderately price-sensitive.
84968E,SET OF 16 VINTAGE BLACK CUTLERY,General,-1.1373,Elastic,13.8742,10.4056,-25.0,LOWER_PRICE,3.43,1.37,LOW,0.0092,False,9.59,A 1% price increase leads to a 1.14% decrease in demand. Moderately price-sensitive.
22554,PLASTERS IN TIN WOODLAND ANIMALS,General,-1.1358,Elastic,1.6554,1.2415,-25.0,LOWER_PRICE,3.39,1.36,LOW,0.001,False,15.48,A 1% price increase leads to a 1.14% decrease in demand. Moderately price-sensitive.
22299,PIG KEYRING WITH LIGHT & SOUND ,General,-1.1327,Elastic,0.887,0.6653,-25.0,LOWER_PRICE,3.32,1.33,LOW,0.0517,True,14.92,A 1% price increase leads to a 1.13% decrease in demand. Moderately price-sensitive.
22069,BROWN  PIRATE TREASURE CHEST ,General,-1.1311,Elastic,1.2013,0.901,-25.0,LOWER_PRICE,3.28,1.31,LOW,0.0886,True,9.19,A 1% price increase leads to a 1.13% decrease in demand. Moderately price-sensitive.
85159B,"WHITE TEA,COFFEE,SUGAR JARS",General,-1.129,Elastic,2.286,1.7145,-25.0,LOWER_PRICE,3.23,1.29,LOW,0.0339,True,9.2,A 1% price increase leads to a 1.13% decrease in demand. Moderately price-sensitive.
22358,KINGS CHOICE TEA CADDY ,General,-1.1264,Elastic,3.0041,2.2531,-25.0,LOWER_PRICE,3.16,1.26,LOW,0.0036,False,9.45,A 1% price increase leads to a 1.13% decrease in demand. Moderately price-sensitive.
22476,EMPIRE UNION JACK TV DINNER TRAY,General,-1.1257,Elastic,4.5791,3.4343,-25.0,LOWER_PRICE,3.14,1.26,LOW,0.0341,True,11.65,A 1% price increase leads to a 1.13% decrease in demand. Moderately price-sensitive.
72818,check,General,-1.1232,Elastic,0.6216,0.4662,-25.0,LOWER_PRICE,3.08,1.23,LOW,0.0206,False,16.14,A 1% price increase leads to a 1.12% decrease in demand. Moderately price-sensitive.
35964,FOLKART CLIP ON STARS,General,-1.1232,Elastic,0.4943,0.3707,-25.0,LOWER_PRICE,3.08,1.23,LOW,0.0409,True,10.32,A 1% price increase leads to a 1.12% decrease in demand. Moderately price-sensitive.
22766,PHOTO FRAME CORNICE,General,-1.12,Elastic,2.9627,2.222,-25.0,LOWER_PRICE,3.0,1.2,LOW,0.001,False,12.8,A 1% price increase leads to a 1.12% decrease in demand. Moderately price-sensitive.
21992,check,General,-1.1198,Elastic,1.5793,1.1845,-25.0,LOWER_PRICE,2.99,1.2,LOW,0.0248,True,11.05,A 1% price increase leads to a 1.12% decrease in demand. Moderately price-sensitive.
22335,HEART DECORATION PAINTED ZINC ,General,-1.1194,Elastic,0.6586,0.494,-25.0,LOWER_PRICE,2.98,1.19,LOW,0.0018,False,11.51,A 1% price increase leads to a 1.12% decrease in demand. Moderately price-sensitive.
85204,lost??,General,-1.1179,Elastic,0.1441,0.1081,-25.0,LOWER_PRICE,2.95,1.18,LOW,0.0189,False,21.26,A 1% price increase leads to a 1.12% decrease in demand. Moderately price-sensitive.
16218,CARTOON  PENCIL SHARPENERS,General,-1.115,Elastic,0.0717,0.0538,-25.0,LOWER_PRICE,2.88,1.15,LOW,0.0168,False,20.82,A 1% price increase leads to a 1.11% decrease in demand. Moderately price-sensitive.
79066K,RETRO MOD TRAY,General,-1.1115,Elastic,0.8972,0.6729,-25.0,LOWER_PRICE,2.79,1.12,LOW,0.006,False,9.22,A 1% price increase leads to a 1.11% decrease in demand. Moderately price-sensitive.
84944,michel oops,General,-1.1103,Elastic,2.5744,1.9308,-25.0,LOWER_PRICE,2.76,1.1,LOW,0.0493,True,9.5,A 1% price increase leads to a 1.11% decrease in demand. Moderately price-sensitive.
85131B,BEADED CRYSTAL HEART GREEN ON STICK,General,-1.1098,Elastic,0.9322,0.6992,-25.0,LOWER_PRICE,2.74,1.1,LOW,0.0136,False,6.0,A 1% price increase leads to a 1.11% decrease in demand. Moderately price-sensitive.
22696,Unknown,General,-1.109,Elastic,1.9786,1.4839,-25.0,LOWER_PRICE,2.72,1.09,LOW,0.0024,False,8.82,A 1% price increase leads to a 1.11% decrease in demand. Moderately price-sensitive.
21084,SET/6 COLLAGE PAPER CUPS,General,-1.108,Elastic,0.2652,0.1989,-25.0,LOWER_PRICE,2.7,1.08,LOW,0.0519,True,11.71,A 1% price increase leads to a 1.11% decrease in demand. Moderately price-sensitive.
23480,MINI LIGHTS WOODLAND MUSHROOMS,General,-1.1052,Elastic,3.7597,2.8198,-25.0,LOWER_PRICE,2.63,1.05,LOW,0.0009,False,10.83,A 1% price increase leads to a 1.11% decrease in demand. Moderately price-sensitive.
79030D,Unknown,General,-1.1052,Elastic,0.4839,0.3629,-25.0,LOWER_PRICE,2.63,1.05,LOW,0.0337,False,11.19,A 1% price increase leads to a 1.11% decrease in demand. Moderately price-sensitive.
21090,WET/MOULDY,General,-1.104,Elastic,0.4529,0.3397,-25.0,LOWER_PRICE,2.6,1.04,LOW,0.0188,True,10.18,A 1% price increase leads to a 1.1% decrease in demand. Moderately price-sensitive.
23548,WRAP MAGIC FOREST ,General,-1.1034,Elastic,0.4205,0.3154,-25.0,LOWER_PRICE,2.58,1.03,LOW,0.0009,False,12.9,A 1% price increase leads to a 1.1% decrease in demand. Moderately price-sensitive.
22811,SET OF 6 T-LIGHTS CACTI ,General,-1.0898,Elastic,2.6567,1.9925,-25.0,LOWER_PRICE,2.25,0.9,LOW,0.04,True,11.41,A 1% price increase leads to a 1.09% decrease in demand. Moderately price-sensitive.
22157,Unknown,General,-1.0874,Elastic,0.8585,0.6439,-25.0,LOWER_PRICE,2.18,0.87,LOW,0.0011,False,8.35,A 1% price increase leads to a 1.09% decrease in demand. Moderately price-sensitive.
20717,STRAWBERRY SHOPPER BAG,General,-1.0867,Elastic,1.2713,0.9535,-25.0,LOWER_PRICE,2.17,0.87,LOW,0.001,False,10.55,A 1% price increase leads to a 1.09% decrease in demand. Moderately price-sensitive.
47021G,Unknown,General,-1.0857,Elastic,0.741,0.5557,-25.0,LOWER_PRICE,2.14,0.86,LOW,0.064,False,11.56,A 1% price increase leads to a 1.09% decrease in demand. Moderately price-sensitive.
23068,ALUMINIUM HEART,General,-1.0847,Elastic,2.4759,1.8569,-25.0,LOWER_PRICE,2.12,0.85,LOW,0.0011,False,9.81,A 1% price increase leads to a 1.08% decrease in demand. Moderately price-sensitive.
21845,DAIRY MAID STRIPE MUG,General,-1.0839,Elastic,1.1877,0.8908,-25.0,LOWER_PRICE,2.1,0.84,LOW,0.048,True,12.22,A 1% price increase leads to a 1.08% decrease in demand. Moderately price-sensitive.
22640,SET OF 4 NAPKIN CHARMS 3 KEYS ,General,-1.0826,Elastic,2.2727,1.7045,-25.0,LOWER_PRICE,2.07,0.83,LOW,0.0286,False,8.62,A 1% price increase leads to a 1.08% decrease in demand. Moderately price-sensitive.
90214E,"LETTER ""E"" BLING KEY RING",General,-1.0816,Elastic,0.7859,0.5894,-25.0,LOWER_PRICE,2.04,0.82,LOW,0.1237,True,8.03,A 1% price increase leads to a 1.08% decrease in demand. Moderately price-sensitive.
22075,6 RIBBONS ELEGANT CHRISTMAS ,General,-1.0788,Elastic,1.314,0.9855,-25.0,LOWER_PRICE,1.97,0.79,LOW,0.0488,True,12.89,A 1% price increase leads to a 1.08% decrease in demand. Moderately price-sensitive.
22703,PINK CAT BOWL,General,-1.0735,Elastic,1.3829,1.0372,-25.0,LOWER_PRICE,1.84,0.74,LOW,0.0629,True,7.88,A 1% price increase leads to a 1.07% decrease in demand. Moderately price-sensitive.
23266,SET OF 3 WOODEN STOCKING DECORATION,General,-1.0621,Elastic,1.3106,0.9829,-25.0,LOWER_PRICE,1.55,0.62,LOW,0.0022,False,11.21,A 1% price increase leads to a 1.06% decrease in demand. Moderately price-sensitive.
22806,SET OF 6 T-LIGHTS WEDDING CAKE ,General,-1.0601,Elastic,2.4405,1.8304,-25.0,LOWER_PRICE,1.5,0.6,LOW,0.0236,False,8.92,A 1% price increase leads to a 1.06% decrease in demand. Moderately price-sensitive.
21368,MIRRORED WALL ART LADIES,General,-1.0594,Elastic,0.909,0.6818,-25.0,LOWER_PRICE,1.48,0.59,LOW,0.019,False,8.73,A 1% price increase leads to a 1.06% decrease in demand. Moderately price-sensitive.
72819,CUPID DESIGN SCENTED CANDLES,General,-1.0576,Elastic,1.9648,1.4736,-25.0,LOWER_PRICE,1.44,0.58,LOW,0.0222,False,11.44,A 1% price increase leads to a 1.06% decrease in demand. Moderately price-sensitive.
22201,FRYING PAN BLUE POLKADOT,General,-1.0573,Elastic,3.4548,2.5911,-25.0,LOWER_PRICE,1.43,0.57,LOW,0.0519,True,6.97,A 1% price increase leads to a 1.06% decrease in demand. Moderately price-sensitive.
22152,check,General,-1.0561,Elastic,0.4494,0.3371,-25.0,LOWER_PRICE,1.4,0.56,LOW,0.0105,False,12.77,A 1% price increase leads to a 1.06% decrease in demand. Moderately price-sensitive.
22856,sold as set on dotcom,General,-1.0549,Elastic,1.2494,0.9371,-25.0,LOWER_PRICE,1.37,0.55,LOW,0.0013,False,9.49,A 1% price increase leads to a 1.05% decrease in demand. Moderately price-sensitive.
72760B,VINTAGE CREAM 3 BASKET CAKE STAND,General,-1.0533,Elastic,9.9465,7.4599,-25.0,LOWER_PRICE,1.33,0.53,LOW,0.001,False,7.69,A 1% price increase leads to a 1.05% decrease in demand. Moderately price-sensitive.
22498,WOODEN REGATTA BUNTING,General,-1.053,Elastic,5.9336,4.4502,-25.0,LOWER_PRICE,1.32,0.53,LOW,0.0009,False,8.92,A 1% price increase leads to a 1.05% decrease in demand. Moderately price-sensitive.
22312,OFFICE MUG WARMER POLKADOT,General,-1.0523,Elastic,2.887,2.1652,-25.0,LOWER_PRICE,1.31,0.52,LOW,0.011,False,8.38,A 1% price increase leads to a 1.05% decrease in demand. Moderately price-sensitive.
21678,PAISLEY PATTERN  STICKERS,General,-1.0495,Elastic,0.8492,0.6369,-25.0,LOWER_PRICE,1.24,0.5,LOW,0.0012,False,9.65,A 1% price increase leads to a 1.05% decrease in demand. Moderately price-sensitive.
22892,check,General,-1.0488,Elastic,1.2437,0.9328,-25.0,LOWER_PRICE,1.22,0.49,LOW,0.0012,False,11.02,A 1% price increase leads to a 1.05% decrease in demand. Moderately price-sensitive.
21902,"KEY FOB , FRONT  DOOR ",General,-1.0473,Elastic,0.6645,0.4984,-25.0,LOWER_PRICE,1.18,0.47,LOW,0.0018,False,11.1,A 1% price increase leads to a 1.05% decrease in demand. Moderately price-sensitive.
22407,MONEY BOX FIRST AID DESIGN,General,-1.0446,Elastic,0.9658,0.7244,-25.0,LOWER_PRICE,1.11,0.44,LOW,0.0822,False,8.82,A 1% price increase leads to a 1.04% decrease in demand. Moderately price-sensitive.
84596E,Unknown,General,-1.0441,Elastic,1.0662,0.7996,-25.0,LOWER_PRICE,1.1,0.44,LOW,0.037,False,9.37,A 1% price increase leads to a 1.04% decrease in demand. Moderately price-sensitive.
72800C,4 PINK DINNER CANDLE SILVER FLOCK,General,-1.0438,Elastic,1.8815,1.4111,-25.0,LOWER_PRICE,1.1,0.44,LOW,0.0744,True,7.66,A 1% price increase leads to a 1.04% decrease in demand. Moderately price-sensitive.
85169B,BLACK LOVE BIRD CANDLE,General,-1.0438,Elastic,1.1572,0.8679,-25.0,LOWER_PRICE,1.1,0.44,LOW,0.0457,False,7.95,A 1% price increase leads to a 1.04% decrease in demand. Moderately price-sensitive.
22738,RIBBON REEL SNOWY VILLAGE,General,-1.0436,Elastic,1.6767,1.2575,-25.0,LOWER_PRICE,1.09,0.44,LOW,0.001,False,11.08,A 1% price increase leads to a 1.04% decrease in demand. Moderately price-sensitive.
21014,check,General,-1.0427,Elastic,0.4678,0.3508,-25.0,LOWER_PRICE,1.07,0.43,LOW,0.0462,True,11.18,A 1% price increase leads to a 1.04% decrease in demand. Moderately price-sensitive.
22808,SET OF 6 T-LIGHTS EASTER CHICKS,General,-1.0416,Elastic,2.744,2.058,-25.0,LOWER_PRICE,1.04,0.42,LOW,0.0175,False,7.91,A 1% price increase leads to a 1.04% decrease in demand. Moderately price-sensitive.
22596,CHRISTMAS STAR WISH LIST CHALKBOARD,General,-1.0404,Elastic,1.0245,0.7684,-25.0,LOWER_PRICE,1.01,0.4,LOW,0.0173,True,14.12,A 1% price increase leads to a 1.04% decrease in demand. Moderately price-sensitive.
72586,SET OF 6 HALLOWEEN GHOST T-LIGHTS,General,-1.0403,Elastic,0.4204,0.3153,-25.0,LOWER_PRICE,1.01,0.4,LOW,0.0008,False,10.01,A 1% price increase leads to a 1.04% decrease in demand. Moderately price-sensitive.
84510C,SET OF 4 POLKADOT COASTERS,General,-1.0402,Elastic,1.3121,0.9841,-25.0,LOWER_PRICE,1.01,0.4,LOW,0.0062,False,8.28,A 1% price increase leads to a 1.04% decrease in demand. Moderately price-sensitive.
22545,MINI JIGSAW BUNNIES,General,-1.0399,Elastic,0.3551,0.2663,-25.0,LOWER_PRICE,1.0,0.4,LOW,0.0237,False,10.5,A 1% price increase leads to a 1.04% decrease in demand. Moderately price-sensitive.
23312,VINTAGE CHRISTMAS GIFT SACK,General,-1.0384,Elastic,4.1412,3.1059,-25.0,LOWER_PRICE,0.96,0.38,LOW,0.001,False,11.78,A 1% price increase leads to a 1.04% decrease in demand. Moderately price-sensitive.
21899,GARAGE KEY FOB,General,-1.0369,Elastic,0.668,0.501,-25.0,LOWER_PRICE,0.92,0.37,LOW,0.0018,False,11.02,A 1% price increase leads to a 1.04% decrease in demand. Moderately price-sensitive.
23341,PINK DINER WALL CLOCK,General,-1.0338,Elastic,8.4763,6.3572,-25.0,LOWER_PRICE,0.85,0.34,LOW,0.0008,False,9.98,A 1% price increase leads to a 1.03% decrease in demand. Moderately price-sensitive.
20992,JAZZ HEARTS PURSE NOTEBOOK,General,-1.0277,Elastic,0.4763,0.3572,-25.0,LOWER_PRICE,0.69,0.28,LOW,0.0186,True,13.2,A 1% price increase leads to a 1.03% decrease in demand. Moderately price-sensitive.
35810A,check,General,-1.0273,Elastic,0.9493,0.712,-25.0,LOWER_PRICE,0.68,0.27,LOW,0.0194,False,10.54,A 1% price increase leads to a 1.03% decrease in demand. Moderately price-sensitive.
20980,Unknown,General,-1.0196,Elastic,1.2508,0.9381,-25.0,LOWER_PRICE,0.49,0.2,LOW,0.001,False,7.81,A 1% price increase leads to a 1.02% decrease in demand. Moderately price-sensitive.
22715,CARD WEDDING DAY,General,-1.0176,Elastic,0.4197,0.3148,-25.0,LOWER_PRICE,0.44,0.18,LOW,0.0009,False,10.91,A 1% price increase leads to a 1.02% decrease in demand. Moderately price-sensitive.
21163,Unknown,General,-1.0108,Elastic,0.8268,0.6201,-25.0,LOWER_PRICE,0.27,0.11,LOW,0.0683,True,10.09,A 1% price increase leads to a 1.01% decrease in demand. Moderately price-sensitive.
85019A,ROMANTIC IMAGES NOTEBOOK SET,General,-1.01,Elastic,2.1474,1.6106,-25.0,LOWER_PRICE,0.25,0.1,LOW,0.0576,False,11.15,A 1% price increase leads to a 1.01% decrease in demand. Moderately price-sensitive.
70007,HI TEC ALPINE HAND WARMER,General,-1.0099,Elastic,1.4571,1.0928,-25.0,LOWER_PRICE,0.25,0.1,LOW,0.0227,False,9.19,A 1% price increase leads to a 1.01% decrease in demand. Moderately price-sensitive.
72800E,4 IVORY DINNER CANDLES SILVER FLOCK,General,-1.0085,Elastic,2.0492,1.5369,-25.0,LOWER_PRICE,0.21,0.08,LOW,0.0395,True,9.18,A 1% price increase leads to a 1.01% decrease in demand. Moderately price-sensitive.
22464,HANGING METAL HEART LANTERN,General,-1.007,Elastic,1.4901,1.1176,-25.0,LOWER_PRICE,0.17,0.07,LOW,0.0075,False,12.03,A 1% price increase leads to a 1.01% decrease in demand. Moderately price-sensitive.
22547,MINI JIGSAW DINOSAUR ,General,-1.006,Elastic,0.3908,0.2931,-25.0,LOWER_PRICE,0.15,0.06,LOW,0.0087,False,11.9,A 1% price increase leads to a 1.01% decrease in demand. Moderately price-sensitive.
22448,PIN CUSHION BABUSHKA RED,General,-1.0053,Elastic,2.7986,2.0989,-25.0,LOWER_PRICE,0.13,0.05,LOW,0.0274,False,9.3,A 1% price increase leads to a 1.01% decrease in demand. Moderately price-sensitive.
22044,Unknown,General,-1.005,Elastic,0.2583,0.1937,-25.0,LOWER_PRICE,0.12,0.05,LOW,0.0176,False,11.18,A 1% price increase leads to a 1.0% decrease in demand. Low price sensitivity.
21172,Unknown,General,-1.0042,Elastic,1.4573,1.093,-25.0,LOWER_PRICE,0.1,0.04,LOW,0.0011,False,12.99,A 1% price increase leads to a 1.0% decrease in demand. Low price sensitivity.
84976,Unknown,General,-0.9993,Inelastic,0.8548,0.8554,0.07,RAISE_PRICE,0.0,0.0,LOW,0.0067,False,13.33,A 1% price increase leads to a 1.0% decrease in demand. Low price sensitivity.
22695,WICKER WREATH SMALL,General,-0.9979,Inelastic,1.2424,1.245,0.21,RAISE_PRICE,0.0,0.0,LOW,0.0214,True,10.08,A 1% price increase leads to a 1.0% decrease in demand. Low price sensitivity.
84686,Unknown,General,-0.9966,Inelastic,2.5248,2.5334,0.34,RAISE_PRICE,0.0,0.0,LOW,0.1436,True,8.21,A 1% price increase leads to a 1.0% decrease in demand. Low price sensitivity.
22914,BLUE COAT RACK PARIS FASHION,General,-0.9964,Inelastic,4.9451,4.9629,0.36,RAISE_PRICE,0.0,0.0,LOW,0.0007,False,9.8,A 1% price increase leads to a 1.0% decrease in demand. Low price sensitivity.
22512,DOORSTOP RACING CAR DESIGN,General,-0.9945,Inelastic,1.9419,1.9526,0.55,RAISE_PRICE,0.0,0.0,LOW,0.1121,True,7.44,A 1% price increase leads to a 0.99% decrease in demand. Low price sensitivity.
22093,MOTORING TISSUE BOX,General,-0.9929,Inelastic,0.55,0.554,0.72,RAISE_PRICE,0.01,0.0,LOW,0.0354,True,11.99,A 1% price increase leads to a 0.99% decrease in demand. Low price sensitivity.
23431,NATURAL HANGING QUILTED HEARTS ,General,-0.9893,Inelastic,0.8214,0.8303,1.08,RAISE_PRICE,0.01,0.0,LOW,0.0012,False,11.07,A 1% price increase leads to a 0.99% decrease in demand. Low price sensitivity.
21466,RED FLOWER CROCHET FOOD COVER,General,-0.9881,Inelastic,3.8244,3.8703,1.2,RAISE_PRICE,0.01,0.0,LOW,0.0033,False,8.25,A 1% price increase leads to a 0.99% decrease in demand. Low price sensitivity.
22731,3D CHRISTMAS STAMPS STICKERS ,General,-0.9872,Inelastic,1.3269,1.3441,1.3,RAISE_PRICE,0.02,0.01,LOW,0.0015,False,11.06,A 1% price increase leads to a 0.99% decrease in demand. Low price sensitivity.
51014C,"FEATHER PEN,COAL BLACK",General,-0.9857,Inelastic,0.5452,0.5531,1.45,RAISE_PRICE,0.02,0.01,LOW,0.0219,True,11.75,A 1% price increase leads to a 0.99% decrease in demand. Low price sensitivity.
22182,CAKE STAND VICTORIAN FILIGREE SMALL,General,-0.9851,Inelastic,3.9406,4.0001,1.51,RAISE_PRICE,0.02,0.01,LOW,0.0862,True,9.94,A 1% price increase leads to a 0.99% decrease in demand. Low price sensitivity.
35599B,BLACK CHRISTMAS TREE 120CM,General,-0.9849,Inelastic,2.8882,2.9324,1.53,RAISE_PRICE,0.02,0.01,LOW,0.0741,False,11.36,A 1% price increase leads to a 0.98% decrease in demand. Low price sensitivity.
21289,LARGE STRIPES CHOCOLATE GIFT BAG,General,-0.98,Inelastic,1.2483,1.2738,2.04,RAISE_PRICE,0.04,0.02,LOW,0.0011,False,7.93,A 1% price increase leads to a 0.98% decrease in demand. Low price sensitivity.
22794,SWEETHEART WIRE MAGAZINE RACK,General,-0.9795,Inelastic,7.9565,8.1228,2.09,RAISE_PRICE,0.04,0.02,LOW,0.0007,False,8.3,A 1% price increase leads to a 0.98% decrease in demand. Low price sensitivity.
85034B,3 WHITE CHOC MORRIS BOXED CANDLES,General,-0.9788,Inelastic,2.2761,2.3255,2.17,RAISE_PRICE,0.05,0.02,LOW,0.0556,True,9.16,A 1% price increase leads to a 0.98% decrease in demand. Low price sensitivity.
90214J,"LETTER ""J"" BLING KEY RING",General,-0.9761,Inelastic,0.9255,0.9482,2.45,RAISE_PRICE,0.06,0.02,LOW,0.1077,False,8.0,A 1% price increase leads to a 0.98% decrease in demand. Low price sensitivity.
22814,CARD PARTY GAMES ,General,-0.9733,Inelastic,0.4147,0.4261,2.74,RAISE_PRICE,0.07,0.03,LOW,0.0009,False,11.13,A 1% price increase leads to a 0.97% decrease in demand. Low price sensitivity.
22810,Unknown,General,-0.9728,Inelastic,3.0936,3.1802,2.8,RAISE_PRICE,0.08,0.03,LOW,0.0042,False,10.59,A 1% price increase leads to a 0.97% decrease in demand. Low price sensitivity.
21442,GREEN BIRDHOUSE DECORATION,General,-0.9717,Inelastic,0.5853,0.6023,2.91,RAISE_PRICE,0.08,0.03,LOW,0.0868,True,12.34,A 1% price increase leads to a 0.97% decrease in demand. Low price sensitivity.
22815,CARD PSYCHEDELIC APPLES,General,-0.9692,Inelastic,0.4179,0.4312,3.18,RAISE_PRICE,0.1,0.04,LOW,0.0011,False,10.63,A 1% price increase leads to a 0.97% decrease in demand. Low price sensitivity.
20839,damages,General,-0.9678,Inelastic,1.1223,1.1597,3.33,RAISE_PRICE,0.11,0.04,LOW,0.0367,True,9.83,A 1% price increase leads to a 0.97% decrease in demand. Low price sensitivity.
23494,VINTAGE DOILY DELUXE SEWING KIT ,General,-0.9629,Inelastic,5.937,6.1656,3.85,RAISE_PRICE,0.14,0.06,LOW,0.0008,False,10.71,A 1% price increase leads to a 0.96% decrease in demand. Low price sensitivity.
21807,Unknown,General,-0.9626,Inelastic,0.4197,0.436,3.89,RAISE_PRICE,0.15,0.06,LOW,0.0007,False,11.3,A 1% price increase leads to a 0.96% decrease in demand. Low price sensitivity.
17013D,Unknown,General,-0.9594,Inelastic,0.7286,0.7594,4.23,RAISE_PRICE,0.17,0.07,LOW,0.0636,False,14.55,A 1% price increase leads to a 0.96% decrease in demand. Low price sensitivity.
22967,SET 3 SONG BIRD PAPER EGGS ASSORTED,General,-0.9578,Inelastic,2.9364,3.0659,4.41,RAISE_PRICE,0.19,0.08,LOW,0.0008,False,9.91,A 1% price increase leads to a 0.96% decrease in demand. Low price sensitivity.
23445,ICE CREAM BUBBLES,General,-0.9577,Inelastic,0.8229,0.8593,4.42,RAISE_PRICE,0.19,0.08,LOW,0.0005,False,13.36,A 1% price increase leads to a 0.96% decrease in demand. Low price sensitivity.
22486,PLASMATRONIC LAMP,General,-0.9573,Inelastic,9.1621,9.5707,4.46,RAISE_PRICE,0.19,0.08,LOW,0.0872,False,9.12,A 1% price increase leads to a 0.96% decrease in demand. Low price sensitivity.
21108,FAIRY CAKE FLANNEL ASSORTED COLOUR,General,-0.9571,Inelastic,1.527,1.5954,4.48,RAISE_PRICE,0.19,0.08,LOW,0.0335,True,22.7,A 1% price increase leads to a 0.96% decrease in demand. Low price sensitivity.
35637A,IVORY STRING CURTAIN WITH POLE ,General,-0.9547,Inelastic,2.9825,3.1239,4.74,RAISE_PRICE,0.21,0.08,LOW,0.0512,False,9.35,A 1% price increase leads to a 0.95% decrease in demand. Low price sensitivity.
84625A,PINK NEW BAROQUECANDLESTICK CANDLE,General,-0.9524,Inelastic,1.6758,1.7596,5.0,RAISE_PRICE,0.24,0.1,LOW,0.0614,True,10.05,A 1% price increase leads to a 0.95% decrease in demand. Low price sensitivity.
90204,PAIR OF ENAMEL BUTTERFLY HAIRCLIP,General,-0.9518,Inelastic,3.3437,3.5129,5.06,RAISE_PRICE,0.24,0.1,LOW,0.0008,False,7.17,A 1% price increase leads to a 0.95% decrease in demand. Low price sensitivity.
84596G,Unknown,General,-0.9509,Inelastic,0.5342,0.5618,5.16,RAISE_PRICE,0.25,0.1,LOW,0.0203,True,11.14,A 1% price increase leads to a 0.95% decrease in demand. Low price sensitivity.
84926F,PSYCHEDELIC TILE COASTER,General,-0.9495,Inelastic,0.8337,0.8781,5.32,RAISE_PRICE,0.27,0.11,LOW,0.1498,True,14.8,A 1% price increase leads to a 0.95% decrease in demand. Low price sensitivity.
23380,PACK OF 12 DOILEY TISSUES,General,-0.9495,Inelastic,0.3907,0.4115,5.32,RAISE_PRICE,0.27,0.11,LOW,0.0008,False,11.58,A 1% price increase leads to a 0.95% decrease in demand. Low price sensitivity.
21211,SET OF 72 SKULL PAPER  DOILIES,General,-0.9466,Inelastic,1.4466,1.5282,5.64,RAISE_PRICE,0.3,0.12,LOW,0.0005,False,9.77,A 1% price increase leads to a 0.95% decrease in demand. Low price sensitivity.
22094,RED RETROSPOT TISSUE BOX,General,-0.944,Inelastic,0.5708,0.6046,5.93,RAISE_PRICE,0.33,0.13,LOW,0.0284,True,12.31,A 1% price increase leads to a 0.94% decrease in demand. Low price sensitivity.
21993,FLORAL FOLK STATIONERY SET,General,-0.9395,Inelastic,1.5323,1.631,6.44,RAISE_PRICE,0.39,0.16,LOW,0.0186,True,10.46,A 1% price increase leads to a 0.94% decrease in demand. Low price sensitivity.
84356,POMPOM CURTAIN,General,-0.9348,Inelastic,5.7002,6.0975,6.97,RAISE_PRICE,0.45,0.18,LOW,0.0424,True,10.62,A 1% price increase leads to a 0.93% decrease in demand. Low price sensitivity.
85049G,CHOCOLATE BOX RIBBONS ,General,-0.9305,Inelastic,1.2595,1.3536,7.47,RAISE_PRICE,0.52,0.21,LOW,0.0006,False,10.48,A 1% price increase leads to a 0.93% decrease in demand. Low price sensitivity.
22345,PARTY PIZZA DISH BLUE POLKADOT,General,-0.9289,Inelastic,0.5242,0.5643,7.65,RAISE_PRICE,0.54,0.22,LOW,0.1235,True,9.8,A 1% price increase leads to a 0.93% decrease in demand. Low price sensitivity.
84459A,PINK METAL CHICKEN HEART ,General,-0.9272,Inelastic,1.4878,1.6046,7.85,RAISE_PRICE,0.57,0.23,LOW,0.0007,False,9.12,A 1% price increase leads to a 0.93% decrease in demand. Low price sensitivity.
22399,MAGNETS PACK OF 4 CHILDHOOD MEMORY,General,-0.9256,Inelastic,1.2448,1.3449,8.04,RAISE_PRICE,0.6,0.24,LOW,0.0007,False,11.25,A 1% price increase leads to a 0.93% decrease in demand. Low price sensitivity.
21043,Unknown,General,-0.9236,Inelastic,2.2942,2.4839,8.27,RAISE_PRICE,0.63,0.25,LOW,0.0197,False,9.9,A 1% price increase leads to a 0.92% decrease in demand. Low price sensitivity.
85017C,adjustment,General,-0.9232,Inelastic,0.6286,0.6809,8.32,RAISE_PRICE,0.64,0.26,LOW,0.0273,False,6.32,A 1% price increase leads to a 0.92% decrease in demand. Low price sensitivity.
23153,ZINC SWEETHEART WIRE LETTER RACK,General,-0.921,Inelastic,3.7579,4.0803,8.58,RAISE_PRICE,0.68,0.27,LOW,0.0008,False,8.71,A 1% price increase leads to a 0.92% decrease in demand. Low price sensitivity.
21671,RED SPOT CERAMIC DRAWER KNOB,General,-0.9191,Inelastic,1.3056,1.4205,8.8,RAISE_PRICE,0.71,0.28,LOW,0.0012,False,12.46,A 1% price increase leads to a 0.92% decrease in demand. Low price sensitivity.
20832,check,General,-0.9148,Inelastic,0.6109,0.6678,9.31,RAISE_PRICE,0.79,0.32,LOW,0.024,False,10.82,A 1% price increase leads to a 0.91% decrease in demand. Low price sensitivity.
21724,PANDA AND BUNNIES STICKER SHEET,General,-0.9117,Inelastic,0.8474,0.9295,9.69,RAISE_PRICE,0.86,0.34,LOW,0.0008,False,11.44,A 1% price increase leads to a 0.91% decrease in demand. Low price sensitivity.
20932,PINK POT PLANT CANDLE,General,-0.9111,Inelastic,2.6058,2.8601,9.76,RAISE_PRICE,0.87,0.35,LOW,0.033,False,10.49,A 1% price increase leads to a 0.91% decrease in demand. Low price sensitivity.
22224,WHITE LOVEBIRD LANTERN,General,-0.9109,Inelastic,2.9043,3.1883,9.78,RAISE_PRICE,0.87,0.35,LOW,0.001,False,9.64,A 1% price increase leads to a 0.91% decrease in demand. Low price sensitivity.
23358,HOT STUFF HOT WATER BOTTLE,General,-0.91,Inelastic,3.0243,3.3234,9.89,RAISE_PRICE,0.89,0.36,LOW,0.0254,False,11.47,A 1% price increase leads to a 0.91% decrease in demand. Low price sensitivity.
22789,T-LIGHT HOLDER SWEETHEART HANGING,General,-0.9097,Inelastic,1.9894,2.1869,9.93,RAISE_PRICE,0.9,0.36,LOW,0.0029,False,9.34,A 1% price increase leads to a 0.91% decrease in demand. Low price sensitivity.
20669,Unknown,General,-0.9089,Inelastic,1.2526,1.3781,10.02,RAISE_PRICE,0.91,0.36,LOW,0.0005,False,10.27,A 1% price increase leads to a 0.91% decrease in demand. Low price sensitivity.
23226,FILIGREE HEART DAISY WHITE,General,-0.9076,Inelastic,1.2349,1.3606,10.18,RAISE_PRICE,0.94,0.38,LOW,0.0007,False,12.03,A 1% price increase leads to a 0.91% decrease in demand. Low price sensitivity.
23330,DECORATIVE WICKER HEART MEDIUM,General,-0.9074,Inelastic,1.2448,1.3718,10.2,RAISE_PRICE,0.94,0.38,LOW,0.0007,False,10.66,A 1% price increase leads to a 0.91% decrease in demand. Low price sensitivity.
22723,SET OF 6 HERB TINS SKETCHBOOK,General,-0.9065,Inelastic,3.5509,3.917,10.31,RAISE_PRICE,0.96,0.38,LOW,0.0163,True,9.53,A 1% price increase leads to a 0.91% decrease in demand. Low price sensitivity.
21718,RED METAL BEACH SPADE ,General,-0.8959,Inelastic,1.2494,1.3946,11.62,RAISE_PRICE,1.21,0.48,LOW,0.0006,False,10.04,A 1% price increase leads to a 0.9% decrease in demand. Low price sensitivity.
84563A,damaged,General,-0.894,Inelastic,4.4478,4.9753,11.86,RAISE_PRICE,1.26,0.5,LOW,0.0248,False,5.5,A 1% price increase leads to a 0.89% decrease in demand. Low price sensitivity.
82578,KITCHEN METAL SIGN,General,-0.8935,Inelastic,0.5602,0.627,11.92,RAISE_PRICE,1.27,0.51,LOW,0.0022,False,11.43,A 1% price increase leads to a 0.89% decrease in demand. Low price sensitivity.
21114,LAVENDER SCENTED FABRIC HEART,General,-0.8904,Inelastic,1.2507,1.4047,12.31,RAISE_PRICE,1.35,0.54,LOW,0.0006,False,10.1,A 1% price increase leads to a 0.89% decrease in demand. Low price sensitivity.
22948,sold as set on dotcom,General,-0.8899,Inelastic,0.9498,1.0673,12.37,RAISE_PRICE,1.36,0.54,LOW,0.0089,False,9.61,A 1% price increase leads to a 0.89% decrease in demand. Low price sensitivity.
84580,MOUSE TOY WITH PINK T-SHIRT,General,-0.8897,Inelastic,3.7837,4.2529,12.4,RAISE_PRICE,1.37,0.55,LOW,0.0007,False,9.17,A 1% price increase leads to a 0.89% decrease in demand. Low price sensitivity.
85141,Unknown,General,-0.8847,Inelastic,5.076,5.7374,13.03,RAISE_PRICE,1.5,0.6,LOW,0.0206,False,8.97,A 1% price increase leads to a 0.88% decrease in demand. Low price sensitivity.
22403,MAGNETS PACK OF 4 VINTAGE LABELS ,General,-0.8844,Inelastic,0.5423,0.6132,13.07,RAISE_PRICE,1.51,0.6,LOW,0.0266,True,10.58,A 1% price increase leads to a 0.88% decrease in demand. Low price sensitivity.
20970,PINK FLORAL FELTCRAFT SHOULDER BAG,General,-0.8785,Inelastic,3.7441,4.2619,13.83,RAISE_PRICE,1.68,0.67,LOW,0.0006,False,9.82,A 1% price increase leads to a 0.88% decrease in demand. Low price sensitivity.
23272,TREE T-LIGHT HOLDER WILLIE WINKIE,General,-0.8784,Inelastic,1.3211,1.5039,13.84,RAISE_PRICE,1.68,0.67,LOW,0.0266,False,12.26,A 1% price increase leads to a 0.88% decrease in demand. Low price sensitivity.
21822,GLITTER CHRISTMAS TREE WITH BELLS,General,-0.8759,Inelastic,1.0286,1.1744,14.17,RAISE_PRICE,1.76,0.7,LOW,0.0238,False,8.48,A 1% price increase leads to a 0.88% decrease in demand. Low price sensitivity.
84884A,ANT WHITE WIRE HEART SPIRAL,General,-0.8759,Inelastic,3.8629,4.4103,14.17,RAISE_PRICE,1.76,0.7,LOW,0.0038,False,8.13,A 1% price increase leads to a 0.88% decrease in demand. Low price sensitivity.
22443,Unknown,General,-0.8715,Inelastic,7.9397,9.11,14.74,RAISE_PRICE,1.89,0.76,LOW,0.0005,False,8.87,A 1% price increase leads to a 0.87% decrease in demand. Low price sensitivity.
23186,FRENCH STYLE STORAGE JAR CAFE ,General,-0.8712,Inelastic,0.3865,0.4436,14.78,RAISE_PRICE,1.9,0.76,LOW,0.0279,True,11.43,A 1% price increase leads to a 0.87% decrease in demand. Low price sensitivity.
79149B,SILICON STAR BULB  BLUE,General,-0.8682,Inelastic,0.4224,0.4865,15.18,RAISE_PRICE,2.0,0.8,LOW,0.0005,False,6.9,A 1% price increase leads to a 0.87% decrease in demand. Low price sensitivity.
21467,CHERRY CROCHET FOOD COVER,General,-0.8679,Inelastic,3.7471,4.3174,15.22,RAISE_PRICE,2.01,0.8,LOW,0.0007,False,7.84,A 1% price increase leads to a 0.87% decrease in demand. Low price sensitivity.
23522,WALL ART DOG AND BALL ,General,-0.8628,Inelastic,2.1256,2.4636,15.9,RAISE_PRICE,2.18,0.87,LOW,0.0148,False,16.72,A 1% price increase leads to a 0.86% decrease in demand. Low price sensitivity.
51014L,"FEATHER PEN,LIGHT PINK",General,-0.8623,Inelastic,0.5146,0.5968,15.97,RAISE_PRICE,2.2,0.88,LOW,0.0178,False,11.03,A 1% price increase leads to a 0.86% decrease in demand. Low price sensitivity.
22096,PINK PAISLEY SQUARE TISSUE BOX ,General,-0.8614,Inelastic,0.5531,0.6421,16.09,RAISE_PRICE,2.23,0.89,LOW,0.0287,True,11.08,A 1% price increase leads to a 0.86% decrease in demand. Low price sensitivity.
23509,MINI PLAYING CARDS FUN FAIR ,General,-0.8606,Inelastic,0.4193,0.4872,16.2,RAISE_PRICE,2.26,0.9,LOW,0.0006,False,9.2,A 1% price increase leads to a 0.86% decrease in demand. Low price sensitivity.
23343,20713,General,-0.8577,Inelastic,2.0674,2.4104,16.59,RAISE_PRICE,2.36,0.94,LOW,0.0006,False,14.35,A 1% price increase leads to a 0.86% decrease in demand. Low price sensitivity.
21279,Unknown,General,-0.8575,Inelastic,2.5468,2.9701,16.62,RAISE_PRICE,2.37,0.95,LOW,0.0006,False,6.28,A 1% price increase leads to a 0.86% decrease in demand. Low price sensitivity.
23372,SET 36 COLOUR PENCILS DOLLY GIRL,General,-0.857,Inelastic,1.241,1.4481,16.69,RAISE_PRICE,2.39,0.96,LOW,0.0007,False,10.53,A 1% price increase leads to a 0.86% decrease in demand. Low price sensitivity.
47480,HANGING PHOTO CLIP ROPE LADDER,General,-0.8569,Inelastic,1.7832,2.081,16.7,RAISE_PRICE,2.39,0.96,LOW,0.0059,False,10.36,A 1% price increase leads to a 0.86% decrease in demand. Low price sensitivity.
84927E,Unknown,General,-0.8563,Inelastic,1.4171,1.6549,16.78,RAISE_PRICE,2.41,0.96,LOW,0.1263,False,8.71,A 1% price increase leads to a 0.86% decrease in demand. Low price sensitivity.
22465,HANGING METAL STAR LANTERN,General,-0.8557,Inelastic,1.3913,1.6259,16.86,RAISE_PRICE,2.43,0.97,LOW,0.0072,False,11.6,A 1% price increase leads to a 0.86% decrease in demand. Low price sensitivity.
22343,PARTY PIZZA DISH RED RETROSPOT,General,-0.8548,Inelastic,0.4841,0.5663,16.99,RAISE_PRICE,2.47,0.99,LOW,0.055,True,12.72,A 1% price increase leads to a 0.85% decrease in demand. Low price sensitivity.
84192,ASSORTED COLOUR METAL CAT ,General,-0.8544,Inelastic,1.2534,1.467,17.04,RAISE_PRICE,2.48,0.99,LOW,0.0006,False,9.43,A 1% price increase leads to a 0.85% decrease in demand. Low price sensitivity.
23304,SET 4 PICNIC CUTLERY CHERRY ,General,-0.8539,Inelastic,1.9538,2.2881,17.11,RAISE_PRICE,2.5,1.0,LOW,0.001,False,13.42,A 1% price increase leads to a 0.85% decrease in demand. Low price sensitivity.
85136A,damages,General,-0.8537,Inelastic,7.9538,9.3171,17.14,RAISE_PRICE,2.51,1.0,LOW,0.0005,False,7.12,A 1% price increase leads to a 0.85% decrease in demand. Low price sensitivity.
21032,SPACE CADET WHITE,General,-0.8526,Inelastic,1.5594,1.829,17.29,RAISE_PRICE,2.55,1.02,LOW,0.0105,False,8.84,A 1% price increase leads to a 0.85% decrease in demand. Low price sensitivity.
23255,CHILDRENS CUTLERY CIRCUS PARADE,General,-0.8491,Inelastic,4.1268,4.8601,17.77,RAISE_PRICE,2.68,1.07,LOW,0.0007,False,9.99,A 1% price increase leads to a 0.85% decrease in demand. Low price sensitivity.
85049F,Unknown,General,-0.8489,Inelastic,1.2528,1.4758,17.8,RAISE_PRICE,2.69,1.08,LOW,0.0007,False,9.76,A 1% price increase leads to a 0.85% decrease in demand. Low price sensitivity.
85014A,BLACK/BLUE POLKADOT UMBRELLA,General,-0.8469,Inelastic,6.0528,7.1471,18.08,RAISE_PRICE,2.77,1.11,LOW,0.0014,False,9.98,A 1% price increase leads to a 0.85% decrease in demand. Low price sensitivity.
22905,CALENDAR IN SEASON DESIGN,General,-0.8437,Inelastic,2.6049,3.0876,18.53,RAISE_PRICE,2.9,1.16,LOW,0.0133,False,9.82,A 1% price increase leads to a 0.84% decrease in demand. Low price sensitivity.
84818,damages,General,-0.8425,Inelastic,1.5619,1.8538,18.69,RAISE_PRICE,2.94,1.18,LOW,0.0376,True,13.18,A 1% price increase leads to a 0.84% decrease in demand. Low price sensitivity.
22540,MINI JIGSAW CIRCUS PARADE ,General,-0.8414,Inelastic,0.3793,0.4508,18.85,RAISE_PRICE,2.99,1.2,LOW,0.0064,False,15.62,A 1% price increase leads to a 0.84% decrease in demand. Low price sensitivity.
22916,HERB MARKER THYME,General,-0.8312,Inelastic,0.6499,0.7819,20.31,RAISE_PRICE,3.43,1.37,LOW,0.0005,False,10.93,A 1% price increase leads to a 0.83% decrease in demand. Low price sensitivity.
22571,ROCKING HORSE RED CHRISTMAS ,General,-0.8282,Inelastic,0.8435,1.0184,20.74,RAISE_PRICE,3.56,1.42,LOW,0.0006,False,12.25,A 1% price increase leads to a 0.83% decrease in demand. Low price sensitivity.
21284,RETROSPOT CANDLE  SMALL,General,-0.8273,Inelastic,0.7592,0.9177,20.88,RAISE_PRICE,3.61,1.44,LOW,0.0543,True,11.46,A 1% price increase leads to a 0.83% decrease in demand. Low price sensitivity.
22097,SWALLOW SQUARE TISSUE BOX,General,-0.8237,Inelastic,0.632,0.7672,21.4,RAISE_PRICE,3.77,1.51,LOW,0.0262,True,11.85,A 1% price increase leads to a 0.82% decrease in demand. Low price sensitivity.
21576,LETS GO SHOPPING COTTON TOTE BAG,General,-0.8237,Inelastic,2.2413,2.7209,21.4,RAISE_PRICE,3.77,1.51,LOW,0.0006,False,7.88,A 1% price increase leads to a 0.82% decrease in demand. Low price sensitivity.
20983,12 PENCILS TALL TUBE RED RETROSPOT,General,-0.8236,Inelastic,0.8484,1.0301,21.42,RAISE_PRICE,3.78,1.51,LOW,0.0005,False,11.08,A 1% price increase leads to a 0.82% decrease in demand. Low price sensitivity.
85034A,check,General,-0.8236,Inelastic,3.4986,4.248,21.42,RAISE_PRICE,3.78,1.51,LOW,0.0635,True,7.05,A 1% price increase leads to a 0.82% decrease in demand. Low price sensitivity.
22390,PAPERWEIGHT CHILDHOOD MEMORIES,General,-0.8213,Inelastic,2.2351,2.7215,21.76,RAISE_PRICE,3.89,1.56,LOW,0.0841,True,11.36,A 1% price increase leads to a 0.82% decrease in demand. Low price sensitivity.
21307,SET/4 BUTTERFLY MIRROR MAGNETS,General,-0.8206,Inelastic,1.1041,1.3455,21.86,RAISE_PRICE,3.92,1.57,LOW,0.0928,True,7.93,A 1% price increase leads to a 0.82% decrease in demand. Low price sensitivity.
37327,adjustment,General,-0.82,Inelastic,0.4799,0.5852,21.95,RAISE_PRICE,3.95,1.58,LOW,0.0191,False,10.45,A 1% price increase leads to a 0.82% decrease in demand. Low price sensitivity.
22461,Unknown,General,-0.8193,Inelastic,7.9629,9.7195,22.06,RAISE_PRICE,3.99,1.6,LOW,0.0425,True,8.71,A 1% price increase leads to a 0.82% decrease in demand. Low price sensitivity.
21128,GOLD FISHING GNOME,General,-0.8191,Inelastic,6.0407,7.3751,22.09,RAISE_PRICE,4.0,1.6,LOW,0.0239,False,7.33,A 1% price increase leads to a 0.82% decrease in demand. Low price sensitivity.
84820,DANISH ROSE TRINKET TRAYS,General,-0.8185,Inelastic,3.5753,4.3679,22.17,RAISE_PRICE,4.02,1.61,LOW,0.092,True,8.76,A 1% price increase leads to a 0.82% decrease in demand. Low price sensitivity.
72800B, 4 PURPLE FLOCK DINNER CANDLES,General,-0.8185,Inelastic,2.0152,2.462,22.17,RAISE_PRICE,4.02,1.61,LOW,0.031,False,9.4,A 1% price increase leads to a 0.82% decrease in demand. Low price sensitivity.
22115,METAL SIGN EMPIRE TEA,General,-0.8169,Inelastic,1.4715,1.8013,22.41,RAISE_PRICE,4.1,1.64,LOW,0.0471,True,10.15,A 1% price increase leads to a 0.82% decrease in demand. Low price sensitivity.
21194,PINK  HONEYCOMB PAPER FAN,General,-0.8134,Inelastic,0.8387,1.0311,22.94,RAISE_PRICE,4.28,1.71,LOW,0.0248,False,8.57,A 1% price increase leads to a 0.81% decrease in demand. Low price sensitivity.
22344,PARTY PIZZA DISH PINK POLKADOT,General,-0.8096,Inelastic,0.4336,0.5356,23.52,RAISE_PRICE,4.48,1.79,LOW,0.055,True,11.83,A 1% price increase leads to a 0.81% decrease in demand. Low price sensitivity.
21246,damaged,General,-0.8083,Inelastic,4.9558,6.1313,23.72,RAISE_PRICE,4.55,1.82,LOW,0.0004,False,9.96,A 1% price increase leads to a 0.81% decrease in demand. Low price sensitivity.
21946,PARTY TIME DESIGN FLANNEL,General,-0.8065,Inelastic,0.7621,0.9449,23.99,RAISE_PRICE,4.64,1.86,LOW,0.0098,False,9.41,A 1% price increase leads to a 0.81% decrease in demand. Low price sensitivity.
22711,WRAP CIRCUS PARADE,General,-0.802,Inelastic,0.4203,0.5241,24.69,RAISE_PRICE,4.89,1.96,LOW,0.0005,False,12.09,A 1% price increase leads to a 0.8% decrease in demand. Low price sensitivity.
22168,Unknown,General,-0.8008,Inelastic,8.4857,10.5969,24.88,RAISE_PRICE,4.96,1.98,LOW,0.0004,False,8.99,A 1% price increase leads to a 0.8% decrease in demand. Low price sensitivity.
84969,check,General,-0.7991,Inelastic,4.2118,5.2648,25.0,RAISE_PRICE,5.02,2.01,LOW,0.0007,False,8.91,A 1% price increase leads to a 0.8% decrease in demand. Low price sensitivity.
22599,CHRISTMAS MUSICAL ZINC STAR,General,-0.799,Inelastic,0.5229,0.6536,25.0,RAISE_PRICE,5.02,2.01,LOW,0.0374,True,10.63,A 1% price increase leads to a 0.8% decrease in demand. Low price sensitivity.
84804B,Unknown,General,-0.7979,Inelastic,1.5173,1.8966,25.0,RAISE_PRICE,5.05,2.02,LOW,0.0527,False,12.87,A 1% price increase leads to a 0.8% decrease in demand. Low price sensitivity.
22394,PAPERWEIGHT KINGS CHOICE ,General,-0.794,Inelastic,1.4055,1.7569,25.0,RAISE_PRICE,5.15,2.06,LOW,0.0714,False,8.71,A 1% price increase leads to a 0.79% decrease in demand. Low price sensitivity.
22099,CARAVAN SQUARE TISSUE BOX,General,-0.792,Inelastic,0.6037,0.7546,25.0,RAISE_PRICE,5.2,2.08,LOW,0.0275,True,11.71,A 1% price increase leads to a 0.79% decrease in demand. Low price sensitivity.
23391, I LOVE LONDON MINI RUCKSACK,General,-0.7912,Inelastic,4.1477,5.1846,25.0,RAISE_PRICE,5.22,2.09,LOW,0.0007,False,8.32,A 1% price increase leads to a 0.79% decrease in demand. Low price sensitivity.
21557,SET OF 6 FUNKY BEAKERS,General,-0.7882,Inelastic,3.3091,4.1364,25.0,RAISE_PRICE,5.29,2.12,LOW,0.0066,False,8.12,A 1% price increase leads to a 0.79% decrease in demand. Low price sensitivity.
23425,STORAGE TIN HOME SWEET HOME,General,-0.7879,Inelastic,1.6588,2.0735,25.0,RAISE_PRICE,5.3,2.12,LOW,0.0256,False,10.14,A 1% price increase leads to a 0.79% decrease in demand. Low price sensitivity.
35961,FOLKART ZINC HEART CHRISTMAS DEC,General,-0.7871,Inelastic,0.8497,1.0621,25.0,RAISE_PRICE,5.32,2.13,LOW,0.0005,False,12.02,A 1% price increase leads to a 0.79% decrease in demand. Low price sensitivity.
22396,MAGNETS PACK OF 4 RETRO PHOTO,General,-0.786,Inelastic,0.5792,0.724,25.0,RAISE_PRICE,5.35,2.14,LOW,0.0281,True,9.87,A 1% price increase leads to a 0.79% decrease in demand. Low price sensitivity.
21591,check,General,-0.7849,Inelastic,1.2469,1.5586,25.0,RAISE_PRICE,5.38,2.15,LOW,0.0004,False,11.13,A 1% price increase leads to a 0.78% decrease in demand. Low price sensitivity.
22052,Unknown,General,-0.7812,Inelastic,0.4209,0.5261,25.0,RAISE_PRICE,5.47,2.19,LOW,0.0005,False,11.14,A 1% price increase leads to a 0.78% decrease in demand. Low price sensitivity.
22610,PENS ASSORTED FUNNY FACE,General,-0.7788,Inelastic,0.2417,0.3021,25.0,RAISE_PRICE,5.53,2.21,LOW,0.0122,True,20.97,A 1% price increase leads to a 0.78% decrease in demand. Low price sensitivity.
84916,Unknown,General,-0.773,Inelastic,5.1154,6.3943,25.0,RAISE_PRICE,5.67,2.27,LOW,0.0321,False,7.68,A 1% price increase leads to a 0.77% decrease in demand. Low price sensitivity.
22043,dotcom,General,-0.7718,Inelastic,0.2198,0.2747,25.0,RAISE_PRICE,5.7,2.28,LOW,0.0097,False,13.38,A 1% price increase leads to a 0.77% decrease in demand. Low price sensitivity.
22066,LOVE HEART TRINKET POT,General,-0.7709,Inelastic,0.6619,0.8274,25.0,RAISE_PRICE,5.73,2.29,LOW,0.0344,True,11.34,A 1% price increase leads to a 0.77% decrease in demand. Low price sensitivity.
90214A,"LETTER ""A"" BLING KEY RING",General,-0.7708,Inelastic,0.9737,1.2171,25.0,RAISE_PRICE,5.73,2.29,LOW,0.0503,False,8.35,A 1% price increase leads to a 0.77% decrease in demand. Low price sensitivity.
23239,SET OF 4 KNICK KNACK TINS POPPIES,General,-0.7705,Inelastic,3.6558,4.5697,25.0,RAISE_PRICE,5.74,2.3,LOW,0.0089,False,10.16,A 1% price increase leads to a 0.77% decrease in demand. Low price sensitivity.
22597,MUSICAL ZINC HEART DECORATION ,General,-0.7689,Inelastic,0.4968,0.621,25.0,RAISE_PRICE,5.78,2.31,LOW,0.0237,True,12.4,A 1% price increase leads to a 0.77% decrease in demand. Low price sensitivity.
21636,check,General,-0.7656,Inelastic,0.8211,1.0264,25.0,RAISE_PRICE,5.86,2.34,LOW,0.0075,False,10.02,A 1% price increase leads to a 0.77% decrease in demand. Low price sensitivity.
22209,WOOD STAMP SET HAPPY BIRTHDAY,General,-0.7589,Inelastic,0.9912,1.239,25.0,RAISE_PRICE,6.03,2.41,LOW,0.0092,False,10.52,A 1% price increase leads to a 0.76% decrease in demand. Low price sensitivity.
22839,3 TIER CAKE TIN GREEN AND CREAM,General,-0.7576,Inelastic,15.082,18.8525,25.0,RAISE_PRICE,6.06,2.42,LOW,0.0008,False,9.41,A 1% price increase leads to a 0.76% decrease in demand. Low price sensitivity.
22267,EASTER DECORATION EGG BUNNY ,General,-0.7526,Inelastic,0.9927,1.2409,25.0,RAISE_PRICE,6.18,2.47,LOW,0.0334,True,8.36,A 1% price increase leads to a 0.75% decrease in demand. Low price sensitivity.
22046,TEA PARTY  WRAPPING PAPER ,General,-0.752,Inelastic,0.4173,0.5216,25.0,RAISE_PRICE,6.2,2.48,LOW,0.0005,False,12.44,A 1% price increase leads to a 0.75% decrease in demand. Low price sensitivity.
23213,STAR WREATH DECORATION WITH BELL,General,-0.7491,Inelastic,1.2405,1.5506,25.0,RAISE_PRICE,6.27,2.51,LOW,0.0007,False,10.4,A 1% price increase leads to a 0.75% decrease in demand. Low price sensitivity.
84987,SET OF 36 TEATIME PAPER DOILIES,General,-0.7439,Inelastic,1.4764,1.8455,25.0,RAISE_PRICE,6.4,2.56,LOW,0.0004,False,11.29,A 1% price increase leads to a 0.74% decrease in demand. Low price sensitivity.
84012,MAGIC SHEEP WOOL GROWING FROM PAPER,General,-0.7418,Inelastic,1.1006,1.3758,25.0,RAISE_PRICE,6.46,2.58,LOW,0.0177,False,11.85,A 1% price increase leads to a 0.74% decrease in demand. Low price sensitivity.
22591,Unknown,General,-0.7403,Inelastic,3.618,4.5225,25.0,RAISE_PRICE,6.49,2.6,LOW,0.0063,False,10.04,A 1% price increase leads to a 0.74% decrease in demand. Low price sensitivity.
21179,damaged,General,-0.7401,Inelastic,0.7665,0.9581,25.0,RAISE_PRICE,6.5,2.6,LOW,0.0295,True,10.27,A 1% price increase leads to a 0.74% decrease in demand. Low price sensitivity.
35967,FOLK ART METAL STAR T-LIGHT HOLDER,General,-0.7375,Inelastic,0.4146,0.5182,25.0,RAISE_PRICE,6.56,2.62,LOW,0.007,False,9.7,A 1% price increase leads to a 0.74% decrease in demand. Low price sensitivity.
22395,PAPERWEIGHT VINTAGE PAISLEY,General,-0.7329,Inelastic,0.8979,1.1224,25.0,RAISE_PRICE,6.68,2.67,LOW,0.0427,False,14.1,A 1% price increase leads to a 0.73% decrease in demand. Low price sensitivity.
22374,AIRLINE BAG VINTAGE JET SET RED,General,-0.7313,Inelastic,4.2961,5.3701,25.0,RAISE_PRICE,6.72,2.69,LOW,0.0011,False,9.51,A 1% price increase leads to a 0.73% decrease in demand. Low price sensitivity.
21065,BOOM BOX SPEAKER GIRLS,General,-0.7308,Inelastic,3.7166,4.6458,25.0,RAISE_PRICE,6.73,2.69,LOW,0.0837,True,8.41,A 1% price increase leads to a 0.73% decrease in demand. Low price sensitivity.
22807,SET OF 6 T-LIGHTS TOADSTOOLS,General,-0.7306,Inelastic,2.6725,3.3406,25.0,RAISE_PRICE,6.73,2.69,LOW,0.0092,False,10.21,A 1% price increase leads to a 0.73% decrease in demand. Low price sensitivity.
23324,RUSTIC STRAWBERRY JAM POT LARGE ,General,-0.7297,Inelastic,2.0546,2.5683,25.0,RAISE_PRICE,6.76,2.7,LOW,0.0005,False,9.24,A 1% price increase leads to a 0.73% decrease in demand. Low price sensitivity.
23430,BLUE RETRO KITCHEN WALL CLOCK,General,-0.7276,Inelastic,8.1535,10.1919,25.0,RAISE_PRICE,6.81,2.72,LOW,0.0004,False,7.63,A 1% price increase leads to a 0.73% decrease in demand. Low price sensitivity.
22797,damages,General,-0.7244,Inelastic,17.3972,21.7465,25.0,RAISE_PRICE,6.89,2.76,LOW,0.0016,False,7.67,A 1% price increase leads to a 0.72% decrease in demand. Low price sensitivity.
85078,missing,General,-0.7236,Inelastic,0.2253,0.2816,25.0,RAISE_PRICE,6.91,2.76,LOW,0.0101,False,11.82,A 1% price increase leads to a 0.72% decrease in demand. Low price sensitivity.
21400,RED PUDDING SPOON,General,-0.7219,Inelastic,0.136,0.17,25.0,RAISE_PRICE,6.95,2.78,LOW,0.0086,False,9.82,A 1% price increase leads to a 0.72% decrease in demand. Low price sensitivity.
21892,TRADITIONAL WOODEN CATCH CUP GAME ,General,-0.7217,Inelastic,1.2828,1.6035,25.0,RAISE_PRICE,6.96,2.78,LOW,0.0006,False,11.46,A 1% price increase leads to a 0.72% decrease in demand. Low price sensitivity.
84927A,Unknown,General,-0.7192,Inelastic,1.2358,1.5448,25.0,RAISE_PRICE,7.02,2.81,LOW,0.0907,False,5.92,A 1% price increase leads to a 0.72% decrease in demand. Low price sensitivity.
22546,MINI JIGSAW PURDEY,General,-0.7145,Inelastic,0.3455,0.4319,25.0,RAISE_PRICE,7.14,2.86,LOW,0.0091,False,13.85,A 1% price increase leads to a 0.71% decrease in demand. Low price sensitivity.
85015,SET OF 12  VINTAGE POSTCARD SET,General,-0.712,Inelastic,1.1834,1.4792,25.0,RAISE_PRICE,7.2,2.88,LOW,0.0388,True,10.03,A 1% price increase leads to a 0.71% decrease in demand. Low price sensitivity.
22762,CUPBOARD 3 DRAWER MA CAMPAGNE,General,-0.7102,Inelastic,14.8804,18.6005,25.0,RAISE_PRICE,7.24,2.9,LOW,0.0004,False,8.39,A 1% price increase leads to a 0.71% decrease in demand. Low price sensitivity.
82552,WASHROOM METAL SIGN,General,-0.7084,Inelastic,1.4601,1.8251,25.0,RAISE_PRICE,7.29,2.92,LOW,0.0006,False,11.58,A 1% price increase leads to a 0.71% decrease in demand. Low price sensitivity.
21494,ROTATING LEAVES T-LIGHT HOLDER,General,-0.7074,Inelastic,1.3556,1.6945,25.0,RAISE_PRICE,7.31,2.92,LOW,0.003,False,10.38,A 1% price increase leads to a 0.71% decrease in demand. Low price sensitivity.
22750,FELTCRAFT PRINCESS LOLA DOLL,General,-0.6991,Inelastic,3.7449,4.6811,25.0,RAISE_PRICE,7.52,3.01,LOW,0.0004,False,11.64,A 1% price increase leads to a 0.7% decrease in demand. Low price sensitivity.
20615,BLUE POLKADOT PASSPORT COVER,General,-0.6986,Inelastic,1.4544,1.818,25.0,RAISE_PRICE,7.54,3.02,LOW,0.0247,False,10.02,A 1% price increase leads to a 0.7% decrease in demand. Low price sensitivity.
84581,Unknown,General,-0.6952,Inelastic,3.7825,4.7281,25.0,RAISE_PRICE,7.62,3.05,LOW,0.0004,False,8.83,A 1% price increase leads to a 0.7% decrease in demand. Low price sensitivity.
21802,CHRISTMAS TREE HEART DECORATION,General,-0.6946,Inelastic,0.4193,0.5241,25.0,RAISE_PRICE,7.63,3.05,LOW,0.0003,False,12.24,A 1% price increase leads to a 0.69% decrease in demand. Low price sensitivity.
22200,FRYING PAN PINK POLKADOT,General,-0.6944,Inelastic,3.5522,4.4402,25.0,RAISE_PRICE,7.64,3.06,LOW,0.0162,False,10.14,A 1% price increase leads to a 0.69% decrease in demand. Low price sensitivity.
84821,DANISH ROSE DELUXE COASTER,General,-0.694,Inelastic,0.5653,0.7066,25.0,RAISE_PRICE,7.65,3.06,LOW,0.0574,True,11.16,A 1% price increase leads to a 0.69% decrease in demand. Low price sensitivity.
23306,SET OF 36 PANTRY PAPER DOILIES,General,-0.692,Inelastic,1.4815,1.8519,25.0,RAISE_PRICE,7.7,3.08,LOW,0.0004,False,11.67,A 1% price increase leads to a 0.69% decrease in demand. Low price sensitivity.
23506,MINI PLAYING CARDS SPACEBOY ,General,-0.6885,Inelastic,0.4203,0.5254,25.0,RAISE_PRICE,7.79,3.12,LOW,0.0004,False,13.41,A 1% price increase leads to a 0.69% decrease in demand. Low price sensitivity.
22117,check,General,-0.6884,Inelastic,2.9474,3.6843,25.0,RAISE_PRICE,7.79,3.12,LOW,0.0003,False,8.28,A 1% price increase leads to a 0.69% decrease in demand. Low price sensitivity.
84806B,WHITE CANDYSTUFT ARTIFICIAL FLOWER,General,-0.6861,Inelastic,1.3135,1.6419,25.0,RAISE_PRICE,7.85,3.14,LOW,0.0197,False,9.04,A 1% price increase leads to a 0.69% decrease in demand. Low price sensitivity.
23081,GREEN METAL BOX TOP SECRET,General,-0.6853,Inelastic,8.342,10.4275,25.0,RAISE_PRICE,7.87,3.15,LOW,0.0016,False,9.9,A 1% price increase leads to a 0.69% decrease in demand. Low price sensitivity.
47567B,TEA TIME KITCHEN APRON,General,-0.6831,Inelastic,6.0488,7.561,25.0,RAISE_PRICE,7.92,3.17,LOW,0.0016,False,9.29,A 1% price increase leads to a 0.68% decrease in demand. Low price sensitivity.
21386,IVORY HANGING DECORATION  EGG,General,-0.6828,Inelastic,0.4274,0.5343,25.0,RAISE_PRICE,7.93,3.17,LOW,0.0495,True,10.46,A 1% price increase leads to a 0.68% decrease in demand. Low price sensitivity.
22155,Unknown,General,-0.6799,Inelastic,0.4198,0.5248,25.0,RAISE_PRICE,8.0,3.2,LOW,0.0004,False,13.43,A 1% price increase leads to a 0.68% decrease in demand. Low price sensitivity.
22393,PAPERWEIGHT VINTAGE COLLAGE,General,-0.6793,Inelastic,1.8221,2.2776,25.0,RAISE_PRICE,8.02,3.21,LOW,0.055,True,9.55,A 1% price increase leads to a 0.68% decrease in demand. Low price sensitivity.
22761,CHEST 7 DRAWER MA CAMPAGNE,General,-0.6767,Inelastic,24.7139,30.8924,25.0,RAISE_PRICE,8.08,3.23,LOW,0.0003,False,8.53,A 1% price increase leads to a 0.68% decrease in demand. Low price sensitivity.
85144,Unknown,General,-0.675,Inelastic,3.5332,4.4165,25.0,RAISE_PRICE,8.12,3.25,LOW,0.0329,False,8.69,A 1% price increase leads to a 0.68% decrease in demand. Low price sensitivity.
21880,RED RETROSPOT TAPE,General,-0.6748,Inelastic,0.5857,0.7321,25.0,RAISE_PRICE,8.13,3.25,LOW,0.0083,False,11.19,A 1% price increase leads to a 0.67% decrease in demand. Low price sensitivity.
35809A,Unknown,General,-0.6708,Inelastic,1.0057,1.2571,25.0,RAISE_PRICE,8.23,3.29,LOW,0.013,False,10.29,A 1% price increase leads to a 0.67% decrease in demand. Low price sensitivity.
85071B,RED CHARLIE+LOLA PERSONAL DOORSIGN,General,-0.6688,Inelastic,0.6929,0.8661,25.0,RAISE_PRICE,8.28,3.31,LOW,0.0391,True,11.67,A 1% price increase leads to a 0.67% decrease in demand. Low price sensitivity.
23238,SET OF 4 KNICK KNACK TINS LONDON ,General,-0.6671,Inelastic,4.1395,5.1744,25.0,RAISE_PRICE,8.32,3.33,LOW,0.0004,False,9.82,A 1% price increase leads to a 0.67% decrease in demand. Low price sensitivity.
22091,EMPIRE TISSUE BOX,General,-0.6623,Inelastic,0.5145,0.6431,25.0,RAISE_PRICE,8.44,3.38,LOW,0.0118,False,12.14,A 1% price increase leads to a 0.66% decrease in demand. Low price sensitivity.
23143,ZINC WIRE KITCHEN ORGANISER,General,-0.6602,Inelastic,6.1881,7.7351,25.0,RAISE_PRICE,8.49,3.4,LOW,0.0234,False,6.62,A 1% price increase leads to a 0.66% decrease in demand. Low price sensitivity.
22469,Unknown,General,-0.6571,Inelastic,1.6391,2.0489,25.0,RAISE_PRICE,8.57,3.43,LOW,0.0003,False,22.95,A 1% price increase leads to a 0.66% decrease in demand. Low price sensitivity.
22283,6 EGG HOUSE PAINTED WOOD,General,-0.6516,Inelastic,7.9409,9.9261,25.0,RAISE_PRICE,8.71,3.48,LOW,0.0003,False,8.69,A 1% price increase leads to a 0.65% decrease in demand. Low price sensitivity.
23382,BOX OF 6 CHRISTMAS CAKE DECORATIONS,General,-0.6512,Inelastic,3.7122,4.6402,25.0,RAISE_PRICE,8.72,3.49,LOW,0.0004,False,12.36,A 1% price increase leads to a 0.65% decrease in demand. Low price sensitivity.
79051A,SMOKEY GREY COLOUR GLASS,General,-0.6498,Inelastic,0.3497,0.4371,25.0,RAISE_PRICE,8.75,3.5,LOW,0.0069,False,11.84,A 1% price increase leads to a 0.65% decrease in demand. Low price sensitivity.
84032A,CHARLIE+LOLA PINK HOT WATER BOTTLE,General,-0.6474,Inelastic,2.4446,3.0557,25.0,RAISE_PRICE,8.82,3.53,LOW,0.0119,False,10.44,A 1% price increase leads to a 0.65% decrease in demand. Low price sensitivity.
21327,SKULLS WRITING SET ,General,-0.6472,Inelastic,1.6514,2.0642,25.0,RAISE_PRICE,8.82,3.53,LOW,0.0004,False,7.77,A 1% price increase leads to a 0.65% decrease in demand. Low price sensitivity.
16161U,WRAP SUKI AND FRIENDS,General,-0.6468,Inelastic,0.419,0.5237,25.0,RAISE_PRICE,8.83,3.53,LOW,0.0003,False,15.97,A 1% price increase leads to a 0.65% decrease in demand. Low price sensitivity.
21851,LILAC DIAMANTE PEN IN GIFT BOX,General,-0.6462,Inelastic,4.9782,6.2228,25.0,RAISE_PRICE,8.85,3.54,LOW,0.0004,False,6.68,A 1% price increase leads to a 0.65% decrease in demand. Low price sensitivity.
75172,Unknown,General,-0.6458,Inelastic,1.7762,2.2203,25.0,RAISE_PRICE,8.85,3.54,LOW,0.0524,False,7.39,A 1% price increase leads to a 0.65% decrease in demand. Low price sensitivity.
23130,MISELTOE HEART WREATH ,General,-0.6456,Inelastic,4.2464,5.308,25.0,RAISE_PRICE,8.86,3.54,LOW,0.0006,False,9.29,A 1% price increase leads to a 0.65% decrease in demand. Low price sensitivity.
21918,Unknown,General,-0.645,Inelastic,0.4242,0.5302,25.0,RAISE_PRICE,8.88,3.55,LOW,0.0003,False,14.28,A 1% price increase leads to a 0.65% decrease in demand. Low price sensitivity.
47593A,Unknown,General,-0.642,Inelastic,1.0537,1.3171,25.0,RAISE_PRICE,8.95,3.58,LOW,0.0251,False,9.0,A 1% price increase leads to a 0.64% decrease in demand. Low price sensitivity.
22858,EASTER TIN KEEPSAKE,General,-0.6408,Inelastic,1.6416,2.052,25.0,RAISE_PRICE,8.98,3.59,LOW,0.0004,False,9.3,A 1% price increase leads to a 0.64% decrease in demand. Low price sensitivity.
90191,??,General,-0.6367,Inelastic,10.2737,12.8421,25.0,RAISE_PRICE,9.08,3.63,LOW,0.031,False,8.36,A 1% price increase leads to a 0.64% decrease in demand. Low price sensitivity.
47574A,check,General,-0.6348,Inelastic,1.2172,1.5215,25.0,RAISE_PRICE,9.13,3.65,LOW,0.0242,False,9.89,A 1% price increase leads to a 0.63% decrease in demand. Low price sensitivity.
21306,SET/4 DAISY MIRROR MAGNETS,General,-0.6336,Inelastic,0.7168,0.896,25.0,RAISE_PRICE,9.16,3.66,LOW,0.0746,True,11.02,A 1% price increase leads to a 0.63% decrease in demand. Low price sensitivity.
35004G,SET OF 3 GOLD FLYING DUCKS,General,-0.6334,Inelastic,4.9243,6.1554,25.0,RAISE_PRICE,9.17,3.67,LOW,0.0228,False,12.46,A 1% price increase leads to a 0.63% decrease in demand. Low price sensitivity.
51020A,adjustment,General,-0.6303,Inelastic,0.7135,0.8919,25.0,RAISE_PRICE,9.24,3.7,LOW,0.0299,False,12.74,A 1% price increase leads to a 0.63% decrease in demand. Low price sensitivity.
22447,PIN CUSHION BABUSHKA BLUE,General,-0.6278,Inelastic,2.5604,3.2005,25.0,RAISE_PRICE,9.3,3.72,LOW,0.0135,False,7.64,A 1% price increase leads to a 0.63% decrease in demand. Low price sensitivity.
22531,MAGIC DRAWING SLATE CIRCUS PARADE  ,General,-0.6232,Inelastic,0.4206,0.5257,25.0,RAISE_PRICE,9.42,3.77,LOW,0.0003,False,11.47,A 1% price increase leads to a 0.62% decrease in demand. Low price sensitivity.
84951A,SET OF 4 PISTACHIO LOVEBIRD COASTER,General,-0.6224,Inelastic,1.058,1.3225,25.0,RAISE_PRICE,9.44,3.78,LOW,0.0129,False,8.23,A 1% price increase leads to a 0.62% decrease in demand. Low price sensitivity.
21397,damaged,General,-0.6196,Inelastic,0.5363,0.6704,25.0,RAISE_PRICE,9.51,3.8,LOW,0.0157,False,11.12,A 1% price increase leads to a 0.62% decrease in demand. Low price sensitivity.
22268,check,General,-0.6171,Inelastic,0.548,0.685,25.0,RAISE_PRICE,9.57,3.83,LOW,0.0424,True,10.97,A 1% price increase leads to a 0.62% decrease in demand. Low price sensitivity.
23532,WALL ART WORK REST AND PLAY  ,General,-0.6167,Inelastic,4.1832,5.229,25.0,RAISE_PRICE,9.58,3.83,LOW,0.0097,False,10.23,A 1% price increase leads to a 0.62% decrease in demand. Low price sensitivity.
22398,MAGNETS PACK OF 4 SWALLOWS,General,-0.6138,Inelastic,0.6262,0.7827,25.0,RAISE_PRICE,9.65,3.86,LOW,0.0161,True,12.15,A 1% price increase leads to a 0.61% decrease in demand. Low price sensitivity.
16156S,Unknown,General,-0.6113,Inelastic,0.4171,0.5214,25.0,RAISE_PRICE,9.72,3.89,LOW,0.0003,False,16.79,A 1% price increase leads to a 0.61% decrease in demand. Low price sensitivity.
17012D,ORIGAMI ROSE INCENSE/CANDLE SET ,General,-0.6086,Inelastic,1.1029,1.3786,25.0,RAISE_PRICE,9.79,3.92,LOW,0.0158,False,8.23,A 1% price increase leads to a 0.61% decrease in demand. Low price sensitivity.
22487,WHITE WOOD GARDEN PLANT LADDER,General,-0.6085,Inelastic,9.8079,12.2599,25.0,RAISE_PRICE,9.79,3.92,LOW,0.0004,False,10.86,A 1% price increase leads to a 0.61% decrease in demand. Low price sensitivity.
23264,SET OF 3 WOODEN SLEIGH DECORATIONS,General,-0.6075,Inelastic,1.315,1.6437,25.0,RAISE_PRICE,9.81,3.92,LOW,0.0006,False,11.26,A 1% price increase leads to a 0.61% decrease in demand. Low price sensitivity.
21033,taig adjust no stock,General,-0.6045,Inelastic,2.37,2.9625,25.0,RAISE_PRICE,9.89,3.96,LOW,0.002,False,9.96,A 1% price increase leads to a 0.6% decrease in demand. Low price sensitivity.
46000R,POLYESTER FILLER PAD 45x30cm,General,-0.6038,Inelastic,1.4441,1.8051,25.0,RAISE_PRICE,9.9,3.96,LOW,0.0002,False,9.94,A 1% price increase leads to a 0.6% decrease in demand. Low price sensitivity.
21901,"KEY FOB , BACK DOOR ",General,-0.6036,Inelastic,0.6699,0.8374,25.0,RAISE_PRICE,9.91,3.96,LOW,0.001,False,11.19,A 1% price increase leads to a 0.6% decrease in demand. Low price sensitivity.
79164,Unknown,General,-0.6032,Inelastic,0.9268,1.1585,25.0,RAISE_PRICE,9.92,3.97,LOW,0.0439,False,11.32,A 1% price increase leads to a 0.6% decrease in demand. Low price sensitivity.
22190,LOCAL CAFE MUG,General,-0.6018,Inelastic,1.5932,1.9915,25.0,RAISE_PRICE,9.96,3.98,LOW,0.0389,False,10.41,A 1% price increase leads to a 0.6% decrease in demand. Low price sensitivity.
22941,CHRISTMAS LIGHTS 10 REINDEER,General,-0.6017,Inelastic,8.4267,10.5334,25.0,RAISE_PRICE,9.96,3.98,LOW,0.0004,False,10.59,A 1% price increase leads to a 0.6% decrease in demand. Low price sensitivity.
20705,MRS ROBOT SOFT TOY,General,-0.6012,Inelastic,4.0755,5.0944,25.0,RAISE_PRICE,9.97,3.99,LOW,0.032,False,8.74,A 1% price increase leads to a 0.6% decrease in demand. Low price sensitivity.
22582,PACK OF 6 SWEETIE GIFT BOXES,General,-0.5996,Inelastic,2.5572,3.1965,25.0,RAISE_PRICE,10.01,4.0,LOW,0.0003,False,9.16,A 1% price increase leads to a 0.6% decrease in demand. Low price sensitivity.
23393,HOME SWEET HOME CUSHION COVER ,General,-0.5987,Inelastic,3.7541,4.6926,25.0,RAISE_PRICE,10.03,4.01,LOW,0.0003,False,10.25,A 1% price increase leads to a 0.6% decrease in demand. Low price sensitivity.
23265,SET OF 3 WOODEN TREE DECORATIONS,General,-0.5975,Inelastic,1.3206,1.6507,25.0,RAISE_PRICE,10.06,4.02,LOW,0.0008,False,10.84,A 1% price increase leads to a 0.6% decrease in demand. Low price sensitivity.
23340,VINTAGE CHRISTMAS CAKE FRILL,General,-0.5935,Inelastic,1.6467,2.0584,25.0,RAISE_PRICE,10.16,4.06,LOW,0.0003,False,12.12,A 1% price increase leads to a 0.59% decrease in demand. Low price sensitivity.
84927F,PSYCHEDELIC TILE HOOK,General,-0.5902,Inelastic,0.715,0.8937,25.0,RAISE_PRICE,10.25,4.1,LOW,0.0455,True,8.85,A 1% price increase leads to a 0.59% decrease in demand. Low price sensitivity.
85034C,3 ROSE MORRIS BOXED CANDLES,General,-0.5876,Inelastic,1.934,2.4175,25.0,RAISE_PRICE,10.31,4.12,LOW,0.0112,False,10.33,A 1% price increase leads to a 0.59% decrease in demand. Low price sensitivity.
22837,Unknown,General,-0.5875,Inelastic,4.626,5.7825,25.0,RAISE_PRICE,10.31,4.12,LOW,0.0003,False,11.22,A 1% price increase leads to a 0.59% decrease in demand. Low price sensitivity.
84750B,Unknown,General,-0.585,Inelastic,1.1685,1.4606,25.0,RAISE_PRICE,10.38,4.15,LOW,0.0419,False,8.97,A 1% price increase leads to a 0.58% decrease in demand. Low price sensitivity.
20977,Unknown,General,-0.5823,Inelastic,1.2504,1.563,25.0,RAISE_PRICE,10.44,4.18,LOW,0.0003,False,11.42,A 1% price increase leads to a 0.58% decrease in demand. Low price sensitivity.
85019B,check,General,-0.5729,Inelastic,1.6733,2.0916,25.0,RAISE_PRICE,10.68,4.27,LOW,0.0141,False,10.98,A 1% price increase leads to a 0.57% decrease in demand. Low price sensitivity.
22030,??,General,-0.572,Inelastic,0.4219,0.5274,25.0,RAISE_PRICE,10.7,4.28,LOW,0.0006,False,12.65,A 1% price increase leads to a 0.57% decrease in demand. Low price sensitivity.
23026,DRAWER KNOB VINTAGE GLASS STAR,General,-0.5708,Inelastic,2.0866,2.6082,25.0,RAISE_PRICE,10.73,4.29,LOW,0.0003,False,8.47,A 1% price increase leads to a 0.57% decrease in demand. Low price sensitivity.
23487,SWEET HEART CAKE CARRIER,General,-0.5682,Inelastic,9.8074,12.2592,25.0,RAISE_PRICE,10.79,4.32,LOW,0.0004,False,8.32,A 1% price increase leads to a 0.57% decrease in demand. Low price sensitivity.
85035A,CHECK,General,-0.5658,Inelastic,4.4589,5.5736,25.0,RAISE_PRICE,10.86,4.34,LOW,0.0014,False,8.19,A 1% price increase leads to a 0.57% decrease in demand. Low price sensitivity.
22346,PARTY PIZZA DISH GREEN POLKADOT,General,-0.5642,Inelastic,0.401,0.5012,25.0,RAISE_PRICE,10.89,4.36,LOW,0.0244,False,13.48,A 1% price increase leads to a 0.56% decrease in demand. Low price sensitivity.
22214,CANDLE PLATE LACE WHITE,General,-0.5637,Inelastic,1.9589,2.4486,25.0,RAISE_PRICE,10.91,4.36,LOW,0.0158,False,8.79,A 1% price increase leads to a 0.56% decrease in demand. Low price sensitivity.
84917,Unknown,General,-0.5633,Inelastic,4.3829,5.4786,25.0,RAISE_PRICE,10.92,4.37,LOW,0.0278,False,11.59,A 1% price increase leads to a 0.56% decrease in demand. Low price sensitivity.
21367,MIRRORED WALL ART GENTS,General,-0.5579,Inelastic,1.6639,2.0799,25.0,RAISE_PRICE,11.05,4.42,LOW,0.0287,False,8.52,A 1% price increase leads to a 0.56% decrease in demand. Low price sensitivity.
85071A,BLUE CHARLIE+LOLA PERSONAL DOORSIGN,General,-0.5573,Inelastic,0.7835,0.9794,25.0,RAISE_PRICE,11.07,4.43,LOW,0.0385,True,10.22,A 1% price increase leads to a 0.56% decrease in demand. Low price sensitivity.
84931A,PINK SCOTTIE DOG W FLOWER PATTERN,General,-0.556,Inelastic,2.5412,3.1765,25.0,RAISE_PRICE,11.1,4.44,LOW,0.0002,False,9.18,A 1% price increase leads to a 0.56% decrease in demand. Low price sensitivity.
35095A,BLUE VICTORIAN FABRIC OVAL BOX,General,-0.5481,Inelastic,0.4199,0.5249,25.0,RAISE_PRICE,11.3,4.52,LOW,0.0003,False,9.55,A 1% price increase leads to a 0.55% decrease in demand. Low price sensitivity.
22956,36 FOIL HEART CAKE CASES,General,-0.548,Inelastic,1.9608,2.451,25.0,RAISE_PRICE,11.3,4.52,LOW,0.004,False,11.37,A 1% price increase leads to a 0.55% decrease in demand. Low price sensitivity.
21204,DAISIES  HONEYCOMB GARLAND ,General,-0.5478,Inelastic,1.6464,2.058,25.0,RAISE_PRICE,11.31,4.52,LOW,0.0002,False,9.37,A 1% price increase leads to a 0.55% decrease in demand. Low price sensitivity.
23357,HOT WATER BOTTLE SEX BOMB,General,-0.5471,Inelastic,3.7188,4.6485,25.0,RAISE_PRICE,11.32,4.53,LOW,0.0082,False,8.51,A 1% price increase leads to a 0.55% decrease in demand. Low price sensitivity.
85202,HANGING WOOD AND FELT HEART,General,-0.5469,Inelastic,0.42,0.525,25.0,RAISE_PRICE,11.33,4.53,LOW,0.0003,False,12.83,A 1% price increase leads to a 0.55% decrease in demand. Low price sensitivity.
22082,RIBBON REEL STRIPES DESIGN ,General,-0.5454,Inelastic,1.6862,2.1077,25.0,RAISE_PRICE,11.37,4.55,LOW,0.0005,False,12.18,A 1% price increase leads to a 0.55% decrease in demand. Low price sensitivity.
22242,Unknown,General,-0.5417,Inelastic,1.6323,2.0404,25.0,RAISE_PRICE,11.46,4.58,LOW,0.0002,False,10.54,A 1% price increase leads to a 0.54% decrease in demand. Low price sensitivity.
21366,MIRRORED WALL ART PHOTO FRAMES,General,-0.5356,Inelastic,4.2671,5.3339,25.0,RAISE_PRICE,11.61,4.64,LOW,0.0003,False,6.04,A 1% price increase leads to a 0.54% decrease in demand. Low price sensitivity.
90094,NECKLACE+BRACELET SET FRUIT SALAD ,General,-0.5342,Inelastic,2.5442,3.1803,25.0,RAISE_PRICE,11.64,4.66,LOW,0.0001,False,6.61,A 1% price increase leads to a 0.53% decrease in demand. Low price sensitivity.
21900,"KEY FOB , SHED",General,-0.5307,Inelastic,0.6759,0.8449,25.0,RAISE_PRICE,11.73,4.69,LOW,0.0009,False,11.85,A 1% price increase leads to a 0.53% decrease in demand. Low price sensitivity.
21947,SET OF 6 HEART CHOPSTICKS,General,-0.5293,Inelastic,1.3644,1.7055,25.0,RAISE_PRICE,11.77,4.71,LOW,0.0024,False,9.31,A 1% price increase leads to a 0.53% decrease in demand. Low price sensitivity.
84876D,damaged,General,-0.5274,Inelastic,2.5243,3.1554,25.0,RAISE_PRICE,11.82,4.73,LOW,0.0192,False,10.91,A 1% price increase leads to a 0.53% decrease in demand. Low price sensitivity.
22511,RETROSPOT BABUSHKA DOORSTOP,General,-0.5261,Inelastic,2.0097,2.5121,25.0,RAISE_PRICE,11.85,4.74,LOW,0.0227,False,7.93,A 1% price increase leads to a 0.53% decrease in demand. Low price sensitivity.
22266,EASTER DECORATION HANGING BUNNY,General,-0.525,Inelastic,0.4413,0.5516,25.0,RAISE_PRICE,11.88,4.75,LOW,0.0179,False,11.03,A 1% price increase leads to a 0.53% decrease in demand. Low price sensitivity.
23221,REINDEER HEART DECORATION SILVER,General,-0.5247,Inelastic,0.9023,1.1279,25.0,RAISE_PRICE,11.88,4.75,LOW,0.0015,False,13.24,A 1% price increase leads to a 0.52% decrease in demand. Low price sensitivity.
22156,HEART DECORATION WITH PEARLS ,General,-0.5243,Inelastic,0.859,1.0737,25.0,RAISE_PRICE,11.89,4.76,LOW,0.0002,False,12.37,A 1% price increase leads to a 0.52% decrease in demand. Low price sensitivity.
79190A,RETRO PLASTIC 70'S TRAY,General,-0.5228,Inelastic,0.4205,0.5256,25.0,RAISE_PRICE,11.93,4.77,LOW,0.0002,False,11.42,A 1% price increase leads to a 0.52% decrease in demand. Low price sensitivity.
85194S,HANGING SPRING FLOWER EGG SMALL,General,-0.519,Inelastic,0.5058,0.6322,25.0,RAISE_PRICE,12.03,4.81,LOW,0.0142,False,12.46,A 1% price increase leads to a 0.52% decrease in demand. Low price sensitivity.
21221,SET/4 BADGES CUTE CREATURES,General,-0.5158,Inelastic,1.2531,1.5664,25.0,RAISE_PRICE,12.1,4.84,LOW,0.0002,False,9.49,A 1% price increase leads to a 0.52% decrease in demand. Low price sensitivity.
23151,ZINC SWEETHEART SOAP DISH,General,-0.5135,Inelastic,1.5883,1.9854,25.0,RAISE_PRICE,12.16,4.86,LOW,0.0162,False,9.67,A 1% price increase leads to a 0.51% decrease in demand. Low price sensitivity.
23160,REGENCY TEA SPOON,General,-0.5134,Inelastic,1.2167,1.5209,25.0,RAISE_PRICE,12.17,4.87,LOW,0.0004,False,10.1,A 1% price increase leads to a 0.51% decrease in demand. Low price sensitivity.
21908,CHOCOLATE THIS WAY METAL SIGN,General,-0.5133,Inelastic,2.1264,2.658,25.0,RAISE_PRICE,12.17,4.87,LOW,0.0004,False,12.63,A 1% price increase leads to a 0.51% decrease in demand. Low price sensitivity.
84970L,SINGLE HEART ZINC T-LIGHT HOLDER,General,-0.5127,Inelastic,1.0204,1.2755,25.0,RAISE_PRICE,12.18,4.87,LOW,0.0009,False,13.96,A 1% price increase leads to a 0.51% decrease in demand. Low price sensitivity.
23235,BISCUIT TIN VINTAGE LEAF,General,-0.511,Inelastic,2.6481,3.3101,25.0,RAISE_PRICE,12.22,4.89,LOW,0.0034,False,9.48,A 1% price increase leads to a 0.51% decrease in demand. Low price sensitivity.
22425,ENAMEL COLANDER CREAM,General,-0.5106,Inelastic,4.9249,6.1561,25.0,RAISE_PRICE,12.23,4.89,LOW,0.0003,False,9.58,A 1% price increase leads to a 0.51% decrease in demand. Low price sensitivity.
51014A,"FEATHER PEN,HOT PINK",General,-0.5076,Inelastic,0.5266,0.6583,25.0,RAISE_PRICE,12.31,4.92,LOW,0.0054,False,15.4,A 1% price increase leads to a 0.51% decrease in demand. Low price sensitivity.
22183,CAKE STAND VICTORIAN FILIGREE MED,General,-0.5038,Inelastic,6.7286,8.4108,25.0,RAISE_PRICE,12.4,4.96,LOW,0.0002,False,7.62,A 1% price increase leads to a 0.5% decrease in demand. Low price sensitivity.
47518F,ICON PLACEMAT POP ART ELVIS,General,-0.4946,Highly Inelastic,0.1418,0.1773,25.0,RAISE_PRICE,12.64,5.06,LOW,0.0047,False,12.33,A 1% price increase leads to a 0.49% decrease in demand. Low price sensitivity.
22062,Unknown,General,-0.4937,Highly Inelastic,1.4282,1.7853,25.0,RAISE_PRICE,12.66,5.06,LOW,0.016,False,10.05,A 1% price increase leads to a 0.49% decrease in demand. Low price sensitivity.
21823,damaged,General,-0.4921,Highly Inelastic,0.8475,1.0594,25.0,RAISE_PRICE,12.7,5.08,LOW,0.0105,False,13.83,A 1% price increase leads to a 0.49% decrease in demand. Low price sensitivity.
84375,SET OF 20 KIDS COOKIE CUTTERS,General,-0.4913,Highly Inelastic,2.1264,2.658,25.0,RAISE_PRICE,12.72,5.09,LOW,0.0002,False,12.93,A 1% price increase leads to a 0.49% decrease in demand. Low price sensitivity.
22504,CABIN BAG VINTAGE RETROSPOT,General,-0.4912,Highly Inelastic,27.443,34.3038,25.0,RAISE_PRICE,12.72,5.09,LOW,0.0036,False,7.8,A 1% price increase leads to a 0.49% decrease in demand. Low price sensitivity.
35646,VINTAGE BEAD PINK EVENING BAG,General,-0.4912,Highly Inelastic,1.4656,1.832,25.0,RAISE_PRICE,12.72,5.09,LOW,0.0052,False,10.03,A 1% price increase leads to a 0.49% decrease in demand. Low price sensitivity.
23112,PARISIENNE CURIO CABINET,General,-0.4907,Highly Inelastic,7.4031,9.2539,25.0,RAISE_PRICE,12.73,5.09,LOW,0.0002,False,9.61,A 1% price increase leads to a 0.49% decrease in demand. Low price sensitivity.
21249,WOODLAND  HEIGHT CHART STICKERS ,General,-0.4881,Highly Inelastic,2.9053,3.6316,25.0,RAISE_PRICE,12.8,5.12,LOW,0.0003,False,9.94,A 1% price increase leads to a 0.49% decrease in demand. Low price sensitivity.
21251,DINOSAUR HEIGHT CHART STICKER SET,General,-0.4873,Highly Inelastic,2.9453,3.6816,25.0,RAISE_PRICE,12.82,5.13,LOW,0.0002,False,6.79,A 1% price increase leads to a 0.49% decrease in demand. Low price sensitivity.
84920,Unknown,General,-0.4826,Highly Inelastic,3.7599,4.6999,25.0,RAISE_PRICE,12.94,5.18,LOW,0.0002,False,9.27,A 1% price increase leads to a 0.48% decrease in demand. Low price sensitivity.
21088,SET/6 FRUIT SALAD PAPER CUPS,General,-0.4752,Highly Inelastic,0.2323,0.2904,25.0,RAISE_PRICE,13.12,5.25,LOW,0.0063,False,14.32,A 1% price increase leads to a 0.48% decrease in demand. Low price sensitivity.
84832,ZINC WILLIE WINKIE  CANDLE STICK,General,-0.4743,Highly Inelastic,0.857,1.0713,25.0,RAISE_PRICE,13.14,5.26,LOW,0.0002,False,11.49,A 1% price increase leads to a 0.47% decrease in demand. Low price sensitivity.
21742,LARGE ROUND WICKER PLATTER ,General,-0.4742,Highly Inelastic,5.9366,7.4207,25.0,RAISE_PRICE,13.15,5.26,LOW,0.0001,False,9.5,A 1% price increase leads to a 0.47% decrease in demand. Low price sensitivity.
21028,NINJA RABBIT BLACK,General,-0.4733,Highly Inelastic,1.4778,1.8473,25.0,RAISE_PRICE,13.17,5.27,LOW,0.0041,False,7.68,A 1% price increase leads to a 0.47% decrease in demand. Low price sensitivity.
21391,Unknown,General,-0.4718,Highly Inelastic,0.9446,1.1807,25.0,RAISE_PRICE,13.21,5.28,LOW,0.0079,False,10.03,A 1% price increase leads to a 0.47% decrease in demand. Low price sensitivity.
22844,VINTAGE CREAM DOG FOOD CONTAINER,General,-0.4699,Highly Inelastic,8.4725,10.5906,25.0,RAISE_PRICE,13.25,5.3,LOW,0.0002,False,10.78,A 1% price increase leads to a 0.47% decrease in demand. Low price sensitivity.
22598,CHRISTMAS MUSICAL ZINC TREE,General,-0.4679,Highly Inelastic,0.4907,0.6134,25.0,RAISE_PRICE,13.3,5.32,LOW,0.0109,False,10.8,A 1% price increase leads to a 0.47% decrease in demand. Low price sensitivity.
22124,SET OF 2 TEA TOWELS PING MICROWAVE,General,-0.467,Highly Inelastic,1.998,2.4975,25.0,RAISE_PRICE,13.32,5.33,LOW,0.013,False,10.15,A 1% price increase leads to a 0.47% decrease in demand. Low price sensitivity.
21894,Unknown,General,-0.4665,Highly Inelastic,1.2815,1.6019,25.0,RAISE_PRICE,13.34,5.34,LOW,0.001,False,9.02,A 1% price increase leads to a 0.47% decrease in demand. Low price sensitivity.
17012B,Unknown,General,-0.462,Highly Inelastic,1.2271,1.5339,25.0,RAISE_PRICE,13.45,5.38,LOW,0.0076,False,9.82,A 1% price increase leads to a 0.46% decrease in demand. Low price sensitivity.
37482P,Damaged,General,-0.4609,Highly Inelastic,0.8381,1.0476,25.0,RAISE_PRICE,13.48,5.39,LOW,0.0367,False,10.91,A 1% price increase leads to a 0.46% decrease in demand. Low price sensitivity.
85116,BLACK CANDELABRA T-LIGHT HOLDER,General,-0.4589,Highly Inelastic,1.3338,1.6673,25.0,RAISE_PRICE,13.53,5.41,LOW,0.0137,False,10.96,A 1% price increase leads to a 0.46% decrease in demand. Low price sensitivity.
21374,MIRRORED WALL ART SKULLS,General,-0.4584,Highly Inelastic,1.8007,2.2509,25.0,RAISE_PRICE,13.54,5.42,LOW,0.007,False,9.98,A 1% price increase leads to a 0.46% decrease in demand. Low price sensitivity.
85061W,Unknown,General,-0.4561,Highly Inelastic,0.8496,1.062,25.0,RAISE_PRICE,13.6,5.44,LOW,0.0002,False,10.12,A 1% price increase leads to a 0.46% decrease in demand. Low price sensitivity.
22208,WOOD STAMP SET THANK YOU,General,-0.453,Highly Inelastic,0.9959,1.2449,25.0,RAISE_PRICE,13.67,5.47,LOW,0.0027,False,9.09,A 1% price increase leads to a 0.45% decrease in demand. Low price sensitivity.
21064,BOOM BOX SPEAKER BOYS,General,-0.4524,Highly Inelastic,4.247,5.3087,25.0,RAISE_PRICE,13.69,5.48,LOW,0.0145,False,8.14,A 1% price increase leads to a 0.45% decrease in demand. Low price sensitivity.
22626,BLACK KITCHEN SCALES,General,-0.4513,Highly Inelastic,8.5463,10.6829,25.0,RAISE_PRICE,13.72,5.49,LOW,0.0004,False,9.33,A 1% price increase leads to a 0.45% decrease in demand. Low price sensitivity.
85197,Unknown,General,-0.4496,Highly Inelastic,2.1052,2.6315,25.0,RAISE_PRICE,13.76,5.5,LOW,0.0001,False,7.31,A 1% price increase leads to a 0.45% decrease in demand. Low price sensitivity.
37343,damaged,General,-0.4493,Highly Inelastic,1.401,1.7512,25.0,RAISE_PRICE,13.77,5.51,LOW,0.0464,False,6.69,A 1% price increase leads to a 0.45% decrease in demand. Low price sensitivity.
21736,Unknown,General,-0.4492,Highly Inelastic,1.5275,1.9094,25.0,RAISE_PRICE,13.77,5.51,LOW,0.0194,False,12.65,A 1% price increase leads to a 0.45% decrease in demand. Low price sensitivity.
37479B,Unknown,General,-0.4461,Highly Inelastic,1.2091,1.5114,25.0,RAISE_PRICE,13.85,5.54,LOW,0.0428,False,7.76,A 1% price increase leads to a 0.45% decrease in demand. Low price sensitivity.
22479,DAISY GARDEN MARKER,General,-0.4459,Highly Inelastic,1.2491,1.5614,25.0,RAISE_PRICE,13.85,5.54,LOW,0.0001,False,8.48,A 1% price increase leads to a 0.45% decrease in demand. Low price sensitivity.
22192,Unknown,General,-0.4449,Highly Inelastic,8.4759,10.5949,25.0,RAISE_PRICE,13.88,5.55,LOW,0.0001,False,10.38,A 1% price increase leads to a 0.44% decrease in demand. Low price sensitivity.
85111,check,General,-0.4446,Highly Inelastic,0.3369,0.4211,25.0,RAISE_PRICE,13.88,5.55,LOW,0.0035,False,12.61,A 1% price increase leads to a 0.44% decrease in demand. Low price sensitivity.
22526,WHEELBARROW FOR CHILDREN ,General,-0.4445,Highly Inelastic,12.7303,15.9129,25.0,RAISE_PRICE,13.89,5.56,LOW,0.0001,False,7.63,A 1% price increase leads to a 0.44% decrease in demand. Low price sensitivity.
84508B,Unknown,General,-0.4359,Highly Inelastic,2.5389,3.1736,25.0,RAISE_PRICE,14.1,5.64,LOW,0.0002,False,9.47,A 1% price increase leads to a 0.44% decrease in demand. Low price sensitivity.
16048,TEATIME ROUND PENCIL SHARPENER ,General,-0.4325,Highly Inelastic,0.1452,0.1815,25.0,RAISE_PRICE,14.19,5.68,LOW,0.0048,False,11.74,A 1% price increase leads to a 0.43% decrease in demand. Low price sensitivity.
85036B,check,General,-0.4322,Highly Inelastic,2.1715,2.7144,25.0,RAISE_PRICE,14.2,5.68,LOW,0.0133,False,8.13,A 1% price increase leads to a 0.43% decrease in demand. Low price sensitivity.
23152,Unknown,General,-0.4309,Highly Inelastic,3.7481,4.6851,25.0,RAISE_PRICE,14.23,5.69,LOW,0.0001,False,9.72,A 1% price increase leads to a 0.43% decrease in demand. Low price sensitivity.
23311,VINTAGE CHRISTMAS STOCKING ,General,-0.4305,Highly Inelastic,2.5414,3.1767,25.0,RAISE_PRICE,14.24,5.7,LOW,0.0001,False,13.0,A 1% price increase leads to a 0.43% decrease in demand. Low price sensitivity.
23299,"FOOD COVER WITH BEADS , SET 2 SIZES",General,-0.4302,Highly Inelastic,3.7443,4.6804,25.0,RAISE_PRICE,14.24,5.7,LOW,0.0002,False,10.15,A 1% price increase leads to a 0.43% decrease in demand. Low price sensitivity.
21208,PASTEL COLOUR HONEYCOMB FAN,General,-0.43,Highly Inelastic,0.4531,0.5664,25.0,RAISE_PRICE,14.25,5.7,LOW,0.0033,False,10.76,A 1% price increase leads to a 0.43% decrease in demand. Low price sensitivity.
15044C,PURPLE PAPER PARASOL,General,-0.429,Highly Inelastic,2.9453,3.6816,25.0,RAISE_PRICE,14.27,5.71,LOW,0.0002,False,9.06,A 1% price increase leads to a 0.43% decrease in demand. Low price sensitivity.
22174,PHOTO CUBE,General,-0.4287,Highly Inelastic,1.7075,2.1344,25.0,RAISE_PRICE,14.28,5.71,LOW,0.0006,False,10.67,A 1% price increase leads to a 0.43% decrease in demand. Low price sensitivity.
21382,SET/4 SPRING FLOWER DECORATION,General,-0.4274,Highly Inelastic,1.5754,1.9692,25.0,RAISE_PRICE,14.31,5.72,LOW,0.0164,False,10.42,A 1% price increase leads to a 0.43% decrease in demand. Low price sensitivity.
84563B,damaged,General,-0.4267,Highly Inelastic,3.2672,4.084,25.0,RAISE_PRICE,14.33,5.73,LOW,0.0019,False,6.41,A 1% price increase leads to a 0.43% decrease in demand. Low price sensitivity.
21286,RETROSPOT CANDLE  LARGE,General,-0.4252,Highly Inelastic,0.785,0.9813,25.0,RAISE_PRICE,14.37,5.75,LOW,0.0073,False,12.85,A 1% price increase leads to a 0.43% decrease in demand. Low price sensitivity.
22389,PAPERWEIGHT SAVE THE PLANET,General,-0.4219,Highly Inelastic,1.9544,2.443,25.0,RAISE_PRICE,14.45,5.78,LOW,0.0188,False,9.5,A 1% price increase leads to a 0.42% decrease in demand. Low price sensitivity.
22862,Unknown,General,-0.4215,Highly Inelastic,4.2605,5.3256,25.0,RAISE_PRICE,14.46,5.78,LOW,0.0002,False,9.33,A 1% price increase leads to a 0.42% decrease in demand. Low price sensitivity.
22638,SET OF 4 NAPKIN CHARMS CROWNS ,General,-0.4185,Highly Inelastic,1.9162,2.3952,25.0,RAISE_PRICE,14.54,5.82,LOW,0.0145,False,9.75,A 1% price increase leads to a 0.42% decrease in demand. Low price sensitivity.
21162,TOXIC AREA  DOOR HANGER ,General,-0.4145,Highly Inelastic,0.6859,0.8574,25.0,RAISE_PRICE,14.64,5.86,LOW,0.0109,False,9.55,A 1% price increase leads to a 0.41% decrease in demand. Low price sensitivity.
84707A,SILVER JEWELLED MIRROR TRINKET TRAY,General,-0.4144,Highly Inelastic,5.0477,6.3096,25.0,RAISE_PRICE,14.64,5.86,LOW,0.0187,False,9.56,A 1% price increase leads to a 0.41% decrease in demand. Low price sensitivity.
21905,MORE BUTTER METAL SIGN ,General,-0.4141,Highly Inelastic,1.4062,1.7577,25.0,RAISE_PRICE,14.65,5.86,LOW,0.008,False,8.94,A 1% price increase leads to a 0.41% decrease in demand. Low price sensitivity.
22196,SMALL HEART MEASURING SPOONS,General,-0.4128,Highly Inelastic,0.8609,1.0761,25.0,RAISE_PRICE,14.68,5.87,LOW,0.0001,False,12.0,A 1% price increase leads to a 0.41% decrease in demand. Low price sensitivity.
23332,IVORY WICKER HEART LARGE,General,-0.4128,Highly Inelastic,1.6455,2.0569,25.0,RAISE_PRICE,14.68,5.87,LOW,0.0001,False,11.91,A 1% price increase leads to a 0.41% decrease in demand. Low price sensitivity.
23415,HOME SWEET HOME HOOK,General,-0.411,Highly Inelastic,1.1972,1.4965,25.0,RAISE_PRICE,14.72,5.89,LOW,0.0083,False,9.57,A 1% price increase leads to a 0.41% decrease in demand. Low price sensitivity.
23504,PLAYING CARDS JUBILEE UNION JACK,General,-0.4059,Highly Inelastic,1.2486,1.5607,25.0,RAISE_PRICE,14.85,5.94,LOW,0.0002,False,10.27,A 1% price increase leads to a 0.41% decrease in demand. Low price sensitivity.
22639,SET OF 4 NAPKIN CHARMS HEARTS,General,-0.4034,Highly Inelastic,2.3321,2.9151,25.0,RAISE_PRICE,14.92,5.97,LOW,0.0042,False,8.8,A 1% price increase leads to a 0.4% decrease in demand. Low price sensitivity.
22733,3D TRADITIONAL CHRISTMAS STICKERS,General,-0.4018,Highly Inelastic,1.2938,1.6173,25.0,RAISE_PRICE,14.96,5.98,LOW,0.0002,False,11.82,A 1% price increase leads to a 0.4% decrease in demand. Low price sensitivity.
21379,CAMPHOR WOOD PORTOBELLO MUSHROOM,General,-0.4002,Highly Inelastic,1.0179,1.2724,25.0,RAISE_PRICE,14.99,6.0,LOW,0.0117,False,7.8,A 1% price increase leads to a 0.4% decrease in demand. Low price sensitivity.
21328,BALLOONS  WRITING SET ,General,-0.3949,Highly Inelastic,1.6695,2.0869,25.0,RAISE_PRICE,15.13,6.05,LOW,0.0002,False,9.44,A 1% price increase leads to a 0.39% decrease in demand. Low price sensitivity.
23051,RECYCLED ACAPULCO MAT BLUE,General,-0.3947,Highly Inelastic,8.2361,10.2951,25.0,RAISE_PRICE,15.13,6.05,LOW,0.0001,False,10.3,A 1% price increase leads to a 0.39% decrease in demand. Low price sensitivity.
84813,SET OF 4 DIAMOND NAPKIN RINGS,General,-0.3925,Highly Inelastic,6.7097,8.3871,25.0,RAISE_PRICE,15.19,6.08,LOW,0.0109,False,8.15,A 1% price increase leads to a 0.39% decrease in demand. Low price sensitivity.
22584,PACK OF 6 PANETTONE GIFT BOXES,General,-0.3871,Highly Inelastic,2.577,3.2212,25.0,RAISE_PRICE,15.32,6.13,LOW,0.0001,False,12.26,A 1% price increase leads to a 0.39% decrease in demand. Low price sensitivity.
22670,FRENCH WC SIGN BLUE METAL,General,-0.3802,Highly Inelastic,1.2605,1.5756,25.0,RAISE_PRICE,15.5,6.2,LOW,0.0002,False,10.54,A 1% price increase leads to a 0.38% decrease in demand. Low price sensitivity.
85130B,BEADED CRYSTAL HEART GREEN LARGE,General,-0.3769,Highly Inelastic,1.0016,1.252,25.0,RAISE_PRICE,15.58,6.23,LOW,0.0034,False,7.96,A 1% price increase leads to a 0.38% decrease in demand. Low price sensitivity.
23220,REINDEER HEART DECORATION GOLD,General,-0.3768,Highly Inelastic,0.857,1.0713,25.0,RAISE_PRICE,15.58,6.23,LOW,0.0003,False,10.45,A 1% price increase leads to a 0.38% decrease in demand. Low price sensitivity.
85067,Unknown,General,-0.3745,Highly Inelastic,18.52,23.15,25.0,RAISE_PRICE,15.64,6.26,LOW,0.0002,False,9.26,A 1% price increase leads to a 0.37% decrease in demand. Low price sensitivity.
23128,DOLLCRAFT BOY JEAN-PAUL ,General,-0.373,Highly Inelastic,4.9486,6.1857,25.0,RAISE_PRICE,15.68,6.27,LOW,0.0001,False,9.29,A 1% price increase leads to a 0.37% decrease in demand. Low price sensitivity.
90214R,"LETTER ""R"" BLING KEY RING",General,-0.3706,Highly Inelastic,0.608,0.76,25.0,RAISE_PRICE,15.73,6.29,LOW,0.0107,False,10.4,A 1% price increase leads to a 0.37% decrease in demand. Low price sensitivity.
21390,FILIGRIS HEART WITH BUTTERFLY,General,-0.3698,Highly Inelastic,1.2477,1.5596,25.0,RAISE_PRICE,15.75,6.3,LOW,0.0001,False,11.1,A 1% price increase leads to a 0.37% decrease in demand. Low price sensitivity.
21377,SMALL CAMPHOR WOOD FIELD  MUSHROOM,General,-0.3688,Highly Inelastic,1.3098,1.6373,25.0,RAISE_PRICE,15.78,6.31,LOW,0.0185,False,8.6,A 1% price increase leads to a 0.37% decrease in demand. Low price sensitivity.
22204,MILK PAN BLUE POLKADOT,General,-0.3675,Highly Inelastic,2.9312,3.664,25.0,RAISE_PRICE,15.81,6.32,LOW,0.0058,False,7.13,A 1% price increase leads to a 0.37% decrease in demand. Low price sensitivity.
23159,Unknown,General,-0.3652,Highly Inelastic,2.0774,2.5968,25.0,RAISE_PRICE,15.87,6.35,LOW,0.0001,False,10.56,A 1% price increase leads to a 0.37% decrease in demand. Low price sensitivity.
21617,4 LILY  BOTANICAL DINNER CANDLES,General,-0.3612,Highly Inelastic,2.7057,3.3821,25.0,RAISE_PRICE,15.97,6.39,LOW,0.0079,False,9.63,A 1% price increase leads to a 0.36% decrease in demand. Low price sensitivity.
23124,18PC WOODEN CUTLERY SET DISPOSABLE,General,-0.361,Highly Inelastic,1.2487,1.5609,25.0,RAISE_PRICE,15.97,6.39,LOW,0.0001,False,8.54,A 1% price increase leads to a 0.36% decrease in demand. Low price sensitivity.
23550,WRAP ALPHABET POSTER  ,General,-0.3581,Highly Inelastic,0.4189,0.5236,25.0,RAISE_PRICE,16.05,6.42,LOW,0.0001,False,13.77,A 1% price increase leads to a 0.36% decrease in demand. Low price sensitivity.
47348A,FUSCHIA VOILE POINTY SHOE DEC,General,-0.3556,Highly Inelastic,0.7685,0.9606,25.0,RAISE_PRICE,16.11,6.44,LOW,0.0097,False,10.54,A 1% price increase leads to a 0.36% decrease in demand. Low price sensitivity.
22964,3 PIECE SPACEBOY COOKIE CUTTER SET,General,-0.3549,Highly Inelastic,2.1368,2.671,25.0,RAISE_PRICE,16.13,6.45,LOW,0.0002,False,11.96,A 1% price increase leads to a 0.35% decrease in demand. Low price sensitivity.
21530,DAIRY MAID TOASTRACK,General,-0.3518,Highly Inelastic,1.17,1.4625,25.0,RAISE_PRICE,16.2,6.48,LOW,0.0065,False,10.71,A 1% price increase leads to a 0.35% decrease in demand. Low price sensitivity.
21818,check,General,-0.3488,Highly Inelastic,0.5435,0.6794,25.0,RAISE_PRICE,16.28,6.51,LOW,0.0019,False,13.65,A 1% price increase leads to a 0.35% decrease in demand. Low price sensitivity.
23417,BATHROOM HOOK,General,-0.3464,Highly Inelastic,0.798,0.9975,25.0,RAISE_PRICE,16.34,6.54,LOW,0.0116,False,8.7,A 1% price increase leads to a 0.35% decrease in demand. Low price sensitivity.
37413,ICON MUG REVOLUTIONARY,General,-0.3463,Highly Inelastic,0.4208,0.526,25.0,RAISE_PRICE,16.34,6.54,LOW,0.0013,False,11.91,A 1% price increase leads to a 0.35% decrease in demand. Low price sensitivity.
84509E,SET OF 4 CAROUSEL PLACEMATS ,General,-0.3429,Highly Inelastic,2.2721,2.8401,25.0,RAISE_PRICE,16.43,6.57,LOW,0.0219,False,6.32,A 1% price increase leads to a 0.34% decrease in demand. Low price sensitivity.
21365,MIRRORED WALL ART STARS,General,-0.3366,Highly Inelastic,0.9519,1.1899,25.0,RAISE_PRICE,16.59,6.64,LOW,0.0038,False,10.93,A 1% price increase leads to a 0.34% decrease in demand. Low price sensitivity.
90214C,"LETTER ""C"" BLING KEY RING",General,-0.3354,Highly Inelastic,0.6205,0.7756,25.0,RAISE_PRICE,16.62,6.65,LOW,0.0089,False,8.18,A 1% price increase leads to a 0.34% decrease in demand. Low price sensitivity.
78124,MAGAZINE RACK GEBRA ASSORTED ,General,-0.3348,Highly Inelastic,1.5023,1.8779,25.0,RAISE_PRICE,16.63,6.65,LOW,0.0014,False,9.05,A 1% price increase leads to a 0.33% decrease in demand. Low price sensitivity.
22955,36 FOIL STAR CAKE CASES ,General,-0.3347,Highly Inelastic,1.9516,2.4395,25.0,RAISE_PRICE,16.63,6.65,LOW,0.0017,False,9.58,A 1% price increase leads to a 0.33% decrease in demand. Low price sensitivity.
23289,DOLLY GIRL CHILDRENS BOWL,General,-0.3332,Highly Inelastic,1.2483,1.5604,25.0,RAISE_PRICE,16.67,6.67,LOW,0.0001,False,10.83,A 1% price increase leads to a 0.33% decrease in demand. Low price sensitivity.
35911A,Unknown,General,-0.3311,Highly Inelastic,0.9893,1.2366,25.0,RAISE_PRICE,16.72,6.69,LOW,0.0026,False,7.2,A 1% price increase leads to a 0.33% decrease in demand. Low price sensitivity.
22108,PING! MICROWAVE PLATE,General,-0.3301,Highly Inelastic,2.6289,3.2861,25.0,RAISE_PRICE,16.75,6.7,LOW,0.0063,False,7.36,A 1% price increase leads to a 0.33% decrease in demand. Low price sensitivity.
23691,WRAP KEEP CALM BIRTHDAY,General,-0.3274,Highly Inelastic,0.4186,0.5232,25.0,RAISE_PRICE,16.81,6.72,LOW,0.0001,False,13.98,A 1% price increase leads to a 0.33% decrease in demand. Low price sensitivity.
35607B,thrown away,General,-0.3263,Highly Inelastic,0.1889,0.2361,25.0,RAISE_PRICE,16.84,6.74,LOW,0.0002,False,11.05,A 1% price increase leads to a 0.33% decrease in demand. Low price sensitivity.
37479P,??,General,-0.3258,Highly Inelastic,0.6335,0.7919,25.0,RAISE_PRICE,16.86,6.74,LOW,0.0129,False,8.42,A 1% price increase leads to a 0.33% decrease in demand. Low price sensitivity.
23115,RED APPLES CHOPPING BOARD   ,General,-0.3245,Highly Inelastic,4.9451,6.1814,25.0,RAISE_PRICE,16.89,6.76,LOW,0.0001,False,8.02,A 1% price increase leads to a 0.32% decrease in demand. Low price sensitivity.
84723,CHERRY BLOSSOM CANVAS ART PICTURE,General,-0.3229,Highly Inelastic,3.9286,4.9108,25.0,RAISE_PRICE,16.93,6.77,LOW,0.0079,False,5.41,A 1% price increase leads to a 0.32% decrease in demand. Low price sensitivity.
20868,SILVER FABRIC MIRROR,General,-0.3215,Highly Inelastic,0.6351,0.7939,25.0,RAISE_PRICE,16.96,6.78,LOW,0.0041,False,8.77,A 1% price increase leads to a 0.32% decrease in demand. Low price sensitivity.
84707B,PINK JEWELLED MIRROR TRINKET TRAY,General,-0.3214,Highly Inelastic,7.1147,8.8934,25.0,RAISE_PRICE,16.96,6.78,LOW,0.01,False,7.85,A 1% price increase leads to a 0.32% decrease in demand. Low price sensitivity.
22678,FRENCH BLUE METAL DOOR SIGN 3,General,-0.3196,Highly Inelastic,1.2751,1.5939,25.0,RAISE_PRICE,17.01,6.8,LOW,0.0003,False,9.47,A 1% price increase leads to a 0.32% decrease in demand. Low price sensitivity.
23490,T-LIGHT HOLDER HANGING LOVE BIRD,General,-0.3181,Highly Inelastic,3.7739,4.7174,25.0,RAISE_PRICE,17.05,6.82,LOW,0.0001,False,9.34,A 1% price increase leads to a 0.32% decrease in demand. Low price sensitivity.
84536B,FAIRY CAKES NOTEBOOK A7 SIZE,General,-0.3181,Highly Inelastic,0.4293,0.5366,25.0,RAISE_PRICE,17.05,6.82,LOW,0.0001,False,9.48,A 1% price increase leads to a 0.32% decrease in demand. Low price sensitivity.
35001G,HAND OPEN SHAPE GOLD,General,-0.3173,Highly Inelastic,3.4209,4.2761,25.0,RAISE_PRICE,17.07,6.83,LOW,0.0044,False,9.12,A 1% price increase leads to a 0.32% decrease in demand. Low price sensitivity.
23457,LARGE PARLOUR FRAME,General,-0.3151,Highly Inelastic,4.9517,6.1896,25.0,RAISE_PRICE,17.12,6.85,LOW,0.0001,False,8.25,A 1% price increase leads to a 0.32% decrease in demand. Low price sensitivity.
21415,CLAM SHELL SMALL ,General,-0.3117,Highly Inelastic,1.7519,2.1899,25.0,RAISE_PRICE,17.21,6.88,LOW,0.0038,False,10.48,A 1% price increase leads to a 0.31% decrease in demand. Low price sensitivity.
20765,CHRYSANTHEMUM SKETCHBOOK ,General,-0.3109,Highly Inelastic,3.9267,4.9084,25.0,RAISE_PRICE,17.23,6.89,LOW,0.0005,False,6.63,A 1% price increase leads to a 0.31% decrease in demand. Low price sensitivity.
21361,Unknown,General,-0.3016,Highly Inelastic,12.6629,15.8286,25.0,RAISE_PRICE,17.46,6.98,LOW,0.0001,False,8.75,A 1% price increase leads to a 0.3% decrease in demand. Low price sensitivity.
23444,Next Day Carriage,General,-0.3007,Highly Inelastic,15.4957,19.3696,25.0,RAISE_PRICE,17.48,6.99,LOW,0.0003,False,8.73,A 1% price increase leads to a 0.3% decrease in demand. Low price sensitivity.
22802,FAUX FUR CHOCOLATE THROW,General,-0.2993,Highly Inelastic,16.5606,20.7007,25.0,RAISE_PRICE,17.52,7.01,LOW,0.0024,False,7.72,A 1% price increase leads to a 0.3% decrease in demand. Low price sensitivity.
85093,CANDY SPOT EGG WARMER HARE,General,-0.2957,Highly Inelastic,0.7062,0.8828,25.0,RAISE_PRICE,17.61,7.04,LOW,0.0043,False,10.91,A 1% price increase leads to a 0.3% decrease in demand. Low price sensitivity.
23056,rusty throw away,General,-0.2951,Highly Inelastic,7.1091,8.8864,25.0,RAISE_PRICE,17.62,7.05,LOW,0.0007,False,9.97,A 1% price increase leads to a 0.3% decrease in demand. Low price sensitivity.
21865,Unknown,General,-0.2907,Highly Inelastic,2.0836,2.6045,25.0,RAISE_PRICE,17.73,7.09,LOW,0.0001,False,7.6,A 1% price increase leads to a 0.29% decrease in demand. Low price sensitivity.
22669,RED BABY BUNTING ,General,-0.2889,Highly Inelastic,2.9332,3.6665,25.0,RAISE_PRICE,17.78,7.11,LOW,0.0001,False,9.77,A 1% price increase leads to a 0.29% decrease in demand. Low price sensitivity.
22419,LIPSTICK PEN RED,General,-0.2886,Highly Inelastic,0.4433,0.5541,25.0,RAISE_PRICE,17.79,7.12,LOW,0.0005,False,12.8,A 1% price increase leads to a 0.29% decrease in demand. Low price sensitivity.
22230,JIGSAW TREE WITH WATERING CAN,General,-0.287,Highly Inelastic,0.5376,0.672,25.0,RAISE_PRICE,17.83,7.13,LOW,0.0037,False,9.89,A 1% price increase leads to a 0.29% decrease in demand. Low price sensitivity.
21311,Unknown,General,-0.2855,Highly Inelastic,0.6737,0.8421,25.0,RAISE_PRICE,17.86,7.14,LOW,0.0123,False,10.06,A 1% price increase leads to a 0.29% decrease in demand. Low price sensitivity.
21378,SMALL TALL CAMPHOR WOOD TOADSTOOL,General,-0.2823,Highly Inelastic,1.3019,1.6274,25.0,RAISE_PRICE,17.94,7.18,LOW,0.0132,False,8.58,A 1% price increase leads to a 0.28% decrease in demand. Low price sensitivity.
85179A,GREEN BITTY LIGHT CHAIN,General,-0.281,Highly Inelastic,2.8824,3.603,25.0,RAISE_PRICE,17.97,7.19,LOW,0.0093,False,8.63,A 1% price increase leads to a 0.28% decrease in demand. Low price sensitivity.
21584,RETROSPOT SMALL TUBE MATCHES,General,-0.2772,Highly Inelastic,1.6538,2.0673,25.0,RAISE_PRICE,18.07,7.23,LOW,0.0001,False,9.56,A 1% price increase leads to a 0.28% decrease in demand. Low price sensitivity.
21755,LOVE BUILDING BLOCK WORD,General,-0.2743,Highly Inelastic,6.0254,7.5318,25.0,RAISE_PRICE,18.14,7.26,LOW,0.0001,False,12.64,A 1% price increase leads to a 0.27% decrease in demand. Low price sensitivity.
22642,SET OF 4 NAPKIN CHARMS STARS   ,General,-0.2739,Highly Inelastic,1.9999,2.4999,25.0,RAISE_PRICE,18.15,7.26,LOW,0.0055,False,8.39,A 1% price increase leads to a 0.27% decrease in demand. Low price sensitivity.
10124A,SPOTS ON RED BOOKCOVER TAPE,General,-0.2718,Highly Inelastic,0.419,0.5237,25.0,RAISE_PRICE,18.2,7.28,LOW,0.0,False,18.0,A 1% price increase leads to a 0.27% decrease in demand. Low price sensitivity.
23305,SET 4 PICNIC CUTLERY BLUEBERRY,General,-0.2684,Highly Inelastic,1.9479,2.4349,25.0,RAISE_PRICE,18.29,7.32,LOW,0.0001,False,7.28,A 1% price increase leads to a 0.27% decrease in demand. Low price sensitivity.
23511,EMBROIDERED RIBBON REEL EMILY ,General,-0.2648,Highly Inelastic,2.0768,2.596,25.0,RAISE_PRICE,18.38,7.35,LOW,0.0001,False,8.97,A 1% price increase leads to a 0.26% decrease in demand. Low price sensitivity.
23367,SET 12 COLOUR PENCILS SPACEBOY ,General,-0.2635,Highly Inelastic,0.6497,0.8121,25.0,RAISE_PRICE,18.41,7.36,LOW,0.0001,False,12.2,A 1% price increase leads to a 0.26% decrease in demand. Low price sensitivity.
21319,adjustment,General,-0.2634,Highly Inelastic,0.9194,1.1492,25.0,RAISE_PRICE,18.41,7.36,LOW,0.0064,False,7.67,A 1% price increase leads to a 0.26% decrease in demand. Low price sensitivity.
22092,BLUE PAISLEY TISSUE BOX,General,-0.2502,Highly Inelastic,0.5847,0.7309,25.0,RAISE_PRICE,18.75,7.5,LOW,0.0023,False,10.54,A 1% price increase leads to a 0.25% decrease in demand. Low price sensitivity.
22510,GINGHAM BABUSHKA DOORSTOP,General,-0.2433,Highly Inelastic,2.0147,2.5184,25.0,RAISE_PRICE,18.92,7.57,LOW,0.0048,False,9.95,A 1% price increase leads to a 0.24% decrease in demand. Low price sensitivity.
22959,check,General,-0.2429,Highly Inelastic,0.4193,0.5241,25.0,RAISE_PRICE,18.93,7.57,LOW,0.0,False,15.97,A 1% price increase leads to a 0.24% decrease in demand. Low price sensitivity.
90022,EDWARDIAN DROP EARRINGS JET BLACK,General,-0.2403,Highly Inelastic,3.7907,4.7384,25.0,RAISE_PRICE,18.99,7.6,LOW,0.0,False,8.8,A 1% price increase leads to a 0.24% decrease in demand. Low price sensitivity.
21040,Unknown,General,-0.2398,Highly Inelastic,1.662,2.0775,25.0,RAISE_PRICE,19.0,7.6,LOW,0.008,False,6.27,A 1% price increase leads to a 0.24% decrease in demand. Low price sensitivity.
37444C,Unknown,General,-0.2394,Highly Inelastic,2.0836,2.6045,25.0,RAISE_PRICE,19.01,7.6,LOW,0.0093,False,9.83,A 1% price increase leads to a 0.24% decrease in demand. Low price sensitivity.
71270,PHOTO CLIP LINE,General,-0.2391,Highly Inelastic,1.3525,1.6906,25.0,RAISE_PRICE,19.02,7.61,LOW,0.0003,False,9.08,A 1% price increase leads to a 0.24% decrease in demand. Low price sensitivity.
22891,TEA FOR ONE POLKADOT,General,-0.2365,Highly Inelastic,4.4661,5.5826,25.0,RAISE_PRICE,19.09,7.64,LOW,0.0003,False,10.07,A 1% price increase leads to a 0.24% decrease in demand. Low price sensitivity.
21369,MIRRORED WALL ART SPLODGES,General,-0.2334,Highly Inelastic,1.6067,2.0084,25.0,RAISE_PRICE,19.16,7.66,LOW,0.0016,False,11.28,A 1% price increase leads to a 0.23% decrease in demand. Low price sensitivity.
47471,RAINBOW PEGS PHOTO CLIP STRING,General,-0.2331,Highly Inelastic,0.7964,0.9955,25.0,RAISE_PRICE,19.17,7.67,LOW,0.0009,False,7.59,A 1% price increase leads to a 0.23% decrease in demand. Low price sensitivity.
47563A,RETRO LONGBOARD IRONING BOARD COVER,General,-0.23,Highly Inelastic,1.4001,1.7501,25.0,RAISE_PRICE,19.25,7.7,LOW,0.0009,False,6.74,A 1% price increase leads to a 0.23% decrease in demand. Low price sensitivity.
22919,HERB MARKER MINT,General,-0.2264,Highly Inelastic,0.651,0.8137,25.0,RAISE_PRICE,19.34,7.74,LOW,0.0,False,11.03,A 1% price increase leads to a 0.23% decrease in demand. Low price sensitivity.
85232D,Unknown,General,-0.2223,Highly Inelastic,4.9358,6.1698,25.0,RAISE_PRICE,19.44,7.78,LOW,0.0,False,10.25,A 1% price increase leads to a 0.22% decrease in demand. Low price sensitivity.
23561,SET OF 6 RIBBONS PARTY,General,-0.218,Highly Inelastic,2.8333,3.5416,25.0,RAISE_PRICE,19.55,7.82,LOW,0.0001,False,11.2,A 1% price increase leads to a 0.22% decrease in demand. Low price sensitivity.
23578,SNACK TRAY RED GINGHAM,General,-0.2179,Highly Inelastic,1.9606,2.4507,25.0,RAISE_PRICE,19.55,7.82,LOW,0.0,False,9.06,A 1% price increase leads to a 0.22% decrease in demand. Low price sensitivity.
22400,MAGNETS PACK OF 4 HOME SWEET HOME,General,-0.2137,Highly Inelastic,0.6034,0.7543,25.0,RAISE_PRICE,19.66,7.86,LOW,0.002,False,10.54,A 1% price increase leads to a 0.21% decrease in demand. Low price sensitivity.
23508,MINI PLAYING CARDS DOLLY GIRL ,General,-0.2105,Highly Inelastic,0.4206,0.5257,25.0,RAISE_PRICE,19.74,7.9,LOW,0.0,False,11.18,A 1% price increase leads to a 0.21% decrease in demand. Low price sensitivity.
17091A,found,General,-0.2094,Highly Inelastic,0.9424,1.178,25.0,RAISE_PRICE,19.77,7.91,LOW,0.0023,False,7.68,A 1% price increase leads to a 0.21% decrease in demand. Low price sensitivity.
84711B,PINK OVAL SHAPE TRINKET BOX,General,-0.2093,Highly Inelastic,10.0683,12.5854,25.0,RAISE_PRICE,19.77,7.91,LOW,0.0,False,6.44,A 1% price increase leads to a 0.21% decrease in demand. Low price sensitivity.
23154,SET OF 4 JAM JAR MAGNETS,General,-0.2084,Highly Inelastic,2.0728,2.591,25.0,RAISE_PRICE,19.79,7.92,LOW,0.0,False,11.35,A 1% price increase leads to a 0.21% decrease in demand. Low price sensitivity.
21942,SKULLS DESIGN FLANNEL,General,-0.208,Highly Inelastic,0.8015,1.0019,25.0,RAISE_PRICE,19.8,7.92,LOW,0.0006,False,9.25,A 1% price increase leads to a 0.21% decrease in demand. Low price sensitivity.
22786,CUSHION COVER PINK UNION JACK,General,-0.2004,Highly Inelastic,5.4692,6.8365,25.0,RAISE_PRICE,19.99,8.0,LOW,0.0022,False,8.77,A 1% price increase leads to a 0.2% decrease in demand. Low price sensitivity.
22391,PAPERWEIGHT HOME SWEET HOME,General,-0.1974,Highly Inelastic,1.447,1.8088,25.0,RAISE_PRICE,20.06,8.02,LOW,0.0084,False,7.31,A 1% price increase leads to a 0.2% decrease in demand. Low price sensitivity.
23107,WHITE HEARTS WIRE PLANT POT HOLDER,General,-0.1912,Highly Inelastic,2.5292,3.1615,25.0,RAISE_PRICE,20.22,8.09,LOW,0.0015,False,9.06,A 1% price increase leads to a 0.19% decrease in demand. Low price sensitivity.
23369,SET 36 COLOUR PENCILS LOVE LONDON,General,-0.1909,Highly Inelastic,1.2524,1.5655,25.0,RAISE_PRICE,20.23,8.09,LOW,0.0,False,9.44,A 1% price increase leads to a 0.19% decrease in demand. Low price sensitivity.
21784,Unknown,General,-0.1863,Highly Inelastic,9.9282,12.4103,25.0,RAISE_PRICE,20.34,8.14,LOW,0.0,False,8.65,A 1% price increase leads to a 0.19% decrease in demand. Low price sensitivity.
22127,sold in set?,General,-0.1854,Highly Inelastic,1.2522,1.5653,25.0,RAISE_PRICE,20.36,8.14,LOW,0.0,False,10.34,A 1% price increase leads to a 0.19% decrease in demand. Low price sensitivity.
22976,CIRCUS PARADE CHILDRENS EGG CUP ,General,-0.182,Highly Inelastic,1.2485,1.5606,25.0,RAISE_PRICE,20.45,8.18,LOW,0.0,False,10.64,A 1% price increase leads to a 0.18% decrease in demand. Low price sensitivity.
22306,SILVER MUG BONE CHINA TREE OF LIFE,General,-0.1811,Highly Inelastic,1.18,1.475,25.0,RAISE_PRICE,20.47,8.19,LOW,0.0003,False,11.44,A 1% price increase leads to a 0.18% decrease in demand. Low price sensitivity.
21158,MOODY GIRL DOOR HANGER ,General,-0.1801,Highly Inelastic,0.7338,0.9173,25.0,RAISE_PRICE,20.5,8.2,LOW,0.0021,False,9.59,A 1% price increase leads to a 0.18% decrease in demand. Low price sensitivity.
35648,check,General,-0.1797,Highly Inelastic,1.0307,1.2884,25.0,RAISE_PRICE,20.51,8.2,LOW,0.001,False,10.43,A 1% price increase leads to a 0.18% decrease in demand. Low price sensitivity.
22553,PLASTERS IN TIN SKULLS,General,-0.1779,Highly Inelastic,1.639,2.0488,25.0,RAISE_PRICE,20.55,8.22,LOW,0.0,False,13.62,A 1% price increase leads to a 0.18% decrease in demand. Low price sensitivity.
23050,RECYCLED ACAPULCO MAT GREEN,General,-0.1703,Highly Inelastic,8.2215,10.2769,25.0,RAISE_PRICE,20.74,8.3,LOW,0.0,False,9.36,A 1% price increase leads to a 0.17% decrease in demand. Low price sensitivity.
85186C,BUNNY EGG GARLAND,General,-0.1691,Highly Inelastic,0.4215,0.5269,25.0,RAISE_PRICE,20.77,8.31,LOW,0.0,False,11.76,A 1% price increase leads to a 0.17% decrease in demand. Low price sensitivity.
22853,CAT BOWL VINTAGE CREAM,General,-0.1682,Highly Inelastic,3.2509,4.0636,25.0,RAISE_PRICE,20.79,8.32,LOW,0.0,False,9.42,A 1% price increase leads to a 0.17% decrease in demand. Low price sensitivity.
23435,3 RAFFIA RIBBONS VINTAGE CHRISTMAS,General,-0.1643,Highly Inelastic,0.9505,1.1881,25.0,RAISE_PRICE,20.89,8.36,LOW,0.0005,False,9.44,A 1% price increase leads to a 0.16% decrease in demand. Low price sensitivity.
21370,MIRRORED WALL ART FOXY,General,-0.1633,Highly Inelastic,4.8334,6.0418,25.0,RAISE_PRICE,20.92,8.37,LOW,0.0026,False,10.31,A 1% price increase leads to a 0.16% decrease in demand. Low price sensitivity.
22067,CHOC TRUFFLE GOLD TRINKET POT ,General,-0.1629,Highly Inelastic,1.4035,1.7544,25.0,RAISE_PRICE,20.93,8.37,LOW,0.0019,False,8.85,A 1% price increase leads to a 0.16% decrease in demand. Low price sensitivity.
22049,damaged,General,-0.1567,Highly Inelastic,0.2703,0.3379,25.0,RAISE_PRICE,21.08,8.43,LOW,0.0005,False,13.69,A 1% price increase leads to a 0.16% decrease in demand. Low price sensitivity.
21418,STARFISH SOAP DISH,General,-0.1532,Highly Inelastic,1.6818,2.1022,25.0,RAISE_PRICE,21.17,8.47,LOW,0.0018,False,10.5,A 1% price increase leads to a 0.15% decrease in demand. Low price sensitivity.
84031B,CHARLIE LOLA BLUE HOT WATER BOTTLE ,General,-0.1513,Highly Inelastic,3.7176,4.647,25.0,RAISE_PRICE,21.22,8.49,LOW,0.0012,False,7.95,A 1% price increase leads to a 0.15% decrease in demand. Low price sensitivity.
85032D,damaged,General,-0.1497,Highly Inelastic,1.0059,1.2574,25.0,RAISE_PRICE,21.26,8.5,LOW,0.001,False,9.25,A 1% price increase leads to a 0.15% decrease in demand. Low price sensitivity.
84531B,returned,General,-0.1484,Highly Inelastic,0.7231,0.9039,25.0,RAISE_PRICE,21.29,8.52,LOW,0.0022,False,9.23,A 1% price increase leads to a 0.15% decrease in demand. Low price sensitivity.
22195,LARGE HEART MEASURING SPOONS,General,-0.1462,Highly Inelastic,1.7003,2.1254,25.0,RAISE_PRICE,21.34,8.54,LOW,0.0,False,11.23,A 1% price increase leads to a 0.15% decrease in demand. Low price sensitivity.
21688,mixed up,General,-0.1448,Highly Inelastic,2.9572,3.6965,25.0,RAISE_PRICE,21.38,8.55,LOW,0.0,False,9.2,A 1% price increase leads to a 0.14% decrease in demand. Low price sensitivity.
23054,RECYCLED ACAPULCO MAT LAVENDER,General,-0.1446,Highly Inelastic,8.227,10.2838,25.0,RAISE_PRICE,21.38,8.55,LOW,0.0,False,8.1,A 1% price increase leads to a 0.14% decrease in demand. Low price sensitivity.
22342,HOME GARLAND PAINTED ZINC ,General,-0.1438,Highly Inelastic,0.9748,1.2185,25.0,RAISE_PRICE,21.4,8.56,LOW,0.0005,False,10.05,A 1% price increase leads to a 0.14% decrease in demand. Low price sensitivity.
21991,BOHEMIAN COLLAGE STATIONERY SET,General,-0.141,Highly Inelastic,1.533,1.9162,25.0,RAISE_PRICE,21.48,8.59,LOW,0.0004,False,8.35,A 1% price increase leads to a 0.14% decrease in demand. Low price sensitivity.
21989,PACK OF 20 SKULL PAPER NAPKINS,General,-0.1376,Highly Inelastic,0.85,1.0625,25.0,RAISE_PRICE,21.56,8.62,LOW,0.0,False,10.76,A 1% price increase leads to a 0.14% decrease in demand. Low price sensitivity.
79337,Unknown,General,-0.1373,Highly Inelastic,0.5923,0.7404,25.0,RAISE_PRICE,21.57,8.63,LOW,0.0012,False,11.18,A 1% price increase leads to a 0.14% decrease in demand. Low price sensitivity.
22116,METAL SIGN HIS DINNER IS SERVED,General,-0.1322,Highly Inelastic,1.3771,1.7214,25.0,RAISE_PRICE,21.7,8.68,LOW,0.0011,False,9.54,A 1% price increase leads to a 0.13% decrease in demand. Low price sensitivity.
84865,damaged,General,-0.1297,Highly Inelastic,7.0939,8.8674,25.0,RAISE_PRICE,21.76,8.7,LOW,0.0006,False,7.11,A 1% price increase leads to a 0.13% decrease in demand. Low price sensitivity.
20846,ZINC HEART LATTICE T-LIGHT HOLDER,General,-0.1267,Highly Inelastic,1.3017,1.6271,25.0,RAISE_PRICE,21.83,8.73,LOW,0.0,False,8.23,A 1% price increase leads to a 0.13% decrease in demand. Low price sensitivity.
84754,Unknown,General,-0.1251,Highly Inelastic,1.2385,1.5481,25.0,RAISE_PRICE,21.87,8.75,LOW,0.0,False,10.58,A 1% price increase leads to a 0.13% decrease in demand. Low price sensitivity.
20670,VIP HOLIDAY PURSE,General,-0.1167,Highly Inelastic,3.9383,4.9229,25.0,RAISE_PRICE,22.08,8.83,LOW,0.0002,False,8.22,A 1% price increase leads to a 0.12% decrease in demand. Low price sensitivity.
23141,TRIPLE WIRE HOOK PINK HEART,General,-0.115,Highly Inelastic,3.145,3.9312,25.0,RAISE_PRICE,22.12,8.85,LOW,0.0014,False,8.28,A 1% price increase leads to a 0.12% decrease in demand. Low price sensitivity.
23139,SINGLE WIRE HOOK PINK HEART,General,-0.1149,Highly Inelastic,1.1211,1.4014,25.0,RAISE_PRICE,22.13,8.85,LOW,0.0006,False,13.17,A 1% price increase leads to a 0.11% decrease in demand. Low price sensitivity.
85049E,SCANDINAVIAN REDS RIBBONS,General,-0.1145,Highly Inelastic,1.2826,1.6033,25.0,RAISE_PRICE,22.14,8.86,LOW,0.0,False,12.99,A 1% price increase leads to a 0.11% decrease in demand. Low price sensitivity.
21793,check,General,-0.1134,Highly Inelastic,4.1691,5.2114,25.0,RAISE_PRICE,22.17,8.87,LOW,0.0001,False,8.92,A 1% price increase leads to a 0.11% decrease in demand. Low price sensitivity.
21888,Amazon,General,-0.1106,Highly Inelastic,3.8045,4.7556,25.0,RAISE_PRICE,22.23,8.89,LOW,0.0,False,11.05,A 1% price increase leads to a 0.11% decrease in demand. Low price sensitivity.
84625C,Unknown,General,-0.1062,Highly Inelastic,1.7023,2.1279,25.0,RAISE_PRICE,22.35,8.94,LOW,0.0007,False,10.47,A 1% price increase leads to a 0.11% decrease in demand. Low price sensitivity.
21990,MODERN FLORAL STATIONERY SET,General,-0.1021,Highly Inelastic,1.5493,1.9366,25.0,RAISE_PRICE,22.45,8.98,LOW,0.0002,False,8.62,A 1% price increase leads to a 0.1% decrease in demand. Low price sensitivity.
85130D,BEADED CRYSTAL HEART PINK LARGE,General,-0.1003,Highly Inelastic,1.0756,1.3445,25.0,RAISE_PRICE,22.49,9.0,LOW,0.0003,False,10.37,A 1% price increase leads to a 0.1% decrease in demand. Low price sensitivity.
84663A,Unknown,General,-0.0992,Highly Inelastic,2.0215,2.5269,25.0,RAISE_PRICE,22.52,9.01,LOW,0.0017,False,9.31,A 1% price increase leads to a 0.1% decrease in demand. Low price sensitivity.
22286,check,General,-0.0963,Highly Inelastic,1.2025,1.5031,25.0,RAISE_PRICE,22.59,9.04,LOW,0.0009,False,10.27,A 1% price increase leads to a 0.1% decrease in demand. Low price sensitivity.
84629,Unknown,General,-0.0956,Highly Inelastic,8.4563,10.5704,25.0,RAISE_PRICE,22.61,9.04,LOW,0.0007,False,6.75,A 1% price increase leads to a 0.1% decrease in demand. Low price sensitivity.
85027L,Unknown,General,-0.092,Highly Inelastic,2.9293,3.6616,25.0,RAISE_PRICE,22.7,9.08,LOW,0.0004,False,8.52,A 1% price increase leads to a 0.09% decrease in demand. Low price sensitivity.
21294,Unknown,General,-0.0919,Highly Inelastic,0.5109,0.6386,25.0,RAISE_PRICE,22.7,9.08,LOW,0.0003,False,13.27,A 1% price increase leads to a 0.09% decrease in demand. Low price sensitivity.
21096,SET/6 FRUIT SALAD  PAPER PLATES,General,-0.0897,Highly Inelastic,0.4364,0.5455,25.0,RAISE_PRICE,22.76,9.1,LOW,0.0001,False,13.58,A 1% price increase leads to a 0.09% decrease in demand. Low price sensitivity.
22193,RED DINER WALL CLOCK,General,-0.0874,Highly Inelastic,8.543,10.6787,25.0,RAISE_PRICE,22.81,9.12,LOW,0.0,False,11.4,A 1% price increase leads to a 0.09% decrease in demand. Low price sensitivity.
22933,BAKING MOULD EASTER EGG MILK CHOC,General,-0.0827,Highly Inelastic,2.9554,3.6943,25.0,RAISE_PRICE,22.93,9.17,LOW,0.0,False,7.9,A 1% price increase leads to a 0.08% decrease in demand. Low price sensitivity.
22938,CUPCAKE LACE PAPER SET 6,General,-0.0799,Highly Inelastic,1.9421,2.4276,25.0,RAISE_PRICE,23.0,9.2,LOW,0.0,False,11.11,A 1% price increase leads to a 0.08% decrease in demand. Low price sensitivity.
21329,DINOSAURS  WRITING SET ,General,-0.0798,Highly Inelastic,1.6842,2.1052,25.0,RAISE_PRICE,23.0,9.2,LOW,0.0,False,9.46,A 1% price increase leads to a 0.08% decrease in demand. Low price sensitivity.
20780,BLACK EAR MUFF HEADPHONES,General,-0.0738,Highly Inelastic,5.9068,7.3835,25.0,RAISE_PRICE,23.16,9.26,LOW,0.0,False,7.92,A 1% price increase leads to a 0.07% decrease in demand. Low price sensitivity.
20772,GARDEN PATH JOURNAL,General,-0.072,Highly Inelastic,2.7119,3.3899,25.0,RAISE_PRICE,23.2,9.28,LOW,0.0,False,8.31,A 1% price increase leads to a 0.07% decrease in demand. Low price sensitivity.
47503H,found,General,-0.0548,Highly Inelastic,1.336,1.67,25.0,RAISE_PRICE,23.63,9.45,LOW,0.0001,False,8.16,A 1% price increase leads to a 0.05% decrease in demand. Low price sensitivity.
22232,JIGSAW TOADSTOOLS 3 PIECE,General,-0.0511,Highly Inelastic,0.7888,0.986,25.0,RAISE_PRICE,23.72,9.49,LOW,0.0001,False,12.51,A 1% price increase leads to a 0.05% decrease in demand. Low price sensitivity.
46118,FUNKY MONKEY CUSHION COVER,General,-0.0473,Highly Inelastic,0.8469,1.0586,25.0,RAISE_PRICE,23.82,9.53,LOW,0.0,False,8.09,A 1% price increase leads to a 0.05% decrease in demand. Low price sensitivity.
21948,SET OF 6 CAKE CHOPSTICKS,General,-0.0459,Highly Inelastic,1.3841,1.7301,25.0,RAISE_PRICE,23.85,9.54,LOW,0.0,False,9.05,A 1% price increase leads to a 0.05% decrease in demand. Low price sensitivity.
23183,MOTHER'S KITCHEN SPOON REST ,General,-0.0429,Highly Inelastic,3.9948,4.9935,25.0,RAISE_PRICE,23.93,9.57,LOW,0.0,False,8.72,A 1% price increase leads to a 0.04% decrease in demand. Low price sensitivity.
22287,DECORATION WOBBLY CHICKEN,General,-0.0383,Highly Inelastic,1.2596,1.5745,25.0,RAISE_PRICE,24.04,9.62,LOW,0.0001,False,10.09,A 1% price increase leads to a 0.04% decrease in demand. Low price sensitivity.
84536A,ENGLISH ROSE NOTEBOOK A7 SIZE,General,-0.0382,Highly Inelastic,0.4227,0.5284,25.0,RAISE_PRICE,24.04,9.62,LOW,0.0,False,11.9,A 1% price increase leads to a 0.04% decrease in demand. Low price sensitivity.
23033,DRAWER KNOB CERAMIC RED,General,-0.0369,Highly Inelastic,1.4512,1.814,25.0,RAISE_PRICE,24.08,9.63,LOW,0.0,False,10.46,A 1% price increase leads to a 0.04% decrease in demand. Low price sensitivity.
22641,SET OF 4 NAPKIN CHARMS INSTRUMENT,General,-0.0368,Highly Inelastic,2.3895,2.9869,25.0,RAISE_PRICE,24.08,9.63,LOW,0.0,False,6.57,A 1% price increase leads to a 0.04% decrease in demand. Low price sensitivity.
23434,3 RAFFIA RIBBONS 50'S CHRISTMAS ,General,-0.0363,Highly Inelastic,0.852,1.065,25.0,RAISE_PRICE,24.09,9.64,LOW,0.0,False,11.85,A 1% price increase leads to a 0.04% decrease in demand. Low price sensitivity.
85130C,BEADED CRYSTAL HEART BLUE  LARGE,General,-0.0277,Highly Inelastic,0.9474,1.1843,25.0,RAISE_PRICE,24.31,9.72,LOW,0.0,False,9.29,A 1% price increase leads to a 0.03% decrease in demand. Low price sensitivity.
20796,SMALL BLUE PROVENCAL CERAMIC BALL,General,-0.0261,Highly Inelastic,1.6432,2.054,25.0,RAISE_PRICE,24.35,9.74,LOW,0.0,False,7.04,A 1% price increase leads to a 0.03% decrease in demand. Low price sensitivity.
21038,Unknown,General,-0.0255,Highly Inelastic,1.2355,1.5444,25.0,RAISE_PRICE,24.36,9.74,LOW,0.0,False,8.82,A 1% price increase leads to a 0.03% decrease in demand. Low price sensitivity.
84875D,found,General,-0.0239,Highly Inelastic,1.2448,1.556,25.0,RAISE_PRICE,24.4,9.76,LOW,0.0,False,6.88,A 1% price increase leads to a 0.02% decrease in demand. Low price sensitivity.
35923,check,General,-0.0231,Highly Inelastic,0.5727,0.7159,25.0,RAISE_PRICE,24.42,9.77,LOW,0.0,False,15.23,A 1% price increase leads to a 0.02% decrease in demand. Low price sensitivity.
21371,MIRRORED WALL ART POPPIES,General,-0.0226,Highly Inelastic,1.0728,1.341,25.0,RAISE_PRICE,24.44,9.78,LOW,0.0,False,10.93,A 1% price increase leads to a 0.02% decrease in demand. Low price sensitivity.
21159,damaged,General,-0.0226,Highly Inelastic,0.8131,1.0164,25.0,RAISE_PRICE,24.44,9.78,LOW,0.0,False,8.81,A 1% price increase leads to a 0.02% decrease in demand. Low price sensitivity.
22513,DOORSTOP FOOTBALL DESIGN,General,-0.013,Highly Inelastic,2.9137,3.6421,25.0,RAISE_PRICE,24.68,9.87,LOW,0.0,False,8.09,A 1% price increase leads to a 0.01% decrease in demand. Low price sensitivity.
22026,BANQUET BIRTHDAY  CARD  ,General,-0.0113,Highly Inelastic,0.4178,0.5222,25.0,RAISE_PRICE,24.72,9.89,LOW,0.0,False,10.09,A 1% price increase leads to a 0.01% decrease in demand. Low price sensitivity.
22689,Unknown,General,-0.0108,Highly Inelastic,8.6215,10.7769,25.0,RAISE_PRICE,24.73,9.89,LOW,0.0,False,9.56,A 1% price increase leads to a 0.01% decrease in demand. Low price sensitivity.
22737,RIBBON REEL CHRISTMAS PRESENT ,General,-0.0094,Highly Inelastic,1.7034,2.1292,25.0,RAISE_PRICE,24.77,9.91,LOW,0.0,False,10.61,A 1% price increase leads to a 0.01% decrease in demand. Low price sensitivity.
22588,Unknown,General,-0.0026,Highly Inelastic,2.9243,3.6554,25.0,RAISE_PRICE,24.93,9.97,LOW,0.0,False,8.94,A 1% price increase leads to a 0.0% decrease in demand. Low price sensitivity.
M,Manual,General,-0.0011,Highly Inelastic,134.9826,168.7283,25.0,RAISE_PRICE,24.97,9.99,LOW,0.0,False,13.8,A 1% price increase leads to a 0.0% decrease in demand. Low price sensitivity.
82551,Unknown,General,0.0005,Positive,1.4695,1.4695,0.0,HOLD,0.0,0.0,LOW,0.0,False,10.58,Unknown: demand increases with price — possible luxury/prestige effect.
23418,LAVENDER TOILETTE BOTTLE,General,0.0008,Positive,2.0842,2.0842,0.0,HOLD,0.0,0.0,LOW,0.0,False,10.38,LAVENDER TOILETTE BOTTLE: demand increases with price — possible luxury/prestige effect.
22233,JIGSAW RABBIT AND BIRDHOUSE,General,0.0033,Positive,1.0811,1.0811,0.0,HOLD,0.0,0.0,LOW,0.0,False,9.26,JIGSAW RABBIT AND BIRDHOUSE: demand increases with price — possible luxury/prestige effect.
22219,???lost,General,0.005,Positive,0.8496,0.8496,0.0,HOLD,0.0,0.0,LOW,0.0,False,13.11,???lost: demand increases with price — possible luxury/prestige effect.
37447,CERAMIC CAKE DESIGN SPOTTED PLATE,General,0.0078,Positive,1.4805,1.4805,0.0,HOLD,0.0,0.0,LOW,0.0,False,9.5,CERAMIC CAKE DESIGN SPOTTED PLATE: demand increases with price — possible luxury/prestige effect.
22655,damages/showroom etc,General,0.0123,Positive,157.1323,157.1323,0.0,HOLD,0.0,0.0,LOW,0.0,False,6.27,damages/showroom etc: demand increases with price — possible luxury/prestige effect.
72807A,AMAZON,General,0.0172,Positive,4.248,4.248,0.0,HOLD,0.0,0.0,LOW,0.0,False,9.14,AMAZON: demand increases with price — possible luxury/prestige effect.
23106,ZINC PLANT POT HOLDER,General,0.0186,Positive,2.4862,2.4862,0.0,HOLD,0.0,0.0,LOW,0.0,False,8.86,ZINC PLANT POT HOLDER: demand increases with price — possible luxury/prestige effect.
84877D,Unknown,General,0.0201,Positive,2.076,2.076,0.0,HOLD,0.0,0.0,LOW,0.0,False,7.87,Unknown: demand increases with price — possible luxury/prestige effect.
84971S,SMALL HEART FLOWERS HOOK ,General,0.0219,Positive,0.8246,0.8246,0.0,HOLD,0.0,0.0,LOW,0.0,False,11.22,SMALL HEART FLOWERS HOOK : demand increases with price — possible luxury/prestige effect.
22826,LOVE SEAT ANTIQUE WHITE METAL,General,0.0358,Positive,120.7529,120.7529,0.0,HOLD,0.0,0.0,LOW,0.0,False,8.55,LOVE SEAT ANTIQUE WHITE METAL: demand increases with price — possible luxury/prestige effect.
23533,WALL ART GARDEN HAVEN ,General,0.0391,Positive,4.695,4.695,0.0,HOLD,0.0,0.0,LOW,0.0,False,10.82,WALL ART GARDEN HAVEN : demand increases with price — possible luxury/prestige effect.
90058B,CRYSTAL STUD EARRINGS ASSORTED COL ,General,0.0395,Positive,0.3795,0.3795,0.0,HOLD,0.0,0.0,LOW,0.0,False,12.27,CRYSTAL STUD EARRINGS ASSORTED COL : demand increases with price — possible luxury/prestige effect.
84673B,BLUE FLY SWAT,General,0.0397,Positive,0.8243,0.8243,0.0,HOLD,0.0,0.0,LOW,0.0,False,9.54,BLUE FLY SWAT: demand increases with price — possible luxury/prestige effect.
22077,6 RIBBONS RUSTIC CHARM,General,0.0397,Positive,1.7678,1.7678,0.0,HOLD,0.0,0.0,LOW,0.0,False,16.86,6 RIBBONS RUSTIC CHARM: demand increases with price — possible luxury/prestige effect.
84849A,HELLO SAILOR BLUE SOAP HOLDER,General,0.0416,Positive,1.6837,1.6837,0.0,HOLD,0.0,0.0,LOW,0.0,False,6.37,HELLO SAILOR BLUE SOAP HOLDER: demand increases with price — possible luxury/prestige effect.
22903,CALENDAR FAMILY FAVOURITES,General,0.044,Positive,2.726,2.726,0.0,HOLD,0.0,0.0,LOW,0.0,False,8.27,CALENDAR FAMILY FAVOURITES: demand increases with price — possible luxury/prestige effect.
84906,PINK BUTTERFLY CUSHION COVER,General,0.0443,Positive,4.5855,4.5855,0.0,HOLD,0.0,0.0,LOW,0.0001,False,7.8,PINK BUTTERFLY CUSHION COVER: demand increases with price — possible luxury/prestige effect.
37444A,Unknown,General,0.0456,Positive,1.3504,1.3504,0.0,HOLD,0.0,0.0,LOW,0.0005,False,7.78,Unknown: demand increases with price — possible luxury/prestige effect.
37500,TEA TIME TEAPOT IN GIFT BOX,General,0.0468,Positive,6.1672,6.1672,0.0,HOLD,0.0,0.0,LOW,0.0,False,8.84,TEA TIME TEAPOT IN GIFT BOX: demand increases with price — possible luxury/prestige effect.
23126,DOLLCRAFT GIRL AMELIE,General,0.053,Positive,4.9848,4.9848,0.0,HOLD,0.0,0.0,LOW,0.0,False,9.92,DOLLCRAFT GIRL AMELIE: demand increases with price — possible luxury/prestige effect.
22081,RIBBON REEL FLORA + FAUNA ,General,0.0532,Positive,1.7535,1.7535,0.0,HOLD,0.0,0.0,LOW,0.0,False,8.19,RIBBON REEL FLORA + FAUNA : demand increases with price — possible luxury/prestige effect.
22210,WOOD STAMP SET BEST WISHES,General,0.0561,Positive,0.9242,0.9242,0.0,HOLD,0.0,0.0,LOW,0.0,False,9.77,WOOD STAMP SET BEST WISHES: demand increases with price — possible luxury/prestige effect.
85094,CANDY SPOT EGG WARMER RABBIT,General,0.0571,Positive,0.2906,0.2906,0.0,HOLD,0.0,0.0,LOW,0.0002,False,11.17,CANDY SPOT EGG WARMER RABBIT: demand increases with price — possible luxury/prestige effect.
22329,ROUND CONTAINER SET OF 5 RETROSPOT,General,0.0592,Positive,1.6449,1.6449,0.0,HOLD,0.0,0.0,LOW,0.0,False,10.04,ROUND CONTAINER SET OF 5 RETROSPOT: demand increases with price — possible luxury/prestige effect.
85071D,CHARLIE+LOLA MY ROOM DOOR SIGN,General,0.0612,Positive,0.9646,0.9646,0.0,HOLD,0.0,0.0,LOW,0.0006,False,8.04,CHARLIE+LOLA MY ROOM DOOR SIGN: demand increases with price — possible luxury/prestige effect.
21622,damages,General,0.0647,Positive,4.9273,4.9273,0.0,HOLD,0.0,0.0,LOW,0.0,False,8.2,damages: demand increases with price — possible luxury/prestige effect.
23180,MUM'S KITCHEN CLOCK,General,0.0685,Positive,4.4942,4.4942,0.0,HOLD,0.0,0.0,LOW,0.0002,False,8.76,MUM'S KITCHEN CLOCK: demand increases with price — possible luxury/prestige effect.
23190,BUNDLE OF 3 SCHOOL EXERCISE BOOKS  ,General,0.0691,Positive,1.6652,1.6652,0.0,HOLD,0.0,0.0,LOW,0.0,False,11.48,BUNDLE OF 3 SCHOOL EXERCISE BOOKS  : demand increases with price — possible luxury/prestige effect.
21503,Unknown,General,0.0762,Positive,0.4195,0.4195,0.0,HOLD,0.0,0.0,LOW,0.0,False,11.85,Unknown: demand increases with price — possible luxury/prestige effect.
22679,FRENCH BLUE METAL DOOR SIGN 4,General,0.0762,Positive,1.2462,1.2462,0.0,HOLD,0.0,0.0,LOW,0.0,False,10.09,FRENCH BLUE METAL DOOR SIGN 4: demand increases with price — possible luxury/prestige effect.
21220,SET/4 BADGES DOGS,General,0.0873,Positive,1.327,1.327,0.0,HOLD,0.0,0.0,LOW,0.0,False,9.92,SET/4 BADGES DOGS: demand increases with price — possible luxury/prestige effect.
21381,MINI WOODEN HAPPY BIRTHDAY GARLAND,General,0.0906,Positive,1.6805,1.6805,0.0,HOLD,0.0,0.0,LOW,0.0,False,13.03,MINI WOODEN HAPPY BIRTHDAY GARLAND: demand increases with price — possible luxury/prestige effect.
85214,Unknown,General,0.0962,Positive,1.6486,1.6486,0.0,HOLD,0.0,0.0,LOW,0.0,False,8.24,Unknown: demand increases with price — possible luxury/prestige effect.
22313,OFFICE MUG WARMER PINK,General,0.1115,Positive,2.5901,2.5901,0.0,HOLD,0.0,0.0,LOW,0.0003,False,8.13,OFFICE MUG WARMER PINK: demand increases with price — possible luxury/prestige effect.
23240,SET OF 4 KNICK KNACK TINS  DOILEY ,General,0.1116,Positive,4.1318,4.1318,0.0,HOLD,0.0,0.0,LOW,0.0,False,12.63,SET OF 4 KNICK KNACK TINS  DOILEY : demand increases with price — possible luxury/prestige effect.
23455,SMALL PARLOUR FRAME,General,0.1159,Positive,2.875,2.875,0.0,HOLD,0.0,0.0,LOW,0.0,False,8.81,SMALL PARLOUR FRAME: demand increases with price — possible luxury/prestige effect.
21470,FLOWER VINE RAFFIA FOOD COVER,General,0.1168,Positive,3.7443,3.7443,0.0,HOLD,0.0,0.0,LOW,0.0,False,8.71,FLOWER VINE RAFFIA FOOD COVER: demand increases with price — possible luxury/prestige effect.
23681,LUNCH BAG RED VINTAGE DOILY,General,0.1244,Positive,1.6446,1.6446,0.0,HOLD,0.0,0.0,LOW,0.0,False,11.24,LUNCH BAG RED VINTAGE DOILY: demand increases with price — possible luxury/prestige effect.
71053,WHITE MOROCCAN METAL LANTERN,General,0.1345,Positive,3.7539,3.7539,0.0,HOLD,0.0,0.0,LOW,0.0,False,10.84,WHITE MOROCCAN METAL LANTERN: demand increases with price — possible luxury/prestige effect.
21270,ANTIQUE CREAM CUTLERY CUPBOARD,General,0.1464,Positive,12.7552,12.7552,0.0,HOLD,0.0,0.0,LOW,0.0,False,7.74,ANTIQUE CREAM CUTLERY CUPBOARD: demand increases with price — possible luxury/prestige effect.
21867,PINK UNION JACK  LUGGAGE TAG,General,0.1471,Positive,1.2816,1.2816,0.0,HOLD,0.0,0.0,LOW,0.0,False,9.51,PINK UNION JACK  LUGGAGE TAG: demand increases with price — possible luxury/prestige effect.
23178,JAM CLOCK MAGNET,General,0.1494,Positive,2.6575,2.6575,0.0,HOLD,0.0,0.0,LOW,0.0004,False,7.88,JAM CLOCK MAGNET: demand increases with price — possible luxury/prestige effect.
84531A,returned,General,0.1546,Positive,0.6293,0.6293,0.0,HOLD,0.0,0.0,LOW,0.0016,False,9.35,returned: demand increases with price — possible luxury/prestige effect.
21261,GREEN GOOSE FEATHER CHRISTMAS TREE ,General,0.1562,Positive,4.3318,4.3318,0.0,HOLD,0.0,0.0,LOW,0.0016,False,8.96,GREEN GOOSE FEATHER CHRISTMAS TREE : demand increases with price — possible luxury/prestige effect.
23497,CLASSIC CROME BICYCLE BELL ,General,0.1571,Positive,1.4376,1.4376,0.0,HOLD,0.0,0.0,LOW,0.0,False,14.19,CLASSIC CROME BICYCLE BELL : demand increases with price — possible luxury/prestige effect.
17012F,check,General,0.1715,Positive,0.975,0.975,0.0,HOLD,0.0,0.0,LOW,0.0005,False,8.31,check: demand increases with price — possible luxury/prestige effect.
22134,MINI LADLE LOVE HEART RED ,General,0.1818,Positive,0.4346,0.4346,0.0,HOLD,0.0,0.0,LOW,0.0,False,11.56,MINI LADLE LOVE HEART RED : demand increases with price — possible luxury/prestige effect.
21758,Unknown,General,0.1886,Positive,6.4635,6.4635,0.0,HOLD,0.0,0.0,LOW,0.0,False,7.04,Unknown: demand increases with price — possible luxury/prestige effect.
21801,Unknown,General,0.1909,Positive,0.4173,0.4173,0.0,HOLD,0.0,0.0,LOW,0.0,False,16.17,Unknown: demand increases with price — possible luxury/prestige effect.
23320,GIANT 50'S CHRISTMAS CRACKER,General,0.1941,Positive,2.3862,2.3862,0.0,HOLD,0.0,0.0,LOW,0.0003,False,13.43,GIANT 50'S CHRISTMAS CRACKER: demand increases with price — possible luxury/prestige effect.
22307,GOLD MUG BONE CHINA TREE OF LIFE,General,0.1981,Positive,1.2468,1.2468,0.0,HOLD,0.0,0.0,LOW,0.0003,False,10.89,GOLD MUG BONE CHINA TREE OF LIFE: demand increases with price — possible luxury/prestige effect.
21171,Unknown,General,0.207,Positive,1.4456,1.4456,0.0,HOLD,0.0,0.0,LOW,0.0,False,9.01,Unknown: demand increases with price — possible luxury/prestige effect.
85071C,"CHARLIE+LOLA""EXTREMELY BUSY"" SIGN",General,0.2106,Positive,0.9162,0.9162,0.0,HOLD,0.0,0.0,LOW,0.0052,False,11.11,"CHARLIE+LOLA""EXTREMELY BUSY"" SIGN: demand increases with price — possible luxury/prestige effect."
21272,Unknown,General,0.2112,Positive,1.2526,1.2526,0.0,HOLD,0.0,0.0,LOW,0.0001,False,8.97,Unknown: demand increases with price — possible luxury/prestige effect.
22930,BAKING MOULD HEART MILK CHOCOLATE,General,0.2158,Positive,2.5348,2.5348,0.0,HOLD,0.0,0.0,LOW,0.0,False,9.59,BAKING MOULD HEART MILK CHOCOLATE: demand increases with price — possible luxury/prestige effect.
21062,PARTY INVITES SPACEMAN,General,0.2226,Positive,0.8512,0.8512,0.0,HOLD,0.0,0.0,LOW,0.0,False,9.29,PARTY INVITES SPACEMAN: demand increases with price — possible luxury/prestige effect.
23478,WOODLAND LARGE PINK FELT HEART,General,0.228,Positive,1.2392,1.2392,0.0,HOLD,0.0,0.0,LOW,0.0,False,7.83,WOODLAND LARGE PINK FELT HEART: demand increases with price — possible luxury/prestige effect.
22325,MOBILE VINTAGE HEARTS ,General,0.2295,Positive,4.9279,4.9279,0.0,HOLD,0.0,0.0,LOW,0.0,False,9.79,MOBILE VINTAGE HEARTS : demand increases with price — possible luxury/prestige effect.
90014A,SILVER M.O.P. ORBIT NECKLACE,General,0.2299,Positive,5.7626,5.7626,0.0,HOLD,0.0,0.0,LOW,0.0034,False,7.62,SILVER M.O.P. ORBIT NECKLACE: demand increases with price — possible luxury/prestige effect.
85232A,Unknown,General,0.23,Positive,4.8794,4.8794,0.0,HOLD,0.0,0.0,LOW,0.0001,False,8.26,Unknown: demand increases with price — possible luxury/prestige effect.
23335,EGG FRYING PAN IVORY ,General,0.2329,Positive,2.0835,2.0835,0.0,HOLD,0.0,0.0,LOW,0.0001,False,8.5,EGG FRYING PAN IVORY : demand increases with price — possible luxury/prestige effect.
84968D,SET OF 16 VINTAGE RED CUTLERY,General,0.2362,Positive,12.7577,12.7577,0.0,HOLD,0.0,0.0,LOW,0.0,False,7.25,SET OF 16 VINTAGE RED CUTLERY: demand increases with price — possible luxury/prestige effect.
22095,LADS ONLY TISSUE BOX,General,0.2373,Positive,0.7293,0.7293,0.0,HOLD,0.0,0.0,LOW,0.0028,False,11.32,LADS ONLY TISSUE BOX: demand increases with price — possible luxury/prestige effect.
20662,FIRST CLASS HOLIDAY PURSE ,General,0.2421,Positive,3.91,3.91,0.0,HOLD,0.0,0.0,LOW,0.0007,False,8.62,FIRST CLASS HOLIDAY PURSE : demand increases with price — possible luxury/prestige effect.
23416,CHAMBRE HOOK,General,0.2461,Positive,0.9226,0.9226,0.0,HOLD,0.0,0.0,LOW,0.0063,False,9.36,CHAMBRE HOOK: demand increases with price — possible luxury/prestige effect.
84341B,Unknown,General,0.2468,Positive,0.6748,0.6748,0.0,HOLD,0.0,0.0,LOW,0.0023,False,8.8,Unknown: demand increases with price — possible luxury/prestige effect.
23185,FRENCH STYLE STORAGE JAR JAM,General,0.2596,Positive,0.4401,0.4401,0.0,HOLD,0.0,0.0,LOW,0.0048,False,9.61,FRENCH STYLE STORAGE JAR JAM: demand increases with price — possible luxury/prestige effect.
22194,Unknown,General,0.2598,Positive,8.493,8.493,0.0,HOLD,0.0,0.0,LOW,0.0001,False,7.2,Unknown: demand increases with price — possible luxury/prestige effect.
21427,SKULLS STORAGE BOX SMALL,General,0.2668,Positive,2.1047,2.1047,0.0,HOLD,0.0,0.0,LOW,0.0001,False,8.62,SKULLS STORAGE BOX SMALL: demand increases with price — possible luxury/prestige effect.
21376,LARGE  TALL CAMPHOR WOOD TOADSTOOL ,General,0.2802,Positive,4.9985,4.9985,0.0,HOLD,0.0,0.0,LOW,0.0047,False,6.15,LARGE  TALL CAMPHOR WOOD TOADSTOOL : demand increases with price — possible luxury/prestige effect.
22482,Unknown,General,0.2834,Positive,1.2506,1.2506,0.0,HOLD,0.0,0.0,LOW,0.0001,False,10.07,Unknown: demand increases with price — possible luxury/prestige effect.
37489C,GREEN/BLUE FLOWER DESIGN BIG MUG,General,0.2856,Positive,1.1691,1.1691,0.0,HOLD,0.0,0.0,LOW,0.011,False,8.57,GREEN/BLUE FLOWER DESIGN BIG MUG: demand increases with price — possible luxury/prestige effect.
21627,check,General,0.2903,Positive,14.9186,14.9186,0.0,HOLD,0.0,0.0,LOW,0.0001,False,6.89,check: demand increases with price — possible luxury/prestige effect.
22211,WOOD STAMP SET FLOWERS,General,0.3017,Positive,0.9838,0.9838,0.0,HOLD,0.0,0.0,LOW,0.0012,False,9.92,WOOD STAMP SET FLOWERS: demand increases with price — possible luxury/prestige effect.
22877,NUMBER TILE COTTAGE GARDEN 9,General,0.3033,Positive,1.9432,1.9432,0.0,HOLD,0.0,0.0,LOW,0.0001,False,9.03,NUMBER TILE COTTAGE GARDEN 9: demand increases with price — possible luxury/prestige effect.
21495,SKULLS AND CROSSBONES WRAP,General,0.3098,Positive,0.4173,0.4173,0.0,HOLD,0.0,0.0,LOW,0.0001,False,15.48,SKULLS AND CROSSBONES WRAP: demand increases with price — possible luxury/prestige effect.
90082A,DIAMANTE BOW BROOCH GREEN COLOUR,General,0.3221,Positive,6.3528,6.3528,0.0,HOLD,0.0,0.0,LOW,0.0001,False,6.84,DIAMANTE BOW BROOCH GREEN COLOUR: demand increases with price — possible luxury/prestige effect.
22451,Unknown,General,0.326,Positive,3.3495,3.3495,0.0,HOLD,0.0,0.0,LOW,0.0001,False,9.62,Unknown: demand increases with price — possible luxury/prestige effect.
21735,damages,General,0.3283,Positive,12.3387,12.3387,0.0,HOLD,0.0,0.0,LOW,0.0004,False,8.56,damages: demand increases with price — possible luxury/prestige effect.
POST,Unknown,General,0.3416,Positive,41.0702,41.0702,0.0,HOLD,0.0,0.0,LOW,0.0075,True,17.59,Unknown: demand increases with price — possible luxury/prestige effect.
22035,taig adjust,General,0.3424,Positive,0.4191,0.4191,0.0,HOLD,0.0,0.0,LOW,0.0001,False,11.66,taig adjust: demand increases with price — possible luxury/prestige effect.
90199C,5 STRAND GLASS NECKLACE CRYSTAL,General,0.3469,Positive,6.2782,6.2782,0.0,HOLD,0.0,0.0,LOW,0.0001,False,8.41,5 STRAND GLASS NECKLACE CRYSTAL: demand increases with price — possible luxury/prestige effect.
22231,JIGSAW TREE WITH BIRDHOUSE,General,0.3471,Positive,0.9372,0.9372,0.0,HOLD,0.0,0.0,LOW,0.0044,False,10.0,JIGSAW TREE WITH BIRDHOUSE: demand increases with price — possible luxury/prestige effect.
21808,Unknown,General,0.3484,Positive,3.394,3.394,0.0,HOLD,0.0,0.0,LOW,0.0037,False,7.44,Unknown: demand increases with price — possible luxury/prestige effect.
20616,CHERRY BLOSSOM PASSPORT COVER,General,0.3523,Positive,0.9723,0.9723,0.0,HOLD,0.0,0.0,LOW,0.0048,False,7.33,CHERRY BLOSSOM PASSPORT COVER: demand increases with price — possible luxury/prestige effect.
85006,Unknown,General,0.3554,Positive,1.375,1.375,0.0,HOLD,0.0,0.0,LOW,0.0056,False,12.54,Unknown: demand increases with price — possible luxury/prestige effect.
37489B,BLUE/YELLOW FLOWER DESIGN BIG MUG,General,0.3622,Positive,1.0179,1.0179,0.0,HOLD,0.0,0.0,LOW,0.0274,False,8.11,BLUE/YELLOW FLOWER DESIGN BIG MUG: demand increases with price — possible luxury/prestige effect.
23073,GEORGIAN TRINKET BOX,General,0.3644,Positive,12.3857,12.3857,0.0,HOLD,0.0,0.0,LOW,0.0001,False,7.33,GEORGIAN TRINKET BOX: demand increases with price — possible luxury/prestige effect.
21385,IVORY HANGING DECORATION  HEART,General,0.371,Positive,0.8491,0.8491,0.0,HOLD,0.0,0.0,LOW,0.0001,False,12.93,IVORY HANGING DECORATION  HEART: demand increases with price — possible luxury/prestige effect.
21763,VINTAGE WOODEN BAR STOOL,General,0.3741,Positive,26.5661,26.5661,0.0,HOLD,0.0,0.0,LOW,0.0009,False,7.5,VINTAGE WOODEN BAR STOOL: demand increases with price — possible luxury/prestige effect.
DOT,Unknown,General,0.3749,Positive,608.5452,608.5452,0.0,HOLD,0.0,0.0,LOW,0.0953,False,10.45,Unknown: demand increases with price — possible luxury/prestige effect.
23041,PAPER LANTERN 6 POINT SNOW STAR,General,0.3769,Positive,4.1428,4.1428,0.0,HOLD,0.0,0.0,LOW,0.0001,False,9.17,PAPER LANTERN 6 POINT SNOW STAR: demand increases with price — possible luxury/prestige effect.
85230F,Unknown,General,0.3791,Positive,0.2798,0.2798,0.0,HOLD,0.0,0.0,LOW,0.0003,False,10.98,Unknown: demand increases with price — possible luxury/prestige effect.
22372,AIRLINE BAG VINTAGE WORLD CHAMPION ,General,0.3801,Positive,4.3287,4.3287,0.0,HOLD,0.0,0.0,LOW,0.0003,False,8.06,AIRLINE BAG VINTAGE WORLD CHAMPION : demand increases with price — possible luxury/prestige effect.
20748,Unknown,General,0.3833,Positive,12.6942,12.6942,0.0,HOLD,0.0,0.0,LOW,0.0001,False,9.28,Unknown: demand increases with price — possible luxury/prestige effect.
22445,Unknown,General,0.3841,Positive,3.0737,3.0737,0.0,HOLD,0.0,0.0,LOW,0.0005,False,10.03,Unknown: demand increases with price — possible luxury/prestige effect.
22672,FRENCH BATHROOM SIGN BLUE METAL,General,0.3991,Positive,1.6468,1.6468,0.0,HOLD,0.0,0.0,LOW,0.0001,False,11.83,FRENCH BATHROOM SIGN BLUE METAL: demand increases with price — possible luxury/prestige effect.
21987,PACK OF 6 SKULL PAPER CUPS,General,0.4081,Positive,0.6471,0.6471,0.0,HOLD,0.0,0.0,LOW,0.0002,False,10.69,PACK OF 6 SKULL PAPER CUPS: demand increases with price — possible luxury/prestige effect.
22718,CARD CAT AND TREE ,General,0.41,Positive,0.4186,0.4186,0.0,HOLD,0.0,0.0,LOW,0.0002,False,10.86,CARD CAT AND TREE : demand increases with price — possible luxury/prestige effect.
84751B,Unknown,General,0.4122,Positive,1.6691,1.6691,0.0,HOLD,0.0,0.0,LOW,0.0226,False,7.32,Unknown: demand increases with price — possible luxury/prestige effect.
21407,Unknown,General,0.4151,Positive,4.1982,4.1982,0.0,HOLD,0.0,0.0,LOW,0.0003,False,9.31,Unknown: demand increases with price — possible luxury/prestige effect.
47310M,SMALL POP BOX FUNKY MONKEY,General,0.4245,Positive,1.2977,1.2977,0.0,HOLD,0.0,0.0,LOW,0.0004,False,7.95,SMALL POP BOX FUNKY MONKEY: demand increases with price — possible luxury/prestige effect.
85129D,BEADED CRYSTAL HEART PINK SMALL,General,0.4259,Positive,1.4419,1.4419,0.0,HOLD,0.0,0.0,LOW,0.0021,False,8.12,BEADED CRYSTAL HEART PINK SMALL: demand increases with price — possible luxury/prestige effect.
84661B,BLACK SQUARE TABLE CLOCK,General,0.4275,Positive,1.7806,1.7806,0.0,HOLD,0.0,0.0,LOW,0.0197,False,7.71,BLACK SQUARE TABLE CLOCK: demand increases with price — possible luxury/prestige effect.
23381,PACK OF 12 VINTAGE LEAF TISSUES ,General,0.4359,Positive,0.3907,0.3907,0.0,HOLD,0.0,0.0,LOW,0.0002,False,9.58,PACK OF 12 VINTAGE LEAF TISSUES : demand increases with price — possible luxury/prestige effect.
90195A,check,General,0.4394,Positive,6.0029,6.0029,0.0,HOLD,0.0,0.0,LOW,0.0139,False,6.76,check: demand increases with price — possible luxury/prestige effect.
79071B,Unknown,General,0.4482,Positive,2.9428,2.9428,0.0,HOLD,0.0,0.0,LOW,0.0001,False,6.33,Unknown: demand increases with price — possible luxury/prestige effect.
21067,Unknown,General,0.459,Positive,1.238,1.238,0.0,HOLD,0.0,0.0,LOW,0.0002,False,8.73,Unknown: demand increases with price — possible luxury/prestige effect.
23069,EDWARDIAN PHOTO FRAME,General,0.4683,Positive,6.2519,6.2519,0.0,HOLD,0.0,0.0,LOW,0.0002,False,8.04,EDWARDIAN PHOTO FRAME: demand increases with price — possible luxury/prestige effect.
23428,IVORY RETRO KITCHEN WALL CLOCK,General,0.4704,Positive,8.1178,8.1178,0.0,HOLD,0.0,0.0,LOW,0.0003,False,7.47,IVORY RETRO KITCHEN WALL CLOCK: demand increases with price — possible luxury/prestige effect.
22740,adjustment,General,0.4706,Positive,0.848,0.848,0.0,HOLD,0.0,0.0,LOW,0.0001,False,17.91,adjustment: demand increases with price — possible luxury/prestige effect.
85049H,URBAN BLACK RIBBONS ,General,0.4706,Positive,1.1754,1.1754,0.0,HOLD,0.0,0.0,LOW,0.0013,False,8.42,URBAN BLACK RIBBONS : demand increases with price — possible luxury/prestige effect.
21648,Unknown,General,0.4796,Positive,1.2329,1.2329,0.0,HOLD,0.0,0.0,LOW,0.0002,False,13.48,Unknown: demand increases with price — possible luxury/prestige effect.
22452,Unknown,General,0.4837,Positive,2.8487,2.8487,0.0,HOLD,0.0,0.0,LOW,0.0008,False,9.51,Unknown: demand increases with price — possible luxury/prestige effect.
22643,SET OF 4 NAPKIN CHARMS LEAVES   ,General,0.4873,Positive,1.5519,1.5519,0.0,HOLD,0.0,0.0,LOW,0.0116,False,10.44,SET OF 4 NAPKIN CHARMS LEAVES   : demand increases with price — possible luxury/prestige effect.
90161C,ANT COPPER LIME BOUDICCA BRACELET,General,0.4875,Positive,4.9564,4.9564,0.0,HOLD,0.0,0.0,LOW,0.0002,False,8.02,ANT COPPER LIME BOUDICCA BRACELET: demand increases with price — possible luxury/prestige effect.
22677,FRENCH BLUE METAL DOOR SIGN 2,General,0.4876,Positive,1.2483,1.2483,0.0,HOLD,0.0,0.0,LOW,0.0002,False,9.94,FRENCH BLUE METAL DOOR SIGN 2: demand increases with price — possible luxury/prestige effect.
37489A,Unknown,General,0.4937,Positive,0.6933,0.6933,0.0,HOLD,0.0,0.0,LOW,0.026,False,6.83,Unknown: demand increases with price — possible luxury/prestige effect.
22705,WRAP GREEN PEARS ,General,0.4952,Positive,0.4204,0.4204,0.0,HOLD,0.0,0.0,LOW,0.0002,False,12.72,WRAP GREEN PEARS : demand increases with price — possible luxury/prestige effect.
17012C,check,General,0.4968,Positive,1.002,1.002,0.0,HOLD,0.0,0.0,LOW,0.0059,False,8.48,check: demand increases with price — possible luxury/prestige effect.
22894,TABLECLOTH RED APPLES DESIGN ,General,0.5027,Positive,9.6563,9.6563,0.0,HOLD,0.0,0.0,LOW,0.0004,False,9.36,TABLECLOTH RED APPLES DESIGN : demand increases with price — possible luxury/prestige effect.
84951B,SET OF 4 BLACK LOVEBIRD COASTERS,General,0.5045,Positive,0.9267,0.9267,0.0,HOLD,0.0,0.0,LOW,0.0052,False,10.12,SET OF 4 BLACK LOVEBIRD COASTERS: demand increases with price — possible luxury/prestige effect.
84378,SET OF 3 HEART COOKIE CUTTERS,General,0.5059,Positive,1.3204,1.3204,0.0,HOLD,0.0,0.0,LOW,0.0003,False,14.85,SET OF 3 HEART COOKIE CUTTERS: demand increases with price — possible luxury/prestige effect.
22619,SET OF 6 SOLDIER SKITTLES,General,0.5083,Positive,3.8298,3.8298,0.0,HOLD,0.0,0.0,LOW,0.0003,False,12.26,SET OF 6 SOLDIER SKITTLES: demand increases with price — possible luxury/prestige effect.
23420,PANTRY HOOK TEA STRAINER ,General,0.5138,Positive,2.076,2.076,0.0,HOLD,0.0,0.0,LOW,0.0002,False,6.86,PANTRY HOOK TEA STRAINER : demand increases with price — possible luxury/prestige effect.
22831,WHITE BROCANTE SOAP DISH,General,0.5163,Positive,2.9473,2.9473,0.0,HOLD,0.0,0.0,LOW,0.0002,False,7.77,WHITE BROCANTE SOAP DISH: demand increases with price — possible luxury/prestige effect.
22739,RIBBON REEL CHRISTMAS SOCK BAUBLE,General,0.5222,Positive,1.7193,1.7193,0.0,HOLD,0.0,0.0,LOW,0.0006,False,11.11,RIBBON REEL CHRISTMAS SOCK BAUBLE: demand increases with price — possible luxury/prestige effect.
90161B,ANT COPPER TURQ BOUDICCA BRACELET,General,0.5249,Positive,4.9746,4.9746,0.0,HOLD,0.0,0.0,LOW,0.0002,False,9.65,ANT COPPER TURQ BOUDICCA BRACELET: demand increases with price — possible luxury/prestige effect.
46000S,dotcom sales,General,0.5295,Positive,1.4518,1.4518,0.0,HOLD,0.0,0.0,LOW,0.0002,False,9.47,dotcom sales: demand increases with price — possible luxury/prestige effect.
22586,check,General,0.5354,Positive,0.8496,0.8496,0.0,HOLD,0.0,0.0,LOW,0.0002,False,10.35,check: demand increases with price — possible luxury/prestige effect.
90195B,BLACK GEMSTONE BRACELET,General,0.5376,Positive,6.9689,6.9689,0.0,HOLD,0.0,0.0,LOW,0.0121,False,7.0,BLACK GEMSTONE BRACELET: demand increases with price — possible luxury/prestige effect.
20769,DAISY JOURNAL ,General,0.5381,Positive,2.5351,2.5351,0.0,HOLD,0.0,0.0,LOW,0.0002,False,9.22,DAISY JOURNAL : demand increases with price — possible luxury/prestige effect.
23353,6 GIFT TAGS VINTAGE CHRISTMAS ,General,0.545,Positive,0.8306,0.8306,0.0,HOLD,0.0,0.0,LOW,0.0002,False,13.64,6 GIFT TAGS VINTAGE CHRISTMAS : demand increases with price — possible luxury/prestige effect.
84519B,CARROT CHARLIE+LOLA COASTER SET,General,0.553,Positive,1.3414,1.3414,0.0,HOLD,0.0,0.0,LOW,0.0025,False,9.82,CARROT CHARLIE+LOLA COASTER SET: demand increases with price — possible luxury/prestige effect.
22085,PAPER CHAIN KIT SKULLS ,General,0.5538,Positive,2.9445,2.9445,0.0,HOLD,0.0,0.0,LOW,0.0002,False,9.14,PAPER CHAIN KIT SKULLS : demand increases with price — possible luxury/prestige effect.
22653,BUTTON BOX ,General,0.5678,Positive,1.9338,1.9338,0.0,HOLD,0.0,0.0,LOW,0.0003,False,9.77,BUTTON BOX : demand increases with price — possible luxury/prestige effect.
79026B,Unknown,General,0.5761,Positive,0.6014,0.6014,0.0,HOLD,0.0,0.0,LOW,0.0218,False,5.38,Unknown: demand increases with price — possible luxury/prestige effect.
85032B,BLOSSOM IMAGES GIFT WRAP SET,General,0.5769,Positive,0.8077,0.8077,0.0,HOLD,0.0,0.0,LOW,0.0093,False,9.24,BLOSSOM IMAGES GIFT WRAP SET: demand increases with price — possible luxury/prestige effect.
22468,BABUSHKA LIGHTS STRING OF 10,General,0.579,Positive,6.728,6.728,0.0,HOLD,0.0,0.0,LOW,0.0003,False,9.67,BABUSHKA LIGHTS STRING OF 10: demand increases with price — possible luxury/prestige effect.
84912A,Unknown,General,0.5823,Positive,3.7453,3.7453,0.0,HOLD,0.0,0.0,LOW,0.0002,False,9.42,Unknown: demand increases with price — possible luxury/prestige effect.
22362,GLASS JAR PEACOCK BATH SALTS,General,0.5985,Positive,2.9509,2.9509,0.0,HOLD,0.0,0.0,LOW,0.0003,False,7.92,GLASS JAR PEACOCK BATH SALTS: demand increases with price — possible luxury/prestige effect.
21034,REX CASH+CARRY JUMBO SHOPPER,General,0.602,Positive,0.9496,0.9496,0.0,HOLD,0.0,0.0,LOW,0.0002,False,15.21,REX CASH+CARRY JUMBO SHOPPER: demand increases with price — possible luxury/prestige effect.
10120,DOGGY RUBBER,General,0.6045,Positive,0.2096,0.2096,0.0,HOLD,0.0,0.0,LOW,0.0005,False,7.21,DOGGY RUBBER: demand increases with price — possible luxury/prestige effect.
22402,MAGNETS PACK OF 4 VINTAGE COLLAGE,General,0.6182,Positive,0.5938,0.5938,0.0,HOLD,0.0,0.0,LOW,0.0144,True,10.86,MAGNETS PACK OF 4 VINTAGE COLLAGE: demand increases with price — possible luxury/prestige effect.
21906,PHARMACIE FIRST AID TIN,General,0.6242,Positive,6.7231,6.7231,0.0,HOLD,0.0,0.0,LOW,0.0003,False,8.77,PHARMACIE FIRST AID TIN: demand increases with price — possible luxury/prestige effect.
20782,CAMOUFLAGE EAR MUFF HEADPHONES,General,0.6242,Positive,5.7149,5.7149,0.0,HOLD,0.0,0.0,LOW,0.0122,False,8.04,CAMOUFLAGE EAR MUFF HEADPHONES: demand increases with price — possible luxury/prestige effect.
21789,KIDS RAIN MAC PINK,General,0.6255,Positive,0.8489,0.8489,0.0,HOLD,0.0,0.0,LOW,0.0003,False,8.37,KIDS RAIN MAC PINK: demand increases with price — possible luxury/prestige effect.
37489D,PINK/GREEN FLOWER DESIGN BIG MUG,General,0.6326,Positive,0.6539,0.6539,0.0,HOLD,0.0,0.0,LOW,0.0281,False,7.61,PINK/GREEN FLOWER DESIGN BIG MUG: demand increases with price — possible luxury/prestige effect.
84725,Unknown,General,0.6349,Positive,1.343,1.343,0.0,HOLD,0.0,0.0,LOW,0.0276,False,6.86,Unknown: demand increases with price — possible luxury/prestige effect.
22835,HOT WATER BOTTLE I AM SO POORLY,General,0.6414,Positive,4.8665,4.8665,0.0,HOLD,0.0,0.0,LOW,0.0004,False,13.75,HOT WATER BOTTLE I AM SO POORLY: demand increases with price — possible luxury/prestige effect.
90206C,CRYSTAL DIAMANTE STAR BROOCH,General,0.642,Positive,5.02,5.02,0.0,HOLD,0.0,0.0,LOW,0.0002,False,6.18,CRYSTAL DIAMANTE STAR BROOCH: demand increases with price — possible luxury/prestige effect.
84685,Unknown,General,0.6489,Positive,3.7505,3.7505,0.0,HOLD,0.0,0.0,LOW,0.0002,False,12.86,Unknown: demand increases with price — possible luxury/prestige effect.
20778,Unknown,General,0.6553,Positive,1.6554,1.6554,0.0,HOLD,0.0,0.0,LOW,0.0004,False,8.61,Unknown: demand increases with price — possible luxury/prestige effect.
22434,BALLOON PUMP WITH 10 BALLOONS,General,0.6628,Positive,1.9973,1.9973,0.0,HOLD,0.0,0.0,LOW,0.0007,False,9.11,BALLOON PUMP WITH 10 BALLOONS: demand increases with price — possible luxury/prestige effect.
23514,EMBROIDERED RIBBON REEL SALLY ,General,0.669,Positive,2.0775,2.0775,0.0,HOLD,0.0,0.0,LOW,0.0005,False,10.14,EMBROIDERED RIBBON REEL SALLY : demand increases with price — possible luxury/prestige effect.
22975,SPACEBOY CHILDRENS EGG CUP,General,0.6704,Positive,1.2706,1.2706,0.0,HOLD,0.0,0.0,LOW,0.0008,False,11.08,SPACEBOY CHILDRENS EGG CUP: demand increases with price — possible luxury/prestige effect.
16045,check,General,0.6732,Positive,0.0419,0.0419,0.0,HOLD,0.0,0.0,LOW,0.004,False,29.1,check: demand increases with price — possible luxury/prestige effect.
23409,PHOTO FRAME LINEN AND LACE LARGE,General,0.6856,Positive,3.7507,3.7507,0.0,HOLD,0.0,0.0,LOW,0.0004,False,7.78,PHOTO FRAME LINEN AND LACE LARGE: demand increases with price — possible luxury/prestige effect.
21136,sold as set on dotcom,General,0.687,Positive,1.6856,1.6856,0.0,HOLD,0.0,0.0,LOW,0.0004,False,12.58,sold as set on dotcom: demand increases with price — possible luxury/prestige effect.
20931,BLUE POT PLANT CANDLE ,General,0.6939,Positive,2.6315,2.6315,0.0,HOLD,0.0,0.0,LOW,0.0184,False,8.31,BLUE POT PLANT CANDLE : demand increases with price — possible luxury/prestige effect.
90018A,SILVER M.O.P ORBIT DROP EARRINGS,General,0.701,Positive,4.2481,4.2481,0.0,HOLD,0.0,0.0,LOW,0.0004,False,7.25,SILVER M.O.P ORBIT DROP EARRINGS: demand increases with price — possible luxury/prestige effect.
23470,CARD HOLDER LOVE BIRD LARGE ,General,0.7016,Positive,6.2191,6.2191,0.0,HOLD,0.0,0.0,LOW,0.0006,False,7.98,CARD HOLDER LOVE BIRD LARGE : demand increases with price — possible luxury/prestige effect.
23399,HOME SWEET HOME HANGING HEART,General,0.7128,Positive,0.8498,0.8498,0.0,HOLD,0.0,0.0,LOW,0.0004,False,12.08,HOME SWEET HOME HANGING HEART: demand increases with price — possible luxury/prestige effect.
23027,DRAWER KNOB VINTAGE GLASS HEXAGON,General,0.714,Positive,2.0843,2.0843,0.0,HOLD,0.0,0.0,LOW,0.0005,False,9.35,DRAWER KNOB VINTAGE GLASS HEXAGON: demand increases with price — possible luxury/prestige effect.
84247N,PACK/12 BLUE FOLKART CARDS,General,0.715,Positive,2.9476,2.9476,0.0,HOLD,0.0,0.0,LOW,0.0003,False,8.05,PACK/12 BLUE FOLKART CARDS: demand increases with price — possible luxury/prestige effect.
20973,Unknown,General,0.7201,Positive,0.6587,0.6587,0.0,HOLD,0.0,0.0,LOW,0.0006,False,13.21,Unknown: demand increases with price — possible luxury/prestige effect.
20726,LUNCH BAG WOODLAND,General,0.721,Positive,1.6518,1.6518,0.0,HOLD,0.0,0.0,LOW,0.0003,False,17.67,LUNCH BAG WOODLAND: demand increases with price — possible luxury/prestige effect.
22694,WICKER STAR ,General,0.7212,Positive,2.0971,2.0971,0.0,HOLD,0.0,0.0,LOW,0.0004,False,12.05,WICKER STAR : demand increases with price — possible luxury/prestige effect.
85032C,CURIOUS IMAGES GIFT WRAP SET,General,0.722,Positive,0.8988,0.8988,0.0,HOLD,0.0,0.0,LOW,0.0179,False,9.86,CURIOUS IMAGES GIFT WRAP SET: demand increases with price — possible luxury/prestige effect.
21756,BATH BUILDING BLOCK WORD,General,0.7245,Positive,6.0412,6.0412,0.0,HOLD,0.0,0.0,LOW,0.0005,False,10.25,BATH BUILDING BLOCK WORD: demand increases with price — possible luxury/prestige effect.
23556,LANDMARK FRAME COVENT GARDEN ,General,0.7341,Positive,12.5063,12.5063,0.0,HOLD,0.0,0.0,LOW,0.0006,False,7.91,LANDMARK FRAME COVENT GARDEN : demand increases with price — possible luxury/prestige effect.
23551,PACK OF 12 PAISLEY PARK TISSUES ,General,0.7348,Positive,0.3902,0.3902,0.0,HOLD,0.0,0.0,LOW,0.0004,False,12.95,PACK OF 12 PAISLEY PARK TISSUES : demand increases with price — possible luxury/prestige effect.
22775,Unknown,General,0.7447,Positive,1.2517,1.2517,0.0,HOLD,0.0,0.0,LOW,0.0005,False,10.71,Unknown: demand increases with price — possible luxury/prestige effect.
21375,LARGE CAMPHOR WOOD FIELD MUSHROOM ,General,0.7468,Positive,4.7603,4.7603,0.0,HOLD,0.0,0.0,LOW,0.0366,False,8.26,LARGE CAMPHOR WOOD FIELD MUSHROOM : demand increases with price — possible luxury/prestige effect.
21320,Unknown,General,0.7518,Positive,1.221,1.221,0.0,HOLD,0.0,0.0,LOW,0.0122,False,10.3,Unknown: demand increases with price — possible luxury/prestige effect.
22361,GLASS JAR DAISY FRESH COTTON WOOL,General,0.7518,Positive,2.9519,2.9519,0.0,HOLD,0.0,0.0,LOW,0.0004,False,8.79,GLASS JAR DAISY FRESH COTTON WOOL: demand increases with price — possible luxury/prestige effect.
21363,Unknown,General,0.7588,Positive,4.9453,4.9453,0.0,HOLD,0.0,0.0,LOW,0.0004,False,8.99,Unknown: demand increases with price — possible luxury/prestige effect.
20781,GOLD EAR MUFF HEADPHONES,General,0.7639,Positive,4.6215,4.6215,0.0,HOLD,0.0,0.0,LOW,0.0225,False,6.36,GOLD EAR MUFF HEADPHONES: demand increases with price — possible luxury/prestige effect.
21547,Unknown,General,0.7674,Positive,2.9505,2.9505,0.0,HOLD,0.0,0.0,LOW,0.0005,False,9.41,Unknown: demand increases with price — possible luxury/prestige effect.
22428,ENAMEL FIRE BUCKET CREAM,General,0.769,Positive,6.9438,6.9438,0.0,HOLD,0.0,0.0,LOW,0.0004,False,9.59,ENAMEL FIRE BUCKET CREAM: demand increases with price — possible luxury/prestige effect.
21425,SKULLS STORAGE BOX LARGE,General,0.7723,Positive,2.9676,2.9676,0.0,HOLD,0.0,0.0,LOW,0.0003,False,10.05,SKULLS STORAGE BOX LARGE: demand increases with price — possible luxury/prestige effect.
22925,AMAZON,General,0.7759,Positive,6.0456,6.0456,0.0,HOLD,0.0,0.0,LOW,0.0009,False,9.45,AMAZON: demand increases with price — possible luxury/prestige effect.
22255,FELT TOADSTOOL  SMALL,General,0.8137,Positive,0.8477,0.8477,0.0,HOLD,0.0,0.0,LOW,0.0005,False,9.58,FELT TOADSTOOL  SMALL: demand increases with price — possible luxury/prestige effect.
20702,Unknown,General,0.8142,Positive,4.2677,4.2677,0.0,HOLD,0.0,0.0,LOW,0.0005,False,8.63,Unknown: demand increases with price — possible luxury/prestige effect.
23035,check,General,0.8147,Positive,1.4798,1.4798,0.0,HOLD,0.0,0.0,LOW,0.0013,False,10.9,check: demand increases with price — possible luxury/prestige effect.
22444,Unknown,General,0.8193,Positive,1.2389,1.2389,0.0,HOLD,0.0,0.0,LOW,0.0006,False,11.88,Unknown: demand increases with price — possible luxury/prestige effect.
20659,ECONOMY LUGGAGE TAG,General,0.8227,Positive,1.4499,1.4499,0.0,HOLD,0.0,0.0,LOW,0.0093,False,9.23,ECONOMY LUGGAGE TAG: demand increases with price — possible luxury/prestige effect.
20961,STRAWBERRY BATH SPONGE ,General,0.8239,Positive,1.2911,1.2911,0.0,HOLD,0.0,0.0,LOW,0.0013,False,9.31,STRAWBERRY BATH SPONGE : demand increases with price — possible luxury/prestige effect.
84510E,SET OF 4 GREEN CAROUSEL COASTERS,General,0.8285,Positive,0.5596,0.5596,0.0,HOLD,0.0,0.0,LOW,0.0844,False,7.29,SET OF 4 GREEN CAROUSEL COASTERS: demand increases with price — possible luxury/prestige effect.
85008,Unknown,General,0.8296,Positive,4.2271,4.2271,0.0,HOLD,0.0,0.0,LOW,0.025,False,10.47,Unknown: demand increases with price — possible luxury/prestige effect.
22656,Unknown,General,0.8335,Positive,116.4237,116.4237,0.0,HOLD,0.0,0.0,LOW,0.0127,False,6.2,Unknown: demand increases with price — possible luxury/prestige effect.
22627,Unknown,General,0.8355,Positive,8.4005,8.4005,0.0,HOLD,0.0,0.0,LOW,0.0085,True,10.88,Unknown: demand increases with price — possible luxury/prestige effect.
21132,SILVER STANDING GNOME   ,General,0.8356,Positive,3.507,3.507,0.0,HOLD,0.0,0.0,LOW,0.0469,False,6.41,SILVER STANDING GNOME   : demand increases with price — possible luxury/prestige effect.
20686,Unknown,General,0.8387,Positive,3.2463,3.2463,0.0,HOLD,0.0,0.0,LOW,0.0006,False,8.85,Unknown: demand increases with price — possible luxury/prestige effect.
23113,PANTRY CHOPPING BOARD,General,0.8478,Positive,4.8862,4.8862,0.0,HOLD,0.0,0.0,LOW,0.0008,False,9.05,PANTRY CHOPPING BOARD: demand increases with price — possible luxury/prestige effect.
21935,SUKI  SHOULDER BAG,General,0.8564,Positive,1.6476,1.6476,0.0,HOLD,0.0,0.0,LOW,0.0006,False,10.42,SUKI  SHOULDER BAG: demand increases with price — possible luxury/prestige effect.
23475,WOODLAND SMALL PINK FELT HEART,General,0.8681,Positive,0.8295,0.8295,0.0,HOLD,0.0,0.0,LOW,0.0005,False,9.88,WOODLAND SMALL PINK FELT HEART: demand increases with price — possible luxury/prestige effect.
20755,BLUE PAISLEY POCKET BOOK,General,0.8703,Positive,0.8459,0.8459,0.0,HOLD,0.0,0.0,LOW,0.0005,False,8.79,BLUE PAISLEY POCKET BOOK: demand increases with price — possible luxury/prestige effect.
85032A,ROMANTIC IMAGES GIFT WRAP SET,General,0.8713,Positive,0.8648,0.8648,0.0,HOLD,0.0,0.0,LOW,0.0258,True,9.12,ROMANTIC IMAGES GIFT WRAP SET: demand increases with price — possible luxury/prestige effect.
21078,Unknown,General,0.8746,Positive,0.8478,0.8478,0.0,HOLD,0.0,0.0,LOW,0.0006,False,11.43,Unknown: demand increases with price — possible luxury/prestige effect.
22437,SET OF 9 BLACK SKULL BALLOONS,General,0.8814,Positive,0.8397,0.8397,0.0,HOLD,0.0,0.0,LOW,0.0006,False,11.84,SET OF 9 BLACK SKULL BALLOONS: demand increases with price — possible luxury/prestige effect.
21197,MULTICOLOUR  CONFETTI IN TUBE,General,0.9017,Positive,1.6674,1.6674,0.0,HOLD,0.0,0.0,LOW,0.0007,False,7.42,MULTICOLOUR  CONFETTI IN TUBE: demand increases with price — possible luxury/prestige effect.
17084N,FAIRY DREAMS INCENSE ,General,0.9036,Positive,0.2091,0.2091,0.0,HOLD,0.0,0.0,LOW,0.0009,False,13.67,FAIRY DREAMS INCENSE : demand increases with price — possible luxury/prestige effect.
22928,YELLOW GIANT GARDEN THERMOMETER,General,0.909,Positive,6.151,6.151,0.0,HOLD,0.0,0.0,LOW,0.0036,False,7.83,YELLOW GIANT GARDEN THERMOMETER: demand increases with price — possible luxury/prestige effect.
22371,AIRLINE BAG VINTAGE TOKYO 78,General,0.9103,Positive,4.2982,4.2982,0.0,HOLD,0.0,0.0,LOW,0.0012,False,9.43,AIRLINE BAG VINTAGE TOKYO 78: demand increases with price — possible luxury/prestige effect.
22687,had been put aside,General,0.9132,Positive,8.9844,8.9844,0.0,HOLD,0.0,0.0,LOW,0.0107,False,7.28,had been put aside: demand increases with price — possible luxury/prestige effect.
22869,NUMBER TILE COTTAGE GARDEN 1,General,0.9188,Positive,1.9493,1.9493,0.0,HOLD,0.0,0.0,LOW,0.0007,False,6.67,NUMBER TILE COTTAGE GARDEN 1: demand increases with price — possible luxury/prestige effect.
23517,EMBROIDERED RIBBON REEL REBECCA ,General,0.9232,Positive,2.8906,2.8906,0.0,HOLD,0.0,0.0,LOW,0.0008,False,9.49,EMBROIDERED RIBBON REEL REBECCA : demand increases with price — possible luxury/prestige effect.
90064B,BLACK VINTAGE  CRYSTAL EARRINGS,General,0.9311,Positive,3.7743,3.7743,0.0,HOLD,0.0,0.0,LOW,0.0011,False,7.48,BLACK VINTAGE  CRYSTAL EARRINGS: demand increases with price — possible luxury/prestige effect.
22228,BUNNY WOODEN PAINTED WITH BIRD ,General,0.9378,Positive,0.645,0.645,0.0,HOLD,0.0,0.0,LOW,0.0237,True,10.41,BUNNY WOODEN PAINTED WITH BIRD : demand increases with price — possible luxury/prestige effect.
21830,Unknown,General,0.9423,Positive,0.4188,0.4188,0.0,HOLD,0.0,0.0,LOW,0.0007,False,15.09,Unknown: demand increases with price — possible luxury/prestige effect.
85131D,BEADED CRYSTAL HEART PINK ON STICK,General,0.943,Positive,1.0468,1.0468,0.0,HOLD,0.0,0.0,LOW,0.0085,False,9.92,BEADED CRYSTAL HEART PINK ON STICK: demand increases with price — possible luxury/prestige effect.
23287,RED VINTAGE SPOT BEAKER,General,0.9535,Positive,0.8463,0.8463,0.0,HOLD,0.0,0.0,LOW,0.0008,False,11.63,RED VINTAGE SPOT BEAKER: demand increases with price — possible luxury/prestige effect.
84859C,wet?,General,0.9595,Positive,1.9363,1.9363,0.0,HOLD,0.0,0.0,LOW,0.0008,False,9.16,wet?: demand increases with price — possible luxury/prestige effect.
84870C,GREEN GEISHA GIRL ,General,0.9697,Positive,3.7373,3.7373,0.0,HOLD,0.0,0.0,LOW,0.001,False,5.64,GREEN GEISHA GIRL : demand increases with price — possible luxury/prestige effect.
20981,12 PENCILS TALL TUBE WOODLAND,General,0.9716,Positive,0.8502,0.8502,0.0,HOLD,0.0,0.0,LOW,0.0007,False,11.81,12 PENCILS TALL TUBE WOODLAND: demand increases with price — possible luxury/prestige effect.
21464,DISCO BALL ROTATOR BATTERY OPERATED,General,0.9724,Positive,4.2643,4.2643,0.0,HOLD,0.0,0.0,LOW,0.0006,False,8.91,DISCO BALL ROTATOR BATTERY OPERATED: demand increases with price — possible luxury/prestige effect.
23314,VINTAGE CHRISTMAS TABLECLOTH,General,0.973,Positive,12.4315,12.4315,0.0,HOLD,0.0,0.0,LOW,0.0011,False,8.71,VINTAGE CHRISTMAS TABLECLOTH: demand increases with price — possible luxury/prestige effect.
47578A,ENGLISH ROSE SMALL SCENTED FLOWER,General,0.987,Positive,0.8478,0.8478,0.0,HOLD,0.0,0.0,LOW,0.001,False,8.16,ENGLISH ROSE SMALL SCENTED FLOWER: demand increases with price — possible luxury/prestige effect.
21700,check,General,0.9901,Positive,0.8505,0.8505,0.0,HOLD,0.0,0.0,LOW,0.0008,False,11.01,check: demand increases with price — possible luxury/prestige effect.
22497,Unknown,General,0.9952,Positive,4.2481,4.2481,0.0,HOLD,0.0,0.0,LOW,0.0008,False,7.74,Unknown: demand increases with price — possible luxury/prestige effect.
21253,SET OF PICTURE FRAME  STICKERS,General,1.0017,Positive,2.73,2.73,0.0,HOLD,0.0,0.0,LOW,0.0285,False,10.21,SET OF PICTURE FRAME  STICKERS: demand increases with price — possible luxury/prestige effect.
23496,PANTRY KITCHEN THERMOMETER ,General,1.0183,Positive,1.259,1.259,0.0,HOLD,0.0,0.0,LOW,0.0009,False,8.89,PANTRY KITCHEN THERMOMETER : demand increases with price — possible luxury/prestige effect.
22245,Unknown,General,1.0242,Positive,0.842,0.842,0.0,HOLD,0.0,0.0,LOW,0.0012,False,9.9,Unknown: demand increases with price — possible luxury/prestige effect.
23273,HEART T-LIGHT HOLDER WILLIE WINKIE,General,1.0248,Positive,1.6827,1.6827,0.0,HOLD,0.0,0.0,LOW,0.0009,False,10.7,HEART T-LIGHT HOLDER WILLIE WINKIE: demand increases with price — possible luxury/prestige effect.
23241,TREASURE TIN GYMKHANA DESIGN,General,1.0275,Positive,2.078,2.078,0.0,HOLD,0.0,0.0,LOW,0.001,False,12.15,TREASURE TIN GYMKHANA DESIGN: demand increases with price — possible luxury/prestige effect.
22633,Unknown,General,1.0387,Positive,2.0883,2.0883,0.0,HOLD,0.0,0.0,LOW,0.0007,False,15.25,Unknown: demand increases with price — possible luxury/prestige effect.
22873,NUMBER TILE COTTAGE GARDEN 5,General,1.0526,Positive,1.9546,1.9546,0.0,HOLD,0.0,0.0,LOW,0.0019,False,7.04,NUMBER TILE COTTAGE GARDEN 5: demand increases with price — possible luxury/prestige effect.
22321,BIRD DECORATION RED RETROSPOT,General,1.0671,Positive,0.8492,0.8492,0.0,HOLD,0.0,0.0,LOW,0.0009,False,11.12,BIRD DECORATION RED RETROSPOT: demand increases with price — possible luxury/prestige effect.
23476,WOODLAND LARGE RED FELT HEART,General,1.0689,Positive,1.2568,1.2568,0.0,HOLD,0.0,0.0,LOW,0.0012,False,10.64,WOODLAND LARGE RED FELT HEART: demand increases with price — possible luxury/prestige effect.
23342,MINT DINER CLOCK,General,1.0696,Positive,8.5013,8.5013,0.0,HOLD,0.0,0.0,LOW,0.001,False,8.98,MINT DINER CLOCK: demand increases with price — possible luxury/prestige effect.
84882,GREEN WIRE STANDING CANDLE HOLDER,General,1.0732,Positive,3.7425,3.7425,0.0,HOLD,0.0,0.0,LOW,0.001,False,8.03,GREEN WIRE STANDING CANDLE HOLDER: demand increases with price — possible luxury/prestige effect.
23029,damages,General,1.074,Positive,1.6462,1.6462,0.0,HOLD,0.0,0.0,LOW,0.0011,False,10.75,damages: demand increases with price — possible luxury/prestige effect.
18007,Unknown,General,1.0747,Positive,0.18,0.18,0.0,HOLD,0.0,0.0,LOW,0.0011,False,14.53,Unknown: demand increases with price — possible luxury/prestige effect.
84609,damages,General,1.0785,Positive,8.4217,8.4217,0.0,HOLD,0.0,0.0,LOW,0.0007,False,6.89,damages: demand increases with price — possible luxury/prestige effect.
21656,samples,General,1.0823,Positive,1.4574,1.4574,0.0,HOLD,0.0,0.0,LOW,0.0015,False,8.32,samples: demand increases with price — possible luxury/prestige effect.
21625,VINTAGE UNION JACK APRON,General,1.0838,Positive,7.0898,7.0898,0.0,HOLD,0.0,0.0,LOW,0.0042,False,8.58,VINTAGE UNION JACK APRON: demand increases with price — possible luxury/prestige effect.
47013C,Unknown,General,1.09,Positive,0.1194,0.1194,0.0,HOLD,0.0,0.0,LOW,0.0012,False,8.19,Unknown: demand increases with price — possible luxury/prestige effect.
22265,EASTER DECORATION NATURAL CHICK,General,1.0913,Positive,0.6485,0.6485,0.0,HOLD,0.0,0.0,LOW,0.001,False,9.49,EASTER DECORATION NATURAL CHICK: demand increases with price — possible luxury/prestige effect.
72122,COFFEE SCENT PILLAR CANDLE,General,1.0915,Positive,0.9476,0.9476,0.0,HOLD,0.0,0.0,LOW,0.0013,False,8.47,COFFEE SCENT PILLAR CANDLE: demand increases with price — possible luxury/prestige effect.
22734,FOUND,General,1.0922,Positive,2.911,2.911,0.0,HOLD,0.0,0.0,LOW,0.001,False,13.18,FOUND: demand increases with price — possible luxury/prestige effect.
21638,Unknown,General,1.0996,Positive,2.1046,2.1046,0.0,HOLD,0.0,0.0,LOW,0.0008,False,9.0,Unknown: demand increases with price — possible luxury/prestige effect.
22997,TRAVEL CARD WALLET UNION JACK,General,1.1073,Positive,0.4202,0.4202,0.0,HOLD,0.0,0.0,LOW,0.0011,False,11.67,TRAVEL CARD WALLET UNION JACK: demand increases with price — possible luxury/prestige effect.
23231,WRAP  VINTAGE DOILY ,General,1.1224,Positive,0.4197,0.4197,0.0,HOLD,0.0,0.0,LOW,0.001,False,15.44,WRAP  VINTAGE DOILY : demand increases with price — possible luxury/prestige effect.
21056,DOCTOR'S BAG SOFT TOY,General,1.1342,Positive,9.5184,9.5184,0.0,HOLD,0.0,0.0,LOW,0.0089,False,7.39,DOCTOR'S BAG SOFT TOY: demand increases with price — possible luxury/prestige effect.
23392,SPACEBOY ROCKET LOLLY MAKERS,General,1.1357,Positive,2.0642,2.0642,0.0,HOLD,0.0,0.0,LOW,0.0011,False,9.52,SPACEBOY ROCKET LOLLY MAKERS: demand increases with price — possible luxury/prestige effect.
22583,PACK OF 6 HANDBAG GIFT BOXES,General,1.1366,Positive,2.555,2.555,0.0,HOLD,0.0,0.0,LOW,0.0011,False,8.79,PACK OF 6 HANDBAG GIFT BOXES: demand increases with price — possible luxury/prestige effect.
22773,GREEN DRAWER KNOB ACRYLIC EDWARDIAN,General,1.1377,Positive,1.2542,1.2542,0.0,HOLD,0.0,0.0,LOW,0.0012,False,10.37,GREEN DRAWER KNOB ACRYLIC EDWARDIAN: demand increases with price — possible luxury/prestige effect.
23540,"WALL ART , THE MAGIC FOREST ",General,1.1392,Positive,5.9,5.9,0.0,HOLD,0.0,0.0,LOW,0.0279,False,9.83,"WALL ART , THE MAGIC FOREST : demand increases with price — possible luxury/prestige effect."
22229,BUNNY WOODEN PAINTED WITH FLOWER ,General,1.1418,Positive,0.6342,0.6342,0.0,HOLD,0.0,0.0,LOW,0.044,True,9.36,BUNNY WOODEN PAINTED WITH FLOWER : demand increases with price — possible luxury/prestige effect.
23156,SET OF 5 MINI GROCERY MAGNETS,General,1.1542,Positive,2.0726,2.0726,0.0,HOLD,0.0,0.0,LOW,0.0012,False,10.75,SET OF 5 MINI GROCERY MAGNETS: demand increases with price — possible luxury/prestige effect.
22995,TRAVEL CARD WALLET SUKI,General,1.1544,Positive,0.4205,0.4205,0.0,HOLD,0.0,0.0,LOW,0.001,False,10.5,TRAVEL CARD WALLET SUKI: demand increases with price — possible luxury/prestige effect.
21041,RED RETROSPOT OVEN GLOVE DOUBLE,General,1.1585,Positive,2.9499,2.9499,0.0,HOLD,0.0,0.0,LOW,0.001,False,9.88,RED RETROSPOT OVEN GLOVE DOUBLE: demand increases with price — possible luxury/prestige effect.
22278,OVERNIGHT BAG VINTAGE ROSE PAISLEY,General,1.1712,Positive,4.9405,4.9405,0.0,HOLD,0.0,0.0,LOW,0.0009,False,8.33,OVERNIGHT BAG VINTAGE ROSE PAISLEY: demand increases with price — possible luxury/prestige effect.
20967,Amazon Adjustment,General,1.1749,Positive,3.7499,3.7499,0.0,HOLD,0.0,0.0,LOW,0.001,False,9.65,Amazon Adjustment: demand increases with price — possible luxury/prestige effect.
23067,HANGING ENGRAVED METAL HEART,General,1.1843,Positive,4.1439,4.1439,0.0,HOLD,0.0,0.0,LOW,0.001,False,8.37,HANGING ENGRAVED METAL HEART: demand increases with price — possible luxury/prestige effect.
22649,STRAWBERRY FAIRY CAKE TEAPOT,General,1.1866,Positive,4.9402,4.9402,0.0,HOLD,0.0,0.0,LOW,0.0011,False,10.03,STRAWBERRY FAIRY CAKE TEAPOT: demand increases with price — possible luxury/prestige effect.
21123,SET/10 IVORY POLKADOT PARTY CANDLES,General,1.1909,Positive,1.2491,1.2491,0.0,HOLD,0.0,0.0,LOW,0.001,False,9.57,SET/10 IVORY POLKADOT PARTY CANDLES: demand increases with price — possible luxury/prestige effect.
22989,SET 2 PANTRY DESIGN TEA TOWELS,General,1.1955,Positive,3.232,3.232,0.0,HOLD,0.0,0.0,LOW,0.0014,False,10.69,SET 2 PANTRY DESIGN TEA TOWELS: demand increases with price — possible luxury/prestige effect.
22749,FELTCRAFT PRINCESS CHARLOTTE DOLL,General,1.196,Positive,3.7634,3.7634,0.0,HOLD,0.0,0.0,LOW,0.0011,False,12.1,FELTCRAFT PRINCESS CHARLOTTE DOLL: demand increases with price — possible luxury/prestige effect.
85017B,Unknown,General,1.1978,Positive,0.5301,0.5301,0.0,HOLD,0.0,0.0,LOW,0.0217,False,10.29,Unknown: demand increases with price — possible luxury/prestige effect.
21001,ROSE DU SUD WASHBAG ,General,1.2057,Positive,5.9544,5.9544,0.0,HOLD,0.0,0.0,LOW,0.0008,False,8.55,ROSE DU SUD WASHBAG : demand increases with price — possible luxury/prestige effect.
35265,COLOURFUL FLOWER FRUIT BOWL,General,1.2058,Positive,2.7825,2.7825,0.0,HOLD,0.0,0.0,LOW,0.1459,True,6.0,COLOURFUL FLOWER FRUIT BOWL: demand increases with price — possible luxury/prestige effect.
23179,CLOCK MAGNET MUM'S KITCHEN,General,1.2086,Positive,2.7162,2.7162,0.0,HOLD,0.0,0.0,LOW,0.011,False,10.08,CLOCK MAGNET MUM'S KITCHEN: demand increases with price — possible luxury/prestige effect.
22180,Unknown,General,1.2096,Positive,9.9305,9.9305,0.0,HOLD,0.0,0.0,LOW,0.0011,False,9.54,Unknown: demand increases with price — possible luxury/prestige effect.
22212,FOUR HOOK  WHITE LOVEBIRDS,General,1.2365,Positive,2.1157,2.1157,0.0,HOLD,0.0,0.0,LOW,0.0016,False,10.78,FOUR HOOK  WHITE LOVEBIRDS: demand increases with price — possible luxury/prestige effect.
22676,FRENCH BLUE METAL DOOR SIGN 1,General,1.2472,Positive,1.2487,1.2487,0.0,HOLD,0.0,0.0,LOW,0.0014,False,9.3,FRENCH BLUE METAL DOOR SIGN 1: demand increases with price — possible luxury/prestige effect.
21291,SMALL POLKADOT CHOCOLATE GIFT BAG ,General,1.25,Positive,0.8501,0.8501,0.0,HOLD,0.0,0.0,LOW,0.0012,False,12.37,SMALL POLKADOT CHOCOLATE GIFT BAG : demand increases with price — possible luxury/prestige effect.
22587,check,General,1.2573,Positive,0.849,0.849,0.0,HOLD,0.0,0.0,LOW,0.0011,False,9.69,check: demand increases with price — possible luxury/prestige effect.
46776F,WOVEN ROSE GARDEN CUSHION COVER ,General,1.2692,Positive,4.9421,4.9421,0.0,HOLD,0.0,0.0,LOW,0.0011,False,8.04,WOVEN ROSE GARDEN CUSHION COVER : demand increases with price — possible luxury/prestige effect.
22274,FELTCRAFT DOLL EMILY,General,1.27,Positive,2.9999,2.9999,0.0,HOLD,0.0,0.0,LOW,0.0017,False,9.27,FELTCRAFT DOLL EMILY: demand increases with price — possible luxury/prestige effect.
20761,BLUE PAISLEY SKETCHBOOK,General,1.2739,Positive,3.7611,3.7611,0.0,HOLD,0.0,0.0,LOW,0.0012,False,7.84,BLUE PAISLEY SKETCHBOOK: demand increases with price — possible luxury/prestige effect.
85040A,S/4 PINK FLOWER CANDLES IN BOWL,General,1.2766,Positive,1.709,1.709,0.0,HOLD,0.0,0.0,LOW,0.0041,False,9.78,S/4 PINK FLOWER CANDLES IN BOWL: demand increases with price — possible luxury/prestige effect.
84569B,Unknown,General,1.3062,Positive,1.2437,1.2437,0.0,HOLD,0.0,0.0,LOW,0.0013,False,9.6,Unknown: demand increases with price — possible luxury/prestige effect.
84842,HELLO SAILOR BATHROOM SET,General,1.3063,Positive,3.7943,3.7943,0.0,HOLD,0.0,0.0,LOW,0.0012,False,9.17,HELLO SAILOR BATHROOM SET: demand increases with price — possible luxury/prestige effect.
21373,MIRRORED WALL ART SNOWFLAKES,General,1.3272,Positive,0.7523,0.7523,0.0,HOLD,0.0,0.0,LOW,0.0013,False,9.5,MIRRORED WALL ART SNOWFLAKES: demand increases with price — possible luxury/prestige effect.
16236,KITTY PENCIL ERASERS,General,1.3316,Positive,0.2105,0.2105,0.0,HOLD,0.0,0.0,LOW,0.0018,False,10.79,KITTY PENCIL ERASERS: demand increases with price — possible luxury/prestige effect.
37333,Unknown,General,1.337,Positive,3.809,3.809,0.0,HOLD,0.0,0.0,LOW,0.0647,False,9.02,Unknown: demand increases with price — possible luxury/prestige effect.
23571,TRADITIONAL NAUGHTS & CROSSES,General,1.3377,Positive,1.6526,1.6526,0.0,HOLD,0.0,0.0,LOW,0.0014,False,11.59,TRADITIONAL NAUGHTS & CROSSES: demand increases with price — possible luxury/prestige effect.
22949,SET OF 36 DOLLY GIRL PAPER DOILIES,General,1.358,Positive,1.4512,1.4512,0.0,HOLD,0.0,0.0,LOW,0.0013,False,11.01,SET OF 36 DOLLY GIRL PAPER DOILIES: demand increases with price — possible luxury/prestige effect.
22293,HANGING CHICK GREEN DECORATION,General,1.3635,Positive,1.4535,1.4535,0.0,HOLD,0.0,0.0,LOW,0.0016,False,10.07,HANGING CHICK GREEN DECORATION: demand increases with price — possible luxury/prestige effect.
23389,SPACEBOY MINI RUCKSACK,General,1.3674,Positive,4.1452,4.1452,0.0,HOLD,0.0,0.0,LOW,0.0016,False,11.51,SPACEBOY MINI RUCKSACK: demand increases with price — possible luxury/prestige effect.
84559A,3D SHEET OF DOG STICKERS,General,1.3792,Positive,0.8505,0.8505,0.0,HOLD,0.0,0.0,LOW,0.0014,False,9.32,3D SHEET OF DOG STICKERS: demand increases with price — possible luxury/prestige effect.
21027,Unknown,General,1.3803,Positive,1.2472,1.2472,0.0,HOLD,0.0,0.0,LOW,0.0029,False,6.83,Unknown: demand increases with price — possible luxury/prestige effect.
22429,ENAMEL MEASURING JUG CREAM,General,1.3885,Positive,4.2495,4.2495,0.0,HOLD,0.0,0.0,LOW,0.0015,False,10.58,ENAMEL MEASURING JUG CREAM: demand increases with price — possible luxury/prestige effect.
20793,Unknown,General,1.3921,Positive,6.6733,6.6733,0.0,HOLD,0.0,0.0,LOW,0.0008,False,8.33,Unknown: demand increases with price — possible luxury/prestige effect.
23323,WHITE WICKER STAR ,General,1.3943,Positive,2.0907,2.0907,0.0,HOLD,0.0,0.0,LOW,0.0018,False,12.03,WHITE WICKER STAR : demand increases with price — possible luxury/prestige effect.
23230,WRAP ALPHABET DESIGN,General,1.4103,Positive,0.4185,0.4185,0.0,HOLD,0.0,0.0,LOW,0.0015,False,16.16,WRAP ALPHABET DESIGN: demand increases with price — possible luxury/prestige effect.
84658,WHITE STITCHED CUSHION COVER,General,1.4106,Positive,7.1185,7.1185,0.0,HOLD,0.0,0.0,LOW,0.0028,False,8.49,WHITE STITCHED CUSHION COVER: demand increases with price — possible luxury/prestige effect.
21403,BLUE EGG  SPOON,General,1.4124,Positive,0.129,0.129,0.0,HOLD,0.0,0.0,LOW,0.0183,False,12.87,BLUE EGG  SPOON: demand increases with price — possible luxury/prestige effect.
20936,FORKED CACTUS CANDLE,General,1.4136,Positive,2.6668,2.6668,0.0,HOLD,0.0,0.0,LOW,0.0517,False,6.79,FORKED CACTUS CANDLE: demand increases with price — possible luxury/prestige effect.
84086C,PINK/PURPLE RETRO RADIO,General,1.4226,Positive,2.9345,2.9345,0.0,HOLD,0.0,0.0,LOW,0.0019,False,7.75,PINK/PURPLE RETRO RADIO: demand increases with price — possible luxury/prestige effect.
23148,MINITURE ANTIQUE ROSE HOOK IVORY,General,1.4305,Positive,0.8312,0.8312,0.0,HOLD,0.0,0.0,LOW,0.0016,False,12.56,MINITURE ANTIQUE ROSE HOOK IVORY: demand increases with price — possible luxury/prestige effect.
21680,WOODLAND  STICKERS,General,1.4419,Positive,0.8513,0.8513,0.0,HOLD,0.0,0.0,LOW,0.0014,False,10.85,WOODLAND  STICKERS: demand increases with price — possible luxury/prestige effect.
20869,GOLD FABRIC MIRROR,General,1.4508,Positive,0.3922,0.3922,0.0,HOLD,0.0,0.0,LOW,0.0024,False,7.17,GOLD FABRIC MIRROR: demand increases with price — possible luxury/prestige effect.
23061,VINTAGE ENGRAVED HEART,General,1.4547,Positive,1.2448,1.2448,0.0,HOLD,0.0,0.0,LOW,0.0019,False,10.89,VINTAGE ENGRAVED HEART: demand increases with price — possible luxury/prestige effect.
22133,PINK LOVE HEART SHAPE CUP,General,1.4776,Positive,0.8523,0.8523,0.0,HOLD,0.0,0.0,LOW,0.0018,False,9.81,PINK LOVE HEART SHAPE CUP: demand increases with price — possible luxury/prestige effect.
35095B,RED VICTORIAN FABRIC OVAL BOX,General,1.4991,Positive,0.4176,0.4176,0.0,HOLD,0.0,0.0,LOW,0.0022,False,9.99,RED VICTORIAN FABRIC OVAL BOX: demand increases with price — possible luxury/prestige effect.
22823,test,General,1.5065,Positive,120.7715,120.7715,0.0,HOLD,0.0,0.0,LOW,0.0052,False,6.15,test: demand increases with price — possible luxury/prestige effect.
20752,check,General,1.5168,Positive,2.0991,2.0991,0.0,HOLD,0.0,0.0,LOW,0.0018,False,9.4,check: demand increases with price — possible luxury/prestige effect.
23574,PACKING CHARGE,General,1.5183,Positive,7.499,7.499,0.0,HOLD,0.0,0.0,LOW,0.0016,False,7.38,PACKING CHARGE: demand increases with price — possible luxury/prestige effect.
84993B,Unknown,General,1.5411,Positive,0.4179,0.4179,0.0,HOLD,0.0,0.0,LOW,0.0021,False,9.68,Unknown: demand increases with price — possible luxury/prestige effect.
22717,CARD DOG AND BALL ,General,1.5478,Positive,0.4198,0.4198,0.0,HOLD,0.0,0.0,LOW,0.0023,False,9.53,CARD DOG AND BALL : demand increases with price — possible luxury/prestige effect.
20933,Unknown,General,1.5601,Positive,3.3677,3.3677,0.0,HOLD,0.0,0.0,LOW,0.0093,False,5.54,Unknown: demand increases with price — possible luxury/prestige effect.
22258,FELT FARM ANIMAL RABBIT,General,1.5769,Positive,1.2551,1.2551,0.0,HOLD,0.0,0.0,LOW,0.0016,False,11.8,FELT FARM ANIMAL RABBIT: demand increases with price — possible luxury/prestige effect.
21630,FLOOR CUSHION ELEPHANT CARNIVAL,General,1.5783,Positive,8.9432,8.9432,0.0,HOLD,0.0,0.0,LOW,0.0018,False,7.66,FLOOR CUSHION ELEPHANT CARNIVAL: demand increases with price — possible luxury/prestige effect.
23458,DOLLY CABINET 3 DRAWERS ,General,1.6125,Positive,14.9604,14.9604,0.0,HOLD,0.0,0.0,LOW,0.0018,False,8.62,DOLLY CABINET 3 DRAWERS : demand increases with price — possible luxury/prestige effect.
47585A,PINK FAIRY CAKE CUSHION COVER,General,1.6199,Positive,3.7585,3.7585,0.0,HOLD,0.0,0.0,LOW,0.0025,False,7.1,PINK FAIRY CAKE CUSHION COVER: demand increases with price — possible luxury/prestige effect.
84519A,TOMATO CHARLIE+LOLA COASTER SET,General,1.6212,Positive,1.4478,1.4478,0.0,HOLD,0.0,0.0,LOW,0.0388,True,8.38,TOMATO CHARLIE+LOLA COASTER SET: demand increases with price — possible luxury/prestige effect.
23452,HEART MINI PORTRAIT FRAME,General,1.6286,Positive,1.9378,1.9378,0.0,HOLD,0.0,0.0,LOW,0.0029,False,9.08,HEART MINI PORTRAIT FRAME: demand increases with price — possible luxury/prestige effect.
21628,TRIANGULAR POUFFE VINTAGE ,General,1.6394,Positive,14.8848,14.8848,0.0,HOLD,0.0,0.0,LOW,0.0018,False,7.97,TRIANGULAR POUFFE VINTAGE : demand increases with price — possible luxury/prestige effect.
84251G,"GREETING CARD, OVERCROWDED POOL.",General,1.6414,Positive,0.1902,0.1902,0.0,HOLD,0.0,0.0,LOW,0.0054,False,8.95,"GREETING CARD, OVERCROWDED POOL.: demand increases with price — possible luxury/prestige effect."
22042,Unknown,General,1.6447,Positive,0.4202,0.4202,0.0,HOLD,0.0,0.0,LOW,0.0037,False,10.66,Unknown: demand increases with price — possible luxury/prestige effect.
35972,check,General,1.6536,Positive,1.2478,1.2478,0.0,HOLD,0.0,0.0,LOW,0.0017,False,7.93,check: demand increases with price — possible luxury/prestige effect.
21579,LOLITA  DESIGN  COTTON TOTE BAG,General,1.6683,Positive,2.2482,2.2482,0.0,HOLD,0.0,0.0,LOW,0.0029,False,7.01,LOLITA  DESIGN  COTTON TOTE BAG: demand increases with price — possible luxury/prestige effect.
23498,CLASSIC BICYCLE CLIPS ,General,1.6704,Positive,1.4406,1.4406,0.0,HOLD,0.0,0.0,LOW,0.0022,False,14.78,CLASSIC BICYCLE CLIPS : demand increases with price — possible luxury/prestige effect.
22164,Unknown,General,1.674,Positive,2.9187,2.9187,0.0,HOLD,0.0,0.0,LOW,0.0027,False,7.53,Unknown: demand increases with price — possible luxury/prestige effect.
22709,WRAP WEDDING DAY,General,1.6747,Positive,0.4202,0.4202,0.0,HOLD,0.0,0.0,LOW,0.0023,False,12.45,WRAP WEDDING DAY: demand increases with price — possible luxury/prestige effect.
22684,FRENCH BLUE METAL DOOR SIGN 9,General,1.6817,Positive,1.2481,1.2481,0.0,HOLD,0.0,0.0,LOW,0.0027,False,9.64,FRENCH BLUE METAL DOOR SIGN 9: demand increases with price — possible luxury/prestige effect.
23570,TRADITIONAL PICK UP STICKS GAME ,General,1.6822,Positive,1.2522,1.2522,0.0,HOLD,0.0,0.0,LOW,0.0022,False,13.44,TRADITIONAL PICK UP STICKS GAME : demand increases with price — possible luxury/prestige effect.
21934,SKULL SHOULDER BAG,General,1.6832,Positive,1.6436,1.6436,0.0,HOLD,0.0,0.0,LOW,0.002,False,10.99,SKULL SHOULDER BAG: demand increases with price — possible luxury/prestige effect.
84559B,Unknown,General,1.6901,Positive,0.8486,0.8486,0.0,HOLD,0.0,0.0,LOW,0.0027,False,8.46,Unknown: demand increases with price — possible luxury/prestige effect.
21696,SMALL SILVER TRELLIS CANDLEPOT,General,1.7059,Positive,2.9449,2.9449,0.0,HOLD,0.0,0.0,LOW,0.0027,False,8.77,SMALL SILVER TRELLIS CANDLEPOT: demand increases with price — possible luxury/prestige effect.
22105,MIRROR MOSAIC GOBLET CANDLE HOLDER,General,1.7125,Positive,4.2815,4.2815,0.0,HOLD,0.0,0.0,LOW,0.0034,False,7.07,MIRROR MOSAIC GOBLET CANDLE HOLDER: demand increases with price — possible luxury/prestige effect.
C2,Unknown,General,1.7263,Positive,50.0776,50.0776,0.0,HOLD,0.0,0.0,LOW,0.0022,False,6.94,Unknown: demand increases with price — possible luxury/prestige effect.
21739,COSY SLIPPER SHOES SMALL GREEN,General,1.7388,Positive,2.9168,2.9168,0.0,HOLD,0.0,0.0,LOW,0.0032,False,10.09,COSY SLIPPER SHOES SMALL GREEN: demand increases with price — possible luxury/prestige effect.
85020,ROUND PINK HEART MIRROR,General,1.74,Positive,2.1061,2.1061,0.0,HOLD,0.0,0.0,LOW,0.0024,False,10.27,ROUND PINK HEART MIRROR: demand increases with price — possible luxury/prestige effect.
22292,HANGING CHICK  YELLOW DECORATION,General,1.7495,Positive,1.4479,1.4479,0.0,HOLD,0.0,0.0,LOW,0.0024,False,9.95,HANGING CHICK  YELLOW DECORATION: demand increases with price — possible luxury/prestige effect.
22280,POCKET BAG PINK PAISELY BROWN SPOT,General,1.7575,Positive,1.3201,1.3201,0.0,HOLD,0.0,0.0,LOW,0.0054,False,8.18,POCKET BAG PINK PAISELY BROWN SPOT: demand increases with price — possible luxury/prestige effect.
23405,HOME SWEET HOME 2 DRAWER CABINET,General,1.7584,Positive,4.958,4.958,0.0,HOLD,0.0,0.0,LOW,0.0021,False,10.36,HOME SWEET HOME 2 DRAWER CABINET: demand increases with price — possible luxury/prestige effect.
22458,Missing,General,1.763,Positive,2.5581,2.5581,0.0,HOLD,0.0,0.0,LOW,0.0021,False,9.45,Missing: demand increases with price — possible luxury/prestige effect.
23544,WALL ART MID CENTURY MODERN ,General,1.7647,Positive,7.3732,7.3732,0.0,HOLD,0.0,0.0,LOW,0.0473,False,9.13,WALL ART MID CENTURY MODERN : demand increases with price — possible luxury/prestige effect.
72780,BLACK SILOUETTE CANDLE PLATE,General,1.7736,Positive,0.8537,0.8537,0.0,HOLD,0.0,0.0,LOW,0.0022,False,9.56,BLACK SILOUETTE CANDLE PLATE: demand increases with price — possible luxury/prestige effect.
22121,Unknown,General,1.7808,Positive,5.8794,5.8794,0.0,HOLD,0.0,0.0,LOW,0.0031,False,8.77,Unknown: demand increases with price — possible luxury/prestige effect.
21087,SET/6 POSIES PAPER CUPS,General,1.7941,Positive,0.4164,0.4164,0.0,HOLD,0.0,0.0,MEDIUM,0.211,True,10.4,SET/6 POSIES PAPER CUPS: demand increases with price — possible luxury/prestige effect.
84660C,Unknown,General,1.8221,Positive,0.834,0.834,0.0,HOLD,0.0,0.0,LOW,0.0158,False,9.37,Unknown: demand increases with price — possible luxury/prestige effect.
23018,LARGE APOTHECARY MEASURING JAR ,General,1.8767,Positive,12.4943,12.4943,0.0,HOLD,0.0,0.0,LOW,0.003,False,11.0,LARGE APOTHECARY MEASURING JAR : demand increases with price — possible luxury/prestige effect.
23123,COCKTAIL SWORDS 50 PIECES,General,1.8847,Positive,0.8273,0.8273,0.0,HOLD,0.0,0.0,LOW,0.0029,False,8.92,COCKTAIL SWORDS 50 PIECES: demand increases with price — possible luxury/prestige effect.
22913,RED COAT RACK PARIS FASHION,General,1.8869,Positive,4.9474,4.9474,0.0,HOLD,0.0,0.0,LOW,0.0029,False,8.27,RED COAT RACK PARIS FASHION: demand increases with price — possible luxury/prestige effect.
23451,SQUARE MINI PORTRAIT FRAME,General,1.9035,Positive,1.9245,1.9245,0.0,HOLD,0.0,0.0,LOW,0.0039,False,10.7,SQUARE MINI PORTRAIT FRAME: demand increases with price — possible luxury/prestige effect.
90200B,BLACK SWEETHEART BRACELET,General,1.9115,Positive,4.26,4.26,0.0,HOLD,0.0,0.0,LOW,0.0022,False,10.24,BLACK SWEETHEART BRACELET: demand increases with price — possible luxury/prestige effect.
23347,I LOVE LONDON BEAKER,General,1.9131,Positive,1.2509,1.2509,0.0,HOLD,0.0,0.0,LOW,0.0027,False,9.1,I LOVE LONDON BEAKER: demand increases with price — possible luxury/prestige effect.
22436,12 COLOURED PARTY BALLOONS,General,1.9283,Positive,0.6481,0.6481,0.0,HOLD,0.0,0.0,LOW,0.0034,False,11.82,12 COLOURED PARTY BALLOONS: demand increases with price — possible luxury/prestige effect.
20894,HANGING BAUBLE T-LIGHT HOLDER LARGE,General,1.9287,Positive,2.9296,2.9296,0.0,HOLD,0.0,0.0,LOW,0.0023,False,9.2,HANGING BAUBLE T-LIGHT HOLDER LARGE: demand increases with price — possible luxury/prestige effect.
90200A,PURPLE SWEETHEART BRACELET,General,1.9349,Positive,4.2779,4.2779,0.0,HOLD,0.0,0.0,LOW,0.0027,False,7.31,PURPLE SWEETHEART BRACELET: demand increases with price — possible luxury/prestige effect.
23370,SET 36 COLOURING PENCILS DOILEY,General,1.9393,Positive,1.2432,1.2432,0.0,HOLD,0.0,0.0,LOW,0.0034,False,12.59,SET 36 COLOURING PENCILS DOILEY: demand increases with price — possible luxury/prestige effect.
21974,Unknown,General,1.9405,Positive,1.4915,1.4915,0.0,HOLD,0.0,0.0,LOW,0.0032,False,11.14,Unknown: demand increases with price — possible luxury/prestige effect.
21537,?,General,1.9447,Positive,4.2346,4.2346,0.0,HOLD,0.0,0.0,LOW,0.0039,False,9.47,?: demand increases with price — possible luxury/prestige effect.
21356,TOAST ITS - FAIRY FLOWER,General,1.9505,Positive,1.1782,1.1782,0.0,HOLD,0.0,0.0,LOW,0.0198,False,8.7,TOAST ITS - FAIRY FLOWER: demand increases with price — possible luxury/prestige effect.
84874B,Unknown,General,1.9577,Positive,1.6531,1.6531,0.0,HOLD,0.0,0.0,LOW,0.0023,False,10.42,Unknown: demand increases with price — possible luxury/prestige effect.
21000,Unknown,General,1.9595,Positive,4.2327,4.2327,0.0,HOLD,0.0,0.0,LOW,0.0017,False,8.9,Unknown: demand increases with price — possible luxury/prestige effect.
21577,SAVE THE PLANET COTTON TOTE BAG,General,1.9607,Positive,2.2387,2.2387,0.0,HOLD,0.0,0.0,LOW,0.003,False,8.91,SAVE THE PLANET COTTON TOTE BAG: demand increases with price — possible luxury/prestige effect.
47344B,Unknown,General,1.9615,Positive,0.9681,0.9681,0.0,HOLD,0.0,0.0,LOW,0.038,False,7.79,Unknown: demand increases with price — possible luxury/prestige effect.
20768,GREEN FERN JOURNAL ,General,1.9691,Positive,2.7394,2.7394,0.0,HOLD,0.0,0.0,LOW,0.0152,False,7.19,GREEN FERN JOURNAL : demand increases with price — possible luxury/prestige effect.
22803,IVORY EMBROIDERED QUILT ,General,1.9734,Positive,38.5691,38.5691,0.0,HOLD,0.0,0.0,LOW,0.0045,False,7.31,IVORY EMBROIDERED QUILT : demand increases with price — possible luxury/prestige effect.
90036A,FLOWER GARLAND NECKLACE RED,General,1.9866,Positive,8.0159,8.0159,0.0,HOLD,0.0,0.0,LOW,0.0027,False,7.77,FLOWER GARLAND NECKLACE RED: demand increases with price — possible luxury/prestige effect.
71496A,A4 WALL TIDY BLUE OFFICE,General,1.9959,Positive,0.5605,0.5605,0.0,HOLD,0.0,0.0,LOW,0.0099,False,9.67,A4 WALL TIDY BLUE OFFICE: demand increases with price — possible luxury/prestige effect.
16168M,found,General,1.9974,Positive,0.4203,0.4203,0.0,HOLD,0.0,0.0,LOW,0.0036,False,9.64,found: demand increases with price — possible luxury/prestige effect.
21945,STRAWBERRIES  DESIGN FLANNEL ,General,1.9978,Positive,0.8099,0.8099,0.0,HOLD,0.0,0.0,LOW,0.0341,False,8.03,STRAWBERRIES  DESIGN FLANNEL : demand increases with price — possible luxury/prestige effect.
23503,PLAYING CARDS KEEP CALM & CARRY ON,General,2.0023,Positive,1.25,1.25,0.0,HOLD,0.0,0.0,LOW,0.0028,False,13.39,PLAYING CARDS KEEP CALM & CARRY ON: demand increases with price — possible luxury/prestige effect.
84708B,Unknown,General,2.0233,Positive,4.9629,4.9629,0.0,HOLD,0.0,0.0,LOW,0.003,False,8.42,Unknown: demand increases with price — possible luxury/prestige effect.
20830,SILVER PHOTO FRAME,General,2.0355,Positive,2.0901,2.0901,0.0,HOLD,0.0,0.0,LOW,0.0026,False,10.55,SILVER PHOTO FRAME: demand increases with price — possible luxury/prestige effect.
22800,ANTIQUE TALL SWIRLGLASS TRINKET POT,General,2.0454,Positive,3.81,3.81,0.0,HOLD,0.0,0.0,LOW,0.0044,False,9.71,ANTIQUE TALL SWIRLGLASS TRINKET POT: demand increases with price — possible luxury/prestige effect.
21926,RED/CREAM STRIPE CUSHION COVER ,General,2.052,Positive,1.2465,1.2465,0.0,HOLD,0.0,0.0,LOW,0.004,False,9.18,RED/CREAM STRIPE CUSHION COVER : demand increases with price — possible luxury/prestige effect.
22986,WRAP GINGHAM ROSE ,General,2.0714,Positive,0.4193,0.4193,0.0,HOLD,0.0,0.0,LOW,0.003,False,13.88,WRAP GINGHAM ROSE : demand increases with price — possible luxury/prestige effect.
10002,Unknown,General,2.0763,Positive,0.8504,0.8504,0.0,HOLD,0.0,0.0,LOW,0.0023,False,13.01,Unknown: demand increases with price — possible luxury/prestige effect.
90175C,BLUE GLASS CHUNKY CHARM BRACELET,General,2.1169,Positive,9.096,9.096,0.0,HOLD,0.0,0.0,LOW,0.0019,False,7.27,BLUE GLASS CHUNKY CHARM BRACELET: demand increases with price — possible luxury/prestige effect.
20684,Unknown,General,2.1183,Positive,3.252,3.252,0.0,HOLD,0.0,0.0,LOW,0.0035,False,7.64,Unknown: demand increases with price — possible luxury/prestige effect.
84520B,Unknown,General,2.1188,Positive,0.8484,0.8484,0.0,HOLD,0.0,0.0,LOW,0.0036,False,10.35,Unknown: demand increases with price — possible luxury/prestige effect.
20760,Unknown,General,2.1192,Positive,0.8485,0.8485,0.0,HOLD,0.0,0.0,LOW,0.0031,False,10.42,Unknown: demand increases with price — possible luxury/prestige effect.
84558A,3D DOG PICTURE PLAYING CARDS,General,2.12,Positive,2.951,2.951,0.0,HOLD,0.0,0.0,LOW,0.0033,False,10.17,3D DOG PICTURE PLAYING CARDS: demand increases with price — possible luxury/prestige effect.
21174,found,General,2.1217,Positive,2.0647,2.0647,0.0,HOLD,0.0,0.0,LOW,0.004,False,13.11,found: demand increases with price — possible luxury/prestige effect.
22566,FELTCRAFT HAIRBAND PINK AND PURPLE,General,2.1403,Positive,0.8622,0.8622,0.0,HOLD,0.0,0.0,LOW,0.0042,False,9.29,FELTCRAFT HAIRBAND PINK AND PURPLE: demand increases with price — possible luxury/prestige effect.
22999,TRAVEL CARD WALLET VINTAGE LEAF,General,2.1496,Positive,0.4205,0.4205,0.0,HOLD,0.0,0.0,LOW,0.0038,False,11.67,TRAVEL CARD WALLET VINTAGE LEAF: demand increases with price — possible luxury/prestige effect.
21161,Unknown,General,2.1611,Positive,1.451,1.451,0.0,HOLD,0.0,0.0,LOW,0.0035,False,10.23,Unknown: demand increases with price — possible luxury/prestige effect.
16012,FOOD/DRINK SPONGE STICKERS,General,2.1878,Positive,0.2098,0.2098,0.0,HOLD,0.0,0.0,LOW,0.0039,False,12.5,FOOD/DRINK SPONGE STICKERS: demand increases with price — possible luxury/prestige effect.
23044,PAPER LANTERN 9 POINT HOLLY STAR 23,General,2.1987,Positive,4.1657,4.1657,0.0,HOLD,0.0,0.0,LOW,0.0031,False,8.16,PAPER LANTERN 9 POINT HOLLY STAR 23: demand increases with price — possible luxury/prestige effect.
23453,OVAL  MINI PORTRAIT FRAME,General,2.1997,Positive,1.9392,1.9392,0.0,HOLD,0.0,0.0,LOW,0.0064,False,8.88,OVAL  MINI PORTRAIT FRAME: demand increases with price — possible luxury/prestige effect.
23466,TUSCAN VILLA DOVECOTE BIRD FEEDER,General,2.2084,Positive,8.3138,8.3138,0.0,HOLD,0.0,0.0,LOW,0.0033,False,7.64,TUSCAN VILLA DOVECOTE BIRD FEEDER: demand increases with price — possible luxury/prestige effect.
16169E,check,General,2.2171,Positive,0.4198,0.4198,0.0,HOLD,0.0,0.0,LOW,0.0032,False,15.87,check: demand increases with price — possible luxury/prestige effect.
23365,SET 12 COLOUR PENCILS LOVE LONDON,General,2.2399,Positive,0.6506,0.6506,0.0,HOLD,0.0,0.0,LOW,0.0043,False,10.87,SET 12 COLOUR PENCILS LOVE LONDON: demand increases with price — possible luxury/prestige effect.
72807C,???missing,General,2.2401,Positive,4.2312,4.2312,0.0,HOLD,0.0,0.0,LOW,0.005,False,8.12,???missing: demand increases with price — possible luxury/prestige effect.
84659A,check,General,2.2633,Positive,2.5608,2.5608,0.0,HOLD,0.0,0.0,LOW,0.0033,False,9.46,check: demand increases with price — possible luxury/prestige effect.
90164A,Unknown,General,2.2637,Positive,1.9463,1.9463,0.0,HOLD,0.0,0.0,LOW,0.0047,False,6.62,Unknown: demand increases with price — possible luxury/prestige effect.
23388,WOODLAND MINI RUCKSACK ,General,2.267,Positive,4.1372,4.1372,0.0,HOLD,0.0,0.0,LOW,0.0039,False,11.14,WOODLAND MINI RUCKSACK : demand increases with price — possible luxury/prestige effect.
84452,METAL RABBIT LADDER EASTER ,General,2.276,Positive,0.8556,0.8556,0.0,HOLD,0.0,0.0,LOW,0.0055,False,5.96,METAL RABBIT LADDER EASTER : demand increases with price — possible luxury/prestige effect.
22409,Unknown,General,2.2814,Positive,1.2462,1.2462,0.0,HOLD,0.0,0.0,LOW,0.0038,False,10.18,Unknown: demand increases with price — possible luxury/prestige effect.
20777,CHRYSANTHEMUM NOTEBOOK,General,2.2852,Positive,1.6573,1.6573,0.0,HOLD,0.0,0.0,LOW,0.004,False,8.8,CHRYSANTHEMUM NOTEBOOK: demand increases with price — possible luxury/prestige effect.
21358,TOAST ITS - HAPPY BIRTHDAY,General,2.3022,Positive,1.2488,1.2488,0.0,HOLD,0.0,0.0,LOW,0.004,False,8.78,TOAST ITS - HAPPY BIRTHDAY: demand increases with price — possible luxury/prestige effect.
22521,Unknown,General,2.3048,Positive,0.8518,0.8518,0.0,HOLD,0.0,0.0,LOW,0.0048,False,8.9,Unknown: demand increases with price — possible luxury/prestige effect.
22868,NUMBER TILE COTTAGE GARDEN 0 ,General,2.3217,Positive,1.9713,1.9713,0.0,HOLD,0.0,0.0,LOW,0.0047,False,10.24,NUMBER TILE COTTAGE GARDEN 0 : demand increases with price — possible luxury/prestige effect.
22981,PANTRY APPLE CORER,General,2.3601,Positive,1.4494,1.4494,0.0,HOLD,0.0,0.0,LOW,0.0035,False,8.81,PANTRY APPLE CORER: demand increases with price — possible luxury/prestige effect.
85030,Unknown,General,2.3602,Positive,1.9485,1.9485,0.0,HOLD,0.0,0.0,LOW,0.0041,False,8.85,Unknown: demand increases with price — possible luxury/prestige effect.
21355,Unknown,General,2.3756,Positive,1.2452,1.2452,0.0,HOLD,0.0,0.0,LOW,0.0048,False,10.87,Unknown: demand increases with price — possible luxury/prestige effect.
21723,ALPHABET HEARTS STICKER SHEET,General,2.405,Positive,0.8493,0.8493,0.0,HOLD,0.0,0.0,LOW,0.003,False,10.35,ALPHABET HEARTS STICKER SHEET: demand increases with price — possible luxury/prestige effect.
22953,BIRTHDAY BANNER TAPE,General,2.4145,Positive,1.2515,1.2515,0.0,HOLD,0.0,0.0,LOW,0.0054,False,9.38,BIRTHDAY BANNER TAPE: demand increases with price — possible luxury/prestige effect.
22051,?,General,2.4163,Positive,0.4205,0.4205,0.0,HOLD,0.0,0.0,LOW,0.0043,False,11.34,?: demand increases with price — possible luxury/prestige effect.
23462,damages,General,2.4327,Positive,19.5457,19.5457,0.0,HOLD,0.0,0.0,LOW,0.0068,False,7.11,damages: demand increases with price — possible luxury/prestige effect.
20906,Unknown,General,2.4493,Positive,2.9607,2.9607,0.0,HOLD,0.0,0.0,LOW,0.0026,False,10.8,Unknown: demand increases with price — possible luxury/prestige effect.
23495,SET OF 3 PANTRY WOODEN SPOONS,General,2.4693,Positive,1.2541,1.2541,0.0,HOLD,0.0,0.0,LOW,0.0063,False,6.56,SET OF 3 PANTRY WOODEN SPOONS: demand increases with price — possible luxury/prestige effect.
20856,??,General,2.488,Positive,1.6466,1.6466,0.0,HOLD,0.0,0.0,LOW,0.0055,False,8.62,??: demand increases with price — possible luxury/prestige effect.
23559,WOODLAND BUNNIES LOLLY MAKERS,General,2.5079,Positive,2.0788,2.0788,0.0,HOLD,0.0,0.0,LOW,0.0055,False,10.16,WOODLAND BUNNIES LOLLY MAKERS: demand increases with price — possible luxury/prestige effect.
21750,LARGE SKULL WINDMILL,General,2.5103,Positive,2.0941,2.0941,0.0,HOLD,0.0,0.0,LOW,0.0049,False,9.38,LARGE SKULL WINDMILL: demand increases with price — possible luxury/prestige effect.
22523,?,General,2.5292,Positive,0.8517,0.8517,0.0,HOLD,0.0,0.0,LOW,0.0041,False,10.5,?: demand increases with price — possible luxury/prestige effect.
90010A,Unknown,General,2.5307,Positive,8.9262,8.9262,0.0,HOLD,0.0,0.0,LOW,0.0031,False,10.23,Unknown: demand increases with price — possible luxury/prestige effect.
23333,IVORY WICKER HEART MEDIUM,General,2.5505,Positive,1.2459,1.2459,0.0,HOLD,0.0,0.0,LOW,0.0068,False,11.89,IVORY WICKER HEART MEDIUM: demand increases with price — possible luxury/prestige effect.
85183A,CHARLIE & LOLA WASTEPAPER BIN BLUE,General,2.5638,Positive,1.2521,1.2521,0.0,HOLD,0.0,0.0,LOW,0.0054,False,8.99,CHARLIE & LOLA WASTEPAPER BIN BLUE: demand increases with price — possible luxury/prestige effect.
22285,HANGING HEN ON NEST DECORATION,General,2.5775,Positive,1.6496,1.6496,0.0,HOLD,0.0,0.0,LOW,0.0043,False,11.14,HANGING HEN ON NEST DECORATION: demand increases with price — possible luxury/prestige effect.
20622,VIP PASSPORT COVER ,General,2.6004,Positive,2.0586,2.0586,0.0,HOLD,0.0,0.0,LOW,0.0104,False,11.66,VIP PASSPORT COVER : demand increases with price — possible luxury/prestige effect.
22450,SILK PURSE BABUSHKA BLUE,General,2.6399,Positive,3.3514,3.3514,0.0,HOLD,0.0,0.0,LOW,0.0058,False,9.1,SILK PURSE BABUSHKA BLUE: demand increases with price — possible luxury/prestige effect.
22912,YELLOW COAT RACK PARIS FASHION,General,2.6828,Positive,4.9586,4.9586,0.0,HOLD,0.0,0.0,LOW,0.0055,False,7.95,YELLOW COAT RACK PARIS FASHION: demand increases with price — possible luxury/prestige effect.
22707,WRAP MONSTER FUN ,General,2.6828,Positive,0.4185,0.4185,0.0,HOLD,0.0,0.0,LOW,0.0068,False,12.24,WRAP MONSTER FUN : demand increases with price — possible luxury/prestige effect.
21726,MULTI HEARTS  STICKERS,General,2.7068,Positive,0.8518,0.8518,0.0,HOLD,0.0,0.0,LOW,0.0054,False,9.52,MULTI HEARTS  STICKERS: demand increases with price — possible luxury/prestige effect.
84251B,Unknown,General,2.7141,Positive,0.1889,0.1889,0.0,HOLD,0.0,0.0,LOW,0.0106,False,10.57,Unknown: demand increases with price — possible luxury/prestige effect.
23086,ZINC STAR T-LIGHT HOLDER ,General,2.7154,Positive,1.2448,1.2448,0.0,HOLD,0.0,0.0,LOW,0.0077,False,10.24,ZINC STAR T-LIGHT HOLDER : demand increases with price — possible luxury/prestige effect.
22529,MAGIC DRAWING SLATE GO TO THE FAIR ,General,2.7191,Positive,0.4174,0.4174,0.0,HOLD,0.0,0.0,LOW,0.0067,False,8.82,MAGIC DRAWING SLATE GO TO THE FAIR : demand increases with price — possible luxury/prestige effect.
22917,HERB MARKER ROSEMARY,General,2.7249,Positive,0.6517,0.6517,0.0,HOLD,0.0,0.0,LOW,0.0047,False,10.77,HERB MARKER ROSEMARY: demand increases with price — possible luxury/prestige effect.
85203,HANGING WOOD AND FELT BUTTERFLY ,General,2.7303,Positive,0.4202,0.4202,0.0,HOLD,0.0,0.0,LOW,0.0069,False,10.06,HANGING WOOD AND FELT BUTTERFLY : demand increases with price — possible luxury/prestige effect.
20758,Unknown,General,2.7408,Positive,0.8484,0.8484,0.0,HOLD,0.0,0.0,LOW,0.0076,False,7.54,Unknown: demand increases with price — possible luxury/prestige effect.
22132,RED LOVE HEART SHAPE CUP,General,2.7452,Positive,0.87,0.87,0.0,HOLD,0.0,0.0,LOW,0.0088,False,9.27,RED LOVE HEART SHAPE CUP: demand increases with price — possible luxury/prestige effect.
21459,YELLOW EASTER EGG HUNT START POST,General,2.7476,Positive,1.9585,1.9585,0.0,HOLD,0.0,0.0,LOW,0.0063,False,8.59,YELLOW EASTER EGG HUNT START POST: demand increases with price — possible luxury/prestige effect.
90185D,CRYSTAL DIAMANTE EXPANDABLE RING,General,2.7606,Positive,4.2522,4.2522,0.0,HOLD,0.0,0.0,LOW,0.0091,False,9.22,CRYSTAL DIAMANTE EXPANDABLE RING: demand increases with price — possible luxury/prestige effect.
85185B,PINK HORSE SOCK PUPPET KIT,General,2.7629,Positive,2.9461,2.9461,0.0,HOLD,0.0,0.0,LOW,0.0055,False,8.9,PINK HORSE SOCK PUPPET KIT: demand increases with price — possible luxury/prestige effect.
23140,TRIPLE WIRE HOOK IVORY HEART,General,2.7662,Positive,4.166,4.166,0.0,HOLD,0.0,0.0,LOW,0.0058,False,7.26,TRIPLE WIRE HOOK IVORY HEART: demand increases with price — possible luxury/prestige effect.
23237,SET OF 4 KNICK KNACK TINS LEAF,General,2.7961,Positive,4.1464,4.1464,0.0,HOLD,0.0,0.0,LOW,0.0064,False,10.09,SET OF 4 KNICK KNACK TINS LEAF: demand increases with price — possible luxury/prestige effect.
21679,SKULLS  STICKERS,General,2.8093,Positive,0.8466,0.8466,0.0,HOLD,0.0,0.0,LOW,0.0061,False,10.9,SKULLS  STICKERS: demand increases with price — possible luxury/prestige effect.
22320,BIRDS MOBILE VINTAGE DESIGN,General,2.8104,Positive,6.1306,6.1306,0.0,HOLD,0.0,0.0,LOW,0.0073,False,8.88,BIRDS MOBILE VINTAGE DESIGN: demand increases with price — possible luxury/prestige effect.
23117,POPPY FIELDS CHOPPING BOARD,General,2.8555,Positive,4.9511,4.9511,0.0,HOLD,0.0,0.0,LOW,0.0057,False,8.62,POPPY FIELDS CHOPPING BOARD: demand increases with price — possible luxury/prestige effect.
23545,WRAP RED VINTAGE DOILY,General,2.888,Positive,0.4186,0.4186,0.0,HOLD,0.0,0.0,LOW,0.0068,False,13.54,WRAP RED VINTAGE DOILY: demand increases with price — possible luxury/prestige effect.
22332,SKULLS PARTY BAG + STICKER SET,General,2.9277,Positive,1.6496,1.6496,0.0,HOLD,0.0,0.0,LOW,0.0061,False,9.29,SKULLS PARTY BAG + STICKER SET: demand increases with price — possible luxury/prestige effect.
84919,Unknown,General,2.9465,Positive,6.9568,6.9568,0.0,HOLD,0.0,0.0,LOW,0.0147,False,7.73,Unknown: demand increases with price — possible luxury/prestige effect.
84849B,FAIRY SOAP SOAP HOLDER,General,2.9634,Positive,1.6903,1.6903,0.0,HOLD,0.0,0.0,LOW,0.007,False,8.76,FAIRY SOAP SOAP HOLDER: demand increases with price — possible luxury/prestige effect.
20795,LARGE BLUE PROVENCAL CERAMIC BALL,General,2.9773,Positive,2.0795,2.0795,0.0,HOLD,0.0,0.0,LOW,0.009,False,6.65,LARGE BLUE PROVENCAL CERAMIC BALL: demand increases with price — possible luxury/prestige effect.
22376,AIRLINE BAG VINTAGE JET SET WHITE,General,3.0246,Positive,4.2525,4.2525,0.0,HOLD,0.0,0.0,LOW,0.0068,False,8.47,AIRLINE BAG VINTAGE JET SET WHITE: demand increases with price — possible luxury/prestige effect.
84006,MAGIC TREE -PAPER FLOWERS,General,3.0282,Positive,0.8524,0.8524,0.0,HOLD,0.0,0.0,LOW,0.0058,False,10.95,MAGIC TREE -PAPER FLOWERS: demand increases with price — possible luxury/prestige effect.
84461,12 PINK HEN+CHICKS IN BASKET,General,3.0502,Positive,2.5571,2.5571,0.0,HOLD,0.0,0.0,LOW,0.0087,False,9.14,12 PINK HEN+CHICKS IN BASKET: demand increases with price — possible luxury/prestige effect.
21349,check,General,3.0547,Positive,6.7728,6.7728,0.0,HOLD,0.0,0.0,LOW,0.0088,False,6.09,check: demand increases with price — possible luxury/prestige effect.
22683,FRENCH BLUE METAL DOOR SIGN 8,General,3.0562,Positive,1.2856,1.2856,0.0,HOLD,0.0,0.0,LOW,0.009,False,9.75,FRENCH BLUE METAL DOOR SIGN 8: demand increases with price — possible luxury/prestige effect.
23219,LAUREL STAR ANTIQUE SILVER ,General,3.0573,Positive,1.2512,1.2512,0.0,HOLD,0.0,0.0,LOW,0.0066,False,9.69,LAUREL STAR ANTIQUE SILVER : demand increases with price — possible luxury/prestige effect.
20803,damages,General,3.0597,Positive,0.3947,0.3947,0.0,HOLD,0.0,0.0,LOW,0.0091,False,11.72,damages: demand increases with price — possible luxury/prestige effect.
85231G,amazon,General,3.1098,Positive,0.8493,0.8493,0.0,HOLD,0.0,0.0,LOW,0.007,False,9.56,amazon: demand increases with price — possible luxury/prestige effect.
22706,WRAP COWBOYS  ,General,3.1391,Positive,0.419,0.419,0.0,HOLD,0.0,0.0,LOW,0.0048,False,12.4,WRAP COWBOYS  : demand increases with price — possible luxury/prestige effect.
22288,HANGING METAL RABBIT DECORATION,General,3.1451,Positive,1.2507,1.2507,0.0,HOLD,0.0,0.0,LOW,0.0071,False,11.0,HANGING METAL RABBIT DECORATION: demand increases with price — possible luxury/prestige effect.
35818P,"ACRYLIC JEWEL ICICLE, PINK",General,3.1453,Positive,0.3803,0.3803,0.0,HOLD,0.0,0.0,LOW,0.0074,False,11.29,"ACRYLIC JEWEL ICICLE, PINK: demand increases with price — possible luxury/prestige effect."
23377,PACK OF 12 DOLLY GIRL TISSUES,General,3.1551,Positive,0.3904,0.3904,0.0,HOLD,0.0,0.0,LOW,0.009,False,11.99,PACK OF 12 DOLLY GIRL TISSUES: demand increases with price — possible luxury/prestige effect.
21262,WHITE GOOSE FEATHER CHRISTMAS TREE ,General,3.2036,Positive,2.9477,2.9477,0.0,HOLD,0.0,0.0,LOW,0.006,False,8.96,WHITE GOOSE FEATHER CHRISTMAS TREE : demand increases with price — possible luxury/prestige effect.
84661C,PINK SQUARE TABLE CLOCK,General,3.2446,Positive,0.79,0.79,0.0,HOLD,0.0,0.0,LOW,0.005,False,11.62,PINK SQUARE TABLE CLOCK: demand increases with price — possible luxury/prestige effect.
47351B,BLUE  VOILE LAMPSHADE,General,3.2562,Positive,2.9347,2.9347,0.0,HOLD,0.0,0.0,LOW,0.0107,False,10.82,BLUE  VOILE LAMPSHADE: demand increases with price — possible luxury/prestige effect.
71101E,STANDING FAIRY POLE SUPPORT ,General,3.3213,Positive,0.8486,0.8486,0.0,HOLD,0.0,0.0,LOW,0.0125,False,8.71,STANDING FAIRY POLE SUPPORT : demand increases with price — possible luxury/prestige effect.
47341B,BLUE TABLE RUN FLOWER,General,3.323,Positive,1.2496,1.2496,0.0,HOLD,0.0,0.0,LOW,0.0087,False,6.5,BLUE TABLE RUN FLOWER: demand increases with price — possible luxury/prestige effect.
21683,Unknown,General,3.3385,Positive,2.9476,2.9476,0.0,HOLD,0.0,0.0,LOW,0.0077,False,8.57,Unknown: demand increases with price — possible luxury/prestige effect.
22318,FIVE HEART HANGING DECORATION,General,3.35,Positive,2.9504,2.9504,0.0,HOLD,0.0,0.0,LOW,0.0082,False,9.29,FIVE HEART HANGING DECORATION: demand increases with price — possible luxury/prestige effect.
21896,Unknown,General,3.3564,Positive,2.1021,2.1021,0.0,HOLD,0.0,0.0,LOW,0.0094,False,8.7,Unknown: demand increases with price — possible luxury/prestige effect.
85124B,BLUE JUICY FRUIT PHOTO FRAME,General,3.3624,Positive,2.5581,2.5581,0.0,HOLD,0.0,0.0,LOW,0.0064,False,9.71,BLUE JUICY FRUIT PHOTO FRAME: demand increases with price — possible luxury/prestige effect.
75011,BLUE DAISY MOBILE,General,3.382,Positive,0.776,0.776,0.0,HOLD,0.0,0.0,LOW,0.0118,False,7.95,BLUE DAISY MOBILE: demand increases with price — possible luxury/prestige effect.
35651,VINTAGE BEAD PINK SCARF ,General,3.3888,Positive,1.6564,1.6564,0.0,HOLD,0.0,0.0,LOW,0.0087,False,9.68,VINTAGE BEAD PINK SCARF : demand increases with price — possible luxury/prestige effect.
82011B,BATHROOM SCALES RUBBER DUCKS,General,3.4177,Positive,3.7725,3.7725,0.0,HOLD,0.0,0.0,LOW,0.0054,False,10.34,BATHROOM SCALES RUBBER DUCKS: demand increases with price — possible luxury/prestige effect.
21689,wrong barcode,General,3.4667,Positive,3.7275,3.7275,0.0,HOLD,0.0,0.0,LOW,0.0089,False,8.57,wrong barcode: demand increases with price — possible luxury/prestige effect.
85135C,found,General,3.4774,Positive,7.9829,7.9829,0.0,HOLD,0.0,0.0,LOW,0.0065,False,8.46,found: demand increases with price — possible luxury/prestige effect.
85131C,BEADED CRYSTAL HEART BLUE ON STICK,General,3.4835,Positive,1.04,1.04,0.0,HOLD,0.0,0.0,LOW,0.1166,False,7.71,BEADED CRYSTAL HEART BLUE ON STICK: demand increases with price — possible luxury/prestige effect.
23055,rusty thrown away,General,3.4839,Positive,6.2712,6.2712,0.0,HOLD,0.0,0.0,LOW,0.009,False,8.78,rusty thrown away: demand increases with price — possible luxury/prestige effect.
90196B,BLACK GEMSTONE NECKLACE 45CM,General,3.5074,Positive,12.7733,12.7733,0.0,HOLD,0.0,0.0,LOW,0.0032,False,9.72,BLACK GEMSTONE NECKLACE 45CM: demand increases with price — possible luxury/prestige effect.
22289,HANGING METAL CHICKEN DECORATION,General,3.5162,Positive,1.24,1.24,0.0,HOLD,0.0,0.0,LOW,0.006,False,11.0,HANGING METAL CHICKEN DECORATION: demand increases with price — possible luxury/prestige effect.
21706,FOLDING UMBRELLA RED/WHITE POLKADOT,General,3.5334,Positive,4.9374,4.9374,0.0,HOLD,0.0,0.0,LOW,0.0108,False,8.45,FOLDING UMBRELLA RED/WHITE POLKADOT: demand increases with price — possible luxury/prestige effect.
81952B,Unknown,General,3.553,Positive,0.1897,0.1897,0.0,HOLD,0.0,0.0,LOW,0.0134,False,12.26,Unknown: demand increases with price — possible luxury/prestige effect.
37342,Unknown,General,3.5556,Positive,0.7959,0.7959,0.0,HOLD,0.0,0.0,LOW,0.0121,False,10.71,Unknown: demand increases with price — possible luxury/prestige effect.
84801B,Unknown,General,3.587,Positive,2.1029,2.1029,0.0,HOLD,0.0,0.0,LOW,0.0188,False,9.24,Unknown: demand increases with price — possible luxury/prestige effect.
84912B,damaged,General,3.6574,Positive,3.7628,3.7628,0.0,HOLD,0.0,0.0,LOW,0.0117,False,7.3,damaged: demand increases with price — possible luxury/prestige effect.
23395,check,General,3.6599,Positive,3.749,3.749,0.0,HOLD,0.0,0.0,LOW,0.0118,False,9.86,check: demand increases with price — possible luxury/prestige effect.
20696,FLORAL SOFT CAR TOY,General,3.7644,Positive,3.7556,3.7556,0.0,HOLD,0.0,0.0,LOW,0.0082,False,6.96,FLORAL SOFT CAR TOY: demand increases with price — possible luxury/prestige effect.
90183A,AMBER DROP EARRINGS W LONG BEADS,General,3.7773,Positive,2.9273,2.9273,0.0,HOLD,0.0,0.0,LOW,0.0075,False,8.27,AMBER DROP EARRINGS W LONG BEADS: demand increases with price — possible luxury/prestige effect.
20819,SILVER TEDDY BEAR,General,3.8153,Positive,3.769,3.769,0.0,HOLD,0.0,0.0,LOW,0.011,False,7.52,SILVER TEDDY BEAR: demand increases with price — possible luxury/prestige effect.
72598,SET/12 TAPER CANDLES,General,3.8243,Positive,0.8479,0.8479,0.0,HOLD,0.0,0.0,LOW,0.0101,False,9.58,SET/12 TAPER CANDLES: demand increases with price — possible luxury/prestige effect.
21682,Unknown,General,3.8307,Positive,4.9881,4.9881,0.0,HOLD,0.0,0.0,LOW,0.0098,False,6.03,Unknown: demand increases with price — possible luxury/prestige effect.
21911,Unknown,General,3.8409,Positive,1.6484,1.6484,0.0,HOLD,0.0,0.0,LOW,0.0146,False,8.68,Unknown: demand increases with price — possible luxury/prestige effect.
23499,SET 12 VINTAGE DOILY CHALK ,General,3.8514,Positive,0.4192,0.4192,0.0,HOLD,0.0,0.0,LOW,0.014,False,11.86,SET 12 VINTAGE DOILY CHALK : demand increases with price — possible luxury/prestige effect.
20716,Unknown,General,3.8641,Positive,1.2508,1.2508,0.0,HOLD,0.0,0.0,LOW,0.0152,False,8.04,Unknown: demand increases with price — possible luxury/prestige effect.
21580,RABBIT  DESIGN  COTTON TOTE BAG,General,3.9334,Positive,2.2546,2.2546,0.0,HOLD,0.0,0.0,LOW,0.0105,False,7.23,RABBIT  DESIGN  COTTON TOTE BAG: demand increases with price — possible luxury/prestige effect.
21725,SWEETIES  STICKERS,General,3.9686,Positive,0.855,0.855,0.0,HOLD,0.0,0.0,LOW,0.0129,False,10.28,SWEETIES  STICKERS: demand increases with price — possible luxury/prestige effect.
23554,LANDMARK FRAME OXFORD STREET,General,3.9843,Positive,12.4994,12.4994,0.0,HOLD,0.0,0.0,LOW,0.0115,False,8.48,LANDMARK FRAME OXFORD STREET: demand increases with price — possible luxury/prestige effect.
22650,CERAMIC PIRATE CHEST MONEY BANK,General,4.0404,Positive,1.4464,1.4464,0.0,HOLD,0.0,0.0,LOW,0.014,False,9.06,CERAMIC PIRATE CHEST MONEY BANK: demand increases with price — possible luxury/prestige effect.
90143,SILVER BRACELET W PASTEL FLOWER,General,4.05,Positive,7.4557,7.4557,0.0,HOLD,0.0,0.0,LOW,0.0278,False,6.9,SILVER BRACELET W PASTEL FLOWER: demand increases with price — possible luxury/prestige effect.
82011A,"BATHROOM SCALES, TROPICAL BEACH",General,4.0714,Positive,3.7695,3.7695,0.0,HOLD,0.0,0.0,LOW,0.0099,False,9.37,"BATHROOM SCALES, TROPICAL BEACH: demand increases with price — possible luxury/prestige effect."
85194L,HANGING SPRING FLOWER EGG LARGE,General,4.1036,Positive,0.8512,0.8512,0.0,HOLD,0.0,0.0,LOW,0.0129,False,10.2,HANGING SPRING FLOWER EGG LARGE: demand increases with price — possible luxury/prestige effect.
84849D,Unknown,General,4.1432,Positive,1.6925,1.6925,0.0,HOLD,0.0,0.0,LOW,0.0097,False,9.2,Unknown: demand increases with price — possible luxury/prestige effect.
21814,Unknown,General,4.2157,Positive,1.4549,1.4549,0.0,HOLD,0.0,0.0,LOW,0.0092,False,9.86,Unknown: demand increases with price — possible luxury/prestige effect.
72783,BLACK SIL'T SQU CANDLE PLATE ,General,4.2342,Positive,2.078,2.078,0.0,HOLD,0.0,0.0,LOW,0.0217,False,5.13,BLACK SIL'T SQU CANDLE PLATE : demand increases with price — possible luxury/prestige effect.
22181,check,General,4.2532,Positive,0.8484,0.8484,0.0,HOLD,0.0,0.0,LOW,0.0135,False,9.92,check: demand increases with price — possible luxury/prestige effect.
85124C,Unknown,General,4.2786,Positive,2.5558,2.5558,0.0,HOLD,0.0,0.0,LOW,0.0122,False,7.13,Unknown: demand increases with price — possible luxury/prestige effect.
23454,THREE MINI HANGING FRAMES,General,4.2898,Positive,4.1621,4.1621,0.0,HOLD,0.0,0.0,LOW,0.0168,False,7.88,THREE MINI HANGING FRAMES: demand increases with price — possible luxury/prestige effect.
21100,Damaged,General,4.2981,Positive,1.6592,1.6592,0.0,HOLD,0.0,0.0,LOW,0.0154,False,7.58,Damaged: demand increases with price — possible luxury/prestige effect.
23422,PANTRY HOOK BALLOON WHISK ,General,4.3054,Positive,2.082,2.082,0.0,HOLD,0.0,0.0,LOW,0.013,False,8.41,PANTRY HOOK BALLOON WHISK : demand increases with price — possible luxury/prestige effect.
21927,Unknown,General,4.3508,Positive,1.2494,1.2494,0.0,HOLD,0.0,0.0,LOW,0.014,False,7.93,Unknown: demand increases with price — possible luxury/prestige effect.
84877B,Unknown,General,4.3561,Positive,1.2496,1.2496,0.0,HOLD,0.0,0.0,LOW,0.013,False,14.75,Unknown: demand increases with price — possible luxury/prestige effect.
21224,SET/4 SKULL BADGES,General,4.4296,Positive,1.2474,1.2474,0.0,HOLD,0.0,0.0,LOW,0.0124,False,7.84,SET/4 SKULL BADGES: demand increases with price — possible luxury/prestige effect.
23429,RED RETRO KITCHEN WALL CLOCK,General,4.4545,Positive,8.1857,8.1857,0.0,HOLD,0.0,0.0,LOW,0.0176,False,9.79,RED RETRO KITCHEN WALL CLOCK: demand increases with price — possible luxury/prestige effect.
20775,Unknown,General,4.4553,Positive,1.6509,1.6509,0.0,HOLD,0.0,0.0,LOW,0.0229,False,8.58,Unknown: demand increases with price — possible luxury/prestige effect.
23402,HOME SWEET HOME 3 PEG HANGER ,General,4.4764,Positive,3.751,3.751,0.0,HOLD,0.0,0.0,LOW,0.0135,False,9.89,HOME SWEET HOME 3 PEG HANGER : demand increases with price — possible luxury/prestige effect.
90062,CARNIVAL BRACELET,General,4.5266,Positive,12.82,12.82,0.0,HOLD,0.0,0.0,LOW,0.0167,False,6.39,CARNIVAL BRACELET: demand increases with price — possible luxury/prestige effect.
21828,EIGHT PIECE SNAKE  SET,General,4.5297,Positive,1.2508,1.2508,0.0,HOLD,0.0,0.0,LOW,0.0138,False,9.7,EIGHT PIECE SNAKE  SET: demand increases with price — possible luxury/prestige effect.
72232,FENG SHUI PILLAR CANDLE,General,4.5589,Positive,0.189,0.189,0.0,HOLD,0.0,0.0,LOW,0.0236,False,13.72,FENG SHUI PILLAR CANDLE: demand increases with price — possible luxury/prestige effect.
23463,VINTAGE ZINC WATERING CAN,General,4.5744,Positive,9.9387,9.9387,0.0,HOLD,0.0,0.0,LOW,0.0194,False,6.58,VINTAGE ZINC WATERING CAN: demand increases with price — possible luxury/prestige effect.
85215,Damaged,General,4.6307,Positive,0.6449,0.6449,0.0,HOLD,0.0,0.0,LOW,0.0272,False,10.2,Damaged: demand increases with price — possible luxury/prestige effect.
22824,3 TIER SWEETHEART GARDEN SHELF,General,4.675,Positive,35.6393,35.6393,0.0,HOLD,0.0,0.0,LOW,0.0187,False,6.72,3 TIER SWEETHEART GARDEN SHELF: demand increases with price — possible luxury/prestige effect.
85160B,BLACK BIRD GARDEN DESIGN MUG,General,4.7149,Positive,0.3889,0.3889,0.0,HOLD,0.0,0.0,LOW,0.0275,False,7.49,BLACK BIRD GARDEN DESIGN MUG: demand increases with price — possible luxury/prestige effect.
21640,ASSORTED TUTTI FRUTTI  FOB NOTEBOOK,General,4.7538,Positive,0.8468,0.8468,0.0,HOLD,0.0,0.0,LOW,0.0166,False,10.96,ASSORTED TUTTI FRUTTI  FOB NOTEBOOK: demand increases with price — possible luxury/prestige effect.
22137,BATHROOM SET LOVE HEART DESIGN,General,4.7725,Positive,2.9756,2.9756,0.0,HOLD,0.0,0.0,LOW,0.0196,False,9.56,BATHROOM SET LOVE HEART DESIGN: demand increases with price — possible luxury/prestige effect.
47420,ASSORTED COLOUR SUCTION CUP HOOK,General,4.7862,Positive,0.1892,0.1892,0.0,HOLD,0.0,0.0,LOW,0.0085,False,10.03,ASSORTED COLOUR SUCTION CUP HOOK: demand increases with price — possible luxury/prestige effect.
21761,damaged,General,4.7972,Positive,29.8684,29.8684,0.0,HOLD,0.0,0.0,LOW,0.0177,False,6.13,damaged: demand increases with price — possible luxury/prestige effect.
22478,BIRDHOUSE GARDEN MARKER ,General,4.8623,Positive,1.2475,1.2475,0.0,HOLD,0.0,0.0,LOW,0.0129,False,10.06,BIRDHOUSE GARDEN MARKER : demand increases with price — possible luxury/prestige effect.
85084,Unknown,General,4.9122,Positive,0.8481,0.8481,0.0,HOLD,0.0,0.0,LOW,0.0166,False,8.96,Unknown: demand increases with price — possible luxury/prestige effect.
23564,EGG CUP MILKMAID INGRID,General,4.9354,Positive,1.2492,1.2492,0.0,HOLD,0.0,0.0,LOW,0.0241,False,8.04,EGG CUP MILKMAID INGRID: demand increases with price — possible luxury/prestige effect.
23697,A PRETTY THANK YOU CARD,General,4.9671,Positive,0.4202,0.4202,0.0,HOLD,0.0,0.0,LOW,0.0303,False,9.86,A PRETTY THANK YOU CARD: demand increases with price — possible luxury/prestige effect.
46776B,WOVEN BERRIES CUSHION COVER ,General,5.051,Positive,4.9108,4.9108,0.0,HOLD,0.0,0.0,LOW,0.0221,False,9.17,WOVEN BERRIES CUSHION COVER : demand increases with price — possible luxury/prestige effect.
90209B,Unknown,General,5.0759,Positive,2.1156,2.1156,0.0,HOLD,0.0,0.0,LOW,0.0145,False,8.32,Unknown: demand increases with price — possible luxury/prestige effect.
21457,2 PICTURE BOOK EGGS EASTER DUCKS,General,5.0831,Positive,1.2576,1.2576,0.0,HOLD,0.0,0.0,LOW,0.0161,False,11.76,2 PICTURE BOOK EGGS EASTER DUCKS: demand increases with price — possible luxury/prestige effect.
21372,MIRRORED WALL ART TABLE LAMP,General,5.1039,Positive,0.7536,0.7536,0.0,HOLD,0.0,0.0,LOW,0.0198,False,8.45,MIRRORED WALL ART TABLE LAMP: demand increases with price — possible luxury/prestige effect.
90162B,ANT SILVER LIME GREEN BOUDICCA RING,General,5.1148,Positive,2.9512,2.9512,0.0,HOLD,0.0,0.0,LOW,0.0135,False,8.46,ANT SILVER LIME GREEN BOUDICCA RING: demand increases with price — possible luxury/prestige effect.
90003D,CRYSTAL PAIR HEART HAIR SLIDES,General,5.1378,Positive,3.7782,3.7782,0.0,HOLD,0.0,0.0,LOW,0.0216,False,6.79,CRYSTAL PAIR HEART HAIR SLIDES: demand increases with price — possible luxury/prestige effect.
85161,samples/damages,General,5.1465,Positive,18.944,18.944,0.0,HOLD,0.0,0.0,LOW,0.0227,False,6.8,samples/damages: demand increases with price — possible luxury/prestige effect.
84984A,GREEN PEONY CUSHION COVER,General,5.1545,Positive,4.6596,4.6596,0.0,HOLD,0.0,0.0,LOW,0.0376,False,6.43,GREEN PEONY CUSHION COVER: demand increases with price — possible luxury/prestige effect.
46138B,BLUE CHENILLE SHAGGY CUSHION COVER ,General,5.2017,Positive,0.8511,0.8511,0.0,HOLD,0.0,0.0,LOW,0.0396,False,7.86,BLUE CHENILLE SHAGGY CUSHION COVER : demand increases with price — possible luxury/prestige effect.
22954,HEN PARTY CORDON BARRIER TAPE,General,5.3456,Positive,1.2393,1.2393,0.0,HOLD,0.0,0.0,LOW,0.0297,False,8.47,HEN PARTY CORDON BARRIER TAPE: demand increases with price — possible luxury/prestige effect.
90063A,WHITE VINT ART DECO CRYSTAL NECKLAC,General,5.3564,Positive,8.5099,8.5099,0.0,HOLD,0.0,0.0,LOW,0.0291,False,5.74,WHITE VINT ART DECO CRYSTAL NECKLAC: demand increases with price — possible luxury/prestige effect.
22618,"mouldy, unsaleable.",General,5.3876,Positive,9.9694,9.9694,0.0,HOLD,0.0,0.0,LOW,0.0261,False,8.72,"mouldy, unsaleable.: demand increases with price — possible luxury/prestige effect."
21473,SWEETHEART CREAM STEEL TABLE RECT,General,5.4437,Positive,19.9984,19.9984,0.0,HOLD,0.0,0.0,LOW,0.0183,False,7.48,SWEETHEART CREAM STEEL TABLE RECT: demand increases with price — possible luxury/prestige effect.
22254,FELT TOADSTOOL LARGE,General,5.4453,Positive,1.2471,1.2471,0.0,HOLD,0.0,0.0,LOW,0.0258,False,9.84,FELT TOADSTOOL LARGE: demand increases with price — possible luxury/prestige effect.
85199L,?,General,5.4771,Positive,0.6483,0.6483,0.0,HOLD,0.0,0.0,LOW,0.0171,False,10.3,?: demand increases with price — possible luxury/prestige effect.
20773,Unknown,General,5.4795,Positive,1.6485,1.6485,0.0,HOLD,0.0,0.0,LOW,0.0259,False,8.99,Unknown: demand increases with price — possible luxury/prestige effect.
20757,RED DAISY POCKET BOOK ,General,5.52,Positive,0.8522,0.8522,0.0,HOLD,0.0,0.0,LOW,0.0249,False,9.47,RED DAISY POCKET BOOK : demand increases with price — possible luxury/prestige effect.
22032,BOTANICAL LILY GREETING CARD,General,5.5737,Positive,0.4216,0.4216,0.0,HOLD,0.0,0.0,LOW,0.0293,False,10.07,BOTANICAL LILY GREETING CARD: demand increases with price — possible luxury/prestige effect.
20666,Unknown,General,5.5881,Positive,2.9578,2.9578,0.0,HOLD,0.0,0.0,LOW,0.0178,False,7.7,Unknown: demand increases with price — possible luxury/prestige effect.
21455,PAINTED YELLOW WOODEN DAISY,General,5.6426,Positive,0.8474,0.8474,0.0,HOLD,0.0,0.0,LOW,0.031,False,9.09,PAINTED YELLOW WOODEN DAISY: demand increases with price — possible luxury/prestige effect.
85232B,Unknown,General,5.7406,Positive,4.9699,4.9699,0.0,HOLD,0.0,0.0,LOW,0.0333,False,6.3,Unknown: demand increases with price — possible luxury/prestige effect.
23694,PAISLEY PARK CARD,General,5.7439,Positive,0.4196,0.4196,0.0,HOLD,0.0,0.0,LOW,0.0306,False,9.39,PAISLEY PARK CARD: demand increases with price — possible luxury/prestige effect.
90081C,LILY BROOCH OLIVE COLOUR,General,5.7442,Positive,4.9882,4.9882,0.0,HOLD,0.0,0.0,LOW,0.0195,False,7.88,LILY BROOCH OLIVE COLOUR: demand increases with price — possible luxury/prestige effect.
84968F,check,General,5.7599,Positive,12.7413,12.7413,0.0,HOLD,0.0,0.0,LOW,0.0245,False,8.25,check: demand increases with price — possible luxury/prestige effect.
23465,TUSCAN VILLA BIRD FEEDER,General,5.7857,Positive,8.261,8.261,0.0,HOLD,0.0,0.0,LOW,0.0302,False,5.81,TUSCAN VILLA BIRD FEEDER: demand increases with price — possible luxury/prestige effect.
90039D,FIRE POLISHED GLASS BRACELET GREEN,General,5.8086,Positive,3.7647,3.7647,0.0,HOLD,0.0,0.0,LOW,0.0431,False,10.18,FIRE POLISHED GLASS BRACELET GREEN: demand increases with price — possible luxury/prestige effect.
35833P,check,General,5.8898,Positive,1.254,1.254,0.0,HOLD,0.0,0.0,LOW,0.0368,False,7.56,check: demand increases with price — possible luxury/prestige effect.
85025C,Unknown,General,5.8945,Positive,1.6539,1.6539,0.0,HOLD,0.0,0.0,LOW,0.0309,False,9.37,Unknown: demand increases with price — possible luxury/prestige effect.
72800D,Unknown,General,6.0166,Positive,2.5397,2.5397,0.0,HOLD,0.0,0.0,LOW,0.0238,False,7.93,Unknown: demand increases with price — possible luxury/prestige effect.
35920,Unknown,General,6.0523,Positive,1.2433,1.2433,0.0,HOLD,0.0,0.0,LOW,0.0425,False,7.81,Unknown: demand increases with price — possible luxury/prestige effect.
90201C,RED ENAMEL FLOWER RING,General,6.0767,Positive,2.978,2.978,0.0,HOLD,0.0,0.0,LOW,0.0583,False,6.6,RED ENAMEL FLOWER RING: demand increases with price — possible luxury/prestige effect.
84509B,SET OF 4 FAIRY CAKE PLACEMATS,General,6.1103,Positive,3.7487,3.7487,0.0,HOLD,0.0,0.0,LOW,0.0241,False,9.07,SET OF 4 FAIRY CAKE PLACEMATS: demand increases with price — possible luxury/prestige effect.
85205B,PINK FELT EASTER RABBIT GARLAND,General,6.1639,Positive,2.543,2.543,0.0,HOLD,0.0,0.0,LOW,0.0436,False,7.91,PINK FELT EASTER RABBIT GARLAND: demand increases with price — possible luxury/prestige effect.
84598,check,General,6.2024,Positive,0.2121,0.2121,0.0,HOLD,0.0,0.0,LOW,0.0123,False,58.74,check: demand increases with price — possible luxury/prestige effect.
21693,mixed up,General,6.233,Positive,2.9615,2.9615,0.0,HOLD,0.0,0.0,LOW,0.0368,False,8.93,mixed up: demand increases with price — possible luxury/prestige effect.
84457,SET/3 RABBITS FLOWER SKIPPPING ROPE,General,6.235,Positive,0.8532,0.8532,0.0,HOLD,0.0,0.0,LOW,0.0285,False,10.18,SET/3 RABBITS FLOWER SKIPPPING ROPE: demand increases with price — possible luxury/prestige effect.
21711,FOLDING UMBRELLA WHITE/RED POLKADOT,General,6.2505,Positive,4.957,4.957,0.0,HOLD,0.0,0.0,LOW,0.0146,False,8.73,FOLDING UMBRELLA WHITE/RED POLKADOT: demand increases with price — possible luxury/prestige effect.
46000U,check,General,6.4116,Positive,1.2461,1.2461,0.0,HOLD,0.0,0.0,LOW,0.0215,False,9.89,check: demand increases with price — possible luxury/prestige effect.
84507C,adjustment,General,6.4562,Positive,2.5599,2.5599,0.0,HOLD,0.0,0.0,LOW,0.0278,False,7.31,adjustment: demand increases with price — possible luxury/prestige effect.
22821,GIFT BAG PSYCHEDELIC APPLES,General,6.4677,Positive,0.6478,0.6478,0.0,HOLD,0.0,0.0,LOW,0.0482,True,9.58,GIFT BAG PSYCHEDELIC APPLES: demand increases with price — possible luxury/prestige effect.
20762,GREEN FERN SKETCHBOOK ,General,6.5448,Positive,3.7615,3.7615,0.0,HOLD,0.0,0.0,LOW,0.0306,False,8.57,GREEN FERN SKETCHBOOK : demand increases with price — possible luxury/prestige effect.
84709B,Unknown,General,6.5486,Positive,5.9966,5.9966,0.0,HOLD,0.0,0.0,LOW,0.0245,False,9.9,Unknown: demand increases with price — possible luxury/prestige effect.
85018D,YULETIDE IMAGES S/6 PAPER BOXES,General,6.5858,Positive,2.5429,2.5429,0.0,HOLD,0.0,0.0,LOW,0.0209,False,10.24,YULETIDE IMAGES S/6 PAPER BOXES: demand increases with price — possible luxury/prestige effect.
22040,BOTANICAL ROSE GIFT WRAP,General,6.6969,Positive,0.4188,0.4188,0.0,HOLD,0.0,0.0,LOW,0.0578,False,12.64,BOTANICAL ROSE GIFT WRAP: demand increases with price — possible luxury/prestige effect.
22048,BIRTHDAY BANQUET GIFT WRAP,General,6.71,Positive,0.4202,0.4202,0.0,HOLD,0.0,0.0,LOW,0.023,False,13.44,BIRTHDAY BANQUET GIFT WRAP: demand increases with price — possible luxury/prestige effect.
84847,Unknown,General,6.713,Positive,3.7747,3.7747,0.0,HOLD,0.0,0.0,LOW,0.0383,False,5.29,Unknown: demand increases with price — possible luxury/prestige effect.
90003C,MIDNIGHT BLUE PAIR HEART HAIR SLIDE,General,6.7149,Positive,3.7244,3.7244,0.0,HOLD,0.0,0.0,LOW,0.0257,False,8.5,MIDNIGHT BLUE PAIR HEART HAIR SLIDE: demand increases with price — possible luxury/prestige effect.
37467,Unknown,General,6.7437,Positive,0.391,0.391,0.0,HOLD,0.0,0.0,LOW,0.0342,False,8.41,Unknown: demand increases with price — possible luxury/prestige effect.
17164B,ASS COL SMALL SAND GECKO P'WEIGHT,General,6.9213,Positive,0.422,0.422,0.0,HOLD,0.0,0.0,LOW,0.0365,False,7.28,ASS COL SMALL SAND GECKO P'WEIGHT: demand increases with price — possible luxury/prestige effect.
22136,Unknown,General,6.942,Positive,1.6499,1.6499,0.0,HOLD,0.0,0.0,LOW,0.036,True,8.97,Unknown: demand increases with price — possible luxury/prestige effect.
17090D,Unknown,General,6.9615,Positive,1.2559,1.2559,0.0,HOLD,0.0,0.0,LOW,0.0376,False,7.31,Unknown: demand increases with price — possible luxury/prestige effect.
79190B,RETRO PLASTIC POLKA TRAY,General,6.997,Positive,0.4195,0.4195,0.0,HOLD,0.0,0.0,LOW,0.0394,True,11.72,RETRO PLASTIC POLKA TRAY: demand increases with price — possible luxury/prestige effect.
23398,HANGING HEART BONHEUR,General,7.0454,Positive,0.8471,0.8471,0.0,HOLD,0.0,0.0,LOW,0.0368,True,10.9,HANGING HEART BONHEUR: demand increases with price — possible luxury/prestige effect.
21456,2 PICTURE BOOK EGGS EASTER CHICKS,General,7.0575,Positive,1.2497,1.2497,0.0,HOLD,0.0,0.0,LOW,0.0563,False,9.6,2 PICTURE BOOK EGGS EASTER CHICKS: demand increases with price — possible luxury/prestige effect.
21684,Unknown,General,7.0696,Positive,0.848,0.848,0.0,HOLD,0.0,0.0,LOW,0.0408,False,10.56,Unknown: demand increases with price — possible luxury/prestige effect.
21265,PINK GOOSE FEATHER TREE 60CM,General,7.1126,Positive,1.942,1.942,0.0,HOLD,0.0,0.0,LOW,0.0386,False,6.43,PINK GOOSE FEATHER TREE 60CM: demand increases with price — possible luxury/prestige effect.
84597C,Unknown,General,7.2375,Positive,1.2541,1.2541,0.0,HOLD,0.0,0.0,LOW,0.0296,False,9.74,Unknown: demand increases with price — possible luxury/prestige effect.
21269,Unknown,General,7.2638,Positive,8.5152,8.5152,0.0,HOLD,0.0,0.0,LOW,0.0297,False,8.94,Unknown: demand increases with price — possible luxury/prestige effect.
84249A,damaged,General,7.2954,Positive,0.42,0.42,0.0,HOLD,0.0,0.0,LOW,0.0727,False,12.1,damaged: demand increases with price — possible luxury/prestige effect.
90184A,AMBER CHUNKY BEAD BRACELET W STRAP,General,7.298,Positive,8.9981,8.9981,0.0,HOLD,0.0,0.0,LOW,0.0166,False,12.62,AMBER CHUNKY BEAD BRACELET W STRAP: demand increases with price — possible luxury/prestige effect.
21662,Unknown,General,7.3054,Positive,5.9436,5.9436,0.0,HOLD,0.0,0.0,LOW,0.0335,False,7.31,Unknown: demand increases with price — possible luxury/prestige effect.
84638,SMALL KITCHEN FLOWER POTS PLAQUE,General,7.37,Positive,6.9598,6.9598,0.0,HOLD,0.0,0.0,LOW,0.0315,False,10.44,SMALL KITCHEN FLOWER POTS PLAQUE: demand increases with price — possible luxury/prestige effect.
90081A,LILY BROOCH AMETHYST COLOUR,General,7.4701,Positive,4.9742,4.9742,0.0,HOLD,0.0,0.0,LOW,0.0557,False,5.29,LILY BROOCH AMETHYST COLOUR: demand increases with price — possible luxury/prestige effect.
21722,SWEET PUDDING STICKER SHEET,General,7.4715,Positive,0.8475,0.8475,0.0,HOLD,0.0,0.0,LOW,0.0377,False,7.6,SWEET PUDDING STICKER SHEET: demand increases with price — possible luxury/prestige effect.
21849,SILVER DIAMANTE PEN IN GIFT BOX,General,7.5388,Positive,4.9779,4.9779,0.0,HOLD,0.0,0.0,LOW,0.0305,False,7.1,SILVER DIAMANTE PEN IN GIFT BOX: demand increases with price — possible luxury/prestige effect.
20854,Unknown,General,7.7126,Positive,1.6443,1.6443,0.0,HOLD,0.0,0.0,LOW,0.0437,False,7.46,Unknown: demand increases with price — possible luxury/prestige effect.
21189,WHITE HONEYCOMB PAPER GARLAND ,General,7.7382,Positive,1.6438,1.6438,0.0,HOLD,0.0,0.0,LOW,0.0697,True,8.86,WHITE HONEYCOMB PAPER GARLAND : demand increases with price — possible luxury/prestige effect.
21317,GLASS SPHERE CANDLE STAND MEDIUM,General,7.7539,Positive,5.4769,5.4769,0.0,HOLD,0.0,0.0,LOW,0.0513,False,8.24,GLASS SPHERE CANDLE STAND MEDIUM: demand increases with price — possible luxury/prestige effect.
23484,HEART TRELLIS TRIPLE T-LIGHT HOLDER,General,7.8465,Positive,2.9052,2.9052,0.0,HOLD,0.0,0.0,LOW,0.0455,True,10.09,HEART TRELLIS TRIPLE T-LIGHT HOLDER: demand increases with price — possible luxury/prestige effect.
79191B,RETRO PLASTIC POLKA TRAY,General,7.9147,Positive,0.8552,0.8552,0.0,HOLD,0.0,0.0,LOW,0.0559,False,8.64,RETRO PLASTIC POLKA TRAY: demand increases with price — possible luxury/prestige effect.
84429A,MEDIUM PINK BUDDHA HEAD ,General,7.946,Positive,2.968,2.968,0.0,HOLD,0.0,0.0,LOW,0.0702,False,6.16,MEDIUM PINK BUDDHA HEAD : demand increases with price — possible luxury/prestige effect.
22162,Unknown,General,8.0375,Positive,2.9509,2.9509,0.0,HOLD,0.0,0.0,LOW,0.056,False,7.69,Unknown: demand increases with price — possible luxury/prestige effect.
21344,MOROCCAN BEATEN METAL DISH,General,8.1006,Positive,9.9367,9.9367,0.0,HOLD,0.0,0.0,LOW,0.0697,False,8.67,MOROCCAN BEATEN METAL DISH: demand increases with price — possible luxury/prestige effect.
85055,FRENCH ENAMEL UTENSIL HOLDER,General,8.1499,Positive,3.7822,3.7822,0.0,HOLD,0.0,0.0,LOW,0.0488,False,9.6,FRENCH ENAMEL UTENSIL HOLDER: demand increases with price — possible luxury/prestige effect.
21129,SILVER FISHING GNOME ,General,8.2192,Positive,7.6586,7.6586,0.0,HOLD,0.0,0.0,MEDIUM,0.1552,True,11.1,SILVER FISHING GNOME : demand increases with price — possible luxury/prestige effect.
21721,CANDY SHOP  STICKER SHEET,General,8.2222,Positive,0.8495,0.8495,0.0,HOLD,0.0,0.0,LOW,0.0494,False,8.57,CANDY SHOP  STICKER SHEET: demand increases with price — possible luxury/prestige effect.
21195,Unknown,General,8.2453,Positive,2.0924,2.0924,0.0,HOLD,0.0,0.0,LOW,0.0604,False,7.02,Unknown: demand increases with price — possible luxury/prestige effect.
85106,Unknown,General,8.2796,Positive,2.5684,2.5684,0.0,HOLD,0.0,0.0,LOW,0.0579,False,5.0,Unknown: demand increases with price — possible luxury/prestige effect.
23557,LANDMARK FRAME BAKER STREET ,General,8.3734,Positive,12.6797,12.6797,0.0,HOLD,0.0,0.0,LOW,0.0563,False,7.0,LANDMARK FRAME BAKER STREET : demand increases with price — possible luxury/prestige effect.
85145,Unknown,General,8.4321,Positive,3.9382,3.9382,0.0,HOLD,0.0,0.0,LOW,0.0746,False,7.39,Unknown: demand increases with price — possible luxury/prestige effect.
46776C,WOVEN FROST CUSHION COVER,General,8.6098,Positive,4.9473,4.9473,0.0,HOLD,0.0,0.0,LOW,0.0339,False,9.73,WOVEN FROST CUSHION COVER: demand increases with price — possible luxury/prestige effect.
72803A,?,General,8.7277,Positive,4.2765,4.2765,0.0,HOLD,0.0,0.0,LOW,0.0461,False,8.94,?: demand increases with price — possible luxury/prestige effect.
21383,PACK OF 12 STICKY BUNNIES,General,8.769,Positive,0.6468,0.6468,0.0,HOLD,0.0,0.0,LOW,0.0668,True,9.56,PACK OF 12 STICKY BUNNIES: demand increases with price — possible luxury/prestige effect.
23419,HOME SWEET HOME BOTTLE ,General,8.8318,Positive,2.0736,2.0736,0.0,HOLD,0.0,0.0,LOW,0.0555,True,9.05,HOME SWEET HOME BOTTLE : demand increases with price — possible luxury/prestige effect.
16169M,WRAP DAISY CARPET ,General,8.8732,Positive,0.4177,0.4177,0.0,HOLD,0.0,0.0,LOW,0.0778,True,13.43,WRAP DAISY CARPET : demand increases with price — possible luxury/prestige effect.
20823,Unknown,General,8.9486,Positive,0.7852,0.7852,0.0,HOLD,0.0,0.0,LOW,0.0533,False,9.48,Unknown: demand increases with price — possible luxury/prestige effect.
71403,"PINK/WHITE ""KEEP CLEAN"" BULLET BIN",General,9.0539,Positive,2.9467,2.9467,0.0,HOLD,0.0,0.0,LOW,0.0771,False,6.19,"PINK/WHITE ""KEEP CLEAN"" BULLET BIN: demand increases with price — possible luxury/prestige effect."
90205A,LARGE MINT DIAMANTE HAIRSLIDE,General,9.5249,Positive,1.6637,1.6637,0.0,HOLD,0.0,0.0,LOW,0.0688,False,5.44,LARGE MINT DIAMANTE HAIRSLIDE: demand increases with price — possible luxury/prestige effect.
72801G,Unknown,General,9.7206,Positive,1.2545,1.2545,0.0,HOLD,0.0,0.0,LOW,0.0605,False,8.13,Unknown: demand increases with price — possible luxury/prestige effect.
84974,S/2 ZINC HEART DESIGN PLANTERS,General,9.9124,Positive,9.9262,9.9262,0.0,HOLD,0.0,0.0,LOW,0.0681,False,8.84,S/2 ZINC HEART DESIGN PLANTERS: demand increases with price — possible luxury/prestige effect.
85179C,PINK BITTY LIGHT CHAIN,General,10.0279,Positive,1.263,1.263,0.0,HOLD,0.0,0.0,LOW,0.0636,False,8.22,PINK BITTY LIGHT CHAIN: demand increases with price — possible luxury/prestige effect.
21692,SILVER LATTICE VANILLA CANDLE POT,General,10.1436,Positive,3.7378,3.7378,0.0,HOLD,0.0,0.0,LOW,0.061,False,7.5,SILVER LATTICE VANILLA CANDLE POT: demand increases with price — possible luxury/prestige effect.
21393,Unknown,General,10.1959,Positive,2.1129,2.1129,0.0,HOLD,0.0,0.0,LOW,0.0913,False,13.88,Unknown: demand increases with price — possible luxury/prestige effect.
21555,Unknown,General,10.2032,Positive,2.56,2.56,0.0,HOLD,0.0,0.0,LOW,0.0626,False,10.93,Unknown: demand increases with price — possible luxury/prestige effect.
21364,PEACE SMALL WOOD LETTERS,General,10.4065,Positive,6.7593,6.7593,0.0,HOLD,0.0,0.0,LOW,0.0857,False,9.14,PEACE SMALL WOOD LETTERS: demand increases with price — possible luxury/prestige effect.
71279,damages,General,11.115,Positive,2.9388,2.9388,0.0,HOLD,0.0,0.0,LOW,0.0846,True,8.64,damages: demand increases with price — possible luxury/prestige effect.
21030,SPACE CADET RED,General,11.2979,Positive,1.2426,1.2426,0.0,HOLD,0.0,0.0,LOW,0.0871,False,6.3,SPACE CADET RED: demand increases with price — possible luxury/prestige effect.
20837,FRENCH FLORAL CUSHION COVER ,General,11.4898,Positive,0.8261,0.8261,0.0,HOLD,0.0,0.0,MEDIUM,0.2106,True,7.45,FRENCH FLORAL CUSHION COVER : demand increases with price — possible luxury/prestige effect.
21117,BLOND DOLL DOORSTOP,General,11.6736,Positive,1.2552,1.2552,0.0,HOLD,0.0,0.0,LOW,0.1325,False,14.0,BLOND DOLL DOORSTOP: demand increases with price — possible luxury/prestige effect.
84801A,check,General,11.713,Positive,2.078,2.078,0.0,HOLD,0.0,0.0,LOW,0.1351,False,6.6,check: demand increases with price — possible luxury/prestige effect.
72821,Unknown,General,11.752,Positive,1.641,1.641,0.0,HOLD,0.0,0.0,MEDIUM,0.1587,False,7.5,Unknown: demand increases with price — possible luxury/prestige effect.
47469,ASSORTED SHAPES PHOTO CLIP SILVER ,General,11.8968,Positive,0.656,0.656,0.0,HOLD,0.0,0.0,MEDIUM,0.1658,False,5.45,ASSORTED SHAPES PHOTO CLIP SILVER : demand increases with price — possible luxury/prestige effect.
21316,Unknown,General,13.699,Positive,0.7897,0.7897,0.0,HOLD,0.0,0.0,MEDIUM,0.1941,True,11.12,Unknown: demand increases with price — possible luxury/prestige effect.
44092C,PURPLE/COPPER HANGING LAMPSHADE,General,14.9656,Positive,0.8407,0.8407,0.0,HOLD,0.0,0.0,MEDIUM,0.1633,False,7.13,PURPLE/COPPER HANGING LAMPSHADE: demand increases with price — possible luxury/prestige effect.
21275,Unknown,General,15.326,Positive,16.9369,16.9369,0.0,HOLD,0.0,0.0,MEDIUM,0.1707,True,6.45,Unknown: demand increases with price — possible luxury/prestige effect.
84247L,Unknown,General,15.436,Positive,0.4206,0.4206,0.0,HOLD,0.0,0.0,MEDIUM,0.1964,False,7.82,Unknown: demand increases with price — possible luxury/prestige effect.
72801D,4 SKY BLUE DINNER CANDLES,General,16.2663,Positive,1.2548,1.2548,0.0,HOLD,0.0,0.0,LOW,0.1386,False,9.88,4 SKY BLUE DINNER CANDLES: demand increases with price — possible luxury/prestige effect.
35819P,"ACRYLIC HANGING JEWEL,PINK",General,16.7409,Positive,0.3781,0.3781,0.0,HOLD,0.0,0.0,HIGH,0.337,True,11.1,"ACRYLIC HANGING JEWEL,PINK: demand increases with price — possible luxury/prestige effect."
84534B,Unknown,General,17.5632,Positive,0.8439,0.8439,0.0,HOLD,0.0,0.0,MEDIUM,0.2769,True,11.56,Unknown: demand increases with price — possible luxury/prestige effect.
20785,Unknown,General,19.134,Positive,40.1153,40.1153,0.0,HOLD,0.0,0.0,MEDIUM,0.2893,True,5.27,Unknown: demand increases with price — possible luxury/prestige effect.
21280,VINTAGE KITCHEN PRINT VEGETABLES,General,21.5328,Positive,2.5467,2.5467,0.0,HOLD,0.0,0.0,MEDIUM,0.2307,True,8.25,VINTAGE KITCHEN PRINT VEGETABLES: demand increases with price — possible luxury/prestige effect.
20697,LITTLE GREEN MONSTER SOFT TOY,General,23.2462,Positive,2.582,2.582,0.0,HOLD,0.0,0.0,MEDIUM,0.204,False,7.4,LITTLE GREEN MONSTER SOFT TOY: demand increases with price — possible luxury/prestige effect.
90201A,PURPLE ENAMEL FLOWER RING,General,29.7401,Positive,2.9693,2.9693,0.0,HOLD,0.0,0.0,MEDIUM,0.2898,True,8.4,PURPLE ENAMEL FLOWER RING: demand increases with price — possible luxury/prestige effect.
