product_id,product_name,category,price_elasticity,elasticity_type,r_squared,p_value,std_err,is_significant,avg_price,min_price,max_price,price_cv,avg_daily_qty,trading_days,interpretation
84632,DECORATIVE HANGING SHELVING UNIT,General,-26.5483,Highly Elastic,0.4156,0.0052,8.1285,True,59.8341,57.29,61.71,0.0236,11.24,17,A 1% price increase leads to a 26.55% decrease in demand. Highly price-sensitive.
35921,EASTER BUNNY HANGING GARLAND,General,-25.1669,Highly Elastic,0.3164,0.0028,7.5513,True,1.2477,1.2,1.31,0.0214,8.58,26,A 1% price increase leads to a 25.17% decrease in demand. Highly price-sensitive.
90122A,PINK CRYSTAL+GLASS BRACELET,General,-22.5446,Highly Elastic,0.2334,0.0227,9.1356,True,4.9518,4.74,5.14,0.0233,7.64,22,A 1% price increase leads to a 22.54% decrease in demand. Highly price-sensitive.
90123B,TURQUOISE HEART OF GLASS BRACELET,General,-22.3066,Highly Elastic,0.1726,0.0864,12.2089,False,5.9004,5.69,6.16,0.023,12.28,18,A 1% price increase leads to a 22.31% decrease in demand. Highly price-sensitive.
84913B,MINT GREEN ROSE TOWEL,General,-19.5397,Highly Elastic,0.2366,0.0011,5.5492,True,4.6298,4.45,4.86,0.0245,8.83,42,A 1% price increase leads to a 19.54% decrease in demand. Highly price-sensitive.
84508C,check,General,-17.0325,Highly Elastic,0.2154,0.0169,6.635,True,2.5327,2.44,2.67,0.0237,7.15,26,A 1% price increase leads to a 17.03% decrease in demand. Highly price-sensitive.
22719,Unknown,General,-16.0698,Highly Elastic,0.3811,0.0,3.367,True,1.1335,1.06,1.25,0.0448,11.64,39,A 1% price increase leads to a 16.07% decrease in demand. Highly price-sensitive.
22874,NUMBER TILE COTTAGE GARDEN 6,General,-15.6109,Highly Elastic,0.1822,0.0148,6.0373,True,1.932,1.86,2.03,0.0233,7.91,32,A 1% price increase leads to a 15.61% decrease in demand. Highly price-sensitive.
84870B,BLUE GEISHA GIRL ,General,-15.4198,Highly Elastic,0.1302,0.0989,8.9103,False,3.7373,3.58,3.92,0.025,8.41,22,A 1% price increase leads to a 15.42% decrease in demand. Highly price-sensitive.
85130A,Unknown,General,-15.2355,Highly Elastic,0.1819,0.0188,6.1064,True,1.6433,1.57,1.71,0.0241,8.87,30,A 1% price increase leads to a 15.24% decrease in demand. Highly price-sensitive.
22053,EMPIRE DESIGN ROSETTE,General,-15.1285,Highly Elastic,0.2532,0.0024,4.5925,True,1.2175,1.0655,1.27,0.0341,13.18,34,A 1% price increase leads to a 15.13% decrease in demand. Highly price-sensitive.
20893,damages,General,-14.7433,Highly Elastic,0.4202,0.0,2.8473,True,2.4205,2.1,2.55,0.0461,10.64,39,A 1% price increase leads to a 14.74% decrease in demand. Highly price-sensitive.
84508A,check,General,-14.6084,Highly Elastic,0.31,0.0,2.5338,True,2.4013,2.1,2.55,0.0452,16.46,76,A 1% price increase leads to a 14.61% decrease in demand. Highly price-sensitive.
35912B,WHITE/PINK CHICK DECORATION,General,-14.4369,Highly Elastic,0.23,0.0017,4.2853,True,1.2212,1.06,1.28,0.0345,10.57,40,A 1% price increase leads to a 14.44% decrease in demand. Highly price-sensitive.
23519,EMBROIDERED RIBBON REEL CLAIRE,General,-14.3104,Highly Elastic,0.1645,0.0141,5.5309,True,3.6651,3.29,3.83,0.0322,12.17,36,A 1% price increase leads to a 14.31% decrease in demand. Highly price-sensitive.
BANK CHARGES,Bank Charges,General,-14.1197,Highly Elastic,0.1185,0.037,6.5098,True,15.0789,14.26,15.71,0.0267,8.43,37,A 1% price increase leads to a 14.12% decrease in demand. Highly price-sensitive.
35001W,Unknown,General,-13.9009,Highly Elastic,0.2389,0.0179,5.4142,True,3.3439,2.95,3.5,0.0391,14.17,23,A 1% price increase leads to a 13.9% decrease in demand. Highly price-sensitive.
84592,CROCHET ROSE PURSE WITH SUEDE BACK,General,-13.8931,Highly Elastic,0.068,0.3122,13.2852,False,2.9224,2.81,3.03,0.0224,9.53,17,A 1% price increase leads to a 13.89% decrease in demand. Highly price-sensitive.
90160C,TURQ+RED BOUDICCA LARGE BRACELET,General,-13.1542,Highly Elastic,0.1254,0.0896,7.4064,False,6.9213,6.62,7.29,0.0278,11.75,24,A 1% price increase leads to a 13.15% decrease in demand. Highly price-sensitive.
23597,PAPER BUNTING PAISLEY PARK,General,-13.1288,Highly Elastic,0.1958,0.0011,3.8011,True,2.8532,2.5549,3.0,0.034,10.9,51,A 1% price increase leads to a 13.13% decrease in demand. Highly price-sensitive.
21850,BLUE  DIAMANTE PEN IN GIFT BOX,General,-13.0467,Highly Elastic,0.137,0.0009,3.7557,True,4.8945,4.25,5.12,0.0294,8.59,78,A 1% price increase leads to a 13.05% decrease in demand. Highly price-sensitive.
21095,Unknown,General,-12.9118,Highly Elastic,0.1119,0.0881,7.275,False,0.8541,0.81,0.89,0.0248,8.7,27,A 1% price increase leads to a 12.91% decrease in demand. Highly price-sensitive.
22038,BOTANICAL LAVENDER GIFT WRAP ,General,-12.8458,Highly Elastic,0.1474,0.025,5.4625,True,0.4226,0.4,0.44,0.0281,16.03,34,A 1% price increase leads to a 12.85% decrease in demand. Highly price-sensitive.
23116,VEGETABLE GARDEN CHOPPING BOARD,General,-12.8291,Highly Elastic,0.0924,0.1024,7.5981,False,4.9359,4.71,5.16,0.025,8.1,30,A 1% price increase leads to a 12.83% decrease in demand. Highly price-sensitive.
16014,SMALL CHINESE STYLE SCISSOR,General,-12.5215,Highly Elastic,0.2492,0.0,2.0179,True,0.3947,0.32,0.42,0.0551,75.8,118,A 1% price increase leads to a 12.52% decrease in demand. Highly price-sensitive.
84796B,Unknown,General,-12.4599,Highly Elastic,0.213,0.0266,5.2262,True,12.3092,10.95,12.89,0.0376,8.26,23,A 1% price increase leads to a 12.46% decrease in demand. Highly price-sensitive.
84760S,Unknown,General,-12.4561,Highly Elastic,0.0546,0.2059,9.6265,False,1.4471,1.39,1.52,0.0207,10.68,31,A 1% price increase leads to a 12.46% decrease in demand. Highly price-sensitive.
35924,HANGING FAIRY CAKE DECORATION,General,-12.4388,Highly Elastic,0.4342,0.0,1.7219,True,1.9661,1.69,2.1,0.05,12.3,70,A 1% price increase leads to a 12.44% decrease in demand. Highly price-sensitive.
22317,FIVE CATS HANGING DECORATION,General,-12.0743,Highly Elastic,0.1079,0.0295,5.3574,True,2.948,2.81,3.1,0.0245,7.66,44,A 1% price increase leads to a 12.07% decrease in demand. Highly price-sensitive.
23565,EGG CUP MILKMAID HELGA ,General,-12.064,Highly Elastic,0.1067,0.014,4.7505,True,1.243,1.19,1.3,0.027,9.68,56,A 1% price increase leads to a 12.06% decrease in demand. Highly price-sensitive.
23017,APOTHECARY MEASURING JAR,General,-12.0467,Highly Elastic,0.3669,0.0077,3.9557,True,12.3271,11.4875,12.81,0.0338,4.78,18,A 1% price increase leads to a 12.05% decrease in demand. Highly price-sensitive.
85169D,PINK LOVE BIRD CANDLE,General,-12.0077,Highly Elastic,0.1879,0.0212,4.896,True,1.2182,1.06,1.28,0.0367,12.68,28,A 1% price increase leads to a 12.01% decrease in demand. Highly price-sensitive.
46776E,WOVEN CANDY CUSHION COVER ,General,-11.8933,Highly Elastic,0.1237,0.1663,8.1749,False,4.9965,4.72,5.18,0.029,5.65,17,A 1% price increase leads to a 11.89% decrease in demand. Highly price-sensitive.
22830,Unknown,General,-11.5853,Highly Elastic,0.4946,0.0005,2.7602,True,23.1395,19.84,26.95,0.067,11.8,20,A 1% price increase leads to a 11.59% decrease in demand. Highly price-sensitive.
21741,COSY SLIPPER SHOES LARGE GREEN,General,-11.5399,Highly Elastic,0.1064,0.008,4.2133,True,2.9533,2.8,3.09,0.0261,8.68,65,A 1% price increase leads to a 11.54% decrease in demand. Highly price-sensitive.
84465,Unknown,General,-11.4662,Highly Elastic,0.0735,0.155,7.8369,False,2.9369,2.82,3.09,0.0279,9.31,29,A 1% price increase leads to a 11.47% decrease in demand. Highly price-sensitive.
22197,POPCORN HOLDER,General,-11.3478,Highly Elastic,0.1062,0.0,0.9932,True,0.837,0.72,0.88,0.0322,34.22,1101,A 1% price increase leads to a 11.35% decrease in demand. Highly price-sensitive.
72811,SMALL ZINC/GLASS CANDLEHOLDER,General,-11.2813,Highly Elastic,0.0851,0.212,8.7177,False,1.483,1.43,1.56,0.0261,8.2,20,A 1% price increase leads to a 11.28% decrease in demand. Highly price-sensitive.
23479,WIRE EGG BASKET ,General,-11.2584,Highly Elastic,0.1427,0.0053,3.8643,True,7.684,7.0192,8.06,0.0321,8.64,53,A 1% price increase leads to a 11.26% decrease in demand. Highly price-sensitive.
21190,Unknown,General,-11.1897,Highly Elastic,0.1299,0.0363,5.1202,True,1.6079,1.45,1.69,0.0331,11.41,34,A 1% price increase leads to a 11.19% decrease in demand. Highly price-sensitive.
79160,HEART SHAPE WIRELESS DOORBELL,General,-11.0722,Highly Elastic,0.2111,0.0,2.0045,True,2.0361,1.69,2.15,0.0417,9.39,116,A 1% price increase leads to a 11.07% decrease in demand. Highly price-sensitive.
85123A,CREAM HANGING HEART T-LIGHT HOLDER,General,-10.9986,Highly Elastic,0.0892,0.0,0.9741,True,2.8781,2.55,3.1094,0.0274,37.21,1303,A 1% price increase leads to a 11.0% decrease in demand. Highly price-sensitive.
22871,NUMBER TILE COTTAGE GARDEN 3 ,General,-10.9863,Highly Elastic,0.1165,0.1299,6.9399,False,1.9643,1.87,2.04,0.0248,9.38,21,A 1% price increase leads to a 10.99% decrease in demand. Highly price-sensitive.
21137,Unknown,General,-10.8158,Highly Elastic,0.1012,0.0,1.3546,True,3.6132,3.39,4.1622,0.0325,21.57,568,A 1% price increase leads to a 10.82% decrease in demand. Highly price-sensitive.
20794,BLUE  TILE HOOK,General,-10.7611,Highly Elastic,0.1113,0.038,4.9995,True,2.5421,2.43,2.66,0.0261,8.28,39,A 1% price increase leads to a 10.76% decrease in demand. Highly price-sensitive.
20735,Unknown,General,-10.6894,Highly Elastic,0.1224,0.0082,3.8949,True,0.8396,0.72,0.88,0.0332,9.0,56,A 1% price increase leads to a 10.69% decrease in demand. Highly price-sensitive.
20798,Unknown,General,-10.6836,Highly Elastic,0.0647,0.3416,10.8527,False,2.0944,2.0,2.17,0.0213,8.38,16,A 1% price increase leads to a 10.68% decrease in demand. Highly price-sensitive.
90063B,BLACK VINT ART DEC CRYSTAL NECKLACE,General,-10.6638,Highly Elastic,0.1009,0.1398,6.9481,False,8.52,8.14,8.87,0.0297,7.57,23,A 1% price increase leads to a 10.66% decrease in demand. Highly price-sensitive.
21106,CREAM SLICE FLANNEL CHOCOLATE SPOT ,General,-10.6527,Highly Elastic,0.185,0.0025,3.3331,True,2.8657,2.55,2.99,0.0359,8.43,47,A 1% price increase leads to a 10.65% decrease in demand. Highly price-sensitive.
21188,3D HEARTS  HONEYCOMB PAPER GARLAND,General,-10.6441,Highly Elastic,0.1168,0.0019,3.3148,True,2.9218,2.55,3.06,0.0292,9.56,80,A 1% price increase leads to a 10.64% decrease in demand. Highly price-sensitive.
16254,TRANSPARENT ACRYLIC TAPE DISPENSER,General,-10.4627,Highly Elastic,0.0657,0.3379,10.5447,False,0.8506,0.81,0.88,0.028,9.44,16,A 1% price increase leads to a 10.46% decrease in demand. Highly price-sensitive.
23046,PAPER LANTERN 9 POINT DELUXE STAR,General,-10.4541,Highly Elastic,0.0871,0.0061,3.7158,True,6.6075,5.75,6.92,0.0296,12.46,85,A 1% price increase leads to a 10.45% decrease in demand. Highly price-sensitive.
21804,dotcom,General,-10.4203,Highly Elastic,0.1159,0.0063,3.6846,True,3.7166,3.39,3.9,0.028,7.65,63,A 1% price increase leads to a 10.42% decrease in demand. Highly price-sensitive.
84800S,SMALL WHITE/PINK ROSE ART FLOWER,General,-10.2862,Highly Elastic,0.1801,0.0552,5.0345,False,1.1986,1.06,1.26,0.0437,9.29,21,A 1% price increase leads to a 10.29% decrease in demand. Highly price-sensitive.
23459,DOLLY CABINET 2 DRAWERS ,General,-10.2157,Highly Elastic,0.0475,0.2155,8.0847,False,12.5259,12.04,13.12,0.0206,6.56,34,A 1% price increase leads to a 10.22% decrease in demand. Highly price-sensitive.
22820,GIFT BAG BIRTHDAY,General,-10.1848,Highly Elastic,0.0871,0.0018,3.1881,True,0.6566,0.63,0.69,0.0278,9.22,109,A 1% price increase leads to a 10.18% decrease in demand. Highly price-sensitive.
20902,check,General,-10.1834,Highly Elastic,0.1831,0.0292,4.39,True,6.1954,5.55,6.5,0.0363,6.35,26,A 1% price increase leads to a 10.18% decrease in demand. Highly price-sensitive.
21357,Unknown,General,-10.0776,Highly Elastic,0.1099,0.2097,7.6639,False,1.2331,1.19,1.28,0.0247,5.69,16,A 1% price increase leads to a 10.08% decrease in demand. Highly price-sensitive.
79302M,Unknown,General,-10.0615,Highly Elastic,0.1368,0.0002,2.5529,True,2.8361,2.55,2.98,0.0363,9.2,100,A 1% price increase leads to a 10.06% decrease in demand. Highly price-sensitive.
44235,ASSORTED COLOURED CIRCLE MOBILE ,General,-9.8781,Highly Elastic,0.0833,0.0574,5.055,False,0.4122,0.36,0.43,0.0343,19.55,44,A 1% price increase leads to a 9.88% decrease in demand. Highly price-sensitive.
22651,GENTLEMAN SHIRT REPAIR KIT ,General,-9.7824,Highly Elastic,0.0956,0.0,2.2297,True,0.8392,0.72,0.88,0.0329,14.27,184,A 1% price increase leads to a 9.78% decrease in demand. Highly price-sensitive.
23251,ENAMEL MUG PANTRY,General,-9.7657,Highly Elastic,0.1014,0.0,2.1378,True,1.2318,1.04,1.29,0.0321,10.14,187,A 1% price increase leads to a 9.77% decrease in demand. Highly price-sensitive.
17107D,FLOWER FAIRY 5 SUMMER DRAW LINERS,General,-9.7547,Highly Elastic,0.0795,0.0149,3.9118,True,2.5538,2.43,2.68,0.028,9.58,74,A 1% price increase leads to a 9.75% decrease in demand. Highly price-sensitive.
35653,Unknown,General,-9.6994,Highly Elastic,0.0466,0.206,7.5236,False,2.9528,2.84,3.09,0.0246,10.11,36,A 1% price increase leads to a 9.7% decrease in demand. Highly price-sensitive.
84859B,BLUE DISCO HANDBAG,General,-9.6752,Highly Elastic,0.0298,0.5226,14.7541,False,1.975,1.9,2.04,0.0219,12.75,16,A 1% price increase leads to a 9.68% decrease in demand. Highly price-sensitive.
84600,NEW BAROQUE JEWELLERY BOX ,General,-9.6577,Highly Elastic,0.0556,0.1599,6.7264,False,7.9557,7.6,8.33,0.0242,8.05,37,A 1% price increase leads to a 9.66% decrease in demand. Highly price-sensitive.
23483,HANGING  BUTTERFLY T-LIGHT HOLDER,General,-9.6356,Highly Elastic,0.1135,0.0,2.142,True,1.2264,1.04,1.28,0.0338,12.57,160,A 1% price increase leads to a 9.64% decrease in demand. Highly price-sensitive.
21644,check,General,-9.607,Highly Elastic,0.0882,0.0132,3.774,True,1.2538,1.19,1.31,0.0271,8.74,69,A 1% price increase leads to a 9.61% decrease in demand. Highly price-sensitive.
35004B,SET OF 3 BLACK FLYING DUCKS,General,-9.5327,Highly Elastic,0.1958,0.0,1.7143,True,5.1235,4.65,5.45,0.0419,8.92,129,A 1% price increase leads to a 9.53% decrease in demand. Highly price-sensitive.
84584,Unknown,General,-9.5321,Highly Elastic,0.0688,0.1693,6.7491,False,2.55,2.43,2.66,0.0242,6.79,29,A 1% price increase leads to a 9.53% decrease in demand. Highly price-sensitive.
23527,WALL ART ANIMALS AND NATURE ,General,-9.489,Highly Elastic,0.1427,0.0,1.9585,True,3.6665,2.66,3.86,0.0373,10.29,143,A 1% price increase leads to a 9.49% decrease in demand. Highly price-sensitive.
84226,Unknown,General,-9.4677,Highly Elastic,0.3233,0.0058,3.0628,True,0.7986,0.64,0.85,0.0529,11.82,22,A 1% price increase leads to a 9.47% decrease in demand. Highly price-sensitive.
37444B,Unknown,General,-9.4508,Highly Elastic,0.0471,0.4373,11.7932,False,2.916,2.81,3.05,0.0231,7.4,15,A 1% price increase leads to a 9.45% decrease in demand. Highly price-sensitive.
22353,Unknown,General,-9.4473,Highly Elastic,0.0532,0.0761,5.2318,False,2.5513,2.42,2.67,0.0225,6.88,60,A 1% price increase leads to a 9.45% decrease in demand. Highly price-sensitive.
84077,WORLD WAR 2 GLIDERS ASSTD DESIGNS,General,-9.4448,Highly Elastic,0.1109,0.0,0.9765,True,0.2896,0.1859,0.3116,0.0429,42.18,752,A 1% price increase leads to a 9.44% decrease in demand. Highly price-sensitive.
23136,IVORY WIRE SWEETHEART LETTER TRAY,General,-9.435,Highly Elastic,0.0861,0.0083,3.4814,True,3.7106,3.29,3.9,0.0301,10.79,80,A 1% price increase leads to a 9.44% decrease in demand. Highly price-sensitive.
22236,CAKE STAND 3 TIER MAGIC GARDEN,General,-9.4159,Highly Elastic,0.1384,0.0,2.0074,True,12.2719,10.95,12.87,0.0363,7.46,139,A 1% price increase leads to a 9.42% decrease in demand. Highly price-sensitive.
23310,BUBBLEGUM RING ASSORTED,General,-9.3795,Highly Elastic,0.0632,0.0,2.0023,True,0.4293,0.36,0.4867,0.0316,18.57,327,A 1% price increase leads to a 9.38% decrease in demand. Highly price-sensitive.
20886,Unknown,General,-9.3788,Highly Elastic,0.0861,0.0,2.2523,True,1.9371,1.65,2.04,0.028,9.14,186,A 1% price increase leads to a 9.38% decrease in demand. Highly price-sensitive.
85099B,JUMBO BAG RED RETROSPOT,General,-9.3674,Highly Elastic,0.0745,0.0,0.9283,True,2.0052,1.6559,2.11,0.0315,36.87,1267,A 1% price increase leads to a 9.37% decrease in demand. Highly price-sensitive.
21026,SPACE OWL,General,-9.3564,Highly Elastic,0.0839,0.0174,3.8352,True,1.2339,1.06,1.29,0.0316,7.93,67,A 1% price increase leads to a 9.36% decrease in demand. Highly price-sensitive.
85208,check,General,-9.2896,Highly Elastic,0.0858,0.0153,3.7319,True,2.0761,1.69,2.17,0.033,9.0,68,A 1% price increase leads to a 9.29% decrease in demand. Highly price-sensitive.
22833,Unknown,General,-9.2833,Highly Elastic,0.4333,0.0003,2.2138,True,45.3916,32.69,49.95,0.0726,10.4,25,A 1% price increase leads to a 9.28% decrease in demand. Highly price-sensitive.
17096,Unknown,General,-9.2757,Highly Elastic,0.0894,0.1298,5.9207,False,0.1996,0.17,0.21,0.045,77.93,27,A 1% price increase leads to a 9.28% decrease in demand. Highly price-sensitive.
90198A,VINTAGE ROSE BEAD BRACELET RASPBERR,General,-9.1972,Highly Elastic,0.1424,0.069,4.8112,False,4.2708,4.06,4.45,0.0301,6.75,24,A 1% price increase leads to a 9.2% decrease in demand. Highly price-sensitive.
23022,SMALL BONNE JAM JAR  T-LIGHT HOLDER,General,-9.1868,Highly Elastic,0.0965,0.0542,4.6204,False,2.0297,1.79,2.11,0.0306,11.49,39,A 1% price increase leads to a 9.19% decrease in demand. Highly price-sensitive.
71459,HANGING JAM JAR T-LIGHT HOLDERS,General,-9.0817,Highly Elastic,0.089,0.0,1.1195,True,0.8231,0.72,0.86,0.0353,19.63,676,A 1% price increase leads to a 9.08% decrease in demand. Highly price-sensitive.
84989A,Unknown,General,-9.0766,Highly Elastic,0.0516,0.1641,6.3944,False,0.5482,0.52,0.58,0.0274,8.33,39,A 1% price increase leads to a 9.08% decrease in demand. Highly price-sensitive.
23157,check,General,-9.0238,Highly Elastic,0.077,0.0,1.9159,True,2.1341,1.8709,2.25,0.0307,13.12,268,A 1% price increase leads to a 9.02% decrease in demand. Highly price-sensitive.
37476,Unknown,General,-8.9869,Highly Elastic,0.0949,0.1179,5.5493,False,9.5773,8.49,10.12,0.0369,7.74,27,A 1% price increase leads to a 8.99% decrease in demand. Highly price-sensitive.
40003,Unknown,General,-8.9478,Highly Elastic,0.2006,0.0282,3.8079,True,1.1912,0.95,1.25,0.0562,12.17,24,A 1% price increase leads to a 8.95% decrease in demand. Highly price-sensitive.
85163A,WHITE BAROQUE WALL CLOCK ,General,-8.9137,Highly Elastic,0.0531,0.2046,6.8739,False,12.755,12.15,13.38,0.0288,8.59,32,A 1% price increase leads to a 8.91% decrease in demand. Highly price-sensitive.
84459B,Unknown,General,-8.8984,Highly Elastic,0.0561,0.0223,3.8267,True,1.4927,1.42,1.56,0.0263,9.08,93,A 1% price increase leads to a 8.9% decrease in demand. Highly price-sensitive.
35004C,Unknown,General,-8.7984,Highly Elastic,0.113,0.0,2.0404,True,5.2752,4.65,5.52,0.0352,9.22,148,A 1% price increase leads to a 8.8% decrease in demand. Highly price-sensitive.
85099F,Unknown,General,-8.7447,Highly Elastic,0.0909,0.0,0.9338,True,1.9963,1.65,2.49,0.036,20.13,879,A 1% price increase leads to a 8.74% decrease in demand. Highly price-sensitive.
90184C,BLACK CHUNKY BEAD BRACELET W STRAP,General,-8.7338,Highly Elastic,0.0645,0.1757,6.2864,False,8.8868,8.52,9.36,0.028,6.1,30,A 1% price increase leads to a 8.73% decrease in demand. Highly price-sensitive.
21846,PINK DIAMANTE PEN IN GIFT BOX,General,-8.7054,Highly Elastic,0.0684,0.0826,4.8976,False,4.84,4.25,5.09,0.0341,9.47,45,A 1% price increase leads to a 8.71% decrease in demand. Highly price-sensitive.
84946,ANTIQUE SILVER T-LIGHT GLASS,General,-8.6571,Highly Elastic,0.0716,0.0,1.0133,True,1.2317,1.06,1.3,0.0315,21.18,948,A 1% price increase leads to a 8.66% decrease in demand. Highly price-sensitive.
21864,UNION JACK FLAG PASSPORT COVER ,General,-8.6568,Highly Elastic,0.0811,0.0,1.8815,True,2.074,1.69,2.18,0.0322,10.67,242,A 1% price increase leads to a 8.66% decrease in demand. Highly price-sensitive.
22103,MIRROR MOSAIC T-LIGHT HOLDER ROUND,General,-8.6516,Highly Elastic,0.0724,0.0774,4.7782,False,1.6174,1.45,1.7,0.0315,12.41,44,A 1% price increase leads to a 8.65% decrease in demand. Highly price-sensitive.
21657,MILK BOTTLE WITH GLASS STOPPER ,General,-8.6316,Highly Elastic,0.0839,0.0627,4.5087,False,6.9494,6.6,7.28,0.0283,6.62,42,A 1% price increase leads to a 8.63% decrease in demand. Highly price-sensitive.
23523,WALL ART TREASURE AHOY ,General,-8.6301,Highly Elastic,0.1093,0.0013,2.5973,True,3.6565,2.7591,3.85,0.0389,10.75,92,A 1% price increase leads to a 8.63% decrease in demand. Highly price-sensitive.
22710,WRAP I LOVE LONDON ,General,-8.6272,Highly Elastic,0.0649,0.0001,2.2187,True,0.4173,0.34,0.44,0.0295,15.72,220,A 1% price increase leads to a 8.63% decrease in demand. Highly price-sensitive.
22688,Unknown,General,-8.6225,Highly Elastic,0.1031,0.0158,3.461,True,7.9413,6.75,8.29,0.0336,8.02,56,A 1% price increase leads to a 8.62% decrease in demand. Highly price-sensitive.
84051,ASS COLOUR GLOWING TIARAS,General,-8.5951,Highly Elastic,0.1612,0.0026,2.719,True,0.8261,0.64,0.87,0.0427,9.89,54,A 1% price increase leads to a 8.6% decrease in demand. Highly price-sensitive.
22882,NUMBER TILE VINTAGE FONT 3,General,-8.584,Highly Elastic,0.2042,0.0039,2.7861,True,1.8026,1.42,1.95,0.0526,7.82,39,A 1% price increase leads to a 8.58% decrease in demand. Highly price-sensitive.
16156L,WRAP CAROUSEL,General,-8.5647,Highly Elastic,0.0541,0.079,4.7867,False,0.4193,0.4,0.44,0.0286,13.22,58,A 1% price increase leads to a 8.56% decrease in demand. Highly price-sensitive.
85064,Unknown,General,-8.5557,Highly Elastic,0.172,0.0004,2.2767,True,5.3631,3.9367,5.61,0.0424,11.24,70,A 1% price increase leads to a 8.56% decrease in demand. Highly price-sensitive.
22779,WOODEN OWLS LIGHT GARLAND ,General,-8.5203,Highly Elastic,0.0959,0.0,1.467,True,4.1662,3.37,4.37,0.036,11.97,320,A 1% price increase leads to a 8.52% decrease in demand. Highly price-sensitive.
72131,COLUMBIAN CANDLE RECTANGLE,General,-8.5066,Highly Elastic,0.0734,0.1048,5.1089,False,1.9042,1.65,1.98,0.0328,8.86,37,A 1% price increase leads to a 8.51% decrease in demand. Highly price-sensitive.
22935,BAKING MOULD ROSE MILK CHOCOLATE,General,-8.4788,Highly Elastic,0.1116,0.0002,2.2408,True,3.1229,2.75,3.28,0.0372,10.54,116,A 1% price increase leads to a 8.48% decrease in demand. Highly price-sensitive.
22560,TRADITIONAL MODELLING CLAY,General,-8.47,Highly Elastic,0.0846,0.0,1.1586,True,1.254,1.06,1.4517,0.0364,17.61,580,A 1% price increase leads to a 8.47% decrease in demand. Highly price-sensitive.
22988,Unknown,General,-8.467,Highly Elastic,0.0719,0.0,1.3396,True,1.2532,1.06,1.3431,0.0324,14.62,518,A 1% price increase leads to a 8.47% decrease in demand. Highly price-sensitive.
20763,DAISY SKETCHBOOK ,General,-8.4559,Highly Elastic,0.0482,0.114,5.2589,False,3.7459,3.58,3.93,0.0283,8.77,53,A 1% price increase leads to a 8.46% decrease in demand. Highly price-sensitive.
90175A,WHITE GLASS CHUNKY CHARM BRACELET,General,-8.4463,Highly Elastic,0.0583,0.169,6.0027,False,8.9077,8.51,9.39,0.0305,9.88,34,A 1% price increase leads to a 8.45% decrease in demand. Highly price-sensitive.
21333,CLASSIC WHITE FRAME,General,-8.4272,Highly Elastic,0.0947,0.0421,4.0201,True,2.9536,2.8,3.09,0.0296,7.36,44,A 1% price increase leads to a 8.43% decrease in demand. Highly price-sensitive.
23309,SET OF 60 I LOVE LONDON CAKE CASES ,General,-8.4206,Highly Elastic,0.1187,0.0,1.0294,True,0.5591,0.42,0.59,0.0422,17.74,499,A 1% price increase leads to a 8.42% decrease in demand. Highly price-sensitive.
22073,Unknown,General,-8.3939,Highly Elastic,0.0877,0.0007,2.4222,True,3.6803,3.39,3.87,0.0306,8.5,127,A 1% price increase leads to a 8.39% decrease in demand. Highly price-sensitive.
23421,PANTRY HOOK SPATULA,General,-8.363,Highly Elastic,0.0389,0.1377,5.5536,False,2.0648,1.98,2.17,0.0242,9.33,58,A 1% price increase leads to a 8.36% decrease in demand. Highly price-sensitive.
20677,PINK POLKADOT BOWL,General,-8.3438,Highly Elastic,0.1021,0.0,1.1714,True,1.2287,1.06,1.2984,0.0366,12.89,448,A 1% price increase leads to a 8.34% decrease in demand. Highly price-sensitive.
47599B,BLUE PARTY BAGS ,General,-8.3437,Highly Elastic,0.0978,0.0,1.3951,True,2.0682,1.69,2.17,0.0344,11.68,332,A 1% price increase leads to a 8.34% decrease in demand. Highly price-sensitive.
21694,SMALL REGAL  SILVER CANDLEPOT ,General,-8.3185,Highly Elastic,0.0755,0.0745,4.5453,False,2.9185,2.55,3.05,0.0331,10.53,43,A 1% price increase leads to a 8.32% decrease in demand. Highly price-sensitive.
23039,T-LIGHT HOLDER SILVER HEART HANDLE,General,-8.3148,Highly Elastic,0.0428,0.248,7.0618,False,1.9609,1.9,2.03,0.0205,7.97,33,A 1% price increase leads to a 8.31% decrease in demand. Highly price-sensitive.
21192,wrongly marked,General,-8.3064,Highly Elastic,0.0762,0.0059,2.9517,True,1.6244,1.45,1.71,0.0313,11.89,98,A 1% price increase leads to a 8.31% decrease in demand. Highly price-sensitive.
23566,EGG CUP MILKMAID HEIDI,General,-8.2896,Highly Elastic,0.0823,0.0114,3.1963,True,1.2336,1.0484,1.3,0.0312,11.13,77,A 1% price increase leads to a 8.29% decrease in demand. Highly price-sensitive.
21977,PACK OF 60 PINK PAISLEY CAKE CASES,General,-8.2781,Highly Elastic,0.0828,0.0,0.9206,True,0.55,0.42,0.6038,0.037,20.55,898,A 1% price increase leads to a 8.28% decrease in demand. Highly price-sensitive.
84360,TABLE LAMP WHITE SHADE WOOD BASE,General,-8.273,Highly Elastic,0.2691,0.016,3.1278,True,5.6124,4.65,5.95,0.0506,7.29,21,A 1% price increase leads to a 8.27% decrease in demand. Highly price-sensitive.
84212,"ASSORTED FLOWER COLOUR ""LEIS""",General,-8.2704,Highly Elastic,0.2419,0.0,1.0104,True,0.6076,0.42,0.65,0.0664,32.49,212,A 1% price increase leads to a 8.27% decrease in demand. Highly price-sensitive.
23167,SMALL CERAMIC TOP STORAGE JAR ,General,-8.2652,Highly Elastic,0.0824,0.0,1.6081,True,0.8203,0.69,0.86,0.0365,18.78,296,A 1% price increase leads to a 8.27% decrease in demand. Highly price-sensitive.
15044D,RED PAPER PARASOL,General,-8.2526,Highly Elastic,0.0741,0.0008,2.3978,True,2.9072,2.55,3.06,0.0317,10.03,150,A 1% price increase leads to a 8.25% decrease in demand. Highly price-sensitive.
47422,ASSORTED MONKEY SUCTION CUP HOOK,General,-8.2495,Highly Elastic,0.0564,0.0121,3.2323,True,0.4144,0.36,0.43,0.0293,11.59,111,A 1% price increase leads to a 8.25% decrease in demand. Highly price-sensitive.
85216,ASSORTED CAKES FRIDGE MAGNETS,General,-8.2477,Highly Elastic,0.0888,0.2624,7.0627,False,0.6519,0.62,0.68,0.0292,9.25,16,A 1% price increase leads to a 8.25% decrease in demand. Highly price-sensitive.
21066,VINTAGE RED MUG,General,-8.2277,Highly Elastic,0.159,0.0,1.8378,True,1.2141,0.8,1.27,0.0459,13.27,108,A 1% price increase leads to a 8.23% decrease in demand. Highly price-sensitive.
84997B,CHILDRENS CUTLERY RETROSPOT RED ,General,-8.1924,Highly Elastic,0.0668,0.0,1.2823,True,3.9942,3.3973,4.19,0.0325,12.55,572,A 1% price increase leads to a 8.19% decrease in demand. Highly price-sensitive.
35819B,check,General,-8.1613,Highly Elastic,0.0547,0.1575,5.6541,False,0.3816,0.36,0.4,0.0314,12.29,38,A 1% price increase leads to a 8.16% decrease in demand. Highly price-sensitive.
22101,MIRROR MOSAIC VOTIVE HOLDER,General,-8.158,Highly Elastic,0.0687,0.0489,4.0498,True,2.0779,1.85,2.18,0.0289,7.96,57,A 1% price increase leads to a 8.16% decrease in demand. Highly price-sensitive.
75131,Unknown,General,-8.1519,Highly Elastic,0.3166,0.0001,1.8935,True,1.5848,1.0,1.69,0.0671,17.83,42,A 1% price increase leads to a 8.15% decrease in demand. Highly price-sensitive.
84945,MULTI COLOUR SILVER T-LIGHT HOLDER,General,-8.1093,Highly Elastic,0.0542,0.0,1.41,True,0.8454,0.72,0.9857,0.0317,19.12,579,A 1% price increase leads to a 8.11% decrease in demand. Highly price-sensitive.
84859A,SILVER DISCO HANDBAG,General,-8.0623,Highly Elastic,0.07,0.0905,4.6479,False,1.952,1.85,2.04,0.027,6.81,42,A 1% price increase leads to a 8.06% decrease in demand. Highly price-sensitive.
22386,JUMBO BAG PINK POLKADOT,General,-8.0536,Highly Elastic,0.0612,0.0,0.9761,True,2.0101,1.65,2.11,0.0318,22.96,1046,A 1% price increase leads to a 8.05% decrease in demand. Highly price-sensitive.
22887,NUMBER TILE VINTAGE FONT 8,General,-8.0343,Highly Elastic,0.3709,0.0073,2.616,True,1.6456,1.42,1.95,0.0771,9.22,18,A 1% price increase leads to a 8.03% decrease in demand. Highly price-sensitive.
20657,TROPICAL LUGGAGE TAG,General,-8.0123,Highly Elastic,0.0665,0.0413,3.8436,True,1.2322,1.06,1.29,0.0315,9.14,63,A 1% price increase leads to a 8.01% decrease in demand. Highly price-sensitive.
21504,Unknown,General,-8.0121,Highly Elastic,0.0622,0.0007,2.3128,True,0.4157,0.36,0.44,0.0293,12.78,183,A 1% price increase leads to a 8.01% decrease in demand. Highly price-sensitive.
62018,SOMBRERO ,General,-8.0119,Highly Elastic,0.2767,0.0,1.0872,True,1.8401,1.25,1.95,0.0636,21.32,144,A 1% price increase leads to a 8.01% decrease in demand. Highly price-sensitive.
23149,ANTIQUE IVORY WIRE BOWL SMALL,General,-7.9982,Highly Elastic,0.0688,0.0687,4.2923,False,2.5027,2.37,2.61,0.0298,8.0,49,A 1% price increase leads to a 8.0% decrease in demand. Highly price-sensitive.
16248B,Unknown,General,-7.9745,Highly Elastic,0.0451,0.3974,9.1702,False,1.2483,1.19,1.3,0.0254,7.94,18,A 1% price increase leads to a 7.97% decrease in demand. Highly price-sensitive.
20759,Unknown,General,-7.9621,Highly Elastic,0.0425,0.2212,6.3918,False,0.8486,0.81,0.89,0.0265,8.24,37,A 1% price increase leads to a 7.96% decrease in demand. Highly price-sensitive.
21643,damaged,General,-7.9511,Highly Elastic,0.0656,0.0236,3.4413,True,1.2318,1.06,1.29,0.03,10.35,78,A 1% price increase leads to a 7.95% decrease in demand. Highly price-sensitive.
23529,WALL ART DOLLY GIRL ,General,-7.9495,Highly Elastic,0.107,0.0022,2.5201,True,3.626,2.66,3.83,0.0406,14.04,85,A 1% price increase leads to a 7.95% decrease in demand. Highly price-sensitive.
37495,FAIRY CAKE BIRTHDAY CANDLE SET,General,-7.9467,Highly Elastic,0.094,0.0001,2.0006,True,3.6721,2.95,3.85,0.0349,10.58,154,A 1% price increase leads to a 7.95% decrease in demand. Highly price-sensitive.
23538,WALL ART VINTAGE HEART,General,-7.9463,Highly Elastic,0.1422,0.0012,2.3493,True,4.8059,3.617,5.03,0.0449,12.06,71,A 1% price increase leads to a 7.95% decrease in demand. Highly price-sensitive.
82613A,Amazon,General,-7.9305,Highly Elastic,0.0508,0.3261,7.8666,False,1.259,1.19,1.31,0.0301,6.76,21,A 1% price increase leads to a 7.93% decrease in demand. Highly price-sensitive.
20857,Unknown,General,-7.8779,Highly Elastic,0.0407,0.3034,7.5032,False,1.6486,1.57,1.73,0.0252,9.5,28,A 1% price increase leads to a 7.88% decrease in demand. Highly price-sensitive.
21703,BAG 125g SWIRLY MARBLES,General,-7.8621,Highly Elastic,0.1092,0.0,1.0173,True,0.4257,0.2709,0.45,0.0407,21.31,489,A 1% price increase leads to a 7.86% decrease in demand. Highly price-sensitive.
75049L,LARGE CIRCULAR MIRROR MOBILE,General,-7.843,Highly Elastic,0.2972,0.0,0.7508,True,1.1129,0.85,1.25,0.0746,20.52,260,A 1% price increase leads to a 7.84% decrease in demand. Highly price-sensitive.
22337,ANGEL DECORATION PAINTED ZINC ,General,-7.8369,Highly Elastic,0.168,0.0023,2.4422,True,0.6945,0.55,0.85,0.0562,14.06,53,A 1% price increase leads to a 7.84% decrease in demand. Highly price-sensitive.
21054,Unknown,General,-7.8197,Highly Elastic,0.033,0.1443,5.2905,False,8.9152,8.52,9.38,0.0226,6.44,66,A 1% price increase leads to a 7.82% decrease in demand. Highly price-sensitive.
22039,BOTANICAL LILY GIFT WRAP,General,-7.8181,Highly Elastic,0.049,0.3775,8.6125,False,0.4194,0.4,0.44,0.03,12.94,18,A 1% price increase leads to a 7.82% decrease in demand. Highly price-sensitive.
21107,CREAM SLICE FLANNEL PINK SPOT ,General,-7.8156,Highly Elastic,0.0732,0.002,2.4767,True,2.8955,2.55,3.04,0.0315,11.72,128,A 1% price increase leads to a 7.82% decrease in demand. Highly price-sensitive.
22863,Unknown,General,-7.8122,Highly Elastic,0.0586,0.0003,2.1102,True,2.9329,2.55,3.07,0.0296,9.43,222,A 1% price increase leads to a 7.81% decrease in demand. Highly price-sensitive.
51008,Unknown,General,-7.7714,Highly Elastic,0.0541,0.0643,4.126,False,3.3975,3.05,3.57,0.0317,11.81,64,A 1% price increase leads to a 7.77% decrease in demand. Highly price-sensitive.
23019,SMALL APOTHECARY MEASURING JAR ,General,-7.7691,Highly Elastic,0.0683,0.037,3.6452,True,8.1156,7.5643,8.52,0.0285,7.5,64,A 1% price increase leads to a 7.77% decrease in demand. Highly price-sensitive.
23297,SET 40 HEART SHAPE PETIT FOUR CASES,General,-7.76,Highly Elastic,0.0465,0.0003,2.1355,True,1.6284,1.45,1.71,0.0293,15.53,273,A 1% price increase leads to a 7.76% decrease in demand. Highly price-sensitive.
21588,RETROSPOT GIANT TUBE MATCHES,General,-7.7478,Highly Elastic,0.065,0.0,1.8619,True,2.5212,2.1,2.65,0.0315,11.05,251,A 1% price increase leads to a 7.75% decrease in demand. Highly price-sensitive.
21212,PACK OF 72 RETROSPOT CAKE CASES,General,-7.7459,Highly Elastic,0.0793,0.0,0.8016,True,0.5424,0.42,0.6941,0.0385,28.56,1086,A 1% price increase leads to a 7.75% decrease in demand. Highly price-sensitive.
22825,DECORATIVE PLANT POT WITH FRIEZE,General,-7.7422,Highly Elastic,0.0659,0.0233,3.3448,True,7.8554,6.75,8.23,0.0312,8.54,78,A 1% price increase leads to a 7.74% decrease in demand. Highly price-sensitive.
84931B,BLUE SCOTTIE DOG W FLOWER PATTERN,General,-7.7053,Highly Elastic,0.0645,0.0816,4.3277,False,2.5415,2.42,2.68,0.0301,8.46,48,A 1% price increase leads to a 7.71% decrease in demand. Highly price-sensitive.
22780,LIGHT GARLAND BUTTERFILES PINK,General,-7.6988,Highly Elastic,0.0774,0.0,1.5376,True,4.1849,3.37,4.39,0.035,10.7,301,A 1% price increase leads to a 7.7% decrease in demand. Highly price-sensitive.
22950,SET OF 36 VINTAGE CHRISTMAS DOILIES,General,-7.6952,Highly Elastic,0.0537,0.0001,1.9656,True,1.4284,1.25,1.5,0.0322,17.56,272,A 1% price increase leads to a 7.7% decrease in demand. Highly price-sensitive.
23486,ANTIQUE HEART SHELF UNIT,General,-7.6943,Highly Elastic,0.067,0.0043,2.6436,True,16.2978,13.35,17.11,0.0327,10.79,120,A 1% price increase leads to a 7.69% decrease in demand. Highly price-sensitive.
21704,BAG 250g SWIRLY MARBLES,General,-7.6877,Highly Elastic,0.0841,0.0,1.2926,True,0.8524,0.72,0.967,0.0373,14.65,387,A 1% price increase leads to a 7.69% decrease in demand. Highly price-sensitive.
23172,REGENCY TEA PLATE PINK,General,-7.6787,Highly Elastic,0.0636,0.0,1.496,True,1.6459,1.45,1.7762,0.0305,12.49,390,A 1% price increase leads to a 7.68% decrease in demand. Highly price-sensitive.
21586,Unknown,General,-7.6744,Highly Elastic,0.0705,0.0011,2.2984,True,2.4745,2.1,2.6,0.0391,13.81,149,A 1% price increase leads to a 7.67% decrease in demand. Highly price-sensitive.
21915,John Lewis,General,-7.6591,Highly Elastic,0.073,0.0,0.95,True,1.2489,1.06,2.46,0.0474,28.68,827,A 1% price increase leads to a 7.66% decrease in demand. Highly price-sensitive.
23355,HOT WATER BOTTLE KEEP CALM,General,-7.6523,Highly Elastic,0.0479,0.0,1.1699,True,4.8603,4.1941,5.1,0.0284,16.12,852,A 1% price increase leads to a 7.65% decrease in demand. Highly price-sensitive.
15036,Unknown,General,-7.6343,Highly Elastic,0.0501,0.0,1.4298,True,0.8066,0.651,0.85,0.0337,28.94,543,A 1% price increase leads to a 7.63% decrease in demand. Highly price-sensitive.
23560,SET OF 6 RIBBONS COUNTRY STYLE,General,-7.634,Highly Elastic,0.0974,0.0243,3.2873,True,2.8522,2.4966,2.99,0.0337,9.13,52,A 1% price increase leads to a 7.63% decrease in demand. Highly price-sensitive.
85114A,BLACK ENCHANTED FOREST PLACEMAT,General,-7.621,Highly Elastic,0.0639,0.005,2.663,True,1.6156,1.45,1.7,0.0328,11.66,122,A 1% price increase leads to a 7.62% decrease in demand. Highly price-sensitive.
21637,Unknown,General,-7.6009,Highly Elastic,0.0469,0.3879,8.5639,False,1.2378,1.19,1.3,0.0231,9.17,18,A 1% price increase leads to a 7.6% decrease in demand. Highly price-sensitive.
21791,VINTAGE HEADS AND TAILS CARD GAME ,General,-7.5904,Highly Elastic,0.0499,0.0,1.1813,True,1.2521,1.0605,1.4229,0.0294,15.72,788,A 1% price increase leads to a 7.59% decrease in demand. Highly price-sensitive.
23598,PAPER BUNTING VINTAGE PARTY,General,-7.5818,Highly Elastic,0.0844,0.0209,3.1966,True,2.8823,2.55,3.04,0.0343,9.84,63,A 1% price increase leads to a 7.58% decrease in demand. Highly price-sensitive.
84846A,Unknown,General,-7.5795,Highly Elastic,0.0502,0.316,7.3694,False,2.1093,2.02,2.2,0.0274,13.32,22,A 1% price increase leads to a 7.58% decrease in demand. Highly price-sensitive.
22175,PINK OWL SOFT TOY,General,-7.5428,Highly Elastic,0.0484,0.0006,2.1677,True,2.9388,2.55,3.08,0.0292,10.11,240,A 1% price increase leads to a 7.54% decrease in demand. Highly price-sensitive.
20652,check,General,-7.5396,Highly Elastic,0.054,0.0714,4.107,False,1.2482,1.19,1.31,0.0276,8.43,61,A 1% price increase leads to a 7.54% decrease in demand. Highly price-sensitive.
22910,PAPER CHAIN KIT VINTAGE CHRISTMAS,General,-7.5361,Highly Elastic,0.0479,0.0,1.1272,True,2.9272,2.55,3.08,0.0292,19.21,891,A 1% price increase leads to a 7.54% decrease in demand. Highly price-sensitive.
84789,Unknown,General,-7.491,Highly Elastic,0.0955,0.001,2.2084,True,3.6796,2.95,3.86,0.0384,8.05,111,A 1% price increase leads to a 7.49% decrease in demand. Highly price-sensitive.
21445,Unknown,General,-7.4899,Highly Elastic,0.0359,0.1658,5.3306,False,1.2494,1.19,1.31,0.0251,9.36,55,A 1% price increase leads to a 7.49% decrease in demand. Highly price-sensitive.
21201,???,General,-7.4739,Highly Elastic,0.0812,0.0005,2.0882,True,2.4599,2.1,2.59,0.0403,12.27,147,A 1% price increase leads to a 7.47% decrease in demand. Highly price-sensitive.
22501,Found,General,-7.4671,Highly Elastic,0.0576,0.0,1.3294,True,9.6936,8.5,10.2,0.0307,10.73,518,A 1% price increase leads to a 7.47% decrease in demand. Highly price-sensitive.
21738,Unknown,General,-7.4465,Highly Elastic,0.0318,0.1929,5.6465,False,2.9502,2.81,3.07,0.0233,9.42,55,A 1% price increase leads to a 7.45% decrease in demand. Highly price-sensitive.
23120,PACK OF 6 SMALL FRUIT STRAWS,General,-7.4432,Highly Elastic,0.05,0.0153,3.0242,True,0.4175,0.36,0.44,0.0297,12.8,117,A 1% price increase leads to a 7.44% decrease in demand. Highly price-sensitive.
23482,PEARLISED IVORY HEART LARGE ,General,-7.4397,Highly Elastic,0.0649,0.0713,4.0353,False,1.6307,1.45,1.71,0.0307,7.37,51,A 1% price increase leads to a 7.44% decrease in demand. Highly price-sensitive.
23436,VINTAGE CHRISTMAS GIFT BAG LARGE ,General,-7.3767,Highly Elastic,0.0567,0.0008,2.1548,True,1.24,1.0625,1.3,0.0313,12.75,197,A 1% price increase leads to a 7.38% decrease in demand. Highly price-sensitive.
21080,SET/20 RED RETROSPOT PAPER NAPKINS ,General,-7.3746,Highly Elastic,0.0563,0.0,0.9848,True,0.8381,0.6504,0.88,0.0316,17.86,942,A 1% price increase leads to a 7.37% decrease in demand. Highly price-sensitive.
21820,Unknown,General,-7.3627,Highly Elastic,0.0439,0.0395,3.5265,True,3.7218,3.39,3.91,0.0277,9.35,97,A 1% price increase leads to a 7.36% decrease in demand. Highly price-sensitive.
22886,NUMBER TILE VINTAGE FONT 7,General,-7.3061,Highly Elastic,0.2069,0.0132,2.7532,True,1.701,1.42,1.95,0.0641,6.24,29,A 1% price increase leads to a 7.31% decrease in demand. Highly price-sensitive.
23021,GLASS BONNE JAM JAR,General,-7.3036,Highly Elastic,0.0687,0.069,3.9239,False,4.0852,3.766,4.31,0.0306,6.73,49,A 1% price increase leads to a 7.3% decrease in demand. Highly price-sensitive.
47594B,SCOTTIES DESIGN WASHBAG,General,-7.2632,Highly Elastic,0.031,0.1678,5.2028,False,1.9435,1.86,2.04,0.0255,8.87,63,A 1% price increase leads to a 7.26% decrease in demand. Highly price-sensitive.
22536,MAGIC DRAWING SLATE PURDEY,General,-7.2294,Highly Elastic,0.0806,0.0,1.4441,True,0.41,0.27,0.43,0.0389,14.34,288,A 1% price increase leads to a 7.23% decrease in demand. Highly price-sensitive.
21943,CAKES AND RABBITS DESIGN FLANNEL ,General,-7.2178,Highly Elastic,0.0394,0.3113,6.9894,False,0.8521,0.81,0.89,0.0279,6.68,28,A 1% price increase leads to a 7.22% decrease in demand. Highly price-sensitive.
23580,SNACK TRAY HAPPY FOREST  ,General,-7.2155,Highly Elastic,0.0515,0.0668,3.8698,False,1.9445,1.86,2.04,0.0262,10.58,66,A 1% price increase leads to a 7.22% decrease in demand. Highly price-sensitive.
90161D,ANT COPPER PINK BOUDICCA BRACELET,General,-7.1637,Highly Elastic,0.0493,0.1381,4.7428,False,4.9652,4.71,5.19,0.0285,8.24,46,A 1% price increase leads to a 7.16% decrease in demand. Highly price-sensitive.
22533,check,General,-7.1578,Highly Elastic,0.1018,0.0,1.6498,True,0.4099,0.27,0.43,0.0406,10.42,168,A 1% price increase leads to a 7.16% decrease in demand. Highly price-sensitive.
17021,NAMASTE SWAGAT INCENSE,General,-7.1221,Highly Elastic,0.0796,0.0093,2.6742,True,0.2863,0.24,0.3,0.0459,23.57,84,A 1% price increase leads to a 7.12% decrease in demand. Highly price-sensitive.
47421,ASSORTED COLOUR LIZARD SUCTION HOOK,General,-7.1123,Highly Elastic,0.0579,0.0062,2.5555,True,0.4105,0.36,0.43,0.0359,11.87,128,A 1% price increase leads to a 7.11% decrease in demand. Highly price-sensitive.
21624,VINTAGE UNION JACK DOORSTOP,General,-7.1091,Highly Elastic,0.0423,0.0022,2.2912,True,5.9177,4.95,6.21,0.0279,8.69,220,A 1% price increase leads to a 7.11% decrease in demand. Highly price-sensitive.
23481,PEARLISED IVORY HEART SMALL ,General,-7.0981,Highly Elastic,0.0508,0.1154,4.4271,False,1.2299,1.1271,1.29,0.0321,12.3,50,A 1% price increase leads to a 7.1% decrease in demand. Highly price-sensitive.
23293,SET OF 12 FAIRY CAKE BAKING CASES,General,-7.0746,Highly Elastic,0.0379,0.0,1.3974,True,0.8255,0.72,0.87,0.028,15.96,653,A 1% price increase leads to a 7.07% decrease in demand. Highly price-sensitive.
22778,check,General,-7.0746,Highly Elastic,0.0719,0.0,1.5954,True,3.7454,3.39,3.95,0.037,10.8,256,A 1% price increase leads to a 7.07% decrease in demand. Highly price-sensitive.
35922,Unknown,General,-7.066,Highly Elastic,0.0452,0.3547,7.4491,False,4.9824,4.75,5.19,0.0263,8.1,21,A 1% price increase leads to a 7.07% decrease in demand. Highly price-sensitive.
90002D,Unknown,General,-7.06,Highly Elastic,0.042,0.3053,6.7461,False,3.7552,3.56,3.93,0.029,7.81,27,A 1% price increase leads to a 7.06% decrease in demand. Highly price-sensitive.
21380,WOODEN HAPPY BIRTHDAY GARLAND,General,-7.0574,Highly Elastic,0.0461,0.0,1.5056,True,2.9225,2.55,3.07,0.0288,11.67,457,A 1% price increase leads to a 7.06% decrease in demand. Highly price-sensitive.
22355,test,General,-7.0328,Highly Elastic,0.0457,0.0,1.126,True,0.8444,0.72,0.89,0.03,14.92,816,A 1% price increase leads to a 7.03% decrease in demand. Highly price-sensitive.
79321,Unknown,General,-7.0307,Highly Elastic,0.0981,0.0,0.755,True,5.3507,3.9671,7.9867,0.047,17.06,799,A 1% price increase leads to a 7.03% decrease in demand. Highly price-sensitive.
22087,Amazon,General,-7.0175,Highly Elastic,0.0555,0.0,1.3797,True,2.8859,2.55,3.03,0.0316,11.81,442,A 1% price increase leads to a 7.02% decrease in demand. Highly price-sensitive.
20713,wrongly coded 23343,General,-7.0015,Highly Elastic,0.0614,0.0,1.0914,True,2.0172,1.65,2.5925,0.0368,16.36,631,A 1% price increase leads to a 7.0% decrease in demand. Highly price-sensitive.
23010,CIRCUS PARADE BABY GIFT SET,General,-6.9953,Highly Elastic,0.0475,0.0014,2.1664,True,16.5631,14.95,17.42,0.0305,9.18,211,A 1% price increase leads to a 7.0% decrease in demand. Highly price-sensitive.
23071,damages,General,-6.9904,Highly Elastic,0.0538,0.3545,7.3317,False,12.1433,11.15,12.54,0.0304,6.06,18,A 1% price increase leads to a 6.99% decrease in demand. Highly price-sensitive.
84968A,SET OF 16 VINTAGE ROSE CUTLERY,General,-6.9895,Highly Elastic,0.0383,0.1522,4.8116,False,12.7023,12.12,13.35,0.029,8.31,55,A 1% price increase leads to a 6.99% decrease in demand. Highly price-sensitive.
90145,SILVER HOOP EARRINGS WITH FLOWER,General,-6.9888,Highly Elastic,0.0445,0.3722,7.6373,False,5.9085,5.69,6.11,0.021,4.1,20,A 1% price increase leads to a 6.99% decrease in demand. Highly price-sensitive.
22248,DECORATION  PINK CHICK MAGIC GARDEN,General,-6.9813,Highly Elastic,0.0596,0.0302,3.1608,True,0.8373,0.7311,0.88,0.0317,9.2,79,A 1% price increase leads to a 6.98% decrease in demand. Highly price-sensitive.
84347,ROTATING SILVER ANGELS T-LIGHT HLDR,General,-6.9709,Highly Elastic,0.0643,0.0,1.1865,True,2.58,1.8828,2.8421,0.0373,16.1,504,A 1% price increase leads to a 6.97% decrease in demand. Highly price-sensitive.
90200D,PINK SWEETHEART BRACELET,General,-6.9622,Highly Elastic,0.059,0.0333,3.2101,True,4.2012,3.75,4.42,0.0295,8.34,77,A 1% price increase leads to a 6.96% decrease in demand. Highly price-sensitive.
22631,CIRCUS PARADE LUNCH BOX ,General,-6.9608,Highly Elastic,0.045,0.0,1.4838,True,1.9306,1.65,2.03,0.0305,13.53,469,A 1% price increase leads to a 6.96% decrease in demand. Highly price-sensitive.
20966,Unknown,General,-6.9606,Highly Elastic,0.0514,0.0101,2.6648,True,1.2452,1.06,1.3,0.0308,11.4,128,A 1% price increase leads to a 6.96% decrease in demand. Highly price-sensitive.
84978,HANGING HEART JAR T-LIGHT HOLDER,General,-6.9592,Highly Elastic,0.0477,0.0,1.0886,True,1.2126,1.06,1.27,0.0327,18.15,818,A 1% price increase leads to a 6.96% decrease in demand. Highly price-sensitive.
20699,Unknown,General,-6.9586,Highly Elastic,0.0296,0.3545,7.3949,False,2.5258,2.43,2.64,0.0209,5.68,31,A 1% price increase leads to a 6.96% decrease in demand. Highly price-sensitive.
23175,Unknown,General,-6.9555,Highly Elastic,0.0542,0.0,1.4329,True,3.1914,2.75,3.35,0.0317,11.3,413,A 1% price increase leads to a 6.96% decrease in demand. Highly price-sensitive.
22518,Unknown,General,-6.9503,Highly Elastic,0.0461,0.032,3.1946,True,2.0763,1.85,2.18,0.0305,8.89,100,A 1% price increase leads to a 6.95% decrease in demand. Highly price-sensitive.
17165D,Unknown,General,-6.9408,Highly Elastic,0.0222,0.4319,8.7039,False,1.0473,1.0,1.1,0.0223,10.07,30,A 1% price increase leads to a 6.94% decrease in demand. Highly price-sensitive.
23512,EMBROIDERED RIBBON REEL ROSIE,General,-6.939,Highly Elastic,0.0443,0.0125,2.743,True,2.0638,1.8123,2.17,0.0302,10.86,140,A 1% price increase leads to a 6.94% decrease in demand. Highly price-sensitive.
44234,ASSORTED CIRCULAR MOBILE,General,-6.9363,Highly Elastic,0.0482,0.0601,3.6309,False,0.208,0.18,0.22,0.0353,16.2,74,A 1% price increase leads to a 6.94% decrease in demand. Highly price-sensitive.
22078,Unknown,General,-6.9333,Highly Elastic,0.0443,0.0002,1.8552,True,2.0899,1.85,2.19,0.0287,11.6,303,A 1% price increase leads to a 6.93% decrease in demand. Highly price-sensitive.
20974,12 PENCILS SMALL TUBE SKULL,General,-6.9009,Highly Elastic,0.0384,0.0,1.4631,True,0.6455,0.55,0.68,0.0295,16.99,559,A 1% price increase leads to a 6.9% decrease in demand. Highly price-sensitive.
84078A,SET/4 WHITE RETRO STORAGE CUBES ,General,-6.8934,Highly Elastic,0.0535,0.0008,2.031,True,38.5344,34.95,40.48,0.0343,10.78,206,A 1% price increase leads to a 6.89% decrease in demand. Highly price-sensitive.
90099,Unknown,General,-6.8781,Highly Elastic,0.0274,0.3008,6.5596,False,2.5608,2.43,2.66,0.0246,6.93,41,A 1% price increase leads to a 6.88% decrease in demand. Highly price-sensitive.
22086,PAPER CHAIN KIT 50'S CHRISTMAS ,General,-6.8574,Highly Elastic,0.0399,0.0,1.0384,True,2.927,2.55,4.37,0.0325,24.7,1051,A 1% price increase leads to a 6.86% decrease in demand. Highly price-sensitive.
22992,REVOLVER WOODEN RULER ,General,-6.8527,Highly Elastic,0.0469,0.0,1.4279,True,1.949,1.65,2.0953,0.0321,15.15,470,A 1% price increase leads to a 6.85% decrease in demand. Highly price-sensitive.
84795B,SUNSET CHECK HAMMOCK,General,-6.835,Highly Elastic,0.0657,0.0077,2.5145,True,7.7322,6.95,8.13,0.0341,7.69,107,A 1% price increase leads to a 6.83% decrease in demand. Highly price-sensitive.
21747,SMALL SKULL WINDMILL,General,-6.8312,Highly Elastic,0.0534,0.0143,2.7436,True,1.2319,1.06,1.29,0.0301,10.35,112,A 1% price increase leads to a 6.83% decrease in demand. Highly price-sensitive.
23411, TRELLIS COAT RACK,General,-6.8191,Highly Elastic,0.0645,0.019,2.8498,True,4.9155,4.15,5.14,0.0324,8.18,85,A 1% price increase leads to a 6.82% decrease in demand. Highly price-sensitive.
22629,SPACEBOY LUNCH BOX ,General,-6.8115,Highly Elastic,0.0464,0.0,0.9956,True,1.9217,1.65,2.1177,0.0312,19.02,963,A 1% price increase leads to a 6.81% decrease in demand. Highly price-sensitive.
21790,VINTAGE SNAP CARDS,General,-6.8084,Highly Elastic,0.048,0.0,0.9752,True,0.8453,0.5969,0.9379,0.0335,20.28,969,A 1% price increase leads to a 6.81% decrease in demand. Highly price-sensitive.
90200E,GREEN SWEETHEART BRACELET,General,-6.8067,Highly Elastic,0.0583,0.0489,3.3919,True,4.1913,3.75,4.41,0.0315,9.22,67,A 1% price increase leads to a 6.81% decrease in demand. Highly price-sensitive.
21003,ROSE DU SUD CUSHION COVER,General,-6.8021,Highly Elastic,0.0428,0.3109,6.5702,False,6.3554,6.1,6.64,0.0264,9.35,26,A 1% price increase leads to a 6.8% decrease in demand. Highly price-sensitive.
85099C,JUMBO  BAG BAROQUE BLACK WHITE,General,-6.7864,Highly Elastic,0.0482,0.0,1.0018,True,2.0111,1.65,2.11,0.0331,17.48,908,A 1% price increase leads to a 6.79% decrease in demand. Highly price-sensitive.
23099,FRENCH CARRIAGE LANTERN,General,-6.7724,Highly Elastic,0.0471,0.0151,2.7467,True,6.5419,5.75,6.89,0.0311,8.18,125,A 1% price increase leads to a 6.77% decrease in demand. Highly price-sensitive.
21094,SET/6 RED SPOTTY PAPER PLATES,General,-6.7691,Highly Elastic,0.0824,0.0,0.9326,True,0.8255,0.64,0.87,0.041,14.79,589,A 1% price increase leads to a 6.77% decrease in demand. Highly price-sensitive.
22791,Unknown,General,-6.7686,Highly Elastic,0.066,0.0,1.0934,True,1.2247,1.06,1.6958,0.0408,16.12,544,A 1% price increase leads to a 6.77% decrease in demand. Highly price-sensitive.
22250,DECORATION  BUTTERFLY  MAGIC GARDEN,General,-6.7577,Highly Elastic,0.0304,0.0683,3.6694,False,0.84,0.7311,0.88,0.0279,10.09,110,A 1% price increase leads to a 6.76% decrease in demand. Highly price-sensitive.
22885,NUMBER TILE VINTAGE FONT 6 ,General,-6.7571,Highly Elastic,0.1881,0.0561,3.3089,False,1.535,1.42,1.95,0.0706,10.9,20,A 1% price increase leads to a 6.76% decrease in demand. Highly price-sensitive.
84947,ANTIQUE SILVER TEA GLASS ENGRAVED,General,-6.7482,Highly Elastic,0.0948,0.0,0.8402,True,1.2415,1.06,2.46,0.0531,15.52,618,A 1% price increase leads to a 6.75% decrease in demand. Highly price-sensitive.
21623,VINTAGE UNION JACK MEMOBOARD,General,-6.7456,Highly Elastic,0.0735,0.0,1.1674,True,9.7856,6.38,10.28,0.0379,12.02,423,A 1% price increase leads to a 6.75% decrease in demand. Highly price-sensitive.
20724,RED RETROSPOT CHARLOTTE BAG,General,-6.7292,Highly Elastic,0.0372,0.0,1.116,True,0.8418,0.72,0.89,0.0297,18.54,942,A 1% price increase leads to a 6.73% decrease in demand. Highly price-sensitive.
22686,FRENCH BLUE METAL DOOR SIGN No,General,-6.7269,Highly Elastic,0.0446,0.005,2.3668,True,1.2286,1.058,1.29,0.032,11.18,175,A 1% price increase leads to a 6.73% decrease in demand. Highly price-sensitive.
22881,NUMBER TILE VINTAGE FONT 2,General,-6.7121,Highly Elastic,0.1806,0.0697,3.4676,False,1.5378,1.42,1.95,0.0708,11.21,19,A 1% price increase leads to a 6.71% decrease in demand. Highly price-sensitive.
23524,WALL ART HORSE & PONY ,General,-6.6835,Highly Elastic,0.0729,0.0006,1.9085,True,3.6599,2.66,3.85,0.0411,11.08,158,A 1% price increase leads to a 6.68% decrease in demand. Highly price-sensitive.
20711,lost in space,General,-6.6821,Highly Elastic,0.0536,0.0,1.3751,True,2.0041,1.65,2.1,0.034,13.64,419,A 1% price increase leads to a 6.68% decrease in demand. Highly price-sensitive.
22893,Unknown,General,-6.6725,Highly Elastic,0.0459,0.0092,2.5263,True,0.4177,0.372,0.44,0.0289,8.94,147,A 1% price increase leads to a 6.67% decrease in demand. Highly price-sensitive.
84925D,Unknown,General,-6.6493,Highly Elastic,0.0339,0.3053,6.3793,False,2.5294,2.43,2.67,0.028,8.88,33,A 1% price increase leads to a 6.65% decrease in demand. Highly price-sensitive.
48173C,Unknown,General,-6.6478,Highly Elastic,0.1522,0.0,0.8758,True,7.7582,4.58,8.25,0.0516,11.91,323,A 1% price increase leads to a 6.65% decrease in demand. Highly price-sensitive.
21821,GLITTER STAR GARLAND WITH BELLS ,General,-6.6309,Highly Elastic,0.0287,0.1742,4.825,False,3.7107,3.39,3.9,0.0262,12.11,66,A 1% price increase leads to a 6.63% decrease in demand. Highly price-sensitive.
23518,EMBROIDERED RIBBON REEL RACHEL ,General,-6.6232,Highly Elastic,0.0475,0.0338,3.0738,True,2.8643,2.5172,3.01,0.0287,8.58,95,A 1% price increase leads to a 6.62% decrease in demand. Highly price-sensitive.
71038,check,General,-6.6178,Highly Elastic,0.0737,0.0136,2.6222,True,5.3301,4.65,5.59,0.0328,7.62,82,A 1% price increase leads to a 6.62% decrease in demand. Highly price-sensitive.
21068,VINTAGE BILLBOARD LOVE/HATE MUG,General,-6.6116,Highly Elastic,0.0826,0.0,1.4958,True,1.2226,0.8,1.29,0.0399,12.05,219,A 1% price increase leads to a 6.61% decrease in demand. Highly price-sensitive.
22176,amazon,General,-6.609,Highly Elastic,0.0407,0.0157,2.7038,True,2.9457,2.55,3.08,0.0281,9.26,143,A 1% price increase leads to a 6.61% decrease in demand. Highly price-sensitive.
21708,FOLDING UMBRELLA CREAM POLKADOT,General,-6.6054,Highly Elastic,0.0345,0.1627,4.6689,False,4.975,4.7,5.19,0.027,9.38,58,A 1% price increase leads to a 6.61% decrease in demand. Highly price-sensitive.
21281,Unknown,General,-6.5946,Highly Elastic,0.0735,0.3099,6.2592,False,2.5175,2.43,2.65,0.0262,6.5,16,A 1% price increase leads to a 6.59% decrease in demand. Highly price-sensitive.
22884,NUMBER TILE VINTAGE FONT 5,General,-6.5784,Highly Elastic,0.2407,0.0149,2.4912,True,1.6458,1.42,1.95,0.067,7.08,24,A 1% price increase leads to a 6.58% decrease in demand. Highly price-sensitive.
22765,Unknown,General,-6.5772,Highly Elastic,0.2295,0.0207,2.6301,True,13.2452,9.89,14.95,0.0726,10.22,23,A 1% price increase leads to a 6.58% decrease in demand. Highly price-sensitive.
22316,200 BENDY SKULL STRAWS,General,-6.57,Highly Elastic,0.0339,0.0382,3.1367,True,1.2434,1.06,1.3,0.0286,8.76,127,A 1% price increase leads to a 6.57% decrease in demand. Highly price-sensitive.
79191C,RETRO PLASTIC ELEPHANT TRAY,General,-6.5691,Highly Elastic,0.0511,0.0113,2.5533,True,0.8455,0.63,0.88,0.0334,11.28,125,A 1% price increase leads to a 6.57% decrease in demand. Highly price-sensitive.
23318,BOX OF 6 MINI VINTAGE CRACKERS,General,-6.5479,Highly Elastic,0.0471,0.0,1.2798,True,2.4451,2.08,2.57,0.032,12.74,532,A 1% price increase leads to a 6.55% decrease in demand. Highly price-sensitive.
85163B,BLACK BAROQUE WALL CLOCK ,General,-6.5439,Highly Elastic,0.0284,0.3824,7.3687,False,12.7938,12.13,13.38,0.027,7.24,29,A 1% price increase leads to a 6.54% decrease in demand. Highly price-sensitive.
72351B,SET/6 PINK  BUTTERFLY T-LIGHTS,General,-6.5386,Highly Elastic,0.0521,0.0,1.5596,True,2.0631,1.69,2.17,0.0344,12.53,322,A 1% price increase leads to a 6.54% decrease in demand. Highly price-sensitive.
85045,Unknown,General,-6.5327,Highly Elastic,0.0506,0.2594,5.6603,False,4.9366,4.71,5.19,0.0278,7.22,27,A 1% price increase leads to a 6.53% decrease in demand. Highly price-sensitive.
21458,2 PICTURE BOOK EGGS EASTER BUNNY,General,-6.5065,Highly Elastic,0.0398,0.1561,4.5181,False,1.2452,1.19,1.31,0.0279,10.81,52,A 1% price increase leads to a 6.51% decrease in demand. Highly price-sensitive.
22088,Unknown,General,-6.4915,Highly Elastic,0.0433,0.0,1.5269,True,2.8994,2.55,3.05,0.0315,11.92,401,A 1% price increase leads to a 6.49% decrease in demand. Highly price-sensitive.
20897,VINTAGE NOTEBOOK PARIS DAYS,General,-6.4813,Highly Elastic,0.0835,0.1148,3.9867,False,2.8921,2.55,3.02,0.0389,9.03,31,A 1% price increase leads to a 6.48% decrease in demand. Highly price-sensitive.
22454,Unknown,General,-6.4772,Highly Elastic,0.0345,0.0684,3.5145,False,2.9186,2.55,3.06,0.0306,10.01,97,A 1% price increase leads to a 6.48% decrease in demand. Highly price-sensitive.
21218,RED SPOTTY BISCUIT TIN,General,-6.4684,Highly Elastic,0.0595,0.0,1.2479,True,3.7025,3.25,4.885,0.0366,11.55,427,A 1% price increase leads to a 6.47% decrease in demand. Highly price-sensitive.
22932,BAKING MOULD TOFFEE CUP  CHOCOLATE,General,-6.4631,Highly Elastic,0.0542,0.0017,2.0288,True,2.5078,2.1,2.64,0.0333,8.58,179,A 1% price increase leads to a 6.46% decrease in demand. Highly price-sensitive.
22569,?,General,-6.44,Highly Elastic,0.0366,0.0,1.4397,True,3.7237,3.39,3.91,0.0282,12.08,528,A 1% price increase leads to a 6.44% decrease in demand. Highly price-sensitive.
23461,SWEETHEART BIRD HOUSE,General,-6.4304,Highly Elastic,0.0396,0.0068,2.3474,True,4.1236,3.3108,4.33,0.031,12.33,184,A 1% price increase leads to a 6.43% decrease in demand. Highly price-sensitive.
21803,Unknown,General,-6.4277,Highly Elastic,0.0241,0.1271,4.177,False,0.4201,0.4,0.44,0.0264,14.6,98,A 1% price increase leads to a 6.43% decrease in demand. Highly price-sensitive.
85025B,EAU DE NILE HEART SHAPE PHOTO FRAME,General,-6.4236,Highly Elastic,0.0315,0.2035,4.9869,False,1.6487,1.57,1.73,0.0273,8.72,53,A 1% price increase leads to a 6.42% decrease in demand. Highly price-sensitive.
22630,DOLLY GIRL LUNCH BOX,General,-6.4045,Highly Elastic,0.0454,0.0,1.0077,True,1.9472,1.65,2.5729,0.0337,16.72,851,A 1% price increase leads to a 6.4% decrease in demand. Highly price-sensitive.
21243,PINK POLKADOT PLATE ,General,-6.4035,Highly Elastic,0.0423,0.0,1.5544,True,1.6595,1.45,1.74,0.0321,12.59,386,A 1% price increase leads to a 6.4% decrease in demand. Highly price-sensitive.
84218,Unknown,General,-6.3825,Highly Elastic,0.048,0.0572,3.3032,False,1.9338,1.69,2.03,0.0331,9.11,76,A 1% price increase leads to a 6.38% decrease in demand. Highly price-sensitive.
23406,Unknown,General,-6.3753,Highly Elastic,0.1011,0.0,1.4538,True,6.1211,4.15,6.44,0.044,10.94,173,A 1% price increase leads to a 6.38% decrease in demand. Highly price-sensitive.
23539,"WALL ART , LOVES' SECRET ",General,-6.3662,Highly Elastic,0.098,0.0007,1.8335,True,5.8561,4.0392,6.13,0.0409,8.38,113,A 1% price increase leads to a 6.37% decrease in demand. Highly price-sensitive.
21931,JUMBO STORAGE BAG SUKI,General,-6.3541,Highly Elastic,0.0431,0.0,0.9412,True,2.0302,1.65,2.1691,0.0323,17.03,1015,A 1% price increase leads to a 6.35% decrease in demand. Highly price-sensitive.
21187,Unknown,General,-6.3434,Highly Elastic,0.0349,0.0972,3.7782,False,1.6442,1.45,1.72,0.0301,10.47,80,A 1% price increase leads to a 6.34% decrease in demand. Highly price-sensitive.
22090,PAPER BUNTING RETROSPOT,General,-6.3364,Highly Elastic,0.0412,0.0,1.0824,True,2.8897,2.55,3.3557,0.0323,15.24,799,A 1% price increase leads to a 6.34% decrease in demand. Highly price-sensitive.
22365,DOORMAT RESPECTABLE HOUSE,General,-6.3227,Highly Elastic,0.0569,0.0,1.4817,True,7.8605,6.75,8.25,0.0353,9.29,304,A 1% price increase leads to a 6.32% decrease in demand. Highly price-sensitive.
23456,MEDIUM PARLOUR FRAME ,General,-6.3123,Highly Elastic,0.0451,0.1196,3.9899,False,4.12,3.97,4.35,0.0265,8.85,55,A 1% price increase leads to a 6.31% decrease in demand. Highly price-sensitive.
35915C,Unknown,General,-6.3016,Highly Elastic,0.0281,0.3934,7.2617,False,1.6507,1.57,1.72,0.0229,7.54,28,A 1% price increase leads to a 6.3% decrease in demand. Highly price-sensitive.
23135,Unknown,General,-6.3002,Highly Elastic,0.3203,0.0,1.0197,True,5.1636,3.32,5.75,0.0828,13.58,83,A 1% price increase leads to a 6.3% decrease in demand. Highly price-sensitive.
78033,FLAG OF ST GEORGE CHAIR,General,-6.2979,Highly Elastic,0.2568,0.0082,2.1871,True,5.0842,4.25,5.95,0.0734,8.27,26,A 1% price increase leads to a 6.3% decrease in demand. Highly price-sensitive.
48138,DOORMAT UNION FLAG,General,-6.2963,Highly Elastic,0.0766,0.0,0.7842,True,7.7139,4.6298,8.25,0.0399,13.99,779,A 1% price increase leads to a 6.3% decrease in demand. Highly price-sensitive.
21720,CAKE SHOP  STICKER SHEET,General,-6.2836,Highly Elastic,0.0735,0.2617,5.4121,False,0.84,0.81,0.88,0.03,4.42,19,A 1% price increase leads to a 6.28% decrease in demand. Highly price-sensitive.
37370,Unknown,General,-6.2785,Highly Elastic,0.0951,0.0,1.2797,True,1.2574,1.06,1.65,0.0543,12.91,231,A 1% price increase leads to a 6.28% decrease in demand. Highly price-sensitive.
21613,Unknown,General,-6.2739,Highly Elastic,0.0366,0.1208,3.9908,False,2.9348,2.55,3.06,0.0286,10.79,67,A 1% price increase leads to a 6.27% decrease in demand. Highly price-sensitive.
23023,RIDGED BONNE JAM JAR T-LIGHT HOLDER,General,-6.2376,Highly Elastic,0.0406,0.1896,4.6781,False,1.6588,1.58,1.73,0.0252,7.39,44,A 1% price increase leads to a 6.24% decrease in demand. Highly price-sensitive.
23328,SET 6 SCHOOL MILK BOTTLES IN CRATE,General,-6.2347,Highly Elastic,0.0371,0.0,1.4879,True,3.6989,3.4177,3.89,0.0296,12.1,458,A 1% price increase leads to a 6.23% decrease in demand. Highly price-sensitive.
84228,crushed,General,-6.2315,Highly Elastic,0.0308,0.2722,5.5953,False,0.4151,0.37,0.43,0.0324,16.24,41,A 1% price increase leads to a 6.23% decrease in demand. Highly price-sensitive.
72133,COLUMBIAN CANDLE RECTANGLE,General,-6.2315,Highly Elastic,0.0371,0.3358,6.3494,False,1.2381,1.19,1.3,0.0252,5.7,27,A 1% price increase leads to a 6.23% decrease in demand. Highly price-sensitive.
22188,BLACK HEART CARD HOLDER,General,-6.2306,Highly Elastic,0.1743,0.0,0.7269,True,3.8469,2.31,4.06,0.0565,13.28,350,A 1% price increase leads to a 6.23% decrease in demand. Highly price-sensitive.
21518,Unknown,General,-6.221,Highly Elastic,0.0751,0.1358,4.0546,False,0.4119,0.36,0.43,0.0389,13.32,31,A 1% price increase leads to a 6.22% decrease in demand. Highly price-sensitive.
22519,Unknown,General,-6.2178,Highly Elastic,0.0394,0.0413,3.0098,True,2.0837,1.85,2.18,0.0299,11.14,106,A 1% price increase leads to a 6.22% decrease in demand. Highly price-sensitive.
23281,FOLDING MIRROR RED  ,General,-6.2124,Highly Elastic,0.037,0.0077,2.3052,True,0.8194,0.72,0.86,0.0324,11.3,191,A 1% price increase leads to a 6.21% decrease in demand. Highly price-sensitive.
21788,KIDS RAIN MAC BLUE,General,-6.2114,Highly Elastic,0.0447,0.0252,2.7366,True,0.8437,0.65,0.88,0.0327,10.09,112,A 1% price increase leads to a 6.21% decrease in demand. Highly price-sensitive.
84687,BEACH HUT SHELF W 3 DRAWERS,General,-6.2105,Highly Elastic,0.0747,0.0693,3.3338,False,5.6159,4.95,5.95,0.0421,9.02,45,A 1% price increase leads to a 6.21% decrease in demand. Highly price-sensitive.
15030,Unknown,General,-6.2079,Highly Elastic,0.0281,0.376,6.9006,False,0.2897,0.28,0.3,0.0279,8.3,30,A 1% price increase leads to a 6.21% decrease in demand. Highly price-sensitive.
23568,EGG CUP HENRIETTA HEN CREAM ,General,-6.1987,Highly Elastic,0.0845,0.0501,3.0765,False,1.2135,1.04,1.28,0.0376,10.78,46,A 1% price increase leads to a 6.2% decrease in demand. Highly price-sensitive.
23528,WALL ART SPACEBOY,General,-6.1942,Highly Elastic,0.1175,0.0009,1.8099,True,3.6333,2.66,3.8,0.0479,12.11,90,A 1% price increase leads to a 6.19% decrease in demand. Highly price-sensitive.
21238,RED RETROSPOT CUP,General,-6.1911,Highly Elastic,0.0401,0.0,1.3267,True,0.8363,0.72,0.88,0.0317,13.29,523,A 1% price increase leads to a 6.19% decrease in demand. Highly price-sensitive.
22505,MEMO BOARD COTTAGE DESIGN,General,-6.1857,Highly Elastic,0.0349,0.0,1.4282,True,4.9115,4.25,5.15,0.0282,9.43,520,A 1% price increase leads to a 6.19% decrease in demand. Highly price-sensitive.
23307,SET OF 60 PANTRY DESIGN CAKE CASES ,General,-6.1698,Highly Elastic,0.0392,0.0,1.1483,True,0.5532,0.4296,0.5952,0.0327,18.47,710,A 1% price increase leads to a 6.17% decrease in demand. Highly price-sensitive.
40001,check,General,-6.1492,Highly Elastic,0.0961,0.0035,2.045,True,0.8231,0.64,0.86,0.0449,11.44,87,A 1% price increase leads to a 6.15% decrease in demand. Highly price-sensitive.
23290,SPACEBOY CHILDRENS BOWL,General,-6.1487,Highly Elastic,0.0366,0.0003,1.6912,True,1.241,1.05,1.3,0.0298,12.09,350,A 1% price increase leads to a 6.15% decrease in demand. Highly price-sensitive.
85150,Unknown,General,-6.1428,Highly Elastic,0.0556,0.0,1.0107,True,2.5064,1.69,2.64,0.0352,13.1,629,A 1% price increase leads to a 6.14% decrease in demand. Highly price-sensitive.
72351A,SET/6 TURQUOISE BUTTERFLY T-LIGHTS,General,-6.1383,Highly Elastic,0.0444,0.0006,1.7584,True,2.0741,1.69,2.18,0.0325,10.62,264,A 1% price increase leads to a 6.14% decrease in demand. Highly price-sensitive.
90200C,Unknown,General,-6.1247,Highly Elastic,0.025,0.4825,8.5589,False,4.2373,4.07,4.44,0.027,7.41,22,A 1% price increase leads to a 6.12% decrease in demand. Highly price-sensitive.
84816,damages,General,-6.1166,Highly Elastic,0.0268,0.3263,6.1469,False,39.5021,37.98,41.68,0.025,5.45,38,A 1% price increase leads to a 6.12% decrease in demand. Highly price-sensitive.
21002,ROSE DU SUD DRAWSTRING BAG,General,-6.1129,Highly Elastic,0.0542,0.2851,5.5724,False,4.2543,4.07,4.46,0.0303,9.22,23,A 1% price increase leads to a 6.11% decrease in demand. Highly price-sensitive.
84992,72 SWEETHEART FAIRY CAKE CASES,General,-6.1019,Highly Elastic,0.0529,0.0,0.9071,True,0.553,0.4037,0.9,0.041,17.26,812,A 1% price increase leads to a 6.1% decrease in demand. Highly price-sensitive.
22668,PINK BABY BUNTING,General,-6.0972,Highly Elastic,0.0443,0.0,1.4037,True,2.9526,2.55,3.4233,0.0323,12.08,409,A 1% price increase leads to a 6.1% decrease in demand. Highly price-sensitive.
15039,SANDALWOOD FAN,General,-6.0817,Highly Elastic,0.0956,0.0,1.4064,True,0.8293,0.53,0.87,0.048,13.09,179,A 1% price increase leads to a 6.08% decrease in demand. Highly price-sensitive.
23176,ABC TREASURE BOOK BOX ,General,-6.0815,Highly Elastic,0.0346,0.0006,1.7538,True,2.2364,1.95,2.34,0.0292,11.62,338,A 1% price increase leads to a 6.08% decrease in demand. Highly price-sensitive.
79000,Unknown,General,-6.081,Highly Elastic,0.0744,0.0,1.4296,True,0.8054,0.65,0.85,0.0442,18.0,227,A 1% price increase leads to a 6.08% decrease in demand. Highly price-sensitive.
23072,damages,General,-6.071,Highly Elastic,0.0344,0.212,4.795,False,12.5265,11.88,13.12,0.0295,8.06,47,A 1% price increase leads to a 6.07% decrease in demand. Highly price-sensitive.
23438,GIFT BAG LARGE SPOT ,General,-6.0695,Highly Elastic,0.036,0.0084,2.2773,True,1.2433,1.0573,1.31,0.0288,12.98,192,A 1% price increase leads to a 6.07% decrease in demand. Highly price-sensitive.
20675,BLUE POLKADOT BOWL,General,-6.0673,Highly Elastic,0.0349,0.0,1.4051,True,1.2344,1.06,1.3,0.031,13.05,518,A 1% price increase leads to a 6.07% decrease in demand. Highly price-sensitive.
16237,SLEEPING CAT ERASERS,General,-6.0667,Highly Elastic,0.0526,0.0,1.3544,True,0.2051,0.16,0.22,0.0391,15.24,363,A 1% price increase leads to a 6.07% decrease in demand. Highly price-sensitive.
20774,damaged,General,-6.0401,Highly Elastic,0.0187,0.2891,5.6469,False,1.656,1.57,1.73,0.0213,7.9,62,A 1% price increase leads to a 6.04% decrease in demand. Highly price-sensitive.
22423,damages,General,-6.0377,Highly Elastic,0.0384,0.0,0.8479,True,12.4533,10.95,13.12,0.0302,27.27,1271,A 1% price increase leads to a 6.04% decrease in demand. Highly price-sensitive.
21326,AGED GLASS SILVER T-LIGHT HOLDER,General,-6.0354,Highly Elastic,0.0325,0.0,1.366,True,0.6375,0.55,0.67,0.0339,20.85,584,A 1% price increase leads to a 6.04% decrease in demand. Highly price-sensitive.
20766,GARDEN PATH SKETCHBOOK,General,-6.0345,Highly Elastic,0.0228,0.0929,3.5635,False,3.755,3.58,3.93,0.0253,9.35,125,A 1% price increase leads to a 6.03% decrease in demand. Highly price-sensitive.
20770,ABSTRACT CIRCLE JOURNAL ,General,-6.0215,Highly Elastic,0.0382,0.1076,3.6919,False,2.5283,2.1,2.64,0.0312,8.7,69,A 1% price increase leads to a 6.02% decrease in demand. Highly price-sensitive.
90209C,Unknown,General,-6.0131,Highly Elastic,0.0396,0.2445,5.0773,False,2.0592,1.7595,2.15,0.0357,11.28,36,A 1% price increase leads to a 6.01% decrease in demand. Highly price-sensitive.
22951,60 CAKE CASES DOLLY GIRL DESIGN,General,-6.013,Highly Elastic,0.0472,0.0,1.0884,True,0.5607,0.42,0.7833,0.0369,14.23,618,A 1% price increase leads to a 6.01% decrease in demand. Highly price-sensitive.
84913A,Unknown,General,-5.9914,Highly Elastic,0.0416,0.2401,5.0083,False,4.6445,4.42,4.87,0.027,9.57,35,A 1% price increase leads to a 5.99% decrease in demand. Highly price-sensitive.
23295,SET OF 12 MINI LOAF BAKING CASES,General,-5.9896,Highly Elastic,0.0309,0.0,1.4574,True,0.8215,0.72,0.86,0.0293,15.43,531,A 1% price increase leads to a 5.99% decrease in demand. Highly price-sensitive.
23009,I LOVE LONDON BABY GIFT SET,General,-5.9863,Highly Elastic,0.0379,0.0185,2.5126,True,16.5847,14.95,17.39,0.0329,8.69,146,A 1% price increase leads to a 5.99% decrease in demand. Highly price-sensitive.
23531,WALL ART BIG LOVE ,General,-5.9817,Highly Elastic,0.0772,0.0,1.3582,True,6.7509,4.77,7.08,0.0411,10.12,234,A 1% price increase leads to a 5.98% decrease in demand. Highly price-sensitive.
17090A,LAVENDER INCENSE 40 CONES IN TIN,General,-5.9596,Highly Elastic,0.1982,0.0074,2.0863,True,1.1098,0.85,1.25,0.0768,9.77,35,A 1% price increase leads to a 5.96% decrease in demand. Highly price-sensitive.
20723,STRAWBERRY CHARLOTTE BAG,General,-5.9547,Highly Elastic,0.0409,0.0,1.0489,True,0.857,0.72,1.24,0.0352,15.3,758,A 1% price increase leads to a 5.95% decrease in demand. Highly price-sensitive.
20754,Found,General,-5.9469,Highly Elastic,0.037,0.0,1.4193,True,2.0804,1.69,2.18,0.0312,11.46,459,A 1% price increase leads to a 5.95% decrease in demand. Highly price-sensitive.
21715,GIRLS VINTAGE TIN SEASIDE BUCKET,General,-5.9266,Highly Elastic,0.0476,0.0003,1.6008,True,2.5072,2.1,2.64,0.0316,9.75,276,A 1% price increase leads to a 5.93% decrease in demand. Highly price-sensitive.
37450,CERAMIC CAKE BOWL + HANGING CAKES,General,-5.9119,Highly Elastic,0.0491,0.0014,1.827,True,2.8783,2.55,3.02,0.0342,10.11,205,A 1% price increase leads to a 5.91% decrease in demand. Highly price-sensitive.
22507,MEMO BOARD RETROSPOT  DESIGN,General,-5.9111,Highly Elastic,0.0342,0.0,1.2696,True,4.9199,3.86,5.16,0.03,11.08,614,A 1% price increase leads to a 5.91% decrease in demand. Highly price-sensitive.
23403,LETTER HOLDER HOME SWEET HOME,General,-5.9077,Highly Elastic,0.0628,0.0002,1.5423,True,3.7044,2.48,3.9,0.0365,9.0,221,A 1% price increase leads to a 5.91% decrease in demand. Highly price-sensitive.
23168,CLASSIC CAFE SUGAR DISPENSER,General,-5.8988,Highly Elastic,0.0507,0.0,1.3496,True,1.2139,1.04,1.27,0.0349,11.76,360,A 1% price increase leads to a 5.9% decrease in demand. Highly price-sensitive.
23582,VINTAGE DOILY JUMBO BAG RED ,General,-5.8722,Highly Elastic,0.0292,0.0005,1.6733,True,2.0585,1.7962,2.16,0.0303,16.93,412,A 1% price increase leads to a 5.87% decrease in demand. Highly price-sensitive.
22366,DOORMAT AIRMAIL ,General,-5.8653,Highly Elastic,0.0443,0.0001,1.4932,True,7.8448,6.75,8.25,0.0337,8.68,335,A 1% price increase leads to a 5.87% decrease in demand. Highly price-sensitive.
90147,CHUNKY SILVER NECKLACE PASTEL FLOWE,General,-5.8635,Highly Elastic,0.0317,0.4055,6.9133,False,9.9913,9.47,10.42,0.0309,8.58,24,A 1% price increase leads to a 5.86% decrease in demand. Highly price-sensitive.
23253,16 PC CUTLERY SET PANTRY DESIGN,General,-5.8625,Highly Elastic,0.0791,0.011,2.251,True,15.5111,12.5,16.27,0.0415,9.02,81,A 1% price increase leads to a 5.86% decrease in demand. Highly price-sensitive.
84665,water damaged,General,-5.8606,Highly Elastic,0.0344,0.234,4.8521,False,5.9521,5.66,6.23,0.0254,11.23,43,A 1% price increase leads to a 5.86% decrease in demand. Highly price-sensitive.
22970,LONDON BUS COFFEE MUG,General,-5.856,Highly Elastic,0.0463,0.0,1.2575,True,2.4942,2.1,2.62,0.0359,12.95,449,A 1% price increase leads to a 5.86% decrease in demand. Highly price-sensitive.
48188,DOORMAT WELCOME PUPPIES,General,-5.8424,Highly Elastic,0.109,0.0,0.7795,True,7.8358,4.58,9.3271,0.0477,11.16,461,A 1% price increase leads to a 5.84% decrease in demand. Highly price-sensitive.
23216,LAUREL HEART ANTIQUE GOLD,General,-5.841,Highly Elastic,0.0516,0.017,2.4085,True,1.2168,1.04,1.28,0.037,12.15,110,A 1% price increase leads to a 5.84% decrease in demand. Highly price-sensitive.
82600,check,General,-5.8316,Highly Elastic,0.0374,0.0,1.185,True,2.0758,1.69,2.39,0.0326,14.03,625,A 1% price increase leads to a 5.83% decrease in demand. Highly price-sensitive.
23079, TOADSTOOL BEDSIDE LIGHT ,General,-5.8264,Highly Elastic,0.0284,0.0182,2.4468,True,8.921,8.278,9.37,0.0276,8.96,196,A 1% price increase leads to a 5.83% decrease in demand. Highly price-sensitive.
23133,LARGE IVORY HEART WALL ORGANISER,General,-5.824,Highly Elastic,0.0817,0.0,1.1993,True,7.9532,5.66,8.35,0.0431,9.43,267,A 1% price increase leads to a 5.82% decrease in demand. Highly price-sensitive.
22563,HAPPY STENCIL CRAFT,General,-5.8095,Highly Elastic,0.0329,0.0001,1.4853,True,1.2335,1.06,1.3,0.0315,12.98,451,A 1% price increase leads to a 5.81% decrease in demand. Highly price-sensitive.
22993,SET OF 4 PANTRY JELLY MOULDS,General,-5.7955,Highly Elastic,0.0261,0.0,1.129,True,1.2556,1.06,1.371,0.0282,18.28,986,A 1% price increase leads to a 5.8% decrease in demand. Highly price-sensitive.
23525,WALL ART BUFFALO BILL ,General,-5.7911,Highly Elastic,0.0388,0.0184,2.4281,True,3.7011,3.29,3.9,0.0313,9.64,143,A 1% price increase leads to a 5.79% decrease in demand. Highly price-sensitive.
21463,MIRRORED DISCO BALL ,General,-5.7788,Highly Elastic,0.0736,0.0,1.2213,True,5.776,3.2962,6.08,0.0426,9.95,284,A 1% price increase leads to a 5.78% decrease in demand. Highly price-sensitive.
23530,"WALL ART,ONLY ONE PERSON ",General,-5.777,Highly Elastic,0.0909,0.0001,1.444,True,4.7014,3.57,4.96,0.0461,11.32,162,A 1% price increase leads to a 5.78% decrease in demand. Highly price-sensitive.
22532,MAGIC DRAWING SLATE LEAP FROG ,General,-5.7761,Highly Elastic,0.0551,0.0015,1.7878,True,0.4149,0.27,0.44,0.0364,10.77,181,A 1% price increase leads to a 5.78% decrease in demand. Highly price-sensitive.
20802,SMALL GLASS SUNDAE DISH CLEAR,General,-5.7758,Highly Elastic,0.0361,0.11,3.5682,False,1.6256,1.45,1.7,0.0316,9.57,72,A 1% price increase leads to a 5.78% decrease in demand. Highly price-sensitive.
20733,GOLD MINI TAPE MEASURE ,General,-5.7713,Highly Elastic,0.0265,0.0653,3.1044,False,0.8424,0.72,0.88,0.0297,9.45,129,A 1% price increase leads to a 5.77% decrease in demand. Highly price-sensitive.
21216,"SET 3 RETROSPOT TEA,COFFEE,SUGAR",General,-5.7578,Highly Elastic,0.042,0.0,1.324,True,4.8775,4.25,5.12,0.0323,10.9,433,A 1% price increase leads to a 5.76% decrease in demand. Highly price-sensitive.
20712,JUMBO BAG WOODLAND ANIMALS,General,-5.7574,Highly Elastic,0.0525,0.0,0.8965,True,2.0314,1.65,4.13,0.0494,16.12,747,A 1% price increase leads to a 5.76% decrease in demand. Highly price-sensitive.
22906,12 MESSAGE CARDS WITH ENVELOPES,General,-5.7546,Highly Elastic,0.0336,0.0002,1.5457,True,1.6346,1.45,1.72,0.0292,11.35,401,A 1% price increase leads to a 5.75% decrease in demand. Highly price-sensitive.
23201,JUMBO BAG ALPHABET,General,-5.751,Highly Elastic,0.0256,0.0,1.2003,True,2.0555,1.7139,2.1654,0.029,19.11,876,A 1% price increase leads to a 5.75% decrease in demand. Highly price-sensitive.
40005B,BLUE ORGANDY ROUND LAMPSHADE W BEA,General,-5.749,Highly Elastic,0.0197,0.6177,11.2438,False,0.85,0.81,0.89,0.0255,12.8,15,A 1% price increase leads to a 5.75% decrease in demand. Highly price-sensitive.
23516,EMBROIDERED RIBBON REEL SOPHIE  ,General,-5.7488,Highly Elastic,0.0305,0.1214,3.6712,False,3.7096,3.2963,3.9,0.0281,8.25,80,A 1% price increase leads to a 5.75% decrease in demand. Highly price-sensitive.
84997C,CHILDRENS CUTLERY POLKADOT BLUE,General,-5.7246,Highly Elastic,0.0356,0.0,1.2667,True,4.0078,3.3959,4.2,0.0315,13.07,555,A 1% price increase leads to a 5.72% decrease in demand. Highly price-sensitive.
81952V,ROUND PURPLE CLOCK WITH SUCKER,General,-5.7134,Highly Elastic,0.0333,0.1827,4.2315,False,0.1896,0.18,0.2,0.0351,10.11,55,A 1% price increase leads to a 5.71% decrease in demand. Highly price-sensitive.
20685,DOORMAT RED RETROSPOT,General,-5.7083,Highly Elastic,0.065,0.0,0.7257,True,7.6876,4.58,8.25,0.042,15.3,892,A 1% price increase leads to a 5.71% decrease in demand. Highly price-sensitive.
23526,WALL ART DOG LICENCE ,General,-5.7062,Highly Elastic,0.0806,0.0,1.2048,True,5.7724,3.9741,6.07,0.0439,11.12,258,A 1% price increase leads to a 5.71% decrease in demand. Highly price-sensitive.
22934,BAKING MOULD EASTER EGG WHITE CHOC,General,-5.7058,Highly Elastic,0.0345,0.0511,2.8933,False,2.9036,2.55,3.06,0.0326,10.91,111,A 1% price increase leads to a 5.71% decrease in demand. Highly price-sensitive.
23379,PACK OF 12 RED APPLE TISSUES,General,-5.6998,Highly Elastic,0.0333,0.0426,2.7812,True,0.3864,0.32,0.41,0.0314,13.06,124,A 1% price increase leads to a 5.7% decrease in demand. Highly price-sensitive.
84991,60 TEATIME FAIRY CAKE CASES,General,-5.6952,Highly Elastic,0.0379,0.0,0.9598,True,0.5473,0.4196,0.62,0.034,19.35,895,A 1% price increase leads to a 5.7% decrease in demand. Highly price-sensitive.
90030B,RED KUKUI COCONUT SEED NECKLACE,General,-5.6927,Highly Elastic,0.0522,0.3617,6.0628,False,1.005,0.96,1.05,0.033,10.39,18,A 1% price increase leads to a 5.69% decrease in demand. Highly price-sensitive.
48187,DOORMAT NEW ENGLAND,General,-5.6902,Highly Elastic,0.0692,0.0,0.7195,True,7.7997,4.6023,8.25,0.0414,13.63,843,A 1% price increase leads to a 5.69% decrease in demand. Highly price-sensitive.
23552,BICYCLE PUNCTURE REPAIR KIT ,General,-5.6825,Highly Elastic,0.0344,0.0024,1.8569,True,2.0622,1.8733,2.17,0.0292,13.32,265,A 1% price increase leads to a 5.68% decrease in demand. Highly price-sensitive.
21244,Unknown,General,-5.6798,Highly Elastic,0.0412,0.0001,1.4035,True,1.6589,1.45,1.74,0.0337,13.02,383,A 1% price increase leads to a 5.68% decrease in demand. Highly price-sensitive.
21928,JUMBO BAG SCANDINAVIAN BLUE PAISLEY,General,-5.6749,Highly Elastic,0.0635,0.0,0.7855,True,2.0426,1.65,4.13,0.0542,15.5,772,A 1% price increase leads to a 5.67% decrease in demand. Highly price-sensitive.
21242,RED RETROSPOT PLATE ,General,-5.6737,Highly Elastic,0.0348,0.0,1.3797,True,1.6663,1.45,1.75,0.032,13.5,471,A 1% price increase leads to a 5.67% decrease in demand. Highly price-sensitive.
21955,DOORMAT UNION JACK GUNS AND ROSES,General,-5.6718,Highly Elastic,0.0879,0.0,0.9752,True,7.7547,4.5968,8.25,0.0448,11.17,353,A 1% price increase leads to a 5.67% decrease in demand. Highly price-sensitive.
72799F,Unknown,General,-5.6679,Highly Elastic,0.0396,0.1659,4.0287,False,2.9036,2.55,3.05,0.0324,8.14,50,A 1% price increase leads to a 5.67% decrease in demand. Highly price-sensitive.
47566,PARTY BUNTING,General,-5.667,Highly Elastic,0.0373,0.0,0.8323,True,4.8434,3.75,5.5989,0.0328,24.02,1197,A 1% price increase leads to a 5.67% decrease in demand. Highly price-sensitive.
23003,Printing smudges/thrown away,General,-5.6518,Highly Elastic,0.0353,0.0317,2.6022,True,0.4193,0.4,0.44,0.0268,8.82,131,A 1% price increase leads to a 5.65% decrease in demand. Highly price-sensitive.
22983,CARD BILLBOARD FONT,General,-5.648,Highly Elastic,0.0296,0.0001,1.4165,True,0.4201,0.36,0.4416,0.0303,13.79,523,A 1% price increase leads to a 5.65% decrease in demand. Highly price-sensitive.
23535,WALL ART BICYCLE SAFETY,General,-5.6326,Highly Elastic,0.0524,0.0,1.1516,True,5.8203,4.0554,6.13,0.0366,11.02,435,A 1% price increase leads to a 5.63% decrease in demand. Highly price-sensitive.
23203,JUMBO BAG VINTAGE DOILY ,General,-5.6132,Highly Elastic,0.0219,0.0,1.1524,True,2.0545,1.76,2.16,0.0274,25.18,1060,A 1% price increase leads to a 5.61% decrease in demand. Highly price-sensitive.
21421,damaged,General,-5.6113,Highly Elastic,0.0238,0.3294,5.6828,False,1.2419,1.19,1.31,0.0252,10.69,42,A 1% price increase leads to a 5.61% decrease in demand. Highly price-sensitive.
84631,Unknown,General,-5.6109,Highly Elastic,0.0358,0.3993,6.5147,False,7.8986,7.57,8.33,0.028,8.05,22,A 1% price increase leads to a 5.61% decrease in demand. Highly price-sensitive.
23165,LARGE CERAMIC TOP STORAGE JAR,General,-5.6068,Highly Elastic,0.036,0.0002,1.4903,True,1.6278,1.45,1.71,0.031,11.8,381,A 1% price increase leads to a 5.61% decrease in demand. Highly price-sensitive.
40016,Unknown,General,-5.5902,Highly Elastic,0.099,0.0,1.2973,True,0.4023,0.25,0.42,0.0581,26.54,171,A 1% price increase leads to a 5.59% decrease in demand. Highly price-sensitive.
23111,PARISIENNE SEWING BOX,General,-5.5812,Highly Elastic,0.0409,0.0028,1.8477,True,12.267,10.4,12.87,0.0331,8.79,216,A 1% price increase leads to a 5.58% decrease in demand. Highly price-sensitive.
85024B,EAU DE NILE JEWELLED PHOTOFRAME,General,-5.5804,Highly Elastic,0.0341,0.296,5.2523,False,1.6438,1.57,1.73,0.0286,8.03,34,A 1% price increase leads to a 5.58% decrease in demand. Highly price-sensitive.
23294,SET OF 6 SNACK LOAF BAKING CASES,General,-5.5774,Highly Elastic,0.0267,0.0009,1.6598,True,0.8239,0.72,0.87,0.0298,14.02,414,A 1% price increase leads to a 5.58% decrease in demand. Highly price-sensitive.
21313,GLASS HEART T-LIGHT HOLDER ,General,-5.5754,Highly Elastic,0.0849,0.0,1.2254,True,0.8154,0.64,0.85,0.05,13.19,225,A 1% price increase leads to a 5.58% decrease in demand. Highly price-sensitive.
21181,dotcom,General,-5.565,Highly Elastic,0.0264,0.0,1.1051,True,2.0682,1.5369,2.3215,0.0296,20.7,936,A 1% price increase leads to a 5.57% decrease in demand. Highly price-sensitive.
22920,HERB MARKER BASIL,General,-5.5622,Highly Elastic,0.0236,0.0014,1.7328,True,0.6492,0.55,0.68,0.027,14.38,428,A 1% price increase leads to a 5.56% decrease in demand. Highly price-sensitive.
22632,Unknown,General,-5.5464,Highly Elastic,0.0232,0.0001,1.4274,True,2.0828,1.79,2.19,0.028,15.2,637,A 1% price increase leads to a 5.55% decrease in demand. Highly price-sensitive.
22564,ALPHABET STENCIL CRAFT,General,-5.5452,Highly Elastic,0.0425,0.0003,1.5187,True,1.253,1.06,1.855,0.0429,13.61,302,A 1% price increase leads to a 5.55% decrease in demand. Highly price-sensitive.
84568,GIRLS ALPHABET IRON ON PATCHES ,General,-5.5442,Highly Elastic,0.0158,0.3385,5.7451,False,0.2072,0.17,0.22,0.0367,72.22,60,A 1% price increase leads to a 5.54% decrease in demand. Highly price-sensitive.
23070,EDWARDIAN HEART PHOTO FRAME,General,-5.5134,Highly Elastic,0.0347,0.0721,3.0306,False,4.1566,3.94,4.35,0.0275,8.09,94,A 1% price increase leads to a 5.51% decrease in demand. Highly price-sensitive.
22244,Unknown,General,-5.5081,Highly Elastic,0.0354,0.0168,2.2788,True,1.9107,1.65,2.01,0.0336,12.71,161,A 1% price increase leads to a 5.51% decrease in demand. Highly price-sensitive.
23327,HANGING CLEAR MINI BOTTLE,General,-5.5077,Highly Elastic,0.032,0.1013,3.3244,False,0.6209,0.55,0.65,0.0339,16.38,85,A 1% price increase leads to a 5.51% decrease in demand. Highly price-sensitive.
23280,FOLDING MIRROR HOT PINK ,General,-5.5072,Highly Elastic,0.0349,0.0015,1.7159,True,0.8419,0.72,0.8952,0.033,11.41,287,A 1% price increase leads to a 5.51% decrease in demand. Highly price-sensitive.
84086B,YELLOW/BLUE RETRO RADIO,General,-5.4977,Highly Elastic,0.0388,0.3348,5.5858,False,2.9573,2.8,3.09,0.0324,7.08,26,A 1% price increase leads to a 5.5% decrease in demand. Highly price-sensitive.
72349B,SET/6 PURPLE BUTTERFLY T-LIGHTS,General,-5.4963,Highly Elastic,0.0313,0.0116,2.1569,True,2.0814,1.69,2.18,0.0315,10.62,203,A 1% price increase leads to a 5.5% decrease in demand. Highly price-sensitive.
21709,FOLDING UMBRELLA CHOCOLATE POLKADOT,General,-5.4953,Highly Elastic,0.0184,0.2214,4.4592,False,4.9346,4.71,5.19,0.0245,8.27,83,A 1% price increase leads to a 5.5% decrease in demand. Highly price-sensitive.
22517,CHILDS GARDEN RAKE PINK,General,-5.4801,Highly Elastic,0.02,0.1792,4.048,False,2.0771,1.85,2.19,0.0279,9.66,92,A 1% price increase leads to a 5.48% decrease in demand. Highly price-sensitive.
22189,CREAM HEART CARD HOLDER,General,-5.4798,Highly Elastic,0.0908,0.0,0.6446,True,3.8787,2.3293,6.12,0.0507,15.34,726,A 1% price increase leads to a 5.48% decrease in demand. Highly price-sensitive.
84279P,found,General,-5.4792,Highly Elastic,0.0246,0.033,2.5508,True,3.7267,3.39,3.91,0.0264,8.4,185,A 1% price increase leads to a 5.48% decrease in demand. Highly price-sensitive.
21929,JUMBO BAG PINK VINTAGE PAISLEY,General,-5.4626,Highly Elastic,0.0484,0.0,0.8101,True,2.025,1.65,4.13,0.0479,17.34,897,A 1% price increase leads to a 5.46% decrease in demand. Highly price-sensitive.
22084,Unknown,General,-5.4576,Highly Elastic,0.0261,0.0001,1.4219,True,2.9003,2.55,3.05,0.0294,13.74,552,A 1% price increase leads to a 5.46% decrease in demand. Highly price-sensitive.
23401,RUSTIC MIRROR WITH LACE HEART,General,-5.4529,Highly Elastic,0.079,0.0034,1.8171,True,6.0284,4.2605,6.33,0.046,9.07,107,A 1% price increase leads to a 5.45% decrease in demand. Highly price-sensitive.
22854,Unknown,General,-5.4424,Highly Elastic,0.0306,0.0047,1.9097,True,4.8984,4.25,5.16,0.0282,9.9,259,A 1% price increase leads to a 5.44% decrease in demand. Highly price-sensitive.
22252,BIRDCAGE DECORATION TEALIGHT HOLDER,General,-5.4271,Highly Elastic,0.0205,0.1415,3.6638,False,1.2514,1.19,1.31,0.026,8.6,107,A 1% price increase leads to a 5.43% decrease in demand. Highly price-sensitive.
22375,AIRLINE BAG VINTAGE JET SET BROWN,General,-5.427,Highly Elastic,0.0186,0.0509,2.7632,False,4.2422,3.95,4.45,0.0269,9.45,205,A 1% price increase leads to a 5.43% decrease in demand. Highly price-sensitive.
22585,PACK OF 6 BIRDY GIFT TAGS,General,-5.4233,Highly Elastic,0.0236,0.0003,1.4733,True,1.2627,1.0746,1.492,0.0292,13.29,563,A 1% price increase leads to a 5.42% decrease in demand. Highly price-sensitive.
72127,found box,General,-5.4191,Highly Elastic,0.0228,0.1811,4.0159,False,1.2476,1.19,1.31,0.0259,8.96,80,A 1% price increase leads to a 5.42% decrease in demand. Highly price-sensitive.
20914,SET/5 RED SPOTTY LID GLASS BOWLS,General,-5.4162,Highly Elastic,0.0318,0.0,0.9579,True,2.9501,2.55,3.8967,0.0319,15.67,974,A 1% price increase leads to a 5.42% decrease in demand. Highly price-sensitive.
22467,Unknown,General,-5.4106,Highly Elastic,0.0375,0.0,0.9598,True,2.475,2.1,2.65,0.036,15.6,818,A 1% price increase leads to a 5.41% decrease in demand. Highly price-sensitive.
21562,HAWAIIAN GRASS SKIRT ,General,-5.4012,Highly Elastic,0.048,0.115,3.3685,False,1.2173,1.06,1.27,0.0407,10.83,53,A 1% price increase leads to a 5.4% decrease in demand. Highly price-sensitive.
22202,Unknown,General,-5.4001,Highly Elastic,0.0219,0.4037,6.3815,False,3.7485,3.59,3.92,0.0249,7.47,34,A 1% price increase leads to a 5.4% decrease in demand. Highly price-sensitive.
21731,RED TOADSTOOL LED NIGHT LIGHT,General,-5.3913,Highly Elastic,0.0397,0.0,0.9577,True,1.656,1.2877,3.29,0.047,18.02,769,A 1% price increase leads to a 5.39% decrease in demand. Highly price-sensitive.
23114,VINTAGE LEAF CHOPPING BOARD  ,General,-5.3878,Highly Elastic,0.0353,0.0797,3.0376,False,4.9016,4.3239,5.13,0.03,9.08,88,A 1% price increase leads to a 5.39% decrease in demand. Highly price-sensitive.
21240,BLUE POLKADOT CUP,General,-5.3824,Highly Elastic,0.0344,0.0001,1.3527,True,0.8367,0.72,0.88,0.032,12.64,447,A 1% price increase leads to a 5.38% decrease in demand. Highly price-sensitive.
21523,DOORMAT FANCY FONT HOME SWEET HOME,General,-5.3784,Highly Elastic,0.0909,0.0,0.6402,True,7.7872,4.58,15.79,0.0577,12.85,708,A 1% price increase leads to a 5.38% decrease in demand. Highly price-sensitive.
79190D,RETRO PLASTIC DAISY TRAY,General,-5.3697,Highly Elastic,0.0288,0.1373,3.5754,False,0.4201,0.4,0.44,0.0276,11.03,78,A 1% price increase leads to a 5.37% decrease in demand. Highly price-sensitive.
20719,WOODLAND CHARLOTTE BAG,General,-5.3661,Highly Elastic,0.0273,0.0,1.1655,True,0.8419,0.72,0.89,0.0313,15.73,758,A 1% price increase leads to a 5.37% decrease in demand. Highly price-sensitive.
23013,GLASS APOTHECARY BOTTLE TONIC,General,-5.3573,Highly Elastic,0.04,0.0004,1.4916,True,3.9144,3.45,4.12,0.0326,9.21,312,A 1% price increase leads to a 5.36% decrease in demand. Highly price-sensitive.
22848,AMAZON,General,-5.3542,Highly Elastic,0.0375,0.0019,1.7096,True,16.2755,14.95,17.09,0.0345,8.5,254,A 1% price increase leads to a 5.35% decrease in demand. Highly price-sensitive.
21471,STRAWBERRY RAFFIA FOOD COVER,General,-5.3519,Highly Elastic,0.0367,0.0078,1.9904,True,3.6912,2.95,3.89,0.0337,8.7,192,A 1% price increase leads to a 5.35% decrease in demand. Highly price-sensitive.
46775D,Unknown,General,-5.3371,Highly Elastic,0.0134,0.466,7.2505,False,16.9015,16.11,17.77,0.0246,8.24,42,A 1% price increase leads to a 5.34% decrease in demand. Highly price-sensitive.
22842,BISCUIT TIN VINTAGE RED,General,-5.3315,Highly Elastic,0.0266,0.0053,1.8982,True,6.66,5.95,7.0,0.0296,8.89,291,A 1% price increase leads to a 5.33% decrease in demand. Highly price-sensitive.
85049B,Amazon,General,-5.3314,Highly Elastic,0.0239,0.3678,5.8406,False,1.2494,1.19,1.31,0.0282,8.03,36,A 1% price increase leads to a 5.33% decrease in demand. Highly price-sensitive.
15034,PAPER POCKET TRAVELING FAN ,General,-5.327,Highly Elastic,0.1493,0.0,0.8882,True,0.1346,0.07,0.14,0.0682,28.65,207,A 1% price increase leads to a 5.33% decrease in demand. Highly price-sensitive.
23400,Unknown,General,-5.3267,Highly Elastic,0.0515,0.0021,1.7094,True,6.1831,4.1686,6.5,0.0372,9.66,181,A 1% price increase leads to a 5.33% decrease in demand. Highly price-sensitive.
23032,damages,General,-5.3177,Highly Elastic,0.0225,0.0085,2.0067,True,1.642,1.45,1.7255,0.0274,11.5,307,A 1% price increase leads to a 5.32% decrease in demand. Highly price-sensitive.
23204,CHARLOTTE BAG APPLES DESIGN,General,-5.3174,Highly Elastic,0.0251,0.0,1.2719,True,0.8413,0.72,0.88,0.0306,15.66,680,A 1% price increase leads to a 5.32% decrease in demand. Highly price-sensitive.
85172,check,General,-5.3096,Highly Elastic,0.0178,0.2181,4.2788,False,0.4222,0.4,0.44,0.0254,12.13,87,A 1% price increase leads to a 5.31% decrease in demand. Highly price-sensitive.
22379,RECYCLING BAG RETROSPOT ,General,-5.3051,Highly Elastic,0.0339,0.0,1.1385,True,2.0984,1.85,3.115,0.0369,15.25,621,A 1% price increase leads to a 5.31% decrease in demand. Highly price-sensitive.
37449,CERAMIC CAKE STAND + HANGING CAKES,General,-5.2914,Highly Elastic,0.0369,0.0009,1.5824,True,9.7828,8.5,10.25,0.034,8.77,294,A 1% price increase leads to a 5.29% decrease in demand. Highly price-sensitive.
72128,COLUMBIAN CANDLE ROUND,General,-5.2904,Highly Elastic,0.0543,0.0638,2.8034,False,0.8277,0.64,0.87,0.0414,9.19,64,A 1% price increase leads to a 5.29% decrease in demand. Highly price-sensitive.
22840,ROUND CAKE TIN VINTAGE RED,General,-5.2873,Highly Elastic,0.0251,0.0005,1.5121,True,7.8982,6.95,8.29,0.0284,9.66,477,A 1% price increase leads to a 5.29% decrease in demand. Highly price-sensitive.
85135B,check,General,-5.2826,Highly Elastic,0.0229,0.1111,3.2886,False,7.888,7.55,8.33,0.0282,7.89,112,A 1% price increase leads to a 5.28% decrease in demand. Highly price-sensitive.
23094,LE GRAND TRAY CHIC SET,General,-5.2822,Highly Elastic,0.0176,0.0998,3.1902,False,12.496,11.89,13.12,0.0246,8.67,155,A 1% price increase leads to a 5.28% decrease in demand. Highly price-sensitive.
47591D,Unknown,General,-5.2775,Highly Elastic,0.0366,0.0,1.1469,True,1.9577,1.65,3.04,0.0384,11.77,560,A 1% price increase leads to a 5.28% decrease in demand. Highly price-sensitive.
23020,smashed,General,-5.2735,Highly Elastic,0.0355,0.0247,2.323,True,12.4465,11.3,13.06,0.028,7.01,142,A 1% price increase leads to a 5.27% decrease in demand. Highly price-sensitive.
72051S,Unknown,General,-5.2664,Highly Elastic,0.0214,0.5625,8.9041,False,0.4239,0.4,0.44,0.0282,9.22,18,A 1% price increase leads to a 5.27% decrease in demand. Highly price-sensitive.
20725,LUNCH BAG RED SPOTTY,General,-5.2651,Highly Elastic,0.019,0.0,1.1009,True,1.6538,1.45,1.9138,0.0268,25.19,1180,A 1% price increase leads to a 5.27% decrease in demand. Highly price-sensitive.
22843,BISCUIT TIN VINTAGE GREEN,General,-5.256,Highly Elastic,0.0291,0.0118,2.0704,True,6.6781,5.95,7.0,0.0293,8.15,217,A 1% price increase leads to a 5.26% decrease in demand. Highly price-sensitive.
22033,Unknown,General,-5.2553,Highly Elastic,0.038,0.361,5.6339,False,0.4213,0.4,0.44,0.0315,11.08,24,A 1% price increase leads to a 5.26% decrease in demand. Highly price-sensitive.
20676,RED RETROSPOT BOWL,General,-5.2485,Highly Elastic,0.032,0.0,1.1846,True,1.2338,1.06,1.3212,0.0341,13.87,596,A 1% price increase leads to a 5.25% decrease in demand. Highly price-sensitive.
22601,check,General,-5.2447,Highly Elastic,0.0393,0.0007,1.536,True,0.8663,0.72,1.24,0.0402,14.44,287,A 1% price increase leads to a 5.24% decrease in demand. Highly price-sensitive.
22774,RED DRAWER KNOB ACRYLIC EDWARDIAN,General,-5.244,Highly Elastic,0.0323,0.0105,2.0288,True,1.2492,1.06,1.49,0.0331,11.99,202,A 1% price increase leads to a 5.24% decrease in demand. Highly price-sensitive.
23161,REGENCY CAKE FORK,General,-5.2325,Highly Elastic,0.0466,0.0122,2.0601,True,1.215,1.04,1.27,0.0382,11.99,134,A 1% price increase leads to a 5.23% decrease in demand. Highly price-sensitive.
72741,GRAND CHOCOLATECANDLE,General,-5.2325,Highly Elastic,0.0304,0.0002,1.3911,True,1.427,1.25,1.5,0.0328,14.91,454,A 1% price increase leads to a 5.23% decrease in demand. Highly price-sensitive.
22772,PINK DRAWER KNOB ACRYLIC EDWARDIAN,General,-5.2299,Highly Elastic,0.0345,0.0005,1.4955,True,1.2466,0.8735,1.49,0.032,11.56,344,A 1% price increase leads to a 5.23% decrease in demand. Highly price-sensitive.
22875,NUMBER TILE COTTAGE GARDEN 7,General,-5.2231,Highly Elastic,0.0671,0.3153,5.0277,False,1.9524,1.86,2.04,0.0323,9.94,17,A 1% price increase leads to a 5.22% decrease in demand. Highly price-sensitive.
20771,CHRYSANTHEMUM  JOURNAL,General,-5.2209,Highly Elastic,0.0145,0.4257,6.493,False,2.5352,2.42,2.66,0.025,9.74,46,A 1% price increase leads to a 5.22% decrease in demand. Highly price-sensitive.
22659,LUNCH BOX I LOVE LONDON,General,-5.2179,Highly Elastic,0.0472,0.0,0.8563,True,1.9301,1.65,4.13,0.0531,17.43,751,A 1% price increase leads to a 5.22% decrease in demand. Highly price-sensitive.
22301,COFFEE MUG CAT + BIRD DESIGN,General,-5.2148,Highly Elastic,0.0829,0.0,0.8934,True,2.497,1.12,2.63,0.0422,11.66,379,A 1% price increase leads to a 5.21% decrease in demand. Highly price-sensitive.
22112,CHOCOLATE HOT WATER BOTTLE,General,-5.196,Highly Elastic,0.0248,0.0,1.0807,True,4.8769,4.25,5.5989,0.03,15.78,912,A 1% price increase leads to a 5.2% decrease in demand. Highly price-sensitive.
23567,EGG CUP HENRIETTA HEN PINK,General,-5.1955,Highly Elastic,0.0318,0.2912,4.8482,False,1.257,1.19,1.31,0.026,9.11,37,A 1% price increase leads to a 5.2% decrease in demand. Highly price-sensitive.
23346,SPACEBOY BEAKER,General,-5.1918,Highly Elastic,0.0245,0.0092,1.98,True,1.2448,1.0896,1.31,0.0291,11.83,276,A 1% price increase leads to a 5.19% decrease in demand. Highly price-sensitive.
22440,BALLOON WATER BOMB PACK OF 35,General,-5.1862,Highly Elastic,0.0238,0.0047,1.8208,True,0.4176,0.36,0.44,0.0311,18.33,335,A 1% price increase leads to a 5.19% decrease in demand. Highly price-sensitive.
22857,sold as set on dotcom,General,-5.1842,Highly Elastic,0.022,0.0935,3.0678,False,0.837,0.72,0.88,0.0299,13.98,129,A 1% price increase leads to a 5.18% decrease in demand. Highly price-sensitive.
21937,found,General,-5.1777,Highly Elastic,0.0239,0.0022,1.6817,True,2.9277,2.55,3.07,0.0293,11.9,389,A 1% price increase leads to a 5.18% decrease in demand. Highly price-sensitive.
22412,Unknown,General,-5.1693,Highly Elastic,0.0232,0.0066,1.8911,True,2.0956,1.85,2.2,0.0278,9.9,317,A 1% price increase leads to a 5.17% decrease in demand. Highly price-sensitive.
20934,Unknown,General,-5.1666,Highly Elastic,0.03,0.3603,5.5552,False,5.4154,5.19,5.72,0.0297,6.97,30,A 1% price increase leads to a 5.17% decrease in demand. Highly price-sensitive.
22957,SET 3 PAPER VINTAGE CHICK PAPER EGG,General,-5.1548,Highly Elastic,0.025,0.0036,1.7577,True,2.9306,2.55,3.07,0.0296,10.29,338,A 1% price increase leads to a 5.15% decrease in demand. Highly price-sensitive.
22867,Unknown,General,-5.1495,Highly Elastic,0.0195,0.0001,1.287,True,2.0935,1.85,2.2,0.0287,17.7,807,A 1% price increase leads to a 5.15% decrease in demand. Highly price-sensitive.
20867,?,General,-5.1485,Highly Elastic,0.0305,0.1483,3.5209,False,1.2306,1.06,1.29,0.0305,8.43,70,A 1% price increase leads to a 5.15% decrease in demand. Highly price-sensitive.
84800L,Unknown,General,-5.1395,Highly Elastic,0.1051,0.0079,1.8744,True,1.924,1.69,2.12,0.0562,9.77,66,A 1% price increase leads to a 5.14% decrease in demand. Highly price-sensitive.
23252,ENAMEL JUG PANTRY,General,-5.1392,Highly Elastic,0.0222,0.0459,2.5567,True,3.7179,3.3557,3.92,0.0268,8.93,180,A 1% price increase leads to a 5.14% decrease in demand. Highly price-sensitive.
21250,SET OF SKULL WALL STICKERS,General,-5.1368,Highly Elastic,0.0522,0.283,4.6679,False,2.8737,2.55,3.02,0.0369,7.83,24,A 1% price increase leads to a 5.14% decrease in demand. Highly price-sensitive.
22849,"BREAD BIN, DINER STYLE, MINT",General,-5.1304,Highly Elastic,0.0332,0.0038,1.7574,True,16.1534,14.95,16.95,0.0344,9.69,250,A 1% price increase leads to a 5.13% decrease in demand. Highly price-sensitive.
21422,Unknown,General,-5.1273,Highly Elastic,0.134,0.0004,1.3893,True,0.8889,0.72,1.63,0.0958,13.81,90,A 1% price increase leads to a 5.13% decrease in demand. Highly price-sensitive.
90119,METALIC LEAVES BAG CHARMS,General,-5.1226,Highly Elastic,0.0159,0.4377,6.5316,False,2.5075,2.41,2.61,0.0256,8.82,40,A 1% price increase leads to a 5.12% decrease in demand. Highly price-sensitive.
23360,SET 8 CANDLES VINTAGE DOILY,General,-5.1215,Highly Elastic,0.0287,0.0168,2.1242,True,1.9265,1.65,2.03,0.0301,10.42,199,A 1% price increase leads to a 5.12% decrease in demand. Highly price-sensitive.
21248,DOOR HANGER  MUM + DADS ROOM,General,-5.114,Highly Elastic,0.0221,0.1441,3.4729,False,1.4508,1.38,1.52,0.0275,7.62,98,A 1% price increase leads to a 5.11% decrease in demand. Highly price-sensitive.
21719,LOVELY BONBON STICKER SHEET,General,-5.1136,Highly Elastic,0.0195,0.2292,4.218,False,0.8511,0.81,0.89,0.0256,9.82,76,A 1% price increase leads to a 5.11% decrease in demand. Highly price-sensitive.
22114,Unknown,General,-5.1088,Highly Elastic,0.0232,0.0,1.2096,True,4.1637,3.5643,4.45,0.0294,15.15,754,A 1% price increase leads to a 5.11% decrease in demand. Highly price-sensitive.
20997,ROSE DU SUD CUSHION COVER ,General,-5.1066,Highly Elastic,0.0461,0.325,5.0671,False,4.9409,4.72,5.17,0.0323,8.17,23,A 1% price increase leads to a 5.11% decrease in demand. Highly price-sensitive.
23284,Unknown,General,-5.1017,Highly Elastic,0.0417,0.0,0.8431,True,7.8661,4.733,9.0645,0.0366,16.93,844,A 1% price increase leads to a 5.1% decrease in demand. Highly price-sensitive.
21166,?,General,-5.0946,Highly Elastic,0.026,0.0,1.0316,True,2.0308,1.4961,2.3708,0.0319,17.66,916,A 1% price increase leads to a 5.09% decrease in demand. Highly price-sensitive.
15058B,Unknown,General,-5.0882,Highly Elastic,0.0298,0.1015,3.0751,False,7.8521,6.75,8.19,0.0321,8.07,91,A 1% price increase leads to a 5.09% decrease in demand. Highly price-sensitive.
23413,DECORATIVE VINTAGE COFFEE  BOX,General,-5.086,Highly Elastic,0.0359,0.1107,3.1483,False,4.8622,4.15,5.08,0.0335,7.94,72,A 1% price increase leads to a 5.09% decrease in demand. Highly price-sensitive.
20749,ASSORTED COLOUR MINI CASES,General,-5.0755,Highly Elastic,0.0349,0.0,1.0434,True,7.7851,6.35,8.18,0.0344,10.74,656,A 1% price increase leads to a 5.08% decrease in demand. Highly price-sensitive.
21666,RIDGED GLASS T-LIGHT HOLDER,General,-5.0713,Highly Elastic,0.025,0.1006,3.0623,False,0.6496,0.62,0.68,0.0278,11.02,109,A 1% price increase leads to a 5.07% decrease in demand. Highly price-sensitive.
15056P,EDWARDIAN PARASOL PINK,General,-5.048,Highly Elastic,0.0342,0.0038,1.7286,True,5.8672,4.6,6.15,0.0347,9.62,243,A 1% price increase leads to a 5.05% decrease in demand. Highly price-sensitive.
23121,PACK OF 6 COCKTAIL PARASOL STRAWS,General,-5.0427,Highly Elastic,0.022,0.0934,2.9828,False,0.4177,0.36,0.44,0.0292,11.72,129,A 1% price increase leads to a 5.04% decrease in demand. Highly price-sensitive.
22363,GLASS JAR MARMALADE ,General,-5.0193,Highly Elastic,0.0188,0.0841,2.8871,False,2.9428,2.55,3.08,0.0271,8.47,160,A 1% price increase leads to a 5.02% decrease in demand. Highly price-sensitive.
22713,CARD I LOVE LONDON ,General,-5.0176,Highly Elastic,0.0244,0.0077,1.871,True,0.4159,0.36,0.44,0.0315,13.7,289,A 1% price increase leads to a 5.02% decrease in demand. Highly price-sensitive.
21609,Unknown,General,-5.0173,Highly Elastic,0.0323,0.0288,2.2728,True,2.9124,2.55,3.05,0.0333,9.4,148,A 1% price increase leads to a 5.02% decrease in demand. Highly price-sensitive.
22522,check,General,-5.0168,Highly Elastic,0.0194,0.0416,2.4474,True,0.8467,0.72,0.89,0.0278,10.38,214,A 1% price increase leads to a 5.02% decrease in demand. Highly price-sensitive.
20998,Unknown,General,-5.0005,Highly Elastic,0.0233,0.1634,3.556,False,2.9465,2.8,3.09,0.0279,8.71,85,A 1% price increase leads to a 5.0% decrease in demand. Highly price-sensitive.
23250,ENAMEL BOWL PANTRY,General,-4.993,Highly Elastic,0.0256,0.0421,2.437,True,1.236,1.04,1.31,0.03,9.89,162,A 1% price increase leads to a 4.99% decrease in demand. Highly price-sensitive.
23233,WRAP POPPIES  DESIGN,General,-4.9671,Highly Elastic,0.0168,0.0342,2.3336,True,0.4186,0.34,0.44,0.0278,17.23,267,A 1% price increase leads to a 4.97% decrease in demand. Highly price-sensitive.
23040,PAPER LANTERN 9 POINT SNOW STAR,General,-4.9658,Highly Elastic,0.0239,0.0944,2.9442,False,5.7337,4.95,6.0,0.0296,9.64,118,A 1% price increase leads to a 4.97% decrease in demand. Highly price-sensitive.
84755,COLOUR GLASS T-LIGHT HOLDER HANGING,General,-4.9606,Highly Elastic,0.0268,0.0,1.0467,True,0.6469,0.55,0.945,0.0361,20.66,816,A 1% price increase leads to a 4.96% decrease in demand. Highly price-sensitive.
22720,Unknown,General,-4.9491,Highly Elastic,0.0213,0.0,1.0179,True,4.931,4.25,6.0731,0.0282,17.64,1088,A 1% price increase leads to a 4.95% decrease in demand. Highly price-sensitive.
85230B,CINNAMON SCENTED VOTIVE CANDLE,General,-4.9417,Highly Elastic,0.0461,0.0286,2.225,True,0.2808,0.21,0.3,0.0461,13.56,104,A 1% price increase leads to a 4.94% decrease in demand. Highly price-sensitive.
23432,PRETTY HANGING QUILTED HEARTS,General,-4.9394,Highly Elastic,0.0215,0.0887,2.8801,False,0.8266,0.742,0.87,0.0291,12.62,136,A 1% price increase leads to a 4.94% decrease in demand. Highly price-sensitive.
21506,"FANCY FONT BIRTHDAY CARD, ",General,-4.9241,Highly Elastic,0.0222,0.001,1.4886,True,0.418,0.36,0.44,0.0287,14.08,484,A 1% price increase leads to a 4.92% decrease in demand. Highly price-sensitive.
23336,EGG FRYING PAN PINK ,General,-4.9237,Highly Elastic,0.0182,0.1685,3.5504,False,2.0834,1.98,2.18,0.0272,9.23,106,A 1% price increase leads to a 4.92% decrease in demand. Highly price-sensitive.
21157,RED RETROSPOT WASHBAG,General,-4.9201,Highly Elastic,0.0215,0.3249,4.9433,False,2.0934,2.0,2.2,0.0261,6.66,47,A 1% price increase leads to a 4.92% decrease in demand. Highly price-sensitive.
23199,JUMBO BAG APPLES,General,-4.9159,Highly Elastic,0.0182,0.0,1.2015,True,2.064,1.8047,2.17,0.0284,18.5,906,A 1% price increase leads to a 4.92% decrease in demand. Highly price-sensitive.
84279B,CHERRY BLOSSOM DECORATIVE FLASK,General,-4.9052,Highly Elastic,0.0241,0.0804,2.7828,False,3.7246,3.39,3.92,0.0264,7.65,128,A 1% price increase leads to a 4.91% decrease in demand. Highly price-sensitive.
23215,JINGLE BELL HEART ANTIQUE SILVER,General,-4.8984,Highly Elastic,0.035,0.0002,1.2929,True,2.112,1.79,2.9911,0.0383,13.32,398,A 1% price increase leads to a 4.9% decrease in demand. Highly price-sensitive.
23460,SWEETHEART WALL TIDY ,General,-4.892,Highly Elastic,0.0331,0.1087,3.0142,False,9.759,7.84,10.28,0.0351,10.14,79,A 1% price increase leads to a 4.89% decrease in demand. Highly price-sensitive.
20971,PINK BLUE FELT CRAFT TRINKET BOX,General,-4.8913,Highly Elastic,0.0362,0.0,0.9208,True,1.2653,1.06,2.46,0.0456,18.24,754,A 1% price increase leads to a 4.89% decrease in demand. Highly price-sensitive.
23229,DONKEY TAIL GAME ,General,-4.8878,Highly Elastic,0.0308,0.0004,1.3598,True,3.7903,2.7069,3.99,0.0322,11.54,409,A 1% price increase leads to a 4.89% decrease in demand. Highly price-sensitive.
21165,check,General,-4.8818,Highly Elastic,0.0233,0.0001,1.2462,True,1.6695,1.45,1.75,0.03,12.84,645,A 1% price increase leads to a 4.88% decrease in demand. Highly price-sensitive.
22855,Unknown,General,-4.8802,Highly Elastic,0.0188,0.0079,1.8272,True,1.2457,1.098,1.3,0.0277,12.87,374,A 1% price increase leads to a 4.88% decrease in demand. Highly price-sensitive.
23536,WALL ART VILLAGE SHOW ,General,-4.8777,Highly Elastic,0.0459,0.0036,1.6528,True,5.828,3.88,6.14,0.0375,11.65,183,A 1% price increase leads to a 4.88% decrease in demand. Highly price-sensitive.
82583,amazon,General,-4.8766,Highly Elastic,0.0252,0.0,1.1682,True,2.0719,1.5221,2.3812,0.0321,15.22,675,A 1% price increase leads to a 4.88% decrease in demand. Highly price-sensitive.
84984B,RED PEONY CUSHION COVER ,General,-4.8606,Highly Elastic,0.018,0.4962,7.0429,False,4.673,4.5,4.86,0.0248,7.11,28,A 1% price increase leads to a 4.86% decrease in demand. Highly price-sensitive.
23074,EMBOSSED HEART TRINKET BOX,General,-4.8599,Highly Elastic,0.0168,0.332,4.9664,False,2.0789,1.98,2.18,0.0254,7.95,58,A 1% price increase leads to a 4.86% decrease in demand. Highly price-sensitive.
72801C,check,General,-4.8597,Highly Elastic,0.0276,0.3053,4.6762,False,1.2245,1.06,1.27,0.0315,10.3,40,A 1% price increase leads to a 4.86% decrease in demand. Highly price-sensitive.
23166,MEDIUM CERAMIC TOP STORAGE JAR,General,-4.8589,Highly Elastic,0.0306,0.0017,1.5324,True,1.222,1.04,1.28,0.0353,11.67,321,A 1% price increase leads to a 4.86% decrease in demand. Highly price-sensitive.
22029,SPACEBOY BIRTHDAY CARD,General,-4.8573,Highly Elastic,0.0631,0.0,0.7463,True,0.4221,0.36,0.83,0.0625,14.2,631,A 1% price increase leads to a 4.86% decrease in demand. Highly price-sensitive.
84879,damaged,General,-4.8527,Highly Elastic,0.0128,0.0001,1.2322,True,1.6789,1.4515,1.76,0.0254,33.52,1197,A 1% price increase leads to a 4.85% decrease in demand. Highly price-sensitive.
47570B,Unknown,General,-4.8523,Highly Elastic,0.0131,0.3241,4.8878,False,10.6729,10.15,11.15,0.0267,10.83,76,A 1% price increase leads to a 4.85% decrease in demand. Highly price-sensitive.
21428,SET3 BOOK BOX GREEN GINGHAM FLOWER ,General,-4.8484,Highly Elastic,0.0273,0.0018,1.5405,True,4.1861,3.75,4.39,0.0302,10.23,355,A 1% price increase leads to a 4.85% decrease in demand. Highly price-sensitive.
23515,EMBROIDERED RIBBON REEL DAISY ,General,-4.8481,Highly Elastic,0.0204,0.0971,2.9013,False,2.0708,1.8157,2.17,0.0299,11.74,136,A 1% price increase leads to a 4.85% decrease in demand. Highly price-sensitive.
22426,check,General,-4.8273,Highly Elastic,0.0495,0.0001,1.1954,True,3.6224,2.95,3.8,0.0422,9.37,315,A 1% price increase leads to a 4.83% decrease in demand. Highly price-sensitive.
48185,?,General,-4.8228,Highly Elastic,0.0895,0.0,0.7172,True,7.8449,4.58,15.79,0.068,12.78,462,A 1% price increase leads to a 4.82% decrease in demand. Highly price-sensitive.
85066,CREAM SWEETHEART MINI CHEST,General,-4.8226,Highly Elastic,0.0238,0.0,1.1657,True,12.6229,10.95,13.25,0.0297,12.06,705,A 1% price increase leads to a 4.82% decrease in demand. Highly price-sensitive.
23543,WALL ART KEEP CALM ,General,-4.82,Highly Elastic,0.0959,0.0,0.9718,True,7.6553,4.15,8.25,0.0523,13.84,234,A 1% price increase leads to a 4.82% decrease in demand. Highly price-sensitive.
23513,EMBROIDERED RIBBON REEL SUSIE ,General,-4.8193,Highly Elastic,0.021,0.0736,2.6748,False,2.0754,1.8088,2.17,0.0274,9.38,153,A 1% price increase leads to a 4.82% decrease in demand. Highly price-sensitive.
20941,Unknown,General,-4.8129,Highly Elastic,0.0216,0.2755,4.3698,False,1.2523,1.19,1.31,0.0301,7.23,57,A 1% price increase leads to a 4.81% decrease in demand. Highly price-sensitive.
23177,TREASURE ISLAND BOOK BOX,General,-4.8101,Highly Elastic,0.0209,0.0047,1.6921,True,2.233,1.95,2.35,0.0297,12.91,380,A 1% price increase leads to a 4.81% decrease in demand. Highly price-sensitive.
23296,SET OF 6 TEA TIME BAKING CASES,General,-4.8065,Highly Elastic,0.0206,0.002,1.5439,True,1.2342,1.04,1.3,0.0299,14.27,463,A 1% price increase leads to a 4.81% decrease in demand. Highly price-sensitive.
23308,SET OF 60 VINTAGE LEAF CAKE CASES ,General,-4.7924,Highly Elastic,0.0381,0.0,1.112,True,0.5616,0.4204,0.9,0.0442,15.4,471,A 1% price increase leads to a 4.79% decrease in demand. Highly price-sensitive.
22169,FAMILY ALBUM WHITE PICTURE FRAME,General,-4.7904,Highly Elastic,0.0233,0.0005,1.3571,True,8.2834,7.65,8.72,0.0308,11.37,524,A 1% price increase leads to a 4.79% decrease in demand. Highly price-sensitive.
23547,WRAP FLOWER SHOP  ,General,-4.7899,Highly Elastic,0.0164,0.1745,3.5049,False,0.4206,0.4,0.44,0.0262,13.75,114,A 1% price increase leads to a 4.79% decrease in demand. Highly price-sensitive.
22841,ROUND CAKE TIN VINTAGE GREEN,General,-4.7863,Highly Elastic,0.0231,0.0024,1.565,True,7.8135,6.95,8.21,0.03,9.28,397,A 1% price increase leads to a 4.79% decrease in demand. Highly price-sensitive.
21812,GARLAND WITH HEARTS AND BELLS,General,-4.7815,Highly Elastic,0.0214,0.2206,3.8686,False,4.9182,4.25,5.13,0.0309,9.38,72,A 1% price increase leads to a 4.78% decrease in demand. Highly price-sensitive.
21213,PACK OF 72 SKULL CAKE CASES,General,-4.7728,Highly Elastic,0.0265,0.0,1.0707,True,0.5422,0.4,0.57,0.0351,17.09,733,A 1% price increase leads to a 4.77% decrease in demand. Highly price-sensitive.
84823,Unknown,General,-4.7726,Highly Elastic,0.02,0.51,7.1254,False,7.9429,7.61,8.29,0.0251,9.46,24,A 1% price increase leads to a 4.77% decrease in demand. Highly price-sensitive.
22832,BROCANTE SHELF WITH HOOKS,General,-4.7667,Highly Elastic,0.0137,0.2103,3.7835,False,10.7441,10.23,11.29,0.0244,8.47,116,A 1% price increase leads to a 4.77% decrease in demand. Highly price-sensitive.
22661,CHARLOTTE BAG DOLLY GIRL DESIGN,General,-4.7562,Highly Elastic,0.0246,0.0002,1.2476,True,0.8391,0.72,0.88,0.0302,13.27,579,A 1% price increase leads to a 4.76% decrease in demand. Highly price-sensitive.
22690,DOORMAT HOME SWEET HOME BLUE ,General,-4.7519,Highly Elastic,0.0473,0.0,0.9143,True,7.8369,4.58,8.25,0.0413,11.68,546,A 1% price increase leads to a 4.75% decrease in demand. Highly price-sensitive.
22148,EASTER CRAFT 4 CHICKS ,General,-4.7476,Highly Elastic,0.0209,0.0105,1.8436,True,1.947,1.65,2.04,0.0277,11.75,312,A 1% price increase leads to a 4.75% decrease in demand. Highly price-sensitive.
20866,?,General,-4.7474,Highly Elastic,0.0577,0.0094,1.7968,True,1.2814,1.06,1.855,0.0553,8.69,116,A 1% price increase leads to a 4.75% decrease in demand. Highly price-sensitive.
22418,10 COLOUR SPACEBOY PEN,General,-4.7394,Highly Elastic,0.0154,0.0066,1.7357,True,0.8591,0.72,1.006,0.0279,14.93,480,A 1% price increase leads to a 4.74% decrease in demand. Highly price-sensitive.
22792,damages,General,-4.7291,Highly Elastic,0.0294,0.0042,1.6389,True,0.8657,0.72,1.045,0.0354,11.96,277,A 1% price increase leads to a 4.73% decrease in demand. Highly price-sensitive.
23534,WALL ART STOP FOR TEA ,General,-4.7237,Highly Elastic,0.0311,0.0003,1.2978,True,5.8534,3.9741,6.15,0.0348,12.01,415,A 1% price increase leads to a 4.72% decrease in demand. Highly price-sensitive.
20653,CHERRY BLOSSOM LUGGAGE TAG,General,-4.7185,Highly Elastic,0.2433,0.0271,1.9616,True,1.6765,1.25,2.46,0.1255,14.95,20,A 1% price increase leads to a 4.72% decrease in demand. Highly price-sensitive.
47591B,Unknown,General,-4.7131,Highly Elastic,0.0113,0.5076,7.0482,False,1.6517,1.57,1.72,0.0252,10.66,41,A 1% price increase leads to a 4.71% decrease in demand. Highly price-sensitive.
22952,72 CAKE CASES VINTAGE CHRISTMAS,General,-4.7129,Highly Elastic,0.0218,0.0001,1.1741,True,0.5436,0.42,0.57,0.0329,18.3,726,A 1% price increase leads to a 4.71% decrease in demand. Highly price-sensitive.
22635,CHILDS BREAKFAST SET DOLLY GIRL ,General,-4.6986,Highly Elastic,0.0309,0.0018,1.495,True,9.7605,8.5,10.27,0.0332,9.52,312,A 1% price increase leads to a 4.7% decrease in demand. Highly price-sensitive.
22456,NATURAL SLATE CHALKBOARD LARGE ,General,-4.6957,Highly Elastic,0.0227,0.0004,1.3074,True,4.8731,4.25,5.13,0.0303,10.91,557,A 1% price increase leads to a 4.7% decrease in demand. Highly price-sensitive.
85187,S/12 MINI RABBIT EASTER,General,-4.695,Highly Elastic,0.0176,0.1218,3.0151,False,1.6443,1.45,1.72,0.026,9.71,137,A 1% price increase leads to a 4.7% decrease in demand. Highly price-sensitive.
20668,DISCO BALL CHRISTMAS DECORATION,General,-4.684,Highly Elastic,0.0234,0.0054,1.6735,True,0.1174,0.1,0.12,0.0396,26.27,329,A 1% price increase leads to a 4.68% decrease in demand. Highly price-sensitive.
23084,website fixed,General,-4.6802,Highly Elastic,0.0268,0.0,0.9296,True,2.0198,1.79,4.13,0.0449,23.99,923,A 1% price increase leads to a 4.68% decrease in demand. Highly price-sensitive.
23288,check,General,-4.6798,Highly Elastic,0.0219,0.0202,2.0012,True,0.841,0.72,0.89,0.0296,11.16,246,A 1% price increase leads to a 4.68% decrease in demand. Highly price-sensitive.
84706F,RED PEONY TABLE CLOCK,General,-4.6683,Highly Elastic,0.0116,0.7026,11.9605,False,2.9207,2.83,3.07,0.0268,9.13,15,A 1% price increase leads to a 4.67% decrease in demand. Highly price-sensitive.
21498,RED RETROSPOT WRAP ,General,-4.6667,Highly Elastic,0.0162,0.0017,1.4826,True,0.4177,0.34,0.44,0.0297,18.77,604,A 1% price increase leads to a 4.67% decrease in demand. Highly price-sensitive.
21207,SKULL AND CROSSBONES  GARLAND ,General,-4.6486,Highly Elastic,0.019,0.0437,2.2912,True,1.6397,1.45,1.72,0.029,10.29,215,A 1% price increase leads to a 4.65% decrease in demand. Highly price-sensitive.
22385,JUMBO BAG SPACEBOY DESIGN,General,-4.6429,Highly Elastic,0.0235,0.0,1.0528,True,2.0097,1.65,2.1288,0.0324,16.4,809,A 1% price increase leads to a 4.64% decrease in demand. Highly price-sensitive.
23048,SET OF 10 LANTERNS FAIRY LIGHT STAR,General,-4.6414,Highly Elastic,0.0185,0.0612,2.465,False,4.1441,3.75,4.35,0.0278,11.23,190,A 1% price increase leads to a 4.64% decrease in demand. Highly price-sensitive.
23008,DOLLY GIRL BABY GIFT SET,General,-4.6343,Highly Elastic,0.0256,0.0141,1.8729,True,16.3575,14.95,17.19,0.0331,9.4,235,A 1% price increase leads to a 4.63% decrease in demand. Highly price-sensitive.
22328,ROUND SNACK BOXES SET OF 4 FRUITS ,General,-4.633,Highly Elastic,0.0179,0.0003,1.2672,True,2.9221,2.55,3.07,0.0286,15.76,736,A 1% price increase leads to a 4.63% decrease in demand. Highly price-sensitive.
47599A,PINK PARTY BAGS,General,-4.6316,Highly Elastic,0.0228,0.0044,1.6173,True,2.0826,1.7064,2.19,0.0301,10.75,353,A 1% price increase leads to a 4.63% decrease in demand. Highly price-sensitive.
22530,MAGIC DRAWING SLATE DOLLY GIRL ,General,-4.6255,Highly Elastic,0.0178,0.0116,1.8222,True,0.4179,0.36,0.44,0.0294,11.96,358,A 1% price increase leads to a 4.63% decrease in demand. Highly price-sensitive.
21469,POLKA DOT RAFFIA FOOD COVER,General,-4.6214,Highly Elastic,0.0134,0.091,2.722,False,3.7476,3.56,3.93,0.0251,8.5,214,A 1% price increase leads to a 4.62% decrease in demand. Highly price-sensitive.
22492,MINI PAINT SET VINTAGE ,General,-4.6193,Highly Elastic,0.0564,0.0,0.8101,True,0.6597,0.55,1.63,0.0949,32.74,546,A 1% price increase leads to a 4.62% decrease in demand. Highly price-sensitive.
22561,WOODEN SCHOOL COLOURING SET,General,-4.6109,Highly Elastic,0.0171,0.0007,1.36,True,1.647,1.45,1.73,0.0281,14.23,661,A 1% price increase leads to a 4.61% decrease in demand. Highly price-sensitive.
85178,VICTORIAN SEWING KIT,General,-4.6048,Highly Elastic,0.0418,0.006,1.6563,True,1.2643,0.8944,1.734,0.0443,11.46,179,A 1% price increase leads to a 4.6% decrease in demand. Highly price-sensitive.
22777,Unknown,General,-4.6044,Highly Elastic,0.0257,0.109,2.8469,False,8.2804,7.65,8.74,0.0317,8.12,101,A 1% price increase leads to a 4.6% decrease in demand. Highly price-sensitive.
48116,Unknown,General,-4.604,Highly Elastic,0.0969,0.0,0.8195,True,7.721,4.58,15.79,0.0762,10.34,296,A 1% price increase leads to a 4.6% decrease in demand. Highly price-sensitive.
23313,VINTAGE CHRISTMAS BUNTING,General,-4.5994,Highly Elastic,0.0195,0.0006,1.334,True,4.8994,4.2093,5.15,0.0294,13.57,600,A 1% price increase leads to a 4.6% decrease in demand. Highly price-sensitive.
23424,GINGHAM RECIPE BOOK BOX,General,-4.5957,Highly Elastic,0.018,0.0562,2.3926,False,4.9582,4.7,5.2,0.0259,9.87,203,A 1% price increase leads to a 4.6% decrease in demand. Highly price-sensitive.
21215,IVORY PAPER CUP CAKE CASES ,General,-4.592,Highly Elastic,0.026,0.0738,2.5464,False,0.5438,0.42,0.57,0.0343,11.1,124,A 1% price increase leads to a 4.59% decrease in demand. Highly price-sensitive.
23474,WOODLAND SMALL BLUE FELT HEART,General,-4.574,Highly Elastic,0.014,0.351,4.8673,False,0.8266,0.79,0.87,0.0262,9.95,64,A 1% price increase leads to a 4.57% decrease in demand. Highly price-sensitive.
21468,BUTTERFLY CROCHET FOOD COVER,General,-4.5634,Highly Elastic,0.0165,0.1777,3.3643,False,3.7588,3.57,3.94,0.0282,10.06,112,A 1% price increase leads to a 4.56% decrease in demand. Highly price-sensitive.
85127,found,General,-4.5567,Highly Elastic,0.0175,0.3219,4.5595,False,4.9348,4.7,5.19,0.0255,9.1,58,A 1% price increase leads to a 4.56% decrease in demand. Highly price-sensitive.
71477,COLOURED GLASS STAR T-LIGHT HOLDER,General,-4.5549,Highly Elastic,0.0633,0.0,0.7562,True,3.4776,2.75,6.63,0.0638,14.44,539,A 1% price increase leads to a 4.55% decrease in demand. Highly price-sensitive.
23471,SIX DRAWER OFFICE TIDY,General,-4.554,Highly Elastic,0.0297,0.1451,3.091,False,9.7749,8.25,10.28,0.0345,8.3,73,A 1% price increase leads to a 4.55% decrease in demand. Highly price-sensitive.
22859,EASTER TIN BUNNY BOUQUET,General,-4.5534,Highly Elastic,0.0164,0.0271,2.0506,True,1.6498,1.47,1.73,0.0268,10.23,298,A 1% price increase leads to a 4.55% decrease in demand. Highly price-sensitive.
85136C,damages,General,-4.5509,Highly Elastic,0.0121,0.493,6.5763,False,7.927,7.57,8.29,0.024,6.49,41,A 1% price increase leads to a 4.55% decrease in demand. Highly price-sensitive.
22927,Amazon,General,-4.5505,Highly Elastic,0.0181,0.0163,1.885,True,5.907,4.95,6.21,0.0287,8.83,318,A 1% price increase leads to a 4.55% decrease in demand. Highly price-sensitive.
48184,DOORMAT ENGLISH ROSE ,General,-4.5439,Highly Elastic,0.0272,0.0,1.0587,True,7.7471,6.75,8.25,0.0354,11.72,660,A 1% price increase leads to a 4.54% decrease in demand. Highly price-sensitive.
21535,RED RETROSPOT SMALL MILK JUG,General,-4.5438,Highly Elastic,0.02,0.0015,1.4227,True,2.5273,2.1,2.66,0.0295,11.52,503,A 1% price increase leads to a 4.54% decrease in demand. Highly price-sensitive.
85028S,FRENCH CHATEAU SMALL FRUITBOWL,General,-4.5403,Highly Elastic,0.0181,0.4868,6.4398,False,1.9241,1.85,2.04,0.0298,7.24,29,A 1% price increase leads to a 4.54% decrease in demand. Highly price-sensitive.
22354,RETROSPOT PADDED SEAT CUSHION,General,-4.5343,Highly Elastic,0.0961,0.0003,1.206,True,3.8138,3.39,7.46,0.0882,10.83,135,A 1% price increase leads to a 4.53% decrease in demand. Highly price-sensitive.
22971,QUEENS GUARD COFFEE MUG,General,-4.5342,Highly Elastic,0.0266,0.0016,1.4301,True,2.534,2.1,2.8713,0.0343,11.24,370,A 1% price increase leads to a 4.53% decrease in demand. Highly price-sensitive.
22304,COFFEE MUG BLUE PAISLEY DESIGN,General,-4.5281,Highly Elastic,0.1215,0.0004,1.2365,True,2.4516,1.1772,2.57,0.0624,14.1,99,A 1% price increase leads to a 4.53% decrease in demand. Highly price-sensitive.
22961,JAM MAKING SET PRINTED,General,-4.512,Highly Elastic,0.0179,0.0,1.0353,True,1.4644,1.25,1.9808,0.0318,21.36,1043,A 1% price increase leads to a 4.51% decrease in demand. Highly price-sensitive.
84952A,CLEAR LOVE BIRD T-LIGHT HOLDER,General,-4.5073,Highly Elastic,0.0243,0.5237,6.9234,False,3.7368,3.57,3.9,0.0327,8.26,19,A 1% price increase leads to a 4.51% decrease in demand. Highly price-sensitive.
23000,TRAVEL CARD WALLET TRANSPORT,General,-4.5067,Highly Elastic,0.0158,0.0244,1.9933,True,0.4206,0.4,0.44,0.0286,11.63,321,A 1% price increase leads to a 4.51% decrease in demand. Highly price-sensitive.
23155,sold as set on dotcom,General,-4.4993,Highly Elastic,0.0207,0.0387,2.1628,True,0.8166,0.72,0.86,0.0303,13.53,207,A 1% price increase leads to a 4.5% decrease in demand. Highly price-sensitive.
23090,missing,General,-4.4934,Highly Elastic,0.0525,0.0001,1.1453,True,0.8544,0.72,1.63,0.0625,11.96,280,A 1% price increase leads to a 4.49% decrease in demand. Highly price-sensitive.
16046,Unknown,General,-4.4858,Highly Elastic,0.0094,0.624,9.0433,False,0.8493,0.82,0.89,0.024,10.61,28,A 1% price increase leads to a 4.49% decrease in demand. Highly price-sensitive.
84748,Unknown,General,-4.483,Highly Elastic,0.0157,0.6323,9.1781,False,3.7576,3.59,3.93,0.0265,11.71,17,A 1% price increase leads to a 4.48% decrease in demand. Highly price-sensitive.
22352,LUNCH BOX WITH CUTLERY RETROSPOT ,General,-4.4714,Highly Elastic,0.0426,0.0,0.8666,True,2.5377,2.1,4.96,0.05,12.49,600,A 1% price increase leads to a 4.47% decrease in demand. Highly price-sensitive.
72816,Unknown,General,-4.4712,Highly Elastic,0.1669,0.0,1.0415,True,1.2735,0.95,2.46,0.1141,13.47,94,A 1% price increase leads to a 4.47% decrease in demand. Highly price-sensitive.
22384,LUNCH BAG PINK POLKADOT,General,-4.4615,Highly Elastic,0.0128,0.0002,1.2132,True,1.6541,1.45,1.9256,0.026,17.73,1043,A 1% price increase leads to a 4.46% decrease in demand. Highly price-sensitive.
23315,IVORY REFECTORY CLOCK,General,-4.4606,Highly Elastic,0.0278,0.0218,1.9281,True,9.7965,8.15,10.28,0.0333,9.01,189,A 1% price increase leads to a 4.46% decrease in demand. Highly price-sensitive.
23194,GYMKHANA TREASURE BOOK BOX,General,-4.4497,Highly Elastic,0.0174,0.0104,1.729,True,2.2343,1.95,2.35,0.0287,11.51,377,A 1% price increase leads to a 4.45% decrease in demand. Highly price-sensitive.
23189,SET OF 12 FORK CANDLES,General,-4.441,Highly Elastic,0.0268,0.0175,1.854,True,2.8312,2.49,2.98,0.0327,10.87,210,A 1% price increase leads to a 4.44% decrease in demand. Highly price-sensitive.
84949,SILVER HANGING T-LIGHT HOLDER,General,-4.4391,Highly Elastic,0.018,0.0016,1.4025,True,1.6342,1.45,1.72,0.0294,13.36,547,A 1% price increase leads to a 4.44% decrease in demand. Highly price-sensitive.
23007, SPACEBOY BABY GIFT SET,General,-4.4373,Highly Elastic,0.0214,0.0122,1.76,True,16.5579,14.95,17.41,0.0314,8.92,293,A 1% price increase leads to a 4.44% decrease in demand. Highly price-sensitive.
21904,Unknown,General,-4.4356,Highly Elastic,0.0138,0.3191,4.4208,False,2.0946,2.0,2.2,0.0261,6.32,74,A 1% price increase leads to a 4.44% decrease in demand. Highly price-sensitive.
23541,Unknown,General,-4.435,Highly Elastic,0.0198,0.0161,1.8326,True,8.1243,6.67,8.52,0.0308,10.75,292,A 1% price increase leads to a 4.43% decrease in demand. Highly price-sensitive.
20727,LUNCH BAG  BLACK SKULL.,General,-4.4277,Highly Elastic,0.0125,0.0002,1.1877,True,1.6439,1.45,1.73,0.025,20.08,1103,A 1% price increase leads to a 4.43% decrease in demand. Highly price-sensitive.
23317,BLUE REFECTORY CLOCK ,General,-4.4268,Highly Elastic,0.0206,0.0695,2.4227,False,9.828,8.15,10.32,0.0318,9.89,161,A 1% price increase leads to a 4.43% decrease in demand. Highly price-sensitive.
22520,Unknown,General,-4.4239,Highly Elastic,0.016,0.0783,2.4992,False,0.8516,0.81,0.89,0.0274,9.73,195,A 1% price increase leads to a 4.42% decrease in demand. Highly price-sensitive.
23555,LANDMARK FRAME NOTTING HILL ,General,-4.4184,Highly Elastic,0.0115,0.4305,5.5629,False,12.5207,11.9,13.11,0.0261,11.43,56,A 1% price increase leads to a 4.42% decrease in demand. Highly price-sensitive.
85048,15CM CHRISTMAS GLASS BALL 20 LIGHTS,General,-4.4183,Highly Elastic,0.02,0.0041,1.5289,True,7.7871,6.95,8.18,0.0308,11.69,411,A 1% price increase leads to a 4.42% decrease in demand. Highly price-sensitive.
22483,RED GINGHAM TEDDY BEAR ,General,-4.4127,Highly Elastic,0.0148,0.0635,2.3664,False,2.955,2.5944,3.09,0.0267,8.42,233,A 1% price increase leads to a 4.41% decrease in demand. Highly price-sensitive.
84050,check,General,-4.4038,Highly Elastic,0.0889,0.0,0.6988,True,1.6127,1.25,4.13,0.0882,12.42,409,A 1% price increase leads to a 4.4% decrease in demand. Highly price-sensitive.
90160B,RED BOUDICCA LARGE BRACELET,General,-4.4028,Highly Elastic,0.0117,0.6062,8.4239,False,6.9776,6.64,7.29,0.0259,10.4,25,A 1% price increase leads to a 4.4% decrease in demand. Highly price-sensitive.
22381,TOY TIDY PINK POLKADOT,General,-4.4012,Highly Elastic,0.0338,0.0,1.0214,True,2.1138,1.85,4.13,0.0501,12.81,533,A 1% price increase leads to a 4.4% decrease in demand. Highly price-sensitive.
23002,TRAVEL CARD WALLET SKULLS,General,-4.4006,Highly Elastic,0.0163,0.047,2.2038,True,0.4216,0.4,0.44,0.0276,11.79,243,A 1% price increase leads to a 4.4% decrease in demand. Highly price-sensitive.
21424,damages,General,-4.3974,Highly Elastic,0.0217,0.2107,3.4819,False,2.9184,2.55,3.05,0.0324,9.03,74,A 1% price increase leads to a 4.4% decrease in demand. Highly price-sensitive.
22722,Unknown,General,-4.3941,Highly Elastic,0.016,0.0002,1.1864,True,3.919,3.4836,4.12,0.0271,15.16,844,A 1% price increase leads to a 4.39% decrease in demand. Highly price-sensitive.
85206A,Unknown,General,-4.3926,Highly Elastic,0.0198,0.0593,2.3139,False,1.6389,1.45,1.72,0.0289,10.45,180,A 1% price increase leads to a 4.39% decrease in demand. Highly price-sensitive.
23012,GLASS APOTHECARY BOTTLE PERFUME,General,-4.3922,Highly Elastic,0.0227,0.0049,1.5499,True,3.8604,3.45,4.06,0.0325,10.11,348,A 1% price increase leads to a 4.39% decrease in demand. Highly price-sensitive.
23507,MINI PLAYING CARDS BUFFALO BILL ,General,-4.392,Highly Elastic,0.0156,0.0809,2.5034,False,0.4181,0.3607,0.44,0.0289,12.89,196,A 1% price increase leads to a 4.39% decrease in demand. Highly price-sensitive.
22251,BIRDHOUSE DECORATION MAGIC GARDEN,General,-4.3919,Highly Elastic,0.0213,0.064,2.3548,False,1.2418,1.0811,1.31,0.0288,9.23,162,A 1% price increase leads to a 4.39% decrease in demand. Highly price-sensitive.
15056N,EDWARDIAN PARASOL NATURAL,General,-4.3896,Highly Elastic,0.0411,0.0,0.8106,True,5.8294,2.6397,6.14,0.0407,13.57,686,A 1% price increase leads to a 4.39% decrease in demand. Highly price-sensitive.
22541,MINI JIGSAW LEAP FROG,General,-4.3895,Highly Elastic,0.0412,0.1529,3.0234,False,0.4276,0.35,0.45,0.0464,14.2,51,A 1% price increase leads to a 4.39% decrease in demand. Highly price-sensitive.
23374,RED SPOT PAPER GIFT BAG,General,-4.3886,Highly Elastic,0.0199,0.0354,2.0731,True,0.8153,0.7248,0.85,0.0303,13.03,223,A 1% price increase leads to a 4.39% decrease in demand. Highly price-sensitive.
22149,Unknown,General,-4.3855,Highly Elastic,0.0143,0.001,1.326,True,2.1072,1.8527,2.3537,0.0278,15.79,754,A 1% price increase leads to a 4.39% decrease in demand. Highly price-sensitive.
85188A,GREEN METAL SWINGING BUNNY,General,-4.3843,Highly Elastic,0.0248,0.2751,3.971,False,0.8493,0.81,0.89,0.0289,9.36,50,A 1% price increase leads to a 4.38% decrease in demand. Highly price-sensitive.
23170,REGENCY TEA PLATE ROSES ,General,-4.3704,Highly Elastic,0.0217,0.0009,1.3136,True,1.648,1.45,2.1679,0.0346,14.57,502,A 1% price increase leads to a 4.37% decrease in demand. Highly price-sensitive.
23376,PACK OF 12 VINTAGE CHRISTMAS TISSUE,General,-4.3684,Highly Elastic,0.016,0.049,2.2074,True,0.3881,0.32,0.41,0.0313,14.51,243,A 1% price increase leads to a 4.37% decrease in demand. Highly price-sensitive.
22179,SET 10 NIGHT OWL LIGHTS,General,-4.3678,Highly Elastic,0.0182,0.0097,1.6807,True,6.6865,5.95,7.02,0.0293,10.44,366,A 1% price increase leads to a 4.37% decrease in demand. Highly price-sensitive.
90185C,BLACK DIAMANTE EXPANDABLE RING,General,-4.3521,Highly Elastic,0.014,0.6749,10.1422,False,4.2447,4.04,4.42,0.0256,5.6,15,A 1% price increase leads to a 4.35% decrease in demand. Highly price-sensitive.
20665,adjustment,General,-4.3519,Highly Elastic,0.0188,0.0744,2.4238,False,2.9317,2.55,3.08,0.0273,8.53,170,A 1% price increase leads to a 4.35% decrease in demand. Highly price-sensitive.
23047,PAPER LANTERN 5 POINT STUDDED STAR,General,-4.3511,Highly Elastic,0.0147,0.3067,4.2264,False,5.7738,5.47,6.03,0.0246,7.84,73,A 1% price increase leads to a 4.35% decrease in demand. Highly price-sensitive.
21787,RAIN PONCHO RETROSPOT,General,-4.3495,Highly Elastic,0.0669,0.0,0.9671,True,0.86,0.65,1.63,0.0846,19.87,284,A 1% price increase leads to a 4.35% decrease in demand. Highly price-sensitive.
23131,Unknown,General,-4.3469,Highly Elastic,0.017,0.0578,2.2782,False,4.1031,3.75,4.32,0.0291,9.59,212,A 1% price increase leads to a 4.35% decrease in demand. Highly price-sensitive.
23404,check,General,-4.3446,Highly Elastic,0.0627,0.0001,1.0779,True,4.7932,3.26,5.04,0.0492,11.92,245,A 1% price increase leads to a 4.34% decrease in demand. Highly price-sensitive.
22302,COFFEE MUG PEARS  DESIGN,General,-4.3357,Highly Elastic,0.058,0.0,0.9288,True,2.4867,1.12,2.62,0.0436,10.88,356,A 1% price increase leads to a 4.34% decrease in demand. Highly price-sensitive.
21581,SKULLS  DESIGN  COTTON TOTE BAG,General,-4.3268,Highly Elastic,0.0187,0.1621,3.0729,False,2.255,2.14,2.36,0.0282,10.37,106,A 1% price increase leads to a 4.33% decrease in demand. Highly price-sensitive.
84507B,Unknown,General,-4.3257,Highly Elastic,0.0061,0.7577,13.7813,False,2.5533,2.47,2.65,0.0206,5.89,18,A 1% price increase leads to a 4.33% decrease in demand. Highly price-sensitive.
21746,SMALL RED RETROSPOT WINDMILL,General,-4.3245,Highly Elastic,0.0396,0.0001,1.0771,True,1.248,1.06,2.46,0.0585,12.6,393,A 1% price increase leads to a 4.32% decrease in demand. Highly price-sensitive.
37448,CERAMIC CAKE DESIGN SPOTTED MUG,General,-4.3143,Highly Elastic,0.0177,0.0245,1.9085,True,1.4762,1.25,1.55,0.0298,10.97,285,A 1% price increase leads to a 4.31% decrease in demand. Highly price-sensitive.
20828,GLITTER BUTTERFLY CLIPS,General,-4.3097,Highly Elastic,0.0143,0.0323,2.0048,True,2.5404,2.1,2.67,0.0272,10.01,321,A 1% price increase leads to a 4.31% decrease in demand. Highly price-sensitive.
20674,GREEN POLKADOT BOWL,General,-4.3047,Highly Elastic,0.026,0.0013,1.3249,True,1.2499,1.06,1.855,0.0396,11.05,397,A 1% price increase leads to a 4.3% decrease in demand. Highly price-sensitive.
21841,BABY MOUSE RED GINGHAM DRESS,General,-4.3034,Highly Elastic,0.0199,0.4572,5.7086,False,4.2437,4.04,4.45,0.0239,5.27,30,A 1% price increase leads to a 4.3% decrease in demand. Highly price-sensitive.
22466,FAIRY TALE COTTAGE NIGHT LIGHT,General,-4.302,Highly Elastic,0.0202,0.0132,1.7258,True,1.9334,1.4825,2.03,0.0314,11.82,303,A 1% price increase leads to a 4.3% decrease in demand. Highly price-sensitive.
79063C,"RETRO PILL BOX KEY CHAIN,THE KING",General,-4.3002,Highly Elastic,0.0176,0.4686,5.8581,False,0.1872,0.18,0.2,0.031,12.03,32,A 1% price increase leads to a 4.3% decrease in demand. Highly price-sensitive.
21210,Unknown,General,-4.2921,Highly Elastic,0.0181,0.0013,1.3246,True,1.4602,1.25,1.744,0.0304,13.58,571,A 1% price increase leads to a 4.29% decrease in demand. Highly price-sensitive.
37468,Unknown,General,-4.2829,Highly Elastic,0.0179,0.6209,8.4694,False,0.3869,0.37,0.41,0.0309,8.88,16,A 1% price increase leads to a 4.28% decrease in demand. Highly price-sensitive.
21717,Unknown,General,-4.2787,Highly Elastic,0.0402,0.0914,2.4995,False,2.4601,2.1,2.59,0.039,8.92,72,A 1% price increase leads to a 4.28% decrease in demand. Highly price-sensitive.
22699,ROSES REGENCY TEACUP AND SAUCER ,General,-4.2755,Highly Elastic,0.0203,0.0,0.9478,True,2.9225,2.55,4.8433,0.0359,16.99,982,A 1% price increase leads to a 4.28% decrease in demand. Highly price-sensitive.
23108,SET OF 10 LED DOLLY LIGHTS,General,-4.2721,Highly Elastic,0.0253,0.0002,1.1207,True,6.1176,4.4994,7.285,0.0343,11.45,563,A 1% price increase leads to a 4.27% decrease in demand. Highly price-sensitive.
22878,NUMBER TILE COTTAGE GARDEN No,General,-4.2714,Highly Elastic,0.0104,0.6869,10.4054,False,2.1028,2.03,2.2,0.0202,10.44,18,A 1% price increase leads to a 4.27% decrease in demand. Highly price-sensitive.
22041,"RECORD FRAME 7"" SINGLE SIZE ",General,-4.2691,Highly Elastic,0.0692,0.0,0.7264,True,2.5196,2.1,4.96,0.0752,12.82,467,A 1% price increase leads to a 4.27% decrease in demand. Highly price-sensitive.
23016,GLASS TWIST BON BON JAR,General,-4.2597,Highly Elastic,0.0432,0.2455,3.5986,False,7.7209,6.65,8.01,0.0356,7.7,33,A 1% price increase leads to a 4.26% decrease in demand. Highly price-sensitive.
22435,?missing,General,-4.2528,Highly Elastic,0.0149,0.0108,1.6619,True,1.2534,1.06,1.3431,0.0287,11.43,435,A 1% price increase leads to a 4.25% decrease in demand. Highly price-sensitive.
20836,FRENCH PAISLEY CUSHION COVER,General,-4.2449,Highly Elastic,0.0176,0.414,5.1391,False,0.8342,0.79,0.87,0.0274,11.38,40,A 1% price increase leads to a 4.24% decrease in demand. Highly price-sensitive.
22663,JUMBO BAG DOLLY GIRL DESIGN,General,-4.2436,Highly Elastic,0.0336,0.0,0.9429,True,2.0486,1.6797,4.13,0.0514,11.88,585,A 1% price increase leads to a 4.24% decrease in demand. Highly price-sensitive.
22969,HOMEMADE JAM SCENTED CANDLES,General,-4.242,Highly Elastic,0.0138,0.0012,1.3013,True,1.4397,1.25,1.51,0.0275,16.43,762,A 1% price increase leads to a 4.24% decrease in demand. Highly price-sensitive.
21430,SET/3 RED GINGHAM ROSE STORAGE BOX,General,-4.237,Highly Elastic,0.0152,0.0026,1.4,True,3.7065,3.39,4.23,0.0293,12.15,596,A 1% price increase leads to a 4.24% decrease in demand. Highly price-sensitive.
21930,JUMBO STORAGE BAG SKULLS,General,-4.2353,Highly Elastic,0.0179,0.0003,1.1769,True,2.024,1.6559,2.13,0.0311,14.38,711,A 1% price increase leads to a 4.24% decrease in demand. Highly price-sensitive.
22693,GROW A FLYTRAP OR SUNFLOWER IN TIN,General,-4.2295,Highly Elastic,0.0142,0.0114,1.6645,True,1.2411,0.94,1.3,0.0309,22.5,451,A 1% price increase leads to a 4.23% decrease in demand. Highly price-sensitive.
23303,SET 4 PICNIC CUTLERY FONDANT,General,-4.2289,Highly Elastic,0.0175,0.6254,8.4719,False,1.9581,1.91,2.03,0.0202,12.25,16,A 1% price increase leads to a 4.23% decrease in demand. Highly price-sensitive.
23331,DECORATIVE WICKER HEART SMALL,General,-4.2276,Highly Elastic,0.0177,0.1025,2.5732,False,0.6266,0.55,0.66,0.0295,10.64,152,A 1% price increase leads to a 4.23% decrease in demand. Highly price-sensitive.
21169,Unknown,General,-4.2181,Highly Elastic,0.0158,0.0012,1.299,True,1.6693,1.45,1.75,0.0305,13.7,659,A 1% price increase leads to a 4.22% decrease in demand. Highly price-sensitive.
82484,WOOD BLACK BOARD ANT WHITE FINISH,General,-4.211,Highly Elastic,0.0554,0.0,0.5844,True,7.3841,4.8161,8.9144,0.0492,14.7,887,A 1% price increase leads to a 4.21% decrease in demand. Highly price-sensitive.
22611,VINTAGE UNION JACK SHOPPING BAG,General,-4.2071,Highly Elastic,0.0175,0.3017,4.0391,False,4.8878,4.25,5.1283,0.0313,8.14,63,A 1% price increase leads to a 4.21% decrease in demand. Highly price-sensitive.
23144,ZINC T-LIGHT HOLDER STARS SMALL,General,-4.1953,Highly Elastic,0.0288,0.0003,1.1381,True,0.8268,0.7357,1.63,0.0534,15.11,461,A 1% price increase leads to a 4.2% decrease in demand. Highly price-sensitive.
21647,ASSORTED TUTTI FRUTTI LARGE PURSE,General,-4.1928,Highly Elastic,0.0127,0.4044,4.9899,False,2.1075,2.0,2.2,0.0296,9.25,57,A 1% price increase leads to a 4.19% decrease in demand. Highly price-sensitive.
22154,ANGEL DECORATION 3 BUTTONS ,General,-4.1889,Highly Elastic,0.0125,0.0903,2.4627,False,0.4194,0.3667,0.44,0.0288,15.89,231,A 1% price increase leads to a 4.19% decrease in demand. Highly price-sensitive.
22303,COFFEE MUG APPLES DESIGN,General,-4.182,Highly Elastic,0.0583,0.0,0.8525,True,2.5213,1.12,2.66,0.0429,12.27,391,A 1% price increase leads to a 4.18% decrease in demand. Highly price-sensitive.
37446,MINI CAKE STAND WITH HANGING CAKES,General,-4.175,Highly Elastic,0.0213,0.0058,1.5047,True,1.4232,1.25,1.5,0.0327,10.64,355,A 1% price increase leads to a 4.17% decrease in demand. Highly price-sensitive.
21232,STRAWBERRY CERAMIC TRINKET POT,General,-4.1595,Highly Elastic,0.0283,0.0,0.8526,True,1.2548,1.06,2.46,0.0484,15.97,819,A 1% price increase leads to a 4.16% decrease in demand. Highly price-sensitive.
22567,Unknown,General,-4.159,Highly Elastic,0.0322,0.0003,1.1408,True,1.341,1.06,1.45,0.0411,11.01,401,A 1% price increase leads to a 4.16% decrease in demand. Highly price-sensitive.
85107,check?,General,-4.1564,Highly Elastic,0.0726,0.0426,2.0024,True,2.4726,1.69,2.58,0.0511,9.75,57,A 1% price increase leads to a 4.16% decrease in demand. Highly price-sensitive.
21069,Unknown,General,-4.1537,Highly Elastic,0.0175,0.1177,2.6385,False,1.24,1.06,1.3,0.0305,8.91,141,A 1% price increase leads to a 4.15% decrease in demand. Highly price-sensitive.
20979,36 PENCILS TUBE RED RETROSPOT,General,-4.1437,Highly Elastic,0.0148,0.0121,1.6436,True,1.2465,1.06,1.31,0.0285,12.15,425,A 1% price increase leads to a 4.14% decrease in demand. Highly price-sensitive.
22936,BAKING MOULD ROSE WHITE CHOCOLATE,General,-4.1419,Highly Elastic,0.027,0.1652,2.9536,False,3.183,2.75,3.34,0.0361,11.08,73,A 1% price increase leads to a 4.14% decrease in demand. Highly price-sensitive.
22503,CABIN BAG VINTAGE PAISLEY,General,-4.1404,Highly Elastic,0.03,0.4297,5.1417,False,28.9016,24.95,30.06,0.0421,11.61,23,A 1% price increase leads to a 4.14% decrease in demand. Highly price-sensitive.
90058A,CRYSTAL STUD EARRINGS CLEAR DISPLAY,General,-4.1351,Highly Elastic,0.012,0.6194,8.2028,False,0.3786,0.36,0.4,0.0322,14.22,23,A 1% price increase leads to a 4.14% decrease in demand. Highly price-sensitive.
21472,Unknown,General,-4.134,Highly Elastic,0.0109,0.3667,4.5521,False,3.7504,3.58,3.93,0.0223,7.08,77,A 1% price increase leads to a 4.13% decrease in demand. Highly price-sensitive.
23275,SET OF 3 HANGING OWLS OLLIE BEAK,General,-4.129,Highly Elastic,0.0183,0.0017,1.3063,True,1.2765,1.0524,1.6533,0.0333,13.93,538,A 1% price increase leads to a 4.13% decrease in demand. Highly price-sensitive.
23232,WRAP VINTAGE LEAF DESIGN,General,-4.1266,Highly Elastic,0.0112,0.0319,1.9167,True,0.4191,0.34,0.44,0.0289,18.79,412,A 1% price increase leads to a 4.13% decrease in demand. Highly price-sensitive.
21175,GIN AND TONIC DIET METAL SIGN,General,-4.1201,Highly Elastic,0.0272,0.0,0.802,True,2.4427,1.4973,2.6592,0.0395,18.95,947,A 1% price increase leads to a 4.12% decrease in demand. Highly price-sensitive.
22923,sold as set on dotcom,General,-4.1191,Highly Elastic,0.0165,0.0609,2.1861,False,0.8393,0.72,0.88,0.0312,11.82,214,A 1% price increase leads to a 4.12% decrease in demand. Highly price-sensitive.
22562,MONSTERS STENCIL CRAFT,General,-4.1179,Highly Elastic,0.0162,0.0119,1.6287,True,1.2586,1.06,1.4013,0.0294,9.73,389,A 1% price increase leads to a 4.12% decrease in demand. Highly price-sensitive.
21426,WOODLAND STORAGE BOX SMALL,General,-4.1059,Highly Elastic,0.0141,0.4971,5.9797,False,2.0499,1.86,2.15,0.0296,8.17,35,A 1% price increase leads to a 4.11% decrease in demand. Highly price-sensitive.
35958,Unknown,General,-4.1043,Highly Elastic,0.0088,0.7301,11.6627,False,0.8544,0.83,0.89,0.0253,12.12,16,A 1% price increase leads to a 4.1% decrease in demand. Highly price-sensitive.
23134,Unknown,General,-4.0987,Highly Elastic,0.0252,0.1739,2.9845,False,8.0421,7.05,8.45,0.0358,6.77,75,A 1% price increase leads to a 4.1% decrease in demand. Highly price-sensitive.
22866,Unknown,General,-4.0974,Highly Elastic,0.0112,0.0034,1.3957,True,2.0854,1.8053,2.19,0.0269,17.2,761,A 1% price increase leads to a 4.1% decrease in demand. Highly price-sensitive.
22652,check,General,-4.0937,Highly Elastic,0.013,0.0031,1.3811,True,1.6539,1.4622,2.1967,0.029,13.99,669,A 1% price increase leads to a 4.09% decrease in demand. Highly price-sensitive.
22333,RETROSPOT PARTY BAG + STICKER SET,General,-4.09,Highly Elastic,0.0166,0.0043,1.4251,True,1.6308,1.45,1.71,0.0309,12.9,489,A 1% price increase leads to a 4.09% decrease in demand. Highly price-sensitive.
23546,WRAP PAISLEY PARK ,General,-4.0706,Highly Elastic,0.0131,0.0758,2.2827,False,0.4206,0.4,0.44,0.0285,14.81,241,A 1% price increase leads to a 4.07% decrease in demand. Highly price-sensitive.
23202,JUMBO BAG VINTAGE LEAF,General,-4.0671,Highly Elastic,0.0128,0.0006,1.1822,True,2.0748,1.7542,2.19,0.0283,18.64,916,A 1% price increase leads to a 4.07% decrease in demand. Highly price-sensitive.
72709,Unknown,General,-4.0649,Highly Elastic,0.0164,0.6013,7.6345,False,0.8526,0.81,0.89,0.0253,5.95,19,A 1% price increase leads to a 4.06% decrease in demand. Highly price-sensitive.
22021,Unknown,General,-4.0643,Highly Elastic,0.0165,0.1182,2.586,False,1.6444,1.57,1.73,0.0261,9.79,149,A 1% price increase leads to a 4.06% decrease in demand. Highly price-sensitive.
22499,WOODEN UNION JACK BUNTING,General,-4.0557,Highly Elastic,0.0147,0.0066,1.4871,True,5.9137,5.0088,6.22,0.0283,10.07,502,A 1% price increase leads to a 4.06% decrease in demand. Highly price-sensitive.
21891,Unknown,General,-4.052,Highly Elastic,0.0223,0.0002,1.0857,True,1.3853,1.0626,1.46,0.0384,17.61,613,A 1% price increase leads to a 4.05% decrease in demand. Highly price-sensitive.
23325,RUSTIC STRAWBERRY JAM POT SMALL,General,-4.0484,Highly Elastic,0.0188,0.2508,3.4959,False,1.6264,1.45,1.7,0.033,9.69,72,A 1% price increase leads to a 4.05% decrease in demand. Highly price-sensitive.
23065,Unknown,General,-4.048,Highly Elastic,0.0116,0.1199,2.5924,False,12.4325,11.15,13.07,0.0262,9.87,209,A 1% price increase leads to a 4.05% decrease in demand. Highly price-sensitive.
23334,IVORY WICKER HEART SMALL,General,-4.0451,Highly Elastic,0.0137,0.103,2.4695,False,0.6248,0.55,0.66,0.0286,10.82,195,A 1% price increase leads to a 4.05% decrease in demand. Highly price-sensitive.
85230E,Damaged,General,-4.0437,Highly Elastic,0.0607,0.0846,2.2963,False,0.2634,0.21,0.29,0.0684,16.5,50,A 1% price increase leads to a 4.04% decrease in demand. Highly price-sensitive.
21878,PACK OF 6 SANDCASTLE FLAGS ASSORTED,General,-4.043,Highly Elastic,0.036,0.0006,1.1662,True,0.8591,0.72,1.63,0.0579,12.19,324,A 1% price increase leads to a 4.04% decrease in demand. Highly price-sensitive.
84406B,Unknown,General,-4.0391,Highly Elastic,0.0523,0.0,0.8149,True,3.7571,2.75,4.15,0.0529,10.51,447,A 1% price increase leads to a 4.04% decrease in demand. Highly price-sensitive.
22616,PACK OF 12 LONDON TISSUES ,General,-4.0344,Highly Elastic,0.0476,0.0,0.7151,True,0.3229,0.2175,0.4487,0.0627,27.18,639,A 1% price increase leads to a 4.03% decrease in demand. Highly price-sensitive.
22256,FELT FARM ANIMAL CHICKEN,General,-4.0341,Highly Elastic,0.0137,0.2461,3.457,False,1.248,1.19,1.31,0.0263,9.53,100,A 1% price increase leads to a 4.03% decrease in demand. Highly price-sensitive.
22535,MAGIC DRAWING SLATE BUNNIES ,General,-4.0291,Highly Elastic,0.0232,0.019,1.7061,True,0.4152,0.27,0.44,0.0357,11.44,237,A 1% price increase leads to a 4.03% decrease in demand. Highly price-sensitive.
23028,Unknown,General,-4.0203,Highly Elastic,0.0157,0.0677,2.1894,False,1.6441,1.45,1.73,0.0284,9.54,214,A 1% price increase leads to a 4.02% decrease in demand. Highly price-sensitive.
22417,PACK OF 60 SPACEBOY CAKE CASES,General,-4.0175,Highly Elastic,0.0336,0.0,0.8185,True,0.5526,0.42,1.25,0.0585,14.55,696,A 1% price increase leads to a 4.02% decrease in demand. Highly price-sensitive.
22776,SWEETHEART 3 TIER CAKE STAND ,General,-4.0112,Highly Elastic,0.0139,0.0019,1.284,True,9.8234,8.5,10.34,0.0293,12.16,696,A 1% price increase leads to a 4.01% decrease in demand. Highly price-sensitive.
85114C,RED ENCHANTED FOREST PLACEMAT,General,-3.997,Highly Elastic,0.0157,0.1278,2.6099,False,1.641,1.45,1.72,0.0275,9.62,149,A 1% price increase leads to a 4.0% decrease in demand. Highly price-sensitive.
22637,damages,General,-3.9932,Highly Elastic,0.0178,0.003,1.3377,True,2.5189,2.1,2.65,0.0306,10.72,495,A 1% price increase leads to a 3.99% decrease in demand. Highly price-sensitive.
48111,DOORMAT 3 SMILEY CATS,General,-3.9899,Highly Elastic,0.0221,0.0034,1.3532,True,7.8392,6.75,8.25,0.0352,8.61,386,A 1% price increase leads to a 3.99% decrease in demand. Highly price-sensitive.
21733,RED HANGING HEART T-LIGHT HOLDER,General,-3.9861,Highly Elastic,0.0144,0.0003,1.0933,True,2.9415,2.55,3.518,0.0301,17.7,910,A 1% price increase leads to a 3.99% decrease in demand. Highly price-sensitive.
47590B,check,General,-3.9843,Highly Elastic,0.0137,0.0038,1.3719,True,5.4006,4.65,5.68,0.0294,12.43,611,A 1% price increase leads to a 3.98% decrease in demand. Highly price-sensitive.
85231B,CINAMMON SET OF 9 T-LIGHTS,General,-3.9817,Highly Elastic,0.0168,0.074,2.2161,False,0.8666,0.83,1.045,0.0309,9.86,191,A 1% price increase leads to a 3.98% decrease in demand. Highly price-sensitive.
21314,SMALL GLASS HEART TRINKET POT,General,-3.9767,Highly Elastic,0.0154,0.002,1.2784,True,2.0905,1.85,2.506,0.0298,12.81,619,A 1% price increase leads to a 3.98% decrease in demand. Highly price-sensitive.
85170B,SET/6 BLACK BIRD T-LIGHT CANDLES,General,-3.9741,Highly Elastic,0.1812,0.0011,1.1496,True,1.9721,0.85,2.1,0.0845,10.32,56,A 1% price increase leads to a 3.97% decrease in demand. Highly price-sensitive.
22207,FRYING PAN UNION FLAG,General,-3.9705,Highly Elastic,0.0397,0.0005,1.133,True,4.3278,3.75,8.29,0.0653,11.89,299,A 1% price increase leads to a 3.97% decrease in demand. Highly price-sensitive.
21813,GARLAND WITH STARS AND BELLS,General,-3.9664,Highly Elastic,0.0162,0.2217,3.2234,False,4.9056,4.25,5.14,0.0291,7.78,94,A 1% price increase leads to a 3.97% decrease in demand. Highly price-sensitive.
23102,SILVER HEARTS TABLE DECORATION,General,-3.964,Highly Elastic,0.0146,0.0972,2.3778,False,0.8255,0.72,0.87,0.027,9.28,190,A 1% price increase leads to a 3.96% decrease in demand. Highly price-sensitive.
17129F,BLUE GLASS GEMS IN BAG,General,-3.9583,Highly Elastic,0.2655,0.0009,1.0972,True,0.8763,0.64,1.63,0.163,12.74,38,A 1% price increase leads to a 3.96% decrease in demand. Highly price-sensitive.
23249,ENAMEL DINNER PLATE PANTRY,General,-3.9573,Highly Elastic,0.0152,0.1662,2.8416,False,1.6382,1.45,1.72,0.0285,11.26,128,A 1% price increase leads to a 3.96% decrease in demand. Highly price-sensitive.
23173,REGENCY TEAPOT ROSES ,General,-3.9565,Highly Elastic,0.0217,0.0007,1.1555,True,9.6494,8.15,10.13,0.0361,11.71,530,A 1% price increase leads to a 3.96% decrease in demand. Highly price-sensitive.
23207,LUNCH BAG ALPHABET DESIGN,General,-3.9522,Highly Elastic,0.0123,0.001,1.1946,True,1.6522,1.45,1.7578,0.0267,16.99,880,A 1% price increase leads to a 3.95% decrease in demand. Highly price-sensitive.
23145,ZINC T-LIGHT HOLDER STARS LARGE,General,-3.945,Highly Elastic,0.0456,0.0001,0.9755,True,0.9585,0.79,2.08,0.0697,12.9,344,A 1% price increase leads to a 3.94% decrease in demand. Highly price-sensitive.
22411,JUMBO SHOPPER VINTAGE RED PAISLEY,General,-3.945,Highly Elastic,0.0131,0.0003,1.0746,True,2.0345,1.65,2.244,0.029,17.41,1018,A 1% price increase leads to a 3.94% decrease in demand. Highly price-sensitive.
23660,HENRIETTA HEN MUG ,General,-3.9441,Highly Elastic,0.0189,0.4526,5.1822,False,1.6597,1.57,1.73,0.0315,10.84,32,A 1% price increase leads to a 3.94% decrease in demand. Highly price-sensitive.
22607,WOODEN ROUNDERS GARDEN SET ,General,-3.9425,Highly Elastic,0.0217,0.0007,1.1613,True,9.7303,8.5,12.622,0.0365,10.54,522,A 1% price increase leads to a 3.94% decrease in demand. Highly price-sensitive.
85200,Unknown,General,-3.9395,Highly Elastic,0.0155,0.3697,4.3537,False,1.2437,1.19,1.31,0.0243,6.37,54,A 1% price increase leads to a 3.94% decrease in demand. Highly price-sensitive.
22357,KINGS CHOICE BISCUIT TIN,General,-3.9359,Highly Elastic,0.0157,0.064,2.114,False,4.2288,3.75,4.43,0.0282,7.48,219,A 1% price increase leads to a 3.94% decrease in demand. Highly price-sensitive.
22166,WALL MIRROR RECTANGLE DIAMANTE PINK,General,-3.9345,Highly Elastic,0.3495,0.0001,0.9205,True,7.2236,2.95,7.95,0.1117,9.03,36,A 1% price increase leads to a 3.93% decrease in demand. Highly price-sensitive.
84843,WHITE SOAP RACK WITH 2 BOTTLES,General,-3.9273,Highly Elastic,0.0371,0.072,2.1561,False,5.8159,4.65,6.08,0.042,6.81,88,A 1% price increase leads to a 3.93% decrease in demand. Highly price-sensitive.
22697,GREEN REGENCY TEACUP AND SAUCER,General,-3.923,Highly Elastic,0.0149,0.0002,1.0432,True,2.9324,2.55,3.5811,0.0308,15.37,934,A 1% price increase leads to a 3.92% decrease in demand. Highly price-sensitive.
84880,Unknown,General,-3.9194,Highly Elastic,0.0755,0.0005,1.1051,True,6.9088,4.95,7.5,0.0636,9.08,156,A 1% price increase leads to a 3.92% decrease in demand. Highly price-sensitive.
22865,Unknown,General,-3.9182,Highly Elastic,0.0102,0.0033,1.3302,True,2.0979,1.8366,2.21,0.027,18.53,845,A 1% price increase leads to a 3.92% decrease in demand. Highly price-sensitive.
84997D,CHILDRENS CUTLERY POLKADOT PINK,General,-3.9156,Highly Elastic,0.0159,0.0011,1.1923,True,4.0779,3.39,4.84,0.0327,14.22,668,A 1% price increase leads to a 3.92% decrease in demand. Highly price-sensitive.
23075,PARLOUR CERAMIC WALL HOOK,General,-3.907,Highly Elastic,0.0118,0.1634,2.7905,False,4.1563,3.94,4.36,0.0248,8.28,166,A 1% price increase leads to a 3.91% decrease in demand. Highly price-sensitive.
72225C,Unknown,General,-3.9067,Highly Elastic,0.0532,0.1967,2.961,False,0.2739,0.21,0.29,0.0569,12.82,33,A 1% price increase leads to a 3.91% decrease in demand. Highly price-sensitive.
23243,SET OF TEA COFFEE SUGAR TINS PANTRY,General,-3.8979,Highly Elastic,0.0163,0.0019,1.2495,True,4.875,4.15,5.13,0.0315,12.86,590,A 1% price increase leads to a 3.9% decrease in demand. Highly price-sensitive.
22493,PAINT YOUR OWN CANVAS SET,General,-3.896,Highly Elastic,0.0491,0.0001,0.972,True,1.7259,1.45,3.29,0.0656,12.65,313,A 1% price increase leads to a 3.9% decrease in demand. Highly price-sensitive.
23492,VINTAGE JINGLE BELLS WREATH,General,-3.8938,Highly Elastic,0.0146,0.4521,5.1269,False,8.1953,7.85,8.64,0.0276,8.39,41,A 1% price increase leads to a 3.89% decrease in demand. Highly price-sensitive.
22502,PICNIC BASKET WICKER 60 PIECES,General,-3.8889,Highly Elastic,0.0204,0.001,1.1719,True,5.7905,4.95,6.09,0.0342,10.89,530,A 1% price increase leads to a 3.89% decrease in demand. Highly price-sensitive.
21217,RED RETROSPOT ROUND CAKE TINS,General,-3.8801,Highly Elastic,0.0122,0.0121,1.5415,True,9.8662,8.95,10.35,0.0282,10.76,514,A 1% price increase leads to a 3.88% decrease in demand. Highly price-sensitive.
23414,ZINC BOX SIGN HOME,General,-3.874,Highly Elastic,0.0165,0.1396,2.6068,False,9.8471,8.782,10.36,0.0285,7.55,134,A 1% price increase leads to a 3.87% decrease in demand. Highly price-sensitive.
21973,Unknown,General,-3.8668,Highly Elastic,0.0113,0.2981,3.6963,False,1.4479,1.38,1.52,0.0267,9.06,98,A 1% price increase leads to a 3.87% decrease in demand. Highly price-sensitive.
22083,PAPER CHAIN KIT RETROSPOT,General,-3.8558,Highly Elastic,0.0151,0.001,1.1649,True,2.9236,2.55,3.1459,0.0301,13.64,719,A 1% price increase leads to a 3.86% decrease in demand. Highly price-sensitive.
10080,check,General,-3.8514,Highly Elastic,0.0157,0.3575,4.1503,False,0.3927,0.37,0.41,0.0273,9.46,56,A 1% price increase leads to a 3.85% decrease in demand. Highly price-sensitive.
23200,JUMBO BAG PEARS,General,-3.8512,Highly Elastic,0.0124,0.003,1.2918,True,2.0604,1.6926,2.16,0.0288,15.06,709,A 1% price increase leads to a 3.85% decrease in demand. Highly price-sensitive.
21059,PARTY INVITES DINOSAURS,General,-3.8397,Highly Elastic,0.0157,0.1221,2.4699,False,0.8523,0.81,0.89,0.0263,8.0,154,A 1% price increase leads to a 3.84% decrease in demand. Highly price-sensitive.
23576,SNACK TRAY RED VINTAGE DOILY,General,-3.8349,Highly Elastic,0.0211,0.1356,2.5499,False,1.9291,1.7177,2.03,0.0312,10.91,107,A 1% price increase leads to a 3.83% decrease in demand. Highly price-sensitive.
22605,WOODEN CROQUET GARDEN SET,General,-3.8348,Highly Elastic,0.028,0.0003,1.0392,True,14.2888,12.75,19.955,0.0434,9.33,474,A 1% price increase leads to a 3.83% decrease in demand. Highly price-sensitive.
22698,Unknown,General,-3.833,Highly Elastic,0.02,0.0,0.9194,True,2.9465,2.55,5.79,0.0438,14.4,853,A 1% price increase leads to a 3.83% decrease in demand. Highly price-sensitive.
48194,DOORMAT HEARTS,General,-3.8327,Highly Elastic,0.0452,0.0,0.6413,True,7.9471,4.58,15.79,0.0571,13.11,756,A 1% price increase leads to a 3.83% decrease in demand. Highly price-sensitive.
21245,GREEN POLKADOT PLATE ,General,-3.832,Highly Elastic,0.014,0.0618,2.0423,False,1.675,1.45,1.76,0.0282,10.74,250,A 1% price increase leads to a 3.83% decrease in demand. Highly price-sensitive.
23025,DRAWER KNOB VINTAGE GLASS BALL,General,-3.8248,Highly Elastic,0.0128,0.333,3.9249,False,2.0663,1.98,2.17,0.0257,9.97,75,A 1% price increase leads to a 3.82% decrease in demand. Highly price-sensitive.
22311,OFFICE MUG WARMER BLACK+SILVER ,General,-3.8241,Highly Elastic,0.0391,0.0039,1.3116,True,2.9682,2.55,5.3167,0.0641,11.41,211,A 1% price increase leads to a 3.82% decrease in demand. Highly price-sensitive.
22666,RECIPE BOX PANTRY YELLOW DESIGN,General,-3.823,Highly Elastic,0.0152,0.0001,0.9707,True,2.9437,2.55,3.7146,0.0314,16.68,1010,A 1% price increase leads to a 3.82% decrease in demand. Highly price-sensitive.
23542,WALL ART 70'S ALPHABET ,General,-3.8187,Highly Elastic,0.0236,0.0697,2.0891,False,8.038,6.67,8.44,0.0386,11.62,140,A 1% price increase leads to a 3.82% decrease in demand. Highly price-sensitive.
23356,LOVE HOT WATER BOTTLE,General,-3.8091,Highly Elastic,0.0138,0.0021,1.2356,True,5.867,4.95,6.17,0.03,14.01,679,A 1% price increase leads to a 3.81% decrease in demand. Highly price-sensitive.
84741C,Unknown,General,-3.8086,Highly Elastic,0.0137,0.6233,7.6202,False,1.933,1.87,2.01,0.0216,7.3,20,A 1% price increase leads to a 3.81% decrease in demand. Highly price-sensitive.
22818,CARD CHRISTMAS VILLAGE,General,-3.8035,Highly Elastic,0.0127,0.0463,1.9012,True,0.4207,0.36,0.44,0.0293,12.88,314,A 1% price increase leads to a 3.8% decrease in demand. Highly price-sensitive.
21324,Unknown,General,-3.8018,Highly Elastic,0.0147,0.4624,5.1192,False,2.9442,2.81,3.08,0.0262,8.08,39,A 1% price increase leads to a 3.8% decrease in demand. Highly price-sensitive.
23274,STAR T-LIGHT HOLDER WILLIE WINKIE,General,-3.7935,Highly Elastic,0.0327,0.0068,1.3876,True,1.752,1.4722,2.47,0.0448,10.3,223,A 1% price increase leads to a 3.79% decrease in demand. Highly price-sensitive.
16016,LARGE CHINESE STYLE SCISSOR,General,-3.792,Highly Elastic,0.0151,0.1246,2.4557,False,0.8451,0.72,0.88,0.0305,11.58,158,A 1% price increase leads to a 3.79% decrease in demand. Highly price-sensitive.
46776A,WOVEN BUBBLE GUM CUSHION COVER,General,-3.7879,Highly Elastic,0.0073,0.6648,8.6426,False,4.9193,4.73,5.15,0.0236,6.75,28,A 1% price increase leads to a 3.79% decrease in demand. Highly price-sensitive.
22079,RIBBON REEL HEARTS DESIGN ,General,-3.7878,Highly Elastic,0.0186,0.011,1.4825,True,1.6909,1.45,2.5445,0.039,11.17,346,A 1% price increase leads to a 3.79% decrease in demand. Highly price-sensitive.
85026B,EAU DE NILE JEWELLED T-LIGHT HOLDER,General,-3.7818,Highly Elastic,0.011,0.5959,7.043,False,0.8514,0.81,0.89,0.0259,9.64,28,A 1% price increase leads to a 3.78% decrease in demand. Highly price-sensitive.
22024,Unknown,General,-3.7788,Highly Elastic,0.0448,0.0005,1.0759,True,0.4228,0.36,0.83,0.068,12.23,265,A 1% price increase leads to a 3.78% decrease in demand. Highly price-sensitive.
22846,BREAD BIN DINER STYLE RED ,General,-3.7771,Highly Elastic,0.0144,0.0057,1.3607,True,16.4909,14.95,17.3,0.0306,9.75,531,A 1% price increase leads to a 3.78% decrease in demand. Highly price-sensitive.
17038,PORCELAIN BUDAH INCENSE HOLDER,General,-3.7763,Highly Elastic,0.0538,0.0946,2.2173,False,0.0942,0.07,0.1,0.0735,21.47,53,A 1% price increase leads to a 3.78% decrease in demand. Highly price-sensitive.
22714,CARD BIRTHDAY COWBOY,General,-3.7749,Highly Elastic,0.0446,0.0004,1.0493,True,0.4233,0.36,0.83,0.0661,12.53,279,A 1% price increase leads to a 3.77% decrease in demand. Highly price-sensitive.
22572,??,General,-3.7673,Highly Elastic,0.014,0.0684,2.0578,False,0.8463,0.7562,0.89,0.0291,11.26,238,A 1% price increase leads to a 3.77% decrease in demand. Highly price-sensitive.
21479,?,General,-3.7606,Highly Elastic,0.0165,0.0008,1.1132,True,3.9756,3.39,4.25,0.0338,13.37,684,A 1% price increase leads to a 3.76% decrease in demand. Highly price-sensitive.
16162L,Unknown,General,-3.7477,Highly Elastic,0.0115,0.6817,8.96,False,0.6571,0.62,0.68,0.0262,8.0,17,A 1% price increase leads to a 3.75% decrease in demand. Highly price-sensitive.
90184B,AMETHYST CHUNKY BEAD BRACELET W STR,General,-3.7465,Highly Elastic,0.01,0.5338,5.9684,False,8.9662,8.56,9.38,0.0241,5.95,41,A 1% price increase leads to a 3.75% decrease in demand. Highly price-sensitive.
22816,CARD MOTORBIKE SANTA,General,-3.746,Highly Elastic,0.01,0.0654,2.0266,False,0.4178,0.375,0.44,0.0292,14.98,339,A 1% price increase leads to a 3.75% decrease in demand. Highly price-sensitive.
85177,BASKET OF FLOWERS SEWING KIT,General,-3.7454,Highly Elastic,0.1195,0.0004,1.0166,True,0.9236,0.64,1.63,0.1193,13.64,102,A 1% price increase leads to a 3.75% decrease in demand. Highly price-sensitive.
21988,PACK OF 6 SKULL PAPER PLATES,General,-3.7323,Highly Elastic,0.0206,0.0213,1.6104,True,0.8417,0.6464,0.88,0.0333,12.0,258,A 1% price increase leads to a 3.73% decrease in demand. Highly price-sensitive.
20750,RED RETROSPOT MINI CASES,General,-3.7298,Highly Elastic,0.0222,0.0002,0.9934,True,7.7664,6.35,8.15,0.0365,11.65,623,A 1% price increase leads to a 3.73% decrease in demand. Highly price-sensitive.
23092,LARGE ANTIQUE WHITE PHOTO FRAME,General,-3.7126,Highly Elastic,0.0147,0.0679,2.0238,False,7.796,6.65,8.19,0.0304,8.9,227,A 1% price increase leads to a 3.71% decrease in demand. Highly price-sensitive.
62086A,PINK RETRO BIG FLOWER BAG,General,-3.7083,Highly Elastic,0.0138,0.4647,5.0226,False,1.9522,1.86,2.04,0.0288,9.46,41,A 1% price increase leads to a 3.71% decrease in demand. Highly price-sensitive.
23192,BUNDLE OF 3 ALPHABET EXERCISE BOOKS,General,-3.7075,Highly Elastic,0.0265,0.0003,1.0227,True,1.6651,1.4541,3.29,0.0533,12.24,485,A 1% price increase leads to a 3.71% decrease in demand. Highly price-sensitive.
21239,PINK  POLKADOT CUP,General,-3.701,Highly Elastic,0.0152,0.0099,1.4279,True,0.8405,0.72,0.88,0.0315,11.89,436,A 1% price increase leads to a 3.7% decrease in demand. Highly price-sensitive.
22943,Unknown,General,-3.6944,Highly Elastic,0.0385,0.0001,0.9156,True,4.9473,4.2706,10.79,0.0662,11.69,409,A 1% price increase leads to a 3.69% decrease in demand. Highly price-sensitive.
23060,HEART BEADED TRELLIS DECORATION,General,-3.6936,Highly Elastic,0.0167,0.2359,3.0936,False,2.073,1.98,2.18,0.0289,7.3,86,A 1% price increase leads to a 3.69% decrease in demand. Highly price-sensitive.
21972,SET OF 36 DINOSAUR PAPER DOILIES,General,-3.6925,Highly Elastic,0.0116,0.3217,3.7046,False,1.446,1.38,1.52,0.0272,9.51,87,A 1% price increase leads to a 3.69% decrease in demand. Highly price-sensitive.
21629,SQUARE FLOOR CUSHION VINTAGE RED,General,-3.6763,Highly Elastic,0.0105,0.3923,4.2709,False,7.9782,7.57,8.34,0.0269,6.61,72,A 1% price increase leads to a 3.68% decrease in demand. Highly price-sensitive.
84247E,Unknown,General,-3.6703,Highly Elastic,0.0122,0.3846,4.1914,False,2.9534,2.81,3.1,0.0272,7.91,64,A 1% price increase leads to a 3.67% decrease in demand. Highly price-sensitive.
23228,FILIGREE HEART BIRD WHITE ,General,-3.6599,Highly Elastic,0.1018,0.0,0.834,True,1.3473,1.04,2.46,0.1183,12.41,172,A 1% price increase leads to a 3.66% decrease in demand. Highly price-sensitive.
22898,CHILDRENS APRON APPLES DESIGN,General,-3.6581,Highly Elastic,0.0131,0.011,1.433,True,1.9606,1.65,2.1922,0.0283,10.69,492,A 1% price increase leads to a 3.66% decrease in demand. Highly price-sensitive.
22662,LUNCH BAG DOLLY GIRL DESIGN,General,-3.6573,Highly Elastic,0.0113,0.0019,1.1729,True,1.6601,1.45,1.8755,0.0285,15.1,850,A 1% price increase leads to a 3.66% decrease in demand. Highly price-sensitive.
20982,12 PENCILS TALL TUBE SKULLS,General,-3.6569,Highly Elastic,0.011,0.0307,1.6871,True,0.8492,0.7227,0.89,0.0274,11.58,424,A 1% price increase leads to a 3.66% decrease in demand. Highly price-sensitive.
22025,check,General,-3.6554,Highly Elastic,0.0198,0.0605,1.935,False,0.4178,0.36,0.44,0.0315,10.14,179,A 1% price increase leads to a 3.66% decrease in demand. Highly price-sensitive.
22270,HAPPY EASTER HANGING DECORATION,General,-3.6546,Highly Elastic,0.0088,0.357,3.9491,False,3.7654,3.59,3.94,0.0228,8.9,99,A 1% price increase leads to a 3.65% decrease in demand. Highly price-sensitive.
22636,CHILDS BREAKFAST SET CIRCUS PARADE,General,-3.6541,Highly Elastic,0.013,0.0305,1.6821,True,8.4152,7.65,8.84,0.0293,9.23,361,A 1% price increase leads to a 3.65% decrease in demand. Highly price-sensitive.
20756,Unknown,General,-3.6524,Highly Elastic,0.01,0.5856,6.6271,False,0.8581,0.81,0.89,0.0252,8.53,32,A 1% price increase leads to a 3.65% decrease in demand. Highly price-sensitive.
22272,Damaged,General,-3.6398,Highly Elastic,0.0155,0.1771,2.6802,False,2.9355,2.55,3.08,0.0297,9.34,119,A 1% price increase leads to a 3.64% decrease in demand. Highly price-sensitive.
23319,BOX OF 6 MINI 50'S CRACKERS,General,-3.6386,Highly Elastic,0.0133,0.006,1.3189,True,2.4642,2.1071,2.59,0.0305,13.21,567,A 1% price increase leads to a 3.64% decrease in demand. Highly price-sensitive.
72130,COLUMBIAN CANDLE ROUND,General,-3.6314,Highly Elastic,0.0173,0.3527,3.8711,False,0.6373,0.53,0.67,0.0341,9.79,52,A 1% price increase leads to a 3.63% decrease in demand. Highly price-sensitive.
23426,METAL SIGN DROP YOUR PANTS,General,-3.6237,Highly Elastic,0.0304,0.0014,1.1243,True,2.8326,1.66,2.97,0.0404,12.22,333,A 1% price increase leads to a 3.62% decrease in demand. Highly price-sensitive.
21499,BLUE POLKADOT WRAP,General,-3.6168,Highly Elastic,0.0116,0.0269,1.6286,True,0.4163,0.34,0.44,0.0316,15.49,423,A 1% price increase leads to a 3.62% decrease in demand. Highly price-sensitive.
21561,DINOSAUR LUNCH BOX WITH CUTLERY,General,-3.6162,Highly Elastic,0.031,0.0008,1.0692,True,2.5884,2.1,4.96,0.0579,9.85,359,A 1% price increase leads to a 3.62% decrease in demand. Highly price-sensitive.
21833,damages,General,-3.6121,Highly Elastic,0.0109,0.1004,2.1901,False,1.6746,1.49,1.76,0.0289,14.28,248,A 1% price increase leads to a 3.61% decrease in demand. Highly price-sensitive.
23423,PANTRY 3 HOOK ROLLING PIN HANGER,General,-3.6065,Highly Elastic,0.0117,0.2616,3.1957,False,3.7433,3.57,3.93,0.0271,9.52,110,A 1% price increase leads to a 3.61% decrease in demand. Highly price-sensitive.
22326,ROUND SNACK BOXES SET OF4 WOODLAND ,General,-3.6054,Highly Elastic,0.0107,0.0025,1.187,True,2.9393,2.5582,3.09,0.0286,16.12,852,A 1% price increase leads to a 3.61% decrease in demand. Highly price-sensitive.
23082,SET 6 PAPER TABLE LANTERN HEARTS ,General,-3.6017,Highly Elastic,0.0114,0.0192,1.5324,True,3.7229,3.29,3.9176,0.0282,12.54,483,A 1% price increase leads to a 3.6% decrease in demand. Highly price-sensitive.
21259,Unknown,General,-3.6007,Highly Elastic,0.0142,0.0078,1.3471,True,5.9382,4.95,7.252,0.032,10.94,498,A 1% price increase leads to a 3.6% decrease in demand. Highly price-sensitive.
20728,LUNCH BAG CARS BLUE,General,-3.5964,Highly Elastic,0.0086,0.0024,1.1833,True,1.6479,1.45,1.8567,0.026,18.82,1065,A 1% price increase leads to a 3.6% decrease in demand. Highly price-sensitive.
23085,ANTIQUE SILVER BAUBLE LAMP  ,General,-3.596,Highly Elastic,0.0263,0.0495,1.8156,True,10.0381,8.25,10.53,0.0427,11.1,147,A 1% price increase leads to a 3.6% decrease in demand. Highly price-sensitive.
22980,PANTRY SCRUBBING BRUSH,General,-3.5909,Highly Elastic,0.0238,0.0008,1.066,True,1.6576,1.4514,3.29,0.0537,12.13,468,A 1% price increase leads to a 3.59% decrease in demand. Highly price-sensitive.
23579,Unknown,General,-3.5888,Highly Elastic,0.0113,0.3522,3.8339,False,1.9274,1.71,2.02,0.0299,9.67,79,A 1% price increase leads to a 3.59% decrease in demand. Highly price-sensitive.
22284,HEN HOUSE DECORATION,General,-3.5868,Highly Elastic,0.0125,0.1012,2.1787,False,1.65,1.57,1.73,0.026,9.82,216,A 1% price increase leads to a 3.59% decrease in demand. Highly price-sensitive.
22622,BOX OF VINTAGE ALPHABET BLOCKS,General,-3.579,Highly Elastic,0.031,0.0002,0.9622,True,10.9458,8.5296,11.95,0.0465,10.41,435,A 1% price increase leads to a 3.58% decrease in demand. Highly price-sensitive.
21872,GLAMOROUS  MUG,General,-3.5785,Highly Elastic,0.0634,0.0,0.8007,True,1.2664,0.8,3.29,0.1001,10.87,297,A 1% price increase leads to a 3.58% decrease in demand. Highly price-sensitive.
21651,Unknown,General,-3.5783,Highly Elastic,0.0096,0.5643,6.149,False,1.643,1.57,1.72,0.0267,10.81,37,A 1% price increase leads to a 3.58% decrease in demand. Highly price-sensitive.
22432,WATERING CAN PINK BUNNY,General,-3.5767,Highly Elastic,0.0149,0.0091,1.3647,True,1.9539,1.65,2.2614,0.0313,10.6,455,A 1% price increase leads to a 3.58% decrease in demand. Highly price-sensitive.
21116,Unknown,General,-3.5755,Highly Elastic,0.0283,0.0035,1.2136,True,4.9635,4.25,8.29,0.0491,8.62,300,A 1% price increase leads to a 3.58% decrease in demand. Highly price-sensitive.
22985,WRAP BILLBOARD FONTS DESIGN,General,-3.5752,Highly Elastic,0.0109,0.1272,2.3348,False,0.4182,0.34,0.44,0.0299,16.86,215,A 1% price increase leads to a 3.58% decrease in demand. Highly price-sensitive.
22768,FAMILY PHOTO FRAME CORNICE,General,-3.5738,Highly Elastic,0.0119,0.0214,1.5475,True,9.8711,8.5,10.37,0.0291,9.24,445,A 1% price increase leads to a 3.57% decrease in demand. Highly price-sensitive.
23209,LUNCH BAG VINTAGE DOILY ,General,-3.5728,Highly Elastic,0.0074,0.0058,1.2933,True,1.6491,1.48,1.73,0.0255,21.35,1020,A 1% price increase leads to a 3.57% decrease in demand. Highly price-sensitive.
22524,Unknown,General,-3.5723,Highly Elastic,0.0104,0.2198,2.8988,False,1.2441,1.0773,1.31,0.0278,10.9,147,A 1% price increase leads to a 3.57% decrease in demand. Highly price-sensitive.
21686,Unknown,General,-3.571,Highly Elastic,0.0094,0.4934,5.1751,False,39.7246,38.03,41.9,0.0254,8.67,52,A 1% price increase leads to a 3.57% decrease in demand. Highly price-sensitive.
22984,CARD GINGHAM ROSE ,General,-3.5686,Highly Elastic,0.0324,0.0025,1.1702,True,0.424,0.36,0.83,0.0645,12.08,280,A 1% price increase leads to a 3.57% decrease in demand. Highly price-sensitive.
22805,BLUE DRAWER KNOB ACRYLIC EDWARDIAN,General,-3.5555,Highly Elastic,0.0111,0.0825,2.0402,False,1.2503,1.06,1.31,0.0278,11.18,272,A 1% price increase leads to a 3.56% decrease in demand. Highly price-sensitive.
22300,COFFEE MUG DOG + BALL DESIGN,General,-3.5526,Highly Elastic,0.0467,0.0002,0.9576,True,2.5122,1.12,2.64,0.0447,10.92,283,A 1% price increase leads to a 3.55% decrease in demand. Highly price-sensitive.
23191,BUNDLE OF 3 RETRO EXERCISE BOOKS,General,-3.5523,Highly Elastic,0.0105,0.0263,1.5935,True,1.6656,1.4618,1.9575,0.029,13.34,470,A 1% price increase leads to a 3.55% decrease in demand. Highly price-sensitive.
22573,STAR WOODEN CHRISTMAS DECORATION,General,-3.5492,Highly Elastic,0.0403,0.0006,1.0242,True,0.8979,0.72,1.63,0.0767,15.64,288,A 1% price increase leads to a 3.55% decrease in demand. Highly price-sensitive.
21713,CITRONELLA CANDLE FLOWERPOT,General,-3.545,Highly Elastic,0.0115,0.1143,2.2356,False,2.0984,1.85,2.2,0.0262,9.63,218,A 1% price increase leads to a 3.54% decrease in demand. Highly price-sensitive.
21910,Unknown,General,-3.5444,Highly Elastic,0.008,0.7329,10.1933,False,1.6341,1.58,1.72,0.024,7.71,17,A 1% price increase leads to a 3.54% decrease in demand. Highly price-sensitive.
23286,BLUE VINTAGE SPOT BEAKER,General,-3.5427,Highly Elastic,0.0129,0.0545,1.8352,False,0.8465,0.72,0.89,0.0293,10.81,287,A 1% price increase leads to a 3.54% decrease in demand. Highly price-sensitive.
21975,PACK OF 60 DINOSAUR CAKE CASES,General,-3.542,Highly Elastic,0.0241,0.0,0.8046,True,0.5597,0.4,1.25,0.0569,16.93,788,A 1% price increase leads to a 3.54% decrease in demand. Highly price-sensitive.
20764,ABSTRACT CIRCLES SKETCHBOOK ,General,-3.5388,Highly Elastic,0.0084,0.2761,3.2368,False,3.7329,3.56,3.93,0.0256,7.97,143,A 1% price increase leads to a 3.54% decrease in demand. Highly price-sensitive.
22615,PACK OF 12 CIRCUS PARADE TISSUES ,General,-3.5265,Highly Elastic,0.0992,0.0,0.8201,True,0.3271,0.25,0.83,0.1341,14.28,170,A 1% price increase leads to a 3.53% decrease in demand. Highly price-sensitive.
23390,DOLLY GIRL MINI RUCKSACK,General,-3.5241,Highly Elastic,0.012,0.0806,2.0089,False,4.1345,3.75,4.34,0.0284,9.75,256,A 1% price increase leads to a 3.52% decrease in demand. Highly price-sensitive.
17012A,Unknown,General,-3.5237,Highly Elastic,0.0082,0.528,5.5439,False,0.8553,0.81,0.89,0.0231,9.29,51,A 1% price increase leads to a 3.52% decrease in demand. Highly price-sensitive.
21520,BOOZE & WOMEN GREETING CARD ,General,-3.5229,Highly Elastic,0.0149,0.278,3.2248,False,0.416,0.36,0.44,0.031,9.72,81,A 1% price increase leads to a 3.52% decrease in demand. Highly price-sensitive.
23283,Unknown,General,-3.5211,Highly Elastic,0.0183,0.0055,1.2625,True,7.8497,6.75,8.26,0.0346,10.41,419,A 1% price increase leads to a 3.52% decrease in demand. Highly price-sensitive.
82494L,crushed ctn,General,-3.5165,Highly Elastic,0.0107,0.0011,1.0732,True,2.9312,2.55,3.2969,0.0283,16.62,997,A 1% price increase leads to a 3.52% decrease in demand. Highly price-sensitive.
23501,KEY RING BASEBALL BOOT UNION JACK,General,-3.5116,Highly Elastic,0.0129,0.1186,2.2397,False,1.2253,1.0481,1.29,0.0348,14.53,190,A 1% price increase leads to a 3.51% decrease in demand. Highly price-sensitive.
23469,CARD HOLDER LOVE BIRD SMALL,General,-3.5106,Highly Elastic,0.0079,0.3613,3.8286,False,4.1617,3.95,4.33,0.0241,10.96,107,A 1% price increase leads to a 3.51% decrease in demand. Highly price-sensitive.
23300,GARDENERS KNEELING PAD CUP OF TEA ,General,-3.5091,Highly Elastic,0.0111,0.0035,1.1988,True,1.66,1.45,2.0468,0.0295,13.9,768,A 1% price increase leads to a 3.51% decrease in demand. Highly price-sensitive.
84950,ASSORTED COLOUR T-LIGHT HOLDER,General,-3.5053,Highly Elastic,0.0467,0.0051,1.2336,True,0.667,0.55,1.38,0.0894,22.91,167,A 1% price increase leads to a 3.51% decrease in demand. Highly price-sensitive.
75178,ASSTD COL BUTTERFLY/CRYSTAL W/CHIME,General,-3.5031,Highly Elastic,0.3334,0.0004,0.8896,True,1.0855,0.42,1.25,0.1231,11.79,33,A 1% price increase leads to a 3.5% decrease in demand. Highly price-sensitive.
22457,NATURAL SLATE HEART CHALKBOARD ,General,-3.5026,Highly Elastic,0.0112,0.0004,0.9924,True,2.9605,2.566,4.1925,0.0314,19.61,1100,A 1% price increase leads to a 3.5% decrease in demand. Highly price-sensitive.
22921,HERB MARKER CHIVES ,General,-3.4969,Highly Elastic,0.0096,0.0504,1.7815,False,0.6502,0.62,0.68,0.0267,10.36,401,A 1% price increase leads to a 3.5% decrease in demand. Highly price-sensitive.
22243,5 HOOK HANGER RED MAGIC TOADSTOOL,General,-3.4912,Highly Elastic,0.011,0.1058,2.1503,False,1.6403,1.45,1.72,0.0297,12.67,239,A 1% price increase leads to a 3.49% decrease in demand. Highly price-sensitive.
22516,CHILDS GARDEN RAKE BLUE,General,-3.4813,Highly Elastic,0.0153,0.3084,3.3919,False,2.0807,1.85,2.18,0.031,7.81,70,A 1% price increase leads to a 3.48% decrease in demand. Highly price-sensitive.
90010E,AMBER GLASS/SILVER BRACELET,General,-3.4791,Highly Elastic,0.0101,0.7005,8.8733,False,8.9424,8.51,9.36,0.0267,4.94,17,A 1% price increase leads to a 3.48% decrease in demand. Highly price-sensitive.
21917,SET 12 KIDS  WHITE CHALK STICKS,General,-3.4657,Highly Elastic,0.0225,0.0052,1.2336,True,0.4243,0.3646,0.83,0.0583,13.5,345,A 1% price increase leads to a 3.47% decrease in demand. Highly price-sensitive.
84985A,SET OF 72 GREEN PAPER DOILIES,General,-3.4604,Highly Elastic,0.0092,0.3947,4.0435,False,1.4494,1.38,1.52,0.0258,8.3,81,A 1% price increase leads to a 3.46% decrease in demand. Highly price-sensitive.
22558,CLOTHES PEGS RETROSPOT PACK 24 ,General,-3.4559,Highly Elastic,0.0178,0.0001,0.868,True,1.5825,1.25,2.3529,0.0394,16.27,877,A 1% price increase leads to a 3.46% decrease in demand. Highly price-sensitive.
23225,CHERUB HEART DECORATION SILVER ,General,-3.4552,Highly Elastic,0.1042,0.0003,0.9208,True,0.9244,0.72,1.63,0.111,14.02,123,A 1% price increase leads to a 3.46% decrease in demand. Highly price-sensitive.
71406C,BLACK ORANGE SQUEEZER,General,-3.4542,Highly Elastic,0.0109,0.4893,4.9535,False,0.4205,0.4,0.44,0.0285,10.02,46,A 1% price increase leads to a 3.45% decrease in demand. Highly price-sensitive.
47481,50CM METAL STRING WITH  7 CLIPS,General,-3.4541,Highly Elastic,0.0088,0.5967,6.4622,False,0.8524,0.82,0.89,0.0208,5.62,34,A 1% price increase leads to a 3.45% decrease in demand. Highly price-sensitive.
22931,BAKING MOULD HEART WHITE CHOCOLATE,General,-3.4518,Highly Elastic,0.0137,0.0576,1.8096,False,2.5367,2.1,2.66,0.0308,9.27,263,A 1% price increase leads to a 3.45% decrease in demand. Highly price-sensitive.
22367,CHILDRENS APRON SPACEBOY DESIGN,General,-3.4515,Highly Elastic,0.0136,0.0013,1.0674,True,1.9741,1.65,2.822,0.033,13.58,759,A 1% price increase leads to a 3.45% decrease in demand. Highly price-sensitive.
21578,found,General,-3.451,Highly Elastic,0.0096,0.1791,2.5587,False,2.2394,2.14,2.36,0.0267,9.83,190,A 1% price increase leads to a 3.45% decrease in demand. Highly price-sensitive.
23437,GIFT BAG LARGE 50'S CHRISTMAS,General,-3.4458,Highly Elastic,0.0118,0.1137,2.1694,False,1.2484,1.0573,1.31,0.031,14.15,213,A 1% price increase leads to a 3.45% decrease in demand. Highly price-sensitive.
22047,EMPIRE GIFT WRAP,General,-3.4437,Highly Elastic,0.0108,0.1206,2.2099,False,0.4167,0.34,0.44,0.0315,15.31,224,A 1% price increase leads to a 3.44% decrease in demand. Highly price-sensitive.
23227,FILIGREE HEART BUTTERFLY WHITE ,General,-3.4412,Highly Elastic,0.012,0.1182,2.1932,False,1.2389,1.04,1.3,0.0311,12.96,205,A 1% price increase leads to a 3.44% decrease in demand. Highly price-sensitive.
23338,EGG FRYING PAN RED ,General,-3.439,Highly Elastic,0.0093,0.1905,2.6171,False,2.0765,1.8547,2.18,0.0271,9.11,186,A 1% price increase leads to a 3.44% decrease in demand. Highly price-sensitive.
22150,3 STRIPEY MICE FELTCRAFT,General,-3.4368,Highly Elastic,0.0097,0.0084,1.3008,True,1.952,1.65,2.0953,0.028,12.15,713,A 1% price increase leads to a 3.44% decrease in demand. Highly price-sensitive.
85230A,OPIUM SCENTED VOTIVE CANDLE,General,-3.4261,Highly Elastic,0.0438,0.1628,2.4138,False,0.2711,0.21,0.29,0.0627,13.28,46,A 1% price increase leads to a 3.43% decrease in demand. Highly price-sensitive.
23171,REGENCY TEA PLATE GREEN ,General,-3.4213,Highly Elastic,0.0246,0.0007,0.9977,True,1.6767,1.45,3.29,0.0547,13.13,468,A 1% price increase leads to a 3.42% decrease in demand. Highly price-sensitive.
21507,ELEPHANT BIRTHDAY CARD ,General,-3.4211,Highly Elastic,0.0254,0.0019,1.0954,True,0.4252,0.36,0.83,0.0582,13.36,376,A 1% price increase leads to a 3.42% decrease in demand. Highly price-sensitive.
22725,ALARM CLOCK BAKELIKE CHOCOLATE,General,-3.4211,Highly Elastic,0.0089,0.025,1.5224,True,3.741,3.39,3.93,0.0261,11.59,564,A 1% price increase leads to a 3.42% decrease in demand. Highly price-sensitive.
82483,crushed,General,-3.421,Highly Elastic,0.0243,0.0,0.7796,True,6.636,4.95,8.386,0.0407,11.96,775,A 1% price increase leads to a 3.42% decrease in demand. Highly price-sensitive.
22680,FRENCH BLUE METAL DOOR SIGN 5,General,-3.4111,Highly Elastic,0.008,0.2126,2.7279,False,1.2462,1.19,1.31,0.0267,10.48,196,A 1% price increase leads to a 3.41% decrease in demand. Highly price-sensitive.
22433,WATERING CAN GREEN DINOSAUR,General,-3.4086,Highly Elastic,0.0126,0.027,1.5358,True,1.9297,1.65,2.03,0.0313,10.35,388,A 1% price increase leads to a 3.41% decrease in demand. Highly price-sensitive.
47594A,CAROUSEL DESIGN WASHBAG,General,-3.406,Highly Elastic,0.0054,0.6692,7.9026,False,1.9497,1.87,2.04,0.0234,8.22,36,A 1% price increase leads to a 3.41% decrease in demand. Highly price-sensitive.
85152,Unknown,General,-3.3984,Highly Elastic,0.0217,0.0,0.7731,True,2.0958,1.53,4.13,0.0481,16.32,872,A 1% price increase leads to a 3.4% decrease in demand. Highly price-sensitive.
21981,PACK OF 12 WOODLAND TISSUES ,General,-3.3881,Highly Elastic,0.0749,0.0,0.6039,True,0.3291,0.21,0.83,0.1266,17.87,391,A 1% price increase leads to a 3.39% decrease in demand. Highly price-sensitive.
22279,POCKET BAG BLUE PAISLEY RED SPOT,General,-3.3671,Highly Elastic,0.0086,0.2841,3.1309,False,1.2578,1.19,1.31,0.0247,9.44,135,A 1% price increase leads to a 3.37% decrease in demand. Highly price-sensitive.
84029E,Unknown,General,-3.3584,Highly Elastic,0.014,0.0029,1.1227,True,3.9721,3.1287,4.25,0.0342,13.51,634,A 1% price increase leads to a 3.36% decrease in demand. Highly price-sensitive.
22819,"BIRTHDAY CARD, RETRO SPOT",General,-3.3557,Highly Elastic,0.0101,0.1157,2.1255,False,0.4197,0.4,0.44,0.0268,10.39,246,A 1% price increase leads to a 3.36% decrease in demand. Highly price-sensitive.
90120C,GREEN MURANO TWIST BRACELET,General,-3.351,Highly Elastic,0.0094,0.6231,6.7365,False,4.2579,4.06,4.43,0.027,12.32,28,A 1% price increase leads to a 3.35% decrease in demand. Highly price-sensitive.
23042,PAPER LANTERN 7 POINT SNOW STAR,General,-3.3507,Highly Elastic,0.008,0.4496,4.4076,False,6.636,6.34,6.96,0.0243,10.16,74,A 1% price increase leads to a 3.35% decrease in demand. Highly price-sensitive.
22621,TRADITIONAL KNITTING NANCY,General,-3.3427,Highly Elastic,0.0155,0.0009,1.0016,True,1.6284,1.2926,1.8616,0.0351,14.32,709,A 1% price increase leads to a 3.34% decrease in demand. Highly price-sensitive.
22606,check,General,-3.3426,Highly Elastic,0.0239,0.0108,1.3019,True,15.3114,12.75,16.05,0.0419,7.87,271,A 1% price increase leads to a 3.34% decrease in demand. Highly price-sensitive.
21749,LARGE RED RETROSPOT WINDMILL,General,-3.3411,Highly Elastic,0.0102,0.1484,2.3032,False,2.0848,1.85,2.19,0.0286,9.51,207,A 1% price increase leads to a 3.34% decrease in demand. Highly price-sensitive.
84637,KITCHEN FLOWER POTS WALL PLAQUE,General,-3.3381,Highly Elastic,0.0066,0.6173,6.6246,False,5.9465,5.66,6.2,0.0252,8.53,40,A 1% price increase leads to a 3.34% decrease in demand. Highly price-sensitive.
23142,IVORY WIRE KITCHEN ORGANISER,General,-3.3378,Highly Elastic,0.01,0.4059,3.991,False,10.3297,9.15,10.78,0.0301,10.0,71,A 1% price increase leads to a 3.34% decrease in demand. Highly price-sensitive.
22752,SET 7 BABUSHKA NESTING BOXES,General,-3.3329,Highly Elastic,0.0619,0.0,0.5572,True,8.1653,3.95,16.63,0.0684,11.35,544,A 1% price increase leads to a 3.33% decrease in demand. Highly price-sensitive.
15056BL,EDWARDIAN PARASOL BLACK,General,-3.3303,Highly Elastic,0.0412,0.0,0.6948,True,5.8976,2.5816,12.46,0.0625,11.44,537,A 1% price increase leads to a 3.33% decrease in demand. Highly price-sensitive.
22654,DELUXE SEWING KIT ,General,-3.327,Highly Elastic,0.0145,0.013,1.3342,True,6.0082,4.95,7.37,0.0333,9.98,426,A 1% price increase leads to a 3.33% decrease in demand. Highly price-sensitive.
21086,SET/6 RED SPOTTY PAPER CUPS,General,-3.3181,Highly Elastic,0.0284,0.0001,0.838,True,0.6527,0.53,1.63,0.0719,15.37,539,A 1% price increase leads to a 3.32% decrease in demand. Highly price-sensitive.
23316,RED REFECTORY CLOCK ,General,-3.3179,Highly Elastic,0.0151,0.0764,1.8631,False,9.7709,8.15,10.27,0.0337,9.43,209,A 1% price increase leads to a 3.32% decrease in demand. Highly price-sensitive.
22963,JAM JAR WITH BLUE LID,General,-3.3154,Highly Elastic,0.0115,0.0165,1.3781,True,0.8415,0.72,0.88,0.03,12.7,498,A 1% price increase leads to a 3.32% decrease in demand. Highly price-sensitive.
90155,RESIN NECKLACE W PASTEL BEADS,General,-3.311,Highly Elastic,0.0141,0.6495,7.14,False,7.4353,7.15,7.76,0.026,5.71,17,A 1% price increase leads to a 3.31% decrease in demand. Highly price-sensitive.
20619,TROPICAL PASSPORT COVER ,General,-3.3105,Highly Elastic,0.0238,0.4154,4.0046,False,2.017,1.69,2.11,0.0419,6.73,30,A 1% price increase leads to a 3.31% decrease in demand. Highly price-sensitive.
22305,COFFEE MUG PINK PAISLEY DESIGN,General,-3.3085,Highly Elastic,0.0517,0.0128,1.3094,True,2.6541,2.1,4.96,0.0877,12.24,119,A 1% price increase leads to a 3.31% decrease in demand. Highly price-sensitive.
22106,MIRROR MOSAIC HURRICANE LAMP ,General,-3.3078,Highly Elastic,0.0085,0.6991,8.4211,False,6.721,6.43,7.08,0.0274,8.4,20,A 1% price increase leads to a 3.31% decrease in demand. Highly price-sensitive.
22812,Unknown,General,-3.304,Highly Elastic,0.0496,0.0001,0.8307,True,2.0835,1.7006,4.13,0.0867,11.14,305,A 1% price increase leads to a 3.3% decrease in demand. Highly price-sensitive.
23217,LAUREL HEART ANTIQUE SILVER,General,-3.2997,Highly Elastic,0.08,0.0002,0.8762,True,1.3255,1.04,2.46,0.1092,12.42,165,A 1% price increase leads to a 3.3% decrease in demand. Highly price-sensitive.
84678,Unknown,General,-3.2961,Highly Elastic,0.1588,0.0239,1.3849,True,2.2963,1.25,2.55,0.0962,10.62,32,A 1% price increase leads to a 3.3% decrease in demand. Highly price-sensitive.
82482,WOODEN PICTURE FRAME WHITE FINISH,General,-3.2919,Highly Elastic,0.022,0.0,0.6732,True,2.6333,1.9433,3.66,0.0422,17.78,1064,A 1% price increase leads to a 3.29% decrease in demand. Highly price-sensitive.
22603,CHRISTMAS RETROSPOT TREE WOOD,General,-3.285,Highly Elastic,0.0416,0.0007,0.9619,True,0.8903,0.72,1.63,0.0786,10.96,271,A 1% price increase leads to a 3.29% decrease in demand. Highly price-sensitive.
23132,SMALL IVORY HEART WALL ORGANISER,General,-3.2804,Highly Elastic,0.0442,0.0012,0.9975,True,5.7878,3.9881,12.46,0.0842,10.13,236,A 1% price increase leads to a 3.28% decrease in demand. Highly price-sensitive.
20618,QUEEN OF THE SKIES PASSPORT COVER ,General,-3.2694,Highly Elastic,0.0141,0.3742,3.6497,False,2.0612,1.69,2.16,0.0336,8.9,58,A 1% price increase leads to a 3.27% decrease in demand. Highly price-sensitive.
22907,PACK OF 20 NAPKINS PANTRY DESIGN,General,-3.2673,Highly Elastic,0.0082,0.011,1.2812,True,0.8464,0.72,0.89,0.0278,14.96,791,A 1% price increase leads to a 3.27% decrease in demand. Highly price-sensitive.
22135,MINI LADLE LOVE HEART PINK,General,-3.2649,Highly Elastic,0.0074,0.438,4.1888,False,0.4189,0.4,0.44,0.0278,10.02,83,A 1% price increase leads to a 3.26% decrease in demand. Highly price-sensitive.
22415,Unknown,General,-3.2534,Highly Elastic,0.0122,0.497,4.7439,False,7.9188,7.55,8.31,0.0278,6.1,40,A 1% price increase leads to a 3.25% decrease in demand. Highly price-sensitive.
22962,JAM JAR WITH PINK LID,General,-3.2517,Highly Elastic,0.0109,0.0193,1.3857,True,0.8393,0.72,0.88,0.0317,12.46,504,A 1% price increase leads to a 3.25% decrease in demand. Highly price-sensitive.
84313C,damaged,General,-3.2498,Highly Elastic,0.0932,0.0198,1.3542,True,2.1816,1.95,4.25,0.134,13.36,58,A 1% price increase leads to a 3.25% decrease in demand. Highly price-sensitive.
23268,Unknown,General,-3.2454,Highly Elastic,0.0499,0.0065,1.1761,True,1.532,1.25,2.92,0.085,13.78,147,A 1% price increase leads to a 3.25% decrease in demand. Highly price-sensitive.
22784,Unknown,General,-3.2387,Highly Elastic,0.0147,0.009,1.234,True,4.9263,4.25,6.41,0.0342,10.18,465,A 1% price increase leads to a 3.24% decrease in demand. Highly price-sensitive.
21500,PINK POLKADOT WRAP ,General,-3.2361,Highly Elastic,0.0097,0.0302,1.4884,True,0.4149,0.34,0.44,0.03,15.62,487,A 1% price increase leads to a 3.24% decrease in demand. Highly price-sensitive.
22216,T-LIGHT HOLDER WHITE LACE,General,-3.2345,Highly Elastic,0.3499,0.0,0.6363,True,0.5121,0.29,0.85,0.1547,9.48,50,A 1% price increase leads to a 3.23% decrease in demand. Highly price-sensitive.
23212,PAINTED HEART WREATH WITH BELL,General,-3.2315,Highly Elastic,0.0097,0.1225,2.0852,False,1.2413,1.04,1.3,0.029,11.23,248,A 1% price increase leads to a 3.23% decrease in demand. Highly price-sensitive.
21556,CERAMIC STRAWBERRY MONEY BOX,General,-3.2297,Highly Elastic,0.0091,0.3342,3.3289,False,2.5198,2.25,2.64,0.0307,9.56,105,A 1% price increase leads to a 3.23% decrease in demand. Highly price-sensitive.
21454,PAINTED PINK RABBIT ,General,-3.2286,Highly Elastic,0.0073,0.3892,3.7335,False,0.8467,0.81,0.89,0.0264,10.31,104,A 1% price increase leads to a 3.23% decrease in demand. Highly price-sensitive.
23433,HANGING QUILTED PATCHWORK APPLES,General,-3.2141,Highly Elastic,0.0093,0.1992,2.4939,False,0.8278,0.742,0.87,0.0287,11.56,178,A 1% price increase leads to a 3.21% decrease in demand. Highly price-sensitive.
22847,Unknown,General,-3.2075,Highly Elastic,0.0113,0.0099,1.2402,True,16.4413,14.95,17.26,0.0326,11.61,587,A 1% price increase leads to a 3.21% decrease in demand. Highly price-sensitive.
22900,SET 2 TEA TOWELS I LOVE LONDON ,General,-3.2052,Highly Elastic,0.0113,0.007,1.1844,True,3.1216,2.55,3.28,0.0318,11.84,644,A 1% price increase leads to a 3.21% decrease in demand. Highly price-sensitive.
21340,CLASSIC METAL BIRDCAGE PLANT HOLDER,General,-3.1984,Highly Elastic,0.0238,0.0013,0.9861,True,12.2274,9.95,12.86,0.0438,9.94,434,A 1% price increase leads to a 3.2% decrease in demand. Highly price-sensitive.
20829,GLITTER HANGING BUTTERFLY STRING,General,-3.1945,Highly Elastic,0.0277,0.0031,1.0727,True,2.1696,1.69,4.13,0.0611,11.26,313,A 1% price increase leads to a 3.19% decrease in demand. Highly price-sensitive.
21984,PACK OF 12 PINK PAISLEY TISSUES ,General,-3.1925,Highly Elastic,0.0693,0.0,0.6665,True,0.3438,0.25,0.83,0.1048,14.4,310,A 1% price increase leads to a 3.19% decrease in demand. Highly price-sensitive.
85024C,PINK SMALL JEWELLED PHOTOFRAME,General,-3.1902,Highly Elastic,0.0049,0.7273,9.0474,False,1.6555,1.57,1.73,0.0237,8.22,27,A 1% price increase leads to a 3.19% decrease in demand. Highly price-sensitive.
22556,PLASTERS IN TIN CIRCUS PARADE ,General,-3.1867,Highly Elastic,0.0092,0.0059,1.1553,True,1.6681,1.458,2.1967,0.0303,14.81,818,A 1% price increase leads to a 3.19% decrease in demand. Highly price-sensitive.
21936,RED RETROSPOT PICNIC BAG,General,-3.1863,Highly Elastic,0.0154,0.0014,0.9927,True,2.9321,2.55,5.79,0.0483,13.65,661,A 1% price increase leads to a 3.19% decrease in demand. Highly price-sensitive.
23292,SPACEBOY CHILDRENS CUP,General,-3.183,Highly Elastic,0.0259,0.0038,1.0914,True,1.2767,1.058,2.46,0.0601,11.38,322,A 1% price increase leads to a 3.18% decrease in demand. Highly price-sensitive.
22110,BIRD HOUSE HOT WATER BOTTLE,General,-3.1725,Highly Elastic,0.0088,0.1018,1.9333,False,2.554,2.42,2.68,0.0262,8.77,306,A 1% price increase leads to a 3.17% decrease in demand. Highly price-sensitive.
23271,CHRISTMAS TABLE SILVER CANDLE SPIKE,General,-3.1725,Highly Elastic,0.0156,0.1185,2.0211,False,0.8461,0.69,1.0967,0.0415,14.58,157,A 1% price increase leads to a 3.17% decrease in demand. Highly price-sensitive.
22171,Unknown,General,-3.1712,Highly Elastic,0.0105,0.0188,1.3458,True,8.4061,5.9848,8.83,0.0307,10.94,526,A 1% price increase leads to a 3.17% decrease in demand. Highly price-sensitive.
23351,ROLL WRAP 50'S CHRISTMAS,General,-3.169,Highly Elastic,0.0095,0.0371,1.5156,True,1.2451,1.07,1.31,0.0297,13.75,459,A 1% price increase leads to a 3.17% decrease in demand. Highly price-sensitive.
85125,Unknown,General,-3.1586,Highly Elastic,0.0116,0.6415,6.6758,False,4.9681,4.72,5.2,0.0253,6.0,21,A 1% price increase leads to a 3.16% decrease in demand. Highly price-sensitive.
21264,WHITE GOOSE FEATHER TREE 60CM ,General,-3.1578,Highly Elastic,0.0076,0.3772,3.5601,False,1.9404,1.85,2.04,0.0252,9.7,105,A 1% price increase leads to a 3.16% decrease in demand. Highly price-sensitive.
47590A,BLUE HAPPY BIRTHDAY BUNTING,General,-3.1484,Highly Elastic,0.0102,0.0127,1.2593,True,5.4166,4.65,5.69,0.0295,11.49,611,A 1% price increase leads to a 3.15% decrease in demand. Highly price-sensitive.
21354,TOAST ITS - BEST MUM,General,-3.1428,Highly Elastic,0.0148,0.1052,1.9298,False,1.2217,1.05,1.29,0.0348,9.91,178,A 1% price increase leads to a 3.14% decrease in demand. Highly price-sensitive.
22771,CLEAR DRAWER KNOB ACRYLIC EDWARDIAN,General,-3.1409,Highly Elastic,0.0094,0.0171,1.3133,True,1.241,0.85,1.466,0.0307,15.27,608,A 1% price increase leads to a 3.14% decrease in demand. Highly price-sensitive.
23359,SET OF 12 T-LIGHTS VINTAGE DOILY,General,-3.1374,Highly Elastic,0.0126,0.1944,2.4057,False,1.9212,1.65,2.02,0.0327,11.55,135,A 1% price increase leads to a 3.14% decrease in demand. Highly price-sensitive.
23211,RED ROCKING HORSE HAND PAINTED,General,-3.1369,Highly Elastic,0.01,0.174,2.2988,False,1.237,1.04,1.3,0.0311,11.53,186,A 1% price increase leads to a 3.14% decrease in demand. Highly price-sensitive.
21509,COWBOYS AND INDIANS BIRTHDAY CARD ,General,-3.1333,Highly Elastic,0.0223,0.0021,1.0132,True,0.4249,0.36,0.83,0.0556,13.99,421,A 1% price increase leads to a 3.13% decrease in demand. Highly price-sensitive.
22568,Unknown,General,-3.1271,Highly Elastic,0.0075,0.022,1.3625,True,3.7423,3.39,3.93,0.0272,13.23,702,A 1% price increase leads to a 3.13% decrease in demand. Highly price-sensitive.
21533,RETROSPOT LARGE MILK JUG,General,-3.1235,Highly Elastic,0.0095,0.0181,1.3178,True,4.8714,4.25,5.12,0.0305,11.54,590,A 1% price increase leads to a 3.12% decrease in demand. Highly price-sensitive.
22716,CARD CIRCUS PARADE,General,-3.1224,Highly Elastic,0.0344,0.0002,0.8411,True,0.4281,0.36,0.83,0.0736,12.12,389,A 1% price increase leads to a 3.12% decrease in demand. Highly price-sensitive.
16052,Unknown,General,-3.1219,Highly Elastic,0.1027,0.136,2.0135,False,0.2752,0.19,0.42,0.1646,29.17,23,A 1% price increase leads to a 3.12% decrease in demand. Highly price-sensitive.
21982,PACK OF 12 SUKI TISSUES ,General,-3.1215,Highly Elastic,0.0699,0.0,0.5334,True,0.3363,0.2047,0.83,0.1041,18.0,458,A 1% price increase leads to a 3.12% decrease in demand. Highly price-sensitive.
35933,Unknown,General,-3.1163,Highly Elastic,0.008,0.6573,6.9411,False,0.3789,0.36,0.4,0.0267,11.93,27,A 1% price increase leads to a 3.12% decrease in demand. Highly price-sensitive.
85184C,SET 4 VALENTINE DECOUPAGE HEART BOX,General,-3.1129,Highly Elastic,0.1465,0.0,0.4723,True,2.6237,1.25,2.95,0.0941,12.16,255,A 1% price increase leads to a 3.11% decrease in demand. Highly price-sensitive.
21544,SKULLS  WATER TRANSFER TATTOOS ,General,-3.1122,Highly Elastic,0.0121,0.0779,1.7583,False,0.841,0.65,0.88,0.0333,13.02,257,A 1% price increase leads to a 3.11% decrease in demand. Highly price-sensitive.
23366,SET 12 COLOURING PENCILS DOILEY,General,-3.112,Highly Elastic,0.0079,0.1508,2.1599,False,0.6483,0.55,0.68,0.0284,13.83,263,A 1% price increase leads to a 3.11% decrease in demand. Highly price-sensitive.
22730,ALARM CLOCK BAKELIKE IVORY,General,-3.1072,Highly Elastic,0.0076,0.0164,1.2916,True,3.7419,3.4167,3.93,0.0261,13.16,762,A 1% price increase leads to a 3.11% decrease in demand. Highly price-sensitive.
79144B,PAINTED LIGHTBULB STAR+ MOON,General,-3.1059,Highly Elastic,0.0123,0.4963,4.5218,False,0.4214,0.4,0.44,0.032,10.28,40,A 1% price increase leads to a 3.11% decrease in demand. Highly price-sensitive.
22349,DOG BOWL CHASING BALL DESIGN,General,-3.1017,Highly Elastic,0.0156,0.0892,1.8155,False,3.7063,2.69,3.89,0.0344,8.67,186,A 1% price increase leads to a 3.1% decrease in demand. Highly price-sensitive.
15058A,wet/rusty,General,-3.1006,Highly Elastic,0.0117,0.2643,2.7629,False,7.765,6.75,8.15,0.033,8.12,108,A 1% price increase leads to a 3.1% decrease in demand. Highly price-sensitive.
21413,PERIWINKLE T-LIGHT HOLDER,General,-3.0947,Highly Elastic,0.0074,0.7261,8.6891,False,1.2547,1.19,1.31,0.0275,8.05,19,A 1% price increase leads to a 3.09% decrease in demand. Highly price-sensitive.
21411,GINGHAM HEART  DOORSTOP RED,General,-3.0917,Highly Elastic,0.1075,0.0,0.4159,True,3.6524,1.95,8.29,0.1014,10.98,461,A 1% price increase leads to a 3.09% decrease in demand. Highly price-sensitive.
22973,CHILDREN'S CIRCUS PARADE MUG,General,-3.0915,Highly Elastic,0.0091,0.1475,2.1273,False,1.6697,1.45,1.7762,0.0287,9.48,231,A 1% price increase leads to a 3.09% decrease in demand. Highly price-sensitive.
22508,DOORSTOP RETROSPOT HEART,General,-3.0903,Highly Elastic,0.0072,0.0664,1.6798,False,3.7444,3.39,3.93,0.0259,9.91,471,A 1% price increase leads to a 3.09% decrease in demand. Highly price-sensitive.
21448,Unknown,General,-3.0839,Highly Elastic,0.0071,0.3267,3.1327,False,1.6481,1.57,1.73,0.0255,7.64,137,A 1% price increase leads to a 3.08% decrease in demand. Highly price-sensitive.
22991,GIRAFFE WOODEN RULER,General,-3.0817,Highly Elastic,0.0156,0.0095,1.1825,True,2.0267,1.65,2.9409,0.0422,13.26,430,A 1% price increase leads to a 3.08% decrease in demand. Highly price-sensitive.
11001,ASSTD DESIGN RACING CAR PEN,General,-3.0794,Highly Elastic,0.1023,0.0001,0.74,True,1.8322,1.27,3.29,0.1227,12.73,154,A 1% price increase leads to a 3.08% decrease in demand. Highly price-sensitive.
22675,FRENCH KITCHEN SIGN BLUE METAL,General,-3.074,Highly Elastic,0.0458,0.0005,0.8765,True,1.292,1.06,2.46,0.0866,9.75,258,A 1% price increase leads to a 3.07% decrease in demand. Highly price-sensitive.
47566B,reverse previous adjustment,General,-3.073,Highly Elastic,0.0115,0.0083,1.1596,True,4.8464,3.75,5.09,0.0328,11.25,607,A 1% price increase leads to a 3.07% decrease in demand. Highly price-sensitive.
22023,EMPIRE BIRTHDAY CARD,General,-3.0616,Highly Elastic,0.0319,0.009,1.1617,True,0.4326,0.41,0.83,0.0699,10.63,213,A 1% price increase leads to a 3.06% decrease in demand. Highly price-sensitive.
22576,check,General,-3.0602,Highly Elastic,0.0226,0.0168,1.2718,True,0.8791,0.84,1.63,0.0607,11.29,252,A 1% price increase leads to a 3.06% decrease in demand. Highly price-sensitive.
22262,FELT EGG COSY CHICKEN,General,-3.0598,Highly Elastic,0.0296,0.0245,1.3479,True,0.8718,0.83,1.63,0.0723,10.85,171,A 1% price increase leads to a 3.06% decrease in demand. Highly price-sensitive.
21826,Unknown,General,-3.0581,Highly Elastic,0.0063,0.6548,6.7764,False,1.2468,1.19,1.3,0.0238,7.38,34,A 1% price increase leads to a 3.06% decrease in demand. Highly price-sensitive.
23096,PETIT TRAY CHIC,General,-3.0537,Highly Elastic,0.0315,0.0074,1.1307,True,1.7081,1.45,3.29,0.0691,9.47,226,A 1% price increase leads to a 3.05% decrease in demand. Highly price-sensitive.
23562,SET OF 6 RIBBONS PERFECTLY PRETTY  ,General,-3.0513,Highly Elastic,0.0104,0.2376,2.572,False,2.8569,2.5612,3.01,0.0309,10.54,136,A 1% price increase leads to a 3.05% decrease in demand. Highly price-sensitive.
22431,WATERING CAN BLUE ELEPHANT,General,-3.0497,Highly Elastic,0.0198,0.0017,0.966,True,1.9529,1.65,4.13,0.0584,13.01,496,A 1% price increase leads to a 3.05% decrease in demand. Highly price-sensitive.
21912,VINTAGE SNAKES & LADDERS,General,-3.0453,Highly Elastic,0.0122,0.0139,1.2339,True,3.7807,2.62,4.492,0.0321,10.85,495,A 1% price increase leads to a 3.05% decrease in demand. Highly price-sensitive.
22899,CHILDREN'S APRON DOLLY GIRL ,General,-3.0413,Highly Elastic,0.0199,0.0027,1.0072,True,2.1116,1.85,4.13,0.054,10.8,452,A 1% price increase leads to a 3.04% decrease in demand. Highly price-sensitive.
22489,PACK OF 12 TRADITIONAL CRAYONS,General,-3.0386,Highly Elastic,0.0196,0.0011,0.929,True,0.43,0.36,0.83,0.0628,16.1,538,A 1% price increase leads to a 3.04% decrease in demand. Highly price-sensitive.
22548,adjustment,General,-3.0367,Highly Elastic,0.0138,0.0239,1.3385,True,1.2574,0.85,1.855,0.0397,11.36,369,A 1% price increase leads to a 3.04% decrease in demand. Highly price-sensitive.
72807B,????missing,General,-3.0357,Highly Elastic,0.0094,0.2449,2.5998,False,4.2501,4.04,4.46,0.025,7.46,146,A 1% price increase leads to a 3.04% decrease in demand. Highly price-sensitive.
84352,Damages/samples,General,-3.0331,Highly Elastic,0.0098,0.4219,3.7527,False,16.7081,14.95,17.53,0.0304,7.35,68,A 1% price increase leads to a 3.03% decrease in demand. Highly price-sensitive.
23412,Unknown,General,-3.0319,Highly Elastic,0.0202,0.0747,1.6899,False,7.323,5.0457,7.71,0.0413,10.8,158,A 1% price increase leads to a 3.03% decrease in demand. Highly price-sensitive.
22667,damaged,General,-3.0295,Highly Elastic,0.0088,0.0123,1.2064,True,2.9249,2.55,3.07,0.0285,12.31,715,A 1% price increase leads to a 3.03% decrease in demand. Highly price-sensitive.
22829,Unknown,General,-3.0294,Highly Elastic,0.0113,0.0997,1.8328,False,9.7772,8.5,10.27,0.0332,9.26,242,A 1% price increase leads to a 3.03% decrease in demand. Highly price-sensitive.
79191D,RETRO PLASTIC DAISY TRAY,General,-3.0271,Highly Elastic,0.0035,0.7946,11.4715,False,0.8409,0.81,0.88,0.0251,11.77,22,A 1% price increase leads to a 3.03% decrease in demand. Highly price-sensitive.
22291,HANGING CHICK CREAM DECORATION,General,-3.0249,Highly Elastic,0.0084,0.259,2.6701,False,1.4452,1.38,1.52,0.0276,10.71,154,A 1% price increase leads to a 3.02% decrease in demand. Highly price-sensitive.
22681,FRENCH BLUE METAL DOOR SIGN 6,General,-3.0221,Highly Elastic,0.0272,0.016,1.2449,True,1.2874,1.19,2.46,0.0689,10.08,213,A 1% price increase leads to a 3.02% decrease in demand. Highly price-sensitive.
23188,VINTAGE  2 METRE FOLDING RULER,General,-3.0204,Highly Elastic,0.0085,0.049,1.5301,True,1.704,1.55,1.9233,0.0303,12.87,458,A 1% price increase leads to a 3.02% decrease in demand. Highly price-sensitive.
22634,CHILDS BREAKFAST SET SPACEBOY ,General,-3.0193,Highly Elastic,0.0123,0.0293,1.3798,True,9.7249,8.5,10.2,0.0339,9.88,386,A 1% price increase leads to a 3.02% decrease in demand. Highly price-sensitive.
23104,IVORY CAFE HANGING LAMP ,General,-3.017,Highly Elastic,0.0091,0.3486,3.2035,False,12.3681,10.4,12.99,0.0314,8.07,99,A 1% price increase leads to a 3.02% decrease in demand. Highly price-sensitive.
21122,SET/10 PINK POLKADOT PARTY CANDLES,General,-3.0165,Highly Elastic,0.0064,0.0525,1.5525,False,1.2464,1.06,1.31,0.0273,13.37,590,A 1% price increase leads to a 3.02% decrease in demand. Highly price-sensitive.
84535B,FAIRY CAKES NOTEBOOK A6 SIZE,General,-3.0049,Highly Elastic,0.0461,0.0022,0.9668,True,0.6507,0.42,1.46,0.0949,10.64,202,A 1% price increase leads to a 3.0% decrease in demand. Highly price-sensitive.
22614,PACK OF 12 SPACEBOY TISSUES,General,-3.0006,Highly Elastic,0.0418,0.0001,0.7779,True,0.3419,0.29,0.4238,0.0655,12.71,343,A 1% price increase leads to a 3.0% decrease in demand. Highly price-sensitive.
85088,CANDY SPOT HAND BAG,General,-2.9932,Highly Elastic,0.0168,0.3792,3.3713,False,2.0433,1.69,2.15,0.0381,8.71,48,A 1% price increase leads to a 2.99% decrease in demand. Highly price-sensitive.
21587,Unknown,General,-2.9921,Highly Elastic,0.0119,0.2686,2.69,False,2.5285,2.1,2.65,0.0313,9.66,105,A 1% price increase leads to a 2.99% decrease in demand. Highly price-sensitive.
21559,STRAWBERRY LUNCH BOX WITH CUTLERY,General,-2.9915,Highly Elastic,0.0139,0.0016,0.9442,True,2.5518,2.1074,4.96,0.0465,12.91,715,A 1% price increase leads to a 2.99% decrease in demand. Highly price-sensitive.
21202,DOLLY HONEYCOMB GARLAND,General,-2.9901,Highly Elastic,0.275,0.0017,0.872,True,1.4982,0.65,1.65,0.1102,7.48,33,A 1% price increase leads to a 2.99% decrease in demand. Highly price-sensitive.
82582,??,General,-2.9864,Highly Elastic,0.0081,0.0183,1.2629,True,2.0802,1.69,2.19,0.0286,12.76,687,A 1% price increase leads to a 2.99% decrease in demand. Highly price-sensitive.
23348,check,General,-2.982,Highly Elastic,0.0081,0.1507,2.0688,False,2.0738,1.8314,2.18,0.0284,9.59,258,A 1% price increase leads to a 2.98% decrease in demand. Highly price-sensitive.
22297,HEART IVORY TRELLIS SMALL,General,-2.9812,Highly Elastic,0.0072,0.0571,1.5633,False,1.2553,1.06,1.32,0.028,13.62,505,A 1% price increase leads to a 2.98% decrease in demand. Highly price-sensitive.
22028,Unknown,General,-2.9807,Highly Elastic,0.0207,0.007,1.099,True,0.4205,0.36,0.83,0.061,12.51,350,A 1% price increase leads to a 2.98% decrease in demand. Highly price-sensitive.
22158,Unknown,General,-2.9792,Highly Elastic,0.0075,0.0499,1.5159,True,2.9529,2.5598,3.1,0.0281,13.09,514,A 1% price increase leads to a 2.98% decrease in demand. Highly price-sensitive.
21439,BASKET OF TOADSTOOLS,General,-2.9779,Highly Elastic,0.0069,0.2562,2.6149,False,1.2446,1.06,1.31,0.0295,12.89,189,A 1% price increase leads to a 2.98% decrease in demand. Highly price-sensitive.
22600,CHRISTMAS RETROSPOT STAR WOOD,General,-2.9712,Highly Elastic,0.0316,0.0027,0.9809,True,0.9002,0.85,1.63,0.0761,11.39,283,A 1% price increase leads to a 2.97% decrease in demand. Highly price-sensitive.
23058,CHRISTMAS HANGING SNOWFLAKE,General,-2.9641,Highly Elastic,0.0751,0.0058,1.0505,True,0.9985,0.79,1.07,0.0754,10.87,100,A 1% price increase leads to a 2.96% decrease in demand. Highly price-sensitive.
20972,PINK CREAM FELT CRAFT TRINKET BOX ,General,-2.963,Highly Elastic,0.0114,0.0024,0.9724,True,1.2638,1.06,2.46,0.043,16.21,805,A 1% price increase leads to a 2.96% decrease in demand. Highly price-sensitive.
84509A,SET OF 4 ENGLISH ROSE PLACEMATS,General,-2.9607,Highly Elastic,0.0123,0.056,1.5432,False,3.7189,2.95,3.91,0.0318,8.09,298,A 1% price increase leads to a 2.96% decrease in demand. Highly price-sensitive.
21786,check,General,-2.956,Highly Elastic,0.0535,0.0008,0.8641,True,0.4444,0.32,0.83,0.1006,12.06,209,A 1% price increase leads to a 2.96% decrease in demand. Highly price-sensitive.
23193,BUFFALO BILL TREASURE BOOK BOX,General,-2.9559,Highly Elastic,0.0202,0.0175,1.2369,True,2.2711,1.95,4.58,0.0682,13.02,279,A 1% price increase leads to a 2.96% decrease in demand. Highly price-sensitive.
23321,SMALL WHITE HEART OF WICKER,General,-2.9341,Highly Elastic,0.0082,0.0101,1.1373,True,1.6409,1.17,1.72,0.0293,14.9,805,A 1% price increase leads to a 2.93% decrease in demand. Highly price-sensitive.
22138,BAKING SET 9 PIECE RETROSPOT ,General,-2.9329,Highly Elastic,0.0105,0.0014,0.9168,True,4.975,4.29,7.3833,0.0349,14.83,965,A 1% price increase leads to a 2.93% decrease in demand. Highly price-sensitive.
72802C,Unknown,General,-2.9319,Highly Elastic,0.1223,0.0,0.6309,True,4.1246,1.0,4.33,0.0671,8.99,157,A 1% price increase leads to a 2.93% decrease in demand. Highly price-sensitive.
23270,incorrect stock entry.,General,-2.9231,Highly Elastic,0.0084,0.1524,2.036,False,1.442,1.25,1.51,0.0286,11.55,244,A 1% price increase leads to a 2.92% decrease in demand. Highly price-sensitive.
22491,PACK OF 12 COLOURED PENCILS,General,-2.9205,Highly Elastic,0.0076,0.0918,1.728,False,0.8596,0.72,0.98,0.0301,12.22,375,A 1% price increase leads to a 2.92% decrease in demand. Highly price-sensitive.
22348,TEA BAG PLATE RED RETROSPOT,General,-2.919,Highly Elastic,0.011,0.0209,1.2594,True,0.8678,0.72,1.37,0.0396,12.74,484,A 1% price increase leads to a 2.92% decrease in demand. Highly price-sensitive.
23245,SET OF 3 REGENCY CAKE TINS,General,-2.9015,Highly Elastic,0.0072,0.0154,1.1956,True,4.9137,4.161,5.17,0.0285,15.39,817,A 1% price increase leads to a 2.9% decrease in demand. Highly price-sensitive.
22037,ROBOT BIRTHDAY CARD,General,-2.8948,Highly Elastic,0.0074,0.0684,1.5845,False,0.4185,0.3686,0.44,0.0283,12.92,451,A 1% price increase leads to a 2.89% decrease in demand. Highly price-sensitive.
23378,PACK OF 12 50'S CHRISTMAS TISSUES,General,-2.8939,Highly Elastic,0.0078,0.1632,2.0695,False,0.3879,0.32,0.41,0.0301,13.52,251,A 1% price increase leads to a 2.89% decrease in demand. Highly price-sensitive.
23695,DOILY THANK YOU CARD,General,-2.8924,Highly Elastic,0.0065,0.4335,3.6774,False,0.4174,0.38,0.44,0.0256,11.16,97,A 1% price increase leads to a 2.89% decrease in demand. Highly price-sensitive.
22828,REGENCY MIRROR WITH SHUTTERS,General,-2.8835,Highly Elastic,0.0165,0.6355,5.951,False,153.2387,145.0,165.0,0.0425,6.81,16,A 1% price increase leads to a 2.88% decrease in demand. Highly price-sensitive.
21949,SET OF 6 STRAWBERRY CHOPSTICKS,General,-2.882,Highly Elastic,0.0423,0.0401,1.3853,True,1.3215,1.25,2.46,0.0927,8.43,100,A 1% price increase leads to a 2.88% decrease in demand. Highly price-sensitive.
22551,PLASTERS IN TIN SPACEBOY,General,-2.8775,Highly Elastic,0.0061,0.0198,1.2323,True,1.6554,1.45,1.8843,0.027,15.14,891,A 1% price increase leads to a 2.88% decrease in demand. Highly price-sensitive.
15044B,Unknown,General,-2.8773,Highly Elastic,0.0089,0.3422,3.0153,False,2.9281,2.55,3.07,0.03,8.52,103,A 1% price increase leads to a 2.88% decrease in demand. Highly price-sensitive.
21664,Unknown,General,-2.8764,Highly Elastic,0.0105,0.5297,4.5352,False,3.7852,3.56,3.93,0.0291,6.75,40,A 1% price increase leads to a 2.88% decrease in demand. Highly price-sensitive.
22759,found,General,-2.8739,Highly Elastic,0.0109,0.0126,1.1482,True,1.6677,1.45,2.3955,0.0365,14.12,573,A 1% price increase leads to a 2.87% decrease in demand. Highly price-sensitive.
21564,PINK  HEART SHAPE LOVE BUCKET ,General,-2.8736,Highly Elastic,0.2093,0.0,0.3716,True,2.5047,0.79,2.95,0.1165,12.11,228,A 1% price increase leads to a 2.87% decrease in demand. Highly price-sensitive.
23581,JUMBO BAG PAISLEY PARK,General,-2.867,Highly Elastic,0.0072,0.0545,1.4879,False,2.0627,1.8444,2.16,0.0291,14.13,515,A 1% price increase leads to a 2.87% decrease in demand. Highly price-sensitive.
82001S,SILVER RECORD COVER FRAME,General,-2.867,Highly Elastic,0.0285,0.0089,1.0865,True,3.7788,3.39,7.46,0.0726,10.89,239,A 1% price increase leads to a 2.87% decrease in demand. Highly price-sensitive.
21922,UNION STRIPE WITH FRINGE  HAMMOCK,General,-2.8598,Highly Elastic,0.0162,0.025,1.27,True,7.8301,6.95,12.29,0.0477,9.31,309,A 1% price increase leads to a 2.86% decrease in demand. Highly price-sensitive.
22120,WELCOME  WOODEN BLOCK LETTERS,General,-2.8585,Highly Elastic,0.0094,0.0629,1.5321,False,9.7776,8.5,10.26,0.0321,9.82,368,A 1% price increase leads to a 2.86% decrease in demand. Highly price-sensitive.
22111,SCOTTIE DOG HOT WATER BOTTLE,General,-2.8545,Highly Elastic,0.0068,0.0148,1.1687,True,4.911,4.278,5.16,0.0274,16.39,877,A 1% price increase leads to a 2.85% decrease in demand. Highly price-sensitive.
85049D,Unknown,General,-2.8538,Highly Elastic,0.0056,0.2702,2.5815,False,1.2485,1.19,1.31,0.0256,9.62,219,A 1% price increase leads to a 2.85% decrease in demand. Highly price-sensitive.
22712,Unknown,General,-2.8494,Highly Elastic,0.0282,0.0008,0.844,True,0.4366,0.36,0.83,0.0725,13.49,395,A 1% price increase leads to a 2.85% decrease in demand. Highly price-sensitive.
17084P,DRAGONS BLOOD INCENSE,General,-2.8493,Highly Elastic,0.0071,0.6518,6.2487,False,0.211,0.2,0.22,0.0283,11.77,31,A 1% price increase leads to a 2.85% decrease in demand. Highly price-sensitive.
21843,smashed,General,-2.8481,Highly Elastic,0.0057,0.0449,1.4176,True,10.8647,9.95,11.42,0.0268,12.68,707,A 1% price increase leads to a 2.85% decrease in demand. Highly price-sensitive.
21695,SMALL SILVER FLOWER CANDLE POT,General,-2.8413,Highly Elastic,0.0097,0.3313,2.9098,False,2.9559,2.8,3.1,0.0283,9.23,99,A 1% price increase leads to a 2.84% decrease in demand. Highly price-sensitive.
22449,can't find,General,-2.8377,Highly Elastic,0.0071,0.1865,2.1421,False,3.3287,3.16,3.49,0.0269,8.84,248,A 1% price increase leads to a 2.84% decrease in demand. Highly price-sensitive.
79403,FROSTED WHITE BASE ,General,-2.8376,Highly Elastic,0.0056,0.7343,8.249,False,0.8626,0.81,0.89,0.0255,11.7,23,A 1% price increase leads to a 2.84% decrease in demand. Highly price-sensitive.
21658,Unknown,General,-2.8376,Highly Elastic,0.009,0.1124,1.7819,False,3.8957,3.39,4.09,0.0305,9.11,281,A 1% price increase leads to a 2.84% decrease in demand. Highly price-sensitive.
22692,DOORMAT WELCOME TO OUR HOME,General,-2.8355,Highly Elastic,0.009,0.0188,1.2037,True,7.9102,6.75,8.31,0.0315,11.16,613,A 1% price increase leads to a 2.84% decrease in demand. Highly price-sensitive.
22459,Unknown,General,-2.83,Highly Elastic,0.0048,0.72,7.8133,False,2.5678,2.43,2.67,0.0249,9.83,29,A 1% price increase leads to a 2.83% decrease in demand. Highly price-sensitive.
21447,Unknown,General,-2.8248,Highly Elastic,0.0068,0.2455,2.4253,False,1.2498,1.19,1.31,0.0278,10.26,200,A 1% price increase leads to a 2.82% decrease in demand. Highly price-sensitive.
23558,LANDMARK FRAME LONDON BRIDGE ,General,-2.8197,Highly Elastic,0.0085,0.4184,3.4655,False,12.4337,11.88,13.09,0.0295,7.49,79,A 1% price increase leads to a 2.82% decrease in demand. Highly price-sensitive.
21111,"SWISS ROLL TOWEL, CHOCOLATE  SPOTS",General,-2.8189,Highly Elastic,0.1723,0.0,0.5358,True,2.0224,1.25,2.95,0.1587,10.55,135,A 1% price increase leads to a 2.82% decrease in demand. Highly price-sensitive.
23244,CANNISTER VINTAGE LEAF DESIGN,General,-2.8179,Highly Elastic,0.0373,0.0034,0.9526,True,2.031,1.65,4.13,0.077,9.86,228,A 1% price increase leads to a 2.82% decrease in demand. Highly price-sensitive.
22727,ALARM CLOCK BAKELIKE RED ,General,-2.8175,Highly Elastic,0.0051,0.019,1.1998,True,3.7587,3.0371,4.0354,0.0247,18.32,1072,A 1% price increase leads to a 2.82% decrease in demand. Highly price-sensitive.
21716,BOYS VINTAGE TIN SEASIDE BUCKET,General,-2.8158,Highly Elastic,0.0247,0.0097,1.0811,True,2.5611,2.1,4.96,0.0659,10.66,270,A 1% price increase leads to a 2.82% decrease in demand. Highly price-sensitive.
20985,HEART CALCULATOR,General,-2.8156,Highly Elastic,0.0264,0.0251,1.2468,True,1.2981,1.06,2.46,0.0744,11.76,190,A 1% price increase leads to a 2.82% decrease in demand. Highly price-sensitive.
21164,HOME SWEET HOME METAL SIGN ,General,-2.8155,Highly Elastic,0.0065,0.0703,1.5521,False,2.9344,2.5808,3.21,0.0279,11.32,506,A 1% price increase leads to a 2.82% decrease in demand. Highly price-sensitive.
22620,4 TRADITIONAL SPINNING TOPS,General,-2.8136,Highly Elastic,0.0131,0.0037,0.9644,True,1.4149,1.06,1.5973,0.0391,13.72,642,A 1% price increase leads to a 2.81% decrease in demand. Highly price-sensitive.
22574,HEART WOODEN CHRISTMAS DECORATION,General,-2.8109,Highly Elastic,0.0191,0.0178,1.1799,True,0.8867,0.84,1.63,0.061,12.29,293,A 1% price increase leads to a 2.81% decrease in demand. Highly price-sensitive.
90160A,PURPLE BOUDICCA LARGE BRACELET,General,-2.8101,Highly Elastic,0.0044,0.6889,6.9639,False,6.9334,6.65,7.25,0.0231,9.05,39,A 1% price increase leads to a 2.81% decrease in demand. Highly price-sensitive.
23298,"BUNTING , SPOTTY ",General,-2.8029,Highly Elastic,0.0062,0.0119,1.112,True,4.9172,4.1657,5.16,0.0267,18.53,1017,A 1% price increase leads to a 2.8% decrease in demand. Highly price-sensitive.
22413,METAL SIGN TAKE IT OR LEAVE IT ,General,-2.7999,Highly Elastic,0.006,0.0485,1.4164,True,2.9416,2.55,3.21,0.027,13.3,647,A 1% price increase leads to a 2.8% decrease in demand. Highly price-sensitive.
84924A,WAKE UP COCKEREL CALENDAR SIGN ,General,-2.7952,Highly Elastic,0.0053,0.6908,6.9599,False,3.7678,3.58,3.93,0.0263,7.53,32,A 1% price increase leads to a 2.8% decrease in demand. Highly price-sensitive.
84569A,Unknown,General,-2.7945,Highly Elastic,0.0914,0.0388,1.3132,True,1.3977,1.25,2.46,0.1224,9.91,47,A 1% price increase leads to a 2.79% decrease in demand. Highly price-sensitive.
22322,BIRD DECORATION GREEN POLKADOT,General,-2.7798,Highly Elastic,0.0078,0.4666,3.7967,False,0.8478,0.81,0.89,0.0263,8.31,70,A 1% price increase leads to a 2.78% decrease in demand. Highly price-sensitive.
23368,SET 12 COLOUR PENCILS DOLLY GIRL ,General,-2.7783,Highly Elastic,0.0061,0.1647,1.9952,False,0.6489,0.62,0.68,0.0271,11.76,320,A 1% price increase leads to a 2.78% decrease in demand. Highly price-sensitive.
23052,RECYCLED ACAPULCO MAT TURQUOISE,General,-2.7778,Highly Elastic,0.006,0.1197,1.7812,False,8.2598,7.84,8.66,0.0262,9.85,405,A 1% price increase leads to a 2.78% decrease in demand. Highly price-sensitive.
22537,MAGIC DRAWING SLATE DINOSAUR,General,-2.7756,Highly Elastic,0.0052,0.2784,2.5544,False,0.4188,0.4,0.44,0.0267,10.53,229,A 1% price increase leads to a 2.78% decrease in demand. Highly price-sensitive.
22628,PICNIC BOXES SET OF 3 RETROSPOT ,General,-2.771,Highly Elastic,0.006,0.2455,2.3797,False,4.9585,4.7,5.2,0.0256,8.28,227,A 1% price increase leads to a 2.77% decrease in demand. Highly price-sensitive.
17084R,ASSORTED INCENSE PACK,General,-2.7682,Highly Elastic,0.0103,0.394,3.2278,False,0.2018,0.16,0.21,0.0491,40.56,73,A 1% price increase leads to a 2.77% decrease in demand. Highly price-sensitive.
22960,JAM MAKING SET WITH JARS,General,-2.7667,Highly Elastic,0.008,0.0048,0.9781,True,4.1694,3.75,6.0864,0.0324,16.3,992,A 1% price increase leads to a 2.77% decrease in demand. Highly price-sensitive.
22972,CHILDRENS SPACEBOY MUG,General,-2.7636,Highly Elastic,0.005,0.1961,2.1335,False,1.6533,1.57,1.73,0.0253,12.01,334,A 1% price increase leads to a 2.76% decrease in demand. Highly price-sensitive.
21508,VINTAGE KID DOLLY CARD ,General,-2.7631,Highly Elastic,0.0087,0.099,1.6701,False,0.4202,0.36,0.44,0.0316,12.04,313,A 1% price increase leads to a 2.76% decrease in demand. Highly price-sensitive.
23218,LAUREL STAR ANTIQUE GOLD,General,-2.7625,Highly Elastic,0.0145,0.4256,3.4351,False,1.227,1.04,1.29,0.0367,12.85,46,A 1% price increase leads to a 2.76% decrease in demand. Highly price-sensitive.
23322,mouldy,General,-2.7601,Highly Elastic,0.0093,0.0103,1.0727,True,2.9307,2.0312,3.08,0.0318,13.05,709,A 1% price increase leads to a 2.76% decrease in demand. Highly price-sensitive.
22453,Unknown,General,-2.7557,Highly Elastic,0.0105,0.2893,2.5877,False,2.9109,2.55,3.05,0.031,8.35,109,A 1% price increase leads to a 2.76% decrease in demand. Highly price-sensitive.
22378,WALL TIDY RETROSPOT ,General,-2.7515,Highly Elastic,0.1839,0.0,0.3848,True,1.8965,0.85,4.13,0.1496,11.06,229,A 1% price increase leads to a 2.75% decrease in demand. Highly price-sensitive.
23205,CHARLOTTE BAG ALPHABET  DESIGN,General,-2.747,Highly Elastic,0.0069,0.042,1.348,True,0.8524,0.72,0.91,0.0302,13.87,604,A 1% price increase leads to a 2.75% decrease in demand. Highly price-sensitive.
84595E,Unknown,General,-2.7462,Highly Elastic,0.3028,0.0097,0.956,True,2.3338,1.65,3.75,0.1665,8.52,21,A 1% price increase leads to a 2.75% decrease in demand. Highly price-sensitive.
22538,MINI JIGSAW GO TO THE FAIR,General,-2.7458,Highly Elastic,0.11,0.042,1.3018,True,0.3813,0.19,0.42,0.0949,9.24,38,A 1% price increase leads to a 2.75% decrease in demand. Highly price-sensitive.
22430,ENAMEL WATERING CAN CREAM,General,-2.7428,Highly Elastic,0.0066,0.1259,1.788,False,4.9146,4.25,5.17,0.0273,9.37,356,A 1% price increase leads to a 2.74% decrease in demand. Highly price-sensitive.
47559B,Unknown,General,-2.7397,Highly Elastic,0.0151,0.0074,1.0193,True,1.2766,1.06,2.46,0.0534,12.28,474,A 1% price increase leads to a 2.74% decrease in demand. Highly price-sensitive.
22142,check,General,-2.7383,Highly Elastic,0.007,0.0473,1.3773,True,1.4967,1.25,1.795,0.03,12.39,563,A 1% price increase leads to a 2.74% decrease in demand. Highly price-sensitive.
84247G,"DECOUPAGE,GREETING CARD,",General,-2.7368,Highly Elastic,0.0043,0.5663,4.7512,False,0.4225,0.4,0.44,0.0223,11.06,78,A 1% price increase leads to a 2.74% decrease in demand. Highly price-sensitive.
85095,THREE CANVAS LUGGAGE TAGS,General,-2.7351,Highly Elastic,0.1262,0.0179,1.1104,True,2.1812,1.65,4.13,0.148,8.07,44,A 1% price increase leads to a 2.74% decrease in demand. Highly price-sensitive.
22295,HEART FILIGREE DOVE LARGE,General,-2.7317,Highly Elastic,0.0148,0.0104,1.062,True,1.6795,1.45,3.29,0.0541,11.28,441,A 1% price increase leads to a 2.73% decrease in demand. Highly price-sensitive.
16161P,WRAP ENGLISH ROSE ,General,-2.7309,Highly Elastic,0.0053,0.0965,1.64,False,0.4194,0.372,0.44,0.0279,15.56,524,A 1% price increase leads to a 2.73% decrease in demand. Highly price-sensitive.
35241,damages?,General,-2.7277,Highly Elastic,0.0172,0.2981,2.6,False,4.6727,4.25,4.95,0.0418,6.85,65,A 1% price increase leads to a 2.73% decrease in demand. Highly price-sensitive.
22570,Unknown,General,-2.7241,Highly Elastic,0.0056,0.0546,1.4147,False,3.7291,3.39,3.92,0.0268,13.46,660,A 1% price increase leads to a 2.72% decrease in demand. Highly price-sensitive.
46000P,POLYESTER FILLER PAD 65CMx65CM,General,-2.7224,Highly Elastic,0.0034,0.8118,11.257,False,4.2205,4.04,4.36,0.0209,10.11,19,A 1% price increase leads to a 2.72% decrease in demand. Highly price-sensitive.
21829,adjustment,General,-2.7169,Highly Elastic,0.0165,0.0324,1.2638,True,0.2121,0.18,0.42,0.0672,17.32,278,A 1% price increase leads to a 2.72% decrease in demand. Highly price-sensitive.
23088,ZINC HEART FLOWER T-LIGHT HOLDER,General,-2.7115,Highly Elastic,0.1057,0.0006,0.7625,True,1.441,1.04,2.46,0.1314,10.1,109,A 1% price increase leads to a 2.71% decrease in demand. Highly price-sensitive.
21070,VINTAGE BILLBOARD MUG ,General,-2.7111,Highly Elastic,0.0514,0.0053,0.9573,True,1.3094,0.8062,2.46,0.1121,11.57,150,A 1% price increase leads to a 2.71% decrease in demand. Highly price-sensitive.
37501,Unknown,General,-2.7024,Highly Elastic,0.005,0.5922,5.017,False,6.9391,6.62,7.27,0.024,7.7,60,A 1% price increase leads to a 2.7% decrease in demand. Highly price-sensitive.
85096,Unknown,General,-2.6995,Highly Elastic,0.0059,0.6126,5.2928,False,3.7486,3.57,3.93,0.0282,8.8,46,A 1% price increase leads to a 2.7% decrease in demand. Highly price-sensitive.
21794,adjustment,General,-2.6971,Highly Elastic,0.0853,0.0,0.6126,True,4.4387,2.8667,7.46,0.1127,8.91,210,A 1% price increase leads to a 2.7% decrease in demand. Highly price-sensitive.
21200,MULTICOLOUR HONEYCOMB PAPER GARLAND,General,-2.6922,Highly Elastic,0.0653,0.015,1.0855,True,1.4703,0.65,1.65,0.0738,13.01,90,A 1% price increase leads to a 2.69% decrease in demand. Highly price-sensitive.
22544,MINI JIGSAW SPACEBOY,General,-2.691,Highly Elastic,0.054,0.0,0.6537,True,0.3798,0.19,0.42,0.0739,14.01,299,A 1% price increase leads to a 2.69% decrease in demand. Highly price-sensitive.
21870,Unknown,General,-2.6867,Highly Elastic,0.0058,0.1465,1.8466,False,1.2432,1.079,1.31,0.0277,11.78,366,A 1% price increase leads to a 2.69% decrease in demand. Highly price-sensitive.
21676,FLOWERS  STICKERS,General,-2.6866,Highly Elastic,0.1475,0.0045,0.9044,True,1.0655,0.85,1.63,0.1522,8.85,53,A 1% price increase leads to a 2.69% decrease in demand. Highly price-sensitive.
21156,RETROSPOT CHILDRENS APRON,General,-2.6864,Highly Elastic,0.0346,0.0,0.6432,True,1.9885,1.65,4.13,0.091,11.99,488,A 1% price increase leads to a 2.69% decrease in demand. Highly price-sensitive.
21035,SET/2 RED RETROSPOT TEA TOWELS ,General,-2.686,Highly Elastic,0.0135,0.0106,1.0475,True,3.2114,2.75,5.5033,0.0472,11.3,483,A 1% price increase leads to a 2.69% decrease in demand. Highly price-sensitive.
23267,SET OF 4 SANTA PLACE SETTINGS,General,-2.6832,Highly Elastic,0.0059,0.3056,2.6117,False,1.247,1.04,1.31,0.0276,10.26,179,A 1% price increase leads to a 2.68% decrease in demand. Highly price-sensitive.
23375,50'S CHRISTMAS PAPER GIFT BAG,General,-2.6771,Highly Elastic,0.005,0.406,3.2118,False,0.8157,0.7291,0.86,0.0259,11.48,140,A 1% price increase leads to a 2.68% decrease in demand. Highly price-sensitive.
21206,STRAWBERRY HONEYCOMB  GARLAND ,General,-2.672,Highly Elastic,0.0926,0.0003,0.7171,True,1.5281,0.65,1.65,0.0781,9.39,138,A 1% price increase leads to a 2.67% decrease in demand. Highly price-sensitive.
22729,Unknown,General,-2.6711,Highly Elastic,0.0115,0.0068,0.9838,True,3.775,3.3936,7.46,0.0466,13.03,638,A 1% price increase leads to a 2.67% decrease in demand. Highly price-sensitive.
21770,OPEN CLOSED METAL SIGN,General,-2.6702,Highly Elastic,0.0062,0.0635,1.4362,False,4.9208,4.25,5.17,0.0277,11.38,557,A 1% price increase leads to a 2.67% decrease in demand. Highly price-sensitive.
23198,PANTRY MAGNETIC  SHOPPING LIST,General,-2.6691,Highly Elastic,0.0082,0.0274,1.2066,True,1.4752,1.25,2.0633,0.0332,12.35,593,A 1% price increase leads to a 2.67% decrease in demand. Highly price-sensitive.
22416,SET OF 36 SPACEBOY PAPER DOILIES,General,-2.6664,Highly Elastic,0.0057,0.4351,3.4033,False,1.4447,1.38,1.52,0.0259,8.55,110,A 1% price increase leads to a 2.67% decrease in demand. Highly price-sensitive.
84792,ENCHANTED BIRD COATHANGER 5 HOOK,General,-2.6648,Highly Elastic,0.0267,0.0005,0.7642,True,4.708,3.81,9.13,0.0704,9.81,446,A 1% price increase leads to a 2.66% decrease in demand. Highly price-sensitive.
22296,HEART IVORY TRELLIS LARGE,General,-2.6639,Highly Elastic,0.0128,0.0098,1.0275,True,1.6612,1.4786,3.29,0.0504,12.34,519,A 1% price increase leads to a 2.66% decrease in demand. Highly price-sensitive.
85038,6 CHOCOLATE LOVE HEART T-LIGHTS,General,-2.6582,Highly Elastic,0.0242,0.0232,1.1622,True,2.1101,1.69,4.13,0.0741,10.52,213,A 1% price increase leads to a 2.66% decrease in demand. Highly price-sensitive.
22998,TRAVEL CARD WALLET KEEP CALM,General,-2.6572,Highly Elastic,0.0181,0.0005,0.7576,True,0.426,0.36,0.83,0.0696,18.12,668,A 1% price increase leads to a 2.66% decrease in demand. Highly price-sensitive.
22294,HEART FILIGREE DOVE  SMALL,General,-2.6536,Highly Elastic,0.0039,0.1761,1.9583,False,1.2492,1.098,1.31,0.0255,14.5,471,A 1% price increase leads to a 2.65% decrease in demand. Highly price-sensitive.
22660,DOORMAT I LOVE LONDON,General,-2.652,Highly Elastic,0.0078,0.2758,2.4247,False,7.8629,6.75,8.27,0.0321,8.46,154,A 1% price increase leads to a 2.65% decrease in demand. Highly price-sensitive.
15058C,wet/rusty,General,-2.6519,Highly Elastic,0.1388,0.0001,0.6638,True,5.6206,3.95,7.95,0.1292,9.74,101,A 1% price increase leads to a 2.65% decrease in demand. Highly price-sensitive.
22241,GARLAND WOODEN HAPPY EASTER,General,-2.6514,Highly Elastic,0.0057,0.1747,1.949,False,1.242,1.0937,1.31,0.0286,12.69,325,A 1% price increase leads to a 2.65% decrease in demand. Highly price-sensitive.
23164,REGENCY CAKE SLICE,General,-2.6455,Highly Elastic,0.0133,0.1412,1.7891,False,4.8451,4.15,5.08,0.0358,8.28,164,A 1% price increase leads to a 2.65% decrease in demand. Highly price-sensitive.
22851,SET 20 NAPKINS FAIRY CAKES DESIGN ,General,-2.644,Highly Elastic,0.0218,0.0007,0.7761,True,0.8697,0.7227,1.63,0.0724,11.09,523,A 1% price increase leads to a 2.64% decrease in demand. Highly price-sensitive.
23169,smashed,General,-2.6348,Highly Elastic,0.0062,0.0983,1.5904,False,4.0954,3.75,4.3,0.0284,10.77,444,A 1% price increase leads to a 2.63% decrease in demand. Highly price-sensitive.
23223,CHRISTMAS TREE HANGING SILVER ,General,-2.633,Highly Elastic,0.0408,0.025,1.1599,True,0.8964,0.83,1.63,0.0829,9.04,123,A 1% price increase leads to a 2.63% decrease in demand. Highly price-sensitive.
23037,CANDLE HOLDER SILVER MADELINE,General,-2.6328,Highly Elastic,0.0974,0.0416,1.2517,True,1.8791,1.65,3.29,0.129,8.91,43,A 1% price increase leads to a 2.63% decrease in demand. Highly price-sensitive.
23014,GLASS APOTHECARY BOTTLE ELIXIR,General,-2.6315,Highly Elastic,0.0274,0.0075,0.9762,True,3.9437,3.45,8.29,0.0766,9.43,260,A 1% price increase leads to a 2.63% decrease in demand. Highly price-sensitive.
23254,KIDS CUTLERY DOLLY GIRL ,General,-2.6308,Highly Elastic,0.0058,0.0978,1.5858,False,4.137,3.75,4.35,0.027,10.81,477,A 1% price increase leads to a 2.63% decrease in demand. Highly price-sensitive.
22665,Unknown,General,-2.6291,Highly Elastic,0.0131,0.0149,1.0757,True,2.9575,2.55,5.79,0.054,10.69,452,A 1% price increase leads to a 2.63% decrease in demand. Highly price-sensitive.
23505,PLAYING CARDS I LOVE LONDON ,General,-2.6267,Highly Elastic,0.0061,0.2586,2.3188,False,1.2425,1.0471,1.3,0.0282,11.98,212,A 1% price increase leads to a 2.63% decrease in demand. Highly price-sensitive.
72802B,check,General,-2.6255,Highly Elastic,0.1083,0.0004,0.715,True,4.1073,1.0,4.33,0.0777,9.88,113,A 1% price increase leads to a 2.63% decrease in demand. Highly price-sensitive.
23089,GLASS BON BON JAR,General,-2.6197,Highly Elastic,0.0147,0.0999,1.5843,False,1.7635,1.45,1.95,0.0446,10.81,185,A 1% price increase leads to a 2.62% decrease in demand. Highly price-sensitive.
22609,PENS ASSORTED SPACEBALL,General,-2.6189,Highly Elastic,0.1576,0.0,0.4055,True,0.2877,0.19,0.85,0.2245,18.4,225,A 1% price increase leads to a 2.62% decrease in demand. Highly price-sensitive.
22795,Unknown,General,-2.6183,Highly Elastic,0.0061,0.0767,1.4761,False,6.6722,5.95,7.02,0.0284,11.65,514,A 1% price increase leads to a 2.62% decrease in demand. Highly price-sensitive.
85053,FRENCH ENAMEL CANDLEHOLDER,General,-2.6145,Highly Elastic,0.0169,0.0068,0.9611,True,2.1217,1.69,4.13,0.056,10.94,432,A 1% price increase leads to a 2.61% decrease in demand. Highly price-sensitive.
21154,RED RETROSPOT OVEN GLOVE ,General,-2.6142,Highly Elastic,0.0169,0.0029,0.8737,True,1.2805,1.06,2.46,0.0593,13.37,522,A 1% price increase leads to a 2.61% decrease in demand. Highly price-sensitive.
22130,sold as set on dotcom,General,-2.6131,Highly Elastic,0.0071,0.231,2.1752,False,0.8468,0.72,0.89,0.029,11.24,204,A 1% price increase leads to a 2.61% decrease in demand. Highly price-sensitive.
23291,DOLLY GIRL CHILDRENS CUP,General,-2.6129,Highly Elastic,0.0064,0.1368,1.7519,False,1.2639,1.058,1.36,0.0285,10.77,345,A 1% price increase leads to a 2.61% decrease in demand. Highly price-sensitive.
37475,SET/4 COLOURFUL MIXING BOWLS,General,-2.6124,Highly Elastic,0.0068,0.4703,3.6007,False,9.8431,8.49,10.32,0.0305,8.77,79,A 1% price increase leads to a 2.61% decrease in demand. Highly price-sensitive.
84968C,SET OF 16 VINTAGE PISTACHIO CUTLERY,General,-2.6105,Highly Elastic,0.0044,0.5685,4.5576,False,12.6822,12.12,13.37,0.0267,8.99,76,A 1% price increase leads to a 2.61% decrease in demand. Highly price-sensitive.
85039B,S/4 IVORY MINI ROSE CANDLE IN BOWL,General,-2.6084,Highly Elastic,0.1544,0.0,0.5958,True,1.5792,0.42,1.66,0.0779,8.61,107,A 1% price increase leads to a 2.61% decrease in demand. Highly price-sensitive.
21925,UNION STRIPE CUSHION COVER ,General,-2.6082,Highly Elastic,0.0057,0.3468,2.7638,False,1.2459,1.19,1.31,0.0251,8.04,156,A 1% price increase leads to a 2.61% decrease in demand. Highly price-sensitive.
22767,TRIPLE PHOTO FRAME CORNICE ,General,-2.6048,Highly Elastic,0.0083,0.059,1.3757,False,9.8426,8.5,10.35,0.0307,9.39,432,A 1% price increase leads to a 2.6% decrease in demand. Highly price-sensitive.
23326,HANGING MINI COLOURED BOTTLES,General,-2.6045,Highly Elastic,0.0053,0.434,3.3176,False,0.6167,0.52,0.65,0.0329,23.77,118,A 1% price increase leads to a 2.6% decrease in demand. Highly price-sensitive.
20617,FIRST CLASS PASSPORT COVER ,General,-2.6044,Highly Elastic,0.0109,0.4441,3.3781,False,2.0586,1.69,2.15,0.0341,7.29,56,A 1% price increase leads to a 2.6% decrease in demand. Highly price-sensitive.
21816,CHRISTMAS TREE T-LIGHT HOLDER,General,-2.6037,Highly Elastic,0.0063,0.7329,7.5177,False,1.4433,1.38,1.52,0.0297,8.71,21,A 1% price increase leads to a 2.6% decrease in demand. Highly price-sensitive.
22834,HAND WARMER BABUSHKA DESIGN,General,-2.6016,Highly Elastic,0.0481,0.0,0.5223,True,1.9721,0.85,2.1,0.0648,12.91,493,A 1% price increase leads to a 2.6% decrease in demand. Highly price-sensitive.
90082B,Unknown,General,-2.6007,Highly Elastic,0.0041,0.7027,6.7602,False,6.3192,6.04,6.65,0.0226,7.5,38,A 1% price increase leads to a 2.6% decrease in demand. Highly price-sensitive.
23005,printing smudges/thrown away,General,-2.5962,Highly Elastic,0.0052,0.2056,2.047,False,0.4188,0.3655,0.44,0.029,13.85,310,A 1% price increase leads to a 2.6% decrease in demand. Highly price-sensitive.
22247,BUNNY DECORATION MAGIC GARDEN,General,-2.5934,Highly Elastic,0.0079,0.3779,2.9279,False,0.8413,0.72,0.88,0.0317,10.77,100,A 1% price increase leads to a 2.59% decrease in demand. Highly price-sensitive.
22109,FULL ENGLISH BREAKFAST PLATE,General,-2.5873,Highly Elastic,0.0174,0.0177,1.0849,True,3.8433,3.39,7.46,0.0628,10.62,323,A 1% price increase leads to a 2.59% decrease in demand. Highly price-sensitive.
22129,PARTY CONES CANDY DECORATION,General,-2.587,Highly Elastic,0.2244,0.0,0.5187,True,1.0135,0.72,2.46,0.2325,12.8,88,A 1% price increase leads to a 2.59% decrease in demand. Highly price-sensitive.
22979,PANTRY WASHING UP BRUSH,General,-2.5862,Highly Elastic,0.0227,0.0004,0.7254,True,1.4779,1.3,3.29,0.0792,11.2,548,A 1% price increase leads to a 2.59% decrease in demand. Highly price-sensitive.
21650,ASSORTED TUTTI FRUTTI BRACELET,General,-2.5854,Highly Elastic,0.2069,0.0,0.5114,True,0.2544,0.19,0.65,0.2917,17.5,100,A 1% price increase leads to a 2.59% decrease in demand. Highly price-sensitive.
21429,Unknown,General,-2.5838,Highly Elastic,0.0115,0.0306,1.1905,True,1.8475,1.65,1.95,0.0389,10.58,408,A 1% price increase leads to a 2.58% decrease in demand. Highly price-sensitive.
21967,PACK OF 12 SKULL TISSUES,General,-2.5747,Highly Elastic,0.0254,0.0048,0.9074,True,0.3199,0.29,0.39,0.064,12.8,311,A 1% price increase leads to a 2.57% decrease in demand. Highly price-sensitive.
22876,NUMBER TILE COTTAGE GARDEN 8,General,-2.5744,Highly Elastic,0.0049,0.6606,5.819,False,1.9626,1.87,2.05,0.026,7.76,42,A 1% price increase leads to a 2.57% decrease in demand. Highly price-sensitive.
21145,Unknown,General,-2.5738,Highly Elastic,0.0187,0.555,4.283,False,1.2542,1.19,1.31,0.0314,8.14,21,A 1% price increase leads to a 2.57% decrease in demand. Highly price-sensitive.
85014B,RED RETROSPOT UMBRELLA,General,-2.5728,Highly Elastic,0.0189,0.0016,0.809,True,6.0433,4.95,12.46,0.062,10.99,527,A 1% price increase leads to a 2.57% decrease in demand. Highly price-sensitive.
79067,Unknown,General,-2.5689,Highly Elastic,0.0072,0.5571,4.3442,False,3.7582,3.57,3.94,0.0256,6.78,50,A 1% price increase leads to a 2.57% decrease in demand. Highly price-sensitive.
20718,RED RETROSPOT SHOPPER BAG,General,-2.5681,Highly Elastic,0.0074,0.0374,1.2311,True,1.2601,1.06,1.855,0.0343,12.91,589,A 1% price increase leads to a 2.57% decrease in demand. Highly price-sensitive.
22470,Unknown,General,-2.5645,Highly Elastic,0.0064,0.0113,1.0101,True,2.9503,1.9821,3.2489,0.0296,19.32,1004,A 1% price increase leads to a 2.56% decrease in demand. Highly price-sensitive.
22748,POPPY'S PLAYHOUSE KITCHEN,General,-2.5631,Highly Elastic,0.0048,0.0975,1.5441,False,2.0953,1.85,2.2,0.0253,10.91,578,A 1% price increase leads to a 2.56% decrease in demand. Highly price-sensitive.
23064,Crushed,General,-2.5609,Highly Elastic,0.3253,0.0008,0.6849,True,42.1468,10.0,49.95,0.1567,9.61,31,A 1% price increase leads to a 2.56% decrease in demand. Highly price-sensitive.
17003,BROCADE RING PURSE ,General,-2.5601,Highly Elastic,0.0399,0.0,0.623,True,0.3082,0.1602,0.4041,0.0872,22.32,408,A 1% price increase leads to a 2.56% decrease in demand. Highly price-sensitive.
23038,T-LIGHT HOLDER SILVER SAUCER,General,-2.5577,Highly Elastic,0.1536,0.0583,1.2802,False,1.225,0.83,1.63,0.1386,12.08,24,A 1% price increase leads to a 2.56% decrease in demand. Highly price-sensitive.
22947,Unknown,General,-2.5496,Highly Elastic,0.1359,0.0,0.464,True,11.047,7.95,16.95,0.1448,9.15,194,A 1% price increase leads to a 2.55% decrease in demand. Highly price-sensitive.
22104,MIRROR MOSAIC CANDLE PLATE,General,-2.5462,Highly Elastic,0.2287,0.0056,0.8538,True,1.2416,0.42,1.45,0.1359,12.09,32,A 1% price increase leads to a 2.55% decrease in demand. Highly price-sensitive.
18094C,Unknown,General,-2.543,Highly Elastic,0.0201,0.3021,2.4405,False,1.1957,0.85,1.26,0.0497,10.38,55,A 1% price increase leads to a 2.54% decrease in demand. Highly price-sensitive.
21126,SET OF 6 GIRLS CELEBRATION CANDLES,General,-2.5418,Highly Elastic,0.0047,0.4462,3.3259,False,1.2526,1.19,1.31,0.0253,9.5,127,A 1% price increase leads to a 2.54% decrease in demand. Highly price-sensitive.
75013B,Unknown,General,-2.5379,Highly Elastic,0.0045,0.7854,9.1756,False,1.6376,1.57,1.69,0.023,8.42,19,A 1% price increase leads to a 2.54% decrease in demand. Highly price-sensitive.
84510A,SET OF 4 ENGLISH ROSE COASTERS,General,-2.5367,Highly Elastic,0.0158,0.0267,1.1393,True,1.2718,1.21,2.46,0.0596,10.03,310,A 1% price increase leads to a 2.54% decrease in demand. Highly price-sensitive.
21558,SKULL LUNCH BOX WITH CUTLERY ,General,-2.5328,Highly Elastic,0.0064,0.0689,1.3893,False,2.5367,2.1,2.66,0.0287,10.37,515,A 1% price increase leads to a 2.53% decrease in demand. Highly price-sensitive.
21668,RED STRIPE CERAMIC DRAWER KNOB,General,-2.5299,Highly Elastic,0.0185,0.0009,0.7579,True,1.3184,1.06,3.29,0.0732,13.39,592,A 1% price increase leads to a 2.53% decrease in demand. Highly price-sensitive.
21792,Unknown,General,-2.5255,Highly Elastic,0.0614,0.001,0.7529,True,4.4799,3.95,6.75,0.1049,8.56,174,A 1% price increase leads to a 2.53% decrease in demand. Highly price-sensitive.
22377,BOTTLE BAG RETROSPOT ,General,-2.5234,Highly Elastic,0.123,0.0,0.4595,True,1.8333,0.85,2.1,0.1056,11.59,217,A 1% price increase leads to a 2.52% decrease in demand. Highly price-sensitive.
22257,FELT FARM ANIMAL SHEEP,General,-2.5203,Highly Elastic,0.2386,0.0113,0.919,True,1.0985,0.42,1.25,0.1396,10.88,26,A 1% price increase leads to a 2.52% decrease in demand. Highly price-sensitive.
35957,Unknown,General,-2.5189,Highly Elastic,0.0572,0.2203,2.0057,False,0.3757,0.19,0.42,0.1085,19.89,28,A 1% price increase leads to a 2.52% decrease in demand. Highly price-sensitive.
22485,SET OF 2 WOODEN MARKET CRATES,General,-2.5186,Highly Elastic,0.0072,0.1445,1.7213,False,12.5728,10.95,13.17,0.0312,8.3,298,A 1% price increase leads to a 2.52% decrease in demand. Highly price-sensitive.
85118,Unknown,General,-2.5168,Highly Elastic,0.1357,0.1004,1.4573,False,1.0249,0.5422,1.25,0.1287,9.38,21,A 1% price increase leads to a 2.52% decrease in demand. Highly price-sensitive.
22249,DECORATION WHITE CHICK MAGIC GARDEN,General,-2.5167,Highly Elastic,0.007,0.3409,2.6329,False,0.8428,0.7344,0.89,0.0305,10.06,131,A 1% price increase leads to a 2.52% decrease in demand. Highly price-sensitive.
23118,dotcom adjust,General,-2.5166,Highly Elastic,0.0057,0.1297,1.6573,False,7.4715,6.65,7.83,0.0276,10.21,406,A 1% price increase leads to a 2.52% decrease in demand. Highly price-sensitive.
82613D,METAL SIGN CUPCAKE SINGLE HOOK,General,-2.5153,Highly Elastic,0.2072,0.0,0.4474,True,0.96,0.42,1.25,0.1557,9.74,123,A 1% price increase leads to a 2.52% decrease in demand. Highly price-sensitive.
23031,DOORKNOB CRACKED GLAZE PINK,General,-2.5135,Highly Elastic,0.0047,0.2854,2.3477,False,1.6476,1.49,1.73,0.0262,10.33,246,A 1% price increase leads to a 2.51% decrease in demand. Highly price-sensitive.
22977,DOLLY GIRL CHILDRENS EGG CUP,General,-2.5097,Highly Elastic,0.0117,0.1024,1.5302,False,1.2765,1.21,1.855,0.0402,8.64,230,A 1% price increase leads to a 2.51% decrease in demand. Highly price-sensitive.
21913,VINTAGE SEASIDE JIGSAW PUZZLES,General,-2.5038,Highly Elastic,0.0061,0.3024,2.4204,False,3.7244,3.39,3.92,0.0263,8.76,177,A 1% price increase leads to a 2.5% decrease in demand. Highly price-sensitive.
84997A,CHILDRENS CUTLERY POLKADOT GREEN ,General,-2.4984,Highly Elastic,0.0134,0.0127,0.9982,True,4.041,3.39,8.29,0.0594,11.8,464,A 1% price increase leads to a 2.5% decrease in demand. Highly price-sensitive.
22178,VICTORIAN GLASS HANGING T-LIGHT,General,-2.4963,Highly Elastic,0.0291,0.0,0.4487,True,1.4192,0.9349,2.0574,0.0771,24.6,1034,A 1% price increase leads to a 2.5% decrease in demand. Highly price-sensitive.
85054,found,General,-2.4904,Highly Elastic,0.1029,0.0,0.5334,True,2.75,1.25,5.79,0.1108,9.51,192,A 1% price increase leads to a 2.49% decrease in demand. Highly price-sensitive.
22838,Unknown,General,-2.4885,Highly Elastic,0.0166,0.0217,1.0786,True,14.9443,12.75,29.13,0.0625,8.79,317,A 1% price increase leads to a 2.49% decrease in demand. Highly price-sensitive.
22151,PLACE SETTING WHITE HEART,General,-2.4866,Highly Elastic,0.0212,0.0012,0.7636,True,0.4285,0.36,1.63,0.1308,23.22,491,A 1% price increase leads to a 2.49% decrease in demand. Highly price-sensitive.
22685,FRENCH BLUE METAL DOOR SIGN 0,General,-2.4798,Highly Elastic,0.0041,0.4342,3.1626,False,1.2488,1.19,1.31,0.025,9.47,150,A 1% price increase leads to a 2.48% decrease in demand. Highly price-sensitive.
21621,Unknown,General,-2.4684,Highly Elastic,0.0049,0.0674,1.3474,False,8.509,7.0025,9.5162,0.028,12.48,687,A 1% price increase leads to a 2.47% decrease in demand. Highly price-sensitive.
84836,ZINC METAL HEART DECORATION,General,-2.4673,Highly Elastic,0.004,0.0686,1.3529,False,1.2479,1.07,1.31,0.026,15.38,834,A 1% price increase leads to a 2.47% decrease in demand. Highly price-sensitive.
21677,HEARTS  STICKERS,General,-2.4665,Highly Elastic,0.042,0.0066,0.8978,True,0.9155,0.85,1.63,0.0919,9.59,174,A 1% price increase leads to a 2.47% decrease in demand. Highly price-sensitive.
84535A,ENGLISH ROSE NOTEBOOK A6 SIZE,General,-2.4642,Highly Elastic,0.0045,0.6894,6.1151,False,0.648,0.62,0.68,0.0237,9.71,38,A 1% price increase leads to a 2.46% decrease in demand. Highly price-sensitive.
22602,RETROSPOT WOODEN HEART DECORATION,General,-2.4627,Highly Elastic,0.0045,0.2371,2.0789,False,0.8475,0.7218,0.89,0.0258,11.79,310,A 1% price increase leads to a 2.46% decrease in demand. Highly price-sensitive.
23396,LE JARDIN BOTANIQUE CUSHION COVER,General,-2.4582,Highly Elastic,0.0055,0.1616,1.7527,False,3.7565,3.57,3.94,0.027,12.17,355,A 1% price increase leads to a 2.46% decrease in demand. Highly price-sensitive.
84922,PINK BUTTERFLY WASHBAG,General,-2.4573,Highly Elastic,0.0039,0.7566,7.8427,False,4.2959,4.07,4.45,0.025,8.04,27,A 1% price increase leads to a 2.46% decrease in demand. Highly price-sensitive.
21832,CHOCOLATE CALCULATOR,General,-2.4542,Highly Elastic,0.0353,0.0071,0.9027,True,1.7767,1.65,3.29,0.0922,10.22,204,A 1% price increase leads to a 2.45% decrease in demand. Highly price-sensitive.
22441,GROW YOUR OWN BASIL IN ENAMEL MUG,General,-2.4528,Highly Elastic,0.0058,0.1466,1.6859,False,2.0958,1.85,2.2,0.0274,9.64,365,A 1% price increase leads to a 2.45% decrease in demand. Highly price-sensitive.
21277,FRENCH STYLE EMBOSSED HEART CABINET,General,-2.452,Highly Elastic,0.0033,0.7152,6.674,False,21.9537,20.9,22.93,0.0268,9.14,43,A 1% price increase leads to a 2.45% decrease in demand. Highly price-sensitive.
21121,SET/10 RED POLKADOT PARTY CANDLES,General,-2.4492,Highly Elastic,0.0038,0.1341,1.6328,False,1.2495,1.0752,1.31,0.026,13.69,596,A 1% price increase leads to a 2.45% decrease in demand. Highly price-sensitive.
23661,MILK MAIDS MUG ,General,-2.4447,Highly Elastic,0.0058,0.6578,5.4698,False,1.6548,1.57,1.72,0.0284,8.22,36,A 1% price increase leads to a 2.44% decrease in demand. Highly price-sensitive.
21063,PARTY INVITES JAZZ HEARTS,General,-2.4424,Highly Elastic,0.0238,0.0364,1.1585,True,0.8758,0.83,1.63,0.0696,7.76,184,A 1% price increase leads to a 2.44% decrease in demand. Highly price-sensitive.
22741,FUNKY DIVA PEN,General,-2.4416,Highly Elastic,0.0029,0.352,2.6195,False,0.8523,0.81,0.89,0.026,19.09,305,A 1% price increase leads to a 2.44% decrease in demand. Highly price-sensitive.
85131A,BEADED PEARL HEART WHITE ON STICK,General,-2.4381,Highly Elastic,0.1284,0.0053,0.8413,True,1.1695,0.42,1.25,0.0922,11.93,59,A 1% price increase leads to a 2.44% decrease in demand. Highly price-sensitive.
23100,SILVER BELLS TABLE DECORATION,General,-2.4364,Highly Elastic,0.0056,0.1992,1.8936,False,1.2474,1.04,1.31,0.0275,10.91,297,A 1% price increase leads to a 2.44% decrease in demand. Highly price-sensitive.
22594,CHRISTMAS GINGHAM TREE,General,-2.4339,Highly Elastic,0.0277,0.0052,0.865,True,0.8897,0.72,1.63,0.0778,12.22,280,A 1% price increase leads to a 2.43% decrease in demand. Highly price-sensitive.
23181,BULL DOG BOTTLE TOP WALL CLOCK,General,-2.4329,Highly Elastic,0.007,0.2868,2.2766,False,8.113,7.5,8.53,0.0293,8.02,164,A 1% price increase leads to a 2.43% decrease in demand. Highly price-sensitive.
21485,RETROSPOT HEART HOT WATER BOTTLE,General,-2.4325,Highly Elastic,0.0057,0.033,1.1391,True,4.9557,4.25,5.5647,0.0291,13.77,796,A 1% price increase leads to a 2.43% decrease in demand. Highly price-sensitive.
20654,FIRST CLASS LUGGAGE TAG ,General,-2.4324,Highly Elastic,0.0079,0.4637,3.3006,False,1.2401,1.06,1.3,0.0304,8.49,70,A 1% price increase leads to a 2.43% decrease in demand. Highly price-sensitive.
84806A,PINK CANDYSTUFT ARTIFICIAL FLOWER,General,-2.4299,Highly Elastic,0.6025,0.0,0.4307,True,0.7739,0.39,1.45,0.3064,10.0,23,A 1% price increase leads to a 2.43% decrease in demand. Highly price-sensitive.
20978,36 PENCILS TUBE SKULLS,General,-2.4285,Highly Elastic,0.0051,0.1779,1.7989,False,1.2465,1.06,1.31,0.0275,11.22,355,A 1% price increase leads to a 2.43% decrease in demand. Highly price-sensitive.
23034,DRAWER KNOB CERAMIC BLACK,General,-2.426,Highly Elastic,0.0053,0.4219,3.0106,False,1.4481,1.38,1.52,0.0267,9.81,124,A 1% price increase leads to a 2.43% decrease in demand. Highly price-sensitive.
22167, OVAL WALL MIRROR DIAMANTE ,General,-2.4259,Highly Elastic,0.0442,0.0268,1.0808,True,9.5971,3.95,10.11,0.0629,8.6,111,A 1% price increase leads to a 2.43% decrease in demand. Highly price-sensitive.
85114B,IVORY ENCHANTED FOREST PLACEMAT,General,-2.4227,Highly Elastic,0.0062,0.3609,2.6425,False,1.6395,1.45,1.72,0.0275,8.88,136,A 1% price increase leads to a 2.42% decrease in demand. Highly price-sensitive.
23174,REGENCY SUGAR BOWL GREEN,General,-2.4166,Highly Elastic,0.0057,0.1183,1.5441,False,4.1113,3.75,4.31,0.0282,10.26,428,A 1% price increase leads to a 2.42% decrease in demand. Highly price-sensitive.
21675,BUTTERFLIES STICKERS,General,-2.4086,Highly Elastic,0.075,0.0029,0.7924,True,0.9614,0.85,1.63,0.1233,8.31,116,A 1% price increase leads to a 2.41% decrease in demand. Highly price-sensitive.
48129,DOORMAT TOPIARY,General,-2.4066,Highly Elastic,0.0184,0.0109,0.9406,True,7.9219,6.75,15.79,0.0649,9.17,351,A 1% price increase leads to a 2.41% decrease in demand. Highly price-sensitive.
21815,?,General,-2.4024,Highly Elastic,0.0042,0.7332,6.9778,False,1.4517,1.39,1.52,0.0249,8.4,30,A 1% price increase leads to a 2.4% decrease in demand. Highly price-sensitive.
84683,Unknown,General,-2.3917,Highly Elastic,0.0758,0.121,1.4999,False,0.94,0.65,1.25,0.1285,16.39,33,A 1% price increase leads to a 2.39% decrease in demand. Highly price-sensitive.
23091,check,General,-2.3912,Highly Elastic,0.0059,0.1507,1.6602,False,6.2247,5.39,6.54,0.0289,8.69,351,A 1% price increase leads to a 2.39% decrease in demand. Highly price-sensitive.
22861,EASTER TIN CHICKS IN GARDEN,General,-2.3899,Highly Elastic,0.0042,0.4633,3.2488,False,1.6522,1.57,1.73,0.0257,9.01,131,A 1% price increase leads to a 2.39% decrease in demand. Highly price-sensitive.
21408,SPOTTY PINK DUCK DOORSTOP,General,-2.3897,Highly Elastic,0.104,0.0001,0.6104,True,3.4132,1.95,4.25,0.12,9.84,134,A 1% price increase leads to a 2.39% decrease in demand. Highly price-sensitive.
21025,SPACE FROG,General,-2.385,Highly Elastic,0.067,0.1395,1.5739,False,1.3682,1.06,2.46,0.1508,10.41,34,A 1% price increase leads to a 2.38% decrease in demand. Highly price-sensitive.
22259,FELT FARM ANIMAL HEN,General,-2.3784,Highly Elastic,0.1345,0.0424,1.1201,True,1.1226,0.42,1.25,0.1254,11.39,31,A 1% price increase leads to a 2.38% decrease in demand. Highly price-sensitive.
23352,ROLL WRAP 50'S RED CHRISTMAS ,General,-2.3778,Highly Elastic,0.0058,0.2043,1.8687,False,1.2501,1.07,1.31,0.0282,11.09,278,A 1% price increase leads to a 2.38% decrease in demand. Highly price-sensitive.
21155,RED RETROSPOT PEG BAG,General,-2.3754,Highly Elastic,0.0143,0.0028,0.7923,True,2.4807,2.1,4.96,0.0551,11.45,620,A 1% price increase leads to a 2.38% decrease in demand. Highly price-sensitive.
22331,WOODLAND PARTY BAG + STICKER SET,General,-2.3713,Highly Elastic,0.023,0.0081,0.8893,True,1.7024,1.45,3.29,0.0816,9.51,304,A 1% price increase leads to a 2.37% decrease in demand. Highly price-sensitive.
22827,Unknown,General,-2.3624,Highly Elastic,0.0049,0.6553,5.2528,False,160.4444,145.0,166.41,0.0328,7.19,43,A 1% price increase leads to a 2.36% decrease in demand. Highly price-sensitive.
23206,LUNCH BAG APPLE DESIGN,General,-2.3593,Highly Elastic,0.0037,0.0643,1.2737,False,1.6398,1.45,1.72,0.0264,18.45,927,A 1% price increase leads to a 2.36% decrease in demand. Highly price-sensitive.
22549,PICTURE DOMINOES,General,-2.3583,Highly Elastic,0.0211,0.0017,0.7475,True,1.4893,1.25,3.29,0.0857,12.72,463,A 1% price increase leads to a 2.36% decrease in demand. Highly price-sensitive.
16238,PARTY TIME PENCIL ERASERS,General,-2.3557,Highly Elastic,0.0545,0.0023,0.7596,True,0.2292,0.21,0.42,0.1166,11.47,169,A 1% price increase leads to a 2.36% decrease in demand. Highly price-sensitive.
17136A,check,General,-2.352,Highly Elastic,0.1903,0.0003,0.6064,True,0.113,0.08,0.21,0.2172,12.11,66,A 1% price increase leads to a 2.35% decrease in demand. Highly price-sensitive.
22728,ALARM CLOCK BAKELIKE PINK,General,-2.3497,Highly Elastic,0.0044,0.0513,1.2038,False,3.7673,3.39,4.9867,0.0279,14.91,870,A 1% price increase leads to a 2.35% decrease in demand. Highly price-sensitive.
22173,Unknown,General,-2.3489,Highly Elastic,0.0131,0.0064,0.8576,True,3.076,2.55,5.79,0.0523,10.93,566,A 1% price increase leads to a 2.35% decrease in demand. Highly price-sensitive.
21112,SWISS ROLL TOWEL PINK  SPOTS,General,-2.3465,Highly Elastic,0.1813,0.0002,0.5919,True,2.7548,1.25,5.79,0.1745,11.95,73,A 1% price increase leads to a 2.35% decrease in demand. Highly price-sensitive.
22974,CHILDRENS DOLLY GIRL MUG,General,-2.3458,Highly Elastic,0.0042,0.2456,2.0164,False,1.6491,1.57,1.73,0.0265,10.45,323,A 1% price increase leads to a 2.35% decrease in demand. Highly price-sensitive.
85019C,Damaged,General,-2.344,Highly Elastic,0.3752,0.0004,0.5821,True,2.7548,1.25,4.25,0.2537,9.52,29,A 1% price increase leads to a 2.34% decrease in demand. Highly price-sensitive.
22565,FELTCRAFT HAIRBANDS PINK AND WHITE ,General,-2.3432,Highly Elastic,0.0167,0.0341,1.1001,True,0.8816,0.84,1.63,0.0646,10.02,269,A 1% price increase leads to a 2.34% decrease in demand. Highly price-sensitive.
47593B,SCOTTIE DOGS BABY BIB,General,-2.3389,Highly Elastic,0.171,0.0,0.366,True,0.5858,0.39,1.25,0.2319,13.05,200,A 1% price increase leads to a 2.34% decrease in demand. Highly price-sensitive.
22845,VINTAGE CREAM CAT FOOD CONTAINER,General,-2.3377,Highly Elastic,0.0053,0.1135,1.4744,False,6.3038,5.55,6.91,0.0295,10.14,473,A 1% price increase leads to a 2.34% decrease in demand. Highly price-sensitive.
21986,PACK OF 12 PINK POLKADOT TISSUES,General,-2.3361,Highly Elastic,0.0653,0.0,0.533,True,0.3435,0.22,0.83,0.1473,16.91,277,A 1% price increase leads to a 2.34% decrease in demand. Highly price-sensitive.
23344,JUMBO BAG 50'S CHRISTMAS ,General,-2.3323,Highly Elastic,0.0039,0.084,1.3479,False,2.0704,1.8212,2.18,0.0272,17.31,776,A 1% price increase leads to a 2.33% decrease in demand. Highly price-sensitive.
22682,FRENCH BLUE METAL DOOR SIGN 7,General,-2.3274,Highly Elastic,0.004,0.3582,2.5273,False,1.2437,1.19,1.31,0.0264,9.52,211,A 1% price increase leads to a 2.33% decrease in demand. Highly price-sensitive.
22356,CHARLOTTE BAG PINK POLKADOT,General,-2.3266,Highly Elastic,0.0116,0.0039,0.8036,True,0.8598,0.7219,1.63,0.0562,14.06,718,A 1% price increase leads to a 2.33% decrease in demand. Highly price-sensitive.
22604,SET OF 4 NAPKIN CHARMS CUTLERY,General,-2.3261,Highly Elastic,0.0053,0.2533,2.0313,False,2.544,2.1,2.67,0.0283,9.77,249,A 1% price increase leads to a 2.33% decrease in demand. Highly price-sensitive.
21293,MIRRORED DOVE WALL DECORATION,General,-2.3242,Highly Elastic,0.0719,0.099,1.3733,False,2.4531,2.1,4.13,0.1248,7.41,39,A 1% price increase leads to a 2.32% decrease in demand. Highly price-sensitive.
22186,RED STAR CARD HOLDER,General,-2.3237,Highly Elastic,0.0365,0.0052,0.8222,True,2.3689,1.95,2.95,0.074,9.77,213,A 1% price increase leads to a 2.32% decrease in demand. Highly price-sensitive.
22852,DOG BOWL VINTAGE CREAM,General,-2.3228,Highly Elastic,0.0053,0.2793,2.1417,False,4.267,3.75,4.62,0.0272,9.16,224,A 1% price increase leads to a 2.32% decrease in demand. Highly price-sensitive.
20679,EDWARDIAN PARASOL RED,General,-2.3226,Highly Elastic,0.0053,0.1043,1.4272,False,5.9044,4.95,6.2,0.0292,9.89,498,A 1% price increase leads to a 2.32% decrease in demand. Highly price-sensitive.
22144,CHRISTMAS CRAFT LITTLE FRIENDS,General,-2.3196,Highly Elastic,0.0046,0.0892,1.3629,False,2.1301,1.85,2.415,0.0291,14.28,635,A 1% price increase leads to a 2.32% decrease in demand. Highly price-sensitive.
21219,SET/4 BADGES BALLOON GIRL,General,-2.3177,Highly Elastic,0.0679,0.004,0.7902,True,1.418,1.25,2.46,0.1279,10.05,120,A 1% price increase leads to a 2.32% decrease in demand. Highly price-sensitive.
21109,wet,General,-2.3151,Highly Elastic,0.2412,0.0,0.3574,True,3.3815,1.95,6.75,0.271,11.48,134,A 1% price increase leads to a 2.32% decrease in demand. Highly price-sensitive.
35970,Unknown,General,-2.3132,Highly Elastic,0.0039,0.1545,1.6221,False,1.7181,1.53,2.1053,0.0282,14.19,518,A 1% price increase leads to a 2.31% decrease in demand. Highly price-sensitive.
23049,RECYCLED ACAPULCO MAT RED,General,-2.3082,Highly Elastic,0.0042,0.2464,1.9878,False,8.2571,7.84,8.66,0.0261,9.72,322,A 1% price increase leads to a 2.31% decrease in demand. Highly price-sensitive.
22273,FELTCRAFT DOLL MOLLY,General,-2.3079,Highly Elastic,0.0048,0.1125,1.4516,False,2.9593,2.55,3.66,0.0304,14.3,521,A 1% price increase leads to a 2.31% decrease in demand. Highly price-sensitive.
22617,"mouldy, thrown away.",General,-2.3039,Highly Elastic,0.0095,0.0103,0.895,True,4.9876,4.25,8.1944,0.0451,12.25,693,A 1% price increase leads to a 2.3% decrease in demand. Highly price-sensitive.
22170,PICTURE FRAME WOOD TRIPLE PORTRAIT,General,-2.3005,Highly Elastic,0.0051,0.1378,1.5474,False,6.6805,5.95,7.01,0.0298,10.14,434,A 1% price increase leads to a 2.3% decrease in demand. Highly price-sensitive.
22671,FRENCH LAUNDRY SIGN BLUE METAL,General,-2.2979,Highly Elastic,0.0154,0.0574,1.2031,False,1.6798,1.45,3.29,0.0688,9.78,236,A 1% price increase leads to a 2.3% decrease in demand. Highly price-sensitive.
22926,Unknown,General,-2.2965,Highly Elastic,0.0047,0.1746,1.6886,False,5.9395,5.65,6.25,0.0271,9.85,395,A 1% price increase leads to a 2.3% decrease in demand. Highly price-sensitive.
22751,FELTCRAFT PRINCESS OLIVIA DOLL,General,-2.2876,Highly Elastic,0.0043,0.145,1.5672,False,3.7798,3.39,4.28,0.0272,11.55,501,A 1% price increase leads to a 2.29% decrease in demand. Highly price-sensitive.
23583,LUNCH BAG PAISLEY PARK  ,General,-2.2849,Highly Elastic,0.004,0.1642,1.6402,False,1.6432,1.4906,1.72,0.0285,13.57,486,A 1% price increase leads to a 2.28% decrease in demand. Highly price-sensitive.
23006,TRAVEL CARD WALLET FLOWER MEADOW,General,-2.2844,Highly Elastic,0.0041,0.3138,2.263,False,0.4189,0.4,0.44,0.0278,10.62,249,A 1% price increase leads to a 2.28% decrease in demand. Highly price-sensitive.
21531,RED RETROSPOT SUGAR JAM BOWL,General,-2.2844,Highly Elastic,0.0052,0.1697,1.6602,False,2.5183,2.1,2.64,0.0308,10.51,364,A 1% price increase leads to a 2.28% decrease in demand. Highly price-sensitive.
22674,FRENCH TOILET SIGN BLUE METAL,General,-2.2747,Highly Elastic,0.011,0.0636,1.222,False,1.2698,1.06,2.46,0.0603,10.45,313,A 1% price increase leads to a 2.27% decrease in demand. Highly price-sensitive.
22439,6 ROCKET BALLOONS ,General,-2.269,Highly Elastic,0.0068,0.1313,1.5,False,0.6707,0.55,0.85,0.0365,10.14,336,A 1% price increase leads to a 2.27% decrease in demand. Highly price-sensitive.
21527,Unknown,General,-2.2659,Highly Elastic,0.0052,0.2198,1.8428,False,7.8339,6.95,8.24,0.0303,9.37,289,A 1% price increase leads to a 2.27% decrease in demand. Highly price-sensitive.
21420,OYSTER TRINKET BOX,General,-2.2639,Highly Elastic,0.1287,0.0053,0.7801,True,2.66,0.79,3.25,0.1197,10.64,59,A 1% price increase leads to a 2.26% decrease in demand. Highly price-sensitive.
22702,BLACK AND WHITE CAT BOWL,General,-2.2605,Highly Elastic,0.1228,0.0005,0.6265,True,1.9651,0.65,2.4,0.1002,8.77,95,A 1% price increase leads to a 2.26% decrease in demand. Highly price-sensitive.
21497,FANCY FONTS BIRTHDAY WRAP,General,-2.26,Highly Elastic,0.004,0.1594,1.6037,False,0.4178,0.36,0.44,0.0289,17.6,494,A 1% price increase leads to a 2.26% decrease in demand. Highly price-sensitive.
21710,FOLDING UMBRELLA PINKWHITE POLKADOT,General,-2.2573,Highly Elastic,0.0032,0.7044,5.912,False,4.9318,4.72,5.18,0.0264,7.79,48,A 1% price increase leads to a 2.26% decrease in demand. Highly price-sensitive.
21452,TOADSTOOL MONEY BOX,General,-2.256,Highly Elastic,0.0043,0.2327,1.887,False,2.9462,2.6452,3.09,0.0269,9.04,330,A 1% price increase leads to a 2.26% decrease in demand. Highly price-sensitive.
22575,missing?,General,-2.2538,Highly Elastic,0.0046,0.3662,2.4881,False,1.9435,1.65,2.04,0.0287,11.69,181,A 1% price increase leads to a 2.25% decrease in demand. Highly price-sensitive.
22555,PLASTERS IN TIN STRONGMAN,General,-2.2519,Highly Elastic,0.0065,0.0318,1.0466,True,1.654,1.45,3.29,0.0456,15.21,711,A 1% price increase leads to a 2.25% decrease in demand. Highly price-sensitive.
21944,KITTENS DESIGN FLANNEL,General,-2.2509,Highly Elastic,0.0887,0.0022,0.7177,True,0.702,0.39,0.85,0.1047,9.66,103,A 1% price increase leads to a 2.25% decrease in demand. Highly price-sensitive.
35815P,Unknown,General,-2.2429,Highly Elastic,0.4884,0.0018,0.5927,True,1.2341,0.38,2.1,0.2481,8.53,17,A 1% price increase leads to a 2.24% decrease in demand. Highly price-sensitive.
23439,HAND WARMER RED LOVE HEART,General,-2.2409,Highly Elastic,0.0039,0.1326,1.4881,False,2.0961,1.85,2.2,0.0277,14.65,581,A 1% price increase leads to a 2.24% decrease in demand. Highly price-sensitive.
23045,PAPER LANTERN 5 POINT STAR MOON ,General,-2.2387,Highly Elastic,0.0037,0.5925,4.1656,False,4.1417,3.95,4.35,0.0258,7.94,79,A 1% price increase leads to a 2.24% decrease in demand. Highly price-sensitive.
85175,Unknown,General,-2.2384,Highly Elastic,0.0112,0.0908,1.3185,False,0.4259,0.36,0.83,0.0665,15.52,256,A 1% price increase leads to a 2.24% decrease in demand. Highly price-sensitive.
23162,REGENCY TEA STRAINER,General,-2.2352,Highly Elastic,0.0139,0.0428,1.0986,True,3.7847,3.29,7.46,0.0648,10.18,295,A 1% price increase leads to a 2.24% decrease in demand. Highly price-sensitive.
22557,PLASTERS IN TIN VINTAGE PAISLEY ,General,-2.2351,Highly Elastic,0.0063,0.0244,0.9909,True,1.6606,1.45,2.7433,0.0408,13.98,807,A 1% price increase leads to a 2.24% decrease in demand. Highly price-sensitive.
20969,RED FLORAL FELTCRAFT SHOULDER BAG,General,-2.2328,Highly Elastic,0.0091,0.0334,1.0467,True,3.8264,3.3973,7.46,0.0509,11.24,497,A 1% price increase leads to a 2.23% decrease in demand. Highly price-sensitive.
22222,CAKE PLATE LOVEBIRD WHITE,General,-2.2288,Highly Elastic,0.0931,0.0,0.3882,True,4.3454,1.95,4.95,0.103,9.51,323,A 1% price increase leads to a 2.23% decrease in demand. Highly price-sensitive.
22746,POPPY'S PLAYHOUSE LIVINGROOM ,General,-2.227,Highly Elastic,0.0042,0.1432,1.5189,False,2.0958,1.85,2.2,0.0272,11.0,516,A 1% price increase leads to a 2.23% decrease in demand. Highly price-sensitive.
84199,GLOW IN DARK DOLPHINS,General,-2.2255,Highly Elastic,0.0079,0.4922,3.2205,False,0.209,0.2,0.22,0.0343,8.1,62,A 1% price increase leads to a 2.23% decrease in demand. Highly price-sensitive.
22937,BAKING MOULD CUPCAKE CHOCOLATE,General,-2.2228,Highly Elastic,0.0143,0.0533,1.145,False,2.5888,2.1,4.96,0.0639,8.83,262,A 1% price increase leads to a 2.22% decrease in demand. Highly price-sensitive.
20682,RED RETROSPOT CHILDRENS UMBRELLA,General,-2.2209,Highly Elastic,0.0124,0.0383,1.0681,True,3.2864,2.75,6.63,0.0625,10.54,345,A 1% price increase leads to a 2.22% decrease in demand. Highly price-sensitive.
15044A,PINK PAPER PARASOL ,General,-2.2205,Highly Elastic,0.0112,0.198,1.7174,False,3.0422,2.55,4.37,0.0473,8.83,150,A 1% price increase leads to a 2.22% decrease in demand. Highly price-sensitive.
23119,PACK OF 6 LARGE FRUIT STRAWS ,General,-2.2203,Highly Elastic,0.0216,0.0444,1.0969,True,0.6533,0.53,1.25,0.0777,10.99,188,A 1% price increase leads to a 2.22% decrease in demand. Highly price-sensitive.
23521,WALL ART CAT AND BIRD ,General,-2.2163,Highly Elastic,0.1245,0.0407,1.0389,True,2.1926,1.12,2.89,0.1509,14.03,34,A 1% price increase leads to a 2.22% decrease in demand. Highly price-sensitive.
21115,ROSE CARAVAN DOORSTOP,General,-2.2147,Highly Elastic,0.134,0.0,0.3019,True,4.9468,1.95,6.75,0.1449,10.21,350,A 1% price increase leads to a 2.21% decrease in demand. Highly price-sensitive.
22341,LOVE GARLAND PAINTED ZINC ,General,-2.2118,Highly Elastic,0.0545,0.016,0.9034,True,1.8172,1.65,3.29,0.1201,9.18,106,A 1% price increase leads to a 2.21% decrease in demand. Highly price-sensitive.
21167,WHITE SAGE INCENSE,General,-2.2115,Highly Elastic,0.0032,0.6513,4.8699,False,0.2097,0.2,0.22,0.0287,17.52,67,A 1% price increase leads to a 2.21% decrease in demand. Highly price-sensitive.
85170C,SET/6 EAU DE NIL BIRD T-LIGHTS,General,-2.2051,Highly Elastic,0.1166,0.0142,0.8671,True,1.8807,0.85,2.1,0.1229,10.75,51,A 1% price increase leads to a 2.21% decrease in demand. Highly price-sensitive.
22595,check,General,-2.1996,Highly Elastic,0.004,0.1158,1.3966,False,0.853,0.72,1.0553,0.0289,14.77,614,A 1% price increase leads to a 2.2% decrease in demand. Highly price-sensitive.
84509C,SET OF 4 POLKADOT PLACEMATS ,General,-2.197,Highly Elastic,0.0056,0.5079,3.3031,False,3.6824,2.95,3.86,0.0336,8.65,80,A 1% price increase leads to a 2.2% decrease in demand. Highly price-sensitive.
22477,WATERING CAN GARDEN MARKER,General,-2.1958,Highly Elastic,0.0033,0.4776,3.0845,False,1.2497,1.19,1.31,0.0257,10.93,153,A 1% price increase leads to a 2.2% decrease in demand. Highly price-sensitive.
22940,FELTCRAFT CHRISTMAS FAIRY,General,-2.1927,Highly Elastic,0.005,0.0867,1.2778,False,4.3028,3.75,5.1823,0.0298,11.95,588,A 1% price increase leads to a 2.19% decrease in demand. Highly price-sensitive.
10133,damaged,General,-2.192,Highly Elastic,0.0723,0.0,0.5035,True,0.547,0.42,0.85,0.1383,12.88,245,A 1% price increase leads to a 2.19% decrease in demand. Highly price-sensitive.
85230G,ORANGE VOTIVE CANDLE,General,-2.1896,Highly Elastic,0.0176,0.2628,1.94,False,0.2712,0.21,0.29,0.058,12.47,73,A 1% price increase leads to a 2.19% decrease in demand. Highly price-sensitive.
85039C,S/4 BLACK MINI ROSE CANDLE IN BOWL,General,-2.1792,Highly Elastic,0.2573,0.0008,0.6005,True,1.1599,0.42,1.65,0.1882,12.35,40,A 1% price increase leads to a 2.18% decrease in demand. Highly price-sensitive.
23236,STORAGE TIN VINTAGE DOILY ,General,-2.1768,Highly Elastic,0.0038,0.1771,1.6105,False,2.9002,2.5135,3.1131,0.0271,12.68,485,A 1% price increase leads to a 2.18% decrease in demand. Highly price-sensitive.
84030E,ENGLISH ROSE HOT WATER BOTTLE,General,-2.1767,Highly Elastic,0.0047,0.1048,1.3397,False,4.2005,3.75,4.42,0.0298,11.12,557,A 1% price increase leads to a 2.18% decrease in demand. Highly price-sensitive.
84674,FLYING PIG WATERING CAN,General,-2.1749,Highly Elastic,0.0399,0.0463,1.0778,True,2.8663,1.25,3.0,0.0646,8.32,100,A 1% price increase leads to a 2.17% decrease in demand. Highly price-sensitive.
22382,LUNCH BAG SPACEBOY DESIGN ,General,-2.1742,Highly Elastic,0.0031,0.0686,1.1928,False,1.6542,1.4558,1.96,0.026,19.06,1078,A 1% price increase leads to a 2.17% decrease in demand. Highly price-sensitive.
21673,Unknown,General,-2.1716,Highly Elastic,0.0077,0.0529,1.1191,False,1.3086,1.0639,1.49,0.0379,11.96,488,A 1% price increase leads to a 2.17% decrease in demand. Highly price-sensitive.
23427,damaged,General,-2.1715,Highly Elastic,0.0042,0.3876,2.5074,False,12.3801,10.82,12.98,0.0295,8.95,181,A 1% price increase leads to a 2.17% decrease in demand. Highly price-sensitive.
22276,Unknown,General,-2.1696,Highly Elastic,0.0036,0.4266,2.7225,False,2.5514,2.42,2.68,0.0256,8.63,178,A 1% price increase leads to a 2.17% decrease in demand. Highly price-sensitive.
22996,TRAVEL CARD WALLET VINTAGE TICKET,General,-2.1658,Highly Elastic,0.0033,0.1999,1.6874,False,0.4207,0.4,0.44,0.0263,13.87,504,A 1% price increase leads to a 2.17% decrease in demand. Highly price-sensitive.
21985,PACK OF 12 HEARTS DESIGN TISSUES ,General,-2.1636,Highly Elastic,0.0276,0.0001,0.5376,True,0.3332,0.2206,0.83,0.0991,15.98,572,A 1% price increase leads to a 2.16% decrease in demand. Highly price-sensitive.
22922,sold as set on dotcom,General,-2.1633,Highly Elastic,0.0199,0.0569,1.1289,False,0.8745,0.72,1.8,0.0851,11.52,183,A 1% price increase leads to a 2.16% decrease in demand. Highly price-sensitive.
23163,REGENCY SUGAR TONGS,General,-2.1633,Highly Elastic,0.0061,0.2162,1.7446,False,2.4472,2.08,2.57,0.0332,10.87,252,A 1% price increase leads to a 2.16% decrease in demand. Highly price-sensitive.
21592,RETROSPOT CIGAR BOX MATCHES ,General,-2.163,Highly Elastic,0.0777,0.0,0.3556,True,1.0489,0.39,1.25,0.1007,12.3,441,A 1% price increase leads to a 2.16% decrease in demand. Highly price-sensitive.
21110,Unknown,General,-2.157,Highly Elastic,0.1761,0.0,0.4141,True,5.7175,1.95,6.75,0.1364,10.42,129,A 1% price increase leads to a 2.16% decrease in demand. Highly price-sensitive.
21191,LARGE WHITE HONEYCOMB PAPER BELL  ,General,-2.1542,Highly Elastic,0.0056,0.4105,2.6087,False,2.0855,1.69,2.18,0.0311,8.74,123,A 1% price increase leads to a 2.15% decrease in demand. Highly price-sensitive.
10125,MINI FUNKY DESIGN TAPES,General,-2.1538,Highly Elastic,0.0433,0.0051,0.7592,True,0.7725,0.42,0.85,0.0811,11.95,180,A 1% price increase leads to a 2.15% decrease in demand. Highly price-sensitive.
22277,COSMETIC BAG VINTAGE ROSE PAISLEY,General,-2.1532,Highly Elastic,0.0357,0.0145,0.8713,True,2.2259,1.8525,4.13,0.1006,8.77,167,A 1% price increase leads to a 2.15% decrease in demand. Highly price-sensitive.
21914,BLUE HARMONICA IN BOX ,General,-2.1476,Highly Elastic,0.004,0.0708,1.1872,False,1.2723,1.06,1.6059,0.0301,15.35,808,A 1% price increase leads to a 2.15% decrease in demand. Highly price-sensitive.
22309,TEA COSY RED  STRIPE,General,-2.1453,Highly Elastic,0.0301,0.0212,0.9225,True,2.6878,2.1088,4.96,0.0978,8.3,176,A 1% price increase leads to a 2.15% decrease in demand. Highly price-sensitive.
22756,LARGE YELLOW BABUSHKA NOTEBOOK ,General,-2.1441,Highly Elastic,0.0979,0.0,0.4471,True,0.9263,0.39,1.25,0.1394,10.07,214,A 1% price increase leads to a 2.14% decrease in demand. Highly price-sensitive.
22102,MIRROR MOSAIC T-LIGHT HOLDER ,General,-2.144,Highly Elastic,0.0047,0.6053,4.1258,False,1.6519,1.57,1.73,0.0274,8.64,59,A 1% price increase leads to a 2.14% decrease in demand. Highly price-sensitive.
22045,SPACEBOY GIFT WRAP,General,-2.1436,Highly Elastic,0.0035,0.2338,1.7976,False,0.4175,0.3489,0.44,0.0288,16.26,402,A 1% price increase leads to a 2.14% decrease in demand. Highly price-sensitive.
23077,DOUGHNUT LIP GLOSS ,General,-2.1403,Highly Elastic,0.0033,0.16,1.5213,False,1.2465,1.04,1.31,0.0289,16.67,603,A 1% price increase leads to a 2.14% decrease in demand. Highly price-sensitive.
22911,PAPER CHAIN KIT LONDON,General,-2.1398,Highly Elastic,0.0033,0.4378,2.7521,False,2.9486,2.81,3.1,0.0247,8.32,187,A 1% price increase leads to a 2.14% decrease in demand. Highly price-sensitive.
22966,Unknown,General,-2.1369,Highly Elastic,0.0031,0.1097,1.3344,False,1.2572,1.0871,1.32,0.0261,14.55,819,A 1% price increase leads to a 2.14% decrease in demand. Highly price-sensitive.
22798,ANTIQUE GLASS DRESSING TABLE POT,General,-2.1306,Highly Elastic,0.0173,0.0111,0.8349,True,3.0148,2.55,5.79,0.0744,10.05,371,A 1% price increase leads to a 2.13% decrease in demand. Highly price-sensitive.
23087,ZINC  HEART T-LIGHT HOLDER,General,-2.1287,Highly Elastic,0.005,0.5543,3.5827,False,1.2389,1.04,1.29,0.0316,10.65,72,A 1% price increase leads to a 2.13% decrease in demand. Highly price-sensitive.
22870,NUMBER TILE COTTAGE GARDEN 2,General,-2.1248,Highly Elastic,0.0051,0.6739,5.0078,False,1.9481,1.86,2.04,0.0298,9.32,37,A 1% price increase leads to a 2.12% decrease in demand. Highly price-sensitive.
22141,CHRISTMAS CRAFT TREE TOP ANGEL,General,-2.1229,Highly Elastic,0.0078,0.0391,1.0263,True,2.137,1.8818,4.13,0.0488,11.76,547,A 1% price increase leads to a 2.12% decrease in demand. Highly price-sensitive.
22664,TOY TIDY DOLLY GIRL DESIGN,General,-2.1204,Highly Elastic,0.0818,0.0,0.4915,True,1.9805,0.79,4.13,0.1097,9.56,211,A 1% price increase leads to a 2.12% decrease in demand. Highly price-sensitive.
18097C,WHITE TALL PORCELAIN T-LIGHT HOLDER,General,-2.119,Highly Elastic,0.0061,0.3853,2.432,False,2.5344,1.95,2.65,0.0345,9.61,125,A 1% price increase leads to a 2.12% decrease in demand. Highly price-sensitive.
85176,SEWING SUSAN 21 NEEDLE SET,General,-2.1148,Highly Elastic,0.0249,0.0328,0.9829,True,0.898,0.85,1.63,0.0915,9.55,183,A 1% price increase leads to a 2.11% decrease in demand. Highly price-sensitive.
21781,Unknown,General,-2.1117,Highly Elastic,0.0043,0.3453,2.2324,False,14.8489,12.75,15.58,0.0308,8.76,211,A 1% price increase leads to a 2.11% decrease in demand. Highly price-sensitive.
21051,found,General,-2.1115,Highly Elastic,0.0543,0.0963,1.2458,False,2.3158,2.1,4.13,0.1188,9.83,52,A 1% price increase leads to a 2.11% decrease in demand. Highly price-sensitive.
21058,PARTY INVITES WOODLAND,General,-2.106,Highly Elastic,0.0171,0.0841,1.2122,False,0.875,0.83,1.63,0.0716,7.98,176,A 1% price increase leads to a 2.11% decrease in demand. Highly price-sensitive.
22514,CHILDS GARDEN SPADE BLUE,General,-2.1047,Highly Elastic,0.0041,0.4326,2.6748,False,2.0855,1.85,2.2,0.029,8.47,154,A 1% price increase leads to a 2.1% decrease in demand. Highly price-sensitive.
23080,RED METAL BOX TOP SECRET,General,-2.1041,Highly Elastic,0.0064,0.0946,1.2559,False,8.3704,7.5,13.278,0.0407,11.2,440,A 1% price increase leads to a 2.1% decrease in demand. Highly price-sensitive.
84596J,Unknown,General,-2.1013,Highly Elastic,0.067,0.026,0.9245,True,0.4829,0.42,1.25,0.1951,11.38,74,A 1% price increase leads to a 2.1% decrease in demand. Highly price-sensitive.
37340,sold as set on dotcom,General,-2.1007,Highly Elastic,0.0241,0.1008,1.2697,False,0.4113,0.39,0.85,0.1065,13.23,113,A 1% price increase leads to a 2.1% decrease in demand. Highly price-sensitive.
21933,PINK VINTAGE PAISLEY PICNIC BAG,General,-2.1006,Highly Elastic,0.0396,0.0,0.4529,True,1.8908,1.65,2.95,0.1103,12.18,524,A 1% price increase leads to a 2.1% decrease in demand. Highly price-sensitive.
90198B,VINTAGE ROSE BEAD BRACELET BLACK,General,-2.1002,Highly Elastic,0.003,0.7555,6.6884,False,4.2526,4.06,4.46,0.0269,8.23,35,A 1% price increase leads to a 2.1% decrease in demand. Highly price-sensitive.
16054,POPART RECT PENCIL SHARPENER ASST,General,-2.0976,Highly Elastic,0.1175,0.0197,0.8665,True,0.1542,0.12,0.42,0.2729,12.52,46,A 1% price increase leads to a 2.1% decrease in demand. Highly price-sensitive.
84763,Unknown,General,-2.0976,Highly Elastic,0.0036,0.5122,3.1907,False,1.245,1.0779,1.3,0.0278,12.27,120,A 1% price increase leads to a 2.1% decrease in demand. Highly price-sensitive.
84569D,Unknown,General,-2.0917,Highly Elastic,0.0046,0.5532,3.512,False,1.2574,1.19,1.31,0.0277,8.56,78,A 1% price increase leads to a 2.09% decrease in demand. Highly price-sensitive.
22896,PEG BAG APPLE DESIGN,General,-2.0866,Highly Elastic,0.01,0.0333,0.9771,True,2.5987,2.1,4.96,0.0569,10.84,452,A 1% price increase leads to a 2.09% decrease in demand. Highly price-sensitive.
85174,S/4 CACTI CANDLES,General,-2.0815,Highly Elastic,0.0628,0.0005,0.588,True,4.9625,2.1265,10.79,0.118,9.79,189,A 1% price increase leads to a 2.08% decrease in demand. Highly price-sensitive.
85062,PEARL CRYSTAL PUMPKIN T-LIGHT HLDR,General,-2.0813,Highly Elastic,0.007,0.169,1.5091,False,1.6768,1.6,2.46,0.0393,11.01,271,A 1% price increase leads to a 2.08% decrease in demand. Highly price-sensitive.
20838,FRENCH LATTICE CUSHION COVER ,General,-2.0811,Highly Elastic,0.0868,0.0051,0.7235,True,1.0068,0.85,3.29,0.2499,9.92,89,A 1% price increase leads to a 2.08% decrease in demand. Highly price-sensitive.
20956,check,General,-2.0796,Highly Elastic,0.0033,0.4904,3.0078,False,1.2525,1.19,1.31,0.0261,11.32,145,A 1% price increase leads to a 2.08% decrease in demand. Highly price-sensitive.
16169K,Unknown,General,-2.0783,Highly Elastic,0.0046,0.6699,4.84,False,0.4224,0.4,0.44,0.0309,11.76,42,A 1% price increase leads to a 2.08% decrease in demand. Highly price-sensitive.
21754,HOME BUILDING BLOCK WORD,General,-2.0779,Highly Elastic,0.0055,0.0261,0.9328,True,6.0196,5.45,11.63,0.0416,14.4,907,A 1% price increase leads to a 2.08% decrease in demand. Highly price-sensitive.
21879,HEARTS GIFT TAPE,General,-2.0753,Highly Elastic,0.1514,0.0,0.4292,True,0.4925,0.19,0.65,0.1418,8.73,133,A 1% price increase leads to a 2.08% decrease in demand. Highly price-sensitive.
82486,3 DRAWER ANTIQUE WHITE WOOD CABINET,General,-2.0736,Highly Elastic,0.0045,0.0565,1.0859,False,8.6748,7.2833,9.12,0.0317,13.38,817,A 1% price increase leads to a 2.07% decrease in demand. Highly price-sensitive.
84692,BOX OF 24 COCKTAIL PARASOLS,General,-2.073,Highly Elastic,0.0088,0.0155,0.8543,True,0.4273,0.3226,0.83,0.0602,14.61,666,A 1% price increase leads to a 2.07% decrease in demand. Highly price-sensitive.
22488,NATURAL SLATE RECTANGLE CHALKBOARD,General,-2.0728,Highly Elastic,0.0041,0.1265,1.3544,False,1.6521,1.45,1.9233,0.0293,11.37,576,A 1% price increase leads to a 2.07% decrease in demand. Highly price-sensitive.
21730,GLASS STAR FROSTED T-LIGHT HOLDER,General,-2.0719,Highly Elastic,0.0072,0.2065,1.6353,False,4.9553,4.25,6.2025,0.0372,8.45,222,A 1% price increase leads to a 2.07% decrease in demand. Highly price-sensitive.
84876B,found,General,-2.0679,Highly Elastic,0.0077,0.6825,4.989,False,1.2554,1.19,1.31,0.0312,6.67,24,A 1% price increase leads to a 2.07% decrease in demand. Highly price-sensitive.
22708,WRAP DOLLY GIRL,General,-2.066,Highly Elastic,0.0045,0.3492,2.2017,False,0.4189,0.34,0.44,0.031,14.17,196,A 1% price increase leads to a 2.07% decrease in demand. Highly price-sensitive.
84988,?,General,-2.0649,Highly Elastic,0.0032,0.2068,1.6334,False,1.4553,1.25,1.5631,0.0281,12.36,494,A 1% price increase leads to a 2.06% decrease in demand. Highly price-sensitive.
22027,TEA PARTY BIRTHDAY CARD,General,-2.0642,Highly Elastic,0.0043,0.1466,1.4197,False,0.4204,0.3646,0.44,0.0297,13.48,493,A 1% price increase leads to a 2.06% decrease in demand. Highly price-sensitive.
22191,IVORY DINER WALL CLOCK,General,-2.0638,Highly Elastic,0.0031,0.1661,1.4886,False,8.4896,7.65,8.9,0.0256,11.28,628,A 1% price increase leads to a 2.06% decrease in demand. Highly price-sensitive.
22061,LARGE CAKE STAND  HANGING STRAWBERY,General,-2.0592,Highly Elastic,0.1396,0.0,0.2976,True,8.2104,2.95,9.95,0.1277,9.24,297,A 1% price increase leads to a 2.06% decrease in demand. Highly price-sensitive.
90162D,ANT SILVER PURPLE BOUDICCA RING,General,-2.0567,Highly Elastic,0.0025,0.8591,11.3574,False,2.952,2.84,3.05,0.0218,7.53,15,A 1% price increase leads to a 2.06% decrease in demand. Highly price-sensitive.
22223,CAKE PLATE LOVEBIRD PINK,General,-2.0518,Highly Elastic,0.1977,0.0001,0.4838,True,4.0765,1.95,4.95,0.1453,5.72,75,A 1% price increase leads to a 2.05% decrease in demand. Highly price-sensitive.
22525,Unknown,General,-2.0511,Highly Elastic,0.0045,0.4829,2.9136,False,1.2437,1.0773,1.3,0.03,10.33,112,A 1% price increase leads to a 2.05% decrease in demand. Highly price-sensitive.
23407,SET OF 2 TRAYS HOME SWEET HOME,General,-2.0503,Highly Elastic,0.0038,0.3017,1.9816,False,9.9319,9.46,10.43,0.0271,10.32,281,A 1% price increase leads to a 2.05% decrease in demand. Highly price-sensitive.
23125,6PC WOOD PLATE SET DISPOSABLE,General,-2.0486,Highly Elastic,0.0042,0.6964,5.2101,False,1.2482,1.19,1.31,0.0271,8.54,39,A 1% price increase leads to a 2.05% decrease in demand. Highly price-sensitive.
22559,SEASIDE FLYING DISC,General,-2.0485,Highly Elastic,0.0469,0.0258,0.9059,True,1.3935,1.25,2.46,0.1157,8.14,106,A 1% price increase leads to a 2.05% decrease in demand. Highly price-sensitive.
22902,TOTE BAG I LOVE LONDON,General,-2.0477,Highly Elastic,0.0051,0.3231,2.0669,False,2.0563,1.69,2.17,0.0333,10.82,192,A 1% price increase leads to a 2.05% decrease in demand. Highly price-sensitive.
21417,COCKLE SHELL DISH,General,-2.0435,Highly Elastic,0.1827,0.0,0.4607,True,1.4615,0.79,2.1,0.1729,8.8,90,A 1% price increase leads to a 2.04% decrease in demand. Highly price-sensitive.
22113,GREY HEART HOT WATER BOTTLE,General,-2.0429,Highly Elastic,0.0053,0.0471,1.0275,True,4.0412,3.39,4.7438,0.0342,13.23,746,A 1% price increase leads to a 2.04% decrease in demand. Highly price-sensitive.
22700,smashed,General,-2.0424,Highly Elastic,0.136,0.0,0.4414,True,2.5674,0.85,2.95,0.1207,9.91,138,A 1% price increase leads to a 2.04% decrease in demand. Highly price-sensitive.
85039A,SET/4 RED MINI ROSE CANDLE IN BOWL,General,-2.0403,Highly Elastic,0.1046,0.0091,0.7582,True,1.5128,0.42,1.65,0.0997,10.78,64,A 1% price increase leads to a 2.04% decrease in demand. Highly price-sensitive.
23502,PLAYING CARDS VINTAGE DOILY ,General,-2.0395,Highly Elastic,0.0039,0.3605,2.2259,False,1.2428,1.04,1.3,0.028,10.72,218,A 1% price increase leads to a 2.04% decrease in demand. Highly price-sensitive.
22895,SET OF 2 TEA TOWELS APPLE AND PEARS,General,-2.036,Highly Elastic,0.0054,0.1102,1.2723,False,3.1875,2.5704,3.7329,0.0329,10.31,471,A 1% price increase leads to a 2.04% decrease in demand. Highly price-sensitive.
21039,RED RETROSPOT SHOPPING BAG,General,-2.034,Highly Elastic,0.0043,0.4246,2.5405,False,2.5305,2.1,2.66,0.0312,10.34,151,A 1% price increase leads to a 2.03% decrease in demand. Highly price-sensitive.
22625,Unknown,General,-2.032,Highly Elastic,0.0034,0.0967,1.2218,False,8.4041,7.65,8.83,0.0273,12.23,808,A 1% price increase leads to a 2.03% decrease in demand. Highly price-sensitive.
22165,"DIAMANTE HEART SHAPED WALL MIRROR, ",General,-2.0317,Highly Elastic,0.208,0.0,0.385,True,8.8073,3.95,12.75,0.1924,9.08,108,A 1% price increase leads to a 2.03% decrease in demand. Highly price-sensitive.
84660A,damaged,General,-2.0271,Highly Elastic,0.1145,0.003,0.6598,True,1.0594,0.79,3.75,0.3115,12.73,75,A 1% price increase leads to a 2.03% decrease in demand. Highly price-sensitive.
22968,Unknown,General,-2.0221,Highly Elastic,0.0043,0.2099,1.6098,False,9.763,8.5,10.25,0.0304,9.64,366,A 1% price increase leads to a 2.02% decrease in demand. Highly price-sensitive.
22781,GUMBALL MAGAZINE RACK,General,-2.0207,Highly Elastic,0.0118,0.0585,1.0642,False,7.6624,6.75,14.96,0.0626,7.67,304,A 1% price increase leads to a 2.02% decrease in demand. Highly price-sensitive.
21231,SWEETHEART CERAMIC TRINKET BOX,General,-2.0183,Highly Elastic,0.0115,0.0076,0.7535,True,1.2692,1.06,2.46,0.0631,13.86,621,A 1% price increase leads to a 2.02% decrease in demand. Highly price-sensitive.
21563,RED HEART SHAPE LOVE BUCKET ,General,-2.0178,Highly Elastic,0.1209,0.0,0.3179,True,2.4976,0.79,2.95,0.1183,12.25,295,A 1% price increase leads to a 2.02% decrease in demand. Highly price-sensitive.
84809A,Unknown,General,-2.0136,Highly Elastic,0.0064,0.7302,5.7527,False,2.12,2.0,2.2,0.0286,6.95,21,A 1% price increase leads to a 2.01% decrease in demand. Highly price-sensitive.
85104,????damages????,General,-2.0112,Highly Elastic,0.0748,0.1177,1.2508,False,2.2959,1.25,2.95,0.1215,7.0,34,A 1% price increase leads to a 2.01% decrease in demand. Highly price-sensitive.
20975,Unknown,General,-2.0103,Highly Elastic,0.0028,0.2184,1.6312,False,0.6468,0.55,0.68,0.0278,15.72,534,A 1% price increase leads to a 2.01% decrease in demand. Highly price-sensitive.
22185,SLATE TILE NATURAL HANGING,General,-2.009,Highly Elastic,0.0378,0.0009,0.5969,True,1.4425,0.79,1.65,0.0826,11.03,290,A 1% price increase leads to a 2.01% decrease in demand. Highly price-sensitive.
35598D,PINK/WHITE CHRISTMAS TREE 60CM,General,-2.0051,Highly Elastic,0.1016,0.0086,0.7396,True,0.8495,0.65,2.46,0.2588,12.34,67,A 1% price increase leads to a 2.01% decrease in demand. Highly price-sensitive.
22550,HOLIDAY FUN LUDO,General,-2.005,Highly Elastic,0.012,0.0399,0.972,True,3.8447,2.62,7.46,0.0603,9.63,351,A 1% price increase leads to a 2.0% decrease in demand. Highly price-sensitive.
21882,SKULLS TAPE,General,-2.0047,Highly Elastic,0.1255,0.0008,0.5773,True,0.5181,0.19,0.65,0.1399,11.33,86,A 1% price increase leads to a 2.0% decrease in demand. Highly price-sensitive.
84596L,Unknown,General,-2.003,Highly Elastic,0.1052,0.0,0.4238,True,0.5284,0.42,1.25,0.2371,10.26,192,A 1% price increase leads to a 2.0% decrease in demand. Highly price-sensitive.
21976,PACK OF 60 MUSHROOM CAKE CASES,General,-2.0029,Highly Elastic,0.0085,0.0316,0.9296,True,0.5633,0.42,1.25,0.0616,12.71,542,A 1% price increase leads to a 2.0% decrease in demand. Highly price-sensitive.
22410,MONEY BOX HOUSEKEEPING DESIGN,General,-2.0002,Highly Elastic,0.152,0.0,0.4632,True,0.9826,0.39,1.25,0.1543,8.89,106,A 1% price increase leads to a 2.0% decrease in demand. Highly price-sensitive.
22782,SET 3 WICKER STORAGE BASKETS ,General,-1.9993,Highly Elastic,0.0894,0.0005,0.5598,True,18.9091,9.95,24.95,0.1294,9.65,132,A 1% price increase leads to a 2.0% decrease in demand. Highly price-sensitive.
21844,RED RETROSPOT MUG,General,-1.9985,Highly Elastic,0.0045,0.2427,1.7073,False,2.91,2.55,3.05,0.0297,11.12,304,A 1% price increase leads to a 2.0% decrease in demand. Highly price-sensitive.
21135,wet rusty,General,-1.9984,Highly Elastic,0.0642,0.0,0.4163,True,1.6713,0.2204,1.75,0.0542,12.1,338,A 1% price increase leads to a 2.0% decrease in demand. Highly price-sensitive.
23210,WHITE ROCKING HORSE HAND PAINTED,General,-1.9974,Highly Elastic,0.0031,0.3463,2.1171,False,1.2485,1.145,1.31,0.0272,11.91,287,A 1% price increase leads to a 2.0% decrease in demand. Highly price-sensitive.
22593,CHRISTMAS GINGHAM STAR,General,-1.9944,Highly Elastic,0.01,0.0839,1.1501,False,0.8837,0.7412,1.63,0.0594,11.31,299,A 1% price increase leads to a 1.99% decrease in demand. Highly price-sensitive.
21672,WHITE SPOT RED CERAMIC DRAWER KNOB,General,-1.9931,Highly Elastic,0.0063,0.0543,1.0336,False,1.3072,1.06,1.49,0.0384,12.7,585,A 1% price increase leads to a 1.99% decrease in demand. Highly price-sensitive.
23339,EGG FRYING PAN BLUE ,General,-1.9901,Highly Elastic,0.0037,0.5869,3.6484,False,2.0853,1.98,2.18,0.026,6.86,83,A 1% price increase leads to a 1.99% decrease in demand. Highly price-sensitive.
85036C,check,General,-1.9884,Highly Elastic,0.2205,0.0,0.3254,True,2.8512,1.0041,8.29,0.2588,11.2,134,A 1% price increase leads to a 1.99% decrease in demand. Highly price-sensitive.
23256,KIDS CUTLERY SPACEBOY ,General,-1.9877,Highly Elastic,0.0081,0.0325,0.9274,True,4.1595,3.75,8.29,0.0506,12.23,565,A 1% price increase leads to a 1.99% decrease in demand. Highly price-sensitive.
23394,POSTE FRANCE CUSHION COVER,General,-1.9851,Highly Elastic,0.0032,0.3477,2.1101,False,3.7528,3.56,3.94,0.0263,10.6,277,A 1% price increase leads to a 1.99% decrease in demand. Highly price-sensitive.
22918,HERB MARKER PARSLEY,General,-1.9842,Highly Elastic,0.0031,0.2679,1.7883,False,0.649,0.55,0.68,0.0272,11.42,392,A 1% price increase leads to a 1.98% decrease in demand. Highly price-sensitive.
23263,SET OF 3 WOODEN HEART DECORATIONS,General,-1.9778,Highly Elastic,0.0041,0.1272,1.2949,False,1.2896,1.1512,1.8031,0.0326,12.01,570,A 1% price increase leads to a 1.98% decrease in demand. Highly price-sensitive.
22063,CERAMIC BOWL WITH STRAWBERRY DESIGN,General,-1.9766,Highly Elastic,0.142,0.0,0.3444,True,2.4449,0.79,2.95,0.1333,9.79,201,A 1% price increase leads to a 1.98% decrease in demand. Highly price-sensitive.
22539,MINI JIGSAW DOLLY GIRL,General,-1.9713,Highly Elastic,0.0439,0.004,0.676,True,0.3778,0.19,0.42,0.0953,17.3,187,A 1% price increase leads to a 1.97% decrease in demand. Highly price-sensitive.
21881,CUTE CATS TAPE,General,-1.9682,Highly Elastic,0.1828,0.0,0.3783,True,0.6598,0.19,1.63,0.2204,11.89,123,A 1% price increase leads to a 1.97% decrease in demand. Highly price-sensitive.
21983,PACK OF 12 BLUE PAISLEY TISSUES ,General,-1.9643,Highly Elastic,0.0618,0.0001,0.5071,True,0.3507,0.29,0.83,0.1714,11.49,230,A 1% price increase leads to a 1.96% decrease in demand. Highly price-sensitive.
22260,FELT EGG COSY BLUE RABBIT ,General,-1.961,Highly Elastic,0.0029,0.6298,4.0525,False,0.8496,0.81,0.89,0.0246,9.21,82,A 1% price increase leads to a 1.96% decrease in demand. Highly price-sensitive.
23208,LUNCH BAG VINTAGE LEAF DESIGN,General,-1.9609,Highly Elastic,0.0027,0.1403,1.3283,False,1.6434,1.4746,1.73,0.0263,16.16,797,A 1% price increase leads to a 1.96% decrease in demand. Highly price-sensitive.
23109,PACK OF SIX LED TEA LIGHTS,General,-1.9558,Highly Elastic,0.0035,0.2468,1.686,False,2.8909,2.49,3.04,0.0298,11.84,384,A 1% price increase leads to a 1.96% decrease in demand. Highly price-sensitive.
20878,Unknown,General,-1.9514,Highly Elastic,0.0025,0.8115,8.0886,False,1.2524,1.2,1.31,0.0212,7.0,25,A 1% price increase leads to a 1.95% decrease in demand. Highly price-sensitive.
82613C,"METAL SIGN,CUPCAKE SINGLE HOOK",General,-1.9511,Highly Elastic,0.1899,0.0,0.4534,True,0.9152,0.42,1.25,0.1895,10.09,81,A 1% price increase leads to a 1.95% decrease in demand. Highly price-sensitive.
23110,PARISIENNE KEY CABINET ,General,-1.9461,Highly Elastic,0.0039,0.2344,1.634,False,5.7115,4.95,6.0,0.0272,8.81,367,A 1% price increase leads to a 1.95% decrease in demand. Highly price-sensitive.
22509,SEWING BOX RETROSPOT DESIGN ,General,-1.9454,Highly Elastic,0.2153,0.0,0.2392,True,9.59,3.95,16.95,0.2305,8.38,243,A 1% price increase leads to a 1.95% decrease in demand. Highly price-sensitive.
85169C,EAU DE NIL LOVE BIRD CANDLE,General,-1.9445,Highly Elastic,0.0624,0.077,1.0765,False,1.1214,0.42,1.25,0.1004,13.65,51,A 1% price increase leads to a 1.94% decrease in demand. Highly price-sensitive.
35971,ROSE FOLKART HEART DECORATIONS,General,-1.9392,Highly Elastic,0.0732,0.002,0.6145,True,1.3274,0.42,2.46,0.1277,10.82,128,A 1% price increase leads to a 1.94% decrease in demand. Highly price-sensitive.
22673,FRENCH GARDEN SIGN BLUE METAL,General,-1.9389,Highly Elastic,0.0119,0.1115,1.2131,False,1.274,1.06,2.46,0.0703,10.86,214,A 1% price increase leads to a 1.94% decrease in demand. Highly price-sensitive.
79163,damaged,General,-1.9378,Highly Elastic,0.1348,0.0007,0.5524,True,0.5726,0.39,1.65,0.3214,14.91,81,A 1% price increase leads to a 1.94% decrease in demand. Highly price-sensitive.
22809,SET OF 6 T-LIGHTS SANTA,General,-1.9376,Highly Elastic,0.0143,0.0335,0.9075,True,3.0838,2.55,5.79,0.0657,10.86,317,A 1% price increase leads to a 1.94% decrease in demand. Highly price-sensitive.
84673A,PINK FLY SWAT,General,-1.9321,Highly Elastic,0.0037,0.7146,5.2426,False,0.6479,0.62,0.68,0.0272,7.36,39,A 1% price increase leads to a 1.93% decrease in demand. Highly price-sensitive.
35915B,BLUE KNITTED HEN ,General,-1.9315,Highly Elastic,0.003,0.7689,6.5128,False,1.6513,1.57,1.73,0.0263,9.68,31,A 1% price increase leads to a 1.93% decrease in demand. Highly price-sensitive.
21060,PARTY INVITES BALLOON GIRL,General,-1.9301,Highly Elastic,0.0032,0.5717,3.4014,False,0.85,0.81,0.89,0.0265,9.76,102,A 1% price increase leads to a 1.93% decrease in demand. Highly price-sensitive.
20767,BLUE PAISLEY JOURNAL ,General,-1.9298,Highly Elastic,0.0221,0.1549,1.3454,False,2.6914,2.55,4.96,0.0946,8.02,93,A 1% price increase leads to a 1.93% decrease in demand. Highly price-sensitive.
35914,Unknown,General,-1.9235,Highly Elastic,0.003,0.7447,5.8611,False,0.8518,0.81,0.89,0.0281,9.47,38,A 1% price increase leads to a 1.92% decrease in demand. Highly price-sensitive.
90123A,PINK HEART OF GLASS BRACELET,General,-1.923,Highly Elastic,0.0053,0.6979,4.9053,False,5.9213,5.66,6.21,0.0315,7.03,31,A 1% price increase leads to a 1.92% decrease in demand. Highly price-sensitive.
46000M,Dotcom sales,General,-1.9229,Highly Elastic,0.0027,0.3721,2.151,False,1.5514,1.47,1.63,0.0262,10.76,292,A 1% price increase leads to a 1.92% decrease in demand. Highly price-sensitive.
21524,DOORMAT SPOTTY HOME SWEET HOME,General,-1.9226,Highly Elastic,0.0065,0.0397,0.9329,True,7.9838,6.75,12.44,0.0426,11.52,656,A 1% price increase leads to a 1.92% decrease in demand. Highly price-sensitive.
21539,check,General,-1.9192,Highly Elastic,0.003,0.2742,1.7528,False,4.9267,4.4833,5.17,0.0268,9.61,404,A 1% price increase leads to a 1.92% decrease in demand. Highly price-sensitive.
84970S,HANGING HEART ZINC T-LIGHT HOLDER,General,-1.9179,Highly Elastic,0.01,0.0071,0.7102,True,0.8531,0.64,2.08,0.0701,15.86,723,A 1% price increase leads to a 1.92% decrease in demand. Highly price-sensitive.
23269,incorrect stock entry.,General,-1.9175,Highly Elastic,0.0028,0.5533,3.2255,False,1.438,1.3045,1.51,0.027,10.29,127,A 1% price increase leads to a 1.92% decrease in demand. Highly price-sensitive.
22515,CHILDS GARDEN SPADE PINK,General,-1.9159,Highly Elastic,0.0029,0.5301,3.044,False,2.0863,1.85,2.19,0.0279,10.38,137,A 1% price increase leads to a 1.92% decrease in demand. Highly price-sensitive.
21890,missing,General,-1.9153,Highly Elastic,0.0062,0.1331,1.2724,False,3.2412,2.26,3.5887,0.0363,10.14,366,A 1% price increase leads to a 1.92% decrease in demand. Highly price-sensitive.
21360,Show Samples,General,-1.914,Highly Elastic,0.1445,0.017,0.7657,True,6.5592,3.95,9.95,0.1854,8.41,39,A 1% price increase leads to a 1.91% decrease in demand. Highly price-sensitive.
21125,SET 6 FOOTBALL CELEBRATION CANDLES,General,-1.9133,Highly Elastic,0.0031,0.4784,2.6926,False,1.2515,1.19,1.31,0.0261,9.34,162,A 1% price increase leads to a 1.91% decrease in demand. Highly price-sensitive.
84231,EASTER BUNNY WITH BASKET ON BACK,General,-1.9108,Highly Elastic,0.0031,0.7281,5.4583,False,0.6524,0.62,0.68,0.0272,10.21,42,A 1% price increase leads to a 1.91% decrease in demand. Highly price-sensitive.
22924,sold as set on dotcom,General,-1.9093,Highly Elastic,0.0039,0.4082,2.3029,False,0.8422,0.72,0.88,0.0305,11.84,178,A 1% price increase leads to a 1.91% decrease in demand. Highly price-sensitive.
21868,Amazon,General,-1.9079,Highly Elastic,0.0176,0.0042,0.6639,True,1.2847,1.0871,3.29,0.1072,12.52,464,A 1% price increase leads to a 1.91% decrease in demand. Highly price-sensitive.
22623,BOX OF VINTAGE JIGSAW BLOCKS ,General,-1.9066,Highly Elastic,0.0098,0.0429,0.9386,True,5.6571,4.25,8.12,0.0488,10.43,417,A 1% price increase leads to a 1.91% decrease in demand. Highly price-sensitive.
21263,GREEN GOOSE FEATHER TREE 60CM,General,-1.9047,Highly Elastic,0.0044,0.583,3.4529,False,1.9406,1.85,2.05,0.0255,6.35,71,A 1% price increase leads to a 1.9% decrease in demand. Highly price-sensitive.
22364,GLASS JAR DIGESTIVE BISCUITS,General,-1.9027,Highly Elastic,0.0203,0.04,0.9204,True,3.053,2.55,5.79,0.0955,8.27,208,A 1% price increase leads to a 1.9% decrease in demand. Highly price-sensitive.
23196,VINTAGE LEAF MAGNETIC NOTEPAD,General,-1.9016,Highly Elastic,0.003,0.2915,1.8001,False,1.4373,1.2541,1.51,0.0291,11.56,369,A 1% price increase leads to a 1.9% decrease in demand. Highly price-sensitive.
22089,PAPER BUNTING VINTAGE PAISLEY,General,-1.9006,Highly Elastic,0.0037,0.2282,1.5749,False,2.9089,2.6363,3.05,0.028,10.24,392,A 1% price increase leads to a 1.9% decrease in demand. Highly price-sensitive.
21775,DECORATIVE FLORE BATHROOM BOTTLE,General,-1.9003,Highly Elastic,0.0489,0.0181,0.7921,True,1.208,0.42,1.27,0.0686,9.42,114,A 1% price increase leads to a 1.9% decrease in demand. Highly price-sensitive.
22908,PACK OF 20 NAPKINS RED APPLES,General,-1.8997,Highly Elastic,0.0028,0.2272,1.5714,False,0.8478,0.72,0.89,0.0271,12.29,530,A 1% price increase leads to a 1.9% decrease in demand. Highly price-sensitive.
85169A,IVORY LOVE BIRD CANDLE,General,-1.8944,Highly Elastic,0.0661,0.0213,0.8064,True,1.1716,0.42,1.25,0.0813,9.09,80,A 1% price increase leads to a 1.89% decrease in demand. Highly price-sensitive.
22147,check,General,-1.8943,Highly Elastic,0.0055,0.0448,0.9426,True,1.4598,1.25,3.29,0.0537,16.16,738,A 1% price increase leads to a 1.89% decrease in demand. Highly price-sensitive.
22139,amazon,General,-1.894,Highly Elastic,0.004,0.0479,0.9564,True,4.9888,4.25,7.6045,0.035,16.05,982,A 1% price increase leads to a 1.89% decrease in demand. Highly price-sensitive.
23076,ICE CREAM SUNDAE LIP GLOSS,General,-1.8928,Highly Elastic,0.0028,0.2491,1.6405,False,1.2385,1.04,1.3,0.0297,17.41,480,A 1% price increase leads to a 1.89% decrease in demand. Highly price-sensitive.
82613B,Unknown,General,-1.8811,Highly Elastic,0.1383,0.0002,0.4767,True,1.0757,0.42,1.25,0.1412,9.16,99,A 1% price increase leads to a 1.88% decrease in demand. Highly price-sensitive.
22755,SMALL PURPLE BABUSHKA NOTEBOOK ,General,-1.8809,Highly Elastic,0.1069,0.0,0.2668,True,0.7054,0.21,1.63,0.1309,11.08,417,A 1% price increase leads to a 1.88% decrease in demand. Highly price-sensitive.
21199,PINK  HEART CONFETTI IN TUBE,General,-1.8807,Highly Elastic,0.1683,0.0,0.3817,True,1.4571,0.42,1.65,0.125,9.96,122,A 1% price increase leads to a 1.88% decrease in demand. Highly price-sensitive.
84711A,SILVER OVAL SHAPE TRINKET BOX,General,-1.8802,Highly Elastic,0.0025,0.8253,8.4069,False,9.9586,9.55,10.41,0.021,5.73,22,A 1% price increase leads to a 1.88% decrease in demand. Highly price-sensitive.
21061,PARTY INVITES FOOTBALL,General,-1.8799,Highly Elastic,0.0024,0.5751,3.3453,False,0.8478,0.81,0.89,0.0271,11.18,134,A 1% price increase leads to a 1.88% decrease in demand. Highly price-sensitive.
22383,LUNCH BAG SUKI DESIGN ,General,-1.8768,Highly Elastic,0.0023,0.1109,1.1762,False,1.6474,1.4613,1.73,0.0256,19.88,1109,A 1% price increase leads to a 1.88% decrease in demand. Highly price-sensitive.
22080,Unknown,General,-1.8714,Highly Elastic,0.0028,0.3599,2.041,False,1.6431,1.45,1.72,0.0269,10.35,303,A 1% price increase leads to a 1.87% decrease in demand. Highly price-sensitive.
90114,SUMMER DAISIES BAG CHARM,General,-1.867,Highly Elastic,0.0019,0.8488,9.6675,False,2.5659,2.46,2.68,0.0241,9.45,22,A 1% price increase leads to a 1.87% decrease in demand. Highly price-sensitive.
20984,damaged,General,-1.8664,Highly Elastic,0.0824,0.0,0.3429,True,0.3807,0.29,0.85,0.2291,14.89,332,A 1% price increase leads to a 1.87% decrease in demand. Highly price-sensitive.
21873,IF YOU CAN'T STAND THE HEAT MUG,General,-1.8659,Highly Elastic,0.0816,0.0,0.4212,True,1.3549,0.42,3.29,0.1829,10.7,223,A 1% price increase leads to a 1.87% decrease in demand. Highly price-sensitive.
82567,Unknown,General,-1.8651,Highly Elastic,0.0053,0.181,1.3916,False,2.0631,1.63,2.17,0.0348,9.75,338,A 1% price increase leads to a 1.87% decrease in demand. Highly price-sensitive.
47504H,ENGLISH ROSE SPIRIT LEVEL ,General,-1.8633,Highly Elastic,0.1436,0.0,0.3586,True,1.247,0.79,3.29,0.2034,8.77,163,A 1% price increase leads to a 1.86% decrease in demand. Highly price-sensitive.
84826,ASSTD DESIGN 3D PAPER STICKERS,General,-1.8627,Highly Elastic,0.2181,0.0,0.4019,True,0.5584,0.19,0.85,0.2145,15.68,79,A 1% price increase leads to a 1.86% decrease in demand. Highly price-sensitive.
22338,STAR DECORATION PAINTED ZINC ,General,-1.8577,Highly Elastic,0.1315,0.0,0.3075,True,0.3602,0.19,1.25,0.2451,14.92,243,A 1% price increase leads to a 1.86% decrease in demand. Highly price-sensitive.
22442,GROW YOUR OWN FLOWERS SET OF 3,General,-1.8559,Highly Elastic,0.1273,0.0,0.3361,True,4.8029,1.95,7.95,0.187,10.28,211,A 1% price increase leads to a 1.86% decrease in demand. Highly price-sensitive.
21626,VINTAGE UNION JACK PENNANT,General,-1.8539,Highly Elastic,0.0029,0.5207,2.8797,False,1.9469,1.86,2.05,0.0275,9.27,146,A 1% price increase leads to a 1.85% decrease in demand. Highly price-sensitive.
23500,KEY RING BASEBALL BOOT ASSORTED ,General,-1.8525,Highly Elastic,0.0026,0.5303,2.9454,False,1.2441,1.04,1.31,0.0296,13.28,155,A 1% price increase leads to a 1.85% decrease in demand. Highly price-sensitive.
77101A,Unknown,General,-1.8513,Highly Elastic,0.003,0.7255,5.2365,False,1.2501,1.19,1.31,0.0242,7.52,44,A 1% price increase leads to a 1.85% decrease in demand. Highly price-sensitive.
23083,SET 6 PAPER TABLE LANTERN STARS ,General,-1.8466,Highly Elastic,0.0028,0.3022,1.7876,False,3.7258,3.29,3.92,0.0278,12.72,385,A 1% price increase leads to a 1.85% decrease in demand. Highly price-sensitive.
22579,Unknown,General,-1.845,Highly Elastic,0.0584,0.0,0.3586,True,0.4365,0.29,0.91,0.1771,14.71,429,A 1% price increase leads to a 1.84% decrease in demand. Highly price-sensitive.
23350,ROLL WRAP VINTAGE SPOT ,General,-1.8445,Highly Elastic,0.003,0.2394,1.5659,False,1.2433,1.0848,1.31,0.0282,12.26,459,A 1% price increase leads to a 1.84% decrease in demand. Highly price-sensitive.
20831,GOLD PHOTO FRAME,General,-1.8414,Highly Elastic,0.0878,0.0149,0.7363,True,1.799,0.79,2.1,0.1225,10.06,67,A 1% price increase leads to a 1.84% decrease in demand. Highly price-sensitive.
21705,BAG 500g SWIRLY MARBLES,General,-1.8405,Highly Elastic,0.1506,0.0,0.2675,True,1.2522,0.39,2.8214,0.1621,11.66,269,A 1% price increase leads to a 1.84% decrease in demand. Highly price-sensitive.
16235,RECYCLED PENCIL WITH RABBIT ERASER,General,-1.8383,Highly Elastic,0.0159,0.1449,1.2535,False,0.2179,0.21,0.42,0.0865,12.92,135,A 1% price increase leads to a 1.84% decrease in demand. Highly price-sensitive.
22534,MAGIC DRAWING SLATE SPACEBOY ,General,-1.8378,Highly Elastic,0.0028,0.2888,1.7302,False,0.4159,0.36,0.44,0.0296,13.65,397,A 1% price increase leads to a 1.84% decrease in demand. Highly price-sensitive.
22758,LARGE PURPLE BABUSHKA NOTEBOOK  ,General,-1.8377,Highly Elastic,0.0833,0.0,0.3414,True,0.9157,0.39,1.25,0.1398,10.86,321,A 1% price increase leads to a 1.84% decrease in demand. Highly price-sensitive.
85199S,SMALL HANGING IVORY/RED WOOD BIRD,General,-1.8368,Highly Elastic,0.0069,0.1229,1.1877,False,0.4361,0.42,0.83,0.0578,12.79,345,A 1% price increase leads to a 1.84% decrease in demand. Highly price-sensitive.
21012,ANTIQUE ALL GLASS CANDLESTICK,General,-1.8317,Highly Elastic,0.0038,0.4064,2.2012,False,2.0876,1.7356,2.19,0.0289,8.81,182,A 1% price increase leads to a 1.83% decrease in demand. Highly price-sensitive.
16011,ANIMAL STICKERS,General,-1.827,Highly Elastic,0.0032,0.6023,3.493,False,0.2102,0.2,0.22,0.0311,17.12,86,A 1% price increase leads to a 1.83% decrease in demand. Highly price-sensitive.
22822,CREAM WALL PLANTER HEART SHAPED,General,-1.8258,Highly Elastic,0.0101,0.0925,1.0815,False,5.9996,4.95,12.46,0.0713,9.14,282,A 1% price increase leads to a 1.83% decrease in demand. Highly price-sensitive.
21884,CAKES AND BOWS GIFT  TAPE,General,-1.8159,Highly Elastic,0.1485,0.0002,0.4635,True,0.4924,0.19,0.65,0.1747,14.08,90,A 1% price increase leads to a 1.82% decrease in demand. Highly price-sensitive.
22721,SET OF 3 CAKE TINS SKETCHBOOK,General,-1.8131,Highly Elastic,0.0428,0.0,0.3993,True,4.484,1.95,10.79,0.1017,10.69,463,A 1% price increase leads to a 1.81% decrease in demand. Highly price-sensitive.
22592,CARDHOLDER HOLLY WREATH METAL,General,-1.8121,Highly Elastic,0.0078,0.2037,1.4212,False,3.7969,3.39,5.8111,0.0474,9.11,209,A 1% price increase leads to a 1.81% decrease in demand. Highly price-sensitive.
70006,LOVE HEART POCKET WARMER,General,-1.805,Highly Elastic,0.1191,0.0,0.3919,True,1.2294,0.42,1.65,0.158,11.94,159,A 1% price increase leads to a 1.8% decrease in demand. Highly price-sensitive.
22153,ANGEL DECORATION STARS ON DRESS,General,-1.8048,Highly Elastic,0.0021,0.509,2.7278,False,0.4205,0.4,0.44,0.0266,12.75,206,A 1% price increase leads to a 1.8% decrease in demand. Highly price-sensitive.
20840,damages,General,-1.8043,Highly Elastic,0.0573,0.01,0.6883,True,0.9744,0.85,3.29,0.2293,9.85,115,A 1% price increase leads to a 1.8% decrease in demand. Highly price-sensitive.
22405,MONEY BOX POCKET MONEY DESIGN,General,-1.8027,Highly Elastic,0.0866,0.0003,0.4912,True,1.024,0.39,1.25,0.1229,10.09,144,A 1% price increase leads to a 1.8% decrease in demand. Highly price-sensitive.
84952B,BLACK LOVE BIRD T-LIGHT HOLDER,General,-1.8004,Highly Elastic,0.1654,0.0075,0.6394,True,2.906,1.25,3.75,0.1488,10.36,42,A 1% price increase leads to a 1.8% decrease in demand. Highly price-sensitive.
22460,EMBOSSED GLASS TEALIGHT HOLDER,General,-1.7995,Highly Elastic,0.0086,0.0725,0.999,False,1.3031,1.06,2.46,0.0586,11.5,374,A 1% price increase leads to a 1.8% decrease in demand. Highly price-sensitive.
22904,CALENDAR PAPER CUT DESIGN,General,-1.7979,Highly Elastic,0.0069,0.0957,1.0765,False,2.9724,2.5779,5.79,0.0541,10.12,402,A 1% price increase leads to a 1.8% decrease in demand. Highly price-sensitive.
84799,Unknown,General,-1.7958,Highly Elastic,0.2112,0.0635,0.8962,False,0.9747,0.42,1.25,0.1761,10.47,17,A 1% price increase leads to a 1.8% decrease in demand. Highly price-sensitive.
85036A,Unknown,General,-1.795,Highly Elastic,0.0192,0.2089,1.4172,False,4.4304,3.81,8.29,0.1028,8.62,84,A 1% price increase leads to a 1.79% decrease in demand. Highly price-sensitive.
22982,PANTRY PASTRY BRUSH,General,-1.7929,Highly Elastic,0.0126,0.0398,0.8685,True,1.3199,1.0871,2.46,0.0745,10.56,335,A 1% price increase leads to a 1.79% decrease in demand. Highly price-sensitive.
21398,damages,General,-1.7908,Highly Elastic,0.2585,0.0,0.3018,True,0.821,0.39,2.1,0.3841,13.11,103,A 1% price increase leads to a 1.79% decrease in demand. Highly price-sensitive.
22187,GREEN CHRISTMAS TREE CARD HOLDER,General,-1.7888,Highly Elastic,0.0851,0.0,0.3604,True,2.9706,1.95,8.29,0.1715,9.9,267,A 1% price increase leads to a 1.79% decrease in demand. Highly price-sensitive.
21402,Unknown,General,-1.7875,Highly Elastic,0.0036,0.5151,2.738,False,0.1202,0.11,0.13,0.0359,11.95,119,A 1% price increase leads to a 1.79% decrease in demand. Highly price-sensitive.
22736,RIBBON REEL MAKING SNOWMEN ,General,-1.7732,Highly Elastic,0.008,0.1126,1.1143,False,1.7137,1.63,3.29,0.0605,11.25,316,A 1% price increase leads to a 1.77% decrease in demand. Highly price-sensitive.
22496,SET OF 2 ROUND TINS DUTCH CHEESE,General,-1.7721,Highly Elastic,0.1236,0.0,0.3507,True,2.3838,0.79,2.95,0.141,9.74,183,A 1% price increase leads to a 1.77% decrease in demand. Highly price-sensitive.
21462,"NURSERY A,B,C PAINTED LETTERS",General,-1.7717,Highly Elastic,0.1031,0.0,0.3676,True,5.3855,1.95,6.75,0.1373,9.03,204,A 1% price increase leads to a 1.77% decrease in demand. Highly price-sensitive.
21147,found,General,-1.7713,Highly Elastic,0.0058,0.5748,3.1386,False,2.2479,2.1,2.46,0.0418,9.54,57,A 1% price increase leads to a 1.77% decrease in demand. Highly price-sensitive.
22763,KEY CABINET MA CAMPAGNE,General,-1.7699,Highly Elastic,0.0025,0.4456,2.3166,False,9.9095,9.45,10.44,0.0257,8.11,232,A 1% price increase leads to a 1.77% decrease in demand. Highly price-sensitive.
23282,FOLDING MIRROR IVORY ,General,-1.7666,Highly Elastic,0.0078,0.225,1.4512,False,0.865,0.72,1.3733,0.0538,10.72,190,A 1% price increase leads to a 1.77% decrease in demand. Highly price-sensitive.
22060,damaged,General,-1.7661,Highly Elastic,0.0927,0.0046,0.6064,True,5.745,3.95,9.95,0.1826,9.18,85,A 1% price increase leads to a 1.77% decrease in demand. Highly price-sensitive.
21642,check,General,-1.7647,Highly Elastic,0.0829,0.0003,0.4714,True,0.3913,0.29,0.85,0.2319,14.04,157,A 1% price increase leads to a 1.76% decrease in demand. Highly price-sensitive.
21055,TOOL BOX SOFT TOY ,General,-1.763,Highly Elastic,0.026,0.0533,0.9047,False,9.7898,8.95,16.63,0.1094,9.12,144,A 1% price increase leads to a 1.76% decrease in demand. Highly price-sensitive.
21042,RED RETROSPOT APRON ,General,-1.7625,Highly Elastic,0.003,0.3709,1.9663,False,5.9563,5.66,6.25,0.0274,8.98,272,A 1% price increase leads to a 1.76% decrease in demand. Highly price-sensitive.
84509G,SET OF 4 FAIRY CAKE PLACEMATS ,General,-1.7618,Highly Elastic,0.1481,0.0,0.3974,True,2.4665,1.25,3.75,0.194,10.9,115,A 1% price increase leads to a 1.76% decrease in demand. Highly price-sensitive.
22261,FELT EGG COSY WHITE RABBIT ,General,-1.7617,Highly Elastic,0.0127,0.2183,1.4235,False,0.8869,0.84,1.63,0.0828,9.96,121,A 1% price increase leads to a 1.76% decrease in demand. Highly price-sensitive.
23354,6 GIFT TAGS 50'S CHRISTMAS ,General,-1.7597,Highly Elastic,0.0024,0.3033,1.7074,False,0.8299,0.7475,0.87,0.0281,14.03,447,A 1% price increase leads to a 1.76% decrease in demand. Highly price-sensitive.
22424,ENAMEL BREAD BIN CREAM,General,-1.7584,Highly Elastic,0.0033,0.1496,1.2189,False,12.6981,10.95,18.855,0.0351,10.9,632,A 1% price increase leads to a 1.76% decrease in demand. Highly price-sensitive.
22220,CAKE STAND LOVEBIRD 2 TIER WHITE,General,-1.7561,Highly Elastic,0.1127,0.0,0.3556,True,7.2475,2.95,9.95,0.1656,9.89,194,A 1% price increase leads to a 1.76% decrease in demand. Highly price-sensitive.
22742,MAKE YOUR OWN PLAYTIME CARD KIT,General,-1.7549,Highly Elastic,0.1009,0.0,0.3557,True,2.321,0.79,2.95,0.1394,10.86,219,A 1% price increase leads to a 1.75% decrease in demand. Highly price-sensitive.
23553,LANDMARK FRAME CAMDEN TOWN ,General,-1.753,Highly Elastic,0.0022,0.6416,3.754,False,12.4273,11.3077,13.03,0.0272,8.05,101,A 1% price increase leads to a 1.75% decrease in demand. Highly price-sensitive.
85180A,RED HEARTS LIGHT CHAIN ,General,-1.7519,Highly Elastic,0.2268,0.0001,0.4043,True,2.8424,1.25,9.13,0.3389,9.47,66,A 1% price increase leads to a 1.75% decrease in demand. Highly price-sensitive.
22897,OVEN MITT APPLES DESIGN,General,-1.747,Highly Elastic,0.0178,0.0126,0.6964,True,1.5249,1.25,3.29,0.1129,11.19,349,A 1% price increase leads to a 1.75% decrease in demand. Highly price-sensitive.
22339,check,General,-1.746,Highly Elastic,0.0925,0.0027,0.5672,True,0.2759,0.19,0.65,0.2625,16.03,95,A 1% price increase leads to a 1.75% decrease in demand. Highly price-sensitive.
21871,SAVE THE PLANET MUG,General,-1.746,Highly Elastic,0.0163,0.0051,0.6212,True,1.3691,0.8,3.29,0.0869,13.83,478,A 1% price increase leads to a 1.75% decrease in demand. Highly price-sensitive.
21198,WHITE HEART CONFETTI IN TUBE,General,-1.7451,Highly Elastic,0.1839,0.0,0.3262,True,1.4123,0.42,1.65,0.1412,9.82,129,A 1% price increase leads to a 1.75% decrease in demand. Highly price-sensitive.
23549,WRAP BIRD GARDEN ,General,-1.7449,Highly Elastic,0.0022,0.6868,4.3102,False,0.4226,0.4,0.44,0.0263,12.53,77,A 1% price increase leads to a 1.74% decrease in demand. Highly price-sensitive.
22743,MAKE YOUR OWN FLOWERPOWER CARD KIT,General,-1.7438,Highly Elastic,0.0704,0.0,0.3521,True,2.5437,0.79,5.79,0.1214,9.57,326,A 1% price increase leads to a 1.74% decrease in demand. Highly price-sensitive.
21258,Unknown,General,-1.741,Highly Elastic,0.0103,0.0975,1.0469,False,12.7376,10.95,24.96,0.0725,10.29,269,A 1% price increase leads to a 1.74% decrease in demand. Highly price-sensitive.
21476,STEEL SWEETHEART ROUND TABLE CREAM,General,-1.7384,Highly Elastic,0.0028,0.8392,8.421,False,14.9829,14.22,15.65,0.0287,7.41,17,A 1% price increase leads to a 1.74% decrease in demand. Highly price-sensitive.
23158,SET OF 5 LUCKY CAT MAGNETS ,General,-1.7352,Highly Elastic,0.0069,0.1218,1.1186,False,2.127,1.85,4.13,0.0584,11.51,350,A 1% price increase leads to a 1.74% decrease in demand. Highly price-sensitive.
22324,BLUE POLKADOT KIDS BAG,General,-1.735,Highly Elastic,0.0856,0.0084,0.6419,True,2.6036,1.65,4.13,0.1613,8.64,80,A 1% price increase leads to a 1.74% decrease in demand. Highly price-sensitive.
84952C,MIRROR LOVE BIRD T-LIGHT HOLDER,General,-1.7328,Highly Elastic,0.182,0.021,0.7069,True,2.8799,1.25,3.75,0.1811,10.31,29,A 1% price increase leads to a 1.73% decrease in demand. Highly price-sensitive.
22915,sold as set on dotcom,General,-1.7251,Highly Elastic,0.0184,0.0123,0.6851,True,0.385,0.19,0.42,0.0636,12.8,340,A 1% price increase leads to a 1.73% decrease in demand. Highly price-sensitive.
84915,HAND TOWEL PINK FLOWER AND DAISY,General,-1.725,Highly Elastic,0.2153,0.0703,0.8803,False,3.7606,1.25,5.95,0.2315,16.0,16,A 1% price increase leads to a 1.73% decrease in demand. Highly price-sensitive.
22757,LARGE RED BABUSHKA NOTEBOOK ,General,-1.7237,Highly Elastic,0.0686,0.0,0.3894,True,0.94,0.39,1.25,0.1359,11.38,268,A 1% price increase leads to a 1.72% decrease in demand. Highly price-sensitive.
22647,CERAMIC LOVE HEART MONEY BANK,General,-1.7233,Highly Elastic,0.1835,0.0,0.4015,True,0.7477,0.39,1.45,0.2552,11.27,84,A 1% price increase leads to a 1.72% decrease in demand. Highly price-sensitive.
51020B,adjust,General,-1.7233,Highly Elastic,0.2274,0.0038,0.5529,True,0.9054,0.29,1.25,0.2224,12.0,35,A 1% price increase leads to a 1.72% decrease in demand. Highly price-sensitive.
22471,TV DINNER TRAY AIR HOSTESS ,General,-1.723,Highly Elastic,0.0973,0.0001,0.4256,True,4.0211,1.95,4.95,0.1355,8.35,154,A 1% price increase leads to a 1.72% decrease in demand. Highly price-sensitive.
21876,POTTERING MUG,General,-1.7219,Highly Elastic,0.0572,0.0,0.3573,True,1.3843,0.42,3.29,0.1288,10.39,385,A 1% price increase leads to a 1.72% decrease in demand. Highly price-sensitive.
82599,Unknown,General,-1.7215,Highly Elastic,0.0029,0.4387,2.219,False,2.098,2.0,2.2,0.0274,9.32,212,A 1% price increase leads to a 1.72% decrease in demand. Highly price-sensitive.
21351,damaged,General,-1.7213,Highly Elastic,0.0027,0.6895,4.2866,False,6.7038,6.1239,7.01,0.0292,7.81,62,A 1% price increase leads to a 1.72% decrease in demand. Highly price-sensitive.
22704,WRAP RED APPLES ,General,-1.7206,Highly Elastic,0.0023,0.3759,1.9404,False,0.4186,0.34,0.44,0.028,14.66,344,A 1% price increase leads to a 1.72% decrease in demand. Highly price-sensitive.
22420,LIPSTICK PEN BABY PINK,General,-1.7179,Highly Elastic,0.0264,0.0432,0.8428,True,0.4722,0.36,0.83,0.1219,10.26,155,A 1% price increase leads to a 1.72% decrease in demand. Highly price-sensitive.
35953,FOLKART STAR CHRISTMAS DECORATIONS,General,-1.7117,Highly Elastic,0.0748,0.0001,0.439,True,0.5477,0.39,1.25,0.2462,14.44,190,A 1% price increase leads to a 1.71% decrease in demand. Highly price-sensitive.
84898F,Unknown,General,-1.7061,Highly Elastic,0.0032,0.6976,4.3647,False,2.1063,2.02,2.2,0.0276,7.92,49,A 1% price increase leads to a 1.71% decrease in demand. Highly price-sensitive.
22360,GLASS JAR ENGLISH CONFECTIONERY,General,-1.7047,Highly Elastic,0.0075,0.1635,1.2199,False,2.9774,2.5808,5.79,0.0656,9.02,260,A 1% price increase leads to a 1.7% decrease in demand. Highly price-sensitive.
22100,SKULLS SQUARE TISSUE BOX,General,-1.7029,Highly Elastic,0.1147,0.0006,0.4829,True,0.6271,0.39,1.25,0.2219,12.42,98,A 1% price increase leads to a 1.7% decrease in demand. Highly price-sensitive.
23224,CHERUB HEART DECORATION GOLD,General,-1.7018,Highly Elastic,0.0163,0.2147,1.3625,False,0.8731,0.83,1.63,0.0947,9.77,96,A 1% price increase leads to a 1.7% decrease in demand. Highly price-sensitive.
21205,MULTICOLOUR 3D BALLS GARLAND,General,-1.7007,Highly Elastic,0.0024,0.5756,3.0306,False,2.5506,2.42,2.67,0.0259,8.71,132,A 1% price increase leads to a 1.7% decrease in demand. Highly price-sensitive.
21399,Unknown,General,-1.6992,Highly Elastic,0.1433,0.0,0.3858,True,0.6077,0.39,2.1,0.415,15.25,118,A 1% price increase leads to a 1.7% decrease in demand. Highly price-sensitive.
21773,DECORATIVE ROSE BATHROOM BOTTLE,General,-1.6879,Highly Elastic,0.0696,0.0018,0.5292,True,1.1309,0.42,1.25,0.1031,9.14,138,A 1% price increase leads to a 1.69% decrease in demand. Highly price-sensitive.
22760,"TRAY, BREAKFAST IN BED",General,-1.6836,Highly Elastic,0.0027,0.4793,2.3749,False,12.5964,10.95,13.25,0.0312,9.0,189,A 1% price increase leads to a 1.68% decrease in demand. Highly price-sensitive.
22059,CERAMIC STRAWBERRY DESIGN MUG,General,-1.6827,Highly Elastic,0.0933,0.0,0.2984,True,1.1192,0.39,1.49,0.1462,12.24,311,A 1% price increase leads to a 1.68% decrease in demand. Highly price-sensitive.
23242,TREASURE TIN BUFFALO BILL ,General,-1.6825,Highly Elastic,0.0021,0.405,2.0178,False,2.0725,1.8793,2.18,0.0264,10.46,330,A 1% price increase leads to a 1.68% decrease in demand. Highly price-sensitive.
20655,QUEEN OF SKIES LUGGAGE TAG,General,-1.6821,Highly Elastic,0.0182,0.2361,1.4087,False,1.3172,1.06,2.46,0.106,8.62,79,A 1% price increase leads to a 1.68% decrease in demand. Highly price-sensitive.
23184,BULL DOG BOTTLE OPENER,General,-1.6809,Highly Elastic,0.0109,0.0351,0.7951,True,5.0626,4.15,10.79,0.0856,10.08,407,A 1% price increase leads to a 1.68% decrease in demand. Highly price-sensitive.
22427,damages,General,-1.679,Highly Elastic,0.0025,0.1763,1.2404,False,5.9119,5.45,7.37,0.0288,12.88,743,A 1% price increase leads to a 1.68% decrease in demand. Highly price-sensitive.
85186A,EASTER BUNNY GARLAND OF FLOWERS,General,-1.6778,Highly Elastic,0.0034,0.6377,3.5468,False,0.4201,0.4,0.44,0.0301,10.35,68,A 1% price increase leads to a 1.68% decrease in demand. Highly price-sensitive.
22577,check,General,-1.674,Highly Elastic,0.0546,0.0,0.2739,True,0.4738,0.29,1.11,0.1794,17.15,649,A 1% price increase leads to a 1.67% decrease in demand. Highly price-sensitive.
23127,FELTCRAFT GIRL NICOLE KIT,General,-1.6724,Highly Elastic,0.0062,0.1075,1.0367,False,5.0366,4.77,10.79,0.0617,10.34,421,A 1% price increase leads to a 1.67% decrease in demand. Highly price-sensitive.
21774,DECORATIVE CATS BATHROOM BOTTLE,General,-1.6708,Highly Elastic,0.0321,0.0791,0.9412,False,1.2006,0.42,1.26,0.0747,10.09,97,A 1% price increase leads to a 1.67% decrease in demand. Highly price-sensitive.
22770,MIRROR CORNICE,General,-1.6708,Highly Elastic,0.0022,0.5342,2.6826,False,14.941,14.23,15.67,0.0278,8.03,180,A 1% price increase leads to a 1.67% decrease in demand. Highly price-sensitive.
22495,SET OF 2 ROUND TINS CAMEMBERT ,General,-1.6707,Highly Elastic,0.0813,0.0,0.3821,True,2.3719,0.79,2.95,0.1264,8.95,218,A 1% price increase leads to a 1.67% decrease in demand. Highly price-sensitive.
23302,KNEELING MAT HOUSEWORK  DESIGN,General,-1.6686,Highly Elastic,0.0302,0.0014,0.5187,True,1.4814,0.79,1.65,0.0811,11.34,334,A 1% price increase leads to a 1.67% decrease in demand. Highly price-sensitive.
21481,FAWN BLUE HOT WATER BOTTLE,General,-1.6642,Highly Elastic,0.007,0.033,0.7788,True,3.3095,2.55,3.75,0.0472,13.1,648,A 1% price increase leads to a 1.66% decrease in demand. Highly price-sensitive.
21744,check,General,-1.6616,Highly Elastic,0.0248,0.0436,0.8169,True,3.2235,2.95,5.79,0.0992,9.9,165,A 1% price increase leads to a 1.66% decrease in demand. Highly price-sensitive.
21743,Unknown,General,-1.6597,Highly Elastic,0.0034,0.5605,2.8414,False,2.9275,2.5944,3.07,0.0315,8.74,102,A 1% price increase leads to a 1.66% decrease in demand. Highly price-sensitive.
22939,ADULT APRON APPLE DELIGHT,General,-1.6585,Highly Elastic,0.014,0.0776,0.9353,False,5.1822,4.25,10.79,0.0877,9.51,224,A 1% price increase leads to a 1.66% decrease in demand. Highly price-sensitive.
22860,EASTER TIN CHICKS PINK DAISY,General,-1.6566,Highly Elastic,0.0028,0.4757,2.318,False,1.6486,1.57,1.73,0.0285,9.44,186,A 1% price increase leads to a 1.66% decrease in demand. Highly price-sensitive.
21098,had been put aside,General,-1.6536,Highly Elastic,0.0116,0.0294,0.7566,True,1.3006,1.0615,2.46,0.0772,12.34,408,A 1% price increase leads to a 1.65% decrease in demand. Highly price-sensitive.
22422,TOOTHPASTE TUBE PEN,General,-1.6526,Highly Elastic,0.1779,0.0,0.2619,True,0.5662,0.12,1.25,0.2112,12.67,186,A 1% price increase leads to a 1.65% decrease in demand. Highly price-sensitive.
23485,BOTANICAL GARDENS WALL CLOCK ,General,-1.6516,Highly Elastic,0.0031,0.514,2.5241,False,24.4689,20.8,25.76,0.0335,9.91,140,A 1% price increase leads to a 1.65% decrease in demand. Highly price-sensitive.
22744,MAKE YOUR OWN MONSOON CARD KIT,General,-1.65,Highly Elastic,0.077,0.0,0.3045,True,2.449,0.79,2.95,0.1113,10.33,354,A 1% price increase leads to a 1.65% decrease in demand. Highly price-sensitive.
23137,ZINC WIRE SWEETHEART LETTER TRAY,General,-1.6497,Highly Elastic,0.0889,0.1034,0.9809,False,2.8938,1.25,3.75,0.1457,10.74,31,A 1% price increase leads to a 1.65% decrease in demand. Highly price-sensitive.
21519,check,General,-1.6489,Highly Elastic,0.0025,0.3237,1.6688,False,0.4178,0.36,0.44,0.0284,11.74,385,A 1% price increase leads to a 1.65% decrease in demand. Highly price-sensitive.
23575,SNACK TRAY PAISLEY PARK,General,-1.6483,Highly Elastic,0.0035,0.6111,3.2277,False,1.9293,1.65,2.02,0.0336,9.11,76,A 1% price increase leads to a 1.65% decrease in demand. Highly price-sensitive.
21528,DAIRY MAID TRADITIONAL TEAPOT ,General,-1.6471,Highly Elastic,0.0027,0.4992,2.4324,False,6.9149,5.95,7.26,0.0296,7.98,172,A 1% price increase leads to a 1.65% decrease in demand. Highly price-sensitive.
23057,rusty throw away,General,-1.647,Highly Elastic,0.0032,0.5994,3.1243,False,4.8735,4.2167,5.13,0.0303,7.44,89,A 1% price increase leads to a 1.65% decrease in demand. Highly price-sensitive.
22068,BLACK PIRATE TREASURE CHEST,General,-1.6466,Highly Elastic,0.1196,0.0,0.3249,True,1.2018,0.39,1.65,0.1718,9.55,191,A 1% price increase leads to a 1.65% decrease in demand. Highly price-sensitive.
47580,TEA TIME DES TEA COSY,General,-1.6455,Highly Elastic,0.0031,0.4728,2.2869,False,2.5285,2.1,2.66,0.0296,7.97,171,A 1% price increase leads to a 1.65% decrease in demand. Highly price-sensitive.
23373,VINTAGE CHRISTMAS PAPER GIFT BAG,General,-1.6434,Highly Elastic,0.0024,0.5366,2.6534,False,0.8167,0.7431,0.86,0.0278,12.1,162,A 1% price increase leads to a 1.64% decrease in demand. Highly price-sensitive.
21288,Unknown,General,-1.638,Highly Elastic,0.0033,0.5622,2.817,False,2.921,2.55,3.07,0.031,7.38,104,A 1% price increase leads to a 1.64% decrease in demand. Highly price-sensitive.
22071,SMALL WHITE RETROSPOT MUG IN BOX ,General,-1.6359,Highly Elastic,0.074,0.0006,0.4696,True,3.6093,0.5,3.79,0.0763,9.97,154,A 1% price increase leads to a 1.64% decrease in demand. Highly price-sensitive.
22031,BOTANICAL LAVENDER BIRTHDAY CARD,General,-1.6352,Highly Elastic,0.0241,0.1459,1.1146,False,0.4465,0.42,0.83,0.0972,9.99,89,A 1% price increase leads to a 1.64% decrease in demand. Highly price-sensitive.
22580,ADVENT CALENDAR GINGHAM SACK,General,-1.6302,Highly Elastic,0.0088,0.128,1.0676,False,6.1236,4.95,11.63,0.0646,10.16,266,A 1% price increase leads to a 1.63% decrease in demand. Highly price-sensitive.
85173,SET/6 FROG PRINCE T-LIGHT CANDLES,General,-1.6293,Highly Elastic,0.1458,0.0,0.363,True,2.0023,0.79,4.96,0.2072,11.74,120,A 1% price increase leads to a 1.63% decrease in demand. Highly price-sensitive.
22965,3 TRADITIONAl BISCUIT CUTTERS  SET,General,-1.6284,Highly Elastic,0.0021,0.3465,1.7277,False,2.0978,1.99,2.2,0.0255,10.61,416,A 1% price increase leads to a 1.63% decrease in demand. Highly price-sensitive.
22074,6 RIBBONS SHIMMERING PINKS ,General,-1.6266,Highly Elastic,0.1308,0.0,0.3082,True,1.129,0.39,1.65,0.1741,10.57,187,A 1% price increase leads to a 1.63% decrease in demand. Highly price-sensitive.
17091J,VANILLA INCENSE IN TIN,General,-1.6264,Highly Elastic,0.1042,0.0,0.3223,True,0.6405,0.38,1.25,0.2235,12.14,221,A 1% price increase leads to a 1.63% decrease in demand. Highly price-sensitive.
23222,CHRISTMAS TREE HANGING GOLD,General,-1.6256,Highly Elastic,0.0132,0.1726,1.1857,False,0.9125,0.83,1.63,0.078,11.2,143,A 1% price increase leads to a 1.63% decrease in demand. Highly price-sensitive.
16216,LETTER SHAPE PENCIL SHARPENER,General,-1.6253,Highly Elastic,0.0776,0.017,0.6652,True,0.0867,0.06,0.16,0.2378,33.96,73,A 1% price increase leads to a 1.63% decrease in demand. Highly price-sensitive.
22475,SKULL DESIGN TV DINNER TRAY,General,-1.6247,Highly Elastic,0.0472,0.0009,0.4837,True,4.2674,1.95,4.95,0.1018,9.73,230,A 1% price increase leads to a 1.62% decrease in demand. Highly price-sensitive.
23122,PARTY CHARMS 50 PIECES,General,-1.6243,Highly Elastic,0.0026,0.5047,2.4296,False,0.8228,0.72,0.86,0.0293,10.23,175,A 1% price increase leads to a 1.62% decrease in demand. Highly price-sensitive.
22813,PACK 3 BOXES BIRD PANETTONE ,General,-1.6231,Highly Elastic,0.018,0.0188,0.6873,True,2.0422,1.6516,4.13,0.1064,10.88,307,A 1% price increase leads to a 1.62% decrease in demand. Highly price-sensitive.
22408,MONEY BOX CONFECTIONERY DESIGN,General,-1.6221,Highly Elastic,0.0698,0.0295,0.7288,True,1.0094,0.39,1.25,0.1118,8.04,68,A 1% price increase leads to a 1.62% decrease in demand. Highly price-sensitive.
84029G,Unknown,General,-1.6209,Highly Elastic,0.0035,0.1617,1.1568,False,3.9215,3.39,4.25,0.0347,12.03,559,A 1% price increase leads to a 1.62% decrease in demand. Highly price-sensitive.
22990,COTTON APRON PANTRY DESIGN,General,-1.6208,Highly Elastic,0.0192,0.0135,0.6524,True,4.5775,1.95,4.95,0.0631,9.29,318,A 1% price increase leads to a 1.62% decrease in demand. Highly price-sensitive.
22319,HAIRCLIPS FORTIES FABRIC ASSORTED,General,-1.6164,Highly Elastic,0.1001,0.0001,0.4096,True,0.4857,0.19,0.65,0.1649,14.37,142,A 1% price increase leads to a 1.62% decrease in demand. Highly price-sensitive.
22281,EASTER TREE YELLOW BIRDS,General,-1.6162,Highly Elastic,0.0021,0.65,3.5509,False,5.9308,5.66,6.24,0.0261,7.98,102,A 1% price increase leads to a 1.62% decrease in demand. Highly price-sensitive.
22070,SMALL RED RETROSPOT MUG IN BOX ,General,-1.613,Highly Elastic,0.0853,0.0006,0.4563,True,3.7209,0.5,7.46,0.1174,10.65,136,A 1% price increase leads to a 1.61% decrease in demand. Highly price-sensitive.
35809B,ENAMEL BLUE RIM TEA CONTAINER,General,-1.6118,Highly Elastic,0.117,0.179,1.1433,False,1.6571,0.83,2.1,0.1591,5.65,17,A 1% price increase leads to a 1.61% decrease in demand. Highly price-sensitive.
22119,PEACE WOODEN BLOCK LETTERS,General,-1.6096,Highly Elastic,0.0867,0.0,0.3587,True,5.2578,1.95,7.8475,0.1417,9.79,214,A 1% price increase leads to a 1.61% decrease in demand. Highly price-sensitive.
23408,PHOTO FRAME LINEN AND LACE SMALL,General,-1.6078,Highly Elastic,0.0019,0.642,3.4494,False,2.0854,1.98,2.18,0.0264,11.49,117,A 1% price increase leads to a 1.61% decrease in demand. Highly price-sensitive.
23510,MINI PLAYING CARDS GYMKHANA,General,-1.6072,Highly Elastic,0.0019,0.5652,2.7892,False,0.4196,0.36,0.44,0.0297,12.99,175,A 1% price increase leads to a 1.61% decrease in demand. Highly price-sensitive.
23004,TRAVEL CARD WALLET PANTRY,General,-1.606,Highly Elastic,0.0077,0.1765,1.1846,False,0.4287,0.41,0.83,0.0675,11.56,238,A 1% price increase leads to a 1.61% decrease in demand. Highly price-sensitive.
85132C,damages,General,-1.6049,Highly Elastic,0.046,0.0003,0.4425,True,2.2641,1.95,9.95,0.2953,12.53,275,A 1% price increase leads to a 1.6% decrease in demand. Highly price-sensitive.
23337,EGG FRYING PAN MINT ,General,-1.6045,Highly Elastic,0.0019,0.5995,3.049,False,2.0845,1.98,2.18,0.0258,9.62,150,A 1% price increase leads to a 1.6% decrease in demand. Highly price-sensitive.
22747,POPPY'S PLAYHOUSE BATHROOM,General,-1.6011,Highly Elastic,0.0023,0.3682,1.777,False,2.0861,1.85,2.2,0.0278,9.46,360,A 1% price increase leads to a 1.6% decrease in demand. Highly price-sensitive.
90214P,"LETTER ""P"" BLING KEY RING",General,-1.601,Highly Elastic,0.1814,0.03,0.6941,True,0.6877,0.29,1.25,0.2851,11.73,26,A 1% price increase leads to a 1.6% decrease in demand. Highly price-sensitive.
22350,ILLUSTRATED CAT BOWL ,General,-1.5998,Highly Elastic,0.0015,0.6258,3.2738,False,2.5455,2.43,2.69,0.0226,9.83,157,A 1% price increase leads to a 1.6% decrease in demand. Highly price-sensitive.
22796,Not rcvd in 10/11/2010 delivery,General,-1.5974,Highly Elastic,0.0025,0.2992,1.5367,False,9.9103,8.5,10.39,0.0282,9.2,425,A 1% price increase leads to a 1.6% decrease in demand. Highly price-sensitive.
81950V,Unknown,General,-1.5964,Highly Elastic,0.2509,0.0572,0.765,False,0.6667,0.29,0.85,0.1848,5.47,15,A 1% price increase leads to a 1.6% decrease in demand. Highly price-sensitive.
85183B,CHARLIE & LOLA WASTEPAPER BIN FLORA,General,-1.5961,Highly Elastic,0.0523,0.001,0.477,True,1.4721,1.25,3.75,0.1975,9.32,205,A 1% price increase leads to a 1.6% decrease in demand. Highly price-sensitive.
21465,PINK FLOWER CROCHET FOOD COVER,General,-1.5943,Highly Elastic,0.0128,0.2139,1.2759,False,3.8985,3.71,7.46,0.0882,8.07,122,A 1% price increase leads to a 1.59% decrease in demand. Highly price-sensitive.
20658,Unknown,General,-1.594,Highly Elastic,0.0023,0.5802,2.8749,False,1.2502,1.19,1.31,0.0279,8.74,136,A 1% price increase leads to a 1.59% decrease in demand. Highly price-sensitive.
23103,JINGLE BELL HEART DECORATION,General,-1.5926,Highly Elastic,0.0017,0.3674,1.7651,False,1.6492,1.55,1.73,0.0255,13.11,483,A 1% price increase leads to a 1.59% decrease in demand. Highly price-sensitive.
23138,SINGLE WIRE HOOK IVORY HEART,General,-1.5924,Highly Elastic,0.0023,0.5324,2.545,False,1.443,1.25,1.52,0.0285,10.66,169,A 1% price increase leads to a 1.59% decrease in demand. Highly price-sensitive.
21620,Unknown,General,-1.5897,Highly Elastic,0.0982,0.0,0.324,True,1.9829,1.25,3.75,0.216,10.04,223,A 1% price increase leads to a 1.59% decrease in demand. Highly price-sensitive.
22131,FOOD CONTAINER SET 3 LOVE HEART ,General,-1.5881,Highly Elastic,0.007,0.1157,1.0071,False,2.0009,1.65,4.13,0.065,10.88,353,A 1% price increase leads to a 1.59% decrease in demand. Highly price-sensitive.
23093,SMALL PARISIENNE HEART PHOTO FRAME ,General,-1.5866,Highly Elastic,0.0028,0.4568,2.1277,False,2.4774,2.08,2.6,0.0291,9.61,201,A 1% price increase leads to a 1.59% decrease in demand. Highly price-sensitive.
22271,check,General,-1.5855,Highly Elastic,0.0022,0.3056,1.5459,False,2.9616,2.55,3.11,0.0276,10.91,470,A 1% price increase leads to a 1.59% decrease in demand. Highly price-sensitive.
21714,CITRONELLA CANDLE GARDEN POT,General,-1.5841,Highly Elastic,0.0024,0.4376,2.0376,False,1.2522,1.19,1.31,0.0283,10.24,258,A 1% price increase leads to a 1.58% decrease in demand. Highly price-sensitive.
85035B,check,General,-1.5815,Highly Elastic,0.0905,0.0074,0.575,True,3.6147,1.25,4.25,0.126,8.72,78,A 1% price increase leads to a 1.58% decrease in demand. Highly price-sensitive.
72802A,Had been put aside.,General,-1.5788,Highly Elastic,0.0115,0.2739,1.4352,False,4.3971,3.81,8.29,0.0938,8.61,106,A 1% price increase leads to a 1.58% decrease in demand. Highly price-sensitive.
23147,SINGLE ANTIQUE ROSE HOOK IVORY,General,-1.5771,Highly Elastic,0.0026,0.3173,1.5751,False,1.4479,1.38,1.52,0.0276,9.95,388,A 1% price increase leads to a 1.58% decrease in demand. Highly price-sensitive.
23371,SET 36 COLOUR PENCILS SPACEBOY ,General,-1.5757,Highly Elastic,0.0023,0.4569,2.1144,False,1.2451,1.0823,1.31,0.028,9.95,241,A 1% price increase leads to a 1.58% decrease in demand. Highly price-sensitive.
20707,CRAZY DAISY HEART DECORATION,General,-1.5736,Highly Elastic,0.0327,0.1233,1.0092,False,1.4312,1.25,2.46,0.1307,8.31,74,A 1% price increase leads to a 1.57% decrease in demand. Highly price-sensitive.
21883,STARS GIFT TAPE ,General,-1.572,Highly Elastic,0.0528,0.0009,0.465,True,0.5685,0.19,0.65,0.1017,11.92,207,A 1% price increase leads to a 1.57% decrease in demand. Highly price-sensitive.
21980,PACK OF 12 RED RETROSPOT TISSUES ,General,-1.5713,Highly Elastic,0.0064,0.0898,0.9243,False,0.3235,0.2521,0.39,0.0581,16.94,454,A 1% price increase leads to a 1.57% decrease in demand. Highly price-sensitive.
84660B,BLACK STITCHED WALL CLOCK,General,-1.5702,Highly Elastic,0.1105,0.0083,0.575,True,1.4169,0.79,3.75,0.2493,9.89,62,A 1% price increase leads to a 1.57% decrease in demand. Highly price-sensitive.
22754,SMALL RED BABUSHKA NOTEBOOK ,General,-1.5691,Highly Elastic,0.0804,0.0,0.2711,True,0.6473,0.2,0.85,0.1399,11.78,385,A 1% price increase leads to a 1.57% decrease in demand. Highly price-sensitive.
22163,Unknown,General,-1.5675,Highly Elastic,0.1864,0.0,0.3325,True,1.5884,0.79,2.95,0.2723,10.25,99,A 1% price increase leads to a 1.57% decrease in demand. Highly price-sensitive.
21257,Unknown,General,-1.5668,Highly Elastic,0.0019,0.4421,2.0357,False,7.9577,7.56,8.34,0.0257,8.09,321,A 1% price increase leads to a 1.57% decrease in demand. Highly price-sensitive.
23301,GARDENERS KNEELING PAD KEEP CALM ,General,-1.5659,Highly Elastic,0.0023,0.151,1.0895,False,1.6618,1.45,2.224,0.0317,16.69,880,A 1% price increase leads to a 1.57% decrease in demand. Highly price-sensitive.
72812,LARGE ZINC GLASS CANDLEHOLDER,General,-1.5624,Highly Elastic,0.0606,0.2575,1.3423,False,3.1091,2.1,4.13,0.1421,11.26,23,A 1% price increase leads to a 1.56% decrease in demand. Highly price-sensitive.
22581,WOOD STOCKING CHRISTMAS SCANDISPOT,General,-1.5602,Highly Elastic,0.0927,0.0,0.3353,True,0.6577,0.29,1.63,0.1939,11.13,214,A 1% price increase leads to a 1.56% decrease in demand. Highly price-sensitive.
22334,DINOSAUR PARTY BAG + STICKER SET,General,-1.5602,Highly Elastic,0.002,0.5226,2.4361,False,1.65,1.57,1.73,0.0258,9.32,205,A 1% price increase leads to a 1.56% decrease in demand. Highly price-sensitive.
22263,FELT EGG COSY LADYBIRD ,General,-1.5568,Highly Elastic,0.2772,0.0014,0.4443,True,0.6279,0.19,0.85,0.2132,10.41,34,A 1% price increase leads to a 1.56% decrease in demand. Highly price-sensitive.
22065,CHRISTMAS PUDDING TRINKET POT ,General,-1.555,Highly Elastic,0.0885,0.0,0.2977,True,0.6772,0.39,1.45,0.2546,16.57,283,A 1% price increase leads to a 1.55% decrease in demand. Highly price-sensitive.
21745,GAOLERS KEYS DECORATIVE GARDEN ,General,-1.5549,Highly Elastic,0.0067,0.1143,0.9822,False,3.7877,3.39,8.29,0.0673,9.57,376,A 1% price increase leads to a 1.55% decrease in demand. Highly price-sensitive.
23187,check,General,-1.5538,Highly Elastic,0.0353,0.0151,0.6328,True,0.3525,0.29,1.25,0.2089,14.95,167,A 1% price increase leads to a 1.55% decrease in demand. Highly price-sensitive.
22978,PANTRY ROLLING PIN,General,-1.5521,Highly Elastic,0.0023,0.347,1.6485,False,3.7182,3.39,3.91,0.0281,10.9,392,A 1% price increase leads to a 1.55% decrease in demand. Highly price-sensitive.
20751,check,General,-1.5503,Highly Elastic,0.0019,0.4045,1.8576,False,2.0992,2.0,2.2,0.0264,9.37,366,A 1% price increase leads to a 1.55% decrease in demand. Highly price-sensitive.
23150,IVORY SWEETHEART SOAP DISH,General,-1.5492,Highly Elastic,0.0019,0.6837,3.7895,False,2.4831,2.38,2.61,0.0258,8.04,89,A 1% price increase leads to a 1.55% decrease in demand. Highly price-sensitive.
22500,SET OF 2 TINS JARDIN DE PROVENCE,General,-1.549,Highly Elastic,0.1,0.0,0.2994,True,3.7183,1.25,4.95,0.1609,9.35,243,A 1% price increase leads to a 1.55% decrease in demand. Highly price-sensitive.
21015,DARK BIRD HOUSE TREE DECORATION,General,-1.5484,Highly Elastic,0.0201,0.0817,0.8835,False,0.3123,0.29,0.85,0.1447,12.2,152,A 1% price increase leads to a 1.55% decrease in demand. Highly price-sensitive.
35471D,SET OF 3 BIRD LIGHT PINK FEATHER ,General,-1.546,Highly Elastic,0.0552,0.0001,0.3757,True,0.4832,0.39,1.25,0.2202,10.22,292,A 1% price increase leads to a 1.55% decrease in demand. Highly price-sensitive.
22446,PIN CUSHION BABUSHKA PINK,General,-1.5439,Highly Elastic,0.1175,0.002,0.4821,True,2.9665,1.25,6.63,0.2312,7.82,79,A 1% price increase leads to a 1.54% decrease in demand. Highly price-sensitive.
22726,Unknown,General,-1.5427,Highly Elastic,0.0019,0.1697,1.1228,False,3.7749,3.3924,4.853,0.0271,17.4,1003,A 1% price increase leads to a 1.54% decrease in demand. Highly price-sensitive.
22624,IVORY KITCHEN SCALES,General,-1.5413,Highly Elastic,0.0032,0.09,0.9082,False,8.5418,7.65,16.63,0.0422,14.14,906,A 1% price increase leads to a 1.54% decrease in demand. Highly price-sensitive.
84828,JUNGLE POPSICLES ICE LOLLY MOULDS,General,-1.5385,Highly Elastic,0.0073,0.1802,1.1447,False,1.2695,1.06,2.46,0.0669,9.83,249,A 1% price increase leads to a 1.54% decrease in demand. Highly price-sensitive.
21824,check,General,-1.5347,Highly Elastic,0.1235,0.0,0.3212,True,0.7307,0.39,1.45,0.2539,11.48,164,A 1% price increase leads to a 1.53% decrease in demand. Highly price-sensitive.
22944,sold as set on dotcom,General,-1.5338,Highly Elastic,0.0872,0.0004,0.4241,True,0.6373,0.39,1.25,0.2373,15.18,139,A 1% price increase leads to a 1.53% decrease in demand. Highly price-sensitive.
22543,MINI JIGSAW BAKE A CAKE ,General,-1.5328,Highly Elastic,0.0278,0.0621,0.8141,False,0.355,0.19,0.42,0.0985,11.05,126,A 1% price increase leads to a 1.53% decrease in demand. Highly price-sensitive.
23214,BELL HEART ANTIQUE GOLD,General,-1.5327,Highly Elastic,0.0098,0.1883,1.1605,False,2.127,1.79,4.13,0.0774,9.58,178,A 1% price increase leads to a 1.53% decrease in demand. Highly price-sensitive.
22646,CERAMIC STRAWBERRY CAKE MONEY BANK,General,-1.5285,Highly Elastic,0.0413,0.0,0.3177,True,1.2987,0.39,1.542,0.0872,14.15,539,A 1% price increase leads to a 1.53% decrease in demand. Highly price-sensitive.
23182,TOILET SIGN OCCUPIED OR VACANT,General,-1.5282,Highly Elastic,0.0118,0.0136,0.617,True,0.86,0.72,2.46,0.1197,12.75,515,A 1% price increase leads to a 1.53% decrease in demand. Highly price-sensitive.
22246,"GARLAND, MAGIC GARDEN 1.8M",General,-1.5272,Highly Elastic,0.033,0.1646,1.0849,False,2.1473,1.95,4.13,0.1289,9.37,60,A 1% price increase leads to a 1.53% decrease in demand. Highly price-sensitive.
22785,SQUARECUSHION COVER PINK UNION JACK,General,-1.527,Highly Elastic,0.1149,0.0,0.3507,True,5.7232,1.25,6.75,0.1338,9.36,148,A 1% price increase leads to a 1.53% decrease in demand. Highly price-sensitive.
16258A,SWIRLY CIRCULAR RUBBERS IN BAG,General,-1.5256,Highly Elastic,0.0437,0.0263,0.6774,True,0.3684,0.19,0.42,0.1118,10.71,113,A 1% price increase leads to a 1.53% decrease in demand. Highly price-sensitive.
90210B,CLEAR ACRYLIC FACETED BANGLE,General,-1.5219,Highly Elastic,0.0771,0.2647,1.3166,False,2.2978,1.0,2.95,0.17,10.0,18,A 1% price increase leads to a 1.52% decrease in demand. Highly price-sensitive.
22438,BALLOON ART MAKE YOUR OWN FLOWERS,General,-1.5199,Highly Elastic,0.1375,0.0,0.3038,True,1.217,0.39,1.95,0.2318,12.66,159,A 1% price increase leads to a 1.52% decrease in demand. Highly price-sensitive.
85016,Unknown,General,-1.5192,Highly Elastic,0.1368,0.0004,0.414,True,1.8419,0.65,2.55,0.1845,11.93,87,A 1% price increase leads to a 1.52% decrease in demand. Highly price-sensitive.
22946,check,General,-1.5178,Highly Elastic,0.0104,0.1612,1.079,False,16.1499,8.0,16.98,0.0554,9.35,190,A 1% price increase leads to a 1.52% decrease in demand. Highly price-sensitive.
84926E,FLOWERS TILE COASTER,General,-1.516,Highly Elastic,0.1339,0.0,0.3408,True,0.5032,0.29,2.46,0.4134,12.7,130,A 1% price increase leads to a 1.52% decrease in demand. Highly price-sensitive.
23285,PINK VINTAGE SPOT BEAKER,General,-1.5156,Highly Elastic,0.0021,0.4586,2.042,False,0.8453,0.7386,0.89,0.0284,9.94,267,A 1% price increase leads to a 1.52% decrease in demand. Highly price-sensitive.
85170D,SET/6 PINK BIRD T-LIGHT CANDLES,General,-1.5132,Highly Elastic,0.0714,0.0089,0.5661,True,2.2676,0.85,4.13,0.1786,9.34,95,A 1% price increase leads to a 1.51% decrease in demand. Highly price-sensitive.
85040B,Unknown,General,-1.5123,Highly Elastic,0.0015,0.7184,4.1808,False,1.6563,1.57,1.73,0.0236,8.31,91,A 1% price increase leads to a 1.51% decrease in demand. Highly price-sensitive.
22945,sold as set on dotcom,General,-1.5066,Highly Elastic,0.0069,0.1512,1.047,False,0.8731,0.72,1.8,0.0723,13.51,299,A 1% price increase leads to a 1.51% decrease in demand. Highly price-sensitive.
82580,BATHROOM METAL SIGN,General,-1.5051,Highly Elastic,0.0031,0.1752,1.1088,False,0.556,0.42,0.7342,0.0374,13.93,594,A 1% price increase leads to a 1.51% decrease in demand. Highly price-sensitive.
84766,Unknown,General,-1.5048,Highly Elastic,0.1783,0.0103,0.554,True,3.6667,1.95,5.95,0.2428,7.42,36,A 1% price increase leads to a 1.5% decrease in demand. Moderately price-sensitive.
21698,MOCK LOBSTER FRIDGE MAGNET,General,-1.5028,Highly Elastic,0.0373,0.109,0.9253,False,0.4689,0.39,0.85,0.1535,10.51,70,A 1% price increase leads to a 1.5% decrease in demand. Moderately price-sensitive.
90214L,"LETTER ""L"" BLING KEY RING",General,-1.5015,Highly Elastic,0.1403,0.0943,0.8527,False,0.6105,0.29,1.25,0.2883,14.29,21,A 1% price increase leads to a 1.5% decrease in demand. Moderately price-sensitive.
22788,BROCANTE COAT RACK,General,-1.4963,Elastic,0.0015,0.6907,3.7498,False,10.0098,9.47,10.44,0.0258,9.75,107,A 1% price increase leads to a 1.5% decrease in demand. Moderately price-sensitive.
21618,Unknown,General,-1.4937,Elastic,0.0942,0.0011,0.4457,True,1.973,1.25,3.75,0.2407,10.96,110,A 1% price increase leads to a 1.49% decrease in demand. Moderately price-sensitive.
82616B,FRAPPUCINO SCARF KNITTING KIT,General,-1.4932,Elastic,0.0611,0.008,0.5529,True,1.6949,1.25,2.95,0.1808,8.38,114,A 1% price increase leads to a 1.49% decrease in demand. Moderately price-sensitive.
90086,CRYSTAL FROG PHONE CHARM,General,-1.4931,Elastic,0.1609,0.031,0.6561,True,0.8805,0.19,1.63,0.221,12.69,29,A 1% price increase leads to a 1.49% decrease in demand. Moderately price-sensitive.
22414,DOORMAT NEIGHBOURHOOD WITCH ,General,-1.4918,Elastic,0.0195,0.0565,0.7773,False,7.7258,3.95,15.79,0.0971,9.14,187,A 1% price increase leads to a 1.49% decrease in demand. Moderately price-sensitive.
23493,VINTAGE DOILY TRAVEL SEWING KIT,General,-1.4894,Elastic,0.002,0.2981,1.4302,False,1.9481,1.6891,2.04,0.0286,13.05,542,A 1% price increase leads to a 1.49% decrease in demand. Moderately price-sensitive.
22064,PINK DOUGHNUT TRINKET POT ,General,-1.4892,Elastic,0.0743,0.0,0.2943,True,1.5266,0.39,3.29,0.1205,11.99,321,A 1% price increase leads to a 1.49% decrease in demand. Moderately price-sensitive.
22215,CAKE STAND WHITE TWO TIER LACE,General,-1.4848,Elastic,0.0567,0.0001,0.3854,True,6.6688,2.95,8.5,0.1272,9.61,249,A 1% price increase leads to a 1.48% decrease in demand. Moderately price-sensitive.
22198,Unknown,General,-1.4839,Elastic,0.002,0.5473,2.4613,False,1.6222,1.45,1.71,0.0301,12.12,179,A 1% price increase leads to a 1.48% decrease in demand. Moderately price-sensitive.
21707,FOLDING UMBRELLA BLACKBLUE POLKADOT,General,-1.4837,Elastic,0.015,0.2476,1.2749,False,5.2054,4.94,9.96,0.1022,7.74,91,A 1% price increase leads to a 1.48% decrease in demand. Moderately price-sensitive.
90122C,TURQUOISE CRYSTAL+GLASS BRACELET,General,-1.4799,Elastic,0.0016,0.8436,7.4214,False,4.9096,4.7,5.19,0.0284,7.93,27,A 1% price increase leads to a 1.48% decrease in demand. Moderately price-sensitive.
22221,CAKE STAND LOVEBIRD 2 TIER PINK,General,-1.4744,Elastic,0.1199,0.0011,0.4359,True,7.8941,2.95,9.95,0.1529,7.01,86,A 1% price increase leads to a 1.47% decrease in demand. Moderately price-sensitive.
84661A,WHITE SQUARE TABLE CLOCK,General,-1.4688,Elastic,0.1532,0.0243,0.6202,True,1.7708,0.79,2.875,0.1958,9.94,33,A 1% price increase leads to a 1.47% decrease in demand. Moderately price-sensitive.
21875,KINGS CHOICE MUG,General,-1.4663,Elastic,0.0267,0.008,0.5483,True,1.3648,1.06,3.29,0.1579,9.67,263,A 1% price increase leads to a 1.47% decrease in demand. Moderately price-sensitive.
22055,MINI CAKE STAND  HANGING STRAWBERY,General,-1.4631,Elastic,0.0766,0.0,0.2877,True,1.2949,0.39,1.65,0.1342,9.43,314,A 1% price increase leads to a 1.46% decrease in demand. Moderately price-sensitive.
22613,PACK OF 20 SPACEBOY NAPKINS,General,-1.4621,Elastic,0.0062,0.2441,1.2519,False,0.8692,0.83,1.63,0.0646,9.36,222,A 1% price increase leads to a 1.46% decrease in demand. Moderately price-sensitive.
21907,Unknown,General,-1.4569,Elastic,0.0019,0.2935,1.3855,False,2.1198,1.85,2.7767,0.0305,11.62,593,A 1% price increase leads to a 1.46% decrease in demand. Moderately price-sensitive.
22472,TV DINNER TRAY DOLLY GIRL,General,-1.4564,Elastic,0.0412,0.0035,0.4934,True,4.3238,1.95,4.95,0.0988,9.27,205,A 1% price increase leads to a 1.46% decrease in demand. Moderately price-sensitive.
22315,200 RED + WHITE BENDY STRAWS,General,-1.4544,Elastic,0.0015,0.5281,2.3024,False,1.2528,1.19,1.31,0.0262,9.08,262,A 1% price increase leads to a 1.45% decrease in demand. Moderately price-sensitive.
21401,BLUE PUDDING SPOON,General,-1.454,Elastic,0.0616,0.0053,0.5118,True,0.1473,0.12,0.42,0.2473,9.09,125,A 1% price increase leads to a 1.45% decrease in demand. Moderately price-sensitive.
20996,JAZZ HEARTS ADDRESS BOOK,General,-1.4534,Elastic,0.0487,0.0,0.3375,True,0.2603,0.19,0.83,0.1839,12.12,364,A 1% price increase leads to a 1.45% decrease in demand. Moderately price-sensitive.
85167B,DAMAGED,General,-1.4532,Elastic,0.141,0.0447,0.6903,True,3.2652,1.25,4.25,0.2021,10.48,29,A 1% price increase leads to a 1.45% decrease in demand. Moderately price-sensitive.
22076,6 RIBBONS EMPIRE  ,General,-1.4503,Elastic,0.0969,0.0,0.2714,True,1.2705,0.39,1.65,0.1442,9.33,268,A 1% price increase leads to a 1.45% decrease in demand. Moderately price-sensitive.
22817,CARD SUKI BIRTHDAY,General,-1.4491,Elastic,0.0022,0.4277,1.8242,False,0.4178,0.36,0.44,0.0304,10.75,288,A 1% price increase leads to a 1.45% decrease in demand. Moderately price-sensitive.
21817,check,General,-1.4484,Elastic,0.0315,0.0411,0.7022,True,0.5158,0.39,0.85,0.1444,11.0,133,A 1% price increase leads to a 1.45% decrease in demand. Moderately price-sensitive.
85129B,BEADED CRYSTAL HEART GREEN SMALL,General,-1.4477,Elastic,0.0163,0.3865,1.6558,False,1.43,1.25,2.46,0.1173,9.12,48,A 1% price increase leads to a 1.45% decrease in demand. Moderately price-sensitive.
22264,FELT FARM ANIMAL WHITE BUNNY ,General,-1.4473,Elastic,0.2241,0.0,0.2604,True,0.6129,0.19,0.85,0.2059,12.02,109,A 1% price increase leads to a 1.45% decrease in demand. Moderately price-sensitive.
23491,VINTAGE JINGLE BELLS HEART,General,-1.4425,Elastic,0.0019,0.6395,3.0715,False,8.2627,7.85,8.65,0.0271,9.98,121,A 1% price increase leads to a 1.44% decrease in demand. Moderately price-sensitive.
21903,MAN FLU METAL SIGN,General,-1.4425,Elastic,0.0117,0.0395,0.6982,True,2.1997,1.85,4.13,0.0928,10.16,362,A 1% price increase leads to a 1.44% decrease in demand. Moderately price-sensitive.
22327,ROUND SNACK BOXES SET OF 4 SKULLS,General,-1.4411,Elastic,0.0018,0.3966,1.6982,False,2.9427,2.55,3.09,0.0273,10.37,391,A 1% price increase leads to a 1.44% decrease in demand. Moderately price-sensitive.
22473,TV DINNER TRAY VINTAGE PAISLEY,General,-1.44,Elastic,0.0943,0.0,0.3073,True,3.9414,1.95,10.79,0.2242,9.52,213,A 1% price increase leads to a 1.44% decrease in demand. Moderately price-sensitive.
22783,Unknown,General,-1.4387,Elastic,0.047,0.0879,0.8296,False,16.1482,7.95,19.95,0.121,9.24,63,A 1% price increase leads to a 1.44% decrease in demand. Moderately price-sensitive.
84817,DANISH ROSE DECORATIVE PLATE,General,-1.4327,Elastic,0.1783,0.0,0.2528,True,1.3708,0.39,2.1,0.2258,11.62,150,A 1% price increase leads to a 1.43% decrease in demand. Moderately price-sensitive.
22691,DOORMAT WELCOME SUNRISE,General,-1.4315,Elastic,0.0022,0.5071,2.1541,False,7.9767,6.75,8.37,0.0312,8.77,204,A 1% price increase leads to a 1.43% decrease in demand. Moderately price-sensitive.
22380,TOY TIDY SPACEBOY  ,General,-1.4312,Elastic,0.0208,0.0044,0.5001,True,2.0223,0.79,2.12,0.0664,10.47,387,A 1% price increase leads to a 1.43% decrease in demand. Moderately price-sensitive.
22421,LIPSTICK PEN FUSCHIA,General,-1.4312,Elastic,0.0132,0.0978,0.8604,False,0.455,0.36,0.83,0.109,12.0,209,A 1% price increase leads to a 1.43% decrease in demand. Moderately price-sensitive.
21143,Unknown,General,-1.4297,Elastic,0.0015,0.7114,3.8517,False,1.9505,1.86,2.04,0.027,11.73,92,A 1% price increase leads to a 1.43% decrease in demand. Moderately price-sensitive.
21932,SCANDINAVIAN PAISLEY PICNIC BAG,General,-1.429,Elastic,0.0182,0.0011,0.4365,True,1.8957,1.65,2.95,0.1101,11.54,580,A 1% price increase leads to a 1.43% decrease in demand. Moderately price-sensitive.
22217,damages?,General,-1.4258,Elastic,0.0812,0.0002,0.3768,True,0.8122,0.39,1.25,0.1961,10.21,164,A 1% price increase leads to a 1.43% decrease in demand. Moderately price-sensitive.
20704,MR ROBOT SOFT TOY,General,-1.425,Elastic,0.1058,0.0099,0.5348,True,3.9695,1.95,6.95,0.2428,12.11,62,A 1% price increase leads to a 1.43% decrease in demand. Moderately price-sensitive.
85132A,damaged,General,-1.4232,Elastic,0.1053,0.0001,0.3457,True,2.8481,1.95,9.95,0.3734,9.99,146,A 1% price increase leads to a 1.42% decrease in demand. Moderately price-sensitive.
21222,SET/4 BADGES BEETLES,General,-1.4106,Elastic,0.0384,0.1093,0.869,False,1.5036,1.25,2.46,0.1533,7.79,68,A 1% price increase leads to a 1.41% decrease in demand. Moderately price-sensitive.
23349,ROLL WRAP VINTAGE CHRISTMAS,General,-1.4071,Elastic,0.0015,0.4138,1.7201,False,1.2392,1.0615,1.3,0.0274,12.36,444,A 1% price increase leads to a 1.41% decrease in demand. Moderately price-sensitive.
16219,HOUSE SHAPE PENCIL SHARPENER,General,-1.4049,Elastic,0.086,0.0056,0.494,True,0.1031,0.06,0.21,0.2958,25.26,88,A 1% price increase leads to a 1.4% decrease in demand. Moderately price-sensitive.
21874,GIN AND TONIC MUG,General,-1.4044,Elastic,0.0085,0.085,0.8131,False,1.3621,0.9516,1.65,0.0611,11.58,350,A 1% price increase leads to a 1.4% decrease in demand. Moderately price-sensitive.
22801,ANTIQUE GLASS PEDESTAL BOWL,General,-1.4033,Elastic,0.0054,0.2043,1.1031,False,3.7839,3.39,7.46,0.0632,9.53,301,A 1% price increase leads to a 1.4% decrease in demand. Moderately price-sensitive.
84926D,LA PALMIERA TILE COASTER,General,-1.4029,Elastic,0.2328,0.0,0.2656,True,0.6845,0.29,2.46,0.4603,12.03,94,A 1% price increase leads to a 1.4% decrease in demand. Moderately price-sensitive.
22072,RED RETROSPOT TEA CUP AND SAUCER ,General,-1.4023,Elastic,0.0607,0.0,0.3139,True,3.077,1.25,3.75,0.1159,9.07,311,A 1% price increase leads to a 1.4% decrease in demand. Moderately price-sensitive.
21809,Unknown,General,-1.3998,Elastic,0.0849,0.0002,0.368,True,0.6876,0.39,1.425,0.2405,12.18,158,A 1% price increase leads to a 1.4% decrease in demand. Moderately price-sensitive.
22753,SMALL YELLOW BABUSHKA NOTEBOOK ,General,-1.3974,Elastic,0.085,0.0,0.2475,True,0.6698,0.2,1.63,0.1631,9.81,345,A 1% price increase leads to a 1.4% decrease in demand. Moderately price-sensitive.
22308,TEA COSY BLUE STRIPE,General,-1.3966,Elastic,0.0101,0.3233,1.4067,False,2.7043,2.55,4.96,0.0907,8.69,99,A 1% price increase leads to a 1.4% decrease in demand. Moderately price-sensitive.
22644,CERAMIC CHERRY CAKE MONEY BANK,General,-1.3919,Elastic,0.0463,0.0,0.3316,True,1.1908,0.39,1.45,0.1198,12.58,365,A 1% price increase leads to a 1.39% decrease in demand. Moderately price-sensitive.
22701,PINK DOG BOWL,General,-1.3918,Elastic,0.1042,0.0004,0.3788,True,1.9019,0.79,3.095,0.2108,9.99,118,A 1% price increase leads to a 1.39% decrease in demand. Moderately price-sensitive.
84422,Dagamed,General,-1.3906,Elastic,0.027,0.4647,1.8657,False,0.4882,0.39,0.85,0.181,30.09,22,A 1% price increase leads to a 1.39% decrease in demand. Moderately price-sensitive.
22732,3D VINTAGE CHRISTMAS STICKERS ,General,-1.3904,Elastic,0.0039,0.3304,1.4256,False,1.3112,1.0871,2.0063,0.0472,12.24,245,A 1% price increase leads to a 1.39% decrease in demand. Moderately price-sensitive.
21292,SMALL STRIPES CHOCOLATE GIFT BAG ,General,-1.39,Elastic,0.0738,0.0313,0.6304,True,0.7801,0.19,0.85,0.1053,11.92,63,A 1% price increase leads to a 1.39% decrease in demand. Moderately price-sensitive.
23053,RECYCLED ACAPULCO MAT PINK,General,-1.3882,Elastic,0.0015,0.5478,2.3062,False,8.2575,7.83,8.64,0.0263,9.0,251,A 1% price increase leads to a 1.39% decrease in demand. Moderately price-sensitive.
21669,BLUE STRIPE CERAMIC DRAWER KNOB,General,-1.3879,Elastic,0.0102,0.0163,0.5759,True,1.3353,1.0676,3.29,0.0955,12.8,566,A 1% price increase leads to a 1.39% decrease in demand. Moderately price-sensitive.
21089,damaged,General,-1.3879,Elastic,0.0449,0.0759,0.7703,False,0.224,0.19,0.65,0.2369,8.46,71,A 1% price increase leads to a 1.39% decrease in demand. Moderately price-sensitive.
23247,BISCUIT TIN 50'S CHRISTMAS,General,-1.3873,Elastic,0.0017,0.3516,1.4878,False,2.9186,2.5008,3.07,0.0286,11.99,502,A 1% price increase leads to a 1.39% decrease in demand. Moderately price-sensitive.
23410,CURIO CABINET LINEN AND LACE ,General,-1.3851,Elastic,0.0012,0.816,5.918,False,8.1056,7.79,8.45,0.0225,9.33,48,A 1% price increase leads to a 1.39% decrease in demand. Moderately price-sensitive.
85180B,PINK HEARTS LIGHT CHAIN ,General,-1.3816,Elastic,0.1343,0.0144,0.5412,True,3.3991,1.25,4.65,0.1643,8.64,44,A 1% price increase leads to a 1.38% decrease in demand. Moderately price-sensitive.
72799E,IVORY PILLAR CANDLE SILVER FLOCK,General,-1.3813,Elastic,0.0865,0.0007,0.3953,True,2.3,0.79,2.95,0.1592,10.47,131,A 1% price increase leads to a 1.38% decrease in demand. Moderately price-sensitive.
21810,check,General,-1.373,Elastic,0.0582,0.0,0.2999,True,0.6068,0.39,2.46,0.276,14.6,341,A 1% price increase leads to a 1.37% decrease in demand. Moderately price-sensitive.
21916,SET 12 RETRO WHITE CHALK STICKS,General,-1.3722,Elastic,0.0034,0.2025,1.0753,False,0.4305,0.3686,0.83,0.0518,12.69,482,A 1% price increase leads to a 1.37% decrease in demand. Moderately price-sensitive.
23146,TRIPLE HOOK ANTIQUE IVORY ROSE,General,-1.3715,Elastic,0.0015,0.4372,1.7634,False,3.2829,2.89,3.44,0.0271,10.39,406,A 1% price increase leads to a 1.37% decrease in demand. Moderately price-sensitive.
21260,FIRST AID TIN,General,-1.3703,Elastic,0.0016,0.4887,1.977,False,3.2374,2.75,3.4,0.0284,10.21,309,A 1% price increase leads to a 1.37% decrease in demand. Moderately price-sensitive.
21633,SUNFLOWER DECORATIVE PARASOL,General,-1.3683,Elastic,0.0763,0.1259,0.869,False,11.258,3.95,12.75,0.1307,8.0,32,A 1% price increase leads to a 1.37% decrease in demand. Moderately price-sensitive.
16008,check,General,-1.3681,Elastic,0.0265,0.0423,0.6682,True,0.1498,0.12,0.25,0.1547,18.04,156,A 1% price increase leads to a 1.37% decrease in demand. Moderately price-sensitive.
21635,Unknown,General,-1.3628,Elastic,0.1319,0.0272,0.591,True,2.1438,1.25,3.75,0.2373,11.35,37,A 1% price increase leads to a 1.36% decrease in demand. Moderately price-sensitive.
22118,JOY WOODEN BLOCK LETTERS,General,-1.3589,Elastic,0.0707,0.0001,0.3424,True,3.6393,1.25,4.95,0.1574,9.28,209,A 1% price increase leads to a 1.36% decrease in demand. Moderately price-sensitive.
21071,Unknown,General,-1.3586,Elastic,0.0064,0.2424,1.1589,False,1.2732,1.1867,2.46,0.0695,9.6,215,A 1% price increase leads to a 1.36% decrease in demand. Moderately price-sensitive.
23329,DECORATIVE WICKER HEART LARGE,General,-1.3584,Elastic,0.0014,0.4616,1.8434,False,1.6441,1.53,1.73,0.0261,10.71,380,A 1% price increase leads to a 1.36% decrease in demand. Moderately price-sensitive.
22227,HANGING HEART MIRROR DECORATION ,General,-1.3577,Elastic,0.0014,0.5136,2.0759,False,0.6589,0.63,0.7167,0.0271,10.5,314,A 1% price increase leads to a 1.36% decrease in demand. Moderately price-sensitive.
21441,BLUE BIRDHOUSE DECORATION,General,-1.3566,Elastic,0.1394,0.0004,0.3656,True,0.6565,0.19,1.63,0.2342,11.26,87,A 1% price increase leads to a 1.36% decrease in demand. Moderately price-sensitive.
21615,check,General,-1.3558,Elastic,0.0838,0.0004,0.3761,True,2.0383,1.25,3.75,0.2202,7.95,144,A 1% price increase leads to a 1.36% decrease in demand. Moderately price-sensitive.
23129,HEART SHAPED HOLLY WREATH,General,-1.3546,Elastic,0.0046,0.2231,1.1097,False,4.3275,3.8833,8.29,0.0604,10.65,322,A 1% price increase leads to a 1.35% decrease in demand. Moderately price-sensitive.
35598B,BLACK CHRISTMAS TREE 60CM,General,-1.3531,Elastic,0.1348,0.0054,0.4664,True,1.6475,0.65,2.95,0.2611,11.48,56,A 1% price increase leads to a 1.35% decrease in demand. Moderately price-sensitive.
84926A,WAKE UP COCKEREL TILE COASTER,General,-1.3529,Elastic,0.1036,0.003,0.4421,True,0.4989,0.29,1.25,0.3209,12.41,83,A 1% price increase leads to a 1.35% decrease in demand. Moderately price-sensitive.
85227,SET OF 6 3D KIT CARDS FOR KIDS,General,-1.3521,Elastic,0.0019,0.4653,1.8492,False,0.8443,0.64,0.89,0.0297,11.12,277,A 1% price increase leads to a 1.35% decrease in demand. Moderately price-sensitive.
23197,VEGETABLE MAGNETIC  SHOPPING LIST,General,-1.3515,Elastic,0.0044,0.2393,1.1464,False,1.5368,1.258,2.37,0.0487,11.04,316,A 1% price increase leads to a 1.35% decrease in demand. Moderately price-sensitive.
21285,RETROSPOT CANDLE  MEDIUM,General,-1.3514,Elastic,0.1465,0.0001,0.3346,True,0.8895,0.39,4.13,0.4619,9.82,97,A 1% price increase leads to a 1.35% decrease in demand. Moderately price-sensitive.
21654,Damaged,General,-1.3508,Elastic,0.1394,0.0,0.2967,True,0.7731,0.39,1.45,0.2737,10.87,130,A 1% price increase leads to a 1.35% decrease in demand. Moderately price-sensitive.
20681,Unknown,General,-1.3501,Elastic,0.0019,0.7041,3.5412,False,3.2595,3.09,3.41,0.0281,7.06,77,A 1% price increase leads to a 1.35% decrease in demand. Moderately price-sensitive.
18098C,Unknown,General,-1.3499,Elastic,0.0018,0.6746,3.2051,False,2.9383,2.6833,3.07,0.0277,8.01,99,A 1% price increase leads to a 1.35% decrease in demand. Moderately price-sensitive.
84827,ASS DES PHONE SPONGE CRAFT STICKER,General,-1.3487,Elastic,0.1094,0.0248,0.5802,True,0.3947,0.09,0.65,0.2323,16.8,46,A 1% price increase leads to a 1.35% decrease in demand. Moderately price-sensitive.
21534,DAIRY MAID LARGE MILK JUG,General,-1.3483,Elastic,0.0015,0.5398,2.1964,False,4.9331,4.25,5.18,0.0276,8.9,257,A 1% price increase leads to a 1.35% decrease in demand. Moderately price-sensitive.
85035C,check,General,-1.347,Elastic,0.0855,0.0001,0.332,True,2.4689,1.25,4.25,0.2179,9.51,178,A 1% price increase leads to a 1.35% decrease in demand. Moderately price-sensitive.
47503A,Unknown,General,-1.3454,Elastic,0.0448,0.0001,0.3378,True,0.5341,0.42,1.25,0.2191,12.16,340,A 1% price increase leads to a 1.35% decrease in demand. Moderately price-sensitive.
90214S,"LETTER ""S"" BLING KEY RING",General,-1.3431,Elastic,0.1693,0.0174,0.5344,True,0.6832,0.29,1.25,0.2542,8.58,33,A 1% price increase leads to a 1.34% decrease in demand. Moderately price-sensitive.
23345, DOLLY GIRL BEAKER,General,-1.3425,Elastic,0.0016,0.509,2.0303,False,1.2434,1.0896,1.31,0.0283,11.27,283,A 1% price increase leads to a 1.34% decrease in demand. Moderately price-sensitive.
20986,BLUE CALCULATOR RULER,General,-1.3409,Elastic,0.009,0.2735,1.2195,False,1.3321,1.06,2.46,0.0872,9.04,135,A 1% price increase leads to a 1.34% decrease in demand. Moderately price-sensitive.
23101,SILVER STARS TABLE DECORATION,General,-1.3383,Elastic,0.0016,0.4818,1.9003,False,0.8258,0.72,0.87,0.028,11.5,311,A 1% price increase leads to a 1.34% decrease in demand. Moderately price-sensitive.
23066,Unknown,General,-1.3378,Elastic,0.0015,0.6358,2.8194,False,8.2409,7.45,8.63,0.0278,8.07,157,A 1% price increase leads to a 1.34% decrease in demand. Moderately price-sensitive.
22804,Wrongly mrked had 85123a in box,General,-1.3374,Elastic,0.0022,0.2276,1.1075,False,2.9627,2.55,4.37,0.0359,11.67,651,A 1% price increase leads to a 1.34% decrease in demand. Moderately price-sensitive.
85049A,TRADITIONAL CHRISTMAS RIBBONS,General,-1.3363,Elastic,0.0033,0.2283,1.1076,False,1.28,1.06,2.0279,0.047,12.49,438,A 1% price increase leads to a 1.34% decrease in demand. Moderately price-sensitive.
72817,Unknown,General,-1.3353,Elastic,0.0134,0.1456,0.9131,False,0.928,0.79,1.63,0.0996,11.49,160,A 1% price increase leads to a 1.34% decrease in demand. Moderately price-sensitive.
84819,DANISH ROSE ROUND SEWING BOX,General,-1.3342,Elastic,0.1771,0.0,0.2149,True,1.9236,0.79,4.25,0.3072,10.73,181,A 1% price increase leads to a 1.33% decrease in demand. Moderately price-sensitive.
22203,MILK PAN RED RETROSPOT,General,-1.3305,Elastic,0.0463,0.001,0.3983,True,3.2691,1.25,7.46,0.1366,9.75,232,A 1% price increase leads to a 1.33% decrease in demand. Moderately price-sensitive.
20826,Unknown,General,-1.3282,Elastic,0.299,0.0154,0.4933,True,0.8132,0.39,2.12,0.435,14.42,19,A 1% price increase leads to a 1.33% decrease in demand. Moderately price-sensitive.
23520,EMBROIDERED RIBBON REEL RUBY ,General,-1.3261,Elastic,0.0015,0.7808,4.7401,False,3.7463,3.57,3.93,0.0262,8.39,54,A 1% price increase leads to a 1.33% decrease in demand. Moderately price-sensitive.
22608,PENS ASSORTED FUNKY JEWELED ,General,-1.3239,Elastic,0.0186,0.0865,0.7674,False,0.215,0.19,0.85,0.2403,22.42,159,A 1% price increase leads to a 1.32% decrease in demand. Moderately price-sensitive.
21389,IVORY HANGING DECORATION  BIRD,General,-1.3233,Elastic,0.0019,0.5367,2.1383,False,0.849,0.81,0.89,0.0272,9.91,204,A 1% price increase leads to a 1.32% decrease in demand. Moderately price-sensitive.
47343A,Unknown,General,-1.3229,Elastic,0.0299,0.2995,1.2567,False,1.0535,0.83,1.49,0.1442,10.63,38,A 1% price increase leads to a 1.32% decrease in demand. Moderately price-sensitive.
23397,damaged,General,-1.3212,Elastic,0.0023,0.4074,1.5923,False,9.8667,8.15,10.36,0.0311,9.6,297,A 1% price increase leads to a 1.32% decrease in demand. Moderately price-sensitive.
85049C,ROMANTIC PINKS RIBBONS ,General,-1.3197,Elastic,0.0039,0.2284,1.0939,False,1.2661,1.2,2.46,0.055,9.14,377,A 1% price increase leads to a 1.32% decrease in demand. Moderately price-sensitive.
21619,check,General,-1.3172,Elastic,0.0693,0.0001,0.3255,True,1.7885,1.25,3.75,0.227,10.09,222,A 1% price increase leads to a 1.32% decrease in demand. Moderately price-sensitive.
22494,EMERGENCY FIRST AID TIN ,General,-1.3146,Elastic,0.0134,0.0612,0.6991,False,1.3425,1.06,2.46,0.1104,9.59,263,A 1% price increase leads to a 1.31% decrease in demand. Moderately price-sensitive.
22645,CERAMIC HEART FAIRY CAKE MONEY BANK,General,-1.3142,Elastic,0.0376,0.0,0.3102,True,1.3003,0.39,2.1191,0.1001,11.41,461,A 1% price increase leads to a 1.31% decrease in demand. Moderately price-sensitive.
22269,EGG CUP NATURAL CHICKEN,General,-1.313,Elastic,0.1222,0.0,0.2608,True,0.8668,0.39,2.46,0.2694,10.24,184,A 1% price increase leads to a 1.31% decrease in demand. Moderately price-sensitive.
23036,T-LIGHT HOLDER SILVER PETIT FOUR ,General,-1.313,Elastic,0.0015,0.8471,6.7416,False,1.2481,1.19,1.31,0.0283,10.75,28,A 1% price increase leads to a 1.31% decrease in demand. Moderately price-sensitive.
22336,damaged,General,-1.3104,Elastic,0.0697,0.0023,0.4215,True,0.4387,0.19,0.65,0.1858,15.7,131,A 1% price increase leads to a 1.31% decrease in demand. Moderately price-sensitive.
35599D,PINK AND WHITE CHRISTMAS TREE 120CM,General,-1.3103,Elastic,0.0466,0.1594,0.9146,False,2.8495,1.95,5.79,0.1808,10.57,44,A 1% price increase leads to a 1.31% decrease in demand. Moderately price-sensitive.
21287,SCENTED VELVET LOUNGE CANDLE ,General,-1.3093,Elastic,0.0651,0.0046,0.4531,True,0.5667,0.38,1.25,0.2513,14.66,122,A 1% price increase leads to a 1.31% decrease in demand. Moderately price-sensitive.
21889,WOODEN BOX OF DOMINOES,General,-1.3084,Elastic,0.0014,0.3158,1.3034,False,1.2683,1.0617,1.4333,0.0292,16.17,714,A 1% price increase leads to a 1.31% decrease in demand. Moderately price-sensitive.
21131,GOLD STANDING GNOME,General,-1.305,Elastic,0.115,0.0668,0.6842,False,3.1727,1.25,4.25,0.1977,10.0,30,A 1% price increase leads to a 1.3% decrease in demand. Moderately price-sensitive.
23473,WOODLAND SMALL RED FELT HEART,General,-1.3049,Elastic,0.0015,0.6933,3.3004,False,0.8305,0.79,0.87,0.0256,10.38,108,A 1% price increase leads to a 1.3% decrease in demand. Moderately price-sensitive.
84596B,SMALL DOLLY MIX DESIGN ORANGE BOWL,General,-1.3043,Elastic,0.0296,0.0,0.3027,True,0.5042,0.42,1.25,0.2053,14.47,611,A 1% price increase leads to a 1.3% decrease in demand. Moderately price-sensitive.
22735,RIBBON REEL SOCKS AND MITTENS,General,-1.3025,Elastic,0.0064,0.2749,1.1894,False,1.7362,1.65,3.29,0.0731,9.54,187,A 1% price increase leads to a 1.3% decrease in demand. Moderately price-sensitive.
79030G,Water damaged,General,-1.2997,Elastic,0.0741,0.0044,0.4464,True,0.5166,0.39,1.65,0.3133,11.54,108,A 1% price increase leads to a 1.3% decrease in demand. Moderately price-sensitive.
16015,Unknown,General,-1.2981,Elastic,0.007,0.5373,2.0909,False,0.4853,0.36,0.51,0.0461,8.7,57,A 1% price increase leads to a 1.3% decrease in demand. Moderately price-sensitive.
21670,Unknown,General,-1.2913,Elastic,0.0026,0.2645,1.1561,False,1.3057,1.0676,1.49,0.0373,13.87,486,A 1% price increase leads to a 1.29% decrease in demand. Moderately price-sensitive.
22310,IVORY KNITTED MUG COSY ,General,-1.2905,Elastic,0.0132,0.2038,1.0102,False,1.7868,1.65,3.29,0.1144,9.73,124,A 1% price increase leads to a 1.29% decrease in demand. Moderately price-sensitive.
22994,TRAVEL CARD WALLET RETROSPOT,General,-1.2872,Elastic,0.0012,0.5322,2.0584,False,0.4203,0.4,0.44,0.0259,12.17,321,A 1% price increase leads to a 1.29% decrease in demand. Moderately price-sensitive.
22578,lost,General,-1.2862,Elastic,0.0286,0.0,0.3036,True,0.4182,0.29,0.9206,0.1891,17.3,612,A 1% price increase leads to a 1.29% decrease in demand. Moderately price-sensitive.
23043,PAPER LANTERN 9 POINT HOLLY STAR L,General,-1.2844,Elastic,0.0018,0.727,3.6645,False,6.2389,5.94,6.53,0.0277,9.11,70,A 1% price increase leads to a 1.28% decrease in demand. Moderately price-sensitive.
85159A,"BLACK TEA,COFFEE,SUGAR JARS",General,-1.2787,Elastic,0.0449,0.0559,0.659,False,2.1059,1.25,6.35,0.2361,9.5,82,A 1% price increase leads to a 1.28% decrease in demand. Moderately price-sensitive.
21877,HOME SWEET HOME MUG,General,-1.2782,Elastic,0.0086,0.0229,0.5603,True,1.4073,1.06,3.29,0.0821,13.33,601,A 1% price increase leads to a 1.28% decrease in demand. Moderately price-sensitive.
21209,MULTICOLOUR HONEYCOMB FAN,General,-1.2775,Elastic,0.1253,0.0,0.2853,True,0.6872,0.39,1.65,0.325,11.15,142,A 1% price increase leads to a 1.28% decrease in demand. Moderately price-sensitive.
10135,COLOURING PENCILS BROWN TUBE,General,-1.2761,Elastic,0.0597,0.0001,0.3128,True,1.1879,0.25,2.46,0.1442,10.93,264,A 1% price increase leads to a 1.28% decrease in demand. Moderately price-sensitive.
47504K,Unknown,General,-1.2756,Elastic,0.0459,0.0001,0.3303,True,1.1315,0.79,1.95,0.1905,11.3,312,A 1% price increase leads to a 1.28% decrease in demand. Moderately price-sensitive.
85212,MINI PAINTED GARDEN DECORATION ,General,-1.2733,Elastic,0.0364,0.0166,0.526,True,0.3493,0.21,0.85,0.213,17.12,157,A 1% price increase leads to a 1.27% decrease in demand. Moderately price-sensitive.
23537,WALL ART I LOVE LONDON ,General,-1.2723,Elastic,0.0024,0.7715,4.348,False,4.8544,4.15,5.04,0.0351,10.13,38,A 1% price increase leads to a 1.27% decrease in demand. Moderately price-sensitive.
21359,Unknown,General,-1.2688,Elastic,0.0973,0.0102,0.4794,True,6.0664,3.95,15.95,0.307,8.91,67,A 1% price increase leads to a 1.27% decrease in demand. Moderately price-sensitive.
22942,CHRISTMAS LIGHTS 10 SANTAS ,General,-1.2683,Elastic,0.0359,0.0005,0.3622,True,6.7248,2.95,8.5,0.1108,9.73,331,A 1% price increase leads to a 1.27% decrease in demand. Moderately price-sensitive.
23569,TRADTIONAL ALPHABET STAMP SET,General,-1.2665,Elastic,0.0016,0.4739,1.7664,False,4.9464,4.236,5.19,0.0282,10.25,331,A 1% price increase leads to a 1.27% decrease in demand. Moderately price-sensitive.
82011C,BATHROOM SCALES FOOTPRINTS IN SAND,General,-1.2664,Elastic,0.001,0.8575,6.9982,False,3.7425,3.58,3.91,0.0211,5.47,36,A 1% price increase leads to a 1.27% decrease in demand. Moderately price-sensitive.
84744,S/6 SEW ON CROCHET FLOWERS,General,-1.2624,Elastic,0.0019,0.7431,3.8323,False,1.2465,1.19,1.31,0.0297,9.67,58,A 1% price increase leads to a 1.26% decrease in demand. Moderately price-sensitive.
21446,Unknown,General,-1.2621,Elastic,0.0012,0.6474,2.7544,False,1.2483,1.19,1.31,0.0259,8.51,171,A 1% price increase leads to a 1.26% decrease in demand. Moderately price-sensitive.
35954,check,General,-1.2603,Elastic,0.0426,0.0819,0.7141,False,0.2957,0.19,0.42,0.1553,12.49,72,A 1% price increase leads to a 1.26% decrease in demand. Moderately price-sensitive.
85213,Unknown,General,-1.2582,Elastic,0.0656,0.0616,0.6585,False,0.5028,0.29,0.85,0.2384,20.13,54,A 1% price increase leads to a 1.26% decrease in demand. Moderately price-sensitive.
84993A,75 GREEN PETIT FOUR CASES,General,-1.2515,Elastic,0.0011,0.7281,3.5905,False,0.4197,0.4,0.44,0.0282,10.4,108,A 1% price increase leads to a 1.25% decrease in demand. Moderately price-sensitive.
90057,crushed boxes,General,-1.2501,Elastic,0.0014,0.8391,6.1024,False,1.2503,1.19,1.31,0.0274,15.23,31,A 1% price increase leads to a 1.25% decrease in demand. Moderately price-sensitive.
15060B,Unknown,General,-1.2434,Elastic,0.0072,0.2152,1.0003,False,3.8389,2.95,8.29,0.0851,8.54,216,A 1% price increase leads to a 1.24% decrease in demand. Moderately price-sensitive.
23489,VINTAGE BELLS GARLAND,General,-1.2402,Elastic,0.0017,0.5345,1.9935,False,2.8845,2.506,3.03,0.0288,9.84,230,A 1% price increase leads to a 1.24% decrease in demand. Moderately price-sensitive.
22406,MONEY BOX KINGS CHOICE DESIGN,General,-1.2381,Elastic,0.0603,0.001,0.3705,True,1.0509,0.39,2.46,0.1594,8.51,176,A 1% price increase leads to a 1.24% decrease in demand. Moderately price-sensitive.
21394,Unknown,General,-1.238,Elastic,0.0191,0.0394,0.5976,True,0.4545,0.39,1.95,0.2282,15.44,223,A 1% price increase leads to a 1.24% decrease in demand. Moderately price-sensitive.
84925F,Unknown,General,-1.2335,Elastic,0.1095,0.0302,0.5494,True,1.8079,0.79,2.55,0.198,7.65,43,A 1% price increase leads to a 1.23% decrease in demand. Moderately price-sensitive.
22123,PING MICROWAVE APRON,General,-1.2311,Elastic,0.0731,0.0005,0.3455,True,1.9528,0.79,5.95,0.2813,9.53,163,A 1% price increase leads to a 1.23% decrease in demand. Moderately price-sensitive.
21352,check,General,-1.2305,Elastic,0.048,0.0555,0.6326,False,4.5589,2.95,6.75,0.15,7.83,77,A 1% price increase leads to a 1.23% decrease in demand. Moderately price-sensitive.
22199,FRYING PAN RED POLKADOT ,General,-1.2302,Elastic,0.0504,0.0004,0.3426,True,3.3989,1.25,4.25,0.1341,9.66,245,A 1% price increase leads to a 1.23% decrease in demand. Moderately price-sensitive.
22589,CARDHOLDER GINGHAM STAR,General,-1.2265,Elastic,0.0189,0.1374,0.8199,False,3.0474,2.49,4.96,0.1139,8.28,118,A 1% price increase leads to a 1.23% decrease in demand. Moderately price-sensitive.
35965,dotcom,General,-1.2194,Elastic,0.1086,0.0025,0.3907,True,1.3715,0.79,2.95,0.2973,9.2,82,A 1% price increase leads to a 1.22% decrease in demand. Moderately price-sensitive.
21811,Unknown,General,-1.2154,Elastic,0.0509,0.0002,0.3235,True,0.6913,0.39,1.25,0.2048,14.06,265,A 1% price increase leads to a 1.22% decrease in demand. Moderately price-sensitive.
22161,HEART DECORATION RUSTIC HANGING ,General,-1.2142,Elastic,0.0342,0.0016,0.3814,True,0.2354,0.19,0.65,0.2425,13.81,288,A 1% price increase leads to a 1.21% decrease in demand. Moderately price-sensitive.
21318,Unknown,General,-1.2132,Elastic,0.1118,0.0006,0.3402,True,0.8184,0.39,1.65,0.2613,11.56,103,A 1% price increase leads to a 1.21% decrease in demand. Moderately price-sensitive.
21819,check,General,-1.2105,Elastic,0.0167,0.0575,0.6338,False,0.4936,0.39,0.85,0.1361,12.06,217,A 1% price increase leads to a 1.21% decrease in demand. Moderately price-sensitive.
21634,Unknown,General,-1.2083,Elastic,0.0811,0.0474,0.5933,True,0.6745,0.39,1.25,0.2618,15.24,49,A 1% price increase leads to a 1.21% decrease in demand. Moderately price-sensitive.
16225,RATTLE SNAKE EGGS,General,-1.208,Elastic,0.0685,0.0005,0.3416,True,1.1457,0.39,3.29,0.1864,10.03,172,A 1% price increase leads to a 1.21% decrease in demand. Moderately price-sensitive.
22314,OFFICE MUG WARMER CHOC+BLUE,General,-1.2047,Elastic,0.0345,0.0044,0.4191,True,2.8108,1.25,5.79,0.1323,8.52,233,A 1% price increase leads to a 1.2% decrease in demand. Moderately price-sensitive.
21395,Unknown,General,-1.2044,Elastic,0.001,0.675,2.8675,False,0.3912,0.37,0.41,0.0293,14.9,172,A 1% price increase leads to a 1.2% decrease in demand. Moderately price-sensitive.
22359,GLASS JAR KINGS CHOICE,General,-1.2041,Elastic,0.0048,0.4059,1.4444,False,3.0475,2.9,5.79,0.0799,8.05,147,A 1% price increase leads to a 1.2% decrease in demand. Moderately price-sensitive.
85129C,BEADED CRYSTAL HEART BLUE SMALL,General,-1.1992,Elastic,0.0184,0.3977,1.4024,False,1.4306,1.25,2.46,0.1264,7.93,41,A 1% price increase leads to a 1.2% decrease in demand. Moderately price-sensitive.
22107,PIZZA PLATE IN BOX,General,-1.1991,Elastic,0.0357,0.0189,0.5054,True,3.2116,1.25,3.75,0.1052,8.44,154,A 1% price increase leads to a 1.2% decrease in demand. Moderately price-sensitive.
21124,SET/10 BLUE POLKADOT PARTY CANDLES,General,-1.1986,Elastic,0.0011,0.4655,1.6408,False,1.2455,1.06,1.31,0.0283,13.34,467,A 1% price increase leads to a 1.2% decrease in demand. Moderately price-sensitive.
21866,UNION JACK FLAG LUGGAGE TAG,General,-1.1981,Elastic,0.0043,0.2984,1.1498,False,1.3029,1.06,2.46,0.0668,9.2,251,A 1% price increase leads to a 1.2% decrease in demand. Moderately price-sensitive.
21484,Unknown,General,-1.1976,Elastic,0.0034,0.1839,0.9,False,3.8882,2.9763,5.32,0.0464,11.53,518,A 1% price increase leads to a 1.2% decrease in demand. Moderately price-sensitive.
20963,APPLE BATH SPONGE,General,-1.1955,Elastic,0.0037,0.3121,1.1805,False,1.3097,1.25,2.46,0.062,11.08,275,A 1% price increase leads to a 1.2% decrease in demand. Moderately price-sensitive.
23234,BISCUIT TIN VINTAGE CHRISTMAS,General,-1.1939,Elastic,0.0014,0.4112,1.4517,False,2.8856,2.5471,3.238,0.0281,10.4,479,A 1% price increase leads to a 1.19% decrease in demand. Moderately price-sensitive.
82616C,MIDNIGHT GLAMOUR SCARF KNITTING KIT,General,-1.1937,Elastic,0.0219,0.0943,0.7082,False,1.4946,1.25,2.95,0.1498,9.57,129,A 1% price increase leads to a 1.19% decrease in demand. Moderately price-sensitive.
23078,ICE CREAM PEN LIP GLOSS ,General,-1.1936,Elastic,0.001,0.5193,1.8507,False,1.2478,1.0591,1.31,0.0288,16.39,403,A 1% price increase leads to a 1.19% decrease in demand. Moderately price-sensitive.
20801,Unknown,General,-1.1931,Elastic,0.0398,0.0182,0.4991,True,0.9924,0.75,2.55,0.2428,12.26,140,A 1% price increase leads to a 1.19% decrease in demand. Moderately price-sensitive.
22474,SPACEBOY TV DINNER TRAY,General,-1.1909,Elastic,0.0262,0.017,0.4949,True,4.196,1.95,4.95,0.1078,9.24,217,A 1% price increase leads to a 1.19% decrease in demand. Moderately price-sensitive.
82581,TOILET METAL SIGN,General,-1.1909,Elastic,0.0013,0.3909,1.3868,False,0.5497,0.4245,0.73,0.0305,12.45,554,A 1% price increase leads to a 1.19% decrease in demand. Moderately price-sensitive.
22098,BOUDOIR SQUARE TISSUE BOX,General,-1.1882,Elastic,0.0649,0.0,0.2697,True,0.6983,0.39,2.46,0.2698,11.73,282,A 1% price increase leads to a 1.19% decrease in demand. Moderately price-sensitive.
84313B,Damaged,General,-1.1868,Elastic,0.0406,0.3342,1.2032,False,3.3252,1.95,4.25,0.1572,9.4,25,A 1% price increase leads to a 1.19% decrease in demand. Moderately price-sensitive.
22480,Unknown,General,-1.1852,Elastic,0.0011,0.6699,2.7754,False,1.2508,1.19,1.31,0.0262,8.5,167,A 1% price increase leads to a 1.19% decrease in demand. Moderately price-sensitive.
22890,NOVELTY BISCUITS CAKE STAND 3 TIER,General,-1.185,Elastic,0.0039,0.2752,1.0842,False,10.0472,8.5,19.96,0.0631,8.23,311,A 1% price increase leads to a 1.19% decrease in demand. Moderately price-sensitive.
84380,SET OF 3 BUTTERFLY COOKIE CUTTERS,General,-1.1846,Elastic,0.0027,0.1531,0.8284,False,1.3241,1.06,2.46,0.0486,13.66,751,A 1% price increase leads to a 1.18% decrease in demand. Moderately price-sensitive.
22282,12 EGG HOUSE PAINTED WOOD,General,-1.1823,Elastic,0.0012,0.6923,2.981,False,12.7295,12.12,13.38,0.0272,8.3,128,A 1% price increase leads to a 1.18% decrease in demand. Moderately price-sensitive.
72799C,PINK PILLAR CANDLE SILVER FLOCK,General,-1.1819,Elastic,0.1441,0.0028,0.3783,True,1.9093,0.79,2.95,0.2089,8.38,60,A 1% price increase leads to a 1.18% decrease in demand. Moderately price-sensitive.
21641,Unknown,General,-1.1814,Elastic,0.0373,0.2521,1.0146,False,0.3841,0.29,0.85,0.223,13.78,37,A 1% price increase leads to a 1.18% decrease in demand. Moderately price-sensitive.
22050,Unknown,General,-1.1806,Elastic,0.0012,0.7373,3.5094,False,0.4203,0.4,0.44,0.0288,10.94,94,A 1% price increase leads to a 1.18% decrease in demand. Moderately price-sensitive.
22799,SWEETHEART WIRE FRUIT BOWL,General,-1.1803,Elastic,0.0244,0.0528,0.6048,False,7.5702,2.95,8.5,0.1003,10.08,154,A 1% price increase leads to a 1.18% decrease in demand. Moderately price-sensitive.
23472, NINE DRAWER OFFICE TIDY,General,-1.1799,Elastic,0.0011,0.7658,3.9481,False,14.9445,14.22,15.69,0.0268,8.67,82,A 1% price increase leads to a 1.18% decrease in demand. Moderately price-sensitive.
84596F,SMALL MARSHMALLOWS PINK BOWL,General,-1.1774,Elastic,0.0285,0.0001,0.2954,True,0.5223,0.42,1.25,0.2012,12.08,544,A 1% price increase leads to a 1.18% decrease in demand. Moderately price-sensitive.
22909,SET OF 20 VINTAGE CHRISTMAS NAPKINS,General,-1.1725,Elastic,0.0011,0.3628,1.2876,False,0.8448,0.72,0.89,0.0283,16.57,766,A 1% price increase leads to a 1.17% decrease in demand. Moderately price-sensitive.
22128,sold as set on dotcom,General,-1.1679,Elastic,0.0013,0.5853,2.1369,False,1.2342,1.06,1.3,0.0316,12.05,224,A 1% price increase leads to a 1.17% decrease in demand. Moderately price-sensitive.
84031A,CHARLIE+LOLA RED HOT WATER BOTTLE ,General,-1.1649,Elastic,0.0591,0.0026,0.3808,True,3.4965,1.25,4.65,0.1537,9.59,151,A 1% price increase leads to a 1.16% decrease in demand. Moderately price-sensitive.
22745,POPPY'S PLAYHOUSE BEDROOM ,General,-1.1626,Elastic,0.0013,0.3735,1.3054,False,2.1073,1.85,2.7767,0.0294,11.25,597,A 1% price increase leads to a 1.16% decrease in demand. Moderately price-sensitive.
22481,wet boxes,General,-1.1586,Elastic,0.0613,0.0004,0.3189,True,0.8923,0.39,1.25,0.1696,10.01,204,A 1% price increase leads to a 1.16% decrease in demand. Moderately price-sensitive.
90178A,AMBER CHUNKY GLASS+BEAD NECKLACE,General,-1.1555,Elastic,0.0009,0.8887,8.1592,False,12.0475,11.38,12.53,0.0275,9.62,24,A 1% price increase leads to a 1.16% decrease in demand. Moderately price-sensitive.
84929,found,General,-1.1544,Elastic,0.0286,0.0293,0.5251,True,0.2622,0.19,0.55,0.2137,17.17,166,A 1% price increase leads to a 1.15% decrease in demand. Moderately price-sensitive.
85059,FRENCH ENAMEL WATER BASIN,General,-1.1539,Elastic,0.0604,0.0016,0.3597,True,3.1055,1.25,3.75,0.1371,7.82,162,A 1% price increase leads to a 1.15% decrease in demand. Moderately price-sensitive.
35968,check,General,-1.1527,Elastic,0.0126,0.4334,1.4594,False,0.3568,0.2,0.38,0.0739,8.8,51,A 1% price increase leads to a 1.15% decrease in demand. Moderately price-sensitive.
85132B,Unknown,General,-1.1522,Elastic,0.0735,0.0008,0.3351,True,2.7385,1.95,9.95,0.3876,9.58,151,A 1% price increase leads to a 1.15% decrease in demand. Moderately price-sensitive.
90087,CRYSTAL SEA HORSE PHONE CHARM,General,-1.151,Elastic,0.24,0.0638,0.568,False,0.4133,0.19,0.85,0.3496,11.07,15,A 1% price increase leads to a 1.15% decrease in demand. Moderately price-sensitive.
85211,Unknown,General,-1.1486,Elastic,0.0278,0.2331,0.9519,False,1.2178,0.79,1.65,0.1409,9.83,53,A 1% price increase leads to a 1.15% decrease in demand. Moderately price-sensitive.
35810B,Unknown,General,-1.1467,Elastic,0.0554,0.2026,0.8796,False,1.4783,0.83,2.1,0.1774,9.03,31,A 1% price increase leads to a 1.15% decrease in demand. Moderately price-sensitive.
84032B,CHARLIE + LOLA RED HOT WATER BOTTLE,General,-1.1452,Elastic,0.0394,0.0005,0.3261,True,2.3161,0.79,3.29,0.1282,9.99,303,A 1% price increase leads to a 1.15% decrease in demand. Moderately price-sensitive.
22057,CERAMIC PLATE STRAWBERRY DESIGN,General,-1.1445,Elastic,0.0557,0.0016,0.3564,True,1.0461,0.39,1.49,0.1635,10.48,177,A 1% price increase leads to a 1.14% decrease in demand. Moderately price-sensitive.
22340,NOEL GARLAND PAINTED ZINC ,General,-1.1422,Elastic,0.0053,0.4274,1.4344,False,0.4364,0.39,0.7338,0.0783,11.43,122,A 1% price increase leads to a 1.14% decrease in demand. Moderately price-sensitive.
21616,4 PEAR BOTANICAL DINNER CANDLES,General,-1.1419,Elastic,0.0584,0.001,0.3418,True,2.2333,1.25,3.75,0.2102,10.27,182,A 1% price increase leads to a 1.14% decrease in demand. Moderately price-sensitive.
21631,HIPPY CHIC DECORATIVE PARASOL,General,-1.1375,Elastic,0.0937,0.2168,0.8846,False,8.2094,3.95,12.75,0.2612,6.67,18,A 1% price increase leads to a 1.14% decrease in demand. Moderately price-sensitive.
90214K,"LETTER ""K"" BLING KEY RING",General,-1.1374,Elastic,0.0843,0.043,0.5467,True,0.8502,0.29,1.25,0.1934,7.69,49,A 1% price increase leads to a 1.14% decrease in demand. Moderately price-sensitive.
84968E,SET OF 16 VINTAGE BLACK CUTLERY,General,-1.1373,Elastic,0.0092,0.5043,1.6907,False,13.8742,12.75,24.96,0.1209,9.59,51,A 1% price increase leads to a 1.14% decrease in demand. Moderately price-sensitive.
22554,PLASTERS IN TIN WOODLAND ANIMALS,General,-1.1358,Elastic,0.001,0.3637,1.2498,False,1.6554,1.45,2.06,0.0268,15.48,857,A 1% price increase leads to a 1.14% decrease in demand. Moderately price-sensitive.
22299,PIG KEYRING WITH LIGHT & SOUND ,General,-1.1327,Elastic,0.0517,0.0145,0.4562,True,0.887,0.39,1.25,0.1832,14.92,115,A 1% price increase leads to a 1.13% decrease in demand. Moderately price-sensitive.
22069,BROWN  PIRATE TREASURE CHEST ,General,-1.1311,Elastic,0.0886,0.0023,0.3609,True,1.2013,0.39,1.65,0.1838,9.19,103,A 1% price increase leads to a 1.13% decrease in demand. Moderately price-sensitive.
85159B,"WHITE TEA,COFFEE,SUGAR JARS",General,-1.129,Elastic,0.0339,0.0288,0.5112,True,2.286,1.25,6.35,0.224,9.2,141,A 1% price increase leads to a 1.13% decrease in demand. Moderately price-sensitive.
22358,KINGS CHOICE TEA CADDY ,General,-1.1264,Elastic,0.0036,0.3283,1.1502,False,3.0041,2.55,5.79,0.0637,9.45,266,A 1% price increase leads to a 1.13% decrease in demand. Moderately price-sensitive.
22476,EMPIRE UNION JACK TV DINNER TRAY,General,-1.1257,Elastic,0.0341,0.0066,0.4107,True,4.5791,1.95,10.79,0.1669,11.65,215,A 1% price increase leads to a 1.13% decrease in demand. Moderately price-sensitive.
72818,check,General,-1.1232,Elastic,0.0206,0.1747,0.8209,False,0.6216,0.39,0.85,0.1323,16.14,91,A 1% price increase leads to a 1.12% decrease in demand. Moderately price-sensitive.
35964,FOLKART CLIP ON STARS,General,-1.1232,Elastic,0.0409,0.0483,0.5613,True,0.4943,0.39,2.1,0.3425,10.32,96,A 1% price increase leads to a 1.12% decrease in demand. Moderately price-sensitive.
22766,PHOTO FRAME CORNICE,General,-1.12,Elastic,0.001,0.3927,1.3096,False,2.9627,2.566,3.2082,0.0272,12.8,737,A 1% price increase leads to a 1.12% decrease in demand. Moderately price-sensitive.
21992,check,General,-1.1198,Elastic,0.0248,0.0042,0.3881,True,1.5793,1.25,2.95,0.1731,11.05,329,A 1% price increase leads to a 1.12% decrease in demand. Moderately price-sensitive.
22335,HEART DECORATION PAINTED ZINC ,General,-1.1194,Elastic,0.0018,0.4962,1.6427,False,0.6586,0.55,0.95,0.0394,11.51,259,A 1% price increase leads to a 1.12% decrease in demand. Moderately price-sensitive.
85204,lost??,General,-1.1179,Elastic,0.0189,0.2301,0.924,False,0.1441,0.12,0.42,0.2293,21.26,78,A 1% price increase leads to a 1.12% decrease in demand. Moderately price-sensitive.
16218,CARTOON  PENCIL SHARPENERS,General,-1.115,Elastic,0.0168,0.146,0.7623,False,0.0717,0.06,0.16,0.2049,20.82,127,A 1% price increase leads to a 1.11% decrease in demand. Moderately price-sensitive.
79066K,RETRO MOD TRAY,General,-1.1115,Elastic,0.006,0.2534,0.9707,False,0.8972,0.64,1.63,0.0788,9.22,218,A 1% price increase leads to a 1.11% decrease in demand. Moderately price-sensitive.
84944,michel oops,General,-1.1103,Elastic,0.0493,0.0058,0.3967,True,2.5744,1.65,4.25,0.2033,9.5,153,A 1% price increase leads to a 1.11% decrease in demand. Moderately price-sensitive.
85131B,BEADED CRYSTAL HEART GREEN ON STICK,General,-1.1098,Elastic,0.0136,0.5957,2.06,False,0.9322,0.83,1.25,0.0869,6.0,23,A 1% price increase leads to a 1.11% decrease in demand. Moderately price-sensitive.
22696,Unknown,General,-1.109,Elastic,0.0024,0.3918,1.2931,False,1.9786,1.65,3.04,0.0421,8.82,313,A 1% price increase leads to a 1.11% decrease in demand. Moderately price-sensitive.
21084,SET/6 COLLAGE PAPER CUPS,General,-1.108,Elastic,0.0519,0.002,0.354,True,0.2652,0.19,0.83,0.3096,11.71,181,A 1% price increase leads to a 1.11% decrease in demand. Moderately price-sensitive.
23480,MINI LIGHTS WOODLAND MUSHROOMS,General,-1.1052,Elastic,0.0009,0.5871,2.033,False,3.7597,3.56,3.94,0.0267,10.83,315,A 1% price increase leads to a 1.11% decrease in demand. Moderately price-sensitive.
79030D,Unknown,General,-1.1052,Elastic,0.0337,0.0967,0.6576,False,0.4839,0.39,1.65,0.2777,11.19,83,A 1% price increase leads to a 1.11% decrease in demand. Moderately price-sensitive.
21090,WET/MOULDY,General,-1.104,Elastic,0.0188,0.0363,0.5243,True,0.4529,0.39,0.85,0.149,10.18,234,A 1% price increase leads to a 1.1% decrease in demand. Moderately price-sensitive.
23548,WRAP MAGIC FOREST ,General,-1.1034,Elastic,0.0009,0.7877,4.0833,False,0.4205,0.4,0.44,0.029,12.9,80,A 1% price increase leads to a 1.1% decrease in demand. Moderately price-sensitive.
22811,SET OF 6 T-LIGHTS CACTI ,General,-1.0898,Elastic,0.04,0.0252,0.4811,True,2.6567,1.25,5.79,0.1891,11.41,125,A 1% price increase leads to a 1.09% decrease in demand. Moderately price-sensitive.
22157,Unknown,General,-1.0874,Elastic,0.0011,0.872,6.6788,False,0.8585,0.82,0.89,0.0287,8.35,26,A 1% price increase leads to a 1.09% decrease in demand. Moderately price-sensitive.
20717,STRAWBERRY SHOPPER BAG,General,-1.0867,Elastic,0.001,0.5097,1.647,False,1.2713,1.06,1.4517,0.0279,10.55,417,A 1% price increase leads to a 1.09% decrease in demand. Moderately price-sensitive.
47021G,Unknown,General,-1.0857,Elastic,0.064,0.1107,0.6652,False,0.741,0.39,1.25,0.2168,11.56,41,A 1% price increase leads to a 1.09% decrease in demand. Moderately price-sensitive.
23068,ALUMINIUM HEART,General,-1.0847,Elastic,0.0011,0.583,1.9732,False,2.4759,2.08,2.6,0.0272,9.81,282,A 1% price increase leads to a 1.08% decrease in demand. Moderately price-sensitive.
21845,DAIRY MAID STRIPE MUG,General,-1.0839,Elastic,0.048,0.0022,0.3495,True,1.1877,0.79,2.95,0.2861,12.22,193,A 1% price increase leads to a 1.08% decrease in demand. Moderately price-sensitive.
22640,SET OF 4 NAPKIN CHARMS 3 KEYS ,General,-1.0826,Elastic,0.0286,0.0709,0.5938,False,2.2727,0.79,2.55,0.0991,8.62,115,A 1% price increase leads to a 1.08% decrease in demand. Moderately price-sensitive.
90214E,"LETTER ""E"" BLING KEY RING",General,-1.0816,Elastic,0.1237,0.0414,0.5089,True,0.7859,0.29,1.25,0.2381,8.03,34,A 1% price increase leads to a 1.08% decrease in demand. Moderately price-sensitive.
22075,6 RIBBONS ELEGANT CHRISTMAS ,General,-1.0788,Elastic,0.0488,0.0001,0.2629,True,1.314,0.39,3.29,0.1709,12.89,330,A 1% price increase leads to a 1.08% decrease in demand. Moderately price-sensitive.
22703,PINK CAT BOWL,General,-1.0735,Elastic,0.0629,0.0064,0.3863,True,1.3829,0.59,2.35,0.1968,7.88,117,A 1% price increase leads to a 1.07% decrease in demand. Moderately price-sensitive.
23266,SET OF 3 WOODEN STOCKING DECORATION,General,-1.0621,Elastic,0.0022,0.3577,1.1534,False,1.3106,1.0484,2.0567,0.0446,11.21,393,A 1% price increase leads to a 1.06% decrease in demand. Moderately price-sensitive.
22806,SET OF 6 T-LIGHTS WEDDING CAKE ,General,-1.0601,Elastic,0.0236,0.1269,0.6885,False,2.4405,1.25,2.95,0.1135,8.92,100,A 1% price increase leads to a 1.06% decrease in demand. Moderately price-sensitive.
21368,MIRRORED WALL ART LADIES,General,-1.0594,Elastic,0.019,0.2411,0.8963,False,0.909,0.75,2.55,0.2219,8.73,74,A 1% price increase leads to a 1.06% decrease in demand. Moderately price-sensitive.
72819,CUPID DESIGN SCENTED CANDLES,General,-1.0576,Elastic,0.0222,0.1738,0.771,False,1.9648,1.25,2.55,0.1243,11.44,85,A 1% price increase leads to a 1.06% decrease in demand. Moderately price-sensitive.
22201,FRYING PAN BLUE POLKADOT,General,-1.0573,Elastic,0.0519,0.0178,0.439,True,3.4548,1.25,4.25,0.1532,6.97,108,A 1% price increase leads to a 1.06% decrease in demand. Moderately price-sensitive.
22152,check,General,-1.0561,Elastic,0.0105,0.1299,0.6946,False,0.4494,0.42,1.63,0.1815,12.77,219,A 1% price increase leads to a 1.06% decrease in demand. Moderately price-sensitive.
22856,sold as set on dotcom,General,-1.0549,Elastic,0.0013,0.7775,3.7159,False,1.2494,1.19,1.31,0.0287,9.49,63,A 1% price increase leads to a 1.05% decrease in demand. Moderately price-sensitive.
72760B,VINTAGE CREAM 3 BASKET CAKE STAND,General,-1.0533,Elastic,0.001,0.5824,1.9135,False,9.9465,9.45,10.45,0.0271,7.69,300,A 1% price increase leads to a 1.05% decrease in demand. Moderately price-sensitive.
22498,WOODEN REGATTA BUNTING,General,-1.053,Elastic,0.0009,0.6471,2.297,False,5.9336,5.65,6.25,0.0276,8.92,233,A 1% price increase leads to a 1.05% decrease in demand. Moderately price-sensitive.
22312,OFFICE MUG WARMER POLKADOT,General,-1.0523,Elastic,0.011,0.1663,0.757,False,2.887,1.25,4.37,0.0772,8.38,175,A 1% price increase leads to a 1.05% decrease in demand. Moderately price-sensitive.
21678,PAISLEY PATTERN  STICKERS,General,-1.0495,Elastic,0.0012,0.7877,3.8813,False,0.8492,0.81,0.89,0.0273,9.65,65,A 1% price increase leads to a 1.05% decrease in demand. Moderately price-sensitive.
22892,check,General,-1.0488,Elastic,0.0012,0.4835,1.4955,False,1.2437,1.06,1.31,0.0287,11.02,425,A 1% price increase leads to a 1.05% decrease in demand. Moderately price-sensitive.
21902,"KEY FOB , FRONT  DOOR ",General,-1.0473,Elastic,0.0018,0.4467,1.3745,False,0.6645,0.63,1.042,0.0431,11.1,319,A 1% price increase leads to a 1.05% decrease in demand. Moderately price-sensitive.
22407,MONEY BOX FIRST AID DESIGN,General,-1.0446,Elastic,0.0822,0.1058,0.627,False,0.9658,0.39,1.25,0.1841,8.82,33,A 1% price increase leads to a 1.04% decrease in demand. Moderately price-sensitive.
84596E,Unknown,General,-1.0441,Elastic,0.037,0.0895,0.6071,False,1.0662,0.42,1.25,0.1338,9.37,79,A 1% price increase leads to a 1.04% decrease in demand. Moderately price-sensitive.
72800C,4 PINK DINNER CANDLE SILVER FLOCK,General,-1.0438,Elastic,0.0744,0.0214,0.4433,True,1.8815,0.79,2.55,0.1853,7.66,71,A 1% price increase leads to a 1.04% decrease in demand. Moderately price-sensitive.
85169B,BLACK LOVE BIRD CANDLE,General,-1.0438,Elastic,0.0457,0.1853,0.7737,False,1.1572,0.42,1.25,0.1111,7.95,40,A 1% price increase leads to a 1.04% decrease in demand. Moderately price-sensitive.
22738,RIBBON REEL SNOWY VILLAGE,General,-1.0436,Elastic,0.001,0.5192,1.6178,False,1.6767,1.4517,1.77,0.0294,11.08,402,A 1% price increase leads to a 1.04% decrease in demand. Moderately price-sensitive.
21014,check,General,-1.0427,Elastic,0.0462,0.0057,0.372,True,0.4678,0.29,0.85,0.2164,11.18,164,A 1% price increase leads to a 1.04% decrease in demand. Moderately price-sensitive.
22808,SET OF 6 T-LIGHTS EASTER CHICKS,General,-1.0416,Elastic,0.0175,0.1332,0.6893,False,2.744,1.25,2.95,0.078,7.91,130,A 1% price increase leads to a 1.04% decrease in demand. Moderately price-sensitive.
22596,CHRISTMAS STAR WISH LIST CHALKBOARD,General,-1.0404,Elastic,0.0173,0.0041,0.3602,True,1.0245,0.39,2.46,0.1127,14.12,476,A 1% price increase leads to a 1.04% decrease in demand. Moderately price-sensitive.
72586,SET OF 6 HALLOWEEN GHOST T-LIGHTS,General,-1.0403,Elastic,0.0008,0.8159,4.4505,False,0.4204,0.4,0.44,0.0267,10.01,70,A 1% price increase leads to a 1.04% decrease in demand. Moderately price-sensitive.
84510C,SET OF 4 POLKADOT COASTERS,General,-1.0402,Elastic,0.0062,0.4476,1.3641,False,1.3121,1.25,2.46,0.0956,8.28,95,A 1% price increase leads to a 1.04% decrease in demand. Moderately price-sensitive.
22545,MINI JIGSAW BUNNIES,General,-1.0399,Elastic,0.0237,0.1132,0.651,False,0.3551,0.19,0.42,0.1214,10.5,107,A 1% price increase leads to a 1.04% decrease in demand. Moderately price-sensitive.
23312,VINTAGE CHRISTMAS GIFT SACK,General,-1.0384,Elastic,0.001,0.5569,1.7657,False,4.1412,3.8389,4.35,0.0285,11.78,335,A 1% price increase leads to a 1.04% decrease in demand. Moderately price-sensitive.
21899,GARAGE KEY FOB,General,-1.0369,Elastic,0.0018,0.3721,1.1606,False,0.668,0.64,1.14,0.0463,11.02,447,A 1% price increase leads to a 1.04% decrease in demand. Moderately price-sensitive.
23341,PINK DINER WALL CLOCK,General,-1.0338,Elastic,0.0008,0.692,2.606,False,8.4763,7.7714,8.87,0.0269,9.98,207,A 1% price increase leads to a 1.03% decrease in demand. Moderately price-sensitive.
20992,JAZZ HEARTS PURSE NOTEBOOK,General,-1.0277,Elastic,0.0186,0.0026,0.3393,True,0.4763,0.39,0.85,0.1608,13.2,486,A 1% price increase leads to a 1.03% decrease in demand. Moderately price-sensitive.
35810A,check,General,-1.0273,Elastic,0.0194,0.1218,0.6594,False,0.9493,0.83,2.1,0.1628,10.54,125,A 1% price increase leads to a 1.03% decrease in demand. Moderately price-sensitive.
20980,Unknown,General,-1.0196,Elastic,0.001,0.8552,5.5438,False,1.2508,1.19,1.31,0.0278,7.81,36,A 1% price increase leads to a 1.02% decrease in demand. Moderately price-sensitive.
22715,CARD WEDDING DAY,General,-1.0176,Elastic,0.0009,0.6689,2.3758,False,0.4197,0.3646,0.44,0.0282,10.91,208,A 1% price increase leads to a 1.02% decrease in demand. Moderately price-sensitive.
21163,Unknown,General,-1.0108,Elastic,0.0683,0.0001,0.2528,True,0.8268,0.39,1.45,0.2429,10.09,220,A 1% price increase leads to a 1.01% decrease in demand. Moderately price-sensitive.
85019A,ROMANTIC IMAGES NOTEBOOK SET,General,-1.01,Elastic,0.0576,0.0603,0.5275,False,2.1474,1.25,4.25,0.2606,11.15,62,A 1% price increase leads to a 1.01% decrease in demand. Moderately price-sensitive.
70007,HI TEC ALPINE HAND WARMER,General,-1.0099,Elastic,0.0227,0.0934,0.5974,False,1.4571,0.42,1.65,0.1015,9.19,125,A 1% price increase leads to a 1.01% decrease in demand. Moderately price-sensitive.
72800E,4 IVORY DINNER CANDLES SILVER FLOCK,General,-1.0085,Elastic,0.0395,0.0053,0.3573,True,2.0492,0.79,2.55,0.1385,9.18,196,A 1% price increase leads to a 1.01% decrease in demand. Moderately price-sensitive.
22464,HANGING METAL HEART LANTERN,General,-1.007,Elastic,0.0075,0.0669,0.5482,False,1.4901,0.79,1.65,0.0695,12.03,449,A 1% price increase leads to a 1.01% decrease in demand. Moderately price-sensitive.
22547,MINI JIGSAW DINOSAUR ,General,-1.006,Elastic,0.0087,0.2728,0.9136,False,0.3908,0.19,0.42,0.0721,11.9,140,A 1% price increase leads to a 1.01% decrease in demand. Moderately price-sensitive.
22448,PIN CUSHION BABUSHKA RED,General,-1.0053,Elastic,0.0274,0.1708,0.7262,False,2.7986,1.25,3.35,0.1188,9.3,70,A 1% price increase leads to a 1.01% decrease in demand. Moderately price-sensitive.
22044,Unknown,General,-1.005,Elastic,0.0176,0.205,0.7873,False,0.2583,0.19,0.42,0.1541,11.18,93,A 1% price increase leads to a 1.0% decrease in demand. Low price sensitivity.
21172,Unknown,General,-1.0042,Elastic,0.0011,0.3915,1.1712,False,1.4573,1.2561,2.3433,0.0366,12.99,645,A 1% price increase leads to a 1.0% decrease in demand. Low price sensitivity.
84976,Unknown,General,-0.9993,Inelastic,0.0067,0.4441,1.2999,False,0.8548,0.79,1.69,0.1103,13.33,90,A 1% price increase leads to a 1.0% decrease in demand. Low price sensitivity.
22695,WICKER WREATH SMALL,General,-0.9979,Inelastic,0.0214,0.0158,0.411,True,1.2424,0.59,1.91,0.1051,10.08,272,A 1% price increase leads to a 1.0% decrease in demand. Low price sensitivity.
84686,Unknown,General,-0.9966,Inelastic,0.1436,0.0426,0.4683,True,2.5248,0.79,4.25,0.3181,8.21,29,A 1% price increase leads to a 1.0% decrease in demand. Low price sensitivity.
22914,BLUE COAT RACK PARIS FASHION,General,-0.9964,Inelastic,0.0007,0.6381,2.116,False,4.9451,4.71,5.19,0.0259,9.8,308,A 1% price increase leads to a 1.0% decrease in demand. Low price sensitivity.
22512,DOORSTOP RACING CAR DESIGN,General,-0.9945,Inelastic,0.1121,0.0046,0.3394,True,1.9419,0.79,3.75,0.2889,7.44,70,A 1% price increase leads to a 0.99% decrease in demand. Low price sensitivity.
22093,MOTORING TISSUE BOX,General,-0.9929,Inelastic,0.0354,0.0006,0.2855,True,0.55,0.39,1.25,0.2468,11.99,331,A 1% price increase leads to a 0.99% decrease in demand. Low price sensitivity.
23431,NATURAL HANGING QUILTED HEARTS ,General,-0.9893,Inelastic,0.0012,0.7151,2.703,False,0.8214,0.72,0.86,0.0328,11.07,114,A 1% price increase leads to a 0.99% decrease in demand. Low price sensitivity.
21466,RED FLOWER CROCHET FOOD COVER,General,-0.9881,Inelastic,0.0033,0.3998,1.1712,False,3.8244,2.95,7.46,0.0714,8.25,219,A 1% price increase leads to a 0.99% decrease in demand. Low price sensitivity.
22731,3D CHRISTMAS STAMPS STICKERS ,General,-0.9872,Inelastic,0.0015,0.5567,1.6771,False,1.3269,1.25,1.8085,0.0402,11.06,226,A 1% price increase leads to a 0.99% decrease in demand. Low price sensitivity.
51014C,"FEATHER PEN,COAL BLACK",General,-0.9857,Inelastic,0.0219,0.0243,0.4349,True,0.5452,0.39,0.85,0.1582,11.75,231,A 1% price increase leads to a 0.99% decrease in demand. Low price sensitivity.
22182,CAKE STAND VICTORIAN FILIGREE SMALL,General,-0.9851,Inelastic,0.0862,0.0061,0.3499,True,3.9406,1.25,4.95,0.1789,9.94,86,A 1% price increase leads to a 0.99% decrease in demand. Low price sensitivity.
35599B,BLACK CHRISTMAS TREE 120CM,General,-0.9849,Inelastic,0.0741,0.0936,0.5722,False,2.8882,1.95,8.49,0.341,11.36,39,A 1% price increase leads to a 0.98% decrease in demand. Low price sensitivity.
21289,LARGE STRIPES CHOCOLATE GIFT BAG,General,-0.98,Inelastic,0.0011,0.8682,5.846,False,1.2483,1.19,1.31,0.0262,7.93,28,A 1% price increase leads to a 0.98% decrease in demand. Low price sensitivity.
22794,SWEETHEART WIRE MAGAZINE RACK,General,-0.9795,Inelastic,0.0007,0.623,1.9903,False,7.9565,7.55,8.35,0.0258,8.3,341,A 1% price increase leads to a 0.98% decrease in demand. Low price sensitivity.
85034B,3 WHITE CHOC MORRIS BOXED CANDLES,General,-0.9788,Inelastic,0.0556,0.0015,0.3033,True,2.2761,1.25,8.29,0.2941,9.16,179,A 1% price increase leads to a 0.98% decrease in demand. Low price sensitivity.
90214J,"LETTER ""J"" BLING KEY RING",General,-0.9761,Inelastic,0.1077,0.1578,0.6622,False,0.9255,0.29,1.25,0.1953,8.0,20,A 1% price increase leads to a 0.98% decrease in demand. Low price sensitivity.
22814,CARD PARTY GAMES ,General,-0.9733,Inelastic,0.0009,0.6986,2.5096,False,0.4147,0.36,0.44,0.03,11.13,166,A 1% price increase leads to a 0.97% decrease in demand. Low price sensitivity.
22810,Unknown,General,-0.9728,Inelastic,0.0042,0.2828,0.904,False,3.0936,2.55,5.79,0.0758,10.59,275,A 1% price increase leads to a 0.97% decrease in demand. Low price sensitivity.
21442,GREEN BIRDHOUSE DECORATION,General,-0.9717,Inelastic,0.0868,0.0072,0.3524,True,0.5853,0.19,0.85,0.2167,12.34,82,A 1% price increase leads to a 0.97% decrease in demand. Low price sensitivity.
22815,CARD PSYCHEDELIC APPLES,General,-0.9692,Inelastic,0.0011,0.6473,2.1149,False,0.4179,0.3686,0.44,0.0289,10.63,199,A 1% price increase leads to a 0.97% decrease in demand. Low price sensitivity.
20839,damages,General,-0.9678,Inelastic,0.0367,0.0338,0.4509,True,1.1223,0.85,3.29,0.2889,9.83,123,A 1% price increase leads to a 0.97% decrease in demand. Low price sensitivity.
23494,VINTAGE DOILY DELUXE SEWING KIT ,General,-0.9629,Inelastic,0.0008,0.6074,1.8725,False,5.937,5.65,6.24,0.027,10.71,345,A 1% price increase leads to a 0.96% decrease in demand. Low price sensitivity.
21807,Unknown,General,-0.9626,Inelastic,0.0007,0.8502,5.0721,False,0.4197,0.4,0.44,0.0274,11.3,54,A 1% price increase leads to a 0.96% decrease in demand. Low price sensitivity.
17013D,Unknown,General,-0.9594,Inelastic,0.0636,0.2574,0.823,False,0.7286,0.42,1.65,0.3203,14.55,22,A 1% price increase leads to a 0.96% decrease in demand. Low price sensitivity.
22967,SET 3 SONG BIRD PAPER EGGS ASSORTED,General,-0.9578,Inelastic,0.0008,0.6418,2.0568,False,2.9364,2.8,3.09,0.0265,9.91,276,A 1% price increase leads to a 0.96% decrease in demand. Low price sensitivity.
23445,ICE CREAM BUBBLES,General,-0.9577,Inelastic,0.0005,0.7547,3.0606,False,0.8229,0.7322,0.87,0.0268,13.36,184,A 1% price increase leads to a 0.96% decrease in demand. Low price sensitivity.
22486,PLASMATRONIC LAMP,General,-0.9573,Inelastic,0.0872,0.1612,0.6602,False,9.1621,3.95,12.75,0.2206,9.12,24,A 1% price increase leads to a 0.96% decrease in demand. Low price sensitivity.
21108,FAIRY CAKE FLANNEL ASSORTED COLOUR,General,-0.9571,Inelastic,0.0335,0.0006,0.2761,True,1.527,0.79,2.55,0.2045,22.7,349,A 1% price increase leads to a 0.96% decrease in demand. Low price sensitivity.
35637A,IVORY STRING CURTAIN WITH POLE ,General,-0.9547,Inelastic,0.0512,0.3376,0.969,False,2.9825,1.95,5.95,0.2678,9.35,20,A 1% price increase leads to a 0.95% decrease in demand. Low price sensitivity.
84625A,PINK NEW BAROQUECANDLESTICK CANDLE,General,-0.9524,Inelastic,0.0614,0.0167,0.3905,True,1.6758,0.85,2.95,0.2367,10.05,93,A 1% price increase leads to a 0.95% decrease in demand. Low price sensitivity.
90204,PAIR OF ENAMEL BUTTERFLY HAIRCLIP,General,-0.9518,Inelastic,0.0008,0.8849,6.5154,False,3.3437,3.19,3.5,0.0277,7.17,30,A 1% price increase leads to a 0.95% decrease in demand. Low price sensitivity.
84596G,Unknown,General,-0.9509,Inelastic,0.0203,0.0082,0.3574,True,0.5342,0.42,1.25,0.2039,11.14,344,A 1% price increase leads to a 0.95% decrease in demand. Low price sensitivity.
84926F,PSYCHEDELIC TILE COASTER,General,-0.9495,Inelastic,0.1498,0.006,0.33,True,0.8337,0.29,2.46,0.4721,14.8,49,A 1% price increase leads to a 0.95% decrease in demand. Low price sensitivity.
23380,PACK OF 12 DOILEY TISSUES,General,-0.9495,Inelastic,0.0008,0.6653,2.1922,False,0.3907,0.37,0.41,0.0291,11.58,225,A 1% price increase leads to a 0.95% decrease in demand. Low price sensitivity.
21211,SET OF 72 SKULL PAPER  DOILIES,General,-0.9466,Inelastic,0.0005,0.79,3.5467,False,1.4466,1.38,1.52,0.024,9.77,138,A 1% price increase leads to a 0.95% decrease in demand. Low price sensitivity.
22094,RED RETROSPOT TISSUE BOX,General,-0.944,Inelastic,0.0284,0.0027,0.3127,True,0.5708,0.39,1.25,0.2349,12.31,314,A 1% price increase leads to a 0.94% decrease in demand. Low price sensitivity.
21993,FLORAL FOLK STATIONERY SET,General,-0.9395,Inelastic,0.0186,0.0126,0.3745,True,1.5323,1.25,2.95,0.1658,10.46,335,A 1% price increase leads to a 0.94% decrease in demand. Low price sensitivity.
84356,POMPOM CURTAIN,General,-0.9348,Inelastic,0.0424,0.0193,0.3943,True,5.7002,1.95,6.95,0.1559,10.62,129,A 1% price increase leads to a 0.93% decrease in demand. Low price sensitivity.
85049G,CHOCOLATE BOX RIBBONS ,General,-0.9305,Inelastic,0.0006,0.6124,1.8354,False,1.2595,1.2,1.33,0.0258,10.48,439,A 1% price increase leads to a 0.93% decrease in demand. Low price sensitivity.
22345,PARTY PIZZA DISH BLUE POLKADOT,General,-0.9289,Inelastic,0.1235,0.0006,0.2623,True,0.5242,0.19,0.85,0.2561,9.8,91,A 1% price increase leads to a 0.93% decrease in demand. Low price sensitivity.
84459A,PINK METAL CHICKEN HEART ,General,-0.9272,Inelastic,0.0007,0.8299,4.2993,False,1.4878,1.42,1.56,0.0268,9.12,72,A 1% price increase leads to a 0.93% decrease in demand. Low price sensitivity.
22399,MAGNETS PACK OF 4 CHILDHOOD MEMORY,General,-0.9256,Inelastic,0.0007,0.7182,2.5611,False,1.2448,1.06,1.31,0.0272,11.25,179,A 1% price increase leads to a 0.93% decrease in demand. Low price sensitivity.
21043,Unknown,General,-0.9236,Inelastic,0.0197,0.1277,0.602,False,2.2942,1.95,5.95,0.2168,9.9,119,A 1% price increase leads to a 0.92% decrease in demand. Low price sensitivity.
85017C,adjustment,General,-0.9232,Inelastic,0.0273,0.4004,1.0798,False,0.6286,0.42,0.85,0.1632,6.32,28,A 1% price increase leads to a 0.92% decrease in demand. Low price sensitivity.
23153,ZINC SWEETHEART WIRE LETTER RACK,General,-0.921,Inelastic,0.0008,0.743,2.8033,False,3.7579,3.56,3.94,0.028,8.71,134,A 1% price increase leads to a 0.92% decrease in demand. Low price sensitivity.
21671,RED SPOT CERAMIC DRAWER KNOB,General,-0.9191,Inelastic,0.0012,0.435,1.1764,False,1.3056,1.24,1.49,0.0363,12.46,501,A 1% price increase leads to a 0.92% decrease in demand. Low price sensitivity.
20832,check,General,-0.9148,Inelastic,0.024,0.0848,0.5265,False,0.6109,0.39,0.85,0.1468,10.82,125,A 1% price increase leads to a 0.91% decrease in demand. Low price sensitivity.
21724,PANDA AND BUNNIES STICKER SHEET,General,-0.9117,Inelastic,0.0008,0.762,3.0037,False,0.8474,0.81,0.89,0.0292,11.44,121,A 1% price increase leads to a 0.91% decrease in demand. Low price sensitivity.
20932,PINK POT PLANT CANDLE,General,-0.9111,Inelastic,0.033,0.2326,0.7525,False,2.6058,1.25,3.75,0.1726,10.49,45,A 1% price increase leads to a 0.91% decrease in demand. Low price sensitivity.
22224,WHITE LOVEBIRD LANTERN,General,-0.9109,Inelastic,0.001,0.6074,1.7706,False,2.9043,2.55,3.06,0.0307,9.64,269,A 1% price increase leads to a 0.91% decrease in demand. Low price sensitivity.
23358,HOT STUFF HOT WATER BOTTLE,General,-0.91,Inelastic,0.0254,0.0589,0.4777,False,3.0243,1.25,3.75,0.1303,11.47,141,A 1% price increase leads to a 0.91% decrease in demand. Low price sensitivity.
22789,T-LIGHT HOLDER SWEETHEART HANGING,General,-0.9097,Inelastic,0.0029,0.3511,0.9741,False,1.9894,1.65,4.13,0.0681,9.34,306,A 1% price increase leads to a 0.91% decrease in demand. Low price sensitivity.
20669,Unknown,General,-0.9089,Inelastic,0.0005,0.8293,4.2034,False,1.2526,1.19,1.31,0.0254,10.27,98,A 1% price increase leads to a 0.91% decrease in demand. Low price sensitivity.
23226,FILIGREE HEART DAISY WHITE,General,-0.9076,Inelastic,0.0007,0.7206,2.5339,False,1.2349,1.04,1.3,0.0298,12.03,175,A 1% price increase leads to a 0.91% decrease in demand. Low price sensitivity.
23330,DECORATIVE WICKER HEART MEDIUM,General,-0.9074,Inelastic,0.0007,0.6272,1.8669,False,1.2448,1.1281,1.31,0.0266,10.66,346,A 1% price increase leads to a 0.91% decrease in demand. Low price sensitivity.
22723,SET OF 6 HERB TINS SKETCHBOOK,General,-0.9065,Inelastic,0.0163,0.008,0.3403,True,3.5509,1.25,3.95,0.0898,9.53,431,A 1% price increase leads to a 0.91% decrease in demand. Low price sensitivity.
21718,RED METAL BEACH SPADE ,General,-0.8959,Inelastic,0.0006,0.6992,2.3157,False,1.2494,1.19,1.31,0.0257,10.04,268,A 1% price increase leads to a 0.9% decrease in demand. Low price sensitivity.
84563A,damaged,General,-0.894,Inelastic,0.0248,0.332,0.9098,False,4.4478,2.95,5.95,0.1544,5.5,40,A 1% price increase leads to a 0.89% decrease in demand. Low price sensitivity.
82578,KITCHEN METAL SIGN,General,-0.8935,Inelastic,0.0022,0.3553,0.9656,False,0.5602,0.4269,1.25,0.0706,11.43,392,A 1% price increase leads to a 0.89% decrease in demand. Low price sensitivity.
21114,LAVENDER SCENTED FABRIC HEART,General,-0.8904,Inelastic,0.0006,0.6777,2.14,False,1.2507,1.19,1.31,0.0258,10.1,294,A 1% price increase leads to a 0.89% decrease in demand. Low price sensitivity.
22948,sold as set on dotcom,General,-0.8899,Inelastic,0.0089,0.1796,0.6608,False,0.9498,0.72,1.66,0.1145,9.61,205,A 1% price increase leads to a 0.89% decrease in demand. Low price sensitivity.
84580,MOUSE TOY WITH PINK T-SHIRT,General,-0.8897,Inelastic,0.0007,0.6666,2.0628,False,3.7837,3.59,4.13,0.0282,9.17,282,A 1% price increase leads to a 0.89% decrease in demand. Low price sensitivity.
85141,Unknown,General,-0.8847,Inelastic,0.0206,0.1671,0.6353,False,5.076,3.95,10.75,0.2135,8.97,94,A 1% price increase leads to a 0.88% decrease in demand. Low price sensitivity.
22403,MAGNETS PACK OF 4 VINTAGE LABELS ,General,-0.8844,Inelastic,0.0266,0.0399,0.4268,True,0.5423,0.39,1.25,0.2541,10.58,159,A 1% price increase leads to a 0.88% decrease in demand. Low price sensitivity.
20970,PINK FLORAL FELTCRAFT SHOULDER BAG,General,-0.8785,Inelastic,0.0006,0.5963,1.6575,False,3.7441,3.51,3.93,0.026,9.82,466,A 1% price increase leads to a 0.88% decrease in demand. Low price sensitivity.
23272,TREE T-LIGHT HOLDER WILLIE WINKIE,General,-0.8784,Inelastic,0.0266,0.1102,0.5448,False,1.3211,0.39,1.65,0.1406,12.26,97,A 1% price increase leads to a 0.88% decrease in demand. Low price sensitivity.
21822,GLITTER CHRISTMAS TREE WITH BELLS,General,-0.8759,Inelastic,0.0238,0.1337,0.5789,False,1.0286,0.79,1.95,0.2035,8.48,96,A 1% price increase leads to a 0.88% decrease in demand. Low price sensitivity.
84884A,ANT WHITE WIRE HEART SPIRAL,General,-0.8759,Inelastic,0.0038,0.4681,1.2037,False,3.8629,1.95,4.06,0.0505,8.13,140,A 1% price increase leads to a 0.88% decrease in demand. Low price sensitivity.
22443,Unknown,General,-0.8715,Inelastic,0.0005,0.7731,3.0187,False,7.9397,7.56,8.34,0.0254,8.87,179,A 1% price increase leads to a 0.87% decrease in demand. Low price sensitivity.
23186,FRENCH STYLE STORAGE JAR CAFE ,General,-0.8712,Inelastic,0.0279,0.0299,0.3978,True,0.3865,0.29,1.25,0.3126,11.43,169,A 1% price increase leads to a 0.87% decrease in demand. Low price sensitivity.
79149B,SILICON STAR BULB  BLUE,General,-0.8682,Inelastic,0.0005,0.9071,7.3681,False,0.4224,0.4,0.44,0.0273,6.9,29,A 1% price increase leads to a 0.87% decrease in demand. Low price sensitivity.
21467,CHERRY CROCHET FOOD COVER,General,-0.8679,Inelastic,0.0007,0.7212,2.4288,False,3.7471,3.56,3.94,0.027,7.84,194,A 1% price increase leads to a 0.87% decrease in demand. Low price sensitivity.
23522,WALL ART DOG AND BALL ,General,-0.8628,Inelastic,0.0148,0.5073,1.2855,False,2.1256,1.25,2.89,0.1608,16.72,32,A 1% price increase leads to a 0.86% decrease in demand. Low price sensitivity.
51014L,"FEATHER PEN,LIGHT PINK",General,-0.8623,Inelastic,0.0178,0.062,0.4594,False,0.5146,0.295,0.85,0.1574,11.03,196,A 1% price increase leads to a 0.86% decrease in demand. Low price sensitivity.
22096,PINK PAISLEY SQUARE TISSUE BOX ,General,-0.8614,Inelastic,0.0287,0.0137,0.3466,True,0.5531,0.39,2.46,0.325,11.08,211,A 1% price increase leads to a 0.86% decrease in demand. Low price sensitivity.
23509,MINI PLAYING CARDS FUN FAIR ,General,-0.8606,Inelastic,0.0006,0.833,4.0681,False,0.4193,0.4,0.44,0.0285,9.2,76,A 1% price increase leads to a 0.86% decrease in demand. Low price sensitivity.
23343,20713,General,-0.8577,Inelastic,0.0006,0.5489,1.43,False,2.0674,1.7994,2.17,0.028,14.35,595,A 1% price increase leads to a 0.86% decrease in demand. Low price sensitivity.
21279,Unknown,General,-0.8575,Inelastic,0.0006,0.8764,5.4782,False,2.5468,2.44,2.65,0.0251,6.28,40,A 1% price increase leads to a 0.86% decrease in demand. Low price sensitivity.
23372,SET 36 COLOUR PENCILS DOLLY GIRL,General,-0.857,Inelastic,0.0007,0.7317,2.4957,False,1.241,1.0834,1.31,0.0298,10.53,178,A 1% price increase leads to a 0.86% decrease in demand. Low price sensitivity.
47480,HANGING PHOTO CLIP ROPE LADDER,General,-0.8569,Inelastic,0.0059,0.4043,1.0238,False,1.7832,1.45,3.29,0.1063,10.36,120,A 1% price increase leads to a 0.86% decrease in demand. Low price sensitivity.
84927E,Unknown,General,-0.8563,Inelastic,0.1263,0.1138,0.5166,False,1.4171,0.39,2.1,0.2966,8.71,21,A 1% price increase leads to a 0.86% decrease in demand. Low price sensitivity.
22465,HANGING METAL STAR LANTERN,General,-0.8557,Inelastic,0.0072,0.1228,0.553,False,1.3913,0.79,1.65,0.0836,11.6,331,A 1% price increase leads to a 0.86% decrease in demand. Low price sensitivity.
22343,PARTY PIZZA DISH RED RETROSPOT,General,-0.8548,Inelastic,0.055,0.0022,0.2749,True,0.4841,0.19,0.85,0.2605,12.72,168,A 1% price increase leads to a 0.85% decrease in demand. Low price sensitivity.
84192,ASSORTED COLOUR METAL CAT ,General,-0.8544,Inelastic,0.0006,0.8325,4.0269,False,1.2534,1.19,1.31,0.0245,9.43,79,A 1% price increase leads to a 0.85% decrease in demand. Low price sensitivity.
23304,SET 4 PICNIC CUTLERY CHERRY ,General,-0.8539,Inelastic,0.001,0.8827,5.7197,False,1.9538,1.87,2.04,0.0275,13.42,24,A 1% price increase leads to a 0.85% decrease in demand. Low price sensitivity.
85136A,damages,General,-0.8537,Inelastic,0.0005,0.8288,3.9384,False,7.9538,7.56,8.33,0.0255,7.12,98,A 1% price increase leads to a 0.85% decrease in demand. Low price sensitivity.
21032,SPACE CADET WHITE,General,-0.8526,Inelastic,0.0105,0.4828,1.2054,False,1.5594,1.25,2.46,0.1401,8.84,49,A 1% price increase leads to a 0.85% decrease in demand. Low price sensitivity.
23255,CHILDRENS CUTLERY CIRCUS PARADE,General,-0.8491,Inelastic,0.0007,0.6442,1.8364,False,4.1268,3.75,4.34,0.0282,9.99,293,A 1% price increase leads to a 0.85% decrease in demand. Low price sensitivity.
85049F,Unknown,General,-0.8489,Inelastic,0.0007,0.7137,2.3104,False,1.2528,1.19,1.31,0.027,9.76,195,A 1% price increase leads to a 0.85% decrease in demand. Low price sensitivity.
85014A,BLACK/BLUE POLKADOT UMBRELLA,General,-0.8469,Inelastic,0.0014,0.401,1.0075,False,6.0528,4.95,12.46,0.0565,9.98,489,A 1% price increase leads to a 0.85% decrease in demand. Low price sensitivity.
22905,CALENDAR IN SEASON DESIGN,General,-0.8437,Inelastic,0.0133,0.1687,0.6099,False,2.6049,1.25,2.95,0.1037,9.82,144,A 1% price increase leads to a 0.84% decrease in demand. Low price sensitivity.
84818,damages,General,-0.8425,Inelastic,0.0376,0.0095,0.3212,True,1.5619,0.79,2.55,0.2256,13.18,178,A 1% price increase leads to a 0.84% decrease in demand. Low price sensitivity.
22540,MINI JIGSAW CIRCUS PARADE ,General,-0.8414,Inelastic,0.0064,0.3003,0.8098,False,0.3793,0.19,0.42,0.0809,15.62,169,A 1% price increase leads to a 0.84% decrease in demand. Low price sensitivity.
22916,HERB MARKER THYME,General,-0.8312,Inelastic,0.0005,0.6416,1.7843,False,0.6499,0.62,0.68,0.0257,10.93,420,A 1% price increase leads to a 0.83% decrease in demand. Low price sensitivity.
22571,ROCKING HORSE RED CHRISTMAS ,General,-0.8282,Inelastic,0.0006,0.6534,1.8429,False,0.8435,0.72,0.89,0.0286,12.25,345,A 1% price increase leads to a 0.83% decrease in demand. Low price sensitivity.
21284,RETROSPOT CANDLE  SMALL,General,-0.8273,Inelastic,0.0543,0.0457,0.4069,True,0.7592,0.39,1.69,0.3251,11.46,74,A 1% price increase leads to a 0.83% decrease in demand. Low price sensitivity.
22097,SWALLOW SQUARE TISSUE BOX,General,-0.8237,Inelastic,0.0262,0.0081,0.3087,True,0.632,0.39,1.25,0.2436,11.85,267,A 1% price increase leads to a 0.82% decrease in demand. Low price sensitivity.
21576,LETS GO SHOPPING COTTON TOTE BAG,General,-0.8237,Inelastic,0.0006,0.8154,3.5172,False,2.2413,2.14,2.36,0.0251,7.88,90,A 1% price increase leads to a 0.82% decrease in demand. Low price sensitivity.
20983,12 PENCILS TALL TUBE RED RETROSPOT,General,-0.8236,Inelastic,0.0005,0.6371,1.7448,False,0.8484,0.7252,0.89,0.0272,11.08,432,A 1% price increase leads to a 0.82% decrease in demand. Low price sensitivity.
85034A,check,General,-0.8236,Inelastic,0.0635,0.0123,0.3227,True,3.4986,1.25,8.29,0.2181,7.05,98,A 1% price increase leads to a 0.82% decrease in demand. Low price sensitivity.
22390,PAPERWEIGHT CHILDHOOD MEMORIES,General,-0.8213,Inelastic,0.0841,0.0068,0.2957,True,2.2351,0.39,4.96,0.2574,11.36,86,A 1% price increase leads to a 0.82% decrease in demand. Low price sensitivity.
21307,SET/4 BUTTERFLY MIRROR MAGNETS,General,-0.8206,Inelastic,0.0928,0.017,0.3341,True,1.1041,0.29,2.1,0.3023,7.93,61,A 1% price increase leads to a 0.82% decrease in demand. Low price sensitivity.
37327,adjustment,General,-0.82,Inelastic,0.0191,0.1866,0.6162,False,0.4799,0.39,1.69,0.2727,10.45,93,A 1% price increase leads to a 0.82% decrease in demand. Low price sensitivity.
22461,Unknown,General,-0.8193,Inelastic,0.0425,0.0368,0.3871,True,7.9629,3.95,12.75,0.2298,8.71,103,A 1% price increase leads to a 0.82% decrease in demand. Low price sensitivity.
21128,GOLD FISHING GNOME,General,-0.8191,Inelastic,0.0239,0.2889,0.7636,False,6.0407,1.95,6.95,0.1129,7.33,49,A 1% price increase leads to a 0.82% decrease in demand. Low price sensitivity.
84820,DANISH ROSE TRINKET TRAYS,General,-0.8185,Inelastic,0.092,0.0037,0.2742,True,3.5753,0.79,5.95,0.2482,8.76,90,A 1% price increase leads to a 0.82% decrease in demand. Low price sensitivity.
72800B, 4 PURPLE FLOCK DINNER CANDLES,General,-0.8185,Inelastic,0.031,0.0783,0.4601,False,2.0152,0.79,2.55,0.1524,9.4,101,A 1% price increase leads to a 0.82% decrease in demand. Low price sensitivity.
22115,METAL SIGN EMPIRE TEA,General,-0.8169,Inelastic,0.0471,0.0,0.1939,True,1.4715,0.79,2.95,0.287,10.15,361,A 1% price increase leads to a 0.82% decrease in demand. Low price sensitivity.
21194,PINK  HONEYCOMB PAPER FAN,General,-0.8134,Inelastic,0.0248,0.1657,0.5813,False,0.8387,0.65,2.1,0.258,8.57,79,A 1% price increase leads to a 0.81% decrease in demand. Low price sensitivity.
22344,PARTY PIZZA DISH PINK POLKADOT,General,-0.8096,Inelastic,0.055,0.0318,0.3706,True,0.4336,0.19,0.85,0.2913,11.83,84,A 1% price increase leads to a 0.81% decrease in demand. Low price sensitivity.
21246,damaged,General,-0.8083,Inelastic,0.0004,0.849,4.2329,False,4.9558,4.71,5.19,0.0254,9.96,93,A 1% price increase leads to a 0.81% decrease in demand. Low price sensitivity.
21946,PARTY TIME DESIGN FLANNEL,General,-0.8065,Inelastic,0.0098,0.6093,1.5596,False,0.7621,0.39,0.85,0.1048,9.41,29,A 1% price increase leads to a 0.81% decrease in demand. Low price sensitivity.
22711,WRAP CIRCUS PARADE,General,-0.802,Inelastic,0.0005,0.7049,2.1151,False,0.4203,0.4,0.44,0.0286,12.09,270,A 1% price increase leads to a 0.8% decrease in demand. Low price sensitivity.
22168,Unknown,General,-0.8008,Inelastic,0.0004,0.7889,2.9852,False,8.4857,8.08,8.92,0.026,8.99,164,A 1% price increase leads to a 0.8% decrease in demand. Low price sensitivity.
84969,check,General,-0.7991,Inelastic,0.0007,0.7436,2.4389,False,4.2118,3.61,4.43,0.03,8.91,157,A 1% price increase leads to a 0.8% decrease in demand. Low price sensitivity.
22599,CHRISTMAS MUSICAL ZINC STAR,General,-0.799,Inelastic,0.0374,0.0131,0.3185,True,0.5229,0.29,1.63,0.2998,10.63,164,A 1% price increase leads to a 0.8% decrease in demand. Low price sensitivity.
84804B,Unknown,General,-0.7979,Inelastic,0.0527,0.4105,0.9383,False,1.5173,0.79,2.95,0.3116,12.87,15,A 1% price increase leads to a 0.8% decrease in demand. Low price sensitivity.
22394,PAPERWEIGHT KINGS CHOICE ,General,-0.794,Inelastic,0.0714,0.058,0.4091,False,1.4055,0.39,2.55,0.2902,8.71,51,A 1% price increase leads to a 0.79% decrease in demand. Low price sensitivity.
22099,CARAVAN SQUARE TISSUE BOX,General,-0.792,Inelastic,0.0275,0.0087,0.2996,True,0.6037,0.39,1.25,0.2671,11.71,249,A 1% price increase leads to a 0.79% decrease in demand. Low price sensitivity.
23391, I LOVE LONDON MINI RUCKSACK,General,-0.7912,Inelastic,0.0007,0.7808,2.8371,False,4.1477,3.75,4.34,0.0267,8.32,119,A 1% price increase leads to a 0.79% decrease in demand. Low price sensitivity.
21557,SET OF 6 FUNKY BEAKERS,General,-0.7882,Inelastic,0.0066,0.3517,0.8432,False,3.3091,2.95,5.79,0.1121,8.12,133,A 1% price increase leads to a 0.79% decrease in demand. Low price sensitivity.
23425,STORAGE TIN HOME SWEET HOME,General,-0.7879,Inelastic,0.0256,0.1297,0.5152,False,1.6588,0.79,2.49,0.1888,10.14,91,A 1% price increase leads to a 0.79% decrease in demand. Low price sensitivity.
35961,FOLKART ZINC HEART CHRISTMAS DEC,General,-0.7871,Inelastic,0.0005,0.6766,1.8851,False,0.8497,0.73,0.89,0.0266,12.02,363,A 1% price increase leads to a 0.79% decrease in demand. Low price sensitivity.
22396,MAGNETS PACK OF 4 RETRO PHOTO,General,-0.786,Inelastic,0.0281,0.0063,0.2853,True,0.5792,0.39,1.25,0.2531,9.87,265,A 1% price increase leads to a 0.79% decrease in demand. Low price sensitivity.
21591,check,General,-0.7849,Inelastic,0.0004,0.7145,2.1437,False,1.2469,1.19,1.31,0.0261,11.13,304,A 1% price increase leads to a 0.78% decrease in demand. Low price sensitivity.
22052,Unknown,General,-0.7812,Inelastic,0.0005,0.85,4.1166,False,0.4209,0.4,0.44,0.0274,11.14,78,A 1% price increase leads to a 0.78% decrease in demand. Low price sensitivity.
22610,PENS ASSORTED FUNNY FACE,General,-0.7788,Inelastic,0.0122,0.0488,0.3938,True,0.2417,0.19,0.85,0.287,20.97,319,A 1% price increase leads to a 0.78% decrease in demand. Low price sensitivity.
84916,Unknown,General,-0.773,Inelastic,0.0321,0.2621,0.6793,False,5.1154,1.25,5.95,0.1354,7.68,41,A 1% price increase leads to a 0.77% decrease in demand. Low price sensitivity.
22043,dotcom,General,-0.7718,Inelastic,0.0097,0.395,0.9022,False,0.2198,0.19,0.42,0.1596,13.38,77,A 1% price increase leads to a 0.77% decrease in demand. Low price sensitivity.
22066,LOVE HEART TRINKET POT,General,-0.7709,Inelastic,0.0344,0.0024,0.2517,True,0.6619,0.39,1.45,0.2616,11.34,265,A 1% price increase leads to a 0.77% decrease in demand. Low price sensitivity.
90214A,"LETTER ""A"" BLING KEY RING",General,-0.7708,Inelastic,0.0503,0.1214,0.4886,False,0.9737,0.29,1.25,0.1675,8.35,49,A 1% price increase leads to a 0.77% decrease in demand. Low price sensitivity.
23239,SET OF 4 KNICK KNACK TINS POPPIES,General,-0.7705,Inelastic,0.0089,0.1082,0.4782,False,3.6558,1.65,4.15,0.0886,10.16,292,A 1% price increase leads to a 0.77% decrease in demand. Low price sensitivity.
22597,MUSICAL ZINC HEART DECORATION ,General,-0.7689,Inelastic,0.0237,0.0276,0.3466,True,0.4968,0.29,0.85,0.2231,12.4,205,A 1% price increase leads to a 0.77% decrease in demand. Low price sensitivity.
21636,check,General,-0.7656,Inelastic,0.0075,0.3356,0.7919,False,0.8211,0.75,2.55,0.1948,10.02,125,A 1% price increase leads to a 0.77% decrease in demand. Low price sensitivity.
22209,WOOD STAMP SET HAPPY BIRTHDAY,General,-0.7589,Inelastic,0.0092,0.121,0.4879,False,0.9912,0.5943,1.65,0.1451,10.52,263,A 1% price increase leads to a 0.76% decrease in demand. Low price sensitivity.
22839,3 TIER CAKE TIN GREEN AND CREAM,General,-0.7576,Inelastic,0.0008,0.6241,1.5444,False,15.082,12.75,22.04,0.0408,9.41,300,A 1% price increase leads to a 0.76% decrease in demand. Low price sensitivity.
22267,EASTER DECORATION EGG BUNNY ,General,-0.7526,Inelastic,0.0334,0.0152,0.3068,True,0.9927,0.39,1.25,0.1631,8.36,176,A 1% price increase leads to a 0.75% decrease in demand. Low price sensitivity.
22046,TEA PARTY  WRAPPING PAPER ,General,-0.752,Inelastic,0.0005,0.7609,2.4678,False,0.4173,0.3489,0.44,0.0297,12.44,192,A 1% price increase leads to a 0.75% decrease in demand. Low price sensitivity.
23213,STAR WREATH DECORATION WITH BELL,General,-0.7491,Inelastic,0.0007,0.6985,1.9311,False,1.2405,1.04,1.3,0.0326,10.4,207,A 1% price increase leads to a 0.75% decrease in demand. Low price sensitivity.
84987,SET OF 36 TEATIME PAPER DOILIES,General,-0.7439,Inelastic,0.0004,0.666,1.7223,False,1.4764,1.2654,1.55,0.0279,11.29,417,A 1% price increase leads to a 0.74% decrease in demand. Low price sensitivity.
84012,MAGIC SHEEP WOOL GROWING FROM PAPER,General,-0.7418,Inelastic,0.0177,0.0822,0.4243,False,1.1006,0.85,2.55,0.2407,11.85,172,A 1% price increase leads to a 0.74% decrease in demand. Low price sensitivity.
22591,Unknown,General,-0.7403,Inelastic,0.0063,0.3959,0.8687,False,3.618,2.55,6.63,0.1281,10.04,117,A 1% price increase leads to a 0.74% decrease in demand. Low price sensitivity.
21179,damaged,General,-0.7401,Inelastic,0.0295,0.0019,0.2369,True,0.7665,0.39,1.25,0.2121,10.27,323,A 1% price increase leads to a 0.74% decrease in demand. Low price sensitivity.
35967,FOLK ART METAL STAR T-LIGHT HOLDER,General,-0.7375,Inelastic,0.007,0.4779,1.0339,False,0.4146,0.38,0.85,0.1297,9.7,74,A 1% price increase leads to a 0.74% decrease in demand. Low price sensitivity.
22395,PAPERWEIGHT VINTAGE PAISLEY,General,-0.7329,Inelastic,0.0427,0.1194,0.4635,False,0.8979,0.39,2.55,0.3711,14.1,58,A 1% price increase leads to a 0.73% decrease in demand. Low price sensitivity.
22374,AIRLINE BAG VINTAGE JET SET RED,General,-0.7313,Inelastic,0.0011,0.5301,1.1636,False,4.2961,3.95,8.29,0.0563,9.51,361,A 1% price increase leads to a 0.73% decrease in demand. Low price sensitivity.
21065,BOOM BOX SPEAKER GIRLS,General,-0.7308,Inelastic,0.0837,0.0159,0.2954,True,3.7166,1.25,5.95,0.2676,8.41,69,A 1% price increase leads to a 0.73% decrease in demand. Low price sensitivity.
22807,SET OF 6 T-LIGHTS TOADSTOOLS,General,-0.7306,Inelastic,0.0092,0.1138,0.4606,False,2.6725,1.25,5.79,0.1121,10.21,273,A 1% price increase leads to a 0.73% decrease in demand. Low price sensitivity.
23324,RUSTIC STRAWBERRY JAM POT LARGE ,General,-0.7297,Inelastic,0.0005,0.8459,3.7403,False,2.0546,1.8547,2.17,0.0292,9.24,75,A 1% price increase leads to a 0.73% decrease in demand. Low price sensitivity.
23430,BLUE RETRO KITCHEN WALL CLOCK,General,-0.7276,Inelastic,0.0004,0.9097,6.3677,False,8.1535,7.78,8.53,0.0281,7.63,35,A 1% price increase leads to a 0.73% decrease in demand. Low price sensitivity.
22797,damages,General,-0.7244,Inelastic,0.0016,0.5762,1.2937,False,17.3972,16.53,33.29,0.07,7.67,200,A 1% price increase leads to a 0.72% decrease in demand. Low price sensitivity.
85078,missing,General,-0.7236,Inelastic,0.0101,0.2169,0.5835,False,0.2253,0.19,0.65,0.2264,11.82,153,A 1% price increase leads to a 0.72% decrease in demand. Low price sensitivity.
21400,RED PUDDING SPOON,General,-0.7219,Inelastic,0.0086,0.348,0.7658,False,0.136,0.12,0.42,0.2126,9.82,105,A 1% price increase leads to a 0.72% decrease in demand. Low price sensitivity.
21892,TRADITIONAL WOODEN CATCH CUP GAME ,General,-0.7217,Inelastic,0.0006,0.574,1.2831,False,1.2828,1.22,1.69,0.0314,11.46,562,A 1% price increase leads to a 0.72% decrease in demand. Low price sensitivity.
84927A,Unknown,General,-0.7192,Inelastic,0.0907,0.1349,0.4649,False,1.2358,0.39,2.1,0.2781,5.92,26,A 1% price increase leads to a 0.72% decrease in demand. Low price sensitivity.
22546,MINI JIGSAW PURDEY,General,-0.7145,Inelastic,0.0091,0.2478,0.6157,False,0.3455,0.19,0.42,0.116,13.85,149,A 1% price increase leads to a 0.71% decrease in demand. Low price sensitivity.
85015,SET OF 12  VINTAGE POSTCARD SET,General,-0.712,Inelastic,0.0388,0.0025,0.2326,True,1.1834,0.65,2.55,0.2953,10.03,234,A 1% price increase leads to a 0.71% decrease in demand. Low price sensitivity.
22762,CUPBOARD 3 DRAWER MA CAMPAGNE,General,-0.7102,Inelastic,0.0004,0.7958,2.7402,False,14.8804,12.75,15.61,0.0285,8.39,163,A 1% price increase leads to a 0.71% decrease in demand. Low price sensitivity.
82552,WASHROOM METAL SIGN,General,-0.7084,Inelastic,0.0006,0.5488,1.181,False,1.4601,1.2541,2.46,0.0402,11.58,573,A 1% price increase leads to a 0.71% decrease in demand. Low price sensitivity.
21494,ROTATING LEAVES T-LIGHT HOLDER,General,-0.7074,Inelastic,0.003,0.4142,0.8648,False,1.3556,1.25,2.46,0.0876,10.38,227,A 1% price increase leads to a 0.71% decrease in demand. Low price sensitivity.
22750,FELTCRAFT PRINCESS LOLA DOLL,General,-0.6991,Inelastic,0.0004,0.6015,1.3378,False,3.7449,3.3973,3.93,0.0267,11.64,656,A 1% price increase leads to a 0.7% decrease in demand. Low price sensitivity.
20615,BLUE POLKADOT PASSPORT COVER,General,-0.6986,Inelastic,0.0247,0.1457,0.4758,False,1.4544,0.75,4.13,0.2756,10.02,87,A 1% price increase leads to a 0.7% decrease in demand. Low price sensitivity.
84581,Unknown,General,-0.6952,Inelastic,0.0004,0.7981,2.7131,False,3.7825,3.59,4.13,0.0274,8.83,173,A 1% price increase leads to a 0.7% decrease in demand. Low price sensitivity.
21802,CHRISTMAS TREE HEART DECORATION,General,-0.6946,Inelastic,0.0003,0.8806,4.6106,False,0.4193,0.4,0.44,0.0277,12.24,78,A 1% price increase leads to a 0.69% decrease in demand. Low price sensitivity.
22200,FRYING PAN PINK POLKADOT,General,-0.6944,Inelastic,0.0162,0.091,0.4086,False,3.5522,1.25,4.25,0.135,10.14,177,A 1% price increase leads to a 0.69% decrease in demand. Low price sensitivity.
84821,DANISH ROSE DELUXE COASTER,General,-0.694,Inelastic,0.0574,0.0194,0.2916,True,0.5653,0.19,0.85,0.247,11.16,95,A 1% price increase leads to a 0.69% decrease in demand. Low price sensitivity.
23306,SET OF 36 PANTRY PAPER DOILIES,General,-0.692,Inelastic,0.0004,0.725,1.9652,False,1.4815,1.41,1.66,0.0273,11.67,341,A 1% price increase leads to a 0.69% decrease in demand. Low price sensitivity.
23506,MINI PLAYING CARDS SPACEBOY ,General,-0.6885,Inelastic,0.0004,0.7439,2.1049,False,0.4203,0.4,0.44,0.0298,13.41,242,A 1% price increase leads to a 0.69% decrease in demand. Low price sensitivity.
22117,check,General,-0.6884,Inelastic,0.0003,0.8215,3.0452,False,2.9474,2.8,3.1,0.0256,8.28,152,A 1% price increase leads to a 0.69% decrease in demand. Low price sensitivity.
84806B,WHITE CANDYSTUFT ARTIFICIAL FLOWER,General,-0.6861,Inelastic,0.0197,0.3306,0.698,False,1.3135,0.39,1.45,0.1105,9.04,50,A 1% price increase leads to a 0.69% decrease in demand. Low price sensitivity.
23081,GREEN METAL BOX TOP SECRET,General,-0.6853,Inelastic,0.0016,0.5671,1.1954,False,8.342,7.5,16.63,0.0761,9.9,204,A 1% price increase leads to a 0.69% decrease in demand. Low price sensitivity.
47567B,TEA TIME KITCHEN APRON,General,-0.6831,Inelastic,0.0016,0.5145,1.0465,False,6.0488,4.65,12.46,0.0716,9.29,271,A 1% price increase leads to a 0.68% decrease in demand. Low price sensitivity.
21386,IVORY HANGING DECORATION  EGG,General,-0.6828,Inelastic,0.0495,0.0083,0.2548,True,0.4274,0.19,0.85,0.3005,10.46,140,A 1% price increase leads to a 0.68% decrease in demand. Low price sensitivity.
22155,Unknown,General,-0.6799,Inelastic,0.0004,0.811,2.8384,False,0.4198,0.4,0.44,0.0289,13.43,162,A 1% price increase leads to a 0.68% decrease in demand. Low price sensitivity.
22393,PAPERWEIGHT VINTAGE COLLAGE,General,-0.6793,Inelastic,0.055,0.0024,0.2198,True,1.8221,0.39,2.55,0.1997,9.55,166,A 1% price increase leads to a 0.68% decrease in demand. Low price sensitivity.
22761,CHEST 7 DRAWER MA CAMPAGNE,General,-0.6767,Inelastic,0.0003,0.8707,4.1445,False,24.7139,21.95,25.9,0.0285,8.53,81,A 1% price increase leads to a 0.68% decrease in demand. Low price sensitivity.
85144,Unknown,General,-0.675,Inelastic,0.0329,0.087,0.39,False,3.5332,1.95,7.25,0.2923,8.69,90,A 1% price increase leads to a 0.68% decrease in demand. Low price sensitivity.
21880,RED RETROSPOT TAPE,General,-0.6748,Inelastic,0.0083,0.1781,0.4995,False,0.5857,0.19,0.65,0.0894,11.19,221,A 1% price increase leads to a 0.67% decrease in demand. Low price sensitivity.
35809A,Unknown,General,-0.6708,Inelastic,0.013,0.3551,0.7203,False,1.0057,0.83,2.1,0.2026,10.29,68,A 1% price increase leads to a 0.67% decrease in demand. Low price sensitivity.
85071B,RED CHARLIE+LOLA PERSONAL DOORSIGN,General,-0.6688,Inelastic,0.0391,0.0031,0.2236,True,0.6929,0.38,2.95,0.516,11.67,222,A 1% price increase leads to a 0.67% decrease in demand. Low price sensitivity.
23238,SET OF 4 KNICK KNACK TINS LONDON ,General,-0.6671,Inelastic,0.0004,0.6885,1.6628,False,4.1395,3.75,4.34,0.0271,9.82,390,A 1% price increase leads to a 0.67% decrease in demand. Low price sensitivity.
22091,EMPIRE TISSUE BOX,General,-0.6623,Inelastic,0.0118,0.0723,0.3671,False,0.5145,0.39,1.25,0.246,12.14,274,A 1% price increase leads to a 0.66% decrease in demand. Low price sensitivity.
23143,ZINC WIRE KITCHEN ORGANISER,General,-0.6602,Inelastic,0.0234,0.2991,0.6287,False,6.1881,3.95,10.4,0.2041,6.62,48,A 1% price increase leads to a 0.66% decrease in demand. Low price sensitivity.
22469,Unknown,General,-0.6571,Inelastic,0.0003,0.5458,1.0874,False,1.6391,1.201,1.9277,0.0293,22.95,1058,A 1% price increase leads to a 0.66% decrease in demand. Low price sensitivity.
22283,6 EGG HOUSE PAINTED WOOD,General,-0.6516,Inelastic,0.0003,0.7943,2.4965,False,7.9409,7.56,8.34,0.0262,8.69,226,A 1% price increase leads to a 0.65% decrease in demand. Low price sensitivity.
23382,BOX OF 6 CHRISTMAS CAKE DECORATIONS,General,-0.6512,Inelastic,0.0004,0.7751,2.2765,False,3.7122,3.3142,3.9,0.0287,12.36,233,A 1% price increase leads to a 0.65% decrease in demand. Low price sensitivity.
79051A,SMOKEY GREY COLOUR GLASS,General,-0.6498,Inelastic,0.0069,0.4461,0.849,False,0.3497,0.29,0.65,0.1603,11.84,86,A 1% price increase leads to a 0.65% decrease in demand. Low price sensitivity.
84032A,CHARLIE+LOLA PINK HOT WATER BOTTLE,General,-0.6474,Inelastic,0.0119,0.0777,0.3656,False,2.4446,0.79,3.29,0.1209,10.44,263,A 1% price increase leads to a 0.65% decrease in demand. Low price sensitivity.
21327,SKULLS WRITING SET ,General,-0.6472,Inelastic,0.0004,0.7521,2.0471,False,1.6514,1.57,1.73,0.026,7.77,287,A 1% price increase leads to a 0.65% decrease in demand. Low price sensitivity.
16161U,WRAP SUKI AND FRIENDS,General,-0.6468,Inelastic,0.0003,0.7488,2.0179,False,0.419,0.3667,0.44,0.0282,15.97,339,A 1% price increase leads to a 0.65% decrease in demand. Low price sensitivity.
21851,LILAC DIAMANTE PEN IN GIFT BOX,General,-0.6462,Inelastic,0.0004,0.9231,6.6253,False,4.9782,4.73,5.2,0.0238,6.68,28,A 1% price increase leads to a 0.65% decrease in demand. Low price sensitivity.
75172,Unknown,General,-0.6458,Inelastic,0.0524,0.2932,0.599,False,1.7762,0.79,3.75,0.2913,7.39,23,A 1% price increase leads to a 0.65% decrease in demand. Low price sensitivity.
23130,MISELTOE HEART WREATH ,General,-0.6456,Inelastic,0.0006,0.6553,1.4451,False,4.2464,3.75,5.3329,0.0342,9.29,324,A 1% price increase leads to a 0.65% decrease in demand. Low price sensitivity.
21918,Unknown,General,-0.645,Inelastic,0.0003,0.6802,1.5637,False,0.4242,0.36,0.4861,0.0277,14.28,552,A 1% price increase leads to a 0.65% decrease in demand. Low price sensitivity.
47593A,Unknown,General,-0.642,Inelastic,0.0251,0.4028,0.7558,False,1.0537,0.29,1.25,0.1538,9.0,30,A 1% price increase leads to a 0.64% decrease in demand. Low price sensitivity.
22858,EASTER TIN KEEPSAKE,General,-0.6408,Inelastic,0.0004,0.7437,1.9574,False,1.6416,1.4605,1.72,0.0284,9.3,253,A 1% price increase leads to a 0.64% decrease in demand. Low price sensitivity.
90191,??,General,-0.6367,Inelastic,0.031,0.4331,0.796,False,10.2737,2.95,12.75,0.1819,8.36,22,A 1% price increase leads to a 0.64% decrease in demand. Low price sensitivity.
47574A,check,General,-0.6348,Inelastic,0.0242,0.0746,0.3532,False,1.2172,0.75,4.25,0.4013,9.89,132,A 1% price increase leads to a 0.63% decrease in demand. Low price sensitivity.
21306,SET/4 DAISY MIRROR MAGNETS,General,-0.6336,Inelastic,0.0746,0.0114,0.2449,True,0.7168,0.29,2.1,0.4825,11.02,85,A 1% price increase leads to a 0.63% decrease in demand. Low price sensitivity.
35004G,SET OF 3 GOLD FLYING DUCKS,General,-0.6334,Inelastic,0.0228,0.2539,0.5496,False,4.9243,1.95,6.35,0.1895,12.46,59,A 1% price increase leads to a 0.63% decrease in demand. Low price sensitivity.
51020A,adjustment,General,-0.6303,Inelastic,0.0299,0.2993,0.5986,False,0.7135,0.29,1.25,0.2748,12.74,38,A 1% price increase leads to a 0.63% decrease in demand. Low price sensitivity.
22447,PIN CUSHION BABUSHKA BLUE,General,-0.6278,Inelastic,0.0135,0.5804,1.1196,False,2.5604,1.25,3.35,0.1452,7.64,25,A 1% price increase leads to a 0.63% decrease in demand. Low price sensitivity.
22531,MAGIC DRAWING SLATE CIRCUS PARADE  ,General,-0.6232,Inelastic,0.0003,0.7623,2.059,False,0.4206,0.4,0.44,0.0273,11.47,340,A 1% price increase leads to a 0.62% decrease in demand. Low price sensitivity.
84951A,SET OF 4 PISTACHIO LOVEBIRD COASTER,General,-0.6224,Inelastic,0.0129,0.2864,0.5803,False,1.058,0.79,2.55,0.2246,8.23,90,A 1% price increase leads to a 0.62% decrease in demand. Low price sensitivity.
21397,damaged,General,-0.6196,Inelastic,0.0157,0.3083,0.6035,False,0.5363,0.39,1.25,0.2498,11.12,68,A 1% price increase leads to a 0.62% decrease in demand. Low price sensitivity.
22268,check,General,-0.6171,Inelastic,0.0424,0.0037,0.2099,True,0.548,0.19,0.85,0.2431,10.97,197,A 1% price increase leads to a 0.62% decrease in demand. Low price sensitivity.
23532,WALL ART WORK REST AND PLAY  ,General,-0.6167,Inelastic,0.0097,0.4215,0.7625,False,4.1832,1.95,4.95,0.1091,10.23,69,A 1% price increase leads to a 0.62% decrease in demand. Low price sensitivity.
22398,MAGNETS PACK OF 4 SWALLOWS,General,-0.6138,Inelastic,0.0161,0.0048,0.2167,True,0.6262,0.39,1.25,0.2321,12.15,491,A 1% price increase leads to a 0.61% decrease in demand. Low price sensitivity.
16156S,Unknown,General,-0.6113,Inelastic,0.0003,0.7426,1.8598,False,0.4171,0.3489,0.44,0.0289,16.79,398,A 1% price increase leads to a 0.61% decrease in demand. Low price sensitivity.
17012D,ORIGAMI ROSE INCENSE/CANDLE SET ,General,-0.6086,Inelastic,0.0158,0.2963,0.5783,False,1.1029,0.85,2.55,0.2381,8.23,71,A 1% price increase leads to a 0.61% decrease in demand. Low price sensitivity.
22487,WHITE WOOD GARDEN PLANT LADDER,General,-0.6085,Inelastic,0.0004,0.5982,1.1542,False,9.8079,8.5,12.4525,0.0341,10.86,635,A 1% price increase leads to a 0.61% decrease in demand. Low price sensitivity.
23264,SET OF 3 WOODEN SLEIGH DECORATIONS,General,-0.6075,Inelastic,0.0006,0.6285,1.2546,False,1.315,1.25,2.0567,0.0423,11.26,410,A 1% price increase leads to a 0.61% decrease in demand. Low price sensitivity.
21033,taig adjust no stock,General,-0.6045,Inelastic,0.002,0.4664,0.8287,False,2.37,1.79,2.95,0.0747,9.96,263,A 1% price increase leads to a 0.6% decrease in demand. Low price sensitivity.
46000R,POLYESTER FILLER PAD 45x30cm,General,-0.6038,Inelastic,0.0002,0.8707,3.7019,False,1.4441,1.38,1.52,0.0254,9.94,119,A 1% price increase leads to a 0.6% decrease in demand. Low price sensitivity.
21901,"KEY FOB , BACK DOOR ",General,-0.6036,Inelastic,0.001,0.5017,0.8978,False,0.6699,0.64,1.63,0.0739,11.19,460,A 1% price increase leads to a 0.6% decrease in demand. Low price sensitivity.
79164,Unknown,General,-0.6032,Inelastic,0.0439,0.1574,0.4196,False,0.9268,0.39,1.65,0.2636,11.32,47,A 1% price increase leads to a 0.6% decrease in demand. Low price sensitivity.
22190,LOCAL CAFE MUG,General,-0.6018,Inelastic,0.0389,0.0738,0.3322,False,1.5932,0.39,2.46,0.2293,10.41,83,A 1% price increase leads to a 0.6% decrease in demand. Low price sensitivity.
22941,CHRISTMAS LIGHTS 10 REINDEER,General,-0.6017,Inelastic,0.0004,0.6625,1.3776,False,8.4267,6.5,8.86,0.0299,10.59,478,A 1% price increase leads to a 0.6% decrease in demand. Low price sensitivity.
20705,MRS ROBOT SOFT TOY,General,-0.6012,Inelastic,0.032,0.2567,0.5225,False,4.0755,1.95,6.95,0.2521,8.74,42,A 1% price increase leads to a 0.6% decrease in demand. Low price sensitivity.
22582,PACK OF 6 SWEETIE GIFT BOXES,General,-0.5996,Inelastic,0.0003,0.8335,2.8482,False,2.5572,2.42,2.68,0.0254,9.16,158,A 1% price increase leads to a 0.6% decrease in demand. Low price sensitivity.
23393,HOME SWEET HOME CUSHION COVER ,General,-0.5987,Inelastic,0.0003,0.7263,1.7094,False,3.7541,3.56,3.94,0.0266,10.25,393,A 1% price increase leads to a 0.6% decrease in demand. Low price sensitivity.
23265,SET OF 3 WOODEN TREE DECORATIONS,General,-0.5975,Inelastic,0.0008,0.5807,1.0807,False,1.3206,1.25,2.46,0.0551,10.84,377,A 1% price increase leads to a 0.6% decrease in demand. Low price sensitivity.
23340,VINTAGE CHRISTMAS CAKE FRILL,General,-0.5935,Inelastic,0.0003,0.7843,2.1663,False,1.6467,1.57,1.73,0.0268,12.12,269,A 1% price increase leads to a 0.59% decrease in demand. Low price sensitivity.
84927F,PSYCHEDELIC TILE HOOK,General,-0.5902,Inelastic,0.0455,0.0245,0.2588,True,0.715,0.39,2.1,0.4113,8.85,111,A 1% price increase leads to a 0.59% decrease in demand. Low price sensitivity.
85034C,3 ROSE MORRIS BOXED CANDLES,General,-0.5876,Inelastic,0.0112,0.1371,0.3936,False,1.934,1.25,4.25,0.2028,10.33,198,A 1% price increase leads to a 0.59% decrease in demand. Low price sensitivity.
22837,Unknown,General,-0.5875,Inelastic,0.0003,0.7558,1.8873,False,4.626,4.3974,4.86,0.028,11.22,325,A 1% price increase leads to a 0.59% decrease in demand. Low price sensitivity.
84750B,Unknown,General,-0.585,Inelastic,0.0419,0.2051,0.4537,False,1.1685,0.39,1.95,0.2632,8.97,40,A 1% price increase leads to a 0.58% decrease in demand. Low price sensitivity.
20977,Unknown,General,-0.5823,Inelastic,0.0003,0.7804,2.0863,False,1.2504,1.1118,1.31,0.0272,11.42,308,A 1% price increase leads to a 0.58% decrease in demand. Low price sensitivity.
85019B,check,General,-0.5729,Inelastic,0.0141,0.448,0.7479,False,1.6733,1.25,4.25,0.2577,10.98,43,A 1% price increase leads to a 0.57% decrease in demand. Low price sensitivity.
22030,??,General,-0.572,Inelastic,0.0006,0.5767,1.0239,False,0.4219,0.36,0.83,0.0525,12.65,491,A 1% price increase leads to a 0.57% decrease in demand. Low price sensitivity.
23026,DRAWER KNOB VINTAGE GLASS STAR,General,-0.5708,Inelastic,0.0003,0.8581,3.1849,False,2.0866,1.98,2.18,0.0255,8.47,116,A 1% price increase leads to a 0.57% decrease in demand. Low price sensitivity.
23487,SWEET HEART CAKE CARRIER,General,-0.5682,Inelastic,0.0004,0.8806,3.7688,False,9.8074,8.25,10.27,0.0318,8.32,66,A 1% price increase leads to a 0.57% decrease in demand. Low price sensitivity.
85035A,CHECK,General,-0.5658,Inelastic,0.0014,0.6855,1.3935,False,4.4589,4.24,8.29,0.0863,8.19,117,A 1% price increase leads to a 0.57% decrease in demand. Low price sensitivity.
22346,PARTY PIZZA DISH GREEN POLKADOT,General,-0.5642,Inelastic,0.0244,0.1637,0.4013,False,0.401,0.19,0.85,0.2804,13.48,81,A 1% price increase leads to a 0.56% decrease in demand. Low price sensitivity.
22214,CANDLE PLATE LACE WHITE,General,-0.5637,Inelastic,0.0158,0.4857,0.799,False,1.9589,0.79,2.55,0.1849,8.79,33,A 1% price increase leads to a 0.56% decrease in demand. Low price sensitivity.
84917,Unknown,General,-0.5633,Inelastic,0.0278,0.5226,0.8605,False,4.3829,1.25,5.95,0.2217,11.59,17,A 1% price increase leads to a 0.56% decrease in demand. Low price sensitivity.
21367,MIRRORED WALL ART GENTS,General,-0.5579,Inelastic,0.0287,0.1411,0.375,False,1.6639,0.75,4.96,0.3101,8.52,77,A 1% price increase leads to a 0.56% decrease in demand. Low price sensitivity.
85071A,BLUE CHARLIE+LOLA PERSONAL DOORSIGN,General,-0.5573,Inelastic,0.0385,0.0042,0.1926,True,0.7835,0.39,2.95,0.4985,10.22,211,A 1% price increase leads to a 0.56% decrease in demand. Low price sensitivity.
84931A,PINK SCOTTIE DOG W FLOWER PATTERN,General,-0.556,Inelastic,0.0002,0.9221,5.6573,False,2.5412,2.43,2.66,0.0232,9.18,51,A 1% price increase leads to a 0.56% decrease in demand. Low price sensitivity.
35095A,BLUE VICTORIAN FABRIC OVAL BOX,General,-0.5481,Inelastic,0.0003,0.8793,3.5997,False,0.4199,0.4,0.44,0.0272,9.55,89,A 1% price increase leads to a 0.55% decrease in demand. Low price sensitivity.
22956,36 FOIL HEART CAKE CASES,General,-0.548,Inelastic,0.004,0.2013,0.4282,False,1.9608,0.79,2.1,0.0799,11.37,415,A 1% price increase leads to a 0.55% decrease in demand. Low price sensitivity.
21204,DAISIES  HONEYCOMB GARLAND ,General,-0.5478,Inelastic,0.0002,0.8487,2.8657,False,1.6464,1.57,1.73,0.026,9.37,149,A 1% price increase leads to a 0.55% decrease in demand. Low price sensitivity.
23357,HOT WATER BOTTLE SEX BOMB,General,-0.5471,Inelastic,0.0082,0.2555,0.4795,False,3.7188,1.65,4.95,0.1337,8.51,160,A 1% price increase leads to a 0.55% decrease in demand. Low price sensitivity.
85202,HANGING WOOD AND FELT HEART,General,-0.5469,Inelastic,0.0003,0.8915,3.9974,False,0.42,0.4,0.44,0.0294,12.83,75,A 1% price increase leads to a 0.55% decrease in demand. Low price sensitivity.
22082,RIBBON REEL STRIPES DESIGN ,General,-0.5454,Inelastic,0.0005,0.6004,1.0405,False,1.6862,1.458,3.29,0.0485,12.18,567,A 1% price increase leads to a 0.55% decrease in demand. Low price sensitivity.
22242,Unknown,General,-0.5417,Inelastic,0.0002,0.8967,4.1585,False,1.6323,1.45,1.71,0.0297,10.54,71,A 1% price increase leads to a 0.54% decrease in demand. Low price sensitivity.
21366,MIRRORED WALL ART PHOTO FRAMES,General,-0.5356,Inelastic,0.0003,0.9293,5.9826,False,4.2671,4.04,4.45,0.0299,6.04,28,A 1% price increase leads to a 0.54% decrease in demand. Low price sensitivity.
90094,NECKLACE+BRACELET SET FRUIT SALAD ,General,-0.5342,Inelastic,0.0001,0.9495,8.3662,False,2.5442,2.42,2.67,0.0224,6.61,36,A 1% price increase leads to a 0.53% decrease in demand. Low price sensitivity.
21900,"KEY FOB , SHED",General,-0.5307,Inelastic,0.0009,0.4916,0.7711,False,0.6759,0.64,1.63,0.0792,11.85,505,A 1% price increase leads to a 0.53% decrease in demand. Low price sensitivity.
21947,SET OF 6 HEART CHOPSTICKS,General,-0.5293,Inelastic,0.0024,0.529,0.8389,False,1.3644,1.25,2.46,0.1159,9.31,167,A 1% price increase leads to a 0.53% decrease in demand. Low price sensitivity.
84876D,damaged,General,-0.5274,Inelastic,0.0192,0.5287,0.8232,False,2.5243,1.25,3.75,0.2126,10.91,23,A 1% price increase leads to a 0.53% decrease in demand. Low price sensitivity.
22511,RETROSPOT BABUSHKA DOORSTOP,General,-0.5261,Inelastic,0.0227,0.0649,0.283,False,2.0097,0.79,3.75,0.2617,7.93,151,A 1% price increase leads to a 0.53% decrease in demand. Low price sensitivity.
22266,EASTER DECORATION HANGING BUNNY,General,-0.525,Inelastic,0.0179,0.0849,0.3028,False,0.4413,0.19,0.65,0.204,11.03,167,A 1% price increase leads to a 0.53% decrease in demand. Low price sensitivity.
23221,REINDEER HEART DECORATION SILVER,General,-0.5247,Inelastic,0.0015,0.5629,0.9055,False,0.9023,0.83,1.63,0.0844,13.24,229,A 1% price increase leads to a 0.52% decrease in demand. Low price sensitivity.
22156,HEART DECORATION WITH PEARLS ,General,-0.5243,Inelastic,0.0002,0.7975,2.0412,False,0.859,0.8067,0.91,0.0269,12.37,345,A 1% price increase leads to a 0.52% decrease in demand. Low price sensitivity.
79190A,RETRO PLASTIC 70'S TRAY,General,-0.5228,Inelastic,0.0002,0.895,3.9531,False,0.4205,0.4,0.44,0.0257,11.42,112,A 1% price increase leads to a 0.52% decrease in demand. Low price sensitivity.
85194S,HANGING SPRING FLOWER EGG SMALL,General,-0.519,Inelastic,0.0142,0.2423,0.4411,False,0.5058,0.19,0.65,0.1755,12.46,98,A 1% price increase leads to a 0.52% decrease in demand. Low price sensitivity.
21221,SET/4 BADGES CUTE CREATURES,General,-0.5158,Inelastic,0.0002,0.9083,4.465,False,1.2531,1.19,1.31,0.025,9.49,75,A 1% price increase leads to a 0.52% decrease in demand. Low price sensitivity.
23151,ZINC SWEETHEART SOAP DISH,General,-0.5135,Inelastic,0.0162,0.3684,0.5657,False,1.5883,0.79,2.49,0.2287,9.67,52,A 1% price increase leads to a 0.51% decrease in demand. Low price sensitivity.
23160,REGENCY TEA SPOON,General,-0.5134,Inelastic,0.0004,0.842,2.5679,False,1.2167,1.04,1.28,0.0386,10.1,96,A 1% price increase leads to a 0.51% decrease in demand. Low price sensitivity.
21908,CHOCOLATE THIS WAY METAL SIGN,General,-0.5133,Inelastic,0.0004,0.5959,0.9677,False,2.1264,1.5369,3.8177,0.0443,12.63,646,A 1% price increase leads to a 0.51% decrease in demand. Low price sensitivity.
84970L,SINGLE HEART ZINC T-LIGHT HOLDER,General,-0.5127,Inelastic,0.0009,0.4578,0.6901,False,1.0204,0.79,1.9377,0.0643,13.96,639,A 1% price increase leads to a 0.51% decrease in demand. Low price sensitivity.
23235,BISCUIT TIN VINTAGE LEAF,General,-0.511,Inelastic,0.0034,0.3641,0.562,False,2.6481,1.25,2.89,0.081,9.48,242,A 1% price increase leads to a 0.51% decrease in demand. Low price sensitivity.
22425,ENAMEL COLANDER CREAM,General,-0.5106,Inelastic,0.0003,0.7882,1.8994,False,4.9249,4.25,5.17,0.0279,9.58,291,A 1% price increase leads to a 0.51% decrease in demand. Low price sensitivity.
51014A,"FEATHER PEN,HOT PINK",General,-0.5076,Inelastic,0.0054,0.1992,0.3946,False,0.5266,0.352,0.85,0.1601,15.4,309,A 1% price increase leads to a 0.51% decrease in demand. Low price sensitivity.
22183,CAKE STAND VICTORIAN FILIGREE MED,General,-0.5038,Inelastic,0.0002,0.9295,5.6676,False,6.7286,6.42,7.07,0.0242,7.62,48,A 1% price increase leads to a 0.5% decrease in demand. Low price sensitivity.
47518F,ICON PLACEMAT POP ART ELVIS,General,-0.4946,Highly Inelastic,0.0047,0.5497,0.8232,False,0.1418,0.12,0.42,0.2328,12.33,79,A 1% price increase leads to a 0.49% decrease in demand. Low price sensitivity.
22062,Unknown,General,-0.4937,Highly Inelastic,0.016,0.1855,0.3705,False,1.4282,0.83,2.95,0.2731,10.05,111,A 1% price increase leads to a 0.49% decrease in demand. Low price sensitivity.
21823,damaged,General,-0.4921,Highly Inelastic,0.0105,0.2197,0.3992,False,0.8475,0.39,1.45,0.2249,13.83,145,A 1% price increase leads to a 0.49% decrease in demand. Low price sensitivity.
84375,SET OF 20 KIDS COOKIE CUTTERS,General,-0.4913,Highly Inelastic,0.0002,0.7127,1.3339,False,2.1264,1.8692,2.4383,0.0274,12.93,716,A 1% price increase leads to a 0.49% decrease in demand. Low price sensitivity.
22504,CABIN BAG VINTAGE RETROSPOT,General,-0.4912,Highly Inelastic,0.0036,0.5783,0.8803,False,27.443,12.75,29.95,0.0904,7.8,89,A 1% price increase leads to a 0.49% decrease in demand. Low price sensitivity.
35646,VINTAGE BEAD PINK EVENING BAG,General,-0.4912,Highly Inelastic,0.0052,0.524,0.7673,False,1.4656,1.25,4.25,0.2235,10.03,80,A 1% price increase leads to a 0.49% decrease in demand. Low price sensitivity.
23112,PARISIENNE CURIO CABINET,General,-0.4907,Highly Inelastic,0.0002,0.8075,2.0115,False,7.4031,6.65,7.79,0.0299,9.61,265,A 1% price increase leads to a 0.49% decrease in demand. Low price sensitivity.
21249,WOODLAND  HEIGHT CHART STICKERS ,General,-0.4881,Highly Inelastic,0.0003,0.8228,2.176,False,2.9053,2.55,3.06,0.0311,9.94,182,A 1% price increase leads to a 0.49% decrease in demand. Low price sensitivity.
21251,DINOSAUR HEIGHT CHART STICKER SET,General,-0.4873,Highly Inelastic,0.0002,0.8964,3.7293,False,2.9453,2.8,3.09,0.0253,6.79,72,A 1% price increase leads to a 0.49% decrease in demand. Low price sensitivity.
84920,Unknown,General,-0.4826,Highly Inelastic,0.0002,0.9123,4.3614,False,3.7599,3.57,3.93,0.026,9.27,64,A 1% price increase leads to a 0.48% decrease in demand. Low price sensitivity.
21088,SET/6 FRUIT SALAD PAPER CUPS,General,-0.4752,Highly Inelastic,0.0063,0.3259,0.4821,False,0.2323,0.19,0.65,0.2613,14.32,156,A 1% price increase leads to a 0.48% decrease in demand. Low price sensitivity.
84832,ZINC WILLIE WINKIE  CANDLE STICK,General,-0.4743,Highly Inelastic,0.0002,0.794,1.8151,False,0.857,0.82,0.9614,0.0269,11.49,407,A 1% price increase leads to a 0.47% decrease in demand. Low price sensitivity.
21742,LARGE ROUND WICKER PLATTER ,General,-0.4742,Highly Inelastic,0.0001,0.8497,2.5001,False,5.9366,5.65,6.25,0.0267,9.5,243,A 1% price increase leads to a 0.47% decrease in demand. Low price sensitivity.
21028,NINJA RABBIT BLACK,General,-0.4733,Highly Inelastic,0.0041,0.599,0.896,False,1.4778,1.06,2.46,0.1315,7.68,69,A 1% price increase leads to a 0.47% decrease in demand. Low price sensitivity.
21391,Unknown,General,-0.4718,Highly Inelastic,0.0079,0.2869,0.4414,False,0.9446,0.75,2.1,0.2166,10.03,146,A 1% price increase leads to a 0.47% decrease in demand. Low price sensitivity.
22844,VINTAGE CREAM DOG FOOD CONTAINER,General,-0.4699,Highly Inelastic,0.0002,0.7591,1.5317,False,8.4725,7.6947,9.16,0.0269,10.78,568,A 1% price increase leads to a 0.47% decrease in demand. Low price sensitivity.
22598,CHRISTMAS MUSICAL ZINC TREE,General,-0.4679,Highly Inelastic,0.0109,0.2242,0.3832,False,0.4907,0.29,1.63,0.2737,10.8,137,A 1% price increase leads to a 0.47% decrease in demand. Low price sensitivity.
22124,SET OF 2 TEA TOWELS PING MICROWAVE,General,-0.467,Highly Inelastic,0.013,0.341,0.487,False,1.998,0.79,2.95,0.1879,10.15,72,A 1% price increase leads to a 0.47% decrease in demand. Low price sensitivity.
21894,Unknown,General,-0.4665,Highly Inelastic,0.001,0.6513,1.0308,False,1.2815,1.22,2.46,0.07,9.02,209,A 1% price increase leads to a 0.47% decrease in demand. Low price sensitivity.
17012B,Unknown,General,-0.462,Highly Inelastic,0.0076,0.5008,0.6821,False,1.2271,0.85,2.55,0.2228,9.82,62,A 1% price increase leads to a 0.46% decrease in demand. Low price sensitivity.
37482P,Damaged,General,-0.4609,Highly Inelastic,0.0367,0.2019,0.3558,False,0.8381,0.39,2.55,0.4742,10.91,46,A 1% price increase leads to a 0.46% decrease in demand. Low price sensitivity.
85116,BLACK CANDELABRA T-LIGHT HOLDER,General,-0.4589,Highly Inelastic,0.0137,0.2342,0.3835,False,1.3338,0.65,2.1,0.2134,10.96,105,A 1% price increase leads to a 0.46% decrease in demand. Low price sensitivity.
21374,MIRRORED WALL ART SKULLS,General,-0.4584,Highly Inelastic,0.007,0.3897,0.5308,False,1.8007,1.25,3.75,0.2097,9.98,108,A 1% price increase leads to a 0.46% decrease in demand. Low price sensitivity.
85061W,Unknown,General,-0.4561,Highly Inelastic,0.0002,0.8498,2.4055,False,0.8496,0.81,0.89,0.0259,10.12,225,A 1% price increase leads to a 0.46% decrease in demand. Low price sensitivity.
22208,WOOD STAMP SET THANK YOU,General,-0.453,Highly Inelastic,0.0027,0.3179,0.453,False,0.9959,0.6925,1.65,0.1289,9.09,366,A 1% price increase leads to a 0.45% decrease in demand. Low price sensitivity.
21064,BOOM BOX SPEAKER BOYS,General,-0.4524,Highly Inelastic,0.0145,0.1777,0.3337,False,4.247,1.25,5.95,0.1895,8.14,127,A 1% price increase leads to a 0.45% decrease in demand. Low price sensitivity.
22626,BLACK KITCHEN SCALES,General,-0.4513,Highly Inelastic,0.0004,0.6877,1.1217,False,8.5463,7.65,16.63,0.0549,9.33,396,A 1% price increase leads to a 0.45% decrease in demand. Low price sensitivity.
85197,Unknown,General,-0.4496,Highly Inelastic,0.0001,0.9377,5.7217,False,2.1052,2.0,2.19,0.0259,7.31,45,A 1% price increase leads to a 0.45% decrease in demand. Low price sensitivity.
37343,damaged,General,-0.4493,Highly Inelastic,0.0464,0.2906,0.4158,False,1.401,0.39,1.65,0.1624,6.69,26,A 1% price increase leads to a 0.45% decrease in demand. Low price sensitivity.
21736,Unknown,General,-0.4492,Highly Inelastic,0.0194,0.5582,0.7529,False,1.5275,0.39,2.1,0.2119,12.65,20,A 1% price increase leads to a 0.45% decrease in demand. Low price sensitivity.
37479B,Unknown,General,-0.4461,Highly Inelastic,0.0428,0.1678,0.3181,False,1.2091,0.39,2.55,0.3656,7.76,46,A 1% price increase leads to a 0.45% decrease in demand. Low price sensitivity.
22479,DAISY GARDEN MARKER,General,-0.4459,Highly Inelastic,0.0001,0.9069,3.8024,False,1.2491,1.19,1.31,0.0236,8.48,95,A 1% price increase leads to a 0.45% decrease in demand. Low price sensitivity.
22192,Unknown,General,-0.4449,Highly Inelastic,0.0001,0.781,1.5993,False,8.4759,7.65,8.9,0.0258,10.38,558,A 1% price increase leads to a 0.44% decrease in demand. Low price sensitivity.
85111,check,General,-0.4446,Highly Inelastic,0.0035,0.5354,0.7151,False,0.3369,0.29,1.25,0.2624,12.61,113,A 1% price increase leads to a 0.44% decrease in demand. Low price sensitivity.
22526,WHEELBARROW FOR CHILDREN ,General,-0.4445,Highly Inelastic,0.0001,0.9021,3.6068,False,12.7303,12.11,13.34,0.0259,7.63,120,A 1% price increase leads to a 0.44% decrease in demand. Low price sensitivity.
84508B,Unknown,General,-0.4359,Highly Inelastic,0.0002,0.9187,4.2527,False,2.5389,2.42,2.67,0.0287,9.47,64,A 1% price increase leads to a 0.44% decrease in demand. Low price sensitivity.
16048,TEATIME ROUND PENCIL SHARPENER ,General,-0.4325,Highly Inelastic,0.0048,0.6061,0.8341,False,0.1452,0.12,0.42,0.2629,11.74,58,A 1% price increase leads to a 0.43% decrease in demand. Low price sensitivity.
85036B,check,General,-0.4322,Highly Inelastic,0.0133,0.4115,0.5219,False,2.1715,1.25,4.25,0.2728,8.13,53,A 1% price increase leads to a 0.43% decrease in demand. Low price sensitivity.
23152,Unknown,General,-0.4309,Highly Inelastic,0.0001,0.8397,2.1279,False,3.7481,3.57,3.94,0.0258,9.72,288,A 1% price increase leads to a 0.43% decrease in demand. Low price sensitivity.
23311,VINTAGE CHRISTMAS STOCKING ,General,-0.4305,Highly Inelastic,0.0001,0.7958,1.6631,False,2.5414,2.2125,2.67,0.0269,13.0,493,A 1% price increase leads to a 0.43% decrease in demand. Low price sensitivity.
23299,"FOOD COVER WITH BEADS , SET 2 SIZES",General,-0.4302,Highly Inelastic,0.0002,0.8441,2.1849,False,3.7443,3.437,3.92,0.0268,10.15,232,A 1% price increase leads to a 0.43% decrease in demand. Low price sensitivity.
21208,PASTEL COLOUR HONEYCOMB FAN,General,-0.43,Highly Inelastic,0.0033,0.5512,0.7193,False,0.4531,0.39,1.65,0.2592,10.76,111,A 1% price increase leads to a 0.43% decrease in demand. Low price sensitivity.
15044C,PURPLE PAPER PARASOL,General,-0.429,Highly Inelastic,0.0002,0.8848,2.9557,False,2.9453,2.55,3.08,0.0278,9.06,135,A 1% price increase leads to a 0.43% decrease in demand. Low price sensitivity.
22174,PHOTO CUBE,General,-0.4287,Highly Inelastic,0.0006,0.6494,0.9422,False,1.7075,1.48,3.2037,0.0724,10.67,335,A 1% price increase leads to a 0.43% decrease in demand. Low price sensitivity.
21382,SET/4 SPRING FLOWER DECORATION,General,-0.4274,Highly Inelastic,0.0164,0.0911,0.2516,False,1.5754,0.75,2.95,0.2729,10.42,175,A 1% price increase leads to a 0.43% decrease in demand. Low price sensitivity.
84563B,damaged,General,-0.4267,Highly Inelastic,0.0019,0.7402,1.2807,False,3.2672,2.95,5.95,0.1144,6.41,61,A 1% price increase leads to a 0.43% decrease in demand. Low price sensitivity.
21286,RETROSPOT CANDLE  LARGE,General,-0.4252,Highly Inelastic,0.0073,0.5438,0.6957,False,0.785,0.59,2.55,0.3231,12.85,53,A 1% price increase leads to a 0.43% decrease in demand. Low price sensitivity.
22389,PAPERWEIGHT SAVE THE PLANET,General,-0.4219,Highly Inelastic,0.0188,0.1074,0.2603,False,1.9544,0.39,2.55,0.1783,9.5,139,A 1% price increase leads to a 0.42% decrease in demand. Low price sensitivity.
22862,Unknown,General,-0.4215,Highly Inelastic,0.0002,0.8867,2.9522,False,4.2605,4.04,4.46,0.0273,9.33,120,A 1% price increase leads to a 0.42% decrease in demand. Low price sensitivity.
22638,SET OF 4 NAPKIN CHARMS CROWNS ,General,-0.4185,Highly Inelastic,0.0145,0.2455,0.358,False,1.9162,0.79,2.55,0.1972,9.75,95,A 1% price increase leads to a 0.42% decrease in demand. Low price sensitivity.
21162,TOXIC AREA  DOOR HANGER ,General,-0.4145,Highly Inelastic,0.0109,0.0892,0.243,False,0.6859,0.39,1.45,0.2838,9.55,266,A 1% price increase leads to a 0.41% decrease in demand. Low price sensitivity.
84707A,SILVER JEWELLED MIRROR TRINKET TRAY,General,-0.4144,Highly Inelastic,0.0187,0.4062,0.4932,False,5.0477,1.95,9.95,0.3388,9.56,39,A 1% price increase leads to a 0.41% decrease in demand. Low price sensitivity.
21905,MORE BUTTER METAL SIGN ,General,-0.4141,Highly Inelastic,0.008,0.1943,0.318,False,1.4062,0.79,2.1,0.1913,8.94,211,A 1% price increase leads to a 0.41% decrease in demand. Low price sensitivity.
22196,SMALL HEART MEASURING SPOONS,General,-0.4128,Highly Inelastic,0.0001,0.779,1.47,False,0.8609,0.82,1.07,0.028,12.0,537,A 1% price increase leads to a 0.41% decrease in demand. Low price sensitivity.
23332,IVORY WICKER HEART LARGE,General,-0.4128,Highly Inelastic,0.0001,0.8012,1.6388,False,1.6455,1.5167,1.73,0.0275,11.91,436,A 1% price increase leads to a 0.41% decrease in demand. Low price sensitivity.
23415,HOME SWEET HOME HOOK,General,-0.411,Highly Inelastic,0.0083,0.2579,0.3619,False,1.1972,0.39,1.65,0.1658,9.57,156,A 1% price increase leads to a 0.41% decrease in demand. Low price sensitivity.
23504,PLAYING CARDS JUBILEE UNION JACK,General,-0.4059,Highly Inelastic,0.0002,0.8167,1.7504,False,1.2486,1.19,1.31,0.0272,10.27,360,A 1% price increase leads to a 0.41% decrease in demand. Low price sensitivity.
22639,SET OF 4 NAPKIN CHARMS HEARTS,General,-0.4034,Highly Inelastic,0.0042,0.2588,0.3565,False,2.3321,0.79,2.55,0.0956,8.8,306,A 1% price increase leads to a 0.4% decrease in demand. Low price sensitivity.
22733,3D TRADITIONAL CHRISTMAS STICKERS,General,-0.4018,Highly Inelastic,0.0002,0.7998,1.5832,False,1.2938,1.23,1.9558,0.0423,11.82,283,A 1% price increase leads to a 0.4% decrease in demand. Low price sensitivity.
21379,CAMPHOR WOOD PORTOBELLO MUSHROOM,General,-0.4002,Highly Inelastic,0.0117,0.4062,0.4784,False,1.0179,0.39,1.25,0.1639,7.8,61,A 1% price increase leads to a 0.4% decrease in demand. Low price sensitivity.
21328,BALLOONS  WRITING SET ,General,-0.3949,Highly Inelastic,0.0002,0.7823,1.4284,False,1.6695,1.59,2.47,0.037,9.44,369,A 1% price increase leads to a 0.39% decrease in demand. Low price sensitivity.
23051,RECYCLED ACAPULCO MAT BLUE,General,-0.3947,Highly Inelastic,0.0001,0.8632,2.2887,False,8.2361,7.5227,8.63,0.0251,10.3,263,A 1% price increase leads to a 0.39% decrease in demand. Low price sensitivity.
84813,SET OF 4 DIAMOND NAPKIN RINGS,General,-0.3925,Highly Inelastic,0.0109,0.3856,0.4495,False,6.7097,2.95,12.75,0.2399,8.15,71,A 1% price increase leads to a 0.39% decrease in demand. Low price sensitivity.
22584,PACK OF 6 PANETTONE GIFT BOXES,General,-0.3871,Highly Inelastic,0.0001,0.8168,1.6697,False,2.577,2.118,3.3533,0.0322,12.26,367,A 1% price increase leads to a 0.39% decrease in demand. Low price sensitivity.
22670,FRENCH WC SIGN BLUE METAL,General,-0.3802,Highly Inelastic,0.0002,0.7442,1.1645,False,1.2605,1.2,2.46,0.0515,10.54,449,A 1% price increase leads to a 0.38% decrease in demand. Low price sensitivity.
85130B,BEADED CRYSTAL HEART GREEN LARGE,General,-0.3769,Highly Inelastic,0.0034,0.6354,0.7913,False,1.0016,0.79,1.65,0.1589,7.96,69,A 1% price increase leads to a 0.38% decrease in demand. Low price sensitivity.
23220,REINDEER HEART DECORATION GOLD,General,-0.3768,Highly Inelastic,0.0003,0.8522,2.0191,False,0.857,0.82,1.23,0.0462,10.45,139,A 1% price increase leads to a 0.38% decrease in demand. Low price sensitivity.
85067,Unknown,General,-0.3745,Highly Inelastic,0.0002,0.951,6.0366,False,18.52,17.66,19.32,0.0294,9.26,27,A 1% price increase leads to a 0.37% decrease in demand. Low price sensitivity.
23128,DOLLCRAFT BOY JEAN-PAUL ,General,-0.373,Highly Inelastic,0.0001,0.8626,2.1525,False,4.9486,4.7,5.2,0.0253,9.29,280,A 1% price increase leads to a 0.37% decrease in demand. Low price sensitivity.
90214R,"LETTER ""R"" BLING KEY RING",General,-0.3706,Highly Inelastic,0.0107,0.7133,0.9868,False,0.608,0.29,1.25,0.3456,10.4,15,A 1% price increase leads to a 0.37% decrease in demand. Low price sensitivity.
21390,FILIGRIS HEART WITH BUTTERFLY,General,-0.3698,Highly Inelastic,0.0001,0.8531,1.996,False,1.2477,1.06,1.31,0.0271,11.1,304,A 1% price increase leads to a 0.37% decrease in demand. Low price sensitivity.
21377,SMALL CAMPHOR WOOD FIELD  MUSHROOM,General,-0.3688,Highly Inelastic,0.0185,0.3457,0.3873,False,1.3098,0.39,1.65,0.2043,8.6,50,A 1% price increase leads to a 0.37% decrease in demand. Low price sensitivity.
22204,MILK PAN BLUE POLKADOT,General,-0.3675,Highly Inelastic,0.0058,0.4575,0.4927,False,2.9312,1.25,3.75,0.1505,7.13,97,A 1% price increase leads to a 0.37% decrease in demand. Low price sensitivity.
23159,Unknown,General,-0.3652,Highly Inelastic,0.0001,0.8395,1.8015,False,2.0774,1.8756,2.18,0.0277,10.56,368,A 1% price increase leads to a 0.37% decrease in demand. Low price sensitivity.
21617,4 LILY  BOTANICAL DINNER CANDLES,General,-0.3612,Highly Inelastic,0.0079,0.2967,0.3448,False,2.7057,1.25,3.75,0.1844,9.63,140,A 1% price increase leads to a 0.36% decrease in demand. Low price sensitivity.
23124,18PC WOODEN CUTLERY SET DISPOSABLE,General,-0.361,Highly Inelastic,0.0001,0.948,5.4974,False,1.2487,1.19,1.31,0.0281,8.54,39,A 1% price increase leads to a 0.36% decrease in demand. Low price sensitivity.
23550,WRAP ALPHABET POSTER  ,General,-0.3581,Highly Inelastic,0.0001,0.9163,3.3994,False,0.4189,0.4,0.44,0.0264,13.77,132,A 1% price increase leads to a 0.36% decrease in demand. Low price sensitivity.
47348A,FUSCHIA VOILE POINTY SHOE DEC,General,-0.3556,Highly Inelastic,0.0097,0.6322,0.7333,False,0.7685,0.39,1.95,0.3527,10.54,26,A 1% price increase leads to a 0.36% decrease in demand. Low price sensitivity.
22964,3 PIECE SPACEBOY COOKIE CUTTER SET,General,-0.3549,Highly Inelastic,0.0002,0.7596,1.1594,False,2.1368,1.86,3.6225,0.0396,11.96,582,A 1% price increase leads to a 0.35% decrease in demand. Low price sensitivity.
21530,DAIRY MAID TOASTRACK,General,-0.3518,Highly Inelastic,0.0065,0.331,0.3607,False,1.17,0.79,2.95,0.3096,10.71,147,A 1% price increase leads to a 0.35% decrease in demand. Low price sensitivity.
21818,check,General,-0.3488,Highly Inelastic,0.0019,0.4718,0.484,False,0.5435,0.39,0.85,0.1404,13.65,273,A 1% price increase leads to a 0.35% decrease in demand. Low price sensitivity.
23417,BATHROOM HOOK,General,-0.3464,Highly Inelastic,0.0116,0.4016,0.4101,False,0.798,0.39,1.65,0.3099,8.7,63,A 1% price increase leads to a 0.35% decrease in demand. Low price sensitivity.
37413,ICON MUG REVOLUTIONARY,General,-0.3463,Highly Inelastic,0.0013,0.6638,0.795,False,0.4208,0.39,1.25,0.1656,11.91,151,A 1% price increase leads to a 0.35% decrease in demand. Low price sensitivity.
84509E,SET OF 4 CAROUSEL PLACEMATS ,General,-0.3429,Highly Inelastic,0.0219,0.5455,0.5559,False,2.2721,0.79,3.75,0.3084,6.32,19,A 1% price increase leads to a 0.34% decrease in demand. Low price sensitivity.
21365,MIRRORED WALL ART STARS,General,-0.3366,Highly Inelastic,0.0038,0.491,0.4872,False,0.9519,0.75,2.95,0.2787,10.93,126,A 1% price increase leads to a 0.34% decrease in demand. Low price sensitivity.
90214C,"LETTER ""C"" BLING KEY RING",General,-0.3354,Highly Inelastic,0.0089,0.5623,0.5739,False,0.6205,0.29,1.25,0.2745,8.18,40,A 1% price increase leads to a 0.34% decrease in demand. Low price sensitivity.
78124,MAGAZINE RACK GEBRA ASSORTED ,General,-0.3348,Highly Inelastic,0.0014,0.8076,1.3663,False,1.5023,1.25,2.75,0.1391,9.05,44,A 1% price increase leads to a 0.33% decrease in demand. Low price sensitivity.
22955,36 FOIL STAR CAKE CASES ,General,-0.3347,Highly Inelastic,0.0017,0.5029,0.4989,False,1.9516,0.79,2.1,0.0813,9.58,273,A 1% price increase leads to a 0.33% decrease in demand. Low price sensitivity.
23289,DOLLY GIRL CHILDRENS BOWL,General,-0.3332,Highly Inelastic,0.0001,0.8658,1.9697,False,1.2483,1.19,1.31,0.0269,10.83,275,A 1% price increase leads to a 0.33% decrease in demand. Low price sensitivity.
35911A,Unknown,General,-0.3311,Highly Inelastic,0.0026,0.7364,0.9775,False,0.9893,0.85,2.1,0.1794,7.2,46,A 1% price increase leads to a 0.33% decrease in demand. Low price sensitivity.
22108,PING! MICROWAVE PLATE,General,-0.3301,Highly Inelastic,0.0063,0.5344,0.5283,False,2.6289,1.25,3.75,0.1597,7.36,64,A 1% price increase leads to a 0.33% decrease in demand. Low price sensitivity.
23691,WRAP KEEP CALM BIRTHDAY,General,-0.3274,Highly Inelastic,0.0001,0.9376,4.1691,False,0.4186,0.4,0.44,0.0256,13.98,99,A 1% price increase leads to a 0.33% decrease in demand. Low price sensitivity.
35607B,thrown away,General,-0.3263,Highly Inelastic,0.0002,0.953,5.4547,False,0.1889,0.18,0.2,0.039,11.05,19,A 1% price increase leads to a 0.33% decrease in demand. Low price sensitivity.
37479P,??,General,-0.3258,Highly Inelastic,0.0129,0.4679,0.4446,False,0.6335,0.39,2.55,0.4968,8.42,43,A 1% price increase leads to a 0.33% decrease in demand. Low price sensitivity.
23115,RED APPLES CHOPPING BOARD   ,General,-0.3245,Highly Inelastic,0.0001,0.9329,3.8446,False,4.9451,4.7,5.19,0.0253,8.02,102,A 1% price increase leads to a 0.32% decrease in demand. Low price sensitivity.
84723,CHERRY BLOSSOM CANVAS ART PICTURE,General,-0.3229,Highly Inelastic,0.0079,0.6936,0.8078,False,3.9286,1.95,7.95,0.2737,5.41,22,A 1% price increase leads to a 0.32% decrease in demand. Low price sensitivity.
20868,SILVER FABRIC MIRROR,General,-0.3215,Highly Inelastic,0.0041,0.5943,0.6007,False,0.6351,0.39,1.25,0.2318,8.77,71,A 1% price increase leads to a 0.32% decrease in demand. Low price sensitivity.
84707B,PINK JEWELLED MIRROR TRINKET TRAY,General,-0.3214,Highly Inelastic,0.01,0.5386,0.5179,False,7.1147,1.95,9.95,0.2195,7.85,40,A 1% price increase leads to a 0.32% decrease in demand. Low price sensitivity.
22678,FRENCH BLUE METAL DOOR SIGN 3,General,-0.3196,Highly Inelastic,0.0003,0.798,1.2478,False,1.2751,1.21,2.46,0.0651,9.47,243,A 1% price increase leads to a 0.32% decrease in demand. Low price sensitivity.
23490,T-LIGHT HOLDER HANGING LOVE BIRD,General,-0.3181,Highly Inelastic,0.0001,0.9059,2.6867,False,3.7739,3.56,3.94,0.0274,9.34,156,A 1% price increase leads to a 0.32% decrease in demand. Low price sensitivity.
84536B,FAIRY CAKES NOTEBOOK A7 SIZE,General,-0.3181,Highly Inelastic,0.0001,0.854,1.7266,False,0.4293,0.41,0.625,0.0407,9.48,229,A 1% price increase leads to a 0.32% decrease in demand. Low price sensitivity.
35001G,HAND OPEN SHAPE GOLD,General,-0.3173,Highly Inelastic,0.0044,0.5761,0.565,False,3.4209,1.25,4.25,0.1518,9.12,73,A 1% price increase leads to a 0.32% decrease in demand. Low price sensitivity.
23457,LARGE PARLOUR FRAME,General,-0.3151,Highly Inelastic,0.0001,0.9498,4.9909,False,4.9517,4.73,5.18,0.0229,8.25,71,A 1% price increase leads to a 0.32% decrease in demand. Low price sensitivity.
21415,CLAM SHELL SMALL ,General,-0.3117,Highly Inelastic,0.0038,0.6285,0.641,False,1.7519,0.79,2.1,0.1413,10.48,64,A 1% price increase leads to a 0.31% decrease in demand. Low price sensitivity.
20765,CHRYSANTHEMUM SKETCHBOOK ,General,-0.3109,Highly Inelastic,0.0005,0.8202,1.3649,False,3.9267,3.72,7.46,0.091,6.63,113,A 1% price increase leads to a 0.31% decrease in demand. Low price sensitivity.
21361,Unknown,General,-0.3016,Highly Inelastic,0.0001,0.919,2.9587,False,12.6629,10.95,13.29,0.0306,8.75,118,A 1% price increase leads to a 0.3% decrease in demand. Low price sensitivity.
23444,Next Day Carriage,General,-0.3007,Highly Inelastic,0.0003,0.8392,1.4796,False,15.4957,14.73,30.0,0.0809,8.73,153,A 1% price increase leads to a 0.3% decrease in demand. Low price sensitivity.
22802,FAUX FUR CHOCOLATE THROW,General,-0.2993,Highly Inelastic,0.0024,0.6291,0.6177,False,16.5606,7.95,19.95,0.127,7.72,101,A 1% price increase leads to a 0.3% decrease in demand. Low price sensitivity.
85093,CANDY SPOT EGG WARMER HARE,General,-0.2957,Highly Inelastic,0.0043,0.5743,0.5241,False,0.7062,0.39,1.25,0.2201,10.91,76,A 1% price increase leads to a 0.3% decrease in demand. Low price sensitivity.
23056,rusty throw away,General,-0.2951,Highly Inelastic,0.0007,0.8285,1.3574,False,7.1091,6.25,12.46,0.1052,9.97,74,A 1% price increase leads to a 0.3% decrease in demand. Low price sensitivity.
21865,Unknown,General,-0.2907,Highly Inelastic,0.0001,0.9027,2.3733,False,2.0836,1.69,2.19,0.0304,7.6,161,A 1% price increase leads to a 0.29% decrease in demand. Low price sensitivity.
22669,RED BABY BUNTING ,General,-0.2889,Highly Inelastic,0.0001,0.8689,1.7493,False,2.9332,2.55,3.08,0.0276,9.77,334,A 1% price increase leads to a 0.29% decrease in demand. Low price sensitivity.
22419,LIPSTICK PEN RED,General,-0.2886,Highly Inelastic,0.0005,0.6924,0.7287,False,0.4433,0.36,0.83,0.0991,12.8,300,A 1% price increase leads to a 0.29% decrease in demand. Low price sensitivity.
22230,JIGSAW TREE WITH WATERING CAN,General,-0.287,Highly Inelastic,0.0037,0.4195,0.3547,False,0.5376,0.29,0.85,0.199,9.89,178,A 1% price increase leads to a 0.29% decrease in demand. Low price sensitivity.
21311,Unknown,General,-0.2855,Highly Inelastic,0.0123,0.2893,0.2678,False,0.6737,0.29,2.1,0.495,10.06,93,A 1% price increase leads to a 0.29% decrease in demand. Low price sensitivity.
21378,SMALL TALL CAMPHOR WOOD TOADSTOOL,General,-0.2823,Highly Inelastic,0.0132,0.3945,0.329,False,1.3019,0.39,1.65,0.1924,8.58,57,A 1% price increase leads to a 0.28% decrease in demand. Low price sensitivity.
85179A,GREEN BITTY LIGHT CHAIN,General,-0.281,Highly Inelastic,0.0093,0.5096,0.4229,False,2.8824,1.25,9.13,0.3929,8.63,49,A 1% price increase leads to a 0.28% decrease in demand. Low price sensitivity.
21584,RETROSPOT SMALL TUBE MATCHES,General,-0.2772,Highly Inelastic,0.0001,0.8954,2.1072,False,1.6538,1.57,1.73,0.0267,9.56,294,A 1% price increase leads to a 0.28% decrease in demand. Low price sensitivity.
21755,LOVE BUILDING BLOCK WORD,General,-0.2743,Highly Inelastic,0.0001,0.8184,1.1942,False,6.0254,5.45,7.492,0.028,12.64,859,A 1% price increase leads to a 0.27% decrease in demand. Low price sensitivity.
22642,SET OF 4 NAPKIN CHARMS STARS   ,General,-0.2739,Highly Inelastic,0.0055,0.4415,0.3546,False,1.9999,0.79,4.96,0.2089,8.39,109,A 1% price increase leads to a 0.27% decrease in demand. Low price sensitivity.
10124A,SPOTS ON RED BOOKCOVER TAPE,General,-0.2718,Highly Inelastic,0.0,0.9773,9.4183,False,0.419,0.4,0.44,0.0301,18.0,21,A 1% price increase leads to a 0.27% decrease in demand. Low price sensitivity.
23305,SET 4 PICNIC CUTLERY BLUEBERRY,General,-0.2684,Highly Inelastic,0.0001,0.9538,4.6016,False,1.9479,1.86,2.04,0.0256,7.28,43,A 1% price increase leads to a 0.27% decrease in demand. Low price sensitivity.
23511,EMBROIDERED RIBBON REEL EMILY ,General,-0.2648,Highly Inelastic,0.0001,0.9134,2.4318,False,2.0768,1.98,2.18,0.027,8.97,184,A 1% price increase leads to a 0.26% decrease in demand. Low price sensitivity.
23367,SET 12 COLOUR PENCILS SPACEBOY ,General,-0.2635,Highly Inelastic,0.0001,0.8795,1.7378,False,0.6497,0.62,0.68,0.0275,12.2,405,A 1% price increase leads to a 0.26% decrease in demand. Low price sensitivity.
21319,adjustment,General,-0.2634,Highly Inelastic,0.0064,0.5722,0.4632,False,0.9194,0.39,1.65,0.2274,7.67,52,A 1% price increase leads to a 0.26% decrease in demand. Low price sensitivity.
22092,BLUE PAISLEY TISSUE BOX,General,-0.2502,Highly Inelastic,0.0023,0.5009,0.3711,False,0.5847,0.39,1.25,0.232,10.54,197,A 1% price increase leads to a 0.25% decrease in demand. Low price sensitivity.
22510,GINGHAM BABUSHKA DOORSTOP,General,-0.2433,Highly Inelastic,0.0048,0.4534,0.3233,False,2.0147,0.79,3.75,0.2701,9.95,120,A 1% price increase leads to a 0.24% decrease in demand. Low price sensitivity.
22959,check,General,-0.2429,Highly Inelastic,0.0,0.9163,2.3086,False,0.4193,0.4,0.44,0.0288,15.97,255,A 1% price increase leads to a 0.24% decrease in demand. Low price sensitivity.
90022,EDWARDIAN DROP EARRINGS JET BLACK,General,-0.2403,Highly Inelastic,0.0,0.9815,10.1703,False,3.7907,3.64,3.93,0.0263,8.8,15,A 1% price increase leads to a 0.24% decrease in demand. Low price sensitivity.
21040,Unknown,General,-0.2398,Highly Inelastic,0.008,0.7515,0.7414,False,1.662,0.79,2.55,0.2839,6.27,15,A 1% price increase leads to a 0.24% decrease in demand. Low price sensitivity.
37444C,Unknown,General,-0.2394,Highly Inelastic,0.0093,0.7029,0.6165,False,2.0836,0.39,2.95,0.2448,9.83,18,A 1% price increase leads to a 0.24% decrease in demand. Low price sensitivity.
71270,PHOTO CLIP LINE,General,-0.2391,Highly Inelastic,0.0003,0.8895,1.7131,False,1.3525,1.25,2.46,0.1148,9.08,59,A 1% price increase leads to a 0.24% decrease in demand. Low price sensitivity.
22891,TEA FOR ONE POLKADOT,General,-0.2365,Highly Inelastic,0.0003,0.8129,0.9984,False,4.4661,4.23,8.29,0.0872,10.07,224,A 1% price increase leads to a 0.24% decrease in demand. Low price sensitivity.
21369,MIRRORED WALL ART SPLODGES,General,-0.2334,Highly Inelastic,0.0016,0.7921,0.8804,False,1.6067,1.25,3.75,0.2163,11.28,46,A 1% price increase leads to a 0.23% decrease in demand. Low price sensitivity.
47471,RAINBOW PEGS PHOTO CLIP STRING,General,-0.2331,Highly Inelastic,0.0009,0.8009,0.921,False,0.7964,0.65,1.46,0.1555,7.59,73,A 1% price increase leads to a 0.23% decrease in demand. Low price sensitivity.
47563A,RETRO LONGBOARD IRONING BOARD COVER,General,-0.23,Highly Inelastic,0.0009,0.7761,0.8062,False,1.4001,1.25,3.75,0.1782,6.74,97,A 1% price increase leads to a 0.23% decrease in demand. Low price sensitivity.
22919,HERB MARKER MINT,General,-0.2264,Highly Inelastic,0.0,0.9022,1.8408,False,0.651,0.62,0.68,0.0269,11.03,397,A 1% price increase leads to a 0.23% decrease in demand. Low price sensitivity.
85232D,Unknown,General,-0.2223,Highly Inelastic,0.0,0.944,3.1589,False,4.9358,4.25,5.17,0.0275,10.25,145,A 1% price increase leads to a 0.22% decrease in demand. Low price sensitivity.
23561,SET OF 6 RIBBONS PARTY,General,-0.218,Highly Inelastic,0.0001,0.9584,4.1564,False,2.8333,2.5371,2.97,0.0331,11.2,44,A 1% price increase leads to a 0.22% decrease in demand. Low price sensitivity.
23578,SNACK TRAY RED GINGHAM,General,-0.2179,Highly Inelastic,0.0,0.9698,5.7042,False,1.9606,1.86,2.05,0.0266,9.06,35,A 1% price increase leads to a 0.22% decrease in demand. Low price sensitivity.
22400,MAGNETS PACK OF 4 HOME SWEET HOME,General,-0.2137,Highly Inelastic,0.002,0.428,0.2693,False,0.6034,0.39,1.25,0.2399,10.54,321,A 1% price increase leads to a 0.21% decrease in demand. Low price sensitivity.
23508,MINI PLAYING CARDS DOLLY GIRL ,General,-0.2105,Highly Inelastic,0.0,0.929,2.3581,False,0.4206,0.4,0.44,0.0273,11.18,221,A 1% price increase leads to a 0.21% decrease in demand. Low price sensitivity.
17091A,found,General,-0.2094,Highly Inelastic,0.0023,0.6716,0.4921,False,0.9424,0.38,1.25,0.1686,7.68,79,A 1% price increase leads to a 0.21% decrease in demand. Low price sensitivity.
84711B,PINK OVAL SHAPE TRINKET BOX,General,-0.2093,Highly Inelastic,0.0,0.9836,10.0005,False,10.0683,9.57,10.44,0.0221,6.44,18,A 1% price increase leads to a 0.21% decrease in demand. Low price sensitivity.
23154,SET OF 4 JAM JAR MAGNETS,General,-0.2084,Highly Inelastic,0.0,0.8999,1.6564,False,2.0728,1.8677,2.17,0.0271,11.35,429,A 1% price increase leads to a 0.21% decrease in demand. Low price sensitivity.
21942,SKULLS DESIGN FLANNEL,General,-0.208,Highly Inelastic,0.0006,0.8539,1.1236,False,0.8015,0.39,0.85,0.078,9.25,55,A 1% price increase leads to a 0.21% decrease in demand. Low price sensitivity.
22786,CUSHION COVER PINK UNION JACK,General,-0.2004,Highly Inelastic,0.0022,0.6393,0.4262,False,5.4692,1.25,5.95,0.1166,8.77,103,A 1% price increase leads to a 0.2% decrease in demand. Low price sensitivity.
22391,PAPERWEIGHT HOME SWEET HOME,General,-0.1974,Highly Inelastic,0.0084,0.4464,0.2577,False,1.447,0.39,2.55,0.3009,7.31,71,A 1% price increase leads to a 0.2% decrease in demand. Low price sensitivity.
23107,WHITE HEARTS WIRE PLANT POT HOLDER,General,-0.1912,Highly Inelastic,0.0015,0.6393,0.4071,False,2.5292,0.79,2.89,0.1124,9.06,147,A 1% price increase leads to a 0.19% decrease in demand. Low price sensitivity.
23369,SET 36 COLOUR PENCILS LOVE LONDON,General,-0.1909,Highly Inelastic,0.0,0.9436,2.6945,False,1.2524,1.19,1.31,0.0263,9.44,181,A 1% price increase leads to a 0.19% decrease in demand. Low price sensitivity.
21784,Unknown,General,-0.1863,Highly Inelastic,0.0,0.9547,3.2718,False,9.9282,9.47,10.44,0.0272,8.65,122,A 1% price increase leads to a 0.19% decrease in demand. Low price sensitivity.
22127,sold in set?,General,-0.1854,Highly Inelastic,0.0,0.9637,4.0558,False,1.2522,1.19,1.31,0.0308,10.34,56,A 1% price increase leads to a 0.19% decrease in demand. Low price sensitivity.
22976,CIRCUS PARADE CHILDRENS EGG CUP ,General,-0.182,Highly Inelastic,0.0,0.9344,2.2073,False,1.2485,1.19,1.31,0.0263,10.64,260,A 1% price increase leads to a 0.18% decrease in demand. Low price sensitivity.
22306,SILVER MUG BONE CHINA TREE OF LIFE,General,-0.1811,Highly Inelastic,0.0003,0.8294,0.8394,False,1.18,1.06,1.95,0.0972,11.44,186,A 1% price increase leads to a 0.18% decrease in demand. Low price sensitivity.
21158,MOODY GIRL DOOR HANGER ,General,-0.1801,Highly Inelastic,0.0021,0.4467,0.2363,False,0.7338,0.39,1.45,0.2674,9.59,276,A 1% price increase leads to a 0.18% decrease in demand. Low price sensitivity.
35648,check,General,-0.1797,Highly Inelastic,0.001,0.756,0.5767,False,1.0307,0.83,2.95,0.2778,10.43,101,A 1% price increase leads to a 0.18% decrease in demand. Low price sensitivity.
22553,PLASTERS IN TIN SKULLS,General,-0.1779,Highly Inelastic,0.0,0.9027,1.4544,False,1.639,1.45,1.72,0.0251,13.62,725,A 1% price increase leads to a 0.18% decrease in demand. Low price sensitivity.
23050,RECYCLED ACAPULCO MAT GREEN,General,-0.1703,Highly Inelastic,0.0,0.9262,1.8372,False,8.2215,7.45,8.65,0.0276,9.36,339,A 1% price increase leads to a 0.17% decrease in demand. Low price sensitivity.
85186C,BUNNY EGG GARLAND,General,-0.1691,Highly Inelastic,0.0,0.9715,4.7208,False,0.4215,0.4,0.44,0.0292,11.76,63,A 1% price increase leads to a 0.17% decrease in demand. Low price sensitivity.
22853,CAT BOWL VINTAGE CREAM,General,-0.1682,Highly Inelastic,0.0,0.9378,2.1535,False,3.2509,2.8125,3.45,0.0281,9.42,233,A 1% price increase leads to a 0.17% decrease in demand. Low price sensitivity.
23435,3 RAFFIA RIBBONS VINTAGE CHRISTMAS,General,-0.1643,Highly Inelastic,0.0005,0.8124,0.6904,False,0.9505,0.79,2.08,0.1732,9.44,109,A 1% price increase leads to a 0.16% decrease in demand. Low price sensitivity.
21370,MIRRORED WALL ART FOXY,General,-0.1633,Highly Inelastic,0.0026,0.7932,0.6167,False,4.8334,1.65,12.46,0.3531,10.31,29,A 1% price increase leads to a 0.16% decrease in demand. Low price sensitivity.
22067,CHOC TRUFFLE GOLD TRINKET POT ,General,-0.1629,Highly Inelastic,0.0019,0.6617,0.3712,False,1.4035,0.39,1.65,0.1434,8.85,103,A 1% price increase leads to a 0.16% decrease in demand. Low price sensitivity.
22049,damaged,General,-0.1567,Highly Inelastic,0.0005,0.8553,0.8561,False,0.2703,0.19,0.42,0.159,13.69,70,A 1% price increase leads to a 0.16% decrease in demand. Low price sensitivity.
21418,STARFISH SOAP DISH,General,-0.1532,Highly Inelastic,0.0018,0.8291,0.7026,False,1.6818,0.79,2.55,0.2479,10.5,28,A 1% price increase leads to a 0.15% decrease in demand. Low price sensitivity.
84031B,CHARLIE LOLA BLUE HOT WATER BOTTLE ,General,-0.1513,Highly Inelastic,0.0012,0.6984,0.3897,False,3.7176,1.25,4.65,0.1487,7.95,128,A 1% price increase leads to a 0.15% decrease in demand. Low price sensitivity.
85032D,damaged,General,-0.1497,Highly Inelastic,0.001,0.7052,0.3951,False,1.0059,0.65,2.1,0.243,9.25,141,A 1% price increase leads to a 0.15% decrease in demand. Low price sensitivity.
84531B,returned,General,-0.1484,Highly Inelastic,0.0022,0.6794,0.3578,False,0.7231,0.39,1.95,0.3104,9.23,79,A 1% price increase leads to a 0.15% decrease in demand. Low price sensitivity.
22195,LARGE HEART MEASURING SPOONS,General,-0.1462,Highly Inelastic,0.0,0.8773,0.9463,False,1.7003,1.5165,3.29,0.054,11.23,519,A 1% price increase leads to a 0.15% decrease in demand. Low price sensitivity.
21688,mixed up,General,-0.1448,Highly Inelastic,0.0,0.961,2.9504,False,2.9572,2.81,3.1,0.0279,9.2,92,A 1% price increase leads to a 0.14% decrease in demand. Low price sensitivity.
23054,RECYCLED ACAPULCO MAT LAVENDER,General,-0.1446,Highly Inelastic,0.0,0.9466,2.1562,False,8.227,7.45,8.64,0.0267,8.1,223,A 1% price increase leads to a 0.14% decrease in demand. Low price sensitivity.
22342,HOME GARLAND PAINTED ZINC ,General,-0.1438,Highly Inelastic,0.0005,0.7762,0.5049,False,0.9748,0.75,1.65,0.1605,10.05,151,A 1% price increase leads to a 0.14% decrease in demand. Low price sensitivity.
21991,BOHEMIAN COLLAGE STATIONERY SET,General,-0.141,Highly Inelastic,0.0004,0.7889,0.5262,False,1.533,1.25,2.95,0.16,8.35,189,A 1% price increase leads to a 0.14% decrease in demand. Low price sensitivity.
21989,PACK OF 20 SKULL PAPER NAPKINS,General,-0.1376,Highly Inelastic,0.0,0.9397,1.8169,False,0.85,0.7276,0.89,0.0277,10.76,383,A 1% price increase leads to a 0.14% decrease in demand. Low price sensitivity.
79337,Unknown,General,-0.1373,Highly Inelastic,0.0012,0.8364,0.6601,False,0.5923,0.38,1.65,0.323,11.18,38,A 1% price increase leads to a 0.14% decrease in demand. Low price sensitivity.
22116,METAL SIGN HIS DINNER IS SERVED,General,-0.1322,Highly Inelastic,0.0011,0.6529,0.2935,False,1.3771,0.79,2.95,0.2743,9.54,190,A 1% price increase leads to a 0.13% decrease in demand. Low price sensitivity.
84865,damaged,General,-0.1297,Highly Inelastic,0.0006,0.8568,0.7153,False,7.0939,2.95,8.5,0.1352,7.11,54,A 1% price increase leads to a 0.13% decrease in demand. Low price sensitivity.
20846,ZINC HEART LATTICE T-LIGHT HOLDER,General,-0.1267,Highly Inelastic,0.0,0.9572,2.3566,False,1.3017,1.24,1.492,0.0351,8.23,109,A 1% price increase leads to a 0.13% decrease in demand. Low price sensitivity.
84754,Unknown,General,-0.1251,Highly Inelastic,0.0,0.9697,3.283,False,1.2385,1.06,1.3,0.0313,10.58,86,A 1% price increase leads to a 0.13% decrease in demand. Low price sensitivity.
20670,VIP HOLIDAY PURSE,General,-0.1167,Highly Inelastic,0.0002,0.9531,1.9615,False,3.9383,2.95,5.79,0.1278,8.22,23,A 1% price increase leads to a 0.12% decrease in demand. Low price sensitivity.
23141,TRIPLE WIRE HOOK PINK HEART,General,-0.115,Highly Inelastic,0.0014,0.7825,0.4145,False,3.145,0.79,4.15,0.2066,8.28,58,A 1% price increase leads to a 0.12% decrease in demand. Low price sensitivity.
23139,SINGLE WIRE HOOK PINK HEART,General,-0.1149,Highly Inelastic,0.0006,0.8533,0.6185,False,1.1211,0.39,1.45,0.1506,13.17,64,A 1% price increase leads to a 0.11% decrease in demand. Low price sensitivity.
85049E,SCANDINAVIAN REDS RIBBONS,General,-0.1145,Highly Inelastic,0.0,0.9135,1.0533,False,1.2826,1.0736,2.46,0.0483,12.99,574,A 1% price increase leads to a 0.11% decrease in demand. Low price sensitivity.
21793,check,General,-0.1134,Highly Inelastic,0.0001,0.9268,1.2318,False,4.1691,3.95,6.75,0.0759,8.92,120,A 1% price increase leads to a 0.11% decrease in demand. Low price sensitivity.
21888,Amazon,General,-0.1106,Highly Inelastic,0.0,0.9465,1.6486,False,3.8045,3.39,4.492,0.0293,11.05,443,A 1% price increase leads to a 0.11% decrease in demand. Low price sensitivity.
84625C,Unknown,General,-0.1062,Highly Inelastic,0.0007,0.816,0.4548,False,1.7023,0.85,2.95,0.2229,10.47,76,A 1% price increase leads to a 0.11% decrease in demand. Low price sensitivity.
21990,MODERN FLORAL STATIONERY SET,General,-0.1021,Highly Inelastic,0.0002,0.8003,0.4034,False,1.5493,1.25,2.95,0.1634,8.62,282,A 1% price increase leads to a 0.1% decrease in demand. Low price sensitivity.
85130D,BEADED CRYSTAL HEART PINK LARGE,General,-0.1003,Highly Inelastic,0.0003,0.8664,0.5947,False,1.0756,0.79,1.65,0.1807,10.37,94,A 1% price increase leads to a 0.1% decrease in demand. Low price sensitivity.
84663A,Unknown,General,-0.0992,Highly Inelastic,0.0017,0.7575,0.3196,False,2.0215,0.79,5.95,0.4391,9.31,58,A 1% price increase leads to a 0.1% decrease in demand. Low price sensitivity.
22286,check,General,-0.0963,Highly Inelastic,0.0009,0.7069,0.2555,False,1.2025,0.39,1.65,0.1941,10.27,161,A 1% price increase leads to a 0.1% decrease in demand. Low price sensitivity.
84629,Unknown,General,-0.0956,Highly Inelastic,0.0007,0.9038,0.7818,False,8.4563,4.95,21.95,0.3664,6.75,24,A 1% price increase leads to a 0.1% decrease in demand. Low price sensitivity.
85027L,Unknown,General,-0.092,Highly Inelastic,0.0004,0.9109,0.815,False,2.9293,1.95,7.95,0.3313,8.52,33,A 1% price increase leads to a 0.09% decrease in demand. Low price sensitivity.
21294,Unknown,General,-0.0919,Highly Inelastic,0.0003,0.835,0.4405,False,0.5109,0.39,1.25,0.2544,13.27,151,A 1% price increase leads to a 0.09% decrease in demand. Low price sensitivity.
21096,SET/6 FRUIT SALAD  PAPER PLATES,General,-0.0897,Highly Inelastic,0.0001,0.9088,0.7814,False,0.4364,0.39,0.85,0.1469,13.58,141,A 1% price increase leads to a 0.09% decrease in demand. Low price sensitivity.
22193,RED DINER WALL CLOCK,General,-0.0874,Highly Inelastic,0.0,0.9455,1.2787,False,8.543,7.65,9.5162,0.0274,11.4,727,A 1% price increase leads to a 0.09% decrease in demand. Low price sensitivity.
22933,BAKING MOULD EASTER EGG MILK CHOC,General,-0.0827,Highly Inelastic,0.0,0.9764,2.7933,False,2.9554,2.81,3.1,0.0265,7.9,157,A 1% price increase leads to a 0.08% decrease in demand. Low price sensitivity.
22938,CUPCAKE LACE PAPER SET 6,General,-0.0799,Highly Inelastic,0.0,0.9624,1.6955,False,1.9421,1.65,2.04,0.0273,11.11,396,A 1% price increase leads to a 0.08% decrease in demand. Low price sensitivity.
21329,DINOSAURS  WRITING SET ,General,-0.0798,Highly Inelastic,0.0,0.9474,1.2072,False,1.6842,1.6,3.29,0.0648,9.46,264,A 1% price increase leads to a 0.08% decrease in demand. Low price sensitivity.
20780,BLACK EAR MUFF HEADPHONES,General,-0.0738,Highly Inelastic,0.0,0.9598,1.459,False,5.9068,4.65,10.79,0.1126,7.92,65,A 1% price increase leads to a 0.07% decrease in demand. Low price sensitivity.
20772,GARDEN PATH JOURNAL,General,-0.072,Highly Inelastic,0.0,0.9723,2.0683,False,2.7119,2.55,3.755,0.0563,8.31,80,A 1% price increase leads to a 0.07% decrease in demand. Low price sensitivity.
47503H,found,General,-0.0548,Highly Inelastic,0.0001,0.9172,0.526,False,1.336,0.79,1.95,0.1922,8.16,89,A 1% price increase leads to a 0.05% decrease in demand. Low price sensitivity.
22232,JIGSAW TOADSTOOLS 3 PIECE,General,-0.0511,Highly Inelastic,0.0001,0.9113,0.4582,False,0.7888,0.59,1.65,0.2162,12.51,158,A 1% price increase leads to a 0.05% decrease in demand. Low price sensitivity.
46118,FUNKY MONKEY CUSHION COVER,General,-0.0473,Highly Inelastic,0.0,0.9929,5.2417,False,0.8469,0.81,0.89,0.0282,8.09,32,A 1% price increase leads to a 0.05% decrease in demand. Low price sensitivity.
21948,SET OF 6 CAKE CHOPSTICKS,General,-0.0459,Highly Inelastic,0.0,0.9629,0.9851,False,1.3841,1.25,2.46,0.1145,9.05,110,A 1% price increase leads to a 0.05% decrease in demand. Low price sensitivity.
23183,MOTHER'S KITCHEN SPOON REST ,General,-0.0429,Highly Inelastic,0.0,0.9661,1.0064,False,3.9948,3.29,7.46,0.1059,8.72,153,A 1% price increase leads to a 0.04% decrease in demand. Low price sensitivity.
22287,DECORATION WOBBLY CHICKEN,General,-0.0383,Highly Inelastic,0.0001,0.9016,0.3086,False,1.2596,0.39,1.65,0.1902,10.09,109,A 1% price increase leads to a 0.04% decrease in demand. Low price sensitivity.
84536A,ENGLISH ROSE NOTEBOOK A7 SIZE,General,-0.0382,Highly Inelastic,0.0,0.9829,1.7818,False,0.4227,0.4,0.44,0.0255,11.9,442,A 1% price increase leads to a 0.04% decrease in demand. Low price sensitivity.
23033,DRAWER KNOB CERAMIC RED,General,-0.0369,Highly Inelastic,0.0,0.9921,3.6937,False,1.4512,1.38,1.52,0.0273,10.46,94,A 1% price increase leads to a 0.04% decrease in demand. Low price sensitivity.
22641,SET OF 4 NAPKIN CHARMS INSTRUMENT,General,-0.0368,Highly Inelastic,0.0,0.9651,0.8372,False,2.3895,0.79,2.55,0.0949,6.57,61,A 1% price increase leads to a 0.04% decrease in demand. Low price sensitivity.
23434,3 RAFFIA RIBBONS 50'S CHRISTMAS ,General,-0.0363,Highly Inelastic,0.0,0.9606,0.7344,False,0.852,0.79,2.08,0.1458,11.85,209,A 1% price increase leads to a 0.04% decrease in demand. Low price sensitivity.
85130C,BEADED CRYSTAL HEART BLUE  LARGE,General,-0.0277,Highly Inelastic,0.0,0.9729,0.8146,False,0.9474,0.79,1.65,0.1462,9.29,99,A 1% price increase leads to a 0.03% decrease in demand. Low price sensitivity.
20796,SMALL BLUE PROVENCAL CERAMIC BALL,General,-0.0261,Highly Inelastic,0.0,0.996,5.1637,False,1.6432,1.57,1.73,0.0277,7.04,25,A 1% price increase leads to a 0.03% decrease in demand. Low price sensitivity.
21038,Unknown,General,-0.0255,Highly Inelastic,0.0,0.9657,0.5913,False,1.2355,0.79,2.95,0.2815,8.82,60,A 1% price increase leads to a 0.03% decrease in demand. Low price sensitivity.
84875D,found,General,-0.0239,Highly Inelastic,0.0,0.9975,7.5858,False,1.2448,1.19,1.3,0.0244,6.88,25,A 1% price increase leads to a 0.02% decrease in demand. Low price sensitivity.
35923,check,General,-0.0231,Highly Inelastic,0.0,0.9697,0.6067,False,0.5727,0.39,1.25,0.2421,15.23,75,A 1% price increase leads to a 0.02% decrease in demand. Low price sensitivity.
21371,MIRRORED WALL ART POPPIES,General,-0.0226,Highly Inelastic,0.0,0.9632,0.4888,False,1.0728,0.75,2.55,0.2806,10.93,89,A 1% price increase leads to a 0.02% decrease in demand. Low price sensitivity.
21159,damaged,General,-0.0226,Highly Inelastic,0.0,0.9259,0.2427,False,0.8131,0.39,1.45,0.2502,8.81,236,A 1% price increase leads to a 0.02% decrease in demand. Low price sensitivity.
22513,DOORSTOP FOOTBALL DESIGN,General,-0.013,Highly Inelastic,0.0,0.9615,0.2692,False,2.9137,0.79,7.46,0.2284,8.09,137,A 1% price increase leads to a 0.01% decrease in demand. Low price sensitivity.
22026,BANQUET BIRTHDAY  CARD  ,General,-0.0113,Highly Inelastic,0.0,0.9955,2.0241,False,0.4178,0.36,0.44,0.0283,10.09,206,A 1% price increase leads to a 0.01% decrease in demand. Low price sensitivity.
22689,Unknown,General,-0.0108,Highly Inelastic,0.0,0.9927,1.1732,False,8.6215,7.4143,16.63,0.0817,9.56,164,A 1% price increase leads to a 0.01% decrease in demand. Low price sensitivity.
22737,RIBBON REEL CHRISTMAS PRESENT ,General,-0.0094,Highly Inelastic,0.0,0.9936,1.1649,False,1.7034,1.62,2.88,0.0471,10.61,394,A 1% price increase leads to a 0.01% decrease in demand. Low price sensitivity.
22588,Unknown,General,-0.0026,Highly Inelastic,0.0,0.9979,0.9911,False,2.9243,2.55,5.79,0.0723,8.94,250,A 1% price increase leads to a 0.0% decrease in demand. Low price sensitivity.
M,Manual,General,-0.0011,Highly Inelastic,0.0,0.9732,0.0324,False,134.9826,0.19,2500.0,1.1665,13.8,471,A 1% price increase leads to a 0.0% decrease in demand. Low price sensitivity.
82551,Unknown,General,0.0005,Positive,0.0,0.9996,1.0937,False,1.4695,1.3167,2.46,0.0434,10.58,513,Unknown: demand increases with price — possible luxury/prestige effect.
23418,LAVENDER TOILETTE BOTTLE,General,0.0008,Positive,0.0,0.9998,3.4555,False,2.0842,1.98,2.18,0.0267,10.38,103,LAVENDER TOILETTE BOTTLE: demand increases with price — possible luxury/prestige effect.
22233,JIGSAW RABBIT AND BIRDHOUSE,General,0.0033,Positive,0.0,0.9919,0.3269,False,1.0811,0.59,1.65,0.1862,9.26,204,JIGSAW RABBIT AND BIRDHOUSE: demand increases with price — possible luxury/prestige effect.
22219,???lost,General,0.005,Positive,0.0,0.9974,1.5059,False,0.8496,0.7359,1.045,0.029,13.11,545,???lost: demand increases with price — possible luxury/prestige effect.
37447,CERAMIC CAKE DESIGN SPOTTED PLATE,General,0.0078,Positive,0.0,0.9972,2.2097,False,1.4805,1.33,1.56,0.0285,9.5,197,CERAMIC CAKE DESIGN SPOTTED PLATE: demand increases with price — possible luxury/prestige effect.
22655,damages/showroom etc,General,0.0123,Positive,0.0,0.9855,0.678,False,157.1323,125.0,295.0,0.1867,6.27,83,damages/showroom etc: demand increases with price — possible luxury/prestige effect.
72807A,AMAZON,General,0.0172,Positive,0.0,0.9957,3.1678,False,4.248,4.05,4.46,0.0252,9.14,120,AMAZON: demand increases with price — possible luxury/prestige effect.
23106,ZINC PLANT POT HOLDER,General,0.0186,Positive,0.0,0.9631,0.4026,False,2.4862,0.79,2.89,0.1281,8.86,115,ZINC PLANT POT HOLDER: demand increases with price — possible luxury/prestige effect.
84877D,Unknown,General,0.0201,Positive,0.0,0.9799,0.7937,False,2.076,1.25,3.75,0.2596,7.87,30,Unknown: demand increases with price — possible luxury/prestige effect.
84971S,SMALL HEART FLOWERS HOOK ,General,0.0219,Positive,0.0,0.9704,0.591,False,0.8246,0.39,1.63,0.0952,11.22,250,SMALL HEART FLOWERS HOOK : demand increases with price — possible luxury/prestige effect.
22826,LOVE SEAT ANTIQUE WHITE METAL,General,0.0358,Positive,0.0,0.9576,0.6723,False,120.7529,85.0,195.0,0.1743,8.55,101,LOVE SEAT ANTIQUE WHITE METAL: demand increases with price — possible luxury/prestige effect.
23533,WALL ART GARDEN HAVEN ,General,0.0391,Positive,0.0,0.943,0.5451,False,4.695,1.95,5.95,0.1401,10.82,110,WALL ART GARDEN HAVEN : demand increases with price — possible luxury/prestige effect.
90058B,CRYSTAL STUD EARRINGS ASSORTED COL ,General,0.0395,Positive,0.0,0.9949,6.173,False,0.3795,0.36,0.4,0.0282,12.27,41,CRYSTAL STUD EARRINGS ASSORTED COL : demand increases with price — possible luxury/prestige effect.
84673B,BLUE FLY SWAT,General,0.0397,Positive,0.0,0.96,0.7889,False,0.8243,0.65,1.63,0.209,9.54,81,BLUE FLY SWAT: demand increases with price — possible luxury/prestige effect.
22077,6 RIBBONS RUSTIC CHARM,General,0.0397,Positive,0.0,0.9589,0.7708,False,1.7678,1.4554,3.29,0.0476,16.86,935,6 RIBBONS RUSTIC CHARM: demand increases with price — possible luxury/prestige effect.
84849A,HELLO SAILOR BLUE SOAP HOLDER,General,0.0416,Positive,0.0,0.9917,3.9948,False,1.6837,1.61,1.77,0.0249,6.37,75,HELLO SAILOR BLUE SOAP HOLDER: demand increases with price — possible luxury/prestige effect.
22903,CALENDAR FAMILY FAVOURITES,General,0.044,Positive,0.0,0.9695,1.1458,False,2.726,1.25,2.95,0.0804,8.27,66,CALENDAR FAMILY FAVOURITES: demand increases with price — possible luxury/prestige effect.
84906,PINK BUTTERFLY CUSHION COVER,General,0.0443,Positive,0.0001,0.9633,0.949,False,4.5855,1.95,5.95,0.1655,7.8,20,PINK BUTTERFLY CUSHION COVER: demand increases with price — possible luxury/prestige effect.
37444A,Unknown,General,0.0456,Positive,0.0005,0.8862,0.3168,False,1.3504,0.39,2.95,0.3919,7.78,45,Unknown: demand increases with price — possible luxury/prestige effect.
37500,TEA TIME TEAPOT IN GIFT BOX,General,0.0468,Positive,0.0,0.9359,0.5805,False,6.1672,4.95,9.95,0.1361,8.84,196,TEA TIME TEAPOT IN GIFT BOX: demand increases with price — possible luxury/prestige effect.
23126,DOLLCRAFT GIRL AMELIE,General,0.053,Positive,0.0,0.9734,1.5869,False,4.9848,4.75,5.2744,0.0262,9.92,500,DOLLCRAFT GIRL AMELIE: demand increases with price — possible luxury/prestige effect.
22081,RIBBON REEL FLORA + FAUNA ,General,0.0532,Positive,0.0,0.9751,1.7057,False,1.7535,1.65,2.3789,0.0456,8.19,149,RIBBON REEL FLORA + FAUNA : demand increases with price — possible luxury/prestige effect.
22210,WOOD STAMP SET BEST WISHES,General,0.0561,Positive,0.0,0.9272,0.6132,False,0.9242,0.78,1.65,0.1238,9.77,279,WOOD STAMP SET BEST WISHES: demand increases with price — possible luxury/prestige effect.
85094,CANDY SPOT EGG WARMER RABBIT,General,0.0571,Positive,0.0002,0.9231,0.5894,False,0.2906,0.19,1.25,0.4741,11.17,54,CANDY SPOT EGG WARMER RABBIT: demand increases with price — possible luxury/prestige effect.
22329,ROUND CONTAINER SET OF 5 RETROSPOT,General,0.0592,Positive,0.0,0.9781,2.1555,False,1.6449,1.45,1.72,0.0272,10.04,292,ROUND CONTAINER SET OF 5 RETROSPOT: demand increases with price — possible luxury/prestige effect.
85071D,CHARLIE+LOLA MY ROOM DOOR SIGN,General,0.0612,Positive,0.0006,0.7795,0.2182,False,0.9646,0.39,2.55,0.4202,8.04,141,CHARLIE+LOLA MY ROOM DOOR SIGN: demand increases with price — possible luxury/prestige effect.
21622,damages,General,0.0647,Positive,0.0,0.9753,2.0866,False,4.9273,4.35,5.18,0.0285,8.2,225,damages: demand increases with price — possible luxury/prestige effect.
23180,MUM'S KITCHEN CLOCK,General,0.0685,Positive,0.0002,0.9192,0.6725,False,4.4942,1.65,4.95,0.1181,8.76,70,MUM'S KITCHEN CLOCK: demand increases with price — possible luxury/prestige effect.
23190,BUNDLE OF 3 SCHOOL EXERCISE BOOKS  ,General,0.0691,Positive,0.0,0.9729,2.0312,False,1.6652,1.45,1.75,0.0285,11.48,271,BUNDLE OF 3 SCHOOL EXERCISE BOOKS  : demand increases with price — possible luxury/prestige effect.
21503,Unknown,General,0.0762,Positive,0.0,0.9879,5.0173,False,0.4195,0.4,0.44,0.0253,11.85,55,Unknown: demand increases with price — possible luxury/prestige effect.
22679,FRENCH BLUE METAL DOOR SIGN 4,General,0.0762,Positive,0.0,0.9786,2.8375,False,1.2462,1.19,1.31,0.0259,10.09,177,FRENCH BLUE METAL DOOR SIGN 4: demand increases with price — possible luxury/prestige effect.
21220,SET/4 BADGES DOGS,General,0.0873,Positive,0.0,0.9552,1.5507,False,1.327,1.25,2.218,0.0786,9.92,93,SET/4 BADGES DOGS: demand increases with price — possible luxury/prestige effect.
21381,MINI WOODEN HAPPY BIRTHDAY GARLAND,General,0.0906,Positive,0.0,0.9658,2.1101,False,1.6805,1.45,1.77,0.0276,13.03,328,MINI WOODEN HAPPY BIRTHDAY GARLAND: demand increases with price — possible luxury/prestige effect.
85214,Unknown,General,0.0962,Positive,0.0,0.9788,3.6219,False,1.6486,1.57,1.73,0.026,8.24,127,Unknown: demand increases with price — possible luxury/prestige effect.
22313,OFFICE MUG WARMER PINK,General,0.1115,Positive,0.0003,0.8452,0.5699,False,2.5901,1.25,2.95,0.111,8.13,122,OFFICE MUG WARMER PINK: demand increases with price — possible luxury/prestige effect.
23240,SET OF 4 KNICK KNACK TINS  DOILEY ,General,0.1116,Positive,0.0,0.9369,1.4104,False,4.1318,3.7598,4.35,0.0261,12.63,676,SET OF 4 KNICK KNACK TINS  DOILEY : demand increases with price — possible luxury/prestige effect.
23455,SMALL PARLOUR FRAME,General,0.1159,Positive,0.0,0.982,5.1222,False,2.875,2.75,3.02,0.0247,8.81,54,SMALL PARLOUR FRAME: demand increases with price — possible luxury/prestige effect.
21470,FLOWER VINE RAFFIA FOOD COVER,General,0.1168,Positive,0.0,0.9528,1.9728,False,3.7443,3.56,3.94,0.0265,8.71,300,FLOWER VINE RAFFIA FOOD COVER: demand increases with price — possible luxury/prestige effect.
23681,LUNCH BAG RED VINTAGE DOILY,General,0.1244,Positive,0.0,0.9576,2.3344,False,1.6446,1.4874,1.73,0.0301,11.24,191,LUNCH BAG RED VINTAGE DOILY: demand increases with price — possible luxury/prestige effect.
71053,WHITE MOROCCAN METAL LANTERN,General,0.1345,Positive,0.0,0.9197,1.3338,False,3.7539,3.39,5.2633,0.0328,10.84,491,WHITE MOROCCAN METAL LANTERN: demand increases with price — possible luxury/prestige effect.
21270,ANTIQUE CREAM CUTLERY CUPBOARD,General,0.1464,Positive,0.0,0.9844,7.4045,False,12.7552,12.18,13.39,0.0293,7.74,23,ANTIQUE CREAM CUTLERY CUPBOARD: demand increases with price — possible luxury/prestige effect.
21867,PINK UNION JACK  LUGGAGE TAG,General,0.1471,Positive,0.0,0.9279,1.6233,False,1.2816,1.22,1.976,0.0485,9.51,188,PINK UNION JACK  LUGGAGE TAG: demand increases with price — possible luxury/prestige effect.
23178,JAM CLOCK MAGNET,General,0.1494,Positive,0.0004,0.8042,0.6016,False,2.6575,1.25,2.89,0.0836,7.88,157,JAM CLOCK MAGNET: demand increases with price — possible luxury/prestige effect.
84531A,returned,General,0.1546,Positive,0.0016,0.7541,0.4911,False,0.6293,0.39,1.95,0.2994,9.35,62,returned: demand increases with price — possible luxury/prestige effect.
21261,GREEN GOOSE FEATHER CHRISTMAS TREE ,General,0.1562,Positive,0.0016,0.7811,0.5591,False,4.3318,2.95,16.95,0.4388,8.96,50,GREEN GOOSE FEATHER CHRISTMAS TREE : demand increases with price — possible luxury/prestige effect.
23497,CLASSIC CROME BICYCLE BELL ,General,0.1571,Positive,0.0,0.9385,2.0361,False,1.4376,1.2864,1.51,0.0275,14.19,336,CLASSIC CROME BICYCLE BELL : demand increases with price — possible luxury/prestige effect.
17012F,check,General,0.1715,Positive,0.0005,0.8525,0.9189,False,0.975,0.85,2.55,0.1994,8.31,72,check: demand increases with price — possible luxury/prestige effect.
22134,MINI LADLE LOVE HEART RED ,General,0.1818,Positive,0.0,0.9409,2.4481,False,0.4346,0.36,0.5225,0.0394,11.56,113,MINI LADLE LOVE HEART RED : demand increases with price — possible luxury/prestige effect.
21758,Unknown,General,0.1886,Positive,0.0,0.9817,8.1212,False,6.4635,6.15,6.76,0.0277,7.04,26,Unknown: demand increases with price — possible luxury/prestige effect.
21801,Unknown,General,0.1909,Positive,0.0,0.9712,5.2525,False,0.4173,0.4,0.44,0.0285,16.17,46,Unknown: demand increases with price — possible luxury/prestige effect.
23320,GIANT 50'S CHRISTMAS CRACKER,General,0.1941,Positive,0.0003,0.6891,0.4849,False,2.3862,1.25,2.89,0.0798,13.43,522,GIANT 50'S CHRISTMAS CRACKER: demand increases with price — possible luxury/prestige effect.
22307,GOLD MUG BONE CHINA TREE OF LIFE,General,0.1981,Positive,0.0003,0.839,0.9732,False,1.2468,1.06,1.95,0.0974,10.89,126,GOLD MUG BONE CHINA TREE OF LIFE: demand increases with price — possible luxury/prestige effect.
21171,Unknown,General,0.207,Positive,0.0,0.9435,2.9151,False,1.4456,1.25,1.51,0.0268,9.01,163,Unknown: demand increases with price — possible luxury/prestige effect.
85071C,"CHARLIE+LOLA""EXTREMELY BUSY"" SIGN",General,0.2106,Positive,0.0052,0.3669,0.2328,False,0.9162,0.39,4.96,0.5179,11.11,158,"CHARLIE+LOLA""EXTREMELY BUSY"" SIGN: demand increases with price — possible luxury/prestige effect."
21272,Unknown,General,0.2112,Positive,0.0001,0.9257,2.2615,False,1.2526,1.06,1.48,0.0331,8.97,150,Unknown: demand increases with price — possible luxury/prestige effect.
22930,BAKING MOULD HEART MILK CHOCOLATE,General,0.2158,Positive,0.0,0.9145,2.0094,False,2.5348,2.118,2.66,0.027,9.59,289,BAKING MOULD HEART MILK CHOCOLATE: demand increases with price — possible luxury/prestige effect.
21062,PARTY INVITES SPACEMAN,General,0.2226,Positive,0.0,0.946,3.2768,False,0.8512,0.81,0.89,0.0252,9.29,119,PARTY INVITES SPACEMAN: demand increases with price — possible luxury/prestige effect.
23478,WOODLAND LARGE PINK FELT HEART,General,0.228,Positive,0.0,0.9768,7.745,False,1.2392,1.19,1.31,0.0253,7.83,24,WOODLAND LARGE PINK FELT HEART: demand increases with price — possible luxury/prestige effect.
22325,MOBILE VINTAGE HEARTS ,General,0.2295,Positive,0.0,0.9429,3.197,False,4.9279,4.7,5.2,0.0274,9.79,131,MOBILE VINTAGE HEARTS : demand increases with price — possible luxury/prestige effect.
90014A,SILVER M.O.P. ORBIT NECKLACE,General,0.2299,Positive,0.0034,0.7427,0.6943,False,5.7626,2.95,9.95,0.2332,7.62,34,SILVER M.O.P. ORBIT NECKLACE: demand increases with price — possible luxury/prestige effect.
85232A,Unknown,General,0.23,Positive,0.0001,0.9503,3.6773,False,4.8794,4.25,5.09,0.031,8.26,62,Unknown: demand increases with price — possible luxury/prestige effect.
23335,EGG FRYING PAN IVORY ,General,0.2329,Positive,0.0001,0.9257,2.4951,False,2.0835,1.98,2.18,0.028,8.5,173,EGG FRYING PAN IVORY : demand increases with price — possible luxury/prestige effect.
84968D,SET OF 16 VINTAGE RED CUTLERY,General,0.2362,Positive,0.0,0.9546,4.1348,False,12.7577,12.13,13.39,0.0272,7.25,83,SET OF 16 VINTAGE RED CUTLERY: demand increases with price — possible luxury/prestige effect.
22095,LADS ONLY TISSUE BOX,General,0.2373,Positive,0.0028,0.4334,0.3024,False,0.7293,0.39,1.25,0.2185,11.32,225,LADS ONLY TISSUE BOX: demand increases with price — possible luxury/prestige effect.
20662,FIRST CLASS HOLIDAY PURSE ,General,0.2421,Positive,0.0007,0.9105,2.1253,False,3.91,2.95,5.79,0.1347,8.62,21,FIRST CLASS HOLIDAY PURSE : demand increases with price — possible luxury/prestige effect.
23416,CHAMBRE HOOK,General,0.2461,Positive,0.0063,0.5534,0.4127,False,0.9226,0.39,1.65,0.2713,9.36,58,CHAMBRE HOOK: demand increases with price — possible luxury/prestige effect.
84341B,Unknown,General,0.2468,Positive,0.0023,0.7322,0.7172,False,0.6748,0.38,0.85,0.1508,8.8,54,Unknown: demand increases with price — possible luxury/prestige effect.
23185,FRENCH STYLE STORAGE JAR JAM,General,0.2596,Positive,0.0048,0.5628,0.4465,False,0.4401,0.29,1.25,0.3355,9.61,72,FRENCH STYLE STORAGE JAR JAM: demand increases with price — possible luxury/prestige effect.
22194,Unknown,General,0.2598,Positive,0.0001,0.9438,3.6769,False,8.493,8.08,8.92,0.026,7.2,98,Unknown: demand increases with price — possible luxury/prestige effect.
21427,SKULLS STORAGE BOX SMALL,General,0.2668,Positive,0.0001,0.936,3.3136,False,2.1047,2.0,2.2,0.0262,8.62,102,SKULLS STORAGE BOX SMALL: demand increases with price — possible luxury/prestige effect.
21376,LARGE  TALL CAMPHOR WOOD TOADSTOOL ,General,0.2802,Positive,0.0047,0.6481,0.6098,False,4.9985,1.25,5.45,0.1199,6.15,47,LARGE  TALL CAMPHOR WOOD TOADSTOOL : demand increases with price — possible luxury/prestige effect.
22482,Unknown,General,0.2834,Positive,0.0001,0.9281,3.1321,False,1.2506,1.19,1.31,0.0256,10.07,127,Unknown: demand increases with price — possible luxury/prestige effect.
37489C,GREEN/BLUE FLOWER DESIGN BIG MUG,General,0.2856,Positive,0.011,0.6339,0.5909,False,1.1691,0.39,1.95,0.2854,8.57,23,GREEN/BLUE FLOWER DESIGN BIG MUG: demand increases with price — possible luxury/prestige effect.
21627,check,General,0.2903,Positive,0.0001,0.9504,4.6545,False,14.9186,14.22,15.66,0.026,6.89,70,check: demand increases with price — possible luxury/prestige effect.
22211,WOOD STAMP SET FLOWERS,General,0.3017,Positive,0.0012,0.5557,0.5113,False,0.9838,0.72,1.65,0.1289,9.92,293,WOOD STAMP SET FLOWERS: demand increases with price — possible luxury/prestige effect.
22877,NUMBER TILE COTTAGE GARDEN 9,General,0.3033,Positive,0.0001,0.9577,5.6839,False,1.9432,1.85,2.04,0.0259,9.03,38,NUMBER TILE COTTAGE GARDEN 9: demand increases with price — possible luxury/prestige effect.
21495,SKULLS AND CROSSBONES WRAP,General,0.3098,Positive,0.0001,0.8633,1.7982,False,0.4173,0.34,0.44,0.0303,15.48,365,SKULLS AND CROSSBONES WRAP: demand increases with price — possible luxury/prestige effect.
90082A,DIAMANTE BOW BROOCH GREEN COLOUR,General,0.3221,Positive,0.0001,0.9615,6.5994,False,6.3528,6.06,6.66,0.0291,6.84,25,DIAMANTE BOW BROOCH GREEN COLOUR: demand increases with price — possible luxury/prestige effect.
22451,Unknown,General,0.326,Positive,0.0001,0.9276,3.5784,False,3.3495,3.19,3.52,0.0266,9.62,95,Unknown: demand increases with price — possible luxury/prestige effect.
21735,damages,General,0.3283,Positive,0.0004,0.7624,1.0844,False,12.3387,6.0,12.95,0.0483,8.56,209,damages: demand increases with price — possible luxury/prestige effect.
POST,Unknown,General,0.3416,Positive,0.0075,0.0038,0.1178,True,41.0702,12.7,921.1944,0.6611,17.59,1117,Unknown: demand increases with price — possible luxury/prestige effect.
22035,taig adjust,General,0.3424,Positive,0.0001,0.8749,2.1733,False,0.4191,0.3686,0.44,0.0292,11.66,210,taig adjust: demand increases with price — possible luxury/prestige effect.
90199C,5 STRAND GLASS NECKLACE CRYSTAL,General,0.3469,Positive,0.0001,0.9741,10.5168,False,6.2782,6.09,6.5,0.0207,8.41,17,5 STRAND GLASS NECKLACE CRYSTAL: demand increases with price — possible luxury/prestige effect.
22231,JIGSAW TREE WITH BIRDHOUSE,General,0.3471,Positive,0.0044,0.2806,0.321,False,0.9372,0.59,1.45,0.1772,10.0,264,JIGSAW TREE WITH BIRDHOUSE: demand increases with price — possible luxury/prestige effect.
21808,Unknown,General,0.3484,Positive,0.0037,0.6989,0.8944,False,3.394,1.25,3.75,0.1095,7.44,43,Unknown: demand increases with price — possible luxury/prestige effect.
20616,CHERRY BLOSSOM PASSPORT COVER,General,0.3523,Positive,0.0048,0.7154,0.9564,False,0.9723,0.75,2.1,0.2369,7.33,30,CHERRY BLOSSOM PASSPORT COVER: demand increases with price — possible luxury/prestige effect.
85006,Unknown,General,0.3554,Positive,0.0056,0.7162,0.9664,False,1.375,0.85,2.95,0.2657,12.54,26,Unknown: demand increases with price — possible luxury/prestige effect.
37489B,BLUE/YELLOW FLOWER DESIGN BIG MUG,General,0.3622,Positive,0.0274,0.4981,0.5232,False,1.0179,0.39,1.95,0.3967,8.11,19,BLUE/YELLOW FLOWER DESIGN BIG MUG: demand increases with price — possible luxury/prestige effect.
23073,GEORGIAN TRINKET BOX,General,0.3644,Positive,0.0001,0.8881,2.5844,False,12.3857,11.15,13.01,0.0292,7.33,153,GEORGIAN TRINKET BOX: demand increases with price — possible luxury/prestige effect.
21385,IVORY HANGING DECORATION  HEART,General,0.371,Positive,0.0001,0.838,1.8136,False,0.8491,0.72,0.89,0.0275,12.93,391,IVORY HANGING DECORATION  HEART: demand increases with price — possible luxury/prestige effect.
21763,VINTAGE WOODEN BAR STOOL,General,0.3741,Positive,0.0009,0.9035,3.0388,False,26.5661,20.0,29.95,0.0781,7.5,18,VINTAGE WOODEN BAR STOOL: demand increases with price — possible luxury/prestige effect.
DOT,Unknown,General,0.3749,Positive,0.0953,0.091,0.2145,False,608.5452,13.16,1599.26,0.4023,10.45,31,Unknown: demand increases with price — possible luxury/prestige effect.
23041,PAPER LANTERN 6 POINT SNOW STAR,General,0.3769,Positive,0.0001,0.8937,2.8162,False,4.1428,3.94,4.35,0.0255,9.17,144,PAPER LANTERN 6 POINT SNOW STAR: demand increases with price — possible luxury/prestige effect.
85230F,Unknown,General,0.3791,Positive,0.0003,0.8978,2.9365,False,0.2798,0.21,0.29,0.0451,10.98,57,Unknown: demand increases with price — possible luxury/prestige effect.
22372,AIRLINE BAG VINTAGE WORLD CHAMPION ,General,0.3801,Positive,0.0003,0.7591,1.2383,False,4.3287,3.95,8.29,0.0624,8.06,272,AIRLINE BAG VINTAGE WORLD CHAMPION : demand increases with price — possible luxury/prestige effect.
20748,Unknown,General,0.3833,Positive,0.0001,0.9287,4.2747,False,12.6942,12.12,13.34,0.0252,9.28,97,Unknown: demand increases with price — possible luxury/prestige effect.
22445,Unknown,General,0.3841,Positive,0.0005,0.7429,1.1693,False,3.0737,2.55,5.79,0.0735,10.03,203,Unknown: demand increases with price — possible luxury/prestige effect.
22672,FRENCH BATHROOM SIGN BLUE METAL,General,0.3991,Positive,0.0001,0.8428,2.0115,False,1.6468,1.4541,1.73,0.0255,11.83,359,FRENCH BATHROOM SIGN BLUE METAL: demand increases with price — possible luxury/prestige effect.
21987,PACK OF 6 SKULL PAPER CUPS,General,0.4081,Positive,0.0002,0.8358,1.9665,False,0.6471,0.5363,0.68,0.0283,10.69,268,PACK OF 6 SKULL PAPER CUPS: demand increases with price — possible luxury/prestige effect.
22718,CARD CAT AND TREE ,General,0.41,Positive,0.0002,0.8363,1.9819,False,0.4186,0.36,0.44,0.0304,10.86,215,CARD CAT AND TREE : demand increases with price — possible luxury/prestige effect.
84751B,Unknown,General,0.4122,Positive,0.0226,0.396,0.4791,False,1.6691,0.79,3.75,0.3585,7.32,34,Unknown: demand increases with price — possible luxury/prestige effect.
21407,Unknown,General,0.4151,Positive,0.0003,0.8047,1.6767,False,4.1982,3.0,4.41,0.0345,9.31,226,Unknown: demand increases with price — possible luxury/prestige effect.
47310M,SMALL POP BOX FUNKY MONKEY,General,0.4245,Positive,0.0004,0.8515,2.2617,False,1.2977,1.23,1.63,0.0465,7.95,96,SMALL POP BOX FUNKY MONKEY: demand increases with price — possible luxury/prestige effect.
85129D,BEADED CRYSTAL HEART PINK SMALL,General,0.4259,Positive,0.0021,0.6924,1.0726,False,1.4419,1.25,2.46,0.1252,8.12,78,BEADED CRYSTAL HEART PINK SMALL: demand increases with price — possible luxury/prestige effect.
84661B,BLACK SQUARE TABLE CLOCK,General,0.4275,Positive,0.0197,0.4519,0.5606,False,1.7806,0.79,4.96,0.3929,7.71,31,BLACK SQUARE TABLE CLOCK: demand increases with price — possible luxury/prestige effect.
23381,PACK OF 12 VINTAGE LEAF TISSUES ,General,0.4359,Positive,0.0002,0.8672,2.603,False,0.3907,0.37,0.41,0.0271,9.58,166,PACK OF 12 VINTAGE LEAF TISSUES : demand increases with price — possible luxury/prestige effect.
90195A,check,General,0.4394,Positive,0.0139,0.4632,0.5931,False,6.0029,2.95,8.95,0.1954,6.76,41,check: demand increases with price — possible luxury/prestige effect.
79071B,Unknown,General,0.4482,Positive,0.0001,0.9439,6.3318,False,2.9428,2.8,3.06,0.0249,6.33,40,Unknown: demand increases with price — possible luxury/prestige effect.
21067,Unknown,General,0.459,Positive,0.0002,0.8837,3.1292,False,1.238,1.1251,1.3,0.0299,8.73,105,Unknown: demand increases with price — possible luxury/prestige effect.
23069,EDWARDIAN PHOTO FRAME,General,0.4683,Positive,0.0002,0.9122,4.2261,False,6.2519,5.94,6.55,0.0265,8.04,53,EDWARDIAN PHOTO FRAME: demand increases with price — possible luxury/prestige effect.
23428,IVORY RETRO KITCHEN WALL CLOCK,General,0.4704,Positive,0.0003,0.908,4.0491,False,8.1178,7.76,8.55,0.0283,7.47,55,IVORY RETRO KITCHEN WALL CLOCK: demand increases with price — possible luxury/prestige effect.
22740,adjustment,General,0.4706,Positive,0.0001,0.8827,3.185,False,0.848,0.81,0.89,0.0272,17.91,184,adjustment: demand increases with price — possible luxury/prestige effect.
85049H,URBAN BLACK RIBBONS ,General,0.4706,Positive,0.0013,0.6489,1.0317,False,1.1754,0.83,1.25,0.0639,8.42,158,URBAN BLACK RIBBONS : demand increases with price — possible luxury/prestige effect.
21648,Unknown,General,0.4796,Positive,0.0002,0.9135,4.3972,False,1.2329,1.06,1.29,0.033,13.48,66,Unknown: demand increases with price — possible luxury/prestige effect.
22452,Unknown,General,0.4837,Positive,0.0008,0.7652,1.6154,False,2.8487,1.63,2.99,0.0512,9.51,119,Unknown: demand increases with price — possible luxury/prestige effect.
22643,SET OF 4 NAPKIN CHARMS LEAVES   ,General,0.4873,Positive,0.0116,0.4056,0.5818,False,1.5519,0.79,2.55,0.2336,10.44,62,SET OF 4 NAPKIN CHARMS LEAVES   : demand increases with price — possible luxury/prestige effect.
90161C,ANT COPPER LIME BOUDICCA BRACELET,General,0.4875,Positive,0.0002,0.9161,4.6063,False,4.9564,4.72,5.19,0.0292,8.02,53,ANT COPPER LIME BOUDICCA BRACELET: demand increases with price — possible luxury/prestige effect.
22677,FRENCH BLUE METAL DOOR SIGN 2,General,0.4876,Positive,0.0002,0.8355,2.3459,False,1.2483,1.19,1.31,0.027,9.94,223,FRENCH BLUE METAL DOOR SIGN 2: demand increases with price — possible luxury/prestige effect.
37489A,Unknown,General,0.4937,Positive,0.026,0.4518,0.6445,False,0.6933,0.39,1.95,0.4201,6.83,24,Unknown: demand increases with price — possible luxury/prestige effect.
22705,WRAP GREEN PEARS ,General,0.4952,Positive,0.0002,0.8583,2.7683,False,0.4204,0.4,0.44,0.0281,12.72,169,WRAP GREEN PEARS : demand increases with price — possible luxury/prestige effect.
17012C,check,General,0.4968,Positive,0.0059,0.5555,0.8379,False,1.002,0.85,2.55,0.2094,8.48,61,check: demand increases with price — possible luxury/prestige effect.
22894,TABLECLOTH RED APPLES DESIGN ,General,0.5027,Positive,0.0004,0.7636,1.6696,False,9.6563,8.15,10.12,0.036,9.36,236,TABLECLOTH RED APPLES DESIGN : demand increases with price — possible luxury/prestige effect.
84951B,SET OF 4 BLACK LOVEBIRD COASTERS,General,0.5045,Positive,0.0052,0.5434,0.8263,False,0.9267,0.79,2.55,0.216,10.12,73,SET OF 4 BLACK LOVEBIRD COASTERS: demand increases with price — possible luxury/prestige effect.
84378,SET OF 3 HEART COOKIE CUTTERS,General,0.5059,Positive,0.0003,0.5995,0.9631,False,1.3204,1.0821,1.6411,0.0367,14.85,821,SET OF 3 HEART COOKIE CUTTERS: demand increases with price — possible luxury/prestige effect.
22619,SET OF 6 SOLDIER SKITTLES,General,0.5083,Positive,0.0003,0.6669,1.1803,False,3.8298,3.39,4.9867,0.035,12.26,568,SET OF 6 SOLDIER SKITTLES: demand increases with price — possible luxury/prestige effect.
23420,PANTRY HOOK TEA STRAINER ,General,0.5138,Positive,0.0002,0.9133,4.7016,False,2.076,1.98,2.18,0.0246,6.86,63,PANTRY HOOK TEA STRAINER : demand increases with price — possible luxury/prestige effect.
22831,WHITE BROCANTE SOAP DISH,General,0.5163,Positive,0.0002,0.8037,2.0754,False,2.9473,2.8,3.1,0.0266,7.77,255,WHITE BROCANTE SOAP DISH: demand increases with price — possible luxury/prestige effect.
22739,RIBBON REEL CHRISTMAS SOCK BAUBLE,General,0.5222,Positive,0.0006,0.6162,1.0409,False,1.7193,1.64,3.29,0.0549,11.11,409,RIBBON REEL CHRISTMAS SOCK BAUBLE: demand increases with price — possible luxury/prestige effect.
90161B,ANT COPPER TURQ BOUDICCA BRACELET,General,0.5249,Positive,0.0002,0.93,5.9396,False,4.9746,4.77,5.19,0.0233,9.65,48,ANT COPPER TURQ BOUDICCA BRACELET: demand increases with price — possible luxury/prestige effect.
46000S,dotcom sales,General,0.5295,Positive,0.0002,0.7877,1.9644,False,1.4518,1.38,1.52,0.0256,9.47,331,dotcom sales: demand increases with price — possible luxury/prestige effect.
22586,check,General,0.5354,Positive,0.0002,0.8115,2.2432,False,0.8496,0.81,0.89,0.0272,10.35,266,check: demand increases with price — possible luxury/prestige effect.
90195B,BLACK GEMSTONE BRACELET,General,0.5376,Positive,0.0121,0.6534,1.1762,False,6.9689,2.95,8.95,0.1677,7.0,19,BLACK GEMSTONE BRACELET: demand increases with price — possible luxury/prestige effect.
20769,DAISY JOURNAL ,General,0.5381,Positive,0.0002,0.9342,6.4729,False,2.5351,2.42,2.67,0.0271,9.22,41,DAISY JOURNAL : demand increases with price — possible luxury/prestige effect.
23353,6 GIFT TAGS VINTAGE CHRISTMAS ,General,0.545,Positive,0.0002,0.7582,1.7692,False,0.8306,0.79,0.87,0.0266,13.64,470,6 GIFT TAGS VINTAGE CHRISTMAS : demand increases with price — possible luxury/prestige effect.
84519B,CARROT CHARLIE+LOLA COASTER SET,General,0.553,Positive,0.0025,0.4905,0.8005,False,1.3414,1.25,2.95,0.1267,9.82,196,CARROT CHARLIE+LOLA COASTER SET: demand increases with price — possible luxury/prestige effect.
22085,PAPER CHAIN KIT SKULLS ,General,0.5538,Positive,0.0002,0.8578,3.0855,False,2.9445,2.55,3.08,0.0264,9.14,148,PAPER CHAIN KIT SKULLS : demand increases with price — possible luxury/prestige effect.
22653,BUTTON BOX ,General,0.5678,Positive,0.0003,0.7973,2.2082,False,1.9338,1.63,2.03,0.0275,9.77,244,BUTTON BOX : demand increases with price — possible luxury/prestige effect.
79026B,Unknown,General,0.5761,Positive,0.0218,0.5235,0.8863,False,0.6014,0.39,1.25,0.2781,5.38,21,Unknown: demand increases with price — possible luxury/prestige effect.
85032B,BLOSSOM IMAGES GIFT WRAP SET,General,0.5769,Positive,0.0093,0.1549,0.4042,False,0.8077,0.65,2.1,0.2302,9.24,218,BLOSSOM IMAGES GIFT WRAP SET: demand increases with price — possible luxury/prestige effect.
22468,BABUSHKA LIGHTS STRING OF 10,General,0.579,Positive,0.0003,0.7751,2.0244,False,6.728,5.95,7.07,0.0271,9.67,285,BABUSHKA LIGHTS STRING OF 10: demand increases with price — possible luxury/prestige effect.
84912A,Unknown,General,0.5823,Positive,0.0002,0.8941,4.3619,False,3.7453,3.56,3.91,0.0251,9.42,79,Unknown: demand increases with price — possible luxury/prestige effect.
22362,GLASS JAR PEACOCK BATH SALTS,General,0.5985,Positive,0.0003,0.8208,2.6376,False,2.9509,2.8,3.09,0.0267,7.92,180,GLASS JAR PEACOCK BATH SALTS: demand increases with price — possible luxury/prestige effect.
21034,REX CASH+CARRY JUMBO SHOPPER,General,0.602,Positive,0.0002,0.6489,1.3218,False,0.9496,0.9,1.0,0.0236,15.21,1027,REX CASH+CARRY JUMBO SHOPPER: demand increases with price — possible luxury/prestige effect.
10120,DOGGY RUBBER,General,0.6045,Positive,0.0005,0.833,2.8574,False,0.2096,0.2,0.22,0.0327,7.21,84,DOGGY RUBBER: demand increases with price — possible luxury/prestige effect.
22402,MAGNETS PACK OF 4 VINTAGE COLLAGE,General,0.6182,Positive,0.0144,0.0393,0.2985,True,0.5938,0.39,1.25,0.2333,10.86,295,MAGNETS PACK OF 4 VINTAGE COLLAGE: demand increases with price — possible luxury/prestige effect.
21906,PHARMACIE FIRST AID TIN,General,0.6242,Positive,0.0003,0.7831,2.2654,False,6.7231,5.95,7.13,0.029,8.77,239,PHARMACIE FIRST AID TIN: demand increases with price — possible luxury/prestige effect.
20782,CAMOUFLAGE EAR MUFF HEADPHONES,General,0.6242,Positive,0.0122,0.4442,0.8091,False,5.7149,1.95,10.79,0.1605,8.04,50,CAMOUFLAGE EAR MUFF HEADPHONES: demand increases with price — possible luxury/prestige effect.
21789,KIDS RAIN MAC PINK,General,0.6255,Positive,0.0003,0.8628,3.6125,False,0.8489,0.81,0.89,0.0248,8.37,119,KIDS RAIN MAC PINK: demand increases with price — possible luxury/prestige effect.
37489D,PINK/GREEN FLOWER DESIGN BIG MUG,General,0.6326,Positive,0.0281,0.2765,0.5737,False,0.6539,0.39,1.95,0.3332,7.61,44,PINK/GREEN FLOWER DESIGN BIG MUG: demand increases with price — possible luxury/prestige effect.
84725,Unknown,General,0.6349,Positive,0.0276,0.2535,0.5492,False,1.343,0.75,4.25,0.3531,6.86,49,Unknown: demand increases with price — possible luxury/prestige effect.
22835,HOT WATER BOTTLE I AM SO POORLY,General,0.6414,Positive,0.0004,0.5968,1.2121,False,4.8665,4.3038,5.2287,0.0292,13.75,756,HOT WATER BOTTLE I AM SO POORLY: demand increases with price — possible luxury/prestige effect.
90206C,CRYSTAL DIAMANTE STAR BROOCH,General,0.642,Positive,0.0002,0.9558,11.3942,False,5.02,4.85,5.2,0.0225,6.18,17,CRYSTAL DIAMANTE STAR BROOCH: demand increases with price — possible luxury/prestige effect.
84685,Unknown,General,0.6489,Positive,0.0002,0.9533,10.9455,False,3.7505,3.58,3.91,0.026,12.86,21,Unknown: demand increases with price — possible luxury/prestige effect.
20778,Unknown,General,0.6553,Positive,0.0004,0.9132,5.9628,False,1.6554,1.57,1.73,0.0284,8.61,31,Unknown: demand increases with price — possible luxury/prestige effect.
22434,BALLOON PUMP WITH 10 BALLOONS,General,0.6628,Positive,0.0007,0.6772,1.5904,False,1.9973,1.9,3.04,0.0435,9.11,245,BALLOON PUMP WITH 10 BALLOONS: demand increases with price — possible luxury/prestige effect.
23514,EMBROIDERED RIBBON REEL SALLY ,General,0.669,Positive,0.0005,0.7936,2.5522,False,2.0775,1.98,2.18,0.0285,10.14,148,EMBROIDERED RIBBON REEL SALLY : demand increases with price — possible luxury/prestige effect.
22975,SPACEBOY CHILDRENS EGG CUP,General,0.6704,Positive,0.0008,0.6326,1.4006,False,1.2706,1.21,2.1575,0.05,11.08,276,SPACEBOY CHILDRENS EGG CUP: demand increases with price — possible luxury/prestige effect.
16045,check,General,0.6732,Positive,0.004,0.4834,0.9576,False,0.0419,0.04,0.12,0.1848,29.1,126,check: demand increases with price — possible luxury/prestige effect.
23409,PHOTO FRAME LINEN AND LACE LARGE,General,0.6856,Positive,0.0004,0.858,3.8214,False,3.7507,3.56,3.93,0.0248,7.78,88,PHOTO FRAME LINEN AND LACE LARGE: demand increases with price — possible luxury/prestige effect.
21136,sold as set on dotcom,General,0.687,Positive,0.0004,0.6529,1.5269,False,1.6856,1.61,1.77,0.0253,12.58,579,sold as set on dotcom: demand increases with price — possible luxury/prestige effect.
20931,BLUE POT PLANT CANDLE ,General,0.6939,Positive,0.0184,0.3234,0.6962,False,2.6315,1.25,3.75,0.1461,8.31,55,BLUE POT PLANT CANDLE : demand increases with price — possible luxury/prestige effect.
90018A,SILVER M.O.P ORBIT DROP EARRINGS,General,0.701,Positive,0.0004,0.9446,9.9161,False,4.2481,4.06,4.42,0.0242,7.25,16,SILVER M.O.P ORBIT DROP EARRINGS: demand increases with price — possible luxury/prestige effect.
23470,CARD HOLDER LOVE BIRD LARGE ,General,0.7016,Positive,0.0006,0.7816,2.526,False,6.2191,5.5129,6.53,0.0297,7.98,138,CARD HOLDER LOVE BIRD LARGE : demand increases with price — possible luxury/prestige effect.
23399,HOME SWEET HOME HANGING HEART,General,0.7128,Positive,0.0004,0.724,2.0166,False,0.8498,0.81,0.89,0.0278,12.08,343,HOME SWEET HOME HANGING HEART: demand increases with price — possible luxury/prestige effect.
23027,DRAWER KNOB VINTAGE GLASS HEXAGON,General,0.714,Positive,0.0005,0.8715,4.3911,False,2.0843,1.98,2.18,0.0274,9.35,54,DRAWER KNOB VINTAGE GLASS HEXAGON: demand increases with price — possible luxury/prestige effect.
84247N,PACK/12 BLUE FOLKART CARDS,General,0.715,Positive,0.0003,0.9122,6.4435,False,2.9476,2.81,3.09,0.0275,8.05,42,PACK/12 BLUE FOLKART CARDS: demand increases with price — possible luxury/prestige effect.
20973,Unknown,General,0.7201,Positive,0.0006,0.5841,1.3146,False,0.6587,0.5786,1.0318,0.0381,13.21,483,Unknown: demand increases with price — possible luxury/prestige effect.
20726,LUNCH BAG WOODLAND,General,0.721,Positive,0.0003,0.5566,1.226,False,1.6518,1.4642,1.7305,0.0247,17.67,1017,LUNCH BAG WOODLAND: demand increases with price — possible luxury/prestige effect.
22694,WICKER STAR ,General,0.7212,Positive,0.0004,0.6157,1.4362,False,2.0971,1.85,2.2,0.0275,12.05,591,WICKER STAR : demand increases with price — possible luxury/prestige effect.
85032C,CURIOUS IMAGES GIFT WRAP SET,General,0.722,Positive,0.0179,0.0796,0.4094,False,0.8988,0.65,2.1,0.2481,9.86,173,CURIOUS IMAGES GIFT WRAP SET: demand increases with price — possible luxury/prestige effect.
21756,BATH BUILDING BLOCK WORD,General,0.7245,Positive,0.0005,0.6237,1.4757,False,6.0412,5.45,6.6,0.0289,10.25,482,BATH BUILDING BLOCK WORD: demand increases with price — possible luxury/prestige effect.
23556,LANDMARK FRAME COVENT GARDEN ,General,0.7341,Positive,0.0006,0.8505,3.8787,False,12.5063,11.92,13.1,0.0257,7.91,67,LANDMARK FRAME COVENT GARDEN : demand increases with price — possible luxury/prestige effect.
23551,PACK OF 12 PAISLEY PARK TISSUES ,General,0.7348,Positive,0.0004,0.7764,2.5837,False,0.3902,0.37,0.41,0.0265,12.95,218,PACK OF 12 PAISLEY PARK TISSUES : demand increases with price — possible luxury/prestige effect.
22775,Unknown,General,0.7447,Positive,0.0005,0.6646,1.7159,False,1.2517,1.06,1.394,0.0294,10.71,347,Unknown: demand increases with price — possible luxury/prestige effect.
21375,LARGE CAMPHOR WOOD FIELD MUSHROOM ,General,0.7468,Positive,0.0366,0.3025,0.7115,False,4.7603,1.25,5.45,0.1495,8.26,31,LARGE CAMPHOR WOOD FIELD MUSHROOM : demand increases with price — possible luxury/prestige effect.
21320,Unknown,General,0.7518,Positive,0.0122,0.5154,1.1442,False,1.221,0.79,2.15,0.1655,10.3,37,Unknown: demand increases with price — possible luxury/prestige effect.
22361,GLASS JAR DAISY FRESH COTTON WOOL,General,0.7518,Positive,0.0004,0.7333,2.2044,False,2.9519,2.5808,3.09,0.0271,8.79,270,GLASS JAR DAISY FRESH COTTON WOOL: demand increases with price — possible luxury/prestige effect.
21363,Unknown,General,0.7588,Positive,0.0004,0.8079,3.115,False,4.9453,4.71,5.19,0.0251,8.99,158,Unknown: demand increases with price — possible luxury/prestige effect.
20781,GOLD EAR MUFF HEADPHONES,General,0.7639,Positive,0.0225,0.325,0.7673,False,4.6215,1.95,5.49,0.1438,6.36,45,GOLD EAR MUFF HEADPHONES: demand increases with price — possible luxury/prestige effect.
21547,Unknown,General,0.7674,Positive,0.0005,0.8815,5.1156,False,2.9505,2.83,3.1,0.0258,9.41,44,Unknown: demand increases with price — possible luxury/prestige effect.
22428,ENAMEL FIRE BUCKET CREAM,General,0.769,Positive,0.0004,0.7514,2.4246,False,6.9438,6.35,7.28,0.0266,9.59,242,ENAMEL FIRE BUCKET CREAM: demand increases with price — possible luxury/prestige effect.
21425,SKULLS STORAGE BOX LARGE,General,0.7723,Positive,0.0003,0.9219,7.8233,False,2.9676,2.82,3.09,0.0239,10.05,37,SKULLS STORAGE BOX LARGE: demand increases with price — possible luxury/prestige effect.
22925,AMAZON,General,0.7759,Positive,0.0009,0.5755,1.3842,False,6.0456,5.75,10.29,0.0469,9.45,333,AMAZON: demand increases with price — possible luxury/prestige effect.
22255,FELT TOADSTOOL  SMALL,General,0.8137,Positive,0.0005,0.8096,3.369,False,0.8477,0.81,0.89,0.0263,9.58,117,FELT TOADSTOOL  SMALL: demand increases with price — possible luxury/prestige effect.
20702,Unknown,General,0.8142,Positive,0.0005,0.8103,3.3834,False,4.2677,4.04,4.46,0.0264,8.63,111,Unknown: demand increases with price — possible luxury/prestige effect.
23035,check,General,0.8147,Positive,0.0013,0.5415,1.3327,False,1.4798,1.41,2.37,0.0451,10.9,289,check: demand increases with price — possible luxury/prestige effect.
22444,Unknown,General,0.8193,Positive,0.0006,0.8114,3.4245,False,1.2389,1.098,1.3,0.028,11.88,104,Unknown: demand increases with price — possible luxury/prestige effect.
20659,ECONOMY LUGGAGE TAG,General,0.8227,Positive,0.0093,0.4115,0.9959,False,1.4499,1.06,2.46,0.1295,9.23,75,ECONOMY LUGGAGE TAG: demand increases with price — possible luxury/prestige effect.
20961,STRAWBERRY BATH SPONGE ,General,0.8239,Positive,0.0013,0.5781,1.4794,False,1.2911,1.23,2.0567,0.0482,9.31,240,STRAWBERRY BATH SPONGE : demand increases with price — possible luxury/prestige effect.
84510E,SET OF 4 GREEN CAROUSEL COASTERS,General,0.8285,Positive,0.0844,0.1337,0.5352,False,0.5596,0.21,1.25,0.2934,7.29,28,SET OF 4 GREEN CAROUSEL COASTERS: demand increases with price — possible luxury/prestige effect.
85008,Unknown,General,0.8296,Positive,0.025,0.3717,0.9157,False,4.2271,1.5,4.95,0.1297,10.47,34,Unknown: demand increases with price — possible luxury/prestige effect.
22656,Unknown,General,0.8335,Positive,0.0127,0.4082,1.0,False,116.4237,50.0,125.0,0.0853,6.2,56,Unknown: demand increases with price — possible luxury/prestige effect.
22627,Unknown,General,0.8355,Positive,0.0085,0.0294,0.3827,True,8.4005,0.76,8.83,0.0466,10.88,556,Unknown: demand increases with price — possible luxury/prestige effect.
21132,SILVER STANDING GNOME   ,General,0.8356,Positive,0.0469,0.1853,0.6191,False,3.507,1.25,4.25,0.1721,6.41,39,SILVER STANDING GNOME   : demand increases with price — possible luxury/prestige effect.
20686,Unknown,General,0.8387,Positive,0.0006,0.7786,2.9776,False,3.2463,3.09,3.41,0.027,8.85,146,Unknown: demand increases with price — possible luxury/prestige effect.
23113,PANTRY CHOPPING BOARD,General,0.8478,Positive,0.0008,0.8303,3.9376,False,4.8862,4.2115,5.13,0.0325,9.05,62,PANTRY CHOPPING BOARD: demand increases with price — possible luxury/prestige effect.
21935,SUKI  SHOULDER BAG,General,0.8564,Positive,0.0006,0.6171,1.7119,False,1.6476,1.45,1.73,0.027,10.42,437,SUKI  SHOULDER BAG: demand increases with price — possible luxury/prestige effect.
23475,WOODLAND SMALL PINK FELT HEART,General,0.8681,Positive,0.0005,0.8425,4.3529,False,0.8295,0.79,0.87,0.0253,9.88,78,WOODLAND SMALL PINK FELT HEART: demand increases with price — possible luxury/prestige effect.
20755,BLUE PAISLEY POCKET BOOK,General,0.8703,Positive,0.0005,0.8422,4.3561,False,0.8459,0.81,0.89,0.0257,8.79,76,BLUE PAISLEY POCKET BOOK: demand increases with price — possible luxury/prestige effect.
85032A,ROMANTIC IMAGES GIFT WRAP SET,General,0.8713,Positive,0.0258,0.0213,0.3755,True,0.8648,0.65,2.1,0.2424,9.12,205,ROMANTIC IMAGES GIFT WRAP SET: demand increases with price — possible luxury/prestige effect.
21078,Unknown,General,0.8746,Positive,0.0006,0.6125,1.7254,False,0.8478,0.72,0.89,0.027,11.43,426,Unknown: demand increases with price — possible luxury/prestige effect.
22437,SET OF 9 BLACK SKULL BALLOONS,General,0.8814,Positive,0.0006,0.6517,1.9506,False,0.8397,0.785,0.88,0.0274,11.84,343,SET OF 9 BLACK SKULL BALLOONS: demand increases with price — possible luxury/prestige effect.
21197,MULTICOLOUR  CONFETTI IN TUBE,General,0.9017,Positive,0.0007,0.8846,6.1581,False,1.6674,1.57,1.73,0.0275,7.42,31,MULTICOLOUR  CONFETTI IN TUBE: demand increases with price — possible luxury/prestige effect.
17084N,FAIRY DREAMS INCENSE ,General,0.9036,Positive,0.0009,0.8023,3.5952,False,0.2091,0.2,0.22,0.0334,13.67,76,FAIRY DREAMS INCENSE : demand increases with price — possible luxury/prestige effect.
22928,YELLOW GIANT GARDEN THERMOMETER,General,0.909,Positive,0.0036,0.4281,1.1444,False,6.151,5.84,12.46,0.0822,7.83,178,YELLOW GIANT GARDEN THERMOMETER: demand increases with price — possible luxury/prestige effect.
22371,AIRLINE BAG VINTAGE TOKYO 78,General,0.9103,Positive,0.0012,0.4557,1.2194,False,4.2982,3.75,6.9433,0.0401,9.43,485,AIRLINE BAG VINTAGE TOKYO 78: demand increases with price — possible luxury/prestige effect.
22687,had been put aside,General,0.9132,Positive,0.0107,0.4566,1.2175,False,8.9844,7.95,16.63,0.1237,7.28,54,had been put aside: demand increases with price — possible luxury/prestige effect.
22869,NUMBER TILE COTTAGE GARDEN 1,General,0.9188,Positive,0.0007,0.8596,5.1633,False,1.9493,1.86,2.05,0.0261,6.67,45,NUMBER TILE COTTAGE GARDEN 1: demand increases with price — possible luxury/prestige effect.
23517,EMBROIDERED RIBBON REEL REBECCA ,General,0.9232,Positive,0.0008,0.7416,2.7943,False,2.8906,2.75,3.03,0.0281,9.49,146,EMBROIDERED RIBBON REEL REBECCA : demand increases with price — possible luxury/prestige effect.
90064B,BLACK VINTAGE  CRYSTAL EARRINGS,General,0.9311,Positive,0.0011,0.8832,6.2615,False,3.7743,3.57,3.93,0.0318,7.48,23,BLACK VINTAGE  CRYSTAL EARRINGS: demand increases with price — possible luxury/prestige effect.
22228,BUNNY WOODEN PAINTED WITH BIRD ,General,0.9378,Positive,0.0237,0.0276,0.4227,True,0.645,0.39,0.85,0.1461,10.41,205,BUNNY WOODEN PAINTED WITH BIRD : demand increases with price — possible luxury/prestige effect.
21830,Unknown,General,0.9423,Positive,0.0007,0.7068,2.5017,False,0.4188,0.4,0.44,0.0293,15.09,208,Unknown: demand increases with price — possible luxury/prestige effect.
85131D,BEADED CRYSTAL HEART PINK ON STICK,General,0.943,Positive,0.0085,0.6616,2.1265,False,1.0468,0.83,1.25,0.0849,9.92,25,BEADED CRYSTAL HEART PINK ON STICK: demand increases with price — possible luxury/prestige effect.
23287,RED VINTAGE SPOT BEAKER,General,0.9535,Positive,0.0008,0.6348,2.0053,False,0.8463,0.7386,0.89,0.0283,11.63,292,RED VINTAGE SPOT BEAKER: demand increases with price — possible luxury/prestige effect.
84859C,wet?,General,0.9595,Positive,0.0008,0.8815,6.3841,False,1.9363,1.85,2.04,0.0276,9.16,32,wet?: demand increases with price — possible luxury/prestige effect.
84870C,GREEN GEISHA GIRL ,General,0.9697,Positive,0.001,0.8904,6.9493,False,3.7373,3.58,3.91,0.0247,5.64,22,GREEN GEISHA GIRL : demand increases with price — possible luxury/prestige effect.
20981,12 PENCILS TALL TUBE WOODLAND,General,0.9716,Positive,0.0007,0.5916,1.8093,False,0.8502,0.81,0.89,0.0258,11.81,398,12 PENCILS TALL TUBE WOODLAND: demand increases with price — possible luxury/prestige effect.
21464,DISCO BALL ROTATOR BATTERY OPERATED,General,0.9724,Positive,0.0006,0.6972,2.496,False,4.2643,4.04,4.46,0.0257,8.91,239,DISCO BALL ROTATOR BATTERY OPERATED: demand increases with price — possible luxury/prestige effect.
23314,VINTAGE CHRISTMAS TABLECLOTH,General,0.973,Positive,0.0011,0.626,1.9938,False,12.4315,11.0933,13.07,0.0289,8.71,224,VINTAGE CHRISTMAS TABLECLOTH: demand increases with price — possible luxury/prestige effect.
47578A,ENGLISH ROSE SMALL SCENTED FLOWER,General,0.987,Positive,0.001,0.7945,3.7741,False,0.8478,0.81,0.89,0.0292,8.16,68,ENGLISH ROSE SMALL SCENTED FLOWER: demand increases with price — possible luxury/prestige effect.
21700,check,General,0.9901,Positive,0.0008,0.7008,2.573,False,0.8505,0.81,0.89,0.0281,11.01,182,check: demand increases with price — possible luxury/prestige effect.
22497,Unknown,General,0.9952,Positive,0.0008,0.7226,2.798,False,4.2481,4.04,4.46,0.0267,7.74,161,Unknown: demand increases with price — possible luxury/prestige effect.
21253,SET OF PICTURE FRAME  STICKERS,General,1.0017,Positive,0.0285,0.2138,0.7962,False,2.73,0.79,2.95,0.1049,10.21,56,SET OF PICTURE FRAME  STICKERS: demand increases with price — possible luxury/prestige effect.
23496,PANTRY KITCHEN THERMOMETER ,General,1.0183,Positive,0.0009,0.8139,4.308,False,1.259,1.19,1.31,0.0268,8.89,63,PANTRY KITCHEN THERMOMETER : demand increases with price — possible luxury/prestige effect.
22245,Unknown,General,1.0242,Positive,0.0012,0.7245,2.8982,False,0.842,0.72,0.88,0.029,9.9,110,Unknown: demand increases with price — possible luxury/prestige effect.
23273,HEART T-LIGHT HOLDER WILLIE WINKIE,General,1.0248,Positive,0.0009,0.6417,2.1998,False,1.6827,1.6,1.7762,0.0279,10.7,249,HEART T-LIGHT HOLDER WILLIE WINKIE: demand increases with price — possible luxury/prestige effect.
23241,TREASURE TIN GYMKHANA DESIGN,General,1.0275,Positive,0.001,0.4702,1.4217,False,2.078,1.9176,2.18,0.0275,12.15,549,TREASURE TIN GYMKHANA DESIGN: demand increases with price — possible luxury/prestige effect.
22633,Unknown,General,1.0387,Positive,0.0007,0.4726,1.4454,False,2.0883,1.8257,2.2,0.0274,15.25,697,Unknown: demand increases with price — possible luxury/prestige effect.
22873,NUMBER TILE COTTAGE GARDEN 5,General,1.0526,Positive,0.0019,0.8451,5.321,False,1.9546,1.88,2.04,0.0264,7.04,23,NUMBER TILE COTTAGE GARDEN 5: demand increases with price — possible luxury/prestige effect.
22321,BIRD DECORATION RED RETROSPOT,General,1.0671,Positive,0.0009,0.7332,3.1238,False,0.8492,0.81,0.89,0.0273,11.12,136,BIRD DECORATION RED RETROSPOT: demand increases with price — possible luxury/prestige effect.
23476,WOODLAND LARGE RED FELT HEART,General,1.0689,Positive,0.0012,0.8766,6.7981,False,1.2568,1.19,1.3,0.0219,10.64,22,WOODLAND LARGE RED FELT HEART: demand increases with price — possible luxury/prestige effect.
23342,MINT DINER CLOCK,General,1.0696,Positive,0.001,0.6199,2.154,False,8.5013,7.7714,8.9,0.0268,8.98,256,MINT DINER CLOCK: demand increases with price — possible luxury/prestige effect.
84882,GREEN WIRE STANDING CANDLE HOLDER,General,1.0732,Positive,0.001,0.8619,6.1184,False,3.7425,3.57,3.94,0.0311,8.03,32,GREEN WIRE STANDING CANDLE HOLDER: demand increases with price — possible luxury/prestige effect.
23029,damages,General,1.074,Positive,0.0011,0.6019,2.0562,False,1.6462,1.49,1.73,0.0275,10.75,261,damages: demand increases with price — possible luxury/prestige effect.
18007,Unknown,General,1.0747,Positive,0.0011,0.8306,4.9932,False,0.18,0.17,0.19,0.0335,14.53,45,Unknown: demand increases with price — possible luxury/prestige effect.
84609,damages,General,1.0785,Positive,0.0007,0.8781,6.9771,False,8.4217,8.08,8.89,0.023,6.89,35,damages: demand increases with price — possible luxury/prestige effect.
21656,samples,General,1.0823,Positive,0.0015,0.8752,6.7887,False,1.4574,1.38,1.52,0.0262,8.32,19,samples: demand increases with price — possible luxury/prestige effect.
21625,VINTAGE UNION JACK APRON,General,1.0838,Positive,0.0042,0.3304,1.1111,False,7.0898,6.75,14.13,0.0716,8.58,226,VINTAGE UNION JACK APRON: demand increases with price — possible luxury/prestige effect.
47013C,Unknown,General,1.09,Positive,0.0012,0.9001,8.5279,False,0.1194,0.11,0.12,0.0209,8.19,16,Unknown: demand increases with price — possible luxury/prestige effect.
22265,EASTER DECORATION NATURAL CHICK,General,1.0913,Positive,0.001,0.7601,3.5634,False,0.6485,0.62,0.68,0.025,9.49,95,EASTER DECORATION NATURAL CHICK: demand increases with price — possible luxury/prestige effect.
72122,COFFEE SCENT PILLAR CANDLE,General,1.0915,Positive,0.0013,0.7277,3.1258,False,0.9476,0.9,1.0,0.0274,8.47,97,COFFEE SCENT PILLAR CANDLE: demand increases with price — possible luxury/prestige effect.
22734,FOUND,General,1.0922,Positive,0.001,0.4784,1.5396,False,2.911,2.5111,3.05,0.0275,13.18,502,FOUND: demand increases with price — possible luxury/prestige effect.
21638,Unknown,General,1.0996,Positive,0.0008,0.8239,4.9218,False,2.1046,2.01,2.2,0.0234,9.0,68,Unknown: demand increases with price — possible luxury/prestige effect.
22997,TRAVEL CARD WALLET UNION JACK,General,1.1073,Positive,0.0011,0.5387,1.7995,False,0.4202,0.4,0.44,0.0288,11.67,361,TRAVEL CARD WALLET UNION JACK: demand increases with price — possible luxury/prestige effect.
23231,WRAP  VINTAGE DOILY ,General,1.1224,Positive,0.001,0.4833,1.6001,False,0.4197,0.3489,0.44,0.028,15.44,477,WRAP  VINTAGE DOILY : demand increases with price — possible luxury/prestige effect.
21056,DOCTOR'S BAG SOFT TOY,General,1.1342,Positive,0.0089,0.2692,1.0223,False,9.5184,8.95,16.63,0.0968,7.39,139,DOCTOR'S BAG SOFT TOY: demand increases with price — possible luxury/prestige effect.
23392,SPACEBOY ROCKET LOLLY MAKERS,General,1.1357,Positive,0.0011,0.6891,2.8328,False,2.0642,1.8379,2.17,0.0297,9.52,146,SPACEBOY ROCKET LOLLY MAKERS: demand increases with price — possible luxury/prestige effect.
22583,PACK OF 6 HANDBAG GIFT BOXES,General,1.1366,Positive,0.0011,0.6753,2.7083,False,2.555,2.43,2.68,0.026,8.79,167,PACK OF 6 HANDBAG GIFT BOXES: demand increases with price — possible luxury/prestige effect.
22773,GREEN DRAWER KNOB ACRYLIC EDWARDIAN,General,1.1377,Positive,0.0012,0.5277,1.7998,False,1.2542,1.19,1.49,0.0278,10.37,330,GREEN DRAWER KNOB ACRYLIC EDWARDIAN: demand increases with price — possible luxury/prestige effect.
23540,"WALL ART , THE MAGIC FOREST ",General,1.1392,Positive,0.0279,0.378,1.2717,False,5.9,2.55,6.95,0.1226,9.83,30,"WALL ART , THE MAGIC FOREST : demand increases with price — possible luxury/prestige effect."
22229,BUNNY WOODEN PAINTED WITH FLOWER ,General,1.1418,Positive,0.044,0.0132,0.4546,True,0.6342,0.39,0.85,0.1538,9.36,139,BUNNY WOODEN PAINTED WITH FLOWER : demand increases with price — possible luxury/prestige effect.
23156,SET OF 5 MINI GROCERY MAGNETS,General,1.1542,Positive,0.0012,0.5241,1.8098,False,2.0726,1.85,2.18,0.0281,10.75,346,SET OF 5 MINI GROCERY MAGNETS: demand increases with price — possible luxury/prestige effect.
22995,TRAVEL CARD WALLET SUKI,General,1.1544,Positive,0.001,0.582,2.0951,False,0.4205,0.4,0.44,0.0261,10.5,320,TRAVEL CARD WALLET SUKI: demand increases with price — possible luxury/prestige effect.
21041,RED RETROSPOT OVEN GLOVE DOUBLE,General,1.1585,Positive,0.001,0.5711,2.0432,False,2.9499,2.8,3.1,0.0256,9.88,338,RED RETROSPOT OVEN GLOVE DOUBLE: demand increases with price — possible luxury/prestige effect.
22278,OVERNIGHT BAG VINTAGE ROSE PAISLEY,General,1.1712,Positive,0.0009,0.6882,2.9139,False,4.9405,4.7,5.2,0.0253,8.33,177,OVERNIGHT BAG VINTAGE ROSE PAISLEY: demand increases with price — possible luxury/prestige effect.
20967,Amazon Adjustment,General,1.1749,Positive,0.001,0.6081,2.2887,False,3.7499,3.56,3.94,0.026,9.65,260,Amazon Adjustment: demand increases with price — possible luxury/prestige effect.
23067,HANGING ENGRAVED METAL HEART,General,1.1843,Positive,0.001,0.697,3.0355,False,4.1439,3.95,4.35,0.0255,8.37,161,HANGING ENGRAVED METAL HEART: demand increases with price — possible luxury/prestige effect.
22649,STRAWBERRY FAIRY CAKE TEAPOT,General,1.1866,Positive,0.0011,0.5728,2.1016,False,4.9402,4.25,5.18,0.0269,10.03,284,STRAWBERRY FAIRY CAKE TEAPOT: demand increases with price — possible luxury/prestige effect.
21123,SET/10 IVORY POLKADOT PARTY CANDLES,General,1.1909,Positive,0.001,0.6403,2.5449,False,1.2491,1.19,1.31,0.0264,9.57,217,SET/10 IVORY POLKADOT PARTY CANDLES: demand increases with price — possible luxury/prestige effect.
22989,SET 2 PANTRY DESIGN TEA TOWELS,General,1.1955,Positive,0.0014,0.3955,1.4059,False,3.232,2.7783,3.39,0.0273,10.69,527,SET 2 PANTRY DESIGN TEA TOWELS: demand increases with price — possible luxury/prestige effect.
22749,FELTCRAFT PRINCESS CHARLOTTE DOLL,General,1.196,Positive,0.0011,0.4014,1.4244,False,3.7634,3.4089,4.0873,0.0261,12.1,659,FELTCRAFT PRINCESS CHARLOTTE DOLL: demand increases with price — possible luxury/prestige effect.
85017B,Unknown,General,1.1978,Positive,0.0217,0.0861,0.6929,False,0.5301,0.42,0.85,0.136,10.29,137,Unknown: demand increases with price — possible luxury/prestige effect.
21001,ROSE DU SUD WASHBAG ,General,1.2057,Positive,0.0008,0.8485,6.2776,False,5.9544,5.66,6.24,0.0254,8.55,51,ROSE DU SUD WASHBAG : demand increases with price — possible luxury/prestige effect.
35265,COLOURFUL FLOWER FRUIT BOWL,General,1.2058,Positive,0.1459,0.0449,0.5721,True,2.7825,1.0,6.95,0.3298,6.0,28,COLOURFUL FLOWER FRUIT BOWL: demand increases with price — possible luxury/prestige effect.
23179,CLOCK MAGNET MUM'S KITCHEN,General,1.2086,Positive,0.011,0.2872,1.1297,False,2.7162,1.25,2.89,0.0644,10.08,105,CLOCK MAGNET MUM'S KITCHEN: demand increases with price — possible luxury/prestige effect.
22180,Unknown,General,1.2096,Positive,0.0011,0.5804,2.1854,False,9.9305,8.5,10.42,0.0273,9.54,291,Unknown: demand increases with price — possible luxury/prestige effect.
22212,FOUR HOOK  WHITE LOVEBIRDS,General,1.2365,Positive,0.0016,0.3803,1.408,False,2.1157,1.69,2.4383,0.0303,10.78,488,FOUR HOOK  WHITE LOVEBIRDS: demand increases with price — possible luxury/prestige effect.
22676,FRENCH BLUE METAL DOOR SIGN 1,General,1.2472,Positive,0.0014,0.5289,1.9783,False,1.2487,1.19,1.31,0.0269,9.3,296,FRENCH BLUE METAL DOOR SIGN 1: demand increases with price — possible luxury/prestige effect.
21291,SMALL POLKADOT CHOCOLATE GIFT BAG ,General,1.25,Positive,0.0012,0.7177,3.4489,False,0.8501,0.81,0.89,0.0268,12.37,113,SMALL POLKADOT CHOCOLATE GIFT BAG : demand increases with price — possible luxury/prestige effect.
22587,check,General,1.2573,Positive,0.0011,0.5535,2.1198,False,0.849,0.81,0.89,0.0267,9.69,309,check: demand increases with price — possible luxury/prestige effect.
46776F,WOVEN ROSE GARDEN CUSHION COVER ,General,1.2692,Positive,0.0011,0.8805,8.3463,False,4.9421,4.73,5.19,0.0264,8.04,24,WOVEN ROSE GARDEN CUSHION COVER : demand increases with price — possible luxury/prestige effect.
22274,FELTCRAFT DOLL EMILY,General,1.27,Positive,0.0017,0.3971,1.4983,False,2.9999,2.5735,3.2656,0.029,9.27,419,FELTCRAFT DOLL EMILY: demand increases with price — possible luxury/prestige effect.
20761,BLUE PAISLEY SKETCHBOOK,General,1.2739,Positive,0.0012,0.6905,3.1924,False,3.7611,3.57,3.94,0.0265,7.84,132,BLUE PAISLEY SKETCHBOOK: demand increases with price — possible luxury/prestige effect.
85040A,S/4 PINK FLOWER CANDLES IN BOWL,General,1.2766,Positive,0.0041,0.3016,1.2333,False,1.709,1.4722,2.88,0.0552,9.78,261,S/4 PINK FLOWER CANDLES IN BOWL: demand increases with price — possible luxury/prestige effect.
84569B,Unknown,General,1.3062,Positive,0.0013,0.8149,5.5456,False,1.2437,1.19,1.31,0.0264,9.6,45,Unknown: demand increases with price — possible luxury/prestige effect.
84842,HELLO SAILOR BATHROOM SET,General,1.3063,Positive,0.0012,0.8747,8.1823,False,3.7943,3.57,3.94,0.0255,9.17,23,HELLO SAILOR BATHROOM SET: demand increases with price — possible luxury/prestige effect.
21373,MIRRORED WALL ART SNOWFLAKES,General,1.3272,Positive,0.0013,0.7033,3.4765,False,0.7523,0.71,0.79,0.0241,9.5,118,MIRRORED WALL ART SNOWFLAKES: demand increases with price — possible luxury/prestige effect.
16236,KITTY PENCIL ERASERS,General,1.3316,Positive,0.0018,0.55,2.2237,False,0.2105,0.2,0.22,0.0327,10.79,200,KITTY PENCIL ERASERS: demand increases with price — possible luxury/prestige effect.
37333,Unknown,General,1.337,Positive,0.0647,0.1085,0.814,False,3.809,1.95,4.95,0.1661,9.02,41,Unknown: demand increases with price — possible luxury/prestige effect.
23571,TRADITIONAL NAUGHTS & CROSSES,General,1.3377,Positive,0.0014,0.476,1.875,False,1.6526,1.57,1.73,0.0265,11.59,355,TRADITIONAL NAUGHTS & CROSSES: demand increases with price — possible luxury/prestige effect.
22949,SET OF 36 DOLLY GIRL PAPER DOILIES,General,1.358,Positive,0.0013,0.6387,2.8874,False,1.4512,1.38,1.52,0.0259,11.01,178,SET OF 36 DOLLY GIRL PAPER DOILIES: demand increases with price — possible luxury/prestige effect.
22293,HANGING CHICK GREEN DECORATION,General,1.3635,Positive,0.0016,0.6236,2.7731,False,1.4535,1.38,1.52,0.0276,10.07,153,HANGING CHICK GREEN DECORATION: demand increases with price — possible luxury/prestige effect.
23389,SPACEBOY MINI RUCKSACK,General,1.3674,Positive,0.0016,0.4684,1.8837,False,4.1452,3.7991,4.35,0.0267,11.51,324,SPACEBOY MINI RUCKSACK: demand increases with price — possible luxury/prestige effect.
84559A,3D SHEET OF DOG STICKERS,General,1.3792,Positive,0.0014,0.7196,3.8295,False,0.8505,0.81,0.89,0.0245,9.32,92,3D SHEET OF DOG STICKERS: demand increases with price — possible luxury/prestige effect.
21027,Unknown,General,1.3803,Positive,0.0029,0.7196,3.8212,False,1.2472,1.19,1.31,0.0295,6.83,47,Unknown: demand increases with price — possible luxury/prestige effect.
22429,ENAMEL MEASURING JUG CREAM,General,1.3885,Positive,0.0015,0.3736,1.5592,False,4.2495,3.7582,4.46,0.027,10.58,547,ENAMEL MEASURING JUG CREAM: demand increases with price — possible luxury/prestige effect.
20793,Unknown,General,1.3921,Positive,0.0008,0.9096,12.0702,False,6.6733,6.43,6.94,0.0225,8.33,18,Unknown: demand increases with price — possible luxury/prestige effect.
23323,WHITE WICKER STAR ,General,1.3943,Positive,0.0018,0.367,1.5441,False,2.0907,1.8794,2.2,0.0283,12.03,463,WHITE WICKER STAR : demand increases with price — possible luxury/prestige effect.
23230,WRAP ALPHABET DESIGN,General,1.4103,Positive,0.0015,0.445,1.8448,False,0.4185,0.3489,0.44,0.0287,16.16,402,WRAP ALPHABET DESIGN: demand increases with price — possible luxury/prestige effect.
84658,WHITE STITCHED CUSHION COVER,General,1.4106,Positive,0.0028,0.7048,3.7027,False,7.1185,6.74,8.29,0.0366,8.49,53,WHITE STITCHED CUSHION COVER: demand increases with price — possible luxury/prestige effect.
21403,BLUE EGG  SPOON,General,1.4124,Positive,0.0183,0.1375,0.9447,False,0.129,0.12,0.36,0.1683,12.87,122,BLUE EGG  SPOON: demand increases with price — possible luxury/prestige effect.
20936,FORKED CACTUS CANDLE,General,1.4136,Positive,0.0517,0.1697,1.0087,False,2.6668,1.25,2.95,0.1,6.79,38,FORKED CACTUS CANDLE: demand increases with price — possible luxury/prestige effect.
84086C,PINK/PURPLE RETRO RADIO,General,1.4226,Positive,0.0019,0.748,4.4049,False,2.9345,2.82,3.1,0.0263,7.75,56,PINK/PURPLE RETRO RADIO: demand increases with price — possible luxury/prestige effect.
23148,MINITURE ANTIQUE ROSE HOOK IVORY,General,1.4305,Positive,0.0016,0.3996,1.6965,False,0.8312,0.79,0.87,0.0265,12.56,436,MINITURE ANTIQUE ROSE HOOK IVORY: demand increases with price — possible luxury/prestige effect.
21680,WOODLAND  STICKERS,General,1.4419,Positive,0.0014,0.667,3.3436,False,0.8513,0.81,0.89,0.026,10.85,133,WOODLAND  STICKERS: demand increases with price — possible luxury/prestige effect.
20869,GOLD FABRIC MIRROR,General,1.4508,Positive,0.0024,0.8241,6.4455,False,0.3922,0.37,0.41,0.0317,7.17,23,GOLD FABRIC MIRROR: demand increases with price — possible luxury/prestige effect.
23061,VINTAGE ENGRAVED HEART,General,1.4547,Positive,0.0019,0.5181,2.2474,False,1.2448,1.04,1.31,0.0274,10.89,228,VINTAGE ENGRAVED HEART: demand increases with price — possible luxury/prestige effect.
22133,PINK LOVE HEART SHAPE CUP,General,1.4776,Positive,0.0018,0.6206,2.9783,False,0.8523,0.81,0.89,0.0257,9.81,139,PINK LOVE HEART SHAPE CUP: demand increases with price — possible luxury/prestige effect.
35095B,RED VICTORIAN FABRIC OVAL BOX,General,1.4991,Positive,0.0022,0.6145,2.9686,False,0.4176,0.4,0.44,0.0282,9.99,120,RED VICTORIAN FABRIC OVAL BOX: demand increases with price — possible luxury/prestige effect.
22823,test,General,1.5065,Positive,0.0052,0.7631,4.9223,False,120.7715,110.0,125.98,0.0368,6.15,20,test: demand increases with price — possible luxury/prestige effect.
20752,check,General,1.5168,Positive,0.0018,0.497,2.2302,False,2.0991,2.0,2.2,0.0275,9.4,257,check: demand increases with price — possible luxury/prestige effect.
23574,PACKING CHARGE,General,1.5183,Positive,0.0016,0.8049,6.1022,False,7.499,7.13,7.85,0.0239,7.38,40,PACKING CHARGE: demand increases with price — possible luxury/prestige effect.
84993B,Unknown,General,1.5411,Positive,0.0021,0.7274,4.4002,False,0.4179,0.4,0.44,0.0287,9.68,60,Unknown: demand increases with price — possible luxury/prestige effect.
22717,CARD DOG AND BALL ,General,1.5478,Positive,0.0023,0.561,2.656,False,0.4198,0.4,0.44,0.0279,9.53,147,CARD DOG AND BALL : demand increases with price — possible luxury/prestige effect.
20933,Unknown,General,1.5601,Positive,0.0093,0.6387,3.2803,False,3.3677,2.95,3.75,0.0541,5.54,26,Unknown: demand increases with price — possible luxury/prestige effect.
22258,FELT FARM ANIMAL RABBIT,General,1.5769,Positive,0.0016,0.7722,5.4205,False,1.2551,1.19,1.31,0.0259,11.8,55,FELT FARM ANIMAL RABBIT: demand increases with price — possible luxury/prestige effect.
21630,FLOOR CUSHION ELEPHANT CARNIVAL,General,1.5783,Positive,0.0018,0.7541,5.0128,False,8.9432,8.52,9.39,0.0267,7.66,56,FLOOR CUSHION ELEPHANT CARNIVAL: demand increases with price — possible luxury/prestige effect.
23458,DOLLY CABINET 3 DRAWERS ,General,1.6125,Positive,0.0018,0.7284,4.6247,False,14.9604,14.21,15.69,0.0258,8.62,71,DOLLY CABINET 3 DRAWERS : demand increases with price — possible luxury/prestige effect.
47585A,PINK FAIRY CAKE CUSHION COVER,General,1.6199,Positive,0.0025,0.6583,3.6494,False,3.7585,3.58,3.93,0.0259,7.1,81,PINK FAIRY CAKE CUSHION COVER: demand increases with price — possible luxury/prestige effect.
84519A,TOMATO CHARLIE+LOLA COASTER SET,General,1.6212,Positive,0.0388,0.0207,0.6923,True,1.4478,1.25,2.95,0.1521,8.38,138,TOMATO CHARLIE+LOLA COASTER SET: demand increases with price — possible luxury/prestige effect.
23452,HEART MINI PORTRAIT FRAME,General,1.6286,Positive,0.0029,0.5296,2.5839,False,1.9378,1.75,2.03,0.0283,9.08,139,HEART MINI PORTRAIT FRAME: demand increases with price — possible luxury/prestige effect.
21628,TRIANGULAR POUFFE VINTAGE ,General,1.6394,Positive,0.0018,0.8161,6.9895,False,14.8848,14.22,15.61,0.0262,7.97,33,TRIANGULAR POUFFE VINTAGE : demand increases with price — possible luxury/prestige effect.
84251G,"GREETING CARD, OVERCROWDED POOL.",General,1.6414,Positive,0.0054,0.6534,3.6267,False,0.1902,0.18,0.2,0.0341,8.95,40,"GREETING CARD, OVERCROWDED POOL.: demand increases with price — possible luxury/prestige effect."
22042,Unknown,General,1.6447,Positive,0.0037,0.6142,3.2478,False,0.4202,0.4,0.44,0.0274,10.66,71,Unknown: demand increases with price — possible luxury/prestige effect.
35972,check,General,1.6536,Positive,0.0017,0.7635,5.4677,False,1.2478,1.19,1.31,0.0246,7.93,55,check: demand increases with price — possible luxury/prestige effect.
21579,LOLITA  DESIGN  COTTON TOTE BAG,General,1.6683,Positive,0.0029,0.6279,3.4289,False,2.2482,2.14,2.36,0.0259,7.01,83,LOLITA  DESIGN  COTTON TOTE BAG: demand increases with price — possible luxury/prestige effect.
23498,CLASSIC BICYCLE CLIPS ,General,1.6704,Positive,0.0022,0.5016,2.4817,False,1.4406,1.37,1.52,0.0288,14.78,211,CLASSIC BICYCLE CLIPS : demand increases with price — possible luxury/prestige effect.
22164,Unknown,General,1.674,Positive,0.0027,0.7868,6.1305,False,2.9187,2.8,3.09,0.0279,7.53,30,Unknown: demand increases with price — possible luxury/prestige effect.
22709,WRAP WEDDING DAY,General,1.6747,Positive,0.0023,0.6541,3.7244,False,0.4202,0.4,0.44,0.0277,12.45,88,WRAP WEDDING DAY: demand increases with price — possible luxury/prestige effect.
22684,FRENCH BLUE METAL DOOR SIGN 9,General,1.6817,Positive,0.0027,0.5251,2.6398,False,1.2481,1.19,1.31,0.0282,9.64,151,FRENCH BLUE METAL DOOR SIGN 9: demand increases with price — possible luxury/prestige effect.
23570,TRADITIONAL PICK UP STICKS GAME ,General,1.6822,Positive,0.0022,0.3595,1.8336,False,1.2522,1.19,1.31,0.0268,13.44,385,TRADITIONAL PICK UP STICKS GAME : demand increases with price — possible luxury/prestige effect.
21934,SKULL SHOULDER BAG,General,1.6832,Positive,0.002,0.429,2.1254,False,1.6436,1.45,1.73,0.0263,10.99,311,SKULL SHOULDER BAG: demand increases with price — possible luxury/prestige effect.
84559B,Unknown,General,1.6901,Positive,0.0027,0.6035,3.2443,False,0.8486,0.81,0.89,0.0262,8.46,104,Unknown: demand increases with price — possible luxury/prestige effect.
21696,SMALL SILVER TRELLIS CANDLEPOT,General,1.7059,Positive,0.0027,0.6532,3.7822,False,2.9449,2.81,3.07,0.0229,8.77,78,SMALL SILVER TRELLIS CANDLEPOT: demand increases with price — possible luxury/prestige effect.
22105,MIRROR MOSAIC GOBLET CANDLE HOLDER,General,1.7125,Positive,0.0034,0.7739,5.8957,False,4.2815,4.04,4.46,0.027,7.07,27,MIRROR MOSAIC GOBLET CANDLE HOLDER: demand increases with price — possible luxury/prestige effect.
C2,Unknown,General,1.7263,Positive,0.0022,0.5047,2.5832,False,50.0776,47.52,52.5,0.0269,6.94,206,Unknown: demand increases with price — possible luxury/prestige effect.
21739,COSY SLIPPER SHOES SMALL GREEN,General,1.7388,Positive,0.0032,0.601,3.3126,False,2.9168,2.46,3.06,0.0313,10.09,88,COSY SLIPPER SHOES SMALL GREEN: demand increases with price — possible luxury/prestige effect.
85020,ROUND PINK HEART MIRROR,General,1.74,Positive,0.0024,0.7353,5.1181,False,2.1061,2.0,2.2,0.0255,10.27,51,ROUND PINK HEART MIRROR: demand increases with price — possible luxury/prestige effect.
22292,HANGING CHICK  YELLOW DECORATION,General,1.7495,Positive,0.0024,0.4897,2.528,False,1.4479,1.38,1.52,0.0269,9.95,204,HANGING CHICK  YELLOW DECORATION: demand increases with price — possible luxury/prestige effect.
22280,POCKET BAG PINK PAISELY BROWN SPOT,General,1.7575,Positive,0.0054,0.534,2.8122,False,1.3201,1.25,1.4,0.0362,8.18,74,POCKET BAG PINK PAISELY BROWN SPOT: demand increases with price — possible luxury/prestige effect.
23405,HOME SWEET HOME 2 DRAWER CABINET,General,1.7584,Positive,0.0021,0.6326,3.668,False,4.958,4.71,5.19,0.0266,10.36,113,HOME SWEET HOME 2 DRAWER CABINET: demand increases with price — possible luxury/prestige effect.
22458,Missing,General,1.763,Positive,0.0021,0.7497,5.4942,False,2.5581,2.42,2.68,0.026,9.45,51,Missing: demand increases with price — possible luxury/prestige effect.
23544,WALL ART MID CENTURY MODERN ,General,1.7647,Positive,0.0473,0.0869,1.014,False,7.3732,3.95,8.25,0.0978,9.13,63,WALL ART MID CENTURY MODERN : demand increases with price — possible luxury/prestige effect.
72780,BLACK SILOUETTE CANDLE PLATE,General,1.7736,Positive,0.0022,0.7699,6.0225,False,0.8537,0.81,0.89,0.0268,9.56,41,BLACK SILOUETTE CANDLE PLATE: demand increases with price — possible luxury/prestige effect.
22121,Unknown,General,1.7808,Positive,0.0031,0.4122,2.1677,False,5.8794,5.45,6.19,0.0295,8.77,222,Unknown: demand increases with price — possible luxury/prestige effect.
21087,SET/6 POSIES PAPER CUPS,General,1.7941,Positive,0.211,0.0209,0.7234,True,0.4164,0.19,0.65,0.227,10.4,25,SET/6 POSIES PAPER CUPS: demand increases with price — possible luxury/prestige effect.
84660C,Unknown,General,1.8221,Positive,0.0158,0.3387,1.8889,False,0.834,0.79,1.25,0.0725,9.37,60,Unknown: demand increases with price — possible luxury/prestige effect.
23018,LARGE APOTHECARY MEASURING JAR ,General,1.8767,Positive,0.003,0.7755,6.5166,False,12.4943,11.88,13.09,0.0334,11.0,30,LARGE APOTHECARY MEASURING JAR : demand increases with price — possible luxury/prestige effect.
23123,COCKTAIL SWORDS 50 PIECES,General,1.8847,Positive,0.0029,0.5578,3.2068,False,0.8273,0.79,0.87,0.0279,8.92,120,COCKTAIL SWORDS 50 PIECES: demand increases with price — possible luxury/prestige effect.
22913,RED COAT RACK PARIS FASHION,General,1.8869,Positive,0.0029,0.4527,2.5077,False,4.9474,4.7,5.2,0.0272,8.27,196,RED COAT RACK PARIS FASHION: demand increases with price — possible luxury/prestige effect.
23451,SQUARE MINI PORTRAIT FRAME,General,1.9035,Positive,0.0039,0.5411,3.1032,False,1.9245,1.65,2.02,0.0299,10.7,97,SQUARE MINI PORTRAIT FRAME: demand increases with price — possible luxury/prestige effect.
90200B,BLACK SWEETHEART BRACELET,General,1.9115,Positive,0.0022,0.6871,4.7274,False,4.26,4.04,4.46,0.0252,10.24,76,BLACK SWEETHEART BRACELET: demand increases with price — possible luxury/prestige effect.
23347,I LOVE LONDON BEAKER,General,1.9131,Positive,0.0027,0.542,3.1296,False,1.2509,1.19,1.31,0.0262,9.1,140,I LOVE LONDON BEAKER: demand increases with price — possible luxury/prestige effect.
22436,12 COLOURED PARTY BALLOONS,General,1.9283,Positive,0.0034,0.3516,2.0665,False,0.6481,0.62,0.68,0.0275,11.82,259,12 COLOURED PARTY BALLOONS: demand increases with price — possible luxury/prestige effect.
20894,HANGING BAUBLE T-LIGHT HOLDER LARGE,General,1.9287,Positive,0.0023,0.8198,8.372,False,2.9296,2.82,3.08,0.0231,9.2,25,HANGING BAUBLE T-LIGHT HOLDER LARGE: demand increases with price — possible luxury/prestige effect.
90200A,PURPLE SWEETHEART BRACELET,General,1.9349,Positive,0.0027,0.6856,4.757,False,4.2779,4.04,4.46,0.0259,7.31,62,PURPLE SWEETHEART BRACELET: demand increases with price — possible luxury/prestige effect.
23370,SET 36 COLOURING PENCILS DOILEY,General,1.9393,Positive,0.0034,0.4659,2.6528,False,1.2432,1.0811,1.31,0.0296,12.59,159,SET 36 COLOURING PENCILS DOILEY: demand increases with price — possible luxury/prestige effect.
21974,Unknown,General,1.9405,Positive,0.0032,0.2223,1.5879,False,1.4915,1.42,1.8175,0.0299,11.14,464,Unknown: demand increases with price — possible luxury/prestige effect.
21537,?,General,1.9447,Positive,0.0039,0.4277,2.4457,False,4.2346,3.75,4.44,0.0278,9.47,164,?: demand increases with price — possible luxury/prestige effect.
21356,TOAST ITS - FAIRY FLOWER,General,1.9505,Positive,0.0198,0.1336,1.2909,False,1.1782,0.83,1.25,0.0652,8.7,115,TOAST ITS - FAIRY FLOWER: demand increases with price — possible luxury/prestige effect.
84874B,Unknown,General,1.9577,Positive,0.0023,0.8163,8.3361,False,1.6531,1.57,1.73,0.0269,10.42,26,Unknown: demand increases with price — possible luxury/prestige effect.
21000,Unknown,General,1.9595,Positive,0.0017,0.7761,6.8505,False,4.2327,4.05,4.43,0.0229,8.9,49,Unknown: demand increases with price — possible luxury/prestige effect.
21577,SAVE THE PLANET COTTON TOTE BAG,General,1.9607,Positive,0.003,0.3779,2.22,False,2.2387,2.14,2.36,0.0248,8.91,260,SAVE THE PLANET COTTON TOTE BAG: demand increases with price — possible luxury/prestige effect.
47344B,Unknown,General,1.9615,Positive,0.038,0.4238,2.3936,False,0.9681,0.83,1.25,0.089,7.79,19,Unknown: demand increases with price — possible luxury/prestige effect.
20768,GREEN FERN JOURNAL ,General,1.9691,Positive,0.0152,0.3162,1.9495,False,2.7394,2.55,3.755,0.06,7.19,68,GREEN FERN JOURNAL : demand increases with price — possible luxury/prestige effect.
22803,IVORY EMBROIDERED QUILT ,General,1.9734,Positive,0.0045,0.6284,4.0537,False,38.5691,35.75,40.43,0.0321,7.31,55,IVORY EMBROIDERED QUILT : demand increases with price — possible luxury/prestige effect.
90036A,FLOWER GARLAND NECKLACE RED,General,1.9866,Positive,0.0027,0.8177,8.5075,False,8.0159,7.58,8.33,0.0275,7.77,22,FLOWER GARLAND NECKLACE RED: demand increases with price — possible luxury/prestige effect.
71496A,A4 WALL TIDY BLUE OFFICE,General,1.9959,Positive,0.0099,0.6671,4.5676,False,0.5605,0.53,0.65,0.0515,9.67,21,A4 WALL TIDY BLUE OFFICE: demand increases with price — possible luxury/prestige effect.
16168M,found,General,1.9974,Positive,0.0036,0.6566,4.4682,False,0.4203,0.4,0.44,0.0248,9.64,58,found: demand increases with price — possible luxury/prestige effect.
21945,STRAWBERRIES  DESIGN FLANNEL ,General,1.9978,Positive,0.0341,0.1319,1.3097,False,0.8099,0.39,0.86,0.0711,8.03,68,STRAWBERRIES  DESIGN FLANNEL : demand increases with price — possible luxury/prestige effect.
23503,PLAYING CARDS KEEP CALM & CARRY ON,General,2.0023,Positive,0.0028,0.2194,1.6286,False,1.25,1.19,1.31,0.0263,13.39,535,PLAYING CARDS KEEP CALM & CARRY ON: demand increases with price — possible luxury/prestige effect.
84708B,Unknown,General,2.0233,Positive,0.003,0.7136,5.4789,False,4.9629,4.75,5.19,0.0253,8.42,48,Unknown: demand increases with price — possible luxury/prestige effect.
20830,SILVER PHOTO FRAME,General,2.0355,Positive,0.0026,0.7101,5.4466,False,2.0901,2.0,2.2,0.0248,10.55,56,SILVER PHOTO FRAME: demand increases with price — possible luxury/prestige effect.
22800,ANTIQUE TALL SWIRLGLASS TRINKET POT,General,2.0454,Positive,0.0044,0.2709,1.8541,False,3.81,3.39,4.492,0.0299,9.71,280,ANTIQUE TALL SWIRLGLASS TRINKET POT: demand increases with price — possible luxury/prestige effect.
21926,RED/CREAM STRIPE CUSHION COVER ,General,2.052,Positive,0.004,0.5547,3.4605,False,1.2465,1.19,1.31,0.0264,9.18,89,RED/CREAM STRIPE CUSHION COVER : demand increases with price — possible luxury/prestige effect.
22986,WRAP GINGHAM ROSE ,General,2.0714,Positive,0.003,0.3246,2.0996,False,0.4193,0.3667,0.44,0.0277,13.88,323,WRAP GINGHAM ROSE : demand increases with price — possible luxury/prestige effect.
10002,Unknown,General,2.0763,Positive,0.0023,0.641,4.4379,False,0.8504,0.81,0.89,0.0255,13.01,96,Unknown: demand increases with price — possible luxury/prestige effect.
90175C,BLUE GLASS CHUNKY CHARM BRACELET,General,2.1169,Positive,0.0019,0.8781,13.5356,False,9.096,8.76,9.38,0.0227,7.27,15,BLUE GLASS CHUNKY CHARM BRACELET: demand increases with price — possible luxury/prestige effect.
20684,Unknown,General,2.1183,Positive,0.0035,0.6407,4.516,False,3.252,3.09,3.41,0.0278,7.64,64,Unknown: demand increases with price — possible luxury/prestige effect.
84520B,Unknown,General,2.1188,Positive,0.0036,0.5078,3.1898,False,0.8484,0.81,0.89,0.0277,10.35,123,Unknown: demand increases with price — possible luxury/prestige effect.
20760,Unknown,General,2.1192,Positive,0.0031,0.6933,5.3434,False,0.8485,0.81,0.89,0.0263,10.42,53,Unknown: demand increases with price — possible luxury/prestige effect.
84558A,3D DOG PICTURE PLAYING CARDS,General,2.12,Positive,0.0033,0.4851,3.0292,False,2.951,2.8,3.1,0.0265,10.17,150,3D DOG PICTURE PLAYING CARDS: demand increases with price — possible luxury/prestige effect.
21174,found,General,2.1217,Positive,0.004,0.095,1.269,False,2.0647,1.662,2.39,0.0296,13.11,696,found: demand increases with price — possible luxury/prestige effect.
22566,FELTCRAFT HAIRBAND PINK AND PURPLE,General,2.1403,Positive,0.0042,0.2925,2.0289,False,0.8622,0.82,0.9336,0.0267,9.29,266,FELTCRAFT HAIRBAND PINK AND PURPLE: demand increases with price — possible luxury/prestige effect.
22999,TRAVEL CARD WALLET VINTAGE LEAF,General,2.1496,Positive,0.0038,0.2617,1.912,False,0.4205,0.4,0.44,0.0281,11.67,335,TRAVEL CARD WALLET VINTAGE LEAF: demand increases with price — possible luxury/prestige effect.
21161,Unknown,General,2.1611,Positive,0.0035,0.5657,3.749,False,1.451,1.38,1.52,0.0277,10.23,96,Unknown: demand increases with price — possible luxury/prestige effect.
16012,FOOD/DRINK SPONGE STICKERS,General,2.1878,Positive,0.0039,0.5291,3.4646,False,0.2098,0.2,0.22,0.031,12.5,105,FOOD/DRINK SPONGE STICKERS: demand increases with price — possible luxury/prestige effect.
23044,PAPER LANTERN 9 POINT HOLLY STAR 23,General,2.1987,Positive,0.0031,0.6672,5.0891,False,4.1657,3.97,4.35,0.0247,8.16,63,PAPER LANTERN 9 POINT HOLLY STAR 23: demand increases with price — possible luxury/prestige effect.
23453,OVAL  MINI PORTRAIT FRAME,General,2.1997,Positive,0.0064,0.4419,2.848,False,1.9392,1.65,2.03,0.0308,8.88,94,OVAL  MINI PORTRAIT FRAME: demand increases with price — possible luxury/prestige effect.
23466,TUSCAN VILLA DOVECOTE BIRD FEEDER,General,2.2084,Positive,0.0033,0.7291,6.3284,False,8.3138,7.88,8.66,0.0221,7.64,39,TUSCAN VILLA DOVECOTE BIRD FEEDER: demand increases with price — possible luxury/prestige effect.
16169E,check,General,2.2171,Positive,0.0032,0.2809,2.0529,False,0.4198,0.3764,0.44,0.0271,15.87,369,check: demand increases with price — possible luxury/prestige effect.
23365,SET 12 COLOUR PENCILS LOVE LONDON,General,2.2399,Positive,0.0043,0.3461,2.3717,False,0.6506,0.62,0.68,0.0282,10.87,208,SET 12 COLOUR PENCILS LOVE LONDON: demand increases with price — possible luxury/prestige effect.
72807C,???missing,General,2.2401,Positive,0.005,0.3351,2.3179,False,4.2312,3.81,4.45,0.0277,8.12,188,???missing: demand increases with price — possible luxury/prestige effect.
84659A,check,General,2.2633,Positive,0.0033,0.6806,5.4673,False,2.5608,2.44,2.68,0.0248,9.46,54,check: demand increases with price — possible luxury/prestige effect.
90164A,Unknown,General,2.2637,Positive,0.0047,0.8005,8.7872,False,1.9463,1.86,2.02,0.0263,6.62,16,Unknown: demand increases with price — possible luxury/prestige effect.
23388,WOODLAND MINI RUCKSACK ,General,2.267,Positive,0.0039,0.3665,2.5049,False,4.1372,3.8081,4.35,0.027,11.14,210,WOODLAND MINI RUCKSACK : demand increases with price — possible luxury/prestige effect.
84452,METAL RABBIT LADDER EASTER ,General,2.276,Positive,0.0055,0.7237,6.3611,False,0.8556,0.81,0.89,0.0298,5.96,25,METAL RABBIT LADDER EASTER : demand increases with price — possible luxury/prestige effect.
22409,Unknown,General,2.2814,Positive,0.0038,0.4658,3.1195,False,1.2462,1.19,1.31,0.0259,10.18,144,Unknown: demand increases with price — possible luxury/prestige effect.
20777,CHRYSANTHEMUM NOTEBOOK,General,2.2852,Positive,0.004,0.6433,4.9063,False,1.6573,1.57,1.73,0.0282,8.8,56,CHRYSANTHEMUM NOTEBOOK: demand increases with price — possible luxury/prestige effect.
21358,TOAST ITS - HAPPY BIRTHDAY,General,2.3022,Positive,0.004,0.4225,2.8627,False,1.2488,1.19,1.31,0.0264,8.78,165,TOAST ITS - HAPPY BIRTHDAY: demand increases with price — possible luxury/prestige effect.
22521,Unknown,General,2.3048,Positive,0.0048,0.3626,2.5251,False,0.8518,0.81,0.89,0.0277,8.9,176,Unknown: demand increases with price — possible luxury/prestige effect.
22868,NUMBER TILE COTTAGE GARDEN 0 ,General,2.3217,Positive,0.0047,0.7943,8.7451,False,1.9713,1.89,2.05,0.0255,10.24,17,NUMBER TILE COTTAGE GARDEN 0 : demand increases with price — possible luxury/prestige effect.
22981,PANTRY APPLE CORER,General,2.3601,Positive,0.0035,0.4545,3.1476,False,1.4494,1.38,1.52,0.0259,8.81,161,PANTRY APPLE CORER: demand increases with price — possible luxury/prestige effect.
85030,Unknown,General,2.3602,Positive,0.0041,0.7499,7.323,False,1.9485,1.86,2.04,0.0277,8.85,27,Unknown: demand increases with price — possible luxury/prestige effect.
21355,Unknown,General,2.3756,Positive,0.0048,0.2793,2.1907,False,1.2452,1.09,1.31,0.0283,10.87,248,Unknown: demand increases with price — possible luxury/prestige effect.
21723,ALPHABET HEARTS STICKER SHEET,General,2.405,Positive,0.003,0.5864,4.4056,False,0.8493,0.81,0.89,0.0238,10.35,100,ALPHABET HEARTS STICKER SHEET: demand increases with price — possible luxury/prestige effect.
22953,BIRTHDAY BANNER TAPE,General,2.4145,Positive,0.0054,0.2999,2.323,False,1.2515,1.19,1.31,0.0277,9.38,202,BIRTHDAY BANNER TAPE: demand increases with price — possible luxury/prestige effect.
22051,?,General,2.4163,Positive,0.0043,0.586,4.4152,False,0.4205,0.4,0.44,0.0273,11.34,71,?: demand increases with price — possible luxury/prestige effect.
23462,damages,General,2.4327,Positive,0.0068,0.5568,4.1129,False,19.5457,16.95,20.55,0.0324,7.11,53,damages: demand increases with price — possible luxury/prestige effect.
20906,Unknown,General,2.4493,Positive,0.0026,0.8577,13.3878,False,2.9607,2.83,3.07,0.0253,10.8,15,Unknown: demand increases with price — possible luxury/prestige effect.
23495,SET OF 3 PANTRY WOODEN SPOONS,General,2.4693,Positive,0.0063,0.6224,4.9744,False,1.2541,1.19,1.31,0.0264,6.56,41,SET OF 3 PANTRY WOODEN SPOONS: demand increases with price — possible luxury/prestige effect.
20856,??,General,2.488,Positive,0.0055,0.5473,4.1126,False,1.6466,1.57,1.73,0.0281,8.62,68,??: demand increases with price — possible luxury/prestige effect.
23559,WOODLAND BUNNIES LOLLY MAKERS,General,2.5079,Positive,0.0055,0.3719,2.7997,False,2.0788,1.98,2.18,0.0266,10.16,148,WOODLAND BUNNIES LOLLY MAKERS: demand increases with price — possible luxury/prestige effect.
21750,LARGE SKULL WINDMILL,General,2.5103,Positive,0.0049,0.7027,6.5145,False,2.0941,2.0,2.2,0.0264,9.38,32,LARGE SKULL WINDMILL: demand increases with price — possible luxury/prestige effect.
22523,?,General,2.5292,Positive,0.0041,0.3455,2.675,False,0.8517,0.81,0.89,0.0268,10.5,219,?: demand increases with price — possible luxury/prestige effect.
90010A,Unknown,General,2.5307,Positive,0.0031,0.7884,9.3229,False,8.9262,8.6,9.33,0.0259,10.23,26,Unknown: demand increases with price — possible luxury/prestige effect.
23333,IVORY WICKER HEART MEDIUM,General,2.5505,Positive,0.0068,0.1237,1.6529,False,1.2459,1.04,1.31,0.0301,11.89,348,IVORY WICKER HEART MEDIUM: demand increases with price — possible luxury/prestige effect.
85183A,CHARLIE & LOLA WASTEPAPER BIN BLUE,General,2.5638,Positive,0.0054,0.3994,3.0325,False,1.2521,1.19,1.31,0.0275,8.99,133,CHARLIE & LOLA WASTEPAPER BIN BLUE: demand increases with price — possible luxury/prestige effect.
22285,HANGING HEN ON NEST DECORATION,General,2.5775,Positive,0.0043,0.3665,2.8474,False,1.6496,1.57,1.73,0.0248,11.14,192,HANGING HEN ON NEST DECORATION: demand increases with price — possible luxury/prestige effect.
20622,VIP PASSPORT COVER ,General,2.6004,Positive,0.0104,0.5427,4.2316,False,2.0586,1.69,2.15,0.039,11.66,38,VIP PASSPORT COVER : demand increases with price — possible luxury/prestige effect.
22450,SILK PURSE BABUSHKA BLUE,General,2.6399,Positive,0.0058,0.4135,3.2167,False,3.3514,3.19,3.51,0.0252,9.1,117,SILK PURSE BABUSHKA BLUE: demand increases with price — possible luxury/prestige effect.
22912,YELLOW COAT RACK PARIS FASHION,General,2.6828,Positive,0.0055,0.2944,2.5518,False,4.9586,4.7,5.2,0.0258,7.95,201,YELLOW COAT RACK PARIS FASHION: demand increases with price — possible luxury/prestige effect.
22707,WRAP MONSTER FUN ,General,2.6828,Positive,0.0068,0.4198,3.3112,False,0.4185,0.4,0.44,0.0284,12.24,98,WRAP MONSTER FUN : demand increases with price — possible luxury/prestige effect.
21726,MULTI HEARTS  STICKERS,General,2.7068,Positive,0.0054,0.4171,3.3242,False,0.8518,0.81,0.89,0.0269,9.52,123,MULTI HEARTS  STICKERS: demand increases with price — possible luxury/prestige effect.
84251B,Unknown,General,2.7141,Positive,0.0106,0.5554,4.5552,False,0.1889,0.18,0.2,0.0358,10.57,35,Unknown: demand increases with price — possible luxury/prestige effect.
23086,ZINC STAR T-LIGHT HOLDER ,General,2.7154,Positive,0.0077,0.4318,3.4365,False,1.2448,1.19,1.31,0.0278,10.24,82,ZINC STAR T-LIGHT HOLDER : demand increases with price — possible luxury/prestige effect.
22529,MAGIC DRAWING SLATE GO TO THE FAIR ,General,2.7191,Positive,0.0067,0.3615,2.9684,False,0.4174,0.3624,0.44,0.029,8.82,126,MAGIC DRAWING SLATE GO TO THE FAIR : demand increases with price — possible luxury/prestige effect.
22917,HERB MARKER ROSEMARY,General,2.7249,Positive,0.0047,0.1685,1.9753,False,0.6517,0.62,0.68,0.0244,10.77,405,HERB MARKER ROSEMARY: demand increases with price — possible luxury/prestige effect.
85203,HANGING WOOD AND FELT BUTTERFLY ,General,2.7303,Positive,0.0069,0.3825,3.1138,False,0.4202,0.4,0.44,0.0283,10.06,112,HANGING WOOD AND FELT BUTTERFLY : demand increases with price — possible luxury/prestige effect.
20758,Unknown,General,2.7408,Positive,0.0076,0.4006,3.2457,False,0.8484,0.81,0.89,0.0278,7.54,95,Unknown: demand increases with price — possible luxury/prestige effect.
22132,RED LOVE HEART SHAPE CUP,General,2.7452,Positive,0.0088,0.2101,2.1825,False,0.87,0.83,1.045,0.0326,9.27,181,RED LOVE HEART SHAPE CUP: demand increases with price — possible luxury/prestige effect.
21459,YELLOW EASTER EGG HUNT START POST,General,2.7476,Positive,0.0063,0.6934,6.8899,False,1.9585,1.85,2.04,0.0267,8.59,27,YELLOW EASTER EGG HUNT START POST: demand increases with price — possible luxury/prestige effect.
90185D,CRYSTAL DIAMANTE EXPANDABLE RING,General,2.7606,Positive,0.0091,0.707,7.2138,False,4.2522,4.05,4.45,0.0306,9.22,18,CRYSTAL DIAMANTE EXPANDABLE RING: demand increases with price — possible luxury/prestige effect.
85185B,PINK HORSE SOCK PUPPET KIT,General,2.7629,Positive,0.0055,0.3309,2.8336,False,2.9461,2.81,3.09,0.0265,8.9,175,PINK HORSE SOCK PUPPET KIT: demand increases with price — possible luxury/prestige effect.
23140,TRIPLE WIRE HOOK IVORY HEART,General,2.7662,Positive,0.0058,0.5237,4.3163,False,4.166,3.95,4.36,0.0254,7.26,73,TRIPLE WIRE HOOK IVORY HEART: demand increases with price — possible luxury/prestige effect.
23237,SET OF 4 KNICK KNACK TINS LEAF,General,2.7961,Positive,0.0064,0.1638,2.0032,False,4.1464,3.94,4.35,0.0262,10.09,306,SET OF 4 KNICK KNACK TINS LEAF: demand increases with price — possible luxury/prestige effect.
21679,SKULLS  STICKERS,General,2.8093,Positive,0.0061,0.289,2.6418,False,0.8466,0.81,0.89,0.0274,10.9,186,SKULLS  STICKERS: demand increases with price — possible luxury/prestige effect.
22320,BIRDS MOBILE VINTAGE DESIGN,General,2.8104,Positive,0.0073,0.3177,2.8024,False,6.1306,5.87,6.518,0.0299,8.88,138,BIRDS MOBILE VINTAGE DESIGN: demand increases with price — possible luxury/prestige effect.
23117,POPPY FIELDS CHOPPING BOARD,General,2.8555,Positive,0.0057,0.5083,4.2968,False,4.9511,4.71,5.2,0.0261,8.62,79,POPPY FIELDS CHOPPING BOARD: demand increases with price — possible luxury/prestige effect.
23545,WRAP RED VINTAGE DOILY,General,2.888,Positive,0.0068,0.296,2.7548,False,0.4186,0.4,0.44,0.0275,13.54,162,WRAP RED VINTAGE DOILY: demand increases with price — possible luxury/prestige effect.
22332,SKULLS PARTY BAG + STICKER SET,General,2.9277,Positive,0.0061,0.2321,2.4435,False,1.6496,1.57,1.73,0.0254,9.29,234,SKULLS PARTY BAG + STICKER SET: demand increases with price — possible luxury/prestige effect.
84919,Unknown,General,2.9465,Positive,0.0147,0.5914,5.4013,False,6.9568,6.63,7.28,0.0299,7.73,22,Unknown: demand increases with price — possible luxury/prestige effect.
84849B,FAIRY SOAP SOAP HOLDER,General,2.9634,Positive,0.007,0.3066,2.8886,False,1.6903,1.61,1.77,0.0263,8.76,151,FAIRY SOAP SOAP HOLDER: demand increases with price — possible luxury/prestige effect.
20795,LARGE BLUE PROVENCAL CERAMIC BALL,General,2.9773,Positive,0.009,0.6914,7.381,False,2.0795,2.0,2.19,0.0283,6.65,20,LARGE BLUE PROVENCAL CERAMIC BALL: demand increases with price — possible luxury/prestige effect.
22376,AIRLINE BAG VINTAGE JET SET WHITE,General,3.0246,Positive,0.0068,0.2391,2.5619,False,4.2525,3.95,4.45,0.0252,8.47,205,AIRLINE BAG VINTAGE JET SET WHITE: demand increases with price — possible luxury/prestige effect.
84006,MAGIC TREE -PAPER FLOWERS,General,3.0282,Positive,0.0058,0.3158,3.0098,False,0.8524,0.81,0.89,0.0246,10.95,176,MAGIC TREE -PAPER FLOWERS: demand increases with price — possible luxury/prestige effect.
84461,12 PINK HEN+CHICKS IN BASKET,General,3.0502,Positive,0.0087,0.5933,5.6563,False,2.5571,2.45,2.67,0.0293,9.14,35,12 PINK HEN+CHICKS IN BASKET: demand increases with price — possible luxury/prestige effect.
21349,check,General,3.0547,Positive,0.0088,0.6709,7.0876,False,6.7728,6.45,7.09,0.0265,6.09,23,check: demand increases with price — possible luxury/prestige effect.
22683,FRENCH BLUE METAL DOOR SIGN 8,General,3.0562,Positive,0.009,0.2471,2.63,False,1.2856,1.19,1.36,0.0304,9.75,150,FRENCH BLUE METAL DOOR SIGN 8: demand increases with price — possible luxury/prestige effect.
23219,LAUREL STAR ANTIQUE SILVER ,General,3.0573,Positive,0.0066,0.4457,3.9911,False,1.2512,1.19,1.31,0.0256,9.69,90,LAUREL STAR ANTIQUE SILVER : demand increases with price — possible luxury/prestige effect.
20803,damages,General,3.0597,Positive,0.0091,0.4538,4.0585,False,0.3947,0.38,0.42,0.0292,11.72,64,damages: demand increases with price — possible luxury/prestige effect.
85231G,amazon,General,3.1098,Positive,0.007,0.3523,3.3309,False,0.8493,0.81,0.89,0.0248,9.56,125,amazon: demand increases with price — possible luxury/prestige effect.
22706,WRAP COWBOYS  ,General,3.1391,Positive,0.0048,0.3783,3.5529,False,0.419,0.4,0.44,0.0238,12.4,163,WRAP COWBOYS  : demand increases with price — possible luxury/prestige effect.
22288,HANGING METAL RABBIT DECORATION,General,3.1451,Positive,0.0071,0.4612,4.2467,False,1.2507,1.19,1.31,0.0268,11.0,79,HANGING METAL RABBIT DECORATION: demand increases with price — possible luxury/prestige effect.
35818P,"ACRYLIC JEWEL ICICLE, PINK",General,3.1453,Positive,0.0074,0.6276,6.4204,False,0.3803,0.36,0.4,0.0255,11.29,34,"ACRYLIC JEWEL ICICLE, PINK: demand increases with price — possible luxury/prestige effect."
23377,PACK OF 12 DOLLY GIRL TISSUES,General,3.1551,Positive,0.009,0.2641,2.8139,False,0.3904,0.37,0.41,0.0296,11.99,140,PACK OF 12 DOLLY GIRL TISSUES: demand increases with price — possible luxury/prestige effect.
21262,WHITE GOOSE FEATHER CHRISTMAS TREE ,General,3.2036,Positive,0.006,0.4088,3.8641,False,2.9477,2.81,3.09,0.0239,8.96,116,WHITE GOOSE FEATHER CHRISTMAS TREE : demand increases with price — possible luxury/prestige effect.
84661C,PINK SQUARE TABLE CLOCK,General,3.2446,Positive,0.005,0.7951,12.2594,False,0.79,0.76,0.82,0.0253,11.62,16,PINK SQUARE TABLE CLOCK: demand increases with price — possible luxury/prestige effect.
47351B,BLUE  VOILE LAMPSHADE,General,3.2562,Positive,0.0107,0.5597,5.5238,False,2.9347,2.81,3.08,0.027,10.82,34,BLUE  VOILE LAMPSHADE: demand increases with price — possible luxury/prestige effect.
71101E,STANDING FAIRY POLE SUPPORT ,General,3.3213,Positive,0.0125,0.4814,4.673,False,0.8486,0.81,0.89,0.027,8.71,42,STANDING FAIRY POLE SUPPORT : demand increases with price — possible luxury/prestige effect.
47341B,BLUE TABLE RUN FLOWER,General,3.323,Positive,0.0087,0.6638,7.5423,False,1.2496,1.19,1.31,0.0275,6.5,24,BLUE TABLE RUN FLOWER: demand increases with price — possible luxury/prestige effect.
21683,Unknown,General,3.3385,Positive,0.0077,0.4132,4.0599,False,2.9476,2.81,3.1,0.0232,8.57,89,Unknown: demand increases with price — possible luxury/prestige effect.
22318,FIVE HEART HANGING DECORATION,General,3.35,Positive,0.0082,0.1749,2.4615,False,2.9504,2.81,3.1,0.0258,9.29,226,FIVE HEART HANGING DECORATION: demand increases with price — possible luxury/prestige effect.
21896,Unknown,General,3.3564,Positive,0.0094,0.1868,2.5333,False,2.1021,2.0,2.2,0.0271,8.7,187,Unknown: demand increases with price — possible luxury/prestige effect.
85124B,BLUE JUICY FRUIT PHOTO FRAME,General,3.3624,Positive,0.0064,0.4674,4.6054,False,2.5581,2.42,2.67,0.0263,9.71,85,BLUE JUICY FRUIT PHOTO FRAME: demand increases with price — possible luxury/prestige effect.
75011,BLUE DAISY MOBILE,General,3.382,Positive,0.0118,0.6482,7.2883,False,0.776,0.75,0.82,0.0285,7.95,20,BLUE DAISY MOBILE: demand increases with price — possible luxury/prestige effect.
35651,VINTAGE BEAD PINK SCARF ,General,3.3888,Positive,0.0087,0.4381,4.3446,False,1.6564,1.57,1.73,0.0252,9.68,71,VINTAGE BEAD PINK SCARF : demand increases with price — possible luxury/prestige effect.
82011B,BATHROOM SCALES RUBBER DUCKS,General,3.4177,Positive,0.0054,0.6229,6.9018,False,3.7725,3.57,3.93,0.0251,10.34,47,BATHROOM SCALES RUBBER DUCKS: demand increases with price — possible luxury/prestige effect.
21689,wrong barcode,General,3.4667,Positive,0.0089,0.5417,5.6343,False,3.7275,3.57,3.92,0.0242,8.57,44,wrong barcode: demand increases with price — possible luxury/prestige effect.
85135C,found,General,3.4774,Positive,0.0065,0.3251,3.5217,False,7.9829,7.55,8.34,0.0246,8.46,150,found: demand increases with price — possible luxury/prestige effect.
85131C,BEADED CRYSTAL HEART BLUE ON STICK,General,3.4835,Positive,0.1166,0.0753,1.8804,False,1.04,0.83,1.25,0.0826,7.71,28,BEADED CRYSTAL HEART BLUE ON STICK: demand increases with price — possible luxury/prestige effect.
23055,rusty thrown away,General,3.4839,Positive,0.009,0.343,3.6563,False,6.2712,5.95,6.56,0.0258,8.78,102,rusty thrown away: demand increases with price — possible luxury/prestige effect.
90196B,BLACK GEMSTONE NECKLACE 45CM,General,3.5074,Positive,0.0032,0.8224,15.3751,False,12.7733,12.32,13.23,0.0208,9.72,18,BLACK GEMSTONE NECKLACE 45CM: demand increases with price — possible luxury/prestige effect.
22289,HANGING METAL CHICKEN DECORATION,General,3.5162,Positive,0.006,0.657,7.8476,False,1.24,1.19,1.3,0.0241,11.0,35,HANGING METAL CHICKEN DECORATION: demand increases with price — possible luxury/prestige effect.
21706,FOLDING UMBRELLA RED/WHITE POLKADOT,General,3.5334,Positive,0.0108,0.2047,2.7738,False,4.9374,4.7,5.2,0.0268,8.45,150,FOLDING UMBRELLA RED/WHITE POLKADOT: demand increases with price — possible luxury/prestige effect.
81952B,Unknown,General,3.553,Positive,0.0134,0.599,6.654,False,0.1897,0.18,0.2,0.0337,12.26,23,Unknown: demand increases with price — possible luxury/prestige effect.
37342,Unknown,General,3.5556,Positive,0.0121,0.2059,2.7974,False,0.7959,0.76,0.85,0.0289,10.71,134,Unknown: demand increases with price — possible luxury/prestige effect.
84801B,Unknown,General,3.587,Positive,0.0188,0.5538,5.9515,False,2.1029,2.0,2.2,0.0315,9.24,21,Unknown: demand increases with price — possible luxury/prestige effect.
84912B,damaged,General,3.6574,Positive,0.0117,0.2362,3.0723,False,3.7628,3.57,3.94,0.0252,7.3,122,damaged: demand increases with price — possible luxury/prestige effect.
23395,check,General,3.6599,Positive,0.0118,0.0555,1.9038,False,3.749,3.56,3.94,0.0268,9.86,312,check: demand increases with price — possible luxury/prestige effect.
20696,FLORAL SOFT CAR TOY,General,3.7644,Positive,0.0082,0.6528,8.2685,False,3.7556,3.58,3.92,0.0229,6.96,27,FLORAL SOFT CAR TOY: demand increases with price — possible luxury/prestige effect.
90183A,AMBER DROP EARRINGS W LONG BEADS,General,3.7773,Positive,0.0075,0.7596,12.0855,False,2.9273,2.81,3.09,0.0265,8.27,15,AMBER DROP EARRINGS W LONG BEADS: demand increases with price — possible luxury/prestige effect.
20819,SILVER TEDDY BEAR,General,3.8153,Positive,0.011,0.6509,8.2986,False,3.769,3.59,3.93,0.0268,7.52,21,SILVER TEDDY BEAR: demand increases with price — possible luxury/prestige effect.
72598,SET/12 TAPER CANDLES,General,3.8243,Positive,0.0101,0.3289,3.8969,False,0.8479,0.81,0.89,0.027,9.58,96,SET/12 TAPER CANDLES: demand increases with price — possible luxury/prestige effect.
21682,Unknown,General,3.8307,Positive,0.0098,0.436,4.886,False,4.9881,4.74,5.19,0.0229,6.03,64,Unknown: demand increases with price — possible luxury/prestige effect.
21911,Unknown,General,3.8409,Positive,0.0146,0.2858,3.5741,False,1.6484,1.57,1.73,0.0271,8.68,80,Unknown: demand increases with price — possible luxury/prestige effect.
23499,SET 12 VINTAGE DOILY CHALK ,General,3.8514,Positive,0.014,0.0879,2.2459,False,0.4192,0.4,0.44,0.0296,11.86,209,SET 12 VINTAGE DOILY CHALK : demand increases with price — possible luxury/prestige effect.
20716,Unknown,General,3.8641,Positive,0.0152,0.296,3.6708,False,1.2508,1.19,1.31,0.0286,8.04,74,Unknown: demand increases with price — possible luxury/prestige effect.
21580,RABBIT  DESIGN  COTTON TOTE BAG,General,3.9334,Positive,0.0105,0.6177,7.7789,False,2.2546,2.14,2.36,0.0275,7.23,26,RABBIT  DESIGN  COTTON TOTE BAG: demand increases with price — possible luxury/prestige effect.
21725,SWEETIES  STICKERS,General,3.9686,Positive,0.0129,0.4527,5.2382,False,0.855,0.81,0.89,0.0259,10.28,46,SWEETIES  STICKERS: demand increases with price — possible luxury/prestige effect.
23554,LANDMARK FRAME OXFORD STREET,General,3.9843,Positive,0.0115,0.4076,4.7773,False,12.4994,11.91,13.11,0.0295,8.48,62,LANDMARK FRAME OXFORD STREET: demand increases with price — possible luxury/prestige effect.
22650,CERAMIC PIRATE CHEST MONEY BANK,General,4.0404,Positive,0.014,0.0719,2.2344,False,1.4464,1.2654,1.51,0.0279,9.06,233,CERAMIC PIRATE CHEST MONEY BANK: demand increases with price — possible luxury/prestige effect.
90143,SILVER BRACELET W PASTEL FLOWER,General,4.05,Positive,0.0278,0.4703,5.4973,False,7.4557,7.14,7.85,0.0285,6.9,21,SILVER BRACELET W PASTEL FLOWER: demand increases with price — possible luxury/prestige effect.
82011A,"BATHROOM SCALES, TROPICAL BEACH",General,4.0714,Positive,0.0099,0.686,9.8988,False,3.7695,3.59,3.92,0.0253,9.37,19,"BATHROOM SCALES, TROPICAL BEACH: demand increases with price — possible luxury/prestige effect."
85194L,HANGING SPRING FLOWER EGG LARGE,General,4.1036,Positive,0.0129,0.2182,3.3149,False,0.8512,0.81,0.89,0.0275,10.2,119,HANGING SPRING FLOWER EGG LARGE: demand increases with price — possible luxury/prestige effect.
84849D,Unknown,General,4.1432,Positive,0.0097,0.1348,2.7605,False,1.6925,1.61,1.77,0.0248,9.2,231,Unknown: demand increases with price — possible luxury/prestige effect.
21814,Unknown,General,4.2157,Positive,0.0092,0.5728,7.4053,False,1.4549,1.38,1.52,0.0232,9.86,37,Unknown: demand increases with price — possible luxury/prestige effect.
72783,BLACK SIL'T SQU CANDLE PLATE ,General,4.2342,Positive,0.0217,0.6005,7.8875,False,2.078,2.0,2.2,0.0294,5.13,15,BLACK SIL'T SQU CANDLE PLATE : demand increases with price — possible luxury/prestige effect.
22181,check,General,4.2532,Positive,0.0135,0.2,3.3003,False,0.8484,0.81,0.89,0.0244,9.92,123,check: demand increases with price — possible luxury/prestige effect.
85124C,Unknown,General,4.2786,Positive,0.0122,0.3731,4.7705,False,2.5558,2.43,2.67,0.0263,7.13,67,Unknown: demand increases with price — possible luxury/prestige effect.
23454,THREE MINI HANGING FRAMES,General,4.2898,Positive,0.0168,0.237,3.6012,False,4.1621,3.95,4.36,0.0273,7.88,85,THREE MINI HANGING FRAMES: demand increases with price — possible luxury/prestige effect.
21100,Damaged,General,4.2981,Positive,0.0154,0.5635,7.328,False,1.6592,1.57,1.73,0.0281,7.58,24,Damaged: demand increases with price — possible luxury/prestige effect.
23422,PANTRY HOOK BALLOON WHISK ,General,4.3054,Positive,0.013,0.2921,4.0615,False,2.082,1.98,2.18,0.0261,8.41,87,PANTRY HOOK BALLOON WHISK : demand increases with price — possible luxury/prestige effect.
21927,Unknown,General,4.3508,Positive,0.014,0.1056,2.6757,False,1.2494,1.19,1.31,0.0236,7.93,188,Unknown: demand increases with price — possible luxury/prestige effect.
84877B,Unknown,General,4.3561,Positive,0.013,0.5629,7.4328,False,1.2496,1.19,1.31,0.0307,14.75,28,Unknown: demand increases with price — possible luxury/prestige effect.
21224,SET/4 SKULL BADGES,General,4.4296,Positive,0.0124,0.1384,2.976,False,1.2474,1.19,1.31,0.0227,7.84,179,SET/4 SKULL BADGES: demand increases with price — possible luxury/prestige effect.
23429,RED RETRO KITCHEN WALL CLOCK,General,4.4545,Positive,0.0176,0.4613,5.9715,False,8.1857,7.77,8.54,0.0277,9.79,33,RED RETRO KITCHEN WALL CLOCK: demand increases with price — possible luxury/prestige effect.
20775,Unknown,General,4.4553,Positive,0.0229,0.3329,4.5468,False,1.6509,1.57,1.73,0.0305,8.58,43,Unknown: demand increases with price — possible luxury/prestige effect.
23402,HOME SWEET HOME 3 PEG HANGER ,General,4.4764,Positive,0.0135,0.2603,3.9523,False,3.751,3.56,3.93,0.0254,9.89,96,HOME SWEET HOME 3 PEG HANGER : demand increases with price — possible luxury/prestige effect.
90062,CARNIVAL BRACELET,General,4.5266,Positive,0.0167,0.6088,8.6718,False,12.82,12.18,13.39,0.0256,6.39,18,CARNIVAL BRACELET: demand increases with price — possible luxury/prestige effect.
21828,EIGHT PIECE SNAKE  SET,General,4.5297,Positive,0.0138,0.1785,3.3489,False,1.2508,1.19,1.31,0.0254,9.7,133,EIGHT PIECE SNAKE  SET: demand increases with price — possible luxury/prestige effect.
72232,FENG SHUI PILLAR CANDLE,General,4.5589,Positive,0.0236,0.0635,2.4378,False,0.189,0.18,0.2,0.0351,13.72,147,FENG SHUI PILLAR CANDLE: demand increases with price — possible luxury/prestige effect.
23463,VINTAGE ZINC WATERING CAN,General,4.5744,Positive,0.0194,0.5165,6.9373,False,9.9387,9.51,10.39,0.0251,6.58,24,VINTAGE ZINC WATERING CAN: demand increases with price — possible luxury/prestige effect.
85215,Damaged,General,4.6307,Positive,0.0272,0.4311,5.7781,False,0.6449,0.62,0.68,0.0312,10.2,25,Damaged: demand increases with price — possible luxury/prestige effect.
22824,3 TIER SWEETHEART GARDEN SHELF,General,4.675,Positive,0.0187,0.1665,3.3547,False,35.6393,32.95,37.37,0.0288,6.72,104,3 TIER SWEETHEART GARDEN SHELF: demand increases with price — possible luxury/prestige effect.
85160B,BLACK BIRD GARDEN DESIGN MUG,General,4.7149,Positive,0.0275,0.2766,4.2787,False,0.3889,0.37,0.41,0.0264,7.49,45,BLACK BIRD GARDEN DESIGN MUG: demand increases with price — possible luxury/prestige effect.
21640,ASSORTED TUTTI FRUTTI  FOB NOTEBOOK,General,4.7538,Positive,0.0166,0.1823,3.5413,False,0.8468,0.81,0.89,0.027,10.96,109,ASSORTED TUTTI FRUTTI  FOB NOTEBOOK: demand increases with price — possible luxury/prestige effect.
22137,BATHROOM SET LOVE HEART DESIGN,General,4.7725,Positive,0.0196,0.5043,7.0351,False,2.9756,2.8,3.1,0.0292,9.56,25,BATHROOM SET LOVE HEART DESIGN: demand increases with price — possible luxury/prestige effect.
47420,ASSORTED COLOUR SUCTION CUP HOOK,General,4.7862,Positive,0.0085,0.5936,8.8837,False,0.1892,0.18,0.2,0.0228,10.03,36,ASSORTED COLOUR SUCTION CUP HOOK: demand increases with price — possible luxury/prestige effect.
21761,damaged,General,4.7972,Positive,0.0177,0.475,6.6287,False,29.8684,28.48,31.33,0.0269,6.13,31,damaged: demand increases with price — possible luxury/prestige effect.
22478,BIRDHOUSE GARDEN MARKER ,General,4.8623,Positive,0.0129,0.1668,3.4998,False,1.2475,1.19,1.31,0.0237,10.06,150,BIRDHOUSE GARDEN MARKER : demand increases with price — possible luxury/prestige effect.
85084,Unknown,General,4.9122,Positive,0.0166,0.548,8.0514,False,0.8481,0.81,0.89,0.0262,8.96,24,Unknown: demand increases with price — possible luxury/prestige effect.
23564,EGG CUP MILKMAID INGRID,General,4.9354,Positive,0.0241,0.2763,4.4828,False,1.2492,1.19,1.31,0.0268,8.04,51,EGG CUP MILKMAID INGRID: demand increases with price — possible luxury/prestige effect.
23697,A PRETTY THANK YOU CARD,General,4.9671,Positive,0.0303,0.2265,4.0545,False,0.4202,0.4,0.44,0.029,9.86,50,A PRETTY THANK YOU CARD: demand increases with price — possible luxury/prestige effect.
46776B,WOVEN BERRIES CUSHION COVER ,General,5.051,Positive,0.0221,0.4877,7.1559,False,4.9108,4.71,5.19,0.0289,9.17,24,WOVEN BERRIES CUSHION COVER : demand increases with price — possible luxury/prestige effect.
90209B,Unknown,General,5.0759,Positive,0.0145,0.4534,6.703,False,2.1156,2.01,2.2,0.0241,8.32,41,Unknown: demand increases with price — possible luxury/prestige effect.
21457,2 PICTURE BOOK EGGS EASTER DUCKS,General,5.0831,Positive,0.0161,0.4819,7.1417,False,1.2576,1.2,1.31,0.025,11.76,33,2 PICTURE BOOK EGGS EASTER DUCKS: demand increases with price — possible luxury/prestige effect.
21372,MIRRORED WALL ART TABLE LAMP,General,5.1039,Positive,0.0198,0.3055,4.9326,False,0.7536,0.72,0.78,0.0254,8.45,55,MIRRORED WALL ART TABLE LAMP: demand increases with price — possible luxury/prestige effect.
90162B,ANT SILVER LIME GREEN BOUDICCA RING,General,5.1148,Positive,0.0135,0.5722,8.9312,False,2.9512,2.84,3.09,0.0234,8.46,26,ANT SILVER LIME GREEN BOUDICCA RING: demand increases with price — possible luxury/prestige effect.
90003D,CRYSTAL PAIR HEART HAIR SLIDES,General,5.1378,Positive,0.0216,0.4149,6.2167,False,3.7782,3.57,3.94,0.0272,6.79,33,CRYSTAL PAIR HEART HAIR SLIDES: demand increases with price — possible luxury/prestige effect.
85161,samples/damages,General,5.1465,Positive,0.0227,0.5923,9.3747,False,18.944,18.02,19.86,0.0318,6.8,15,samples/damages: demand increases with price — possible luxury/prestige effect.
84984A,GREEN PEONY CUSHION COVER,General,5.1545,Positive,0.0376,0.3751,5.6877,False,4.6596,4.45,4.88,0.0284,6.43,23,GREEN PEONY CUSHION COVER: demand increases with price — possible luxury/prestige effect.
46138B,BLUE CHENILLE SHAGGY CUSHION COVER ,General,5.2017,Positive,0.0396,0.31,5.0235,False,0.8511,0.81,0.89,0.0331,7.86,28,BLUE CHENILLE SHAGGY CUSHION COVER : demand increases with price — possible luxury/prestige effect.
22954,HEN PARTY CORDON BARRIER TAPE,General,5.3456,Positive,0.0297,0.2577,4.6604,False,1.2393,1.19,1.31,0.0272,8.47,45,HEN PARTY CORDON BARRIER TAPE: demand increases with price — possible luxury/prestige effect.
90063A,WHITE VINT ART DECO CRYSTAL NECKLAC,General,5.3564,Positive,0.0291,0.4365,6.7527,False,8.5099,8.09,8.92,0.0291,5.74,23,WHITE VINT ART DECO CRYSTAL NECKLAC: demand increases with price — possible luxury/prestige effect.
22618,"mouldy, unsaleable.",General,5.3876,Positive,0.0261,0.0931,3.1796,False,9.9694,9.47,10.45,0.027,8.72,109,"mouldy, unsaleable.: demand increases with price — possible luxury/prestige effect."
21473,SWEETHEART CREAM STEEL TABLE RECT,General,5.4437,Positive,0.0183,0.5195,8.3219,False,19.9984,18.99,20.9,0.0277,7.48,25,SWEETHEART CREAM STEEL TABLE RECT: demand increases with price — possible luxury/prestige effect.
22254,FELT TOADSTOOL LARGE,General,5.4453,Positive,0.0258,0.0646,2.9223,False,1.2471,1.19,1.31,0.0271,9.84,133,FELT TOADSTOOL LARGE: demand increases with price — possible luxury/prestige effect.
85199L,?,General,5.4771,Positive,0.0171,0.1053,3.3616,False,0.6483,0.62,0.68,0.0242,10.3,155,?: demand increases with price — possible luxury/prestige effect.
20773,Unknown,General,5.4795,Positive,0.0259,0.1464,3.7366,False,1.6485,1.57,1.73,0.0288,8.99,83,Unknown: demand increases with price — possible luxury/prestige effect.
20757,RED DAISY POCKET BOOK ,General,5.52,Positive,0.0249,0.2594,4.8398,False,0.8522,0.81,0.89,0.0254,9.47,53,RED DAISY POCKET BOOK : demand increases with price — possible luxury/prestige effect.
22032,BOTANICAL LILY GREETING CARD,General,5.5737,Positive,0.0293,0.1131,3.4816,False,0.4216,0.4,0.44,0.0275,10.07,87,BOTANICAL LILY GREETING CARD: demand increases with price — possible luxury/prestige effect.
20666,Unknown,General,5.5881,Positive,0.0178,0.5436,9.0502,False,2.9578,2.82,3.1,0.0255,7.7,23,Unknown: demand increases with price — possible luxury/prestige effect.
21455,PAINTED YELLOW WOODEN DAISY,General,5.6426,Positive,0.031,0.1903,4.2553,False,0.8474,0.81,0.89,0.0282,9.09,57,PAINTED YELLOW WOODEN DAISY: demand increases with price — possible luxury/prestige effect.
85232B,Unknown,General,5.7406,Positive,0.0333,0.28,5.2313,False,4.9699,4.73,5.2,0.0243,6.3,37,Unknown: demand increases with price — possible luxury/prestige effect.
23694,PAISLEY PARK CARD,General,5.7439,Positive,0.0306,0.2449,4.8733,False,0.4196,0.4,0.44,0.0266,9.39,46,PAISLEY PARK CARD: demand increases with price — possible luxury/prestige effect.
90081C,LILY BROOCH OLIVE COLOUR,General,5.7442,Positive,0.0195,0.5929,10.5149,False,4.9882,4.84,5.19,0.023,7.88,17,LILY BROOCH OLIVE COLOUR: demand increases with price — possible luxury/prestige effect.
84968F,check,General,5.7599,Positive,0.0245,0.1895,4.3469,False,12.7413,12.13,13.33,0.0262,8.25,72,check: demand increases with price — possible luxury/prestige effect.
23465,TUSCAN VILLA BIRD FEEDER,General,5.7857,Positive,0.0302,0.451,7.518,False,8.261,7.85,8.59,0.0236,5.81,21,TUSCAN VILLA BIRD FEEDER: demand increases with price — possible luxury/prestige effect.
90039D,FIRE POLISHED GLASS BRACELET GREEN,General,5.8086,Positive,0.0431,0.4237,7.0628,False,3.7647,3.59,3.92,0.0268,10.18,17,FIRE POLISHED GLASS BRACELET GREEN: demand increases with price — possible luxury/prestige effect.
35833P,check,General,5.8898,Positive,0.0368,0.2417,4.9506,False,1.254,1.19,1.31,0.0311,7.56,39,check: demand increases with price — possible luxury/prestige effect.
85025C,Unknown,General,5.8945,Positive,0.0309,0.1517,4.0641,False,1.6539,1.57,1.73,0.0286,9.37,68,Unknown: demand increases with price — possible luxury/prestige effect.
72800D,Unknown,General,6.0166,Positive,0.0238,0.213,4.7838,False,2.5397,2.42,2.66,0.0245,7.93,67,Unknown: demand increases with price — possible luxury/prestige effect.
35920,Unknown,General,6.0523,Positive,0.0425,0.3697,6.5873,False,1.2433,1.19,1.31,0.027,7.81,21,Unknown: demand increases with price — possible luxury/prestige effect.
90201C,RED ENAMEL FLOWER RING,General,6.0767,Positive,0.0583,0.3052,5.758,False,2.978,2.82,3.09,0.0299,6.6,20,RED ENAMEL FLOWER RING: demand increases with price — possible luxury/prestige effect.
84509B,SET OF 4 FAIRY CAKE PLACEMATS,General,6.1103,Positive,0.0241,0.0724,3.3745,False,3.7487,3.56,3.94,0.025,9.07,135,SET OF 4 FAIRY CAKE PLACEMATS: demand increases with price — possible luxury/prestige effect.
85205B,PINK FELT EASTER RABBIT GARLAND,General,6.1639,Positive,0.0436,0.2513,5.2698,False,2.543,2.44,2.68,0.0247,7.91,32,PINK FELT EASTER RABBIT GARLAND: demand increases with price — possible luxury/prestige effect.
84598,check,General,6.2024,Positive,0.0123,0.6512,13.4784,False,0.2121,0.2,0.22,0.0297,58.74,19,check: demand increases with price — possible luxury/prestige effect.
21693,mixed up,General,6.233,Positive,0.0368,0.0533,3.1872,False,2.9615,2.81,3.1,0.0264,8.93,102,mixed up: demand increases with price — possible luxury/prestige effect.
84457,SET/3 RABBITS FLOWER SKIPPPING ROPE,General,6.235,Positive,0.0285,0.3906,7.1419,False,0.8532,0.81,0.89,0.0301,10.18,28,SET/3 RABBITS FLOWER SKIPPPING ROPE: demand increases with price — possible luxury/prestige effect.
21711,FOLDING UMBRELLA WHITE/RED POLKADOT,General,6.2505,Positive,0.0146,0.4089,7.5009,False,4.957,4.73,5.2,0.0217,8.73,49,FOLDING UMBRELLA WHITE/RED POLKADOT: demand increases with price — possible luxury/prestige effect.
46000U,check,General,6.4116,Positive,0.0215,0.2433,5.4437,False,1.2461,1.19,1.31,0.0251,9.89,65,check: demand increases with price — possible luxury/prestige effect.
84507C,adjustment,General,6.4562,Positive,0.0278,0.1841,4.8078,False,2.5599,2.43,2.67,0.0244,7.31,65,adjustment: demand increases with price — possible luxury/prestige effect.
22821,GIFT BAG PSYCHEDELIC APPLES,General,6.4677,Positive,0.0482,0.016,2.6467,True,0.6478,0.62,0.68,0.0297,9.58,120,GIFT BAG PSYCHEDELIC APPLES: demand increases with price — possible luxury/prestige effect.
20762,GREEN FERN SKETCHBOOK ,General,6.5448,Positive,0.0306,0.0548,3.3747,False,3.7615,3.56,3.94,0.0276,8.57,121,GREEN FERN SKETCHBOOK : demand increases with price — possible luxury/prestige effect.
84709B,Unknown,General,6.5486,Positive,0.0245,0.4175,7.9536,False,5.9966,5.71,6.24,0.026,9.9,29,Unknown: demand increases with price — possible luxury/prestige effect.
85018D,YULETIDE IMAGES S/6 PAPER BOXES,General,6.5858,Positive,0.0209,0.5316,10.335,False,2.5429,2.43,2.65,0.0253,10.24,21,YULETIDE IMAGES S/6 PAPER BOXES: demand increases with price — possible luxury/prestige effect.
22040,BOTANICAL ROSE GIFT WRAP,General,6.6969,Positive,0.0578,0.077,3.7129,False,0.4188,0.4,0.44,0.0309,12.64,55,BOTANICAL ROSE GIFT WRAP: demand increases with price — possible luxury/prestige effect.
22048,BIRTHDAY BANQUET GIFT WRAP,General,6.71,Positive,0.023,0.1562,4.6914,False,0.4202,0.4,0.44,0.0232,13.44,89,BIRTHDAY BANQUET GIFT WRAP: demand increases with price — possible luxury/prestige effect.
84847,Unknown,General,6.713,Positive,0.0383,0.4519,8.6906,False,3.7747,3.61,3.93,0.025,5.29,17,Unknown: demand increases with price — possible luxury/prestige effect.
90003C,MIDNIGHT BLUE PAIR HEART HAIR SLIDE,General,6.7149,Positive,0.0257,0.5532,11.0513,False,3.7244,3.57,3.9,0.0271,8.5,16,MIDNIGHT BLUE PAIR HEART HAIR SLIDE: demand increases with price — possible luxury/prestige effect.
37467,Unknown,General,6.7437,Positive,0.0342,0.3367,6.8939,False,0.391,0.37,0.41,0.024,8.41,29,Unknown: demand increases with price — possible luxury/prestige effect.
17164B,ASS COL SMALL SAND GECKO P'WEIGHT,General,6.9213,Positive,0.0365,0.36,7.41,False,0.422,0.4,0.44,0.0256,7.28,25,ASS COL SMALL SAND GECKO P'WEIGHT: demand increases with price — possible luxury/prestige effect.
22136,Unknown,General,6.942,Positive,0.036,0.0395,3.3344,True,1.6499,1.57,1.73,0.025,8.97,118,Unknown: demand increases with price — possible luxury/prestige effect.
17090D,Unknown,General,6.9615,Positive,0.0376,0.1729,5.0332,False,1.2559,1.19,1.31,0.0248,7.31,51,Unknown: demand increases with price — possible luxury/prestige effect.
79190B,RETRO PLASTIC POLKA TRAY,General,6.997,Positive,0.0394,0.0369,3.3113,True,0.4195,0.4,0.44,0.0269,11.72,111,RETRO PLASTIC POLKA TRAY: demand increases with price — possible luxury/prestige effect.
23398,HANGING HEART BONHEUR,General,7.0454,Positive,0.0368,0.0253,3.1145,True,0.8471,0.81,0.89,0.0263,10.9,136,HANGING HEART BONHEUR: demand increases with price — possible luxury/prestige effect.
21456,2 PICTURE BOOK EGGS EASTER CHICKS,General,7.0575,Positive,0.0563,0.1253,4.5105,False,1.2497,1.19,1.31,0.0293,9.6,43,2 PICTURE BOOK EGGS EASTER CHICKS: demand increases with price — possible luxury/prestige effect.
21684,Unknown,General,7.0696,Positive,0.0408,0.0549,3.6345,False,0.848,0.81,0.89,0.0257,10.56,91,Unknown: demand increases with price — possible luxury/prestige effect.
21265,PINK GOOSE FEATHER TREE 60CM,General,7.1126,Positive,0.0386,0.258,6.1788,False,1.942,1.86,2.03,0.0228,6.43,35,PINK GOOSE FEATHER TREE 60CM: demand increases with price — possible luxury/prestige effect.
84597C,Unknown,General,7.2375,Positive,0.0296,0.3308,7.3292,False,1.2541,1.2,1.31,0.0251,9.74,34,Unknown: demand increases with price — possible luxury/prestige effect.
21269,Unknown,General,7.2638,Positive,0.0297,0.3538,7.709,False,8.5152,8.11,8.9,0.0272,8.94,31,Unknown: demand increases with price — possible luxury/prestige effect.
84249A,damaged,General,7.2954,Positive,0.0727,0.1424,4.8385,False,0.42,0.4,0.44,0.0319,12.1,31,damaged: demand increases with price — possible luxury/prestige effect.
90184A,AMBER CHUNKY BEAD BRACELET W STRAP,General,7.298,Positive,0.0166,0.6348,15.0286,False,8.9981,8.64,9.26,0.0214,12.62,16,AMBER CHUNKY BEAD BRACELET W STRAP: demand increases with price — possible luxury/prestige effect.
21662,Unknown,General,7.3054,Positive,0.0335,0.2461,6.2064,False,5.9436,5.66,6.21,0.0248,7.31,42,Unknown: demand increases with price — possible luxury/prestige effect.
84638,SMALL KITCHEN FLOWER POTS PLAQUE,General,7.37,Positive,0.0315,0.2548,6.3819,False,6.9598,6.63,7.26,0.0273,10.44,43,SMALL KITCHEN FLOWER POTS PLAQUE: demand increases with price — possible luxury/prestige effect.
90081A,LILY BROOCH AMETHYST COLOUR,General,7.4701,Positive,0.0557,0.2669,6.5578,False,4.9742,4.75,5.17,0.0225,5.29,24,LILY BROOCH AMETHYST COLOUR: demand increases with price — possible luxury/prestige effect.
21722,SWEET PUDDING STICKER SHEET,General,7.4715,Positive,0.0377,0.3524,7.8709,False,0.8475,0.81,0.88,0.0245,7.6,25,SWEET PUDDING STICKER SHEET: demand increases with price — possible luxury/prestige effect.
21849,SILVER DIAMANTE PEN IN GIFT BOX,General,7.5388,Positive,0.0305,0.1709,5.44,False,4.9779,4.72,5.2,0.023,7.1,63,SILVER DIAMANTE PEN IN GIFT BOX: demand increases with price — possible luxury/prestige effect.
20854,Unknown,General,7.7126,Positive,0.0437,0.163,5.4364,False,1.6443,1.57,1.72,0.0248,7.46,46,Unknown: demand increases with price — possible luxury/prestige effect.
21189,WHITE HONEYCOMB PAPER GARLAND ,General,7.7382,Positive,0.0697,0.0272,3.4284,True,1.6438,1.57,1.72,0.0272,8.86,70,WHITE HONEYCOMB PAPER GARLAND : demand increases with price — possible luxury/prestige effect.
21317,GLASS SPHERE CANDLE STAND MEDIUM,General,7.7539,Positive,0.0513,0.0845,4.4163,False,5.4769,5.19,5.72,0.025,8.24,59,GLASS SPHERE CANDLE STAND MEDIUM: demand increases with price — possible luxury/prestige effect.
23484,HEART TRELLIS TRIPLE T-LIGHT HOLDER,General,7.8465,Positive,0.0455,0.0472,3.8964,True,2.9052,2.75,3.03,0.0249,10.09,87,HEART TRELLIS TRIPLE T-LIGHT HOLDER: demand increases with price — possible luxury/prestige effect.
79191B,RETRO PLASTIC POLKA TRAY,General,7.9147,Positive,0.0559,0.0715,4.309,False,0.8552,0.81,0.89,0.0258,8.64,59,RETRO PLASTIC POLKA TRAY: demand increases with price — possible luxury/prestige effect.
84429A,MEDIUM PINK BUDDHA HEAD ,General,7.946,Positive,0.0702,0.2006,6.031,False,2.968,2.81,3.09,0.0318,6.16,25,MEDIUM PINK BUDDHA HEAD : demand increases with price — possible luxury/prestige effect.
22162,Unknown,General,8.0375,Positive,0.056,0.0597,4.1894,False,2.9509,2.81,3.08,0.0259,7.69,64,Unknown: demand increases with price — possible luxury/prestige effect.
21344,MOROCCAN BEATEN METAL DISH,General,8.1006,Positive,0.0697,0.3419,8.2107,False,9.9367,9.48,10.43,0.0323,8.67,15,MOROCCAN BEATEN METAL DISH: demand increases with price — possible luxury/prestige effect.
85055,FRENCH ENAMEL UTENSIL HOLDER,General,8.1499,Positive,0.0488,0.1708,5.8377,False,3.7822,3.56,3.93,0.0269,9.6,40,FRENCH ENAMEL UTENSIL HOLDER: demand increases with price — possible luxury/prestige effect.
21129,SILVER FISHING GNOME ,General,8.2192,Positive,0.1552,0.0283,3.5616,True,7.6586,6.95,8.7867,0.0553,11.1,31,SILVER FISHING GNOME : demand increases with price — possible luxury/prestige effect.
21721,CANDY SHOP  STICKER SHEET,General,8.2222,Positive,0.0494,0.1679,5.8482,False,0.8495,0.81,0.89,0.0257,8.57,40,CANDY SHOP  STICKER SHEET: demand increases with price — possible luxury/prestige effect.
21195,Unknown,General,8.2453,Positive,0.0604,0.1038,4.9607,False,2.0924,2.0,2.2,0.0272,7.02,45,Unknown: demand increases with price — possible luxury/prestige effect.
85106,Unknown,General,8.2796,Positive,0.0579,0.321,8.0996,False,2.5684,2.46,2.65,0.0229,5.0,19,Unknown: demand increases with price — possible luxury/prestige effect.
23557,LANDMARK FRAME BAKER STREET ,General,8.3734,Positive,0.0563,0.2151,6.5952,False,12.6797,11.99,13.07,0.0245,7.0,29,LANDMARK FRAME BAKER STREET : demand increases with price — possible luxury/prestige effect.
85145,Unknown,General,8.4321,Positive,0.0746,0.1595,5.8225,False,3.9382,3.76,4.14,0.0276,7.39,28,Unknown: demand increases with price — possible luxury/prestige effect.
46776C,WOVEN FROST CUSHION COVER,General,8.6098,Positive,0.0339,0.3679,9.3823,False,4.9473,4.75,5.17,0.023,9.73,26,WOVEN FROST CUSHION COVER: demand increases with price — possible luxury/prestige effect.
72803A,?,General,8.7277,Positive,0.0461,0.0835,4.9646,False,4.2765,4.04,4.46,0.0244,8.94,66,?: demand increases with price — possible luxury/prestige effect.
21383,PACK OF 12 STICKY BUNNIES,General,8.769,Positive,0.0668,0.0012,2.6582,True,0.6468,0.62,0.68,0.028,9.56,154,PACK OF 12 STICKY BUNNIES: demand increases with price — possible luxury/prestige effect.
23419,HOME SWEET HOME BOTTLE ,General,8.8318,Positive,0.0555,0.0077,3.2602,True,2.0736,1.98,2.18,0.0252,9.05,127,HOME SWEET HOME BOTTLE : demand increases with price — possible luxury/prestige effect.
16169M,WRAP DAISY CARPET ,General,8.8732,Positive,0.0778,0.0269,3.9124,True,0.4177,0.4,0.44,0.0283,13.43,63,WRAP DAISY CARPET : demand increases with price — possible luxury/prestige effect.
20823,Unknown,General,8.9486,Positive,0.0533,0.2891,8.2284,False,0.7852,0.75,0.82,0.0257,9.48,23,Unknown: demand increases with price — possible luxury/prestige effect.
71403,"PINK/WHITE ""KEEP CLEAN"" BULLET BIN",General,9.0539,Positive,0.0771,0.161,6.267,False,2.9467,2.83,3.09,0.0251,6.19,27,"PINK/WHITE ""KEEP CLEAN"" BULLET BIN: demand increases with price — possible luxury/prestige effect."
90205A,LARGE MINT DIAMANTE HAIRSLIDE,General,9.5249,Positive,0.0688,0.3265,9.3682,False,1.6637,1.59,1.73,0.0234,5.44,16,LARGE MINT DIAMANTE HAIRSLIDE: demand increases with price — possible luxury/prestige effect.
72801G,Unknown,General,9.7206,Positive,0.0605,0.1821,7.1112,False,1.2545,1.2,1.31,0.027,8.13,31,Unknown: demand increases with price — possible luxury/prestige effect.
84974,S/2 ZINC HEART DESIGN PLANTERS,General,9.9124,Positive,0.0681,0.0644,5.2387,False,9.9262,9.46,10.44,0.0275,8.84,51,S/2 ZINC HEART DESIGN PLANTERS: demand increases with price — possible luxury/prestige effect.
85179C,PINK BITTY LIGHT CHAIN,General,10.0279,Positive,0.0636,0.2458,8.3984,False,1.263,1.21,1.31,0.0227,8.22,23,PINK BITTY LIGHT CHAIN: demand increases with price — possible luxury/prestige effect.
21692,SILVER LATTICE VANILLA CANDLE POT,General,10.1436,Positive,0.061,0.3231,9.9492,False,3.7378,3.57,3.92,0.0294,7.5,18,SILVER LATTICE VANILLA CANDLE POT: demand increases with price — possible luxury/prestige effect.
21393,Unknown,General,10.1959,Positive,0.0913,0.2384,8.3029,False,2.1129,2.0,2.2,0.035,13.88,17,Unknown: demand increases with price — possible luxury/prestige effect.
21555,Unknown,General,10.2032,Positive,0.0626,0.1195,6.4061,False,2.56,2.44,2.68,0.0243,10.93,40,Unknown: demand increases with price — possible luxury/prestige effect.
21364,PEACE SMALL WOOD LETTERS,General,10.4065,Positive,0.0857,0.1232,6.5396,False,6.7593,6.42,7.06,0.0256,9.14,29,PEACE SMALL WOOD LETTERS: demand increases with price — possible luxury/prestige effect.
71279,damages,General,11.115,Positive,0.0846,0.0146,4.4348,True,2.9388,2.81,3.09,0.0227,8.64,70,damages: demand increases with price — possible luxury/prestige effect.
21030,SPACE CADET RED,General,11.2979,Positive,0.0871,0.135,7.3151,False,1.2426,1.19,1.31,0.0278,6.3,27,SPACE CADET RED: demand increases with price — possible luxury/prestige effect.
20837,FRENCH FLORAL CUSHION COVER ,General,11.4898,Positive,0.2106,0.0094,4.1308,True,0.8261,0.79,0.86,0.0255,7.45,31,FRENCH FLORAL CUSHION COVER : demand increases with price — possible luxury/prestige effect.
21117,BLOND DOLL DOORSTOP,General,11.6736,Positive,0.1325,0.1376,7.4678,False,1.2552,1.19,1.31,0.0254,14.0,18,BLOND DOLL DOORSTOP: demand increases with price — possible luxury/prestige effect.
84801A,check,General,11.713,Positive,0.1351,0.1777,8.2191,False,2.078,2.02,2.17,0.0215,6.6,15,check: demand increases with price — possible luxury/prestige effect.
72821,Unknown,General,11.752,Positive,0.1587,0.0819,6.3767,False,1.641,1.59,1.72,0.03,7.5,20,Unknown: demand increases with price — possible luxury/prestige effect.
47469,ASSORTED SHAPES PHOTO CLIP SILVER ,General,11.8968,Positive,0.1658,0.0748,6.2908,False,0.656,0.62,0.68,0.0254,5.45,20,ASSORTED SHAPES PHOTO CLIP SILVER : demand increases with price — possible luxury/prestige effect.
21316,Unknown,General,13.699,Positive,0.1941,0.0091,4.9343,True,0.7897,0.75,0.83,0.0301,11.12,34,Unknown: demand increases with price — possible luxury/prestige effect.
44092C,PURPLE/COPPER HANGING LAMPSHADE,General,14.9656,Positive,0.1633,0.1352,9.3948,False,0.8407,0.81,0.88,0.0248,7.13,15,PURPLE/COPPER HANGING LAMPSHADE: demand increases with price — possible luxury/prestige effect.
21275,Unknown,General,15.326,Positive,0.1707,0.0259,6.5007,True,16.9369,16.11,17.73,0.0267,6.45,29,Unknown: demand increases with price — possible luxury/prestige effect.
84247L,Unknown,General,15.436,Positive,0.1964,0.0748,8.0615,False,0.4206,0.4,0.44,0.0259,7.82,17,Unknown: demand increases with price — possible luxury/prestige effect.
72801D,4 SKY BLUE DINNER CANDLES,General,16.2663,Positive,0.1386,0.0669,8.4566,False,1.2548,1.19,1.3,0.0244,9.88,25,4 SKY BLUE DINNER CANDLES: demand increases with price — possible luxury/prestige effect.
35819P,"ACRYLIC HANGING JEWEL,PINK",General,16.7409,Positive,0.337,0.0058,5.3868,True,0.3781,0.36,0.4,0.0297,11.1,21,"ACRYLIC HANGING JEWEL,PINK: demand increases with price — possible luxury/prestige effect."
84534B,Unknown,General,17.5632,Positive,0.2769,0.0249,7.096,True,0.8439,0.81,0.88,0.0254,11.56,18,Unknown: demand increases with price — possible luxury/prestige effect.
20785,Unknown,General,19.134,Positive,0.2893,0.0386,8.3173,True,40.1153,37.95,41.93,0.0263,5.27,15,Unknown: demand increases with price — possible luxury/prestige effect.
21280,VINTAGE KITCHEN PRINT VEGETABLES,General,21.5328,Positive,0.2307,0.0321,9.2692,True,2.5467,2.44,2.67,0.0225,8.25,20,VINTAGE KITCHEN PRINT VEGETABLES: demand increases with price — possible luxury/prestige effect.
20697,LITTLE GREEN MONSTER SOFT TOY,General,23.2462,Positive,0.204,0.091,12.7341,False,2.582,2.49,2.67,0.0213,7.4,15,LITTLE GREEN MONSTER SOFT TOY: demand increases with price — possible luxury/prestige effect.
90201A,PURPLE ENAMEL FLOWER RING,General,29.7401,Positive,0.2898,0.0384,12.9123,True,2.9693,2.84,3.07,0.0205,8.4,15,PURPLE ENAMEL FLOWER RING: demand increases with price — possible luxury/prestige effect.
