date,day_of_week,month,quarter,year,week_of_year,revenue,transactions,units,trend,seasonal_component,residual,seasonal_index
2010-01-12,Tuesday,1,1,2010,2,42225.21,1786.0,22177.0,1145.783387978142,233.26550570244575,40846.161106319414,1.203586042658611
2010-01-13,Wednesday,1,1,2010,2,0.0,0.0,0.0,1139.556304347826,94.19670809983174,-1233.7530124476577,1.0826608634785633
2010-01-14,Thursday,1,1,2010,2,0.0,0.0,0.0,1133.3965405405404,146.78197292085125,-1280.1785134613917,1.1295062828150577
2010-01-15,Friday,1,1,2010,2,0.0,0.0,0.0,1127.3030107526881,160.64116016309453,-1287.9441709157827,1.1425004267981473
2010-01-16,Saturday,1,1,2010,2,0.0,0.0,0.0,1121.274652406417,125.24863283324203,-1246.5232852396591,1.1117020103544126
2010-01-17,Sunday,1,1,2010,2,0.0,0.0,0.0,1115.310425531915,-952.7642228649354,-162.54620266697953,0.1457407722064983
2010-01-18,Monday,1,1,2010,3,0.0,0.0,0.0,1109.409312169312,202.98504368594732,-1312.3943558552594,1.1829667747145869
2010-01-19,Tuesday,1,1,2010,3,0.0,0.0,0.0,1103.5703157894736,224.6715133870925,-1328.2418291765662,1.203586042658611
2010-01-20,Wednesday,1,1,2010,3,0.0,0.0,0.0,1097.7924607329842,90.74447272444525,-1188.5369334574293,1.0826608634785633
2010-01-21,Thursday,1,1,2010,3,0.0,0.0,0.0,1092.0747916666667,141.43054682477856,-1233.5053384914452,1.1295062828150577
2010-01-22,Friday,1,1,2010,3,0.0,0.0,0.0,1086.4163730569946,154.814796841117,-1241.2311698981116,1.1425004267981473
2010-01-23,Saturday,1,1,2010,3,0.0,0.0,0.0,1080.8162886597938,120.72935226709411,-1201.545640926888,1.1117020103544126
2010-01-24,Sunday,1,1,2010,3,0.0,0.0,0.0,1075.273641025641,-918.562430249271,-156.71121077636997,0.1457407722064983
2010-01-25,Monday,1,1,2010,4,0.0,0.0,0.0,1069.787551020408,195.73557784002062,-1265.5231288604286,1.1829667747145869
2010-01-26,Tuesday,1,1,2010,4,0.0,0.0,0.0,1064.357157360406,216.68826164237348,-1281.0454190027795,1.203586042658611
2010-01-27,Wednesday,1,1,2010,4,0.0,0.0,0.0,1058.981616161616,87.53633479984364,-1146.5179509614597,1.0826608634785633
2010-01-28,Thursday,1,1,2010,4,0.0,0.0,0.0,1053.6601005025125,136.45560296662052,-1190.115703469133,1.1295062828150577
2010-01-29,Friday,1,1,2010,4,0.0,0.0,0.0,1048.3917999999999,149.3962789516779,-1197.7880789516778,1.1425004267981473
2010-01-30,Saturday,1,1,2010,4,0.0,0.0,0.0,1043.1759203980098,116.52484746177241,-1159.7007678597822,1.1117020103544126
2010-01-31,Sunday,1,1,2010,4,0.0,0.0,0.0,1038.0116831683167,-886.7310589039992,-151.28062426431757,0.1457407722064983
2010-02-01,Monday,2,1,2010,5,0.0,0.0,0.0,1032.8983251231527,188.98607515588202,-1221.8844002790347,1.1829667747145869
2010-02-02,Tuesday,2,1,2010,5,0.0,0.0,0.0,1027.8350980392156,209.25288011542926,-1237.0879781546448,1.203586042658611
2010-02-03,Wednesday,2,1,2010,5,0.0,0.0,0.0,1022.8212682926828,84.5472892213124,-1107.3685575139953,1.0826608634785633
2010-02-04,Thursday,2,1,2010,5,0.0,0.0,0.0,1017.8561165048543,131.818762089114,-1149.6748785939683,1.1295062828150577
2010-02-05,Friday,2,1,2010,5,0.0,0.0,0.0,1012.9389371980676,144.3442308711864,-1157.283168069254,1.1425004267981473
2010-02-06,Saturday,2,1,2010,5,0.0,0.0,0.0,1008.0690384615384,112.60333817219355,-1120.672376633732,1.1117020103544126
2010-02-07,Sunday,2,1,2010,5,0.0,0.0,0.0,1003.2457416267941,-857.0319325292242,-146.21380909757,0.1457407722064983
2010-02-08,Monday,2,1,2010,6,0.0,0.0,0.0,998.4683809523809,182.6865393173526,-1181.1549202697336,1.1829667747145869
2010-02-09,Tuesday,2,1,2010,6,0.0,0.0,0.0,993.7363033175354,202.3108414386141,-1196.0471447561495,1.203586042658611
2010-02-10,Wednesday,2,1,2010,6,0.0,0.0,0.0,989.0488679245283,81.755633445137,-1070.8045013696653,1.0826608634785633
2010-02-11,Thursday,2,1,2010,6,0.0,0.0,0.0,1166.741924882629,151.10040969603457,-1317.8423345786637,1.1295062828150577
2010-02-12,Friday,2,1,2010,6,41252.29,1719.0,28320.0,1161.2898598130841,165.4843006597252,39925.515839527194,1.1425004267981473
2010-02-13,Saturday,2,1,2010,6,0.0,0.0,0.0,1155.888511627907,129.11507049440706,-1285.0035821223141,1.1117020103544126
2010-02-14,Sunday,2,1,2010,6,0.0,0.0,0.0,1150.537175925926,-982.8569994541978,-167.68017647172826,0.1457407722064983
2010-02-15,Monday,2,1,2010,7,0.0,0.0,0.0,1145.2351612903226,209.53998375103004,-1354.7751450413525,1.1829667747145869
2010-02-16,Tuesday,2,1,2010,7,0.0,0.0,0.0,1139.9817889908256,232.08438112352582,-1372.0661701143515,1.203586042658611
2010-02-17,Wednesday,2,1,2010,7,0.0,0.0,0.0,1134.7763926940638,93.80159647518052,-1228.5779891692443,1.0826608634785633
2010-02-18,Thursday,2,1,2010,7,0.0,0.0,0.0,1129.6183181818183,146.2926693875244,-1275.9109875693428,1.1295062828150577
2010-02-19,Friday,2,1,2010,7,0.0,0.0,0.0,1124.5069230769232,160.24271647593298,-1284.749639552856,1.1425004267981473
2010-02-20,Saturday,2,1,2010,7,0.0,0.0,0.0,1119.4415765765766,125.04387457791675,-1244.4854511544934,1.1117020103544126
2010-02-21,Sunday,2,1,2010,7,0.0,0.0,0.0,1114.421659192825,-952.0049860184156,-162.41667317440942,0.1457407722064983
2010-02-22,Monday,2,1,2010,8,0.0,0.0,0.0,1109.4465625,202.99185925881034,-1312.4384217588104,1.1829667747145869
2010-02-23,Tuesday,2,1,2010,8,0.0,0.0,0.0,1104.515688888889,224.86397815523836,-1329.3796670441272,1.203586042658611
2010-02-24,Wednesday,2,1,2010,8,0.0,0.0,0.0,1099.6284513274336,90.89623729232095,-1190.5246886197544,1.0826608634785633
2010-02-25,Thursday,2,1,2010,8,0.0,0.0,0.0,1094.7842731277533,141.7814416971602,-1236.5657148249136,1.1295062828150577
2010-02-26,Friday,2,1,2010,8,0.0,0.0,0.0,1089.9825877192982,155.32298395254907,-1245.3055716718472,1.1425004267981473
2010-02-27,Saturday,2,1,2010,8,0.0,0.0,0.0,1085.2228384279476,121.22157273492367,-1206.4444111628713,1.1117020103544126
2010-02-28,Sunday,2,1,2010,8,0.0,0.0,0.0,1080.5044782608695,-923.0309212265508,-157.47355703431867,0.1457407722064983
2010-03-01,Monday,3,1,2010,9,0.0,0.0,0.0,1075.8269696969696,196.84059079642213,-1272.6675604933916,1.1829667747145869
2010-03-02,Tuesday,3,1,2010,9,0.0,0.0,0.0,1071.1897844827586,218.07928915917512,-1289.2690736419336,1.203586042658611
2010-03-03,Wednesday,3,1,2010,9,0.0,0.0,0.0,1066.5924034334764,88.16544904748727,-1154.7578524809637,1.0826608634785633
2010-03-04,Thursday,3,1,2010,9,0.0,0.0,0.0,1062.0343162393162,137.54011651818533,-1199.5744327575017,1.1295062828150577
2010-03-05,Friday,3,1,2010,9,0.0,0.0,0.0,1057.5150212765957,150.69634187736676,-1208.2113631539623,1.1425004267981473
2010-03-06,Saturday,3,1,2010,9,0.0,0.0,0.0,1053.0340254237287,117.62601761143016,-1170.6600430351589,1.1117020103544126
2010-03-07,Sunday,3,1,2010,9,0.0,0.0,0.0,1048.5908438818565,-895.768404565851,-152.82243931600544,0.1457407722064983
2010-03-08,Monday,3,1,2010,10,0.0,0.0,0.0,1044.185,191.0511616553509,-1235.2361616553508,1.1829667747145869
2010-03-09,Tuesday,3,1,2010,10,0.0,0.0,0.0,1039.8160251046024,211.69202964405284,-1251.5080547486552,1.203586042658611
2010-03-10,Wednesday,3,1,2010,10,0.0,0.0,0.0,1035.4834583333334,85.59395678360224,-1121.0774151169355,1.0826608634785633
2010-03-11,Thursday,3,1,2010,10,0.0,0.0,0.0,1031.186846473029,133.5451753745036,-1164.7320218475325,1.1295062828150577
2010-03-12,Friday,3,1,2010,10,23217.69,1071.0,11533.0,1026.925743801653,146.33735678174045,22044.426899416605,1.1425004267981473
2010-03-13,Saturday,3,1,2010,10,0.0,0.0,0.0,1022.6997119341564,114.23761381192395,-1136.9373257460804,1.1117020103544126
2010-03-14,Sunday,3,1,2010,10,0.0,0.0,0.0,1179.1307377049181,-1007.2833134593855,-171.8474242455327,0.1457407722064983
2010-03-15,Monday,3,1,2010,11,0.0,0.0,0.0,1174.3179591836736,214.86116948125263,-1389.179128664926,1.1829667747145869
2010-03-16,Tuesday,3,1,2010,11,0.0,0.0,0.0,1169.5443089430896,238.10289757162346,-1407.6472065147132,1.203586042658611
2010-03-17,Wednesday,3,1,2010,11,0.0,0.0,0.0,1164.8093117408907,96.28414349637302,-1261.0934552372637,1.0826608634785633
2010-03-18,Thursday,3,1,2010,11,0.0,0.0,0.0,1160.1125000000002,150.24185752228368,-1310.3543575222839,1.1295062828150577
2010-03-19,Friday,3,1,2010,11,0.0,0.0,0.0,1155.4534136546185,164.65260459115942,-1320.106018245778,1.1425004267981473
2010-03-20,Saturday,3,1,2010,11,0.0,0.0,0.0,1150.8316,128.55020329938526,-1279.3818032993852,1.1117020103544126
2010-03-21,Sunday,3,1,2010,11,0.0,0.0,0.0,1146.246613545817,-979.1917469485659,-167.05486659725102,0.1457407722064983
2010-03-22,Monday,3,1,2010,12,0.0,0.0,0.0,1141.698015873016,208.89280366232896,-1350.590819535345,1.1829667747145869
2010-03-23,Tuesday,3,1,2010,12,0.0,0.0,0.0,1137.1853754940712,231.51507036608444,-1368.7004458601557,1.203586042658611
2010-03-24,Wednesday,3,1,2010,12,0.0,0.0,0.0,1132.7082677165356,93.63064347875645,-1226.338911195292,1.0826608634785633
2010-03-25,Thursday,3,1,2010,12,0.0,0.0,0.0,1128.266274509804,146.11757123735822,-1274.383845747162,1.1295062828150577
2010-03-26,Friday,3,1,2010,12,0.0,0.0,0.0,1123.858984375,160.15038493436992,-1284.00936930937,1.1425004267981473
2010-03-27,Saturday,3,1,2010,12,0.0,0.0,0.0,1119.485992217899,125.04883589434364,-1244.5348281122426,1.1117020103544126
2010-03-28,Sunday,3,1,2010,12,0.0,0.0,0.0,1115.1468992248062,-952.6245290081009,-162.52237021670533,0.1457407722064983
2010-03-29,Monday,3,1,2010,13,0.0,0.0,0.0,1110.8413127413128,203.24705221199574,-1314.0883649533084,1.1829667747145869
2010-03-30,Tuesday,3,1,2010,13,0.0,0.0,0.0,1106.5688461538462,225.2819723177668,-1331.850818471613,1.203586042658611
2010-03-31,Wednesday,3,1,2010,13,0.0,0.0,0.0,1102.3291187739464,91.11947679541815,-1193.4485955693647,1.0826608634785633
2010-04-01,Thursday,4,2,2010,13,0.0,0.0,0.0,1098.121755725191,142.2136666623143,-1240.3354223875053,1.1295062828150577
2010-04-02,Friday,4,2,2010,13,0.0,0.0,0.0,1093.9463878326997,155.8878271604513,-1249.834214993151,1.1425004267981473
2010-04-03,Saturday,4,2,2010,13,0.0,0.0,0.0,1089.8026515151516,121.7331470638118,-1211.5357985789635,1.1117020103544126
2010-04-04,Sunday,4,2,2010,13,0.0,0.0,0.0,1085.6901886792455,-927.4608622041134,-158.2293264751321,0.1457407722064983
2010-04-05,Monday,4,2,2010,14,0.0,0.0,0.0,1081.6086466165414,197.89844557483795,-1279.5070921913793,1.1829667747145869
2010-04-06,Tuesday,4,2,2010,14,0.0,0.0,0.0,1077.557677902622,219.3757033805969,-1296.9333812832188,1.203586042658611
2010-04-07,Wednesday,4,2,2010,14,0.0,0.0,0.0,1073.5369402985075,88.73949046120946,-1162.276430759717,1.0826608634785633
2010-04-08,Thursday,4,2,2010,14,0.0,0.0,0.0,1069.5460966542753,138.51293927704964,-1208.0590359313248,1.1295062828150577
2010-04-09,Friday,4,2,2010,14,0.0,0.0,0.0,1065.584814814815,151.84629090073594,-1217.431105715551,1.1425004267981473
2010-04-10,Saturday,4,2,2010,14,0.0,0.0,0.0,1061.6527675276755,118.58874843116723,-1180.2415159588427,1.1117020103544126
2010-04-11,Sunday,4,2,2010,14,0.0,0.0,0.0,1057.7496323529413,-903.592384132684,-154.15724822025732,0.1457407722064983
2010-04-12,Monday,4,2,2010,15,0.0,0.0,0.0,1053.8750915750916,192.82412645753442,-1246.699218032626,1.1829667747145869
2010-04-13,Tuesday,4,2,2010,15,0.0,0.0,0.0,1167.1002189781022,237.60531496775005,-1404.7055339458523,1.203586042658611
2010-04-14,Wednesday,4,2,2010,15,0.0,0.0,0.0,1162.8562181818183,96.12269909632568,-1258.978917278144,1.0826608634785633
2010-04-15,Thursday,4,2,2010,15,0.0,0.0,0.0,1158.6429710144928,150.05154428588162,-1308.6945153003744,1.1295062828150577
2010-04-16,Friday,4,2,2010,15,0.0,0.0,0.0,1154.4601444043321,164.51106329906813,-1318.9712077034003,1.1425004267981473
2010-04-17,Saturday,4,2,2010,15,0.0,0.0,0.0,1150.3074100719425,128.4916502306137,-1278.7990603025562,1.1117020103544126
2010-04-18,Sunday,4,2,2010,15,0.0,0.0,0.0,1146.1844444444446,-979.138638420035,-167.04580602440956,0.1457407722064983
2010-04-19,Monday,4,2,2010,16,0.0,0.0,0.0,1142.0909285714285,208.96469363150192,-1351.0556222029304,1.1829667747145869
2010-04-20,Tuesday,4,2,2010,16,0.0,0.0,0.0,1138.0265480427047,231.6863213564538,-1369.7128693991585,1.203586042658611
2010-04-21,Wednesday,4,2,2010,16,0.0,0.0,0.0,1133.9909929078015,93.73667465067219,-1227.7276675584737,1.0826608634785633
2010-04-22,Thursday,4,2,2010,16,0.0,0.0,0.0,1129.9839575971732,146.3400219890577,-1276.323979586231,1.1295062828150577
2010-04-23,Friday,4,2,2010,16,0.0,0.0,0.0,1126.0051408450704,160.45621314733054,-1286.461353992401,1.1425004267981473
2010-04-24,Saturday,4,2,2010,16,0.0,0.0,0.0,1122.0542456140352,125.33571496179161,-1247.3899605758268,1.1117020103544126
2010-04-25,Sunday,4,2,2010,16,0.0,0.0,0.0,1118.130979020979,-955.1737067104536,-162.95727231052547,0.1457407722064983
2010-04-26,Monday,4,2,2010,17,0.0,0.0,0.0,1114.2350522648085,203.86799378683116,-1318.1030460516397,1.1829667747145869
2010-04-27,Tuesday,4,2,2010,17,0.0,0.0,0.0,1110.3661805555557,226.05505660126224,-1336.421237156818,1.203586042658611
2010-04-28,Wednesday,4,2,2010,17,0.0,0.0,0.0,1106.5240830449827,91.46623616432373,-1197.9903192093066,1.0826608634785633
2010-04-29,Thursday,4,2,2010,17,0.0,0.0,0.0,1102.7084827586207,142.80767663070114,-1245.5161593893217,1.1295062828150577
2010-04-30,Friday,4,2,2010,17,0.0,0.0,0.0,1098.9191065292098,156.59644169705115,-1255.515548226261,1.1425004267981473
2010-05-01,Saturday,5,2,2010,17,0.0,0.0,0.0,1095.1556849315068,122.33109165791303,-1217.4867765894198,1.1117020103544126
2010-05-02,Sunday,5,2,2010,17,0.0,0.0,0.0,1091.4179522184302,-932.3538570620811,-159.06409515634903,0.1457407722064983
2010-05-03,Monday,5,2,2010,18,0.0,0.0,0.0,1087.7056462585035,199.01399393476376,-1286.7196401932672,1.1829667747145869
2010-05-04,Tuesday,5,2,2010,18,0.0,0.0,0.0,1084.0185084745763,220.69103830902887,-1304.7095467836052,1.203586042658611
2010-05-05,Wednesday,5,2,2010,18,0.0,0.0,0.0,1080.356283783784,89.30318328205932,-1169.6594670658433,1.0826608634785633
2010-05-06,Thursday,5,2,2010,18,0.0,0.0,0.0,1076.7187205387206,139.44183913435464,-1216.1605596730753,1.1295062828150577
2010-05-07,Friday,5,2,2010,18,0.0,0.0,0.0,1073.1055704697987,152.9180017914157,-1226.0235722612144,1.1425004267981473
2010-05-08,Saturday,5,2,2010,18,0.0,0.0,0.0,1069.5165886287625,119.4671530572261,-1188.9837416859887,1.1117020103544126
2010-05-09,Sunday,5,2,2010,18,0.0,0.0,0.0,1065.9515333333334,-910.5989337306324,-155.35259960270093,0.1457407722064983
2010-05-10,Monday,5,2,2010,19,0.0,0.0,0.0,1062.4101661129569,194.3857615176762,-1256.795927630633,1.1829667747145869
2010-05-11,Tuesday,5,2,2010,19,0.0,0.0,0.0,1058.8922516556293,215.5756831164355,-1274.4679347720648,1.203586042658611
2010-05-12,Wednesday,5,2,2010,19,30547.66,2499.0,15892.0,1055.3975577557756,87.24007343725926,29405.022368806964,1.0826608634785633
2010-05-13,Thursday,5,2,2010,19,0.0,0.0,0.0,1051.925855263158,136.231007312182,-1188.1568625753398,1.1295062828150577
2010-05-14,Friday,5,2,2010,19,0.0,0.0,0.0,1048.476918032787,149.4084083076783,-1197.885326340465,1.1425004267981473
2010-05-15,Saturday,5,2,2010,19,0.0,0.0,0.0,1045.050522875817,116.73424432715885,-1161.784767202976,1.1117020103544126
2010-05-16,Sunday,5,2,2010,19,0.0,0.0,0.0,1041.6464495114008,-889.836091593452,-151.81035791794875,0.1457407722064983
2010-05-17,Monday,5,2,2010,20,0.0,0.0,0.0,1038.2644805194807,189.9679033013654,-1228.232383820846,1.1829667747145869
2010-05-18,Tuesday,5,2,2010,20,0.0,0.0,0.0,1034.9044012944985,210.69209158952594,-1245.5964928840244,1.203586042658611
2010-05-19,Wednesday,5,2,2010,20,0.0,0.0,0.0,1031.566,85.2701362951276,-1116.8361362951277,1.0826608634785633
2010-05-20,Thursday,5,2,2010,20,0.0,0.0,0.0,1028.2490675241158,133.16471454309752,-1161.4137820672133,1.1295062828150577
2010-05-21,Friday,5,2,2010,20,0.0,0.0,0.0,1024.9533974358976,146.05629658282655,-1171.009694018724,1.1425004267981473
2010-05-22,Saturday,5,2,2010,20,0.0,0.0,0.0,1021.678785942492,114.12357432623197,-1135.802360268724,1.1117020103544126
2010-05-23,Sunday,5,2,2010,20,0.0,0.0,0.0,1018.4250318471338,-869.998981271305,-148.42605057582887,0.1457407722064983
2010-05-24,Monday,5,2,2010,21,0.0,0.0,0.0,1015.1919365079366,185.74639433911284,-1200.9383308470494,1.1829667747145869
2010-05-25,Tuesday,5,2,2010,21,0.0,0.0,0.0,1011.9793037974684,206.0248617125428,-1218.0041655100113,1.203586042658611
2010-05-26,Wednesday,5,2,2010,21,0.0,0.0,0.0,1008.7869400630915,83.38719953151279,-1092.1741395946042,1.0826608634785633
2010-05-27,Thursday,5,2,2010,21,0.0,0.0,0.0,1005.6146540880504,130.2334157952935,-1135.848069883344,1.1295062828150577
2010-05-28,Friday,5,2,2010,21,0.0,0.0,0.0,1002.4622570532916,142.85129947912816,-1145.3135565324199,1.1425004267981473
2010-05-29,Saturday,5,2,2010,21,0.0,0.0,0.0,999.3295625000001,111.62712113784565,-1110.9566836378458,1.1117020103544126
2010-05-30,Sunday,5,2,2010,21,0.0,0.0,0.0,996.216386292835,-851.02704086975,-145.189345423085,0.1457407722064983
2010-05-31,Monday,5,2,2010,22,0.0,0.0,0.0,993.122546583851,181.70842924478427,-1174.8309758286352,1.1829667747145869
2010-06-01,Tuesday,6,2,2010,22,0.0,0.0,0.0,990.0478637770899,201.55992662898922,-1191.6077904060792,1.203586042658611
2010-06-02,Wednesday,6,2,2010,22,0.0,0.0,0.0,986.9921604938272,81.58562423299246,-1068.5777847268196,1.0826608634785633
2010-06-03,Thursday,6,2,2010,22,0.0,0.0,0.0,983.9552615384616,127.42838837816409,-1111.3836499166257,1.1295062828150577
2010-06-04,Friday,6,2,2010,22,0.0,0.0,0.0,980.9369938650308,139.7839402878585,-1120.7209341528892,1.1425004267981473
2010-06-05,Saturday,6,2,2010,22,0.0,0.0,0.0,977.9371865443426,109.23754973734131,-1087.1747362816839,1.1117020103544126
2010-06-06,Sunday,6,2,2010,22,0.0,0.0,0.0,974.9556707317074,-832.8648784121639,-142.09079231954354,0.1457407722064983
2010-06-07,Monday,6,2,2010,23,0.0,0.0,0.0,971.9922796352585,177.84229245234206,-1149.8345720876005,1.1829667747145869
2010-06-08,Tuesday,6,2,2010,23,0.0,0.0,0.0,969.0468484848485,197.28441303382883,-1166.3312615186774,1.203586042658611
2010-06-09,Wednesday,6,2,2010,23,0.0,0.0,0.0,966.1192145015107,79.86024849392616,-1045.9794629954367,1.0826608634785633
2010-06-10,Thursday,6,2,2010,23,0.0,0.0,0.0,963.20921686747,124.74164524970882,-1087.9508621171788,1.1295062828150577
2010-06-11,Friday,6,2,2010,23,0.0,0.0,0.0,960.3166966966968,136.8455391406663,-1097.1622358373631,1.1425004267981473
2010-06-12,Saturday,6,2,2010,23,30549.22,1853.0,15862.0,957.4414970059881,106.94814001230722,29484.830362981706,1.1117020103544126
2010-06-13,Sunday,6,2,2010,23,0.0,0.0,0.0,1004.4261492537314,-858.0403066370931,-146.38584261663834,0.1457407722064983
2010-06-14,Monday,6,2,2010,24,0.0,0.0,0.0,1001.4367857142857,183.22965876268574,-1184.6664444769715,1.1829667747145869
2010-06-15,Tuesday,6,2,2010,24,0.0,0.0,0.0,998.4651632047478,203.27357130933868,-1201.7387345140864,1.203586042658611
2010-06-16,Wednesday,6,2,2010,24,0.0,0.0,0.0,995.511124260355,82.28980913387625,-1077.8009333942314,1.0826608634785633
2010-06-17,Thursday,6,2,2010,24,0.0,0.0,0.0,992.5745132743363,128.54463563112446,-1121.1191489054606,1.1295062828150577
2010-06-18,Friday,6,2,2010,24,0.0,0.0,0.0,989.6551764705882,141.02628503005465,-1130.6814615006429,1.1425004267981473
2010-06-19,Saturday,6,2,2010,24,0.0,0.0,0.0,986.7529618768328,110.22228956481331,-1096.9752514416462,1.1117020103544126
2010-06-20,Sunday,6,2,2010,24,0.0,0.0,0.0,983.8677192982457,-840.478078138673,-143.38964115957265,0.1457407722064983
2010-06-21,Monday,6,2,2010,25,0.0,0.0,0.0,980.9993002915452,179.4902779716105,-1160.4895782631556,1.1829667747145869
2010-06-22,Tuesday,6,2,2010,25,0.0,0.0,0.0,978.1475581395349,199.13719049781145,-1177.2847486373464,1.203586042658611
2010-06-23,Wednesday,6,2,2010,25,0.0,0.0,0.0,975.312347826087,80.6201608326092,-1055.9325086586962,1.0826608634785633
2010-06-24,Thursday,6,2,2010,25,0.0,0.0,0.0,972.4935260115607,125.94402161546587,-1098.4375476270266,1.1295062828150577
2010-06-25,Friday,6,2,2010,25,0.0,0.0,0.0,969.6909510086456,138.18137438103338,-1107.872325389679,1.1425004267981473
2010-06-26,Saturday,6,2,2010,25,0.0,0.0,0.0,966.9044827586207,108.00517454483143,-1074.9096573034521,1.1117020103544126
2010-06-27,Sunday,6,2,2010,25,0.0,0.0,0.0,964.1339828080229,-823.6203516430548,-140.51363116496805,0.1457407722064983
2010-06-28,Monday,6,2,2010,26,0.0,0.0,0.0,961.3793142857143,175.90047241217832,-1137.2797866978926,1.1829667747145869
2010-06-29,Tuesday,6,2,2010,26,0.0,0.0,0.0,958.6403418803419,195.16579353631664,-1153.8061354166584,1.203586042658611
2010-06-30,Wednesday,6,2,2010,26,0.0,0.0,0.0,955.9169318181819,79.01691899786981,-1034.9338508160517,1.0826608634785633
2010-07-01,Thursday,7,3,2010,26,0.0,0.0,0.0,953.2089518413597,123.44654809901186,-1076.6554999403716,1.1295062828150577
2010-07-02,Friday,7,3,2010,26,0.0,0.0,0.0,950.5162711864407,135.44897432265137,-1085.965245509092,1.1425004267981473
2010-07-03,Saturday,7,3,2010,26,0.0,0.0,0.0,947.8387605633803,105.87549504676434,-1053.7142556101446,1.1117020103544126
2010-07-04,Sunday,7,3,2010,26,0.0,0.0,0.0,1019.1681460674157,-870.6337934512853,-148.53435261613038,0.1457407722064983
2010-07-05,Monday,7,3,2010,27,0.0,0.0,0.0,1081.002380952381,197.78751910164632,-1278.7899000540272,1.1829667747145869
2010-07-06,Tuesday,7,3,2010,27,0.0,0.0,0.0,1141.8977653631287,232.47444717099037,-1374.372212534119,1.203586042658611
2010-07-07,Wednesday,7,3,2010,27,0.0,0.0,0.0,1157.9958495821727,95.72093683105487,-1253.7167864132275,1.0826608634785633
2010-07-08,Thursday,7,3,2010,27,0.0,0.0,0.0,1192.7523055555555,154.4689174115899,-1347.2212229671454,1.1295062828150577
2010-07-09,Friday,7,3,2010,27,0.0,0.0,0.0,1222.8270637119115,174.2533784792727,-1397.0804421911841,1.1425004267981473
2010-07-10,Saturday,7,3,2010,27,0.0,0.0,0.0,1272.7858839779005,142.1727419910497,-1414.9586259689502,1.1117020103544126
2010-07-11,Sunday,7,3,2010,27,0.0,0.0,0.0,1372.0129752066116,-1172.0547447226647,-199.95823048394686,0.1457407722064983
2010-07-12,Monday,7,3,2010,28,41886.29,1077.0,16025.0,1368.2437087912087,250.34313842105192,40267.70315278774,1.1829667747145869
2010-07-13,Tuesday,7,3,2010,28,0.0,0.0,0.0,1441.620904109589,293.4938948816,-1735.114798991189,1.203586042658611
2010-07-14,Wednesday,7,3,2010,28,0.0,0.0,0.0,1446.2474794520547,119.54806545520253,-1565.7955449072572,1.0826608634785633
2010-07-15,Thursday,7,3,2010,28,0.0,0.0,0.0,1446.2474794520547,187.29813509448218,-1633.5456145465369,1.1295062828150577
2010-07-16,Friday,7,3,2010,28,0.0,0.0,0.0,1446.2474794520547,206.09088307766262,-1652.3383625297174,1.1425004267981473
2010-07-17,Saturday,7,3,2010,28,0.0,0.0,0.0,1446.2474794520547,161.54875092479656,-1607.7962303768513,1.1117020103544126
2010-07-18,Sunday,7,3,2010,28,0.0,0.0,0.0,1446.2474794520547,-1235.4702549950105,-210.7772244570442,0.1457407722064983
2010-07-19,Monday,7,3,2010,29,0.0,0.0,0.0,1446.2474794520547,264.61523675444323,-1710.862716206498,1.1829667747145869
2010-07-20,Tuesday,7,3,2010,29,0.0,0.0,0.0,1446.2474794520547,294.43580104663454,-1740.6832804986893,1.203586042658611
2010-07-21,Wednesday,7,3,2010,29,0.0,0.0,0.0,1446.2474794520547,119.54806545520253,-1565.7955449072572,1.0826608634785633
2010-07-22,Thursday,7,3,2010,29,0.0,0.0,0.0,1446.2474794520547,187.29813509448218,-1633.5456145465369,1.1295062828150577
2010-07-23,Friday,7,3,2010,29,0.0,0.0,0.0,1446.2474794520547,206.09088307766262,-1652.3383625297174,1.1425004267981473
2010-07-24,Saturday,7,3,2010,29,0.0,0.0,0.0,1446.2474794520547,161.54875092479656,-1607.7962303768513,1.1117020103544126
2010-07-25,Sunday,7,3,2010,29,0.0,0.0,0.0,1446.2474794520547,-1235.4702549950105,-210.7772244570442,0.1457407722064983
2010-07-26,Monday,7,3,2010,30,0.0,0.0,0.0,1446.2474794520547,264.61523675444323,-1710.862716206498,1.1829667747145869
2010-07-27,Tuesday,7,3,2010,30,0.0,0.0,0.0,1446.2474794520547,294.43580104663454,-1740.6832804986893,1.203586042658611
2010-07-28,Wednesday,7,3,2010,30,0.0,0.0,0.0,1446.2474794520547,119.54806545520253,-1565.7955449072572,1.0826608634785633
2010-07-29,Thursday,7,3,2010,30,0.0,0.0,0.0,1446.2474794520547,187.29813509448218,-1633.5456145465369,1.1295062828150577
2010-07-30,Friday,7,3,2010,30,0.0,0.0,0.0,1446.2474794520547,206.09088307766262,-1652.3383625297174,1.1425004267981473
2010-07-31,Saturday,7,3,2010,30,0.0,0.0,0.0,1446.2474794520547,161.54875092479656,-1607.7962303768513,1.1117020103544126
2010-08-01,Sunday,8,3,2010,30,0.0,0.0,0.0,1446.2474794520547,-1235.4702549950105,-210.7772244570442,0.1457407722064983
2010-08-02,Monday,8,3,2010,31,0.0,0.0,0.0,1446.2474794520547,264.61523675444323,-1710.862716206498,1.1829667747145869
2010-08-03,Tuesday,8,3,2010,31,0.0,0.0,0.0,1446.2474794520547,294.43580104663454,-1740.6832804986893,1.203586042658611
2010-08-04,Wednesday,8,3,2010,31,0.0,0.0,0.0,1492.1893424657535,123.34565952172875,-1615.5350019874822,1.0826608634785633
2010-08-05,Thursday,8,3,2010,31,0.0,0.0,0.0,1543.2420547945205,199.85954200030997,-1743.1015967948306,1.1295062828150577
2010-08-06,Friday,8,3,2010,31,0.0,0.0,0.0,1543.2420547945205,219.91265146106906,-1763.1547062555896,1.1425004267981473
2010-08-07,Saturday,8,3,2010,31,0.0,0.0,0.0,1543.2420547945205,172.38323998402257,-1715.625294778543,1.1117020103544126
2010-08-08,Sunday,8,3,2010,31,0.0,0.0,0.0,1619.6976164383561,-1383.6416350776055,-236.0559813607506,0.1457407722064983
2010-08-09,Monday,8,3,2010,32,0.0,0.0,0.0,1619.6976164383561,296.3508488926301,-1916.0484653309863,1.1829667747145869
2010-08-10,Tuesday,8,3,2010,32,0.0,0.0,0.0,1675.2270684931507,341.0528494291063,-2016.279917922257,1.203586042658611
2010-08-11,Wednesday,8,3,2010,32,0.0,0.0,0.0,1757.9257260273973,145.31165844460492,-1903.2373844720023,1.0826608634785633
2010-08-12,Thursday,8,3,2010,32,38837.67,1866.0,21328.0,1788.9627671232877,231.68191806467672,36817.02531481203,1.1295062828150577
2010-08-13,Friday,8,3,2010,32,0.0,0.0,0.0,1894.1474520547945,269.91682033643156,-2164.064272391226,1.1425004267981473
2010-08-14,Saturday,8,3,2010,32,0.0,0.0,0.0,1901.7098356164386,212.42481174911575,-2114.1346473655544,1.1117020103544126
2010-08-15,Sunday,8,3,2010,32,0.0,0.0,0.0,1901.7098356164386,-1624.553175661006,-277.1566599554326,0.1457407722064983
2010-08-16,Monday,8,3,2010,33,0.0,0.0,0.0,1901.7098356164386,347.949715065747,-2249.6595506821855,1.1829667747145869
2010-08-17,Tuesday,8,3,2010,33,0.0,0.0,0.0,1901.7098356164386,387.1615797181082,-2288.871415334547,1.203586042658611
2010-08-18,Wednesday,8,3,2010,33,0.0,0.0,0.0,1901.7098356164386,157.19697709773143,-2058.90681271417,1.0826608634785633
2010-08-19,Thursday,8,3,2010,33,0.0,0.0,0.0,1901.7098356164386,246.2833718035194,-2147.993207419958,1.1295062828150577
2010-08-20,Friday,8,3,2010,33,0.0,0.0,0.0,1901.7098356164386,270.9944632215771,-2172.704298838016,1.1425004267981473
2010-08-21,Saturday,8,3,2010,33,0.0,0.0,0.0,1901.7098356164386,212.42481174911575,-2114.1346473655544,1.1117020103544126
2010-08-22,Sunday,8,3,2010,33,0.0,0.0,0.0,1901.7098356164386,-1624.553175661006,-277.1566599554326,0.1457407722064983
2010-08-23,Monday,8,3,2010,34,0.0,0.0,0.0,1901.7098356164386,347.949715065747,-2249.6595506821855,1.1829667747145869
2010-08-24,Tuesday,8,3,2010,34,0.0,0.0,0.0,1901.7098356164386,387.1615797181082,-2288.871415334547,1.203586042658611
2010-08-25,Wednesday,8,3,2010,34,0.0,0.0,0.0,1901.7098356164386,157.19697709773143,-2058.90681271417,1.0826608634785633
2010-08-26,Thursday,8,3,2010,34,0.0,0.0,0.0,1901.7098356164386,246.2833718035194,-2147.993207419958,1.1295062828150577
2010-08-27,Friday,8,3,2010,34,0.0,0.0,0.0,1901.7098356164386,270.9944632215771,-2172.704298838016,1.1425004267981473
2010-08-28,Saturday,8,3,2010,34,0.0,0.0,0.0,1901.7098356164386,212.42481174911575,-2114.1346473655544,1.1117020103544126
2010-08-29,Sunday,8,3,2010,34,0.0,0.0,0.0,1901.7098356164386,-1624.553175661006,-277.1566599554326,0.1457407722064983
2010-08-30,Monday,8,3,2010,35,0.0,0.0,0.0,1901.7098356164386,347.949715065747,-2249.6595506821855,1.1829667747145869
2010-08-31,Tuesday,8,3,2010,35,0.0,0.0,0.0,1901.7098356164386,387.1615797181082,-2288.871415334547,1.203586042658611
2010-09-01,Wednesday,9,3,2010,35,0.0,0.0,0.0,1962.3832602739726,162.21229477012474,-2124.595555044097,1.0826608634785633
2010-09-02,Thursday,9,3,2010,35,0.0,0.0,0.0,2053.332109589041,265.91940889767744,-2319.2515184867184,1.1295062828150577
2010-09-03,Friday,9,3,2010,35,0.0,0.0,0.0,2072.055315068493,295.2687667466299,-2367.324081815123,1.1425004267981473
2010-09-04,Saturday,9,3,2010,35,0.0,0.0,0.0,2150.4308493150684,240.20744899664012,-2390.6382983117087,1.1117020103544126
2010-09-05,Sunday,9,3,2010,35,0.0,0.0,0.0,2191.141287671233,-1871.8026643924863,-319.3386232787466,0.1457407722064983
2010-09-06,Monday,9,3,2010,36,0.0,0.0,0.0,2207.1586849315067,403.83670586520685,-2610.9953907967138,1.1829667747145869
2010-09-07,Tuesday,9,3,2010,36,0.0,0.0,0.0,2279.893808219178,464.1545580972125,-2744.0483663163905,1.203586042658611
2010-09-08,Wednesday,9,3,2010,36,0.0,0.0,0.0,2279.893808219178,188.4579908268272,-2468.351799046005,1.0826608634785633
2010-09-09,Thursday,9,3,2010,36,0.0,0.0,0.0,2430.576410958904,314.7749160812518,-2745.351327040156,1.1295062828150577
2010-09-10,Friday,9,3,2010,36,0.0,0.0,0.0,2584.695808219178,368.3202558146153,-2953.0160640337936,1.1425004267981473
2010-09-11,Saturday,9,3,2010,36,0.0,0.0,0.0,2521.085698630137,281.61034081274516,-2802.696039442882,1.1117020103544126
2010-09-12,Sunday,9,3,2010,36,39191.87,1744.0,17747.0,2521.085698630137,-2153.6607221130216,38824.445023482884,0.1457407722064983
2010-09-13,Monday,9,3,2010,37,0.0,0.0,0.0,2521.085698630137,461.27491905742716,-2982.360617687564,1.1829667747145869
2010-09-14,Tuesday,9,3,2010,37,0.0,0.0,0.0,2521.085698630137,513.257860587329,-3034.343559217466,1.203586042658611
2010-09-15,Wednesday,9,3,2010,37,0.0,0.0,0.0,2521.085698630137,208.39512075222405,-2729.480819382361,1.0826608634785633
2010-09-16,Thursday,9,3,2010,37,0.0,0.0,0.0,2521.085698630137,326.49643748779187,-2847.5821361179287,1.1295062828150577
2010-09-17,Friday,9,3,2010,37,0.0,0.0,0.0,2521.085698630137,359.2557880495,-2880.341486679637,1.1425004267981473
2010-09-18,Saturday,9,3,2010,37,0.0,0.0,0.0,2521.085698630137,281.61034081274516,-2802.696039442882,1.1117020103544126
2010-09-19,Sunday,9,3,2010,37,0.0,0.0,0.0,2521.085698630137,-2153.6607221130216,-367.4249765171153,0.1457407722064983
2010-09-20,Monday,9,3,2010,38,0.0,0.0,0.0,2521.085698630137,461.27491905742716,-2982.360617687564,1.1829667747145869
2010-09-21,Tuesday,9,3,2010,38,0.0,0.0,0.0,2521.085698630137,513.257860587329,-3034.343559217466,1.203586042658611
2010-09-22,Wednesday,9,3,2010,38,0.0,0.0,0.0,2521.085698630137,208.39512075222405,-2729.480819382361,1.0826608634785633
2010-09-23,Thursday,9,3,2010,38,0.0,0.0,0.0,2521.085698630137,326.49643748779187,-2847.5821361179287,1.1295062828150577
2010-09-24,Friday,9,3,2010,38,0.0,0.0,0.0,2521.085698630137,359.2557880495,-2880.341486679637,1.1425004267981473
2010-09-25,Saturday,9,3,2010,38,0.0,0.0,0.0,2521.085698630137,281.61034081274516,-2802.696039442882,1.1117020103544126
2010-09-26,Sunday,9,3,2010,38,0.0,0.0,0.0,2521.085698630137,-2153.6607221130216,-367.4249765171153,0.1457407722064983
2010-09-27,Monday,9,3,2010,39,0.0,0.0,0.0,2521.085698630137,461.27491905742716,-2982.360617687564,1.1829667747145869
2010-09-28,Tuesday,9,3,2010,39,0.0,0.0,0.0,2521.085698630137,513.257860587329,-3034.343559217466,1.203586042658611
2010-09-29,Wednesday,9,3,2010,39,0.0,0.0,0.0,2521.085698630137,208.39512075222405,-2729.480819382361,1.0826608634785633
2010-09-30,Thursday,9,3,2010,39,0.0,0.0,0.0,2521.085698630137,326.49643748779187,-2847.5821361179287,1.1295062828150577
2010-10-01,Friday,10,4,2010,39,0.0,0.0,0.0,2554.172301369863,363.97064306121166,-2918.1429444310747,1.1425004267981473
2010-10-02,Saturday,10,4,2010,39,0.0,0.0,0.0,2603.6457534246574,290.83246490826355,-2894.4782183329207,1.1117020103544126
2010-10-03,Sunday,10,4,2010,39,0.0,0.0,0.0,2650.6961643835616,-2264.3816585014984,-386.31450588206326,0.1457407722064983
2010-10-04,Monday,10,4,2010,40,0.0,0.0,0.0,2712.785616438356,496.3496347318484,-3209.1352511702044,1.1829667747145869
2010-10-05,Tuesday,10,4,2010,40,0.0,0.0,0.0,2788.066794520548,567.6114853643168,-3355.6782798848644,1.203586042658611
2010-10-06,Wednesday,10,4,2010,40,0.0,0.0,0.0,2788.066794520548,230.46400867097853,-3018.5308031915265,1.0826608634785633
2010-10-07,Thursday,10,4,2010,40,0.0,0.0,0.0,2857.452739726027,370.0580826416204,-3227.5108223676475,1.1295062828150577
2010-10-08,Friday,10,4,2010,40,0.0,0.0,0.0,3028.4474520547947,431.5550544535701,-3460.0025065083646,1.1425004267981473
2010-10-09,Saturday,10,4,2010,40,0.0,0.0,0.0,3074.5370136986303,343.4319653391893,-3417.9689790378197,1.1117020103544126
2010-10-10,Sunday,10,4,2010,40,0.0,0.0,0.0,3180.0932602739726,-2716.624012832963,-463.46924744100943,0.1457407722064983
2010-10-11,Monday,10,4,2010,41,0.0,0.0,0.0,3332.2380821917804,609.6888544797506,-3941.926936671531,1.1829667747145869
2010-10-12,Tuesday,10,4,2010,41,32077.56,1276.0,15180.0,3386.7086849315065,689.4866188027537,28001.36469626574,1.203586042658611
2010-10-13,Wednesday,10,4,2010,41,0.0,0.0,0.0,3386.7086849315065,279.9482642467878,-3666.6569491782943,1.0826608634785633
2010-10-14,Thursday,10,4,2010,41,0.0,0.0,0.0,3386.7086849315065,438.60005276295186,-3825.308737694458,1.1295062828150577
2010-10-15,Friday,10,4,2010,41,0.0,0.0,0.0,3386.7086849315065,482.607433043732,-3869.3161179752383,1.1425004267981473
2010-10-16,Saturday,10,4,2010,41,0.0,0.0,0.0,3386.7086849315065,378.30216859159833,-3765.0108535231047,1.1117020103544126
2010-10-17,Sunday,10,4,2010,41,0.0,0.0,0.0,3386.7086849315065,-2893.1271459511345,-493.581538980372,0.1457407722064983
2010-10-18,Monday,10,4,2010,42,0.0,0.0,0.0,3386.7086849315065,619.6551649797977,-4006.363849911304,1.1829667747145869
2010-10-19,Tuesday,10,4,2010,42,0.0,0.0,0.0,3386.7086849315065,689.4866188027537,-4076.19530373426,1.203586042658611
2010-10-20,Wednesday,10,4,2010,42,0.0,0.0,0.0,3386.7086849315065,279.9482642467878,-3666.6569491782943,1.0826608634785633
2010-10-21,Thursday,10,4,2010,42,0.0,0.0,0.0,3386.7086849315065,438.60005276295186,-3825.308737694458,1.1295062828150577
2010-10-22,Friday,10,4,2010,42,0.0,0.0,0.0,3386.7086849315065,482.607433043732,-3869.3161179752383,1.1425004267981473
2010-10-23,Saturday,10,4,2010,42,0.0,0.0,0.0,3386.7086849315065,378.30216859159833,-3765.0108535231047,1.1117020103544126
2010-10-24,Sunday,10,4,2010,42,0.0,0.0,0.0,3386.7086849315065,-2893.1271459511345,-493.581538980372,0.1457407722064983
2010-10-25,Monday,10,4,2010,43,0.0,0.0,0.0,3386.7086849315065,619.6551649797977,-4006.363849911304,1.1829667747145869
2010-10-26,Tuesday,10,4,2010,43,0.0,0.0,0.0,3386.7086849315065,689.4866188027537,-4076.19530373426,1.203586042658611
2010-10-27,Wednesday,10,4,2010,43,0.0,0.0,0.0,3386.7086849315065,279.9482642467878,-3666.6569491782943,1.0826608634785633
2010-10-28,Thursday,10,4,2010,43,0.0,0.0,0.0,3386.7086849315065,438.60005276295186,-3825.308737694458,1.1295062828150577
2010-10-29,Friday,10,4,2010,43,0.0,0.0,0.0,3386.7086849315065,482.607433043732,-3869.3161179752383,1.1425004267981473
2010-10-30,Saturday,10,4,2010,43,0.0,0.0,0.0,3386.7086849315065,378.30216859159833,-3765.0108535231047,1.1117020103544126
2010-10-31,Sunday,10,4,2010,43,0.0,0.0,0.0,3464.481506849315,-2959.5652967459628,-504.9162101033521,0.1457407722064983
2010-11-01,Monday,11,4,2010,44,0.0,0.0,0.0,3464.481506849315,633.8850073665511,-4098.366514215866,1.1829667747145869
2010-11-02,Tuesday,11,4,2010,44,0.0,0.0,0.0,3464.481506849315,705.3200798433933,-4169.801586692708,1.203586042658611
2010-11-03,Wednesday,11,4,2010,44,0.0,0.0,0.0,3542.9144383561643,292.86036670518956,-3835.7748050613536,1.0826608634785633
2010-11-04,Thursday,11,4,2010,44,0.0,0.0,0.0,3611.774,467.74742510807226,-4079.521425108072,1.1295062828150577
2010-11-05,Friday,11,4,2010,44,0.0,0.0,0.0,3681.8131506849318,524.6599453636344,-4206.473096048566,1.1425004267981473
2010-11-06,Saturday,11,4,2010,44,0.0,0.0,0.0,3752.552383561644,419.16764520407855,-4171.720028765722,1.1117020103544126
2010-11-07,Sunday,11,4,2010,44,0.0,0.0,0.0,3805.451315068493,-3250.8419018161762,-554.6094132523167,0.1457407722064983
2010-11-08,Monday,11,4,2010,45,0.0,0.0,0.0,3902.1994246575346,713.9728430227057,-4616.17226768024,1.1829667747145869
2010-11-09,Tuesday,11,4,2010,45,0.0,0.0,0.0,4102.852356164384,835.2834748040647,-4938.135830968449,1.203586042658611
2010-11-10,Wednesday,11,4,2010,45,0.0,0.0,0.0,4102.852356164384,339.1453184856058,-4441.99767464999,1.0826608634785633
2010-11-11,Thursday,11,4,2010,45,0.0,0.0,0.0,4176.765890410959,540.9174246558481,-4717.683315066807,1.1295062828150577
2010-11-12,Friday,11,4,2010,45,0.0,0.0,0.0,4176.765890410959,595.1909220195056,-4771.956812430465,1.1425004267981473
2010-11-13,Saturday,11,4,2010,45,0.0,0.0,0.0,4176.765890410959,466.55314673864245,-4643.319037149602,1.1117020103544126
2010-11-14,Sunday,11,4,2010,45,0.0,0.0,0.0,4176.765890410959,-3568.0408042167037,-608.7250861942557,0.1457407722064983
2010-11-15,Monday,11,4,2010,46,0.0,0.0,0.0,4176.765890410959,764.2093837063929,-4940.9752741173525,1.1829667747145869
2010-11-16,Tuesday,11,4,2010,46,0.0,0.0,0.0,4176.765890410959,850.3312387402366,-5027.097129151196,1.203586042658611
2010-11-17,Wednesday,11,4,2010,46,0.0,0.0,0.0,4176.765890410959,345.2550750491801,-4522.020965460139,1.0826608634785633
2010-11-18,Thursday,11,4,2010,46,0.0,0.0,0.0,4176.765890410959,540.9174246558481,-4717.683315066807,1.1295062828150577
2010-11-19,Friday,11,4,2010,46,0.0,0.0,0.0,4176.765890410959,595.1909220195056,-4771.956812430465,1.1425004267981473
2010-11-20,Saturday,11,4,2010,46,0.0,0.0,0.0,4176.765890410959,466.55314673864245,-4643.319037149602,1.1117020103544126
2010-11-21,Sunday,11,4,2010,46,0.0,0.0,0.0,4176.765890410959,-3568.0408042167037,-608.7250861942557,0.1457407722064983
2010-11-22,Monday,11,4,2010,47,0.0,0.0,0.0,4176.765890410959,764.2093837063929,-4940.9752741173525,1.1829667747145869
2010-11-23,Tuesday,11,4,2010,47,0.0,0.0,0.0,4176.765890410959,850.3312387402366,-5027.097129151196,1.203586042658611
2010-11-24,Wednesday,11,4,2010,47,0.0,0.0,0.0,4176.765890410959,345.2550750491801,-4522.020965460139,1.0826608634785633
2010-11-25,Thursday,11,4,2010,47,0.0,0.0,0.0,4176.765890410959,540.9174246558481,-4717.683315066807,1.1295062828150577
2010-11-26,Friday,11,4,2010,47,0.0,0.0,0.0,4176.765890410959,595.1909220195056,-4771.956812430465,1.1425004267981473
2010-11-27,Saturday,11,4,2010,47,0.0,0.0,0.0,4176.765890410959,466.55314673864245,-4643.319037149602,1.1117020103544126
2010-11-28,Sunday,11,4,2010,47,0.0,0.0,0.0,4176.765890410959,-3568.0408042167037,-608.7250861942557,0.1457407722064983
2010-11-29,Monday,11,4,2010,48,0.0,0.0,0.0,4176.765890410959,764.2093837063929,-4940.9752741173525,1.1829667747145869
2010-11-30,Tuesday,11,4,2010,48,0.0,0.0,0.0,4176.765890410959,850.3312387402366,-5027.097129151196,1.203586042658611
2010-12-01,Wednesday,12,4,2010,48,0.0,0.0,0.0,4270.766547945205,353.02525056851357,-4623.791798513719,1.0826608634785633
2010-12-02,Thursday,12,4,2010,48,0.0,0.0,0.0,4280.143232876712,554.3054400058869,-4834.4486728826,1.1295062828150577
2010-12-03,Friday,12,4,2010,48,0.0,0.0,0.0,4306.9350958904115,613.7400893563033,-4920.675185246715,1.1425004267981473
2010-12-04,Saturday,12,4,2010,48,0.0,0.0,0.0,4341.674356164384,484.97375388776186,-4826.648110052146,1.1117020103544126
2010-12-05,Sunday,12,4,2010,48,0.0,0.0,0.0,4426.892273972603,-3781.713575488855,-645.1786984837481,0.1457407722064983
2010-12-06,Monday,12,4,2010,49,0.0,0.0,0.0,4471.386328767123,818.1151350774179,-5289.501463844541,1.1829667747145869
2010-12-07,Tuesday,12,4,2010,49,0.0,0.0,0.0,4533.921643835617,923.0431651927172,-5456.9648090283345,1.203586042658611
2010-12-08,Wednesday,12,4,2010,49,0.0,0.0,0.0,4533.921643835617,374.7778780235991,-4908.6995218592165,1.0826608634785633
2010-12-09,Thursday,12,4,2010,49,0.0,0.0,0.0,4603.467041095891,596.1779045539613,-5199.644945649852,1.1295062828150577
2010-12-10,Friday,12,4,2010,49,0.0,0.0,0.0,4763.749945205479,678.8364003514317,-5442.586345556911,1.1425004267981473
2010-12-11,Saturday,12,4,2010,49,0.0,0.0,0.0,4878.590356164384,544.9483504792116,-5423.538706643595,1.1117020103544126
2010-12-12,Sunday,12,4,2010,49,16697.3,1341.0,10354.0,4918.9563013698635,-4202.063811558199,15980.407510188334,0.1457407722064983
2010-12-13,Monday,12,4,2010,50,0.0,0.0,0.0,4918.9563013698635,900.0055694236373,-5818.961870793501,1.1829667747145869
2010-12-14,Tuesday,12,4,2010,50,0.0,0.0,0.0,4918.9563013698635,1001.430847406528,-5920.387148776392,1.203586042658611
2010-12-15,Wednesday,12,4,2010,50,0.0,0.0,0.0,4918.9563013698635,406.60517528455284,-5325.561476654417,1.0826608634785633
2010-12-16,Thursday,12,4,2010,50,0.0,0.0,0.0,4918.9563013698635,637.0357459201158,-5555.992047289979,1.1295062828150577
2010-12-17,Friday,12,4,2010,50,0.0,0.0,0.0,4918.9563013698635,700.9533723466418,-5619.9096737165055,1.1425004267981473
2010-12-18,Saturday,12,4,2010,50,0.0,0.0,0.0,4918.9563013698635,549.4573077085197,-5468.413609078383,1.1117020103544126
2010-12-19,Sunday,12,4,2010,50,0.0,0.0,0.0,4918.9563013698635,-4202.063811558199,-716.8924898116647,0.1457407722064983
2010-12-20,Monday,12,4,2010,51,0.0,0.0,0.0,4918.9563013698635,900.0055694236373,-5818.961870793501,1.1829667747145869
2010-12-21,Tuesday,12,4,2010,51,0.0,0.0,0.0,4918.9563013698635,1001.430847406528,-5920.387148776392,1.203586042658611
2010-12-22,Wednesday,12,4,2010,51,0.0,0.0,0.0,4918.9563013698635,406.60517528455284,-5325.561476654417,1.0826608634785633
2010-12-23,Thursday,12,4,2010,51,0.0,0.0,0.0,4918.9563013698635,637.0357459201158,-5555.992047289979,1.1295062828150577
2010-12-24,Friday,12,4,2010,51,0.0,0.0,0.0,4918.9563013698635,700.9533723466418,-5619.9096737165055,1.1425004267981473
2010-12-25,Saturday,12,4,2010,51,0.0,0.0,0.0,4918.9563013698635,549.4573077085197,-5468.413609078383,1.1117020103544126
2010-12-26,Sunday,12,4,2010,51,0.0,0.0,0.0,4918.9563013698635,-4202.063811558199,-716.8924898116647,0.1457407722064983
2010-12-27,Monday,12,4,2010,52,0.0,0.0,0.0,4918.9563013698635,900.0055694236373,-5818.961870793501,1.1829667747145869
2010-12-28,Tuesday,12,4,2010,52,0.0,0.0,0.0,4918.9563013698635,1001.430847406528,-5920.387148776392,1.203586042658611
2010-12-29,Wednesday,12,4,2010,52,0.0,0.0,0.0,4918.9563013698635,406.60517528455284,-5325.561476654417,1.0826608634785633
2010-12-30,Thursday,12,4,2010,52,0.0,0.0,0.0,4918.9563013698635,637.0357459201158,-5555.992047289979,1.1295062828150577
2010-12-31,Friday,12,4,2010,52,0.0,0.0,0.0,4983.857232876712,710.2017827859651,-5694.059015662678,1.1425004267981473
2011-01-01,Saturday,1,1,2011,52,0.0,0.0,0.0,5035.134493150686,562.434645289778,-5597.569138440464,1.1117020103544126
2011-01-02,Sunday,1,1,2011,52,26341.1,1212.0,14979.0,5090.328191780822,-4348.459830326176,25599.231638545356,0.1457407722064983
2011-01-03,Monday,1,1,2011,1,23093.99,1079.0,11514.0,5135.754109589042,939.6723651586921,17018.56352525227,1.1829667747145869
2011-01-04,Tuesday,1,1,2011,1,22881.55,1087.0,16272.0,5135.754109589042,1045.567855238931,16700.228035172026,1.203586042658611
2011-01-05,Wednesday,1,1,2011,1,6921.11,442.0,3792.0,5228.274465753425,432.1736818421022,1260.6618524044725,1.0826608634785633
2011-01-06,Thursday,1,1,2011,1,13670.32,694.0,8620.0,5304.021232876713,686.9040738420027,7679.394693281285,1.1295062828150577
2011-01-07,Friday,1,1,2011,1,12049.74,776.0,7339.0,5324.528356164384,758.7475632522626,5966.464080583353,1.1425004267981473
2011-01-08,Saturday,1,1,2011,1,19307.92,973.0,11169.0,5384.150000000001,601.4203790497108,13322.349620950286,1.1117020103544126
2011-01-09,Sunday,1,1,2011,1,37292.22,1386.0,27808.0,5501.5135616438365,-4699.7187268653415,36490.42516522151,0.1457407722064983
2011-01-10,Monday,1,1,2011,2,0.0,0.0,0.0,5578.597315068493,1020.6979581695363,-6599.295273238029,1.1829667747145869
2011-01-11,Tuesday,1,1,2011,2,28150.92,1649.0,15998.0,5650.741315068493,1150.4120624223094,21349.766622509193,1.203586042658611
2011-01-12,Wednesday,1,1,2011,2,43913.91,2074.0,24531.0,5650.741315068493,467.0951563975538,37796.073528533954,1.0826608634785633
2011-01-13,Thursday,1,1,2011,2,0.0,0.0,0.0,5650.741315068493,731.8065028639915,-6382.547817932485,1.1295062828150577
2011-01-14,Friday,1,1,2011,2,0.0,0.0,0.0,5650.741315068493,805.2330491231846,-6455.9743641916775,1.1425004267981473
2011-01-15,Saturday,1,1,2011,2,0.0,0.0,0.0,5650.741315068493,631.1991648858881,-6281.940479954382,1.1117020103544126
2011-01-16,Sunday,1,1,2011,2,0.0,0.0,0.0,5650.741315068493,-4827.197912271247,-823.543402797246,0.1457407722064983
2011-01-17,Monday,1,1,2011,3,0.0,0.0,0.0,5650.741315068493,1033.8979131645456,-6684.639228233039,1.1829667747145869
2011-01-18,Tuesday,1,1,2011,3,0.0,0.0,0.0,5650.741315068493,1150.4120624223094,-6801.153377490803,1.203586042658611
2011-01-19,Wednesday,1,1,2011,3,0.0,0.0,0.0,5650.741315068493,467.0951563975538,-6117.836471466047,1.0826608634785633
2011-01-20,Thursday,1,1,2011,3,0.0,0.0,0.0,5650.741315068493,731.8065028639915,-6382.547817932485,1.1295062828150577
2011-01-21,Friday,1,1,2011,3,0.0,0.0,0.0,5650.741315068493,805.2330491231846,-6455.9743641916775,1.1425004267981473
2011-01-22,Saturday,1,1,2011,3,0.0,0.0,0.0,5650.741315068493,631.1991648858881,-6281.940479954382,1.1117020103544126
2011-01-23,Sunday,1,1,2011,3,0.0,0.0,0.0,5650.741315068493,-4827.197912271247,-823.543402797246,0.1457407722064983
2011-01-24,Monday,1,1,2011,4,0.0,0.0,0.0,5650.741315068493,1033.8979131645456,-6684.639228233039,1.1829667747145869
2011-01-25,Tuesday,1,1,2011,4,0.0,0.0,0.0,5650.741315068493,1150.4120624223094,-6801.153377490803,1.203586042658611
2011-01-26,Wednesday,1,1,2011,4,0.0,0.0,0.0,5650.741315068493,467.0951563975538,-6117.836471466047,1.0826608634785633
2011-01-27,Thursday,1,1,2011,4,0.0,0.0,0.0,5650.741315068493,731.8065028639915,-6382.547817932485,1.1295062828150577
2011-01-28,Friday,1,1,2011,4,0.0,0.0,0.0,5650.741315068493,805.2330491231846,-6455.9743641916775,1.1425004267981473
2011-01-29,Saturday,1,1,2011,4,0.0,0.0,0.0,5650.741315068493,631.1991648858881,-6281.940479954382,1.1117020103544126
2011-01-30,Sunday,1,1,2011,4,0.0,0.0,0.0,5650.741315068493,-4827.197912271247,-823.543402797246,0.1457407722064983
2011-01-31,Monday,1,1,2011,5,0.0,0.0,0.0,5650.741315068493,1033.8979131645456,-6684.639228233039,1.1829667747145869
2011-02-01,Tuesday,2,1,2011,5,0.0,0.0,0.0,5689.5085479452055,1158.304529948504,-6847.813077893709,1.203586042658611
2011-02-02,Wednesday,2,1,2011,5,16768.78,953.0,8711.0,5750.122712328767,475.3101085087942,10543.347179162436,1.0826608634785633
2011-02-03,Thursday,2,1,2011,5,18634.24,879.0,8592.0,5812.172520547946,752.7128582159892,12069.354621236067,1.1295062828150577
2011-02-04,Friday,2,1,2011,5,0.0,0.0,0.0,5863.113780821918,835.4962161332227,-6698.609996955141,1.1425004267981473
2011-02-05,Saturday,2,1,2011,5,0.0,0.0,0.0,5944.490383561644,664.0115263763091,-6608.501909937953,1.1117020103544126
2011-02-06,Sunday,2,1,2011,5,27906.28,1012.0,13550.0,5992.454273972603,-5119.109360671705,27032.9350866991,0.1457407722064983
2011-02-07,Monday,2,1,2011,6,0.0,0.0,0.0,6046.484465753425,1106.3057610607561,-7152.790226814181,1.1829667747145869
2011-02-08,Tuesday,2,1,2011,6,20268.25,909.0,14220.0,6109.010657534247,1243.709304326676,12915.530038139077,1.203586042658611
2011-02-09,Wednesday,2,1,2011,6,30185.01,1093.0,15362.0,6109.010657534247,504.9760959515265,23571.023246514225,1.0826608634785633
2011-02-10,Thursday,2,1,2011,6,11328.52,1367.0,8219.0,6212.736849315069,804.5884554629279,4311.194695222004,1.1295062828150577
2011-02-11,Friday,2,1,2011,6,38392.41,1711.0,26338.0,6223.499945205479,886.8513983700274,31282.058656424495,1.1425004267981473
2011-02-12,Saturday,2,1,2011,6,44012.56,1901.0,25303.0,6223.499945205479,695.1774553200288,37093.88259947449,1.1117020103544126
2011-02-13,Sunday,2,1,2011,6,0.0,0.0,0.0,6223.499945205479,-5316.482257364133,-907.0176878413458,0.1457407722064983
2011-02-14,Monday,2,1,2011,7,0.0,0.0,0.0,6223.499945205479,1138.6937124106548,-7362.193657616133,1.1829667747145869
2011-02-15,Tuesday,2,1,2011,7,0.0,0.0,0.0,6223.499945205479,1267.0177253304653,-7490.5176705359445,1.203586042658611
2011-02-16,Wednesday,2,1,2011,7,0.0,0.0,0.0,6223.499945205479,514.4398793294761,-6737.939824534955,1.0826608634785633
2011-02-17,Thursday,2,1,2011,7,0.0,0.0,0.0,6223.499945205479,805.9823440032769,-7029.482289208756,1.1295062828150577
2011-02-18,Friday,2,1,2011,7,0.0,0.0,0.0,6223.499945205479,886.8513983700274,-7110.351343575507,1.1425004267981473
2011-02-19,Saturday,2,1,2011,7,0.0,0.0,0.0,6223.499945205479,695.1774553200288,-6918.677400525507,1.1117020103544126
2011-02-20,Sunday,2,1,2011,7,0.0,0.0,0.0,6223.499945205479,-5316.482257364133,-907.0176878413458,0.1457407722064983
2011-02-21,Monday,2,1,2011,8,0.0,0.0,0.0,6223.499945205479,1138.6937124106548,-7362.193657616133,1.1829667747145869
2011-02-22,Tuesday,2,1,2011,8,0.0,0.0,0.0,6223.499945205479,1267.0177253304653,-7490.5176705359445,1.203586042658611
2011-02-23,Wednesday,2,1,2011,8,0.0,0.0,0.0,6223.499945205479,514.4398793294761,-6737.939824534955,1.0826608634785633
2011-02-24,Thursday,2,1,2011,8,0.0,0.0,0.0,6223.499945205479,805.9823440032769,-7029.482289208756,1.1295062828150577
2011-02-25,Friday,2,1,2011,8,0.0,0.0,0.0,6223.499945205479,886.8513983700274,-7110.351343575507,1.1425004267981473
2011-02-26,Saturday,2,1,2011,8,0.0,0.0,0.0,6223.499945205479,695.1774553200288,-6918.677400525507,1.1117020103544126
2011-02-27,Sunday,2,1,2011,8,0.0,0.0,0.0,6223.499945205479,-5316.482257364133,-907.0176878413458,0.1457407722064983
2011-02-28,Monday,2,1,2011,9,0.0,0.0,0.0,6223.499945205479,1138.6937124106548,-7362.193657616133,1.1829667747145869
2011-03-01,Tuesday,3,1,2011,9,0.0,0.0,0.0,6223.499945205479,1267.0177253304653,-7490.5176705359445,1.203586042658611
2011-03-02,Wednesday,3,1,2011,9,22145.8,842.0,15417.0,6223.499945205479,514.4398793294761,15407.860175465043,1.0826608634785633
2011-03-03,Thursday,3,1,2011,9,33196.33,930.0,19215.0,6265.878794520549,811.4706712480511,26118.980534231403,1.1295062828150577
2011-03-04,Friday,3,1,2011,9,6833.97,688.0,5620.0,6298.100520547945,897.4820121957162,-361.61253274366095,1.1425004267981473
2011-03-05,Saturday,3,1,2011,9,28607.07,964.0,11035.0,6353.399780821917,709.6875281030927,21543.98269107499,1.1117020103544126
2011-03-06,Sunday,3,1,2011,9,14859.31,641.0,7195.0,6353.399780821917,-5427.450390628334,13933.360609806416,0.1457407722064983
2011-03-07,Monday,3,1,2011,10,5846.35,557.0,3028.0,6412.460904109589,1173.2672896083154,-1739.3781937179042,1.1829667747145869
2011-03-08,Tuesday,3,1,2011,10,26548.32,1311.0,16104.0,6528.89895890411,1329.1927019612126,18690.22833913468,1.203586042658611
2011-03-09,Wednesday,3,1,2011,10,0.0,0.0,0.0,6528.89895890411,539.6844255073065,-7068.583384411417,1.0826608634785633
2011-03-10,Thursday,3,1,2011,10,54999.15,1656.0,22357.0,6599.973671232877,854.7380568386197,47544.438271928506,1.1295062828150577
2011-03-11,Friday,3,1,2011,10,56253.58,1883.0,32213.0,6668.488356164384,950.2624368519007,48634.82920698372,1.1425004267981473
2011-03-12,Saturday,3,1,2011,10,0.0,0.0,0.0,6701.108136986302,748.5272505036827,-7449.635387489985,1.1117020103544126
2011-03-13,Sunday,3,1,2011,10,0.0,0.0,0.0,6860.434547945207,-5860.589519255534,-999.8450286896732,0.1457407722064983
2011-03-14,Monday,3,1,2011,11,0.0,0.0,0.0,7257.713452054795,1327.9204221251364,-8585.633874179932,1.1829667747145869
2011-03-15,Tuesday,3,1,2011,11,0.0,0.0,0.0,7257.713452054795,1477.5691604540018,-8735.282612508798,1.203586042658611
2011-03-16,Wednesday,3,1,2011,11,0.0,0.0,0.0,7257.713452054795,599.9288608268336,-7857.642312881629,1.0826608634785633
2011-03-17,Thursday,3,1,2011,11,0.0,0.0,0.0,7257.713452054795,939.9194909124571,-8197.632942967251,1.1295062828150577
2011-03-18,Friday,3,1,2011,11,0.0,0.0,0.0,7257.713452054795,1034.2272644964635,-8291.940716551258,1.1425004267981473
2011-03-19,Saturday,3,1,2011,11,0.0,0.0,0.0,7257.713452054795,810.7011831707846,-8068.414635225579,1.1117020103544126
2011-03-20,Sunday,3,1,2011,11,0.0,0.0,0.0,7257.713452054795,-6199.968689098839,-1057.7447629559565,0.1457407722064983
2011-03-21,Monday,3,1,2011,12,0.0,0.0,0.0,7257.713452054795,1327.9204221251364,-8585.633874179932,1.1829667747145869
2011-03-22,Tuesday,3,1,2011,12,0.0,0.0,0.0,7257.713452054795,1477.5691604540018,-8735.282612508798,1.203586042658611
2011-03-23,Wednesday,3,1,2011,12,0.0,0.0,0.0,7257.713452054795,599.9288608268336,-7857.642312881629,1.0826608634785633
2011-03-24,Thursday,3,1,2011,12,0.0,0.0,0.0,7257.713452054795,939.9194909124571,-8197.632942967251,1.1295062828150577
2011-03-25,Friday,3,1,2011,12,0.0,0.0,0.0,7257.713452054795,1034.2272644964635,-8291.940716551258,1.1425004267981473
2011-03-26,Saturday,3,1,2011,12,0.0,0.0,0.0,7257.713452054795,810.7011831707846,-8068.414635225579,1.1117020103544126
2011-03-27,Sunday,3,1,2011,12,0.0,0.0,0.0,7257.713452054795,-6199.968689098839,-1057.7447629559565,0.1457407722064983
2011-03-28,Monday,3,1,2011,13,0.0,0.0,0.0,7257.713452054795,1327.9204221251364,-8585.633874179932,1.1829667747145869
2011-03-29,Tuesday,3,1,2011,13,0.0,0.0,0.0,7257.713452054795,1477.5691604540018,-8735.282612508798,1.203586042658611
2011-03-30,Wednesday,3,1,2011,13,0.0,0.0,0.0,7257.713452054795,599.9288608268336,-7857.642312881629,1.0826608634785633
2011-03-31,Thursday,3,1,2011,13,0.0,0.0,0.0,7257.713452054795,939.9194909124571,-8197.632942967251,1.1295062828150577
2011-04-01,Friday,4,2,2011,13,12076.61,734.0,6940.0,7257.713452054795,1034.2272644964635,3784.669283448742,1.1425004267981473
2011-04-02,Saturday,4,2,2011,13,18057.81,713.0,11235.0,7298.415342465753,815.2476661549135,9944.146991379335,1.1117020103544126
2011-04-03,Sunday,4,2,2011,13,17173.4,853.0,12766.0,7337.11701369863,-6267.799914352755,16104.082900654128,0.1457407722064983
2011-04-04,Monday,4,2,2011,14,22662.65,1169.0,12634.0,7406.562438356164,1355.1548410682337,13900.932720575604,1.1829667747145869
2011-04-05,Tuesday,4,2,2011,14,27477.63,1130.0,17331.0,7433.46493150685,1513.3497086470418,18530.81535984611,1.203586042658611
2011-04-06,Wednesday,4,2,2011,14,0.0,0.0,0.0,7514.244575342465,621.1339449869182,-8135.378520329384,1.0826608634785633
2011-04-07,Thursday,4,2,2011,14,25325.87,902.0,10824.0,7565.190273972603,979.7396711708199,16780.940054856575,1.1295062828150577
2011-04-08,Friday,4,2,2011,14,62413.07,1474.0,40254.0,7581.225123287671,1080.3278157213304,53751.517060991,1.1425004267981473
2011-04-09,Saturday,4,2,2011,14,16822.69,1271.0,10732.0,7635.60898630137,852.9128740500818,8334.168139648547,1.1117020103544126
2011-04-10,Sunday,4,2,2011,14,38528.03,1992.0,22958.0,7635.60898630137,-6522.789436370931,37415.21045006956,0.1457407722064983
2011-04-11,Monday,4,2,2011,15,55532.86,2297.0,33232.0,7747.352054794521,1417.508018044181,46367.9999271613,1.1829667747145869
2011-04-12,Tuesday,4,2,2011,15,19881.77,1821.0,11077.0,7935.705780821918,1615.5989356205962,10330.465283557487,1.203586042658611
2011-04-13,Wednesday,4,2,2011,15,0.0,0.0,0.0,7847.82205479452,648.7077474754277,-8496.529802269948,1.0826608634785633
2011-04-14,Thursday,4,2,2011,15,0.0,0.0,0.0,7847.82205479452,1016.3422625104665,-8864.164317304987,1.1295062828150577
2011-04-15,Friday,4,2,2011,15,0.0,0.0,0.0,7847.82205479452,1118.3179922441327,-8966.140047038652,1.1425004267981473
2011-04-16,Saturday,4,2,2011,15,0.0,0.0,0.0,7847.82205479452,876.6175004242452,-8724.439555218765,1.1117020103544126
2011-04-17,Sunday,4,2,2011,15,0.0,0.0,0.0,7847.82205479452,-6704.074408389579,-1143.7476464049414,0.1457407722064983
2011-04-18,Monday,4,2,2011,16,0.0,0.0,0.0,7847.82205479452,1435.8906898997554,-9283.712744694276,1.1829667747145869
2011-04-19,Tuesday,4,2,2011,16,0.0,0.0,0.0,7847.82205479452,1597.7070356245847,-9445.529090419104,1.203586042658611
2011-04-20,Wednesday,4,2,2011,16,0.0,0.0,0.0,7847.82205479452,648.7077474754277,-8496.529802269948,1.0826608634785633
2011-04-21,Thursday,4,2,2011,16,0.0,0.0,0.0,7847.82205479452,1016.3422625104665,-8864.164317304987,1.1295062828150577
2011-04-22,Friday,4,2,2011,16,0.0,0.0,0.0,7847.82205479452,1118.3179922441327,-8966.140047038652,1.1425004267981473
2011-04-23,Saturday,4,2,2011,16,0.0,0.0,0.0,7847.82205479452,876.6175004242452,-8724.439555218765,1.1117020103544126
2011-04-24,Sunday,4,2,2011,16,0.0,0.0,0.0,7847.82205479452,-6704.074408389579,-1143.7476464049414,0.1457407722064983
2011-04-25,Monday,4,2,2011,17,0.0,0.0,0.0,7847.82205479452,1435.8906898997554,-9283.712744694276,1.1829667747145869
2011-04-26,Tuesday,4,2,2011,17,0.0,0.0,0.0,7847.82205479452,1597.7070356245847,-9445.529090419104,1.203586042658611
2011-04-27,Wednesday,4,2,2011,17,0.0,0.0,0.0,7847.82205479452,648.7077474754277,-8496.529802269948,1.0826608634785633
2011-04-28,Thursday,4,2,2011,17,0.0,0.0,0.0,7847.82205479452,1016.3422625104665,-8864.164317304987,1.1295062828150577
2011-04-29,Friday,4,2,2011,17,0.0,0.0,0.0,7847.82205479452,1118.3179922441327,-8966.140047038652,1.1425004267981473
2011-04-30,Saturday,4,2,2011,17,0.0,0.0,0.0,7847.82205479452,876.6175004242452,-8724.439555218765,1.1117020103544126
2011-05-01,Sunday,5,2,2011,17,28387.08,1039.0,18164.0,7847.82205479452,-6704.074408389579,27243.332353595062,0.1457407722064983
2011-05-02,Monday,5,2,2011,18,0.0,0.0,0.0,7847.82205479452,1435.8906898997554,-9283.712744694276,1.1829667747145869
2011-05-03,Tuesday,5,2,2011,18,0.0,0.0,0.0,8009.441835616439,1630.6105672174713,-9640.05240283391,1.203586042658611
2011-05-04,Wednesday,5,2,2011,18,28628.02,929.0,15156.0,8059.4832328767125,666.2038432205917,19902.332923902697,1.0826608634785633
2011-05-05,Thursday,5,2,2011,18,25133.74,1199.0,16170.0,8110.505780821917,1050.3614554242838,15972.872763753801,1.1295062828150577
2011-05-06,Friday,5,2,2011,18,25564.29,1500.0,13375.0,8164.74591780822,1163.4797779861026,16236.064304205678,1.1425004267981473
2011-05-07,Saturday,5,2,2011,18,25819.82,790.0,17528.0,8250.562767123289,921.6044476429369,16647.652785233775,1.1117020103544126
2011-05-08,Sunday,5,2,2011,18,19308.11,1190.0,11958.0,8250.562767123289,-7048.119378304557,18105.66661118127,0.1457407722064983
2011-05-09,Monday,5,2,2011,19,35313.06,1360.0,22172.0,8305.341753424658,1519.6015935265016,25488.116653048837,1.1829667747145869
2011-05-10,Tuesday,5,2,2011,19,73238.32,2058.0,45597.0,8453.286164383562,1720.9710776676372,63064.06275794881,1.203586042658611
2011-05-11,Wednesday,5,2,2011,19,0.0,0.0,0.0,8546.740246575342,706.4809287089066,-9253.221175284249,1.0826608634785633
2011-05-12,Thursday,5,2,2011,19,57526.1,3277.0,37322.0,8673.127479452054,1123.2245002449663,47729.748020302985,1.1295062828150577
2011-05-13,Friday,5,2,2011,19,0.0,0.0,0.0,8773.009808219178,1250.1576419755656,-10023.167450194744,1.1425004267981473
2011-05-14,Saturday,5,2,2011,19,0.0,0.0,0.0,8773.009808219178,979.9628324370622,-9752.97264065624,1.1117020103544126
2011-05-15,Sunday,5,2,2011,19,0.0,0.0,0.0,8773.009808219178,-7494.424584194132,-1278.585224025046,0.1457407722064983
2011-05-16,Monday,5,2,2011,20,0.0,0.0,0.0,8773.009808219178,1605.1693091492996,-10378.179117368478,1.1829667747145869
2011-05-17,Tuesday,5,2,2011,20,0.0,0.0,0.0,8773.009808219178,1786.0623490605215,-10559.0721572797,1.203586042658611
2011-05-18,Wednesday,5,2,2011,20,0.0,0.0,0.0,8773.009808219178,725.1845660533021,-9498.19437427248,1.0826608634785633
2011-05-19,Thursday,5,2,2011,20,0.0,0.0,0.0,8773.009808219178,1136.159889362508,-9909.169697581687,1.1295062828150577
2011-05-20,Friday,5,2,2011,20,0.0,0.0,0.0,8773.009808219178,1250.1576419755656,-10023.167450194744,1.1425004267981473
2011-05-21,Saturday,5,2,2011,20,0.0,0.0,0.0,8773.009808219178,979.9628324370622,-9752.97264065624,1.1117020103544126
2011-05-22,Sunday,5,2,2011,20,0.0,0.0,0.0,8773.009808219178,-7494.424584194132,-1278.585224025046,0.1457407722064983
2011-05-23,Monday,5,2,2011,21,0.0,0.0,0.0,8773.009808219178,1605.1693091492996,-10378.179117368478,1.1829667747145869
2011-05-24,Tuesday,5,2,2011,21,0.0,0.0,0.0,8773.009808219178,1786.0623490605215,-10559.0721572797,1.203586042658611
2011-05-25,Wednesday,5,2,2011,21,0.0,0.0,0.0,8773.009808219178,725.1845660533021,-9498.19437427248,1.0826608634785633
2011-05-26,Thursday,5,2,2011,21,0.0,0.0,0.0,8773.009808219178,1136.159889362508,-9909.169697581687,1.1295062828150577
2011-05-27,Friday,5,2,2011,21,0.0,0.0,0.0,8773.009808219178,1250.1576419755656,-10023.167450194744,1.1425004267981473
2011-05-28,Saturday,5,2,2011,21,0.0,0.0,0.0,8773.009808219178,979.9628324370622,-9752.97264065624,1.1117020103544126
2011-05-29,Sunday,5,2,2011,21,0.0,0.0,0.0,8773.009808219178,-7494.424584194132,-1278.585224025046,0.1457407722064983
2011-05-30,Monday,5,2,2011,22,0.0,0.0,0.0,8773.009808219178,1605.1693091492996,-10378.179117368478,1.1829667747145869
2011-05-31,Tuesday,5,2,2011,22,0.0,0.0,0.0,8773.009808219178,1786.0623490605215,-10559.0721572797,1.203586042658611
2011-06-01,Wednesday,6,2,2011,22,34310.24,1259.0,21567.0,8773.009808219178,725.1845660533021,24812.04562572752,1.0826608634785633
2011-06-02,Thursday,6,2,2011,22,3422.49,269.0,2026.0,8819.646767123288,1142.199668551978,-6539.356435675266,1.1295062828150577
2011-06-03,Friday,6,2,2011,22,9779.03,791.0,4930.0,8819.646767123288,1256.803428523969,-297.4201956472559,1.1425004267981473
2011-06-04,Saturday,6,2,2011,22,12679.83,789.0,7991.0,8819.646767123288,985.1722745034673,2875.010958373245,1.1117020103544126
2011-06-05,Sunday,6,2,2011,22,31104.54,1309.0,18451.0,8885.32002739726,-7590.3666253025185,29809.586597905258,0.1457407722064983
2011-06-06,Monday,6,2,2011,23,16240.33,1035.0,9131.0,9049.929342465754,1655.836383185861,5534.564274348386,1.1829667747145869
2011-06-07,Tuesday,6,2,2011,23,22825.39,1210.0,17752.0,9083.71410958904,1849.31740821342,11892.358482197538,1.203586042658611
2011-06-08,Wednesday,6,2,2011,23,0.0,0.0,0.0,9132.741808219178,754.9203237941725,-9887.66213201335,1.0826608634785633
2011-06-09,Thursday,6,2,2011,23,25384.07,1027.0,14402.0,9183.18517808219,1189.2801768157583,15011.60464510205,1.1295062828150577
2011-06-10,Friday,6,2,2011,23,58503.26,2544.0,33378.0,9258.661753424658,1319.363251442697,47925.234995132654,1.1425004267981473
2011-06-11,Saturday,6,2,2011,23,41916.75,3222.0,22701.0,9332.643397260274,1042.4750293948077,31541.631573344916,1.1117020103544126
2011-06-12,Sunday,6,2,2011,23,45282.79,2473.0,27640.0,9332.643397260274,-7972.496741815684,43922.64334455541,0.1457407722064983
2011-06-13,Monday,6,2,2011,24,0.0,0.0,0.0,9286.897369863014,1699.1936588692156,-10986.09102873223,1.1829667747145869
2011-06-14,Tuesday,6,2,2011,24,0.0,0.0,0.0,9286.897369863014,1890.682684107073,-11177.580053970087,1.203586042658611
2011-06-15,Wednesday,6,2,2011,24,0.0,0.0,0.0,9286.897369863014,767.6629556296749,-10054.56032549269,1.0826608634785633
2011-06-16,Thursday,6,2,2011,24,0.0,0.0,0.0,9286.897369863014,1202.7115572558953,-10489.60892711891,1.1295062828150577
2011-06-17,Friday,6,2,2011,24,0.0,0.0,0.0,9286.897369863014,1323.3868388360715,-10610.284208699086,1.1425004267981473
2011-06-18,Saturday,6,2,2011,24,0.0,0.0,0.0,9286.897369863014,1037.3651061688058,-10324.26247603182,1.1117020103544126
2011-06-19,Sunday,6,2,2011,24,0.0,0.0,0.0,9286.897369863014,-7933.417775776681,-1353.4795940863332,0.1457407722064983
2011-06-20,Monday,6,2,2011,25,0.0,0.0,0.0,9286.897369863014,1699.1936588692156,-10986.09102873223,1.1829667747145869
2011-06-21,Tuesday,6,2,2011,25,0.0,0.0,0.0,9286.897369863014,1890.682684107073,-11177.580053970087,1.203586042658611
2011-06-22,Wednesday,6,2,2011,25,0.0,0.0,0.0,9286.897369863014,767.6629556296749,-10054.56032549269,1.0826608634785633
2011-06-23,Thursday,6,2,2011,25,0.0,0.0,0.0,9286.897369863014,1202.7115572558953,-10489.60892711891,1.1295062828150577
2011-06-24,Friday,6,2,2011,25,0.0,0.0,0.0,9286.897369863014,1323.3868388360715,-10610.284208699086,1.1425004267981473
2011-06-25,Saturday,6,2,2011,25,0.0,0.0,0.0,9286.897369863014,1037.3651061688058,-10324.26247603182,1.1117020103544126
2011-06-26,Sunday,6,2,2011,25,0.0,0.0,0.0,9286.897369863014,-7933.417775776681,-1353.4795940863332,0.1457407722064983
2011-06-27,Monday,6,2,2011,26,0.0,0.0,0.0,9286.897369863014,1699.1936588692156,-10986.09102873223,1.1829667747145869
2011-06-28,Tuesday,6,2,2011,26,0.0,0.0,0.0,9286.897369863014,1890.682684107073,-11177.580053970087,1.203586042658611
2011-06-29,Wednesday,6,2,2011,26,0.0,0.0,0.0,9286.897369863014,767.6629556296749,-10054.56032549269,1.0826608634785633
2011-06-30,Thursday,6,2,2011,26,0.0,0.0,0.0,9286.897369863014,1202.7115572558953,-10489.60892711891,1.1295062828150577
2011-07-01,Friday,7,3,2011,26,23688.84,1067.0,15069.0,9286.897369863014,1323.3868388360715,13078.555791300914,1.1425004267981473
2011-07-02,Saturday,7,3,2011,26,18716.2,923.0,7441.0,9286.897369863014,1037.3651061688058,8391.937523968181,1.1117020103544126
2011-07-03,Sunday,7,3,2011,26,20145.7,1074.0,11043.0,9286.897369863014,-7933.417775776681,18792.220405913667,0.1457407722064983
2011-07-04,Monday,7,3,2011,27,16580.46,1241.0,9926.0,9253.661643835616,1693.112625272685,5633.685730891699,1.1829667747145869
2011-07-05,Tuesday,7,3,2011,27,0.0,0.0,0.0,9237.81997260274,1880.6912110148692,-11118.51118361761,1.203586042658611
2011-07-06,Wednesday,7,3,2011,27,33769.93,1416.0,17613.0,9211.179506849316,761.404051692211,23797.346441458474,1.0826608634785633
2011-07-07,Thursday,7,3,2011,27,27647.57,1238.0,17485.0,9248.264575342466,1197.708367642781,17201.597057014755,1.1295062828150577
2011-07-08,Friday,7,3,2011,27,7485.1,516.0,5119.0,9248.786191780822,1317.955979693579,-3081.642171474401,1.1425004267981473
2011-07-09,Saturday,7,3,2011,27,21761.9,968.0,13628.0,9258.96112328767,1034.2445712645833,11468.694305447747,1.1117020103544126
2011-07-10,Sunday,7,3,2011,27,42837.7,1728.0,26218.0,9206.062712328767,-7864.3640236525225,41496.00131132375,0.1457407722064983
2011-07-11,Monday,7,3,2011,28,28135.57,1676.0,15976.0,9140.67298630137,1672.4394550243128,17322.45755867432,1.1829667747145869
2011-07-12,Tuesday,7,3,2011,28,68218.85,2073.0,40341.0,9179.743424657534,1868.8676364474318,57170.23893889504,1.203586042658611
2011-07-13,Wednesday,7,3,2011,28,0.0,0.0,0.0,9132.528493150685,754.902690986418,-9887.431184137104,1.0826608634785633
2011-07-14,Thursday,7,3,2011,28,0.0,0.0,0.0,9041.61887671233,1170.9464513534715,-10212.5653280658,1.1295062828150577
2011-07-15,Friday,7,3,2011,28,0.0,0.0,0.0,9082.825342465754,1294.3064878343987,-10377.131830300154,1.1425004267981473
2011-07-16,Saturday,7,3,2011,28,0.0,0.0,0.0,9116.367753424658,1018.3166051876746,-10134.684358612332,1.1117020103544126
2011-07-17,Sunday,7,3,2011,28,0.0,0.0,0.0,9116.367753424658,-7787.741277322129,-1328.6264761025295,0.1457407722064983
2011-07-18,Monday,7,3,2011,29,0.0,0.0,0.0,9161.205150684931,1676.1961589194827,-10837.401309604415,1.1829667747145869
2011-07-19,Tuesday,7,3,2011,29,0.0,0.0,0.0,9218.466712328767,1876.751157343149,-11095.217869671917,1.203586042658611
2011-07-20,Wednesday,7,3,2011,29,0.0,0.0,0.0,9276.008219178082,766.7628490315103,-10042.771068209593,1.0826608634785633
2011-07-21,Thursday,7,3,2011,29,0.0,0.0,0.0,9309.042136986302,1205.5794437298373,-10514.621580716139,1.1295062828150577
2011-07-22,Friday,7,3,2011,29,0.0,0.0,0.0,9352.521917808219,1332.7383649266988,-10685.260282734918,1.1425004267981473
2011-07-23,Saturday,7,3,2011,29,0.0,0.0,0.0,9390.73602739726,1048.9640929678847,-10439.700120365145,1.1117020103544126
2011-07-24,Sunday,7,3,2011,29,0.0,0.0,0.0,9390.73602739726,-8022.122907177,-1368.6131202202605,0.1457407722064983
2011-07-25,Monday,7,3,2011,30,0.0,0.0,0.0,9442.872438356164,1727.731914087294,-11170.604352443457,1.1829667747145869
2011-07-26,Tuesday,7,3,2011,30,0.0,0.0,0.0,9486.39898630137,1931.2984287017541,-11417.697415003124,1.203586042658611
2011-07-27,Wednesday,7,3,2011,30,0.0,0.0,0.0,9543.440493150685,788.8690317201214,-10332.309524870807,1.0826608634785633
2011-07-28,Thursday,7,3,2011,30,0.0,0.0,0.0,9567.636904109588,1239.0690907753994,-10806.705994884987,1.1295062828150577
2011-07-29,Friday,7,3,2011,30,0.0,0.0,0.0,9618.762219178083,1370.6777215027716,-10989.439940680855,1.1425004267981473
2011-07-30,Saturday,7,3,2011,30,0.0,0.0,0.0,9670.710712328768,1080.2378281230772,-10750.948540451845,1.1117020103544126
2011-07-31,Sunday,7,3,2011,30,0.0,0.0,0.0,9670.710712328768,-8261.293865328318,-1409.4168470004497,0.1457407722064983
2011-08-01,Monday,8,3,2011,31,0.0,0.0,0.0,9725.822136986302,1779.5023078521149,-11505.324444838418,1.1829667747145869
2011-08-02,Tuesday,8,3,2011,31,14150.04,613.0,8662.0,9780.44391780822,1991.1618726710558,2378.4342095207257,1.203586042658611
2011-08-03,Wednesday,8,3,2011,31,22124.17,1165.0,13778.0,9812.252328767123,811.0892501654337,11500.828421067441,1.0826608634785633
2011-08-04,Thursday,8,3,2011,31,22648.18,1018.0,12243.0,9793.695671232877,1268.3451214032916,11586.13920736383,1.1295062828150577
2011-08-05,Friday,8,3,2011,31,18593.56,1417.0,10550.0,9793.216739726027,1395.5375651377199,7404.805695136254,1.1425004267981473
2011-08-06,Saturday,8,3,2011,31,29702.46,1421.0,18529.0,9842.434246575342,1099.4196921235844,18760.60606130107,1.1117020103544126
2011-08-07,Sunday,8,3,2011,31,17506.82,774.0,10134.0,9842.434246575342,-8407.990279087768,16072.376032512426,0.1457407722064983
2011-08-08,Monday,8,3,2011,32,19721.02,1075.0,12404.0,9804.577232876713,1793.911873739521,8122.530893383767,1.1829667747145869
2011-08-09,Tuesday,8,3,2011,32,22822.06,1358.0,15744.0,9852.448602739727,2005.8210215291415,10963.790375731132,1.203586042658611
2011-08-10,Wednesday,8,3,2011,32,0.0,0.0,0.0,9821.274054794521,811.8349938289255,-10633.109048623446,1.0826608634785633
2011-08-11,Thursday,8,3,2011,32,37860.06,2206.0,21458.0,9780.735698630137,1266.6667235261257,26812.657577843733,1.1295062828150577
2011-08-12,Friday,8,3,2011,32,42766.2,2427.0,24633.0,9762.471671232875,1391.1563797555075,31612.571949011617,1.1425004267981473
2011-08-13,Saturday,8,3,2011,32,0.0,0.0,0.0,9689.582410958905,1082.345834798866,-10771.92824575777,1.1117020103544126
2011-08-14,Sunday,8,3,2011,32,0.0,0.0,0.0,9569.00005479452,-8174.406597564743,-1394.5934572297774,0.1457407722064983
2011-08-15,Monday,8,3,2011,33,0.0,0.0,0.0,9608.19591780822,1757.98061790723,-11366.176535715449,1.1829667747145869
2011-08-16,Tuesday,8,3,2011,33,0.0,0.0,0.0,9663.246027397261,1967.3020179543512,-11630.548045351612,1.203586042658611
2011-08-17,Wednesday,8,3,2011,33,0.0,0.0,0.0,9695.512712328768,801.439452668483,-10496.95216499725,1.0826608634785633
2011-08-18,Thursday,8,3,2011,33,0.0,0.0,0.0,9730.103150684932,1260.109490452287,-10990.21264113722,1.1295062828150577
2011-08-19,Friday,8,3,2011,33,0.0,0.0,0.0,9788.15895890411,1394.8168292119453,-11182.975788116055,1.1425004267981473
2011-08-20,Saturday,8,3,2011,33,0.0,0.0,0.0,9820.231506849315,1096.9396014608114,-10917.171108310127,1.1117020103544126
2011-08-21,Sunday,8,3,2011,33,0.0,0.0,0.0,9820.231506849315,-8389.023383794512,-1431.2081230548029,0.1457407722064983
2011-08-22,Monday,8,3,2011,34,0.0,0.0,0.0,9845.558054794521,1801.4100025509754,-11646.968057345497,1.1829667747145869
2011-08-23,Tuesday,8,3,2011,34,0.0,0.0,0.0,9869.49695890411,2009.291828894483,-11878.788787798592,1.203586042658611
2011-08-24,Wednesday,8,3,2011,34,0.0,0.0,0.0,9912.42002739726,819.3691986268614,-10731.78922602412,1.0826608634785633
2011-08-25,Thursday,8,3,2011,34,0.0,0.0,0.0,9960.770767123287,1289.9823960230278,-11250.753163146315,1.1295062828150577
2011-08-26,Friday,8,3,2011,34,0.0,0.0,0.0,9996.616246575342,1424.52208167428,-11421.138328249623,1.1425004267981473
2011-08-27,Saturday,8,3,2011,34,0.0,0.0,0.0,10041.457753424658,1121.651017946438,-11163.108771371097,1.1117020103544126
2011-08-28,Sunday,8,3,2011,34,0.0,0.0,0.0,10041.457753424658,-8578.007946361618,-1463.4498070630398,0.1457407722064983
2011-08-29,Monday,8,3,2011,35,0.0,0.0,0.0,10062.743205479452,1841.1476690876987,-11903.89087456715,1.1829667747145869
2011-08-30,Tuesday,8,3,2011,35,0.0,0.0,0.0,10092.54389041096,2054.7010710071086,-12147.244961418068,1.203586042658611
2011-08-31,Wednesday,8,3,2011,35,0.0,0.0,0.0,10127.307095890412,837.1319492588824,-10964.439045149295,1.0826608634785633
2011-09-01,Thursday,9,3,2011,35,15468.28,1054.0,8054.0,10092.724301369863,1307.0712077476112,4068.484490882527,1.1295062828150577
2011-09-02,Friday,9,3,2011,35,11760.93,429.0,6062.0,10047.687643835618,1431.799777581047,281.4425785833357,1.1425004267981473
2011-09-03,Saturday,9,3,2011,35,20184.23,997.0,11389.0,10076.06791780822,1125.5170428867787,8982.645039305002,1.1117020103544126
2011-09-04,Sunday,9,3,2011,35,0.0,0.0,0.0,9997.692383561644,-8540.620975298343,-1457.0714082633003,0.1457407722064983
2011-09-05,Monday,9,3,2011,36,21557.31,1052.0,11660.0,9980.409205479453,1826.0832826583483,9750.8175118622,1.1829667747145869
2011-09-06,Tuesday,9,3,2011,36,42499.89,1372.0,27062.0,10011.503369863014,2038.2023521337585,30450.184278003228,1.203586042658611
2011-09-07,Wednesday,9,3,2011,36,0.0,0.0,0.0,9961.832575342467,823.4536825066881,-10785.286257849155,1.0826608634785633
2011-09-08,Thursday,9,3,2011,36,25942.27,878.0,15812.0,9988.872082191781,1293.6216928797633,14659.776224928455,1.1295062828150577
2011-09-09,Friday,9,3,2011,36,25007.86,1254.0,15959.0,9865.132,1405.7855204200607,13736.94247957994,1.1425004267981473
2011-09-10,Saturday,9,3,2011,36,11906.22,1161.0,6986.0,9747.025315068493,1088.7623226685027,1070.4323622630036,1.1117020103544126
2011-09-11,Sunday,9,3,2011,36,58154.14,2089.0,35104.0,9747.025315068493,-8326.486318934123,56733.601003865624,0.1457407722064983
2011-09-12,Monday,9,3,2011,37,184198.67,600.0,90465.0,9757.810328767124,1785.3550841312033,172655.5045871017,1.1829667747145869
2011-09-13,Tuesday,9,3,2011,37,0.0,0.0,0.0,9818.954630136988,1999.002116194034,-11817.956746331023,1.203586042658611
2011-09-14,Wednesday,9,3,2011,37,0.0,0.0,0.0,9847.696657534247,814.0191089867423,-10661.715766520989,1.0826608634785633
2011-09-15,Thursday,9,3,2011,37,0.0,0.0,0.0,9904.946136986302,1282.7527556844614,-11187.698892670764,1.1295062828150577
2011-09-16,Friday,9,3,2011,37,0.0,0.0,0.0,9951.188767123289,1418.0486464639982,-11369.237413587287,1.1425004267981473
2011-09-17,Saturday,9,3,2011,37,0.0,0.0,0.0,9982.920958904111,1115.1123403187898,-11098.033299222901,1.1117020103544126
2011-09-18,Sunday,9,3,2011,37,0.0,0.0,0.0,9982.920958904111,-8528.00234947699,-1454.9186094271208,0.1457407722064983
2011-09-19,Monday,9,3,2011,38,0.0,0.0,0.0,10005.105397260275,1830.6018652162181,-11835.707262476493,1.1829667747145869
2011-09-20,Tuesday,9,3,2011,38,0.0,0.0,0.0,10031.891041095892,2042.352997439085,-12074.244038534976,1.203586042658611
2011-09-21,Wednesday,9,3,2011,38,0.0,0.0,0.0,10073.367260273973,832.6732358709359,-10906.04049614491,1.0826608634785633
2011-09-22,Thursday,9,3,2011,38,0.0,0.0,0.0,10103.172191780823,1308.4242751979937,-11411.596466978815,1.1295062828150577
2011-09-23,Friday,9,3,2011,38,0.0,0.0,0.0,10136.0178630137,1444.3868715130975,-11580.404734526797,1.1425004267981473
2011-09-24,Saturday,9,3,2011,38,0.0,0.0,0.0,10159.575315068494,1134.844987040216,-11294.42030210871,1.1117020103544126
2011-09-25,Sunday,9,3,2011,38,0.0,0.0,0.0,10159.575315068494,-8678.910963360333,-1480.6643517081611,0.1457407722064983
2011-09-26,Monday,9,3,2011,39,0.0,0.0,0.0,10181.420493150687,1862.8616696447798,-12044.282162795465,1.1829667747145869
2011-09-27,Tuesday,9,3,2011,39,0.0,0.0,0.0,10208.079561643835,2078.222521099316,-12286.302082743152,1.203586042658611
2011-09-28,Wednesday,9,3,2011,39,0.0,0.0,0.0,10248.425342465755,847.1436881038098,-11095.569030569564,1.0826608634785633
2011-09-29,Thursday,9,3,2011,39,0.0,0.0,0.0,10286.54789041096,1332.1725802861972,-11618.720470697157,1.1295062828150577
2011-09-30,Friday,9,3,2011,39,0.0,0.0,0.0,10335.588219178082,1472.8257324427802,-11808.413951620862,1.1425004267981473
2011-10-01,Saturday,10,4,2011,39,14856.19,778.0,9184.0,10345.45394520548,1155.6080037084414,3355.1280510860797,1.1117020103544126
2011-10-02,Sunday,10,4,2011,39,14126.11,647.0,11762.0,10295.980493150684,-8795.43634545586,12625.565852305177,0.1457407722064983
2011-10-03,Monday,10,4,2011,40,25347.58,943.0,16213.0,10287.65608219178,1882.2992527315328,13177.62466507669,1.1829667747145869
2011-10-04,Tuesday,10,4,2011,40,9819.41,903.0,5553.0,10284.563232876713,2093.7935290536197,-2558.946761930333,1.203586042658611
2011-10-05,Wednesday,10,4,2011,40,29484.57,1269.0,16279.0,10236.187589041096,846.1321048386898,18402.250306120215,1.0826608634785633
2011-10-06,Thursday,10,4,2011,40,18595.18,686.0,9760.0,10264.820849315069,1329.3587919572983,7001.000358727633,1.1295062828150577
2011-10-07,Friday,10,4,2011,40,5852.72,763.0,4128.0,10274.689178082192,1464.147593095018,-5886.11677117721,1.1425004267981473
2011-10-08,Saturday,10,4,2011,40,19850.11,735.0,12324.0,10150.784712328768,1133.8630590419616,8565.46222862927,1.1117020103544126
2011-10-09,Sunday,10,4,2011,40,0.0,0.0,0.0,10104.695150684933,-8632.029076512852,-1472.6660741720807,0.1457407722064983
2011-10-10,Monday,10,4,2011,41,40786.22,2635.0,23846.0,10029.757479452055,1835.112377184847,28921.3501433631,1.1829667747145869
2011-10-11,Tuesday,10,4,2011,41,68749.11,3065.0,37195.0,9940.943287671234,2023.8373042306678,56784.32940809809,1.203586042658611
2011-10-12,Wednesday,10,4,2011,41,0.0,0.0,0.0,9921.845232876713,820.1482942502557,-10741.993527126968,1.0826608634785633
2011-10-13,Thursday,10,4,2011,41,0.0,0.0,0.0,9963.036465753425,1290.275818230596,-11253.312283984022,1.1295062828150577
2011-10-14,Friday,10,4,2011,41,0.0,0.0,0.0,10008.264383561644,1426.1819461662312,-11434.446329727874,1.1425004267981473
2011-10-15,Saturday,10,4,2011,41,0.0,0.0,0.0,10072.022,1125.0651057338719,-11197.087105733874,1.1117020103544126
2011-10-16,Sunday,10,4,2011,41,0.0,0.0,0.0,10072.022,-8604.117736039161,-1467.9042639608397,0.1457407722064983
2011-10-17,Monday,10,4,2011,42,0.0,0.0,0.0,10118.394767123289,1851.3300558295016,-11969.72482295279,1.1829667747145869
2011-10-18,Tuesday,10,4,2011,42,0.0,0.0,0.0,10147.830602739727,2065.9566739817274,-12213.787276721454,1.203586042658611
2011-10-19,Wednesday,10,4,2011,42,0.0,0.0,0.0,10186.07693150685,841.9899146174305,-11028.06684612428,1.0826608634785633
2011-10-20,Thursday,10,4,2011,42,0.0,0.0,0.0,10221.067780821919,1323.6924946949978,-11544.760275516917,1.1295062828150577
2011-10-21,Friday,10,4,2011,42,0.0,0.0,0.0,10272.51282191781,1463.8374614127288,-11736.35028333054,1.1425004267981473
2011-10-22,Saturday,10,4,2011,42,0.0,0.0,0.0,10309.167589041095,1151.5547447764434,-11460.722333817539,1.1117020103544126
2011-10-23,Sunday,10,4,2011,42,0.0,0.0,0.0,10309.167589041095,-8806.701543808042,-1502.4660452330536,0.1457407722064983
2011-10-24,Monday,10,4,2011,43,0.0,0.0,0.0,10336.035342465753,1891.1510499469393,-12227.186392412692,1.1829667747145869
2011-10-25,Tuesday,10,4,2011,43,0.0,0.0,0.0,10379.776630136987,2113.177647809921,-12492.954277946908,1.203586042658611
2011-10-26,Wednesday,10,4,2011,43,0.0,0.0,0.0,10434.723013698629,862.5432144719647,-11297.266228170594,1.0826608634785633
2011-10-27,Thursday,10,4,2011,43,0.0,0.0,0.0,10471.41408219178,1356.1139136019067,-11827.527995793687,1.1295062828150577
2011-10-28,Friday,10,4,2011,43,0.0,0.0,0.0,10522.579671232877,1499.472094168194,-12022.051765401071,1.1425004267981473
2011-10-29,Saturday,10,4,2011,43,0.0,0.0,0.0,10556.102794520548,1179.1379036557782,-11735.240698176327,1.1117020103544126
2011-10-30,Sunday,10,4,2011,43,0.0,0.0,0.0,10556.102794520548,-9017.64822175595,-1538.4545727645982,0.1457407722064983
2011-10-31,Monday,10,4,2011,44,0.0,0.0,0.0,10552.084219178083,1930.6808160997039,-12482.765035277787,1.1829667747145869
2011-11-01,Tuesday,11,4,2011,44,58991.22,816.0,25647.0,10600.00093150685,2158.012241823069,46233.20682667009,1.203586042658611
2011-11-02,Wednesday,11,4,2011,44,18265.11,526.0,9500.0,10630.718219178081,878.7443473945547,6755.647433427364,1.0826608634785633
2011-11-03,Thursday,11,4,2011,44,18623.23,627.0,8975.0,10578.973753424658,1370.0435668040864,6674.212679771255,1.1295062828150577
2011-11-04,Friday,11,4,2011,44,19797.65,1130.0,12741.0,10591.654547945205,1509.31529358073,7696.680158474066,1.1425004267981473
2011-11-05,Saturday,11,4,2011,44,31323.15,1426.0,18234.0,10554.791561643837,1178.991436307407,19589.36700204876,1.1117020103544126
2011-11-06,Sunday,11,4,2011,44,0.0,0.0,0.0,10484.052328767124,-8956.098446519267,-1527.953882247857,0.1457407722064983
2011-11-07,Monday,11,4,2011,45,19994.33,1057.0,14083.0,10477.632301369864,1917.0585888270184,7599.63910980312,1.1829667747145869
2011-11-08,Tuesday,11,4,2011,45,53999.71,1405.0,36357.0,10429.901232876713,2123.382317321537,41446.42644980175,1.203586042658611
2011-11-09,Wednesday,11,4,2011,45,34110.74,1916.0,20051.0,10289.053479452055,850.5020449886227,22971.18447555932,1.0826608634785633
2011-11-10,Thursday,11,4,2011,45,46131.34,1784.0,26529.0,10326.18295890411,1337.305570675865,34467.85147042002,1.1295062828150577
2011-11-11,Friday,11,4,2011,45,36457.05,2302.0,23494.0,10219.008,1456.213001453682,24781.82899854632,1.1425004267981473
2011-11-12,Saturday,11,4,2011,45,0.0,0.0,0.0,10276.839589041096,1147.943642185706,-11424.783231226802,1.1117020103544126
2011-11-13,Sunday,11,4,2011,45,0.0,0.0,0.0,10276.839589041096,-8779.085051491935,-1497.754537549161,0.1457407722064983
2011-11-14,Monday,11,4,2011,46,0.0,0.0,0.0,10331.007397260275,1890.2311030292515,-12221.238500289526,1.1829667747145869
2011-11-15,Tuesday,11,4,2011,46,0.0,0.0,0.0,10397.074164383563,2116.6991843549335,-12513.773348738496,1.203586042658611
2011-11-16,Wednesday,11,4,2011,46,0.0,0.0,0.0,10445.735698630138,863.4535325176206,-11309.189231147759,1.0826608634785633
2011-11-17,Thursday,11,4,2011,46,0.0,0.0,0.0,10492.572054794522,1358.8540039855907,-11851.426058780113,1.1295062828150577
2011-11-18,Friday,11,4,2011,46,0.0,0.0,0.0,10537.102547945206,1501.5416102980375,-12038.644158243244,1.1425004267981473
2011-11-19,Saturday,11,4,2011,46,0.0,0.0,0.0,10566.557534246575,1180.3057191009077,-11746.863253347483,1.1117020103544126
2011-11-20,Sunday,11,4,2011,46,0.0,0.0,0.0,10566.557534246575,-9026.579279641086,-1539.9782546054885,0.1457407722064983
2011-11-21,Monday,11,4,2011,47,0.0,0.0,0.0,10613.207506849316,1941.8643469048611,-12555.071853754176,1.1829667747145869
2011-11-22,Tuesday,11,4,2011,47,0.0,0.0,0.0,10641.817205479452,2166.5254515598795,-12808.342657039331,1.203586042658611
2011-11-23,Wednesday,11,4,2011,47,0.0,0.0,0.0,10698.009178082191,884.306676161869,-11582.31585424406,1.0826608634785633
2011-11-24,Thursday,11,4,2011,47,0.0,0.0,0.0,10748.218246575343,1391.96179199895,-12140.180038574294,1.1295062828150577
2011-11-25,Friday,11,4,2011,47,0.0,0.0,0.0,10806.593123287672,1539.9441323024173,-12346.537255590089,1.1425004267981473
2011-11-26,Saturday,11,4,2011,47,0.0,0.0,0.0,10859.537534246576,1213.0321740945435,-12072.56970834112,1.1117020103544126
2011-11-27,Sunday,11,4,2011,47,0.0,0.0,0.0,10859.537534246576,-9276.860148200027,-1582.6773860465491,0.1457407722064983
2011-11-28,Monday,11,4,2011,48,0.0,0.0,0.0,10895.895671232876,1993.5868885921082,-12889.482559824984,1.1829667747145869
2011-11-29,Tuesday,11,4,2011,48,0.0,0.0,0.0,10951.52805479452,2229.5782577403716,-13181.106312534892,1.203586042658611
2011-11-30,Wednesday,11,4,2011,48,0.0,0.0,0.0,11000.747232876713,909.3312651790046,-11910.078498055716,1.0826608634785633
2011-12-01,Thursday,12,4,2011,48,17022.49,883.0,7850.0,10944.266246575342,1417.3512397322763,4660.872513692383,1.1295062828150577
2011-12-02,Friday,12,4,2011,48,0.0,0.0,0.0,11013.328520547946,1569.404014646291,-12582.732535194236,1.1425004267981473
2011-12-03,Saturday,12,4,2011,48,0.0,0.0,0.0,11045.298767123288,1233.7820772527866,-12279.080844376074,1.1117020103544126
2011-12-04,Sunday,12,4,2011,48,23970.74,1064.0,14565.0,11010.559506849315,-9405.872061895494,22366.052555046183,0.1457407722064983
2011-12-05,Monday,12,4,2011,49,60082.4,1753.0,37008.0,10985.102630136986,2009.9087981448897,47087.388571718126,1.1829667747145869
2011-12-06,Tuesday,12,4,2011,49,12331.44,1034.0,9409.0,11046.076547945206,2248.827011300254,-963.4635592454592,1.203586042658611
2011-12-07,Wednesday,12,4,2011,49,17895.11,733.0,11521.0,11034.194712328766,912.0960627116929,5948.819224959541,1.0826608634785633
2011-12-08,Thursday,12,4,2011,49,18411.83,703.0,11265.0,11092.905150684932,1436.6009116852133,5882.323937629857,1.1295062828150577
2011-12-09,Friday,12,4,2011,49,27548.95,1411.0,16134.0,11080.885479452056,1579.0309101233115,14889.033610424634,1.1425004267981473
2011-12-10,Saturday,12,4,2011,49,27003.3,1398.0,15869.0,10975.75317808219,1226.013695145614,14801.533126772196,1.1117020103544126
2011-12-11,Sunday,12,4,2011,49,0.0,0.0,0.0,10860.912767123287,-9278.034953575323,-1582.8778135479643,0.1457407722064983
2011-12-12,Monday,12,4,2011,50,0.0,0.0,0.0,10812.52304109589,1978.3324673564716,-12790.855508452361,1.1829667747145869
2011-12-13,Tuesday,12,4,2011,50,0.0,0.0,0.0,10855.53610958904,2210.0356374888856,-13065.571747077925,1.203586042658611
2011-12-14,Wednesday,12,4,2011,50,0.0,0.0,0.0,10910.019780821916,901.8316556509452,-11811.851436472862,1.0826608634785633
2011-12-15,Thursday,12,4,2011,50,0.0,0.0,0.0,10964.606301369862,1419.9854046209693,-12384.591705990832,1.1295062828150577
2011-12-16,Friday,12,4,2011,50,0.0,0.0,0.0,11009.631315068493,1568.8771612875084,-12578.508476356,1.1425004267981473
2011-12-17,Saturday,12,4,2011,50,0.0,0.0,0.0,11085.233671232876,1238.2428863251382,-12323.476557558015,1.1117020103544126
2011-12-18,Sunday,12,4,2011,50,0.0,0.0,0.0,11085.233671232876,-9469.66315589792,-1615.5705153349554,0.1457407722064983
2011-12-19,Monday,12,4,2011,51,0.0,0.0,0.0,11129.415589041097,2036.3132747850937,-13165.72886382619,1.1829667747145869
2011-12-20,Tuesday,12,4,2011,51,0.0,0.0,0.0,11191.19805479452,2278.371724584361,-13469.569779378882,1.203586042658611
2011-12-21,Wednesday,12,4,2011,51,0.0,0.0,0.0,11250.201506849315,929.951370863998,-12180.152877713314,1.0826608634785633
2011-12-22,Thursday,12,4,2011,51,0.0,0.0,0.0,11342.590328767123,1468.9367109726534,-12811.527039739776,1.1295062828150577
2011-12-23,Friday,12,4,2011,51,0.0,0.0,0.0,11399.472767123289,1624.4297345889263,-13023.902501712215,1.1425004267981473
2011-12-24,Saturday,12,4,2011,51,0.0,0.0,0.0,11474.304328767124,1281.702860941627,-12756.007189708751,1.1117020103544126
2011-12-25,Sunday,12,4,2011,51,0.0,0.0,0.0,11474.304328767124,-9802.030355360237,-1672.2739734068873,0.1457407722064983
2011-12-26,Monday,12,4,2011,52,0.0,0.0,0.0,11531.4078630137,2109.864504614043,-13641.272367627742,1.1829667747145869
2011-12-27,Tuesday,12,4,2011,52,0.0,0.0,0.0,11581.471315068495,2357.825913199013,-13939.297228267507,1.203586042658611
2011-12-28,Wednesday,12,4,2011,52,0.0,0.0,0.0,11640.199315068494,962.1889264461425,-12602.388241514636,1.0826608634785633
2011-12-29,Thursday,12,4,2011,52,0.0,0.0,0.0,11682.140876712328,1512.910640264853,-13195.051516977182,1.1295062828150577
2011-12-30,Friday,12,4,2011,52,0.0,0.0,0.0,11746.179589041096,1673.835604686043,-13420.015193727138,1.1425004267981473
2011-12-31,Saturday,12,4,2011,52,0.0,0.0,0.0,11726.303698630136,1309.8516971633705,-13036.155395793507,1.1117020103544126
2012-01-01,Sunday,1,1,2012,52,0.0,0.0,0.0,11675.026438356163,-9973.499069698852,-1701.527368657311,0.1457407722064983
2012-01-02,Monday,1,1,2012,1,14210.06,517.0,4333.0,11651.381123287669,2131.815625098365,426.86325161396553,1.1829667747145869
2012-01-03,Tuesday,1,1,2012,1,17311.78,600.0,5254.0,11668.017753424656,2375.4455600901415,3268.3166864852014,1.203586042658611
2012-01-04,Wednesday,1,1,2012,1,13157.78,455.0,4387.0,11739.13701369863,970.3672020454914,448.27578425587956,1.0826608634785633
2012-01-05,Thursday,1,1,2012,1,20457.16,660.0,5901.0,11683.359698630136,1513.068485360842,7260.731816009022,1.1295062828150577
2012-01-06,Friday,1,1,2012,1,13860.71,538.0,4779.0,11650.852602739724,1660.2514684527164,549.6059288075589,1.1425004267981473
2012-01-07,Saturday,1,1,2012,1,15763.59,512.0,4655.0,11680.626246575343,1304.7494339409827,2778.214319483675,1.1117020103544126
2012-01-08,Sunday,1,1,2012,1,0.0,0.0,0.0,11621.004602739726,-9927.350418121167,-1693.6541846185592,0.1457407722064983
2012-01-09,Monday,1,1,2012,2,13424.97,465.0,4429.0,11552.693178082194,2113.7590100609095,-241.4821881431044,1.1829667747145869
2012-01-10,Tuesday,1,1,2012,2,14260.71,534.0,4589.0,11528.165780821917,2346.9736504299494,385.5705687481327,1.203586042658611
2012-01-11,Wednesday,1,1,2012,2,10917.47,399.0,3922.0,11370.05797260274,939.858809816665,-1392.4467824194066,1.0826608634785633
2012-01-12,Thursday,1,1,2012,2,10731.9,461.0,3880.0,11399.553780821918,1476.3138359045838,-2143.967616726502,1.1295062828150577
2012-01-13,Friday,1,1,2012,2,15040.36,575.0,5220.0,11445.929698630136,1631.0498671563844,1963.3804342134802,1.1425004267981473
2012-01-14,Saturday,1,1,2012,2,12242.98,430.0,3852.0,11480.806438356165,1282.4291596542676,-520.255598010433,1.1117020103544126
2012-01-15,Sunday,1,1,2012,2,0.0,0.0,0.0,11480.806438356165,-9807.584842476801,-1673.221595879364,0.1457407722064983
2012-01-16,Monday,1,1,2012,3,16365.65,532.0,5199.0,11524.196876712329,2108.5451337079708,2732.9079895797,1.1829667747145869
2012-01-17,Tuesday,1,1,2012,3,20900.47,724.0,6048.0,11587.785561643837,2359.111405671658,6953.573032684506,1.203586042658611
2012-01-18,Wednesday,1,1,2012,3,21002.65,729.0,6981.0,11616.479424657535,960.2282198231558,8425.942355519312,1.0826608634785633
2012-01-19,Thursday,1,1,2012,3,12057.38,513.0,4629.0,11648.909534246577,1508.6069726291594,-1100.1365068757373,1.1295062828150577
2012-01-20,Friday,1,1,2012,3,15870.12,606.0,5399.0,11684.07780821918,1664.9860744139949,2521.0561173668266,1.1425004267981473
2012-01-21,Saturday,1,1,2012,3,13948.15,529.0,4663.0,11724.446383561643,1309.6442313363582,914.0593851019989,1.1117020103544126
2012-01-22,Sunday,1,1,2012,3,0.0,0.0,0.0,11724.446383561643,-10015.716513927682,-1708.7298696339603,0.1457407722064983
2012-01-23,Monday,1,1,2012,4,19029.79,686.0,6230.0,11758.590684931505,2151.4314128109027,5119.767902257593,1.1829667747145869
2012-01-24,Tuesday,1,1,2012,4,15887.19,674.0,5889.0,11835.608630136987,2409.564723465692,1642.0166463973214,1.203586042658611
2012-01-25,Wednesday,1,1,2012,4,20820.15,815.0,7627.0,11890.084383561643,982.8446419781861,7947.220974460172,1.0826608634785633
2012-01-26,Thursday,1,1,2012,4,8831.69,360.0,3215.0,11931.740438356164,1545.2353516856142,-4645.2857900417785,1.1295062828150577
2012-01-27,Friday,1,1,2012,4,18660.74,345.0,3469.0,11969.10093150685,1705.601991129829,4986.037077363323,1.1425004267981473
2012-01-28,Saturday,1,1,2012,4,18961.2,674.0,6321.0,12034.692000000001,1344.299290396167,5582.208709603833,1.1117020103544126
2012-01-29,Sunday,1,1,2012,4,0.0,0.0,0.0,12034.692000000001,-10280.746694652633,-1753.945305347368,0.1457407722064983
2012-01-30,Monday,1,1,2012,5,20115.67,495.0,4371.0,12055.560794520548,2205.7670759490475,5854.342129530402,1.1829667747145869
2012-01-31,Tuesday,1,1,2012,5,19936.95,562.0,4850.0,12085.15723287671,2460.3693359484582,5391.423431174831,1.203586042658611
2012-02-01,Wednesday,2,1,2012,5,11610.07,429.0,3694.0,12117.997506849315,1001.6841375472413,-1509.6116443965566,1.0826608634785633
2012-02-02,Thursday,2,1,2012,5,9995.6,341.0,3133.0,12099.46591780822,1566.9568550628233,-3670.822772871043,1.1295062828150577
2012-02-03,Friday,2,1,2012,5,18459.43,623.0,5775.0,12077.510301369864,1721.0503726042268,4660.869326025909,1.1425004267981473
2012-02-04,Saturday,2,1,2012,5,17964.39,672.0,6048.0,12099.47709589041,1351.535915848129,4513.376988261461,1.1117020103544126
2012-02-05,Sunday,2,1,2012,5,0.0,0.0,0.0,12018.100493150685,-10266.573246823606,-1751.5272463270794,0.1457407722064983
2012-02-06,Monday,2,1,2012,6,14088.47,508.0,4734.0,12033.033397260273,2201.6453107296206,-146.20870798989426,1.1829667747145869
2012-02-07,Tuesday,2,1,2012,6,17473.05,647.0,5732.0,12038.333095890412,2450.836595198513,2983.8803089110747,1.203586042658611
2012-02-08,Wednesday,2,1,2012,6,8889.54,368.0,3380.0,12000.741726027398,991.9916734566485,-4103.193399484046,1.0826608634785633
2012-02-09,Thursday,2,1,2012,6,15388.51,549.0,4889.0,12054.886657534249,1561.1835607740963,1772.4397816916548,1.1295062828150577
2012-02-10,Friday,2,1,2012,6,4662.15,201.0,1845.0,11988.113726027397,1708.3113224636325,-9034.27504849103,1.1425004267981473
2012-02-11,Saturday,2,1,2012,6,11787.83,446.0,4219.0,11929.161342465752,1332.5113037955682,-1473.84264626132,1.1117020103544126
2012-02-12,Sunday,2,1,2012,6,0.0,0.0,0.0,11929.161342465752,-10190.596156638885,-1738.5651858268666,0.1457407722064983
2012-02-13,Monday,2,1,2012,7,14306.49,530.0,4488.0,11977.649917808218,2191.5119741218064,137.32810806997577,1.1829667747145869
2012-02-14,Tuesday,2,1,2012,7,20093.29,747.0,6734.0,12018.573232876712,2446.8137628840773,5627.903004239211,1.203586042658611
2012-02-15,Wednesday,2,1,2012,7,11777.34,419.0,3851.0,12065.155369863014,997.3161608759012,-1285.1315307389152,1.0826608634785633
2012-02-16,Thursday,2,1,2012,7,12625.51,345.0,3093.0,12094.550767123286,1566.3203121681415,-1035.3610792914276,1.1295062828150577
2012-02-17,Friday,2,1,2012,7,21190.37,733.0,6568.0,12151.295698630136,1731.5648232052863,7307.509478164577,1.1425004267981473
2012-02-18,Saturday,2,1,2012,7,11706.48,402.0,3512.0,12186.794630136987,1361.2894599626618,-1841.6040900996488,1.1117020103544126
2012-02-19,Sunday,2,1,2012,7,0.0,0.0,0.0,12186.794630136987,-10410.681770018815,-1776.1128601181717,0.1457407722064983
2012-02-20,Monday,2,1,2012,8,9244.19,292.0,2694.0,12242.438,2239.959395503298,-5238.207395503297,1.1829667747145869
2012-02-21,Tuesday,2,1,2012,8,8737.7,378.0,3486.0,12299.203780821917,2503.9462255893595,-6065.450006411276,1.203586042658611
2012-02-22,Wednesday,2,1,2012,8,15666.92,477.0,4104.0,12348.665342465752,1020.7513400160274,2297.5033175182202,1.0826608634785633
2012-02-23,Thursday,2,1,2012,8,17648.02,519.0,4574.0,12393.767369863013,1605.0707421455133,3649.1818879914736,1.1295062828150577
2012-02-24,Friday,2,1,2012,8,13083.6,453.0,4148.0,12445.437671232878,1773.480179840426,-1135.3178510733032,1.1425004267981473
2012-02-25,Saturday,2,1,2012,8,16367.15,564.0,5260.0,12498.296739726025,1396.084871833398,2472.768388440576,1.1117020103544126
2012-02-26,Sunday,2,1,2012,8,0.0,0.0,0.0,12498.296739726025,-10676.785321612395,-1821.5114181136305,0.1457407722064983
2012-02-27,Monday,2,1,2012,9,7769.19,342.0,2600.0,12549.85816438356,2296.2070714627857,-7076.875235846346,1.1829667747145869
2012-02-28,Tuesday,2,1,2012,9,10877.25,371.0,3463.0,12580.716931506848,2561.2583738936614,-4264.725305400509,1.203586042658611
2012-02-29,Wednesday,2,1,2012,9,12688.57,494.0,4335.0,12614.393780821916,1042.716682181358,-968.5404630032745,1.0826608634785633
2012-03-01,Thursday,3,1,2012,9,9523.08,420.0,3619.0,12679.76901369863,1642.10975191766,-4798.7987656162895,1.1295062828150577
2012-03-02,Friday,3,1,2012,9,16757.95,619.0,5809.0,12694.049424657534,1808.9074608104754,2254.9931145319906,1.1425004267981473
2012-03-03,Saturday,3,1,2012,9,17192.77,676.0,6073.0,12703.41791780822,1418.9973197914446,3070.3547624003363,1.1117020103544126
2012-03-04,Sunday,3,1,2012,9,0.0,0.0,0.0,12648.118657534247,-10804.772077425787,-1843.3465801084603,0.1457407722064983
2012-03-05,Monday,3,1,2012,10,8550.95,325.0,3055.0,12676.465041095891,2319.3719233515285,-6444.886964447419,1.1829667747145869
2012-03-06,Tuesday,3,1,2012,10,17195.72,623.0,5441.0,12665.092986301368,2578.436160984424,1952.190852714209,1.203586042658611
2012-03-07,Wednesday,3,1,2012,10,8418.48,330.0,2531.0,12591.088657534248,1040.790260566925,-5213.398918101174,1.0826608634785633
2012-03-08,Thursday,3,1,2012,10,9869.42,337.0,2948.0,12634.21405479452,1636.2100985261961,-4401.004153320716,1.1295062828150577
2012-03-09,Friday,3,1,2012,10,9834.02,314.0,2771.0,12592.027917808218,1794.3693525418578,-4552.377270350075,1.1425004267981473
2012-03-10,Saturday,3,1,2012,10,13144.64,480.0,4532.0,12545.642383561642,1401.3734754313605,-802.3758589930035,1.1117020103544126
2012-03-11,Sunday,3,1,2012,10,0.0,0.0,0.0,12513.022602739726,-10689.36502597907,-1823.6575767606555,0.1457407722064983
2012-03-12,Monday,3,1,2012,11,3936.53,207.0,1571.0,12381.74024657534,2265.447078269684,-10710.657324845024,1.1829667747145869
2012-03-13,Tuesday,3,1,2012,11,22317.67,774.0,6915.0,11907.439643835616,2424.1885152847526,7986.0418408796295,1.203586042658611
2012-03-14,Wednesday,3,1,2012,11,10490.84,454.0,3953.0,11949.792547945206,987.7801704028515,-2446.7327183480575,1.0826608634785633
2012-03-15,Thursday,3,1,2012,11,20896.06,704.0,6301.0,12033.547561643836,1558.4200137866949,7304.0924245694705,1.1295062828150577
2012-03-16,Friday,3,1,2012,11,16878.56,557.0,4965.0,12067.78509589041,1719.6645266727048,3091.1103774368876,1.1425004267981473
2012-03-17,Saturday,3,1,2012,11,11582.25,426.0,3696.0,12104.778438356165,1352.128086459131,-1874.6565248152958,1.1117020103544126
2012-03-18,Sunday,3,1,2012,11,0.0,0.0,0.0,12104.778438356165,-10340.618681361568,-1764.159756994597,0.1457407722064983
2012-03-19,Monday,3,1,2012,12,8097.32,294.0,2608.0,12161.151534246574,2225.0866730364455,-6288.918207283019,1.1829667747145869
2012-03-20,Tuesday,3,1,2012,12,9776.76,317.0,2910.0,12189.368684931507,2481.585333072002,-4894.194018003509,1.203586042658611
2012-03-21,Wednesday,3,1,2012,12,15138.82,479.0,4266.0,12225.575479452054,1010.576625653857,1902.6678948940882,1.0826608634785633
2012-03-22,Thursday,3,1,2012,12,10878.8,407.0,3484.0,12269.527013698631,1588.9808354430454,-2979.707849141677,1.1295062828150577
2012-03-23,Friday,3,1,2012,12,11988.67,406.0,3633.0,12302.63991780822,1753.1314390315956,-2067.101356839815,1.1425004267981473
2012-03-24,Saturday,3,1,2012,12,8598.47,301.0,2860.0,12332.213068493149,1377.5329918696445,-5111.276060362794,1.1117020103544126
2012-03-25,Sunday,3,1,2012,12,0.0,0.0,0.0,12332.213068493149,-10534.906812875888,-1797.3062556172608,0.1457407722064983
2012-03-26,Monday,3,1,2012,13,7973.49,277.0,2549.0,12353.103424657535,2260.207491325307,-6639.820915982842,1.1829667747145869
2012-03-27,Tuesday,3,1,2012,13,9730.56,381.0,3227.0,12375.841205479452,2519.5485355949345,-5164.829741074387,1.203586042658611
2012-03-28,Wednesday,3,1,2012,13,14726.21,482.0,4264.0,12422.924246575341,1026.8896451506978,1276.39610827396,1.0826608634785633
2012-03-29,Thursday,3,1,2012,13,13914.73,483.0,4425.0,12488.661917808218,1617.3601823093122,-191.29210011753094,1.1295062828150577
2012-03-30,Friday,3,1,2012,13,17899.72,556.0,5148.0,12519.477726027397,1784.0309192488032,3596.2113547238014,1.1425004267981473
2012-03-31,Saturday,3,1,2012,13,15677.6,555.0,5113.0,12551.03504109589,1401.9758461190888,1724.5891127850207,1.1117020103544126
2012-04-01,Sunday,4,2,2012,13,0.0,0.0,0.0,12510.333150684934,-10687.067536743556,-1823.2656139413775,0.1457407722064983
2012-04-02,Monday,4,2,2012,14,14134.99,475.0,4199.0,12518.72989041096,2290.511631571587,-674.2515219825464,1.1829667747145869
2012-04-03,Tuesday,4,2,2012,14,21533.76,862.0,7592.0,12498.063315068493,2544.4312512115544,6491.265433719951,1.203586042658611
2012-04-04,Wednesday,4,2,2012,14,9820.52,417.0,3560.0,12556.580465753425,1037.9377836372382,-3773.9982493906623,1.0826608634785633
2012-04-05,Thursday,4,2,2012,14,10451.14,407.0,3753.0,12524.91306849315,1622.0549340822863,-3695.8280025754366,1.1295062828150577
2012-04-06,Friday,4,2,2012,14,28927.81,555.0,5042.0,12518.147616438357,1783.8413780646767,14625.821005496968,1.1425004267981473
2012-04-07,Saturday,4,2,2012,14,17187.94,637.0,5454.0,12544.023232876714,1401.1926130447873,3242.724154078497,1.1117020103544126
2012-04-08,Sunday,4,2,2012,14,0.0,0.0,0.0,12489.639369863015,-10669.389683518497,-1820.2496863445176,0.1457407722064983
2012-04-09,Monday,4,2,2012,15,11175.78,380.0,3542.0,12562.031397260274,2298.4343686200878,-3684.6857658803615,1.1829667747145869
2012-04-10,Tuesday,4,2,2012,15,23115.68,780.0,7484.0,12481.248000000001,2541.0078877607025,8093.424112239296,1.203586042658611
2012-04-11,Wednesday,4,2,2012,15,12910.98,445.0,4042.0,12329.323041095891,1019.152488683132,-437.49552977902374,1.0826608634785633
2012-04-12,Thursday,4,2,2012,15,15034.8,453.0,4278.0,12352.199835616437,1599.6874852994517,1082.9126790841108,1.1295062828150577
2012-04-13,Friday,4,2,2012,15,16508.19,617.0,5658.0,12392.436493150683,1765.9274893429085,2349.826017506408,1.1425004267981473
2012-04-14,Saturday,4,2,2012,15,23271.53,846.0,7913.0,12433.100657534245,1388.8023383853447,9449.627004080408,1.1117020103544126
2012-04-15,Sunday,4,2,2012,15,0.0,0.0,0.0,12433.100657534245,-10621.090966784082,-1812.009690750163,0.1457407722064983
2012-04-16,Monday,4,2,2012,16,16926.06,665.0,5953.0,12469.652849315069,2281.5321636497365,2174.8749870351958,1.1829667747145869
2012-04-17,Tuesday,4,2,2012,16,10744.08,415.0,3734.0,12504.409643835615,2545.7232751706633,-4306.052919006279,1.203586042658611
2012-04-18,Wednesday,4,2,2012,16,13959.91,491.0,4792.0,12540.392739726027,1036.5996922260592,382.91756804791385,1.0826608634785633
2012-04-19,Thursday,4,2,2012,16,12771.66,539.0,4479.0,12599.642684931507,1631.732888923413,-1459.7155738549197,1.1295062828150577
2012-04-20,Friday,4,2,2012,16,18777.44,612.0,5444.0,12633.884301369862,1800.3339050636189,4343.221793566518,1.1425004267981473
2012-04-21,Saturday,4,2,2012,16,13378.99,574.0,4968.0,12699.255643835615,1418.532385421059,-738.7980292566742,1.1117020103544126
2012-04-22,Sunday,4,2,2012,16,0.0,0.0,0.0,12699.255643835615,-10848.45631985528,-1850.7993239803345,0.1457407722064983
2012-04-23,Monday,4,2,2012,17,9806.73,412.0,3682.0,12741.226410958903,2331.2211023214622,-5265.717513280366,1.1829667747145869
2012-04-24,Tuesday,4,2,2012,17,15965.57,577.0,5250.0,12798.727013698628,2605.6421837867647,561.200802514607,1.203586042658611
2012-04-25,Wednesday,4,2,2012,17,20055.43,591.0,5055.0,12825.731917808218,1060.1860750705966,6169.512007121186,1.0826608634785633
2012-04-26,Thursday,4,2,2012,17,13392.24,570.0,4871.0,12894.089808219176,1669.865641345986,-1171.7154495651623,1.1295062828150577
2012-04-27,Friday,4,2,2012,17,18675.44,717.0,6505.0,12930.556246575341,1842.6097838744363,3902.2739695502214,1.1425004267981473
2012-04-28,Saturday,4,2,2012,17,12235.94,395.0,3596.0,13013.981315068493,1453.6878756079134,-2231.729190676406,1.1117020103544126
2012-04-29,Sunday,4,2,2012,17,0.0,0.0,0.0,13013.981315068493,-11117.313628729471,-1896.667686339022,0.1457407722064983
2012-04-30,Monday,4,2,2012,18,26920.3,886.0,8068.0,13084.583479452054,2394.0440377191094,11441.672482828835,1.1829667747145869
2012-05-01,Tuesday,5,2,2012,18,17489.6,665.0,6386.0,13108.451397260273,2668.6977453509576,1712.4508573887683,1.203586042658611
2012-05-02,Wednesday,5,2,2012,18,11211.81,417.0,3594.0,12981.942000000001,1073.0985353486267,-2843.230535348628,1.0826608634785633
2012-05-03,Thursday,5,2,2012,18,9741.29,442.0,3532.0,12968.07515068493,1679.4472080315247,-4906.232358716454,1.1295062828150577
2012-05-04,Friday,5,2,2012,18,29762.23,1101.0,10010.0,12969.91802739726,1848.2188544410947,14944.093118161645,1.1425004267981473
2012-05-05,Saturday,5,2,2012,18,12109.3,341.0,3432.0,12967.914164383561,1448.5420822651067,-2307.1562466486685,1.1117020103544126
2012-05-06,Sunday,5,2,2012,18,0.0,0.0,0.0,12882.097315068495,-11004.650504731155,-1877.4468103373401,0.1457407722064983
2012-05-07,Monday,5,2,2012,19,16964.8,584.0,5539.0,12925.861424657534,2365.0031752772843,1673.9354000651806,1.1829667747145869
2012-05-08,Tuesday,5,2,2012,19,17891.22,575.0,5755.0,12912.35901369863,2628.7760729861484,2350.0849133152233,1.203586042658611
2012-05-09,Wednesday,5,2,2012,19,21828.89,757.0,6998.0,12816.884328767124,1059.4547257207564,7952.550945512119,1.0826608634785633
2012-05-10,Thursday,5,2,2012,19,13552.26,411.0,3984.0,12802.467561643836,1657.9999847688491,-908.2075464126851,1.1295062828150577
2012-05-11,Friday,5,2,2012,19,18407.24,623.0,5540.0,12742.638164383563,1815.8313769590186,3848.77045865742,1.1425004267981473
2012-05-12,Saturday,5,2,2012,19,21108.53,772.0,6640.0,12701.089424657535,1418.7372224254168,6988.703352917047,1.1117020103544126
2012-05-13,Sunday,5,2,2012,19,0.0,0.0,0.0,12701.089424657535,-10850.022844044157,-1851.0665806133784,0.1457407722064983
2012-05-14,Monday,5,2,2012,20,19771.25,700.0,6658.0,12742.567452054795,2331.466468285537,4697.216079659669,1.1829667747145869
2012-05-15,Tuesday,5,2,2012,20,24114.37,855.0,7947.0,12791.34583561644,2604.1394789508536,8718.884685432706,1.203586042658611
2012-05-16,Wednesday,5,2,2012,20,17761.46,612.0,5556.0,12842.185534246577,1061.5461452127365,3857.7283205406857,1.0826608634785633
2012-05-17,Thursday,5,2,2012,20,17095.27,635.0,5980.0,12887.161205479455,1668.9683437600625,2539.140450760483,1.1295062828150577
2012-05-18,Friday,5,2,2012,20,16253.63,534.0,4413.0,12937.899232876714,1843.656162556355,1472.0746045669298,1.1425004267981473
2012-05-19,Saturday,5,2,2012,20,10751.07,448.0,3838.0,12980.248630136986,1449.919866886412,-3679.0984970233985,1.1117020103544126
2012-05-20,Sunday,5,2,2012,20,0.0,0.0,0.0,12980.248630136986,-11088.497171348481,-1891.7514587885053,0.1457407722064983
2012-05-21,Monday,5,2,2012,21,17027.24,758.0,6307.0,13015.519863013698,2381.407690569258,1630.312446417045,1.1829667747145869
2012-05-22,Tuesday,5,2,2012,21,10442.54,455.0,4060.0,13044.25389041096,2655.628028982957,-5257.341919393917,1.203586042658611
2012-05-23,Wednesday,5,2,2012,21,20510.07,719.0,6579.0,13074.743150684932,1080.7695585960473,6354.557290719021,1.0826608634785633
2012-05-24,Thursday,5,2,2012,21,18326.31,604.0,5441.0,13103.536794520549,1696.990341988693,3525.782863490759,1.1295062828150577
2012-05-25,Friday,5,2,2012,21,21306.83,673.0,6248.0,13160.494712328767,1875.3761133816106,6270.959174289624,1.1425004267981473
2012-05-26,Saturday,5,2,2012,21,19324.71,666.0,5546.0,13209.192493150687,1475.4933566433476,4640.024150205964,1.1117020103544126
2012-05-27,Sunday,5,2,2012,21,0.0,0.0,0.0,13209.192493150687,-11284.074578974625,-1925.1179141760622,0.1457407722064983
2012-05-28,Monday,5,2,2012,22,13270.72,534.0,4615.0,13252.760657534249,2424.8148735734094,-2406.855531107659,1.1829667747145869
2012-05-29,Tuesday,5,2,2012,22,20305.82,728.0,6826.0,13291.477479452056,2705.9593011276925,4308.383219420251,1.203586042658611
2012-05-30,Wednesday,5,2,2012,22,17965.0,649.0,5669.0,13340.212547945206,1102.7134882007153,3522.0739638540786,1.0826608634785633
2012-05-31,Thursday,5,2,2012,22,13694.68,540.0,4944.0,13411.730164383564,1736.9033197078984,-1453.9534840914616,1.1295062828150577
2012-06-01,Friday,6,2,2012,22,28630.22,1071.0,9718.0,13406.66715068493,1910.4557909133046,13313.097058401767,1.1425004267981473
2012-06-02,Saturday,6,2,2012,22,21448.17,724.0,6316.0,13461.081232876713,1503.6298352563842,6483.4589318669005,1.1117020103544126
2012-06-03,Sunday,6,2,2012,22,0.0,0.0,0.0,13461.081232876713,-11499.252859262859,-1961.8283736138546,0.1457407722064983
2012-06-04,Monday,6,2,2012,23,21812.78,787.0,6850.0,13431.258958904109,2457.474132067085,5924.046909028804,1.1829667747145869
2012-06-05,Tuesday,6,2,2012,23,38495.81,1208.0,11298.0,13326.950739726026,2713.1811618070687,22455.678098466906,1.203586042658611
2012-06-06,Wednesday,6,2,2012,23,18488.52,664.0,5927.0,13344.289287671232,1103.0504750266462,4041.180237302122,1.0826608634785633
2012-06-07,Thursday,6,2,2012,23,21429.31,728.0,6721.0,13363.151260273973,1730.612046413436,6335.546693312592,1.1295062828150577
2012-06-08,Friday,6,2,2012,23,20996.89,730.0,6702.0,13388.375095890411,1907.8491652980704,5700.665738811518,1.1425004267981473
2012-06-09,Saturday,6,2,2012,23,20129.97,682.0,6108.0,13388.350493150687,1495.5056654144234,5246.113841434891,1.1117020103544126
2012-06-10,Sunday,6,2,2012,23,0.0,0.0,0.0,13314.368849315068,-11373.922451773744,-1940.4463975413237,0.1457407722064983
2012-06-11,Monday,6,2,2012,24,27620.54,984.0,8973.0,13370.632082191782,2446.3814279740113,11803.526489834208,1.1829667747145869
2012-06-12,Tuesday,6,2,2012,24,15699.77,558.0,5061.0,13409.634684931507,2730.0144590028544,-439.87914393436085,1.203586042658611
2012-06-13,Wednesday,6,2,2012,24,19886.54,744.0,6804.0,13482.891753424656,1114.507474526082,5289.140772049263,1.0826608634785633
2012-06-14,Thursday,6,2,2012,24,19924.08,755.0,7037.0,13548.304465753425,1754.5905498063726,4621.184984440204,1.1295062828150577
2012-06-15,Friday,6,2,2012,24,16434.13,652.0,5952.0,13594.263315068492,1937.1883244036576,902.678360527851,1.1425004267981473
2012-06-16,Saturday,6,2,2012,24,27594.86,1095.0,9912.0,13647.599205479451,1524.4642677633392,12422.79652675721,1.1117020103544126
2012-06-17,Sunday,6,2,2012,24,0.0,0.0,0.0,13647.599205479451,-11658.587558508083,-1989.0116469713685,0.1457407722064983
2012-06-18,Monday,6,2,2012,25,16126.4,529.0,5009.0,13704.450136986301,2507.459040801262,-85.5091777875632,1.1829667747145869
2012-06-19,Tuesday,6,2,2012,25,22550.6,669.0,6060.0,13765.513397260273,2802.46639771231,5982.620205027416,1.203586042658611
2012-06-20,Wednesday,6,2,2012,25,21536.26,783.0,7117.0,13845.957945205479,1144.5188394385586,6545.783215355961,1.0826608634785633
2012-06-21,Thursday,6,2,2012,25,33721.92,1302.0,11544.0,13898.188465753425,1799.902726062836,18023.828808183738,1.1295062828150577
2012-06-22,Friday,6,2,2012,25,20762.09,711.0,6526.0,13950.741232876711,1987.9865798354435,4823.362187287845,1.1425004267981473
2012-06-23,Saturday,6,2,2012,25,27313.52,991.0,8875.0,13998.83709589041,1563.6982462348863,11750.984657874704,1.1117020103544126
2012-06-24,Sunday,6,2,2012,25,0.0,0.0,0.0,13998.83709589041,-11958.635767542368,-2040.2013283480428,0.1457407722064983
2012-06-25,Monday,6,2,2012,26,20842.79,808.0,7368.0,14036.847890410958,2568.276785667746,4237.665323921297,1.1829667747145869
2012-06-26,Tuesday,6,2,2012,26,18273.16,629.0,6131.0,14083.080328767122,2867.1185925770274,1322.96107865585,1.203586042658611
2012-06-27,Wednesday,6,2,2012,26,21435.72,762.0,6895.0,14145.97205479452,1169.318264792941,6120.429680412541,1.0826608634785633
2012-06-28,Thursday,6,2,2012,26,15308.67,536.0,4916.0,14191.543671232876,1837.8940682689272,-720.7677395018027,1.1295062828150577
2012-06-29,Friday,6,2,2012,26,23374.13,1004.0,8779.0,14261.368602739725,2032.251112616109,7080.510284644167,1.1425004267981473
2012-06-30,Saturday,6,2,2012,26,16434.14,648.0,5832.0,14333.09528767123,1601.0355582342347,500.00915409453387,1.1117020103544126
2012-07-01,Sunday,7,3,2012,26,0.0,0.0,0.0,14333.09528767123,-12244.178912336703,-2088.9163753345274,0.1457407722064983
2012-07-02,Monday,7,3,2012,27,11515.16,495.0,4413.0,14355.339013698629,2626.550079270917,-5466.729092969546,1.1829667747145869
2012-07-03,Tuesday,7,3,2012,27,22652.83,775.0,7215.0,14349.99890410959,2921.459489043075,5381.371606847337,1.203586042658611
2012-07-04,Wednesday,7,3,2012,27,25958.53,879.0,8071.0,14335.046465753425,1184.9473188645047,10438.53621538207,1.0826608634785633
2012-07-05,Thursday,7,3,2012,27,13411.21,483.0,4419.0,14336.427589041094,1856.6574459039518,-2781.8750349450465,1.1295062828150577
2012-07-06,Friday,7,3,2012,27,15782.48,655.0,6105.0,14327.35884931507,2041.6547509176105,-586.5336002326801,1.1425004267981473
2012-07-07,Saturday,7,3,2012,27,18352.48,666.0,6239.0,14321.510657534249,1599.7415317587215,2431.227810707029,1.1117020103544126
2012-07-08,Sunday,7,3,2012,27,0.0,0.0,0.0,14278.322739726027,-12197.38895782475,-2080.9337819012762,0.1457407722064983
2012-07-09,Monday,7,3,2012,28,17904.03,660.0,5853.0,14322.42621917808,2620.5281314106483,961.0756494112707,1.1829667747145869
2012-07-10,Tuesday,7,3,2012,28,19183.07,599.0,5416.0,14309.410136986302,2913.196182568053,1960.463680445645,1.203586042658611
2012-07-11,Wednesday,7,3,2012,28,10509.5,420.0,3562.0,14305.804684931507,1182.5301680121142,-4978.834852943621,1.0826608634785633
2012-07-12,Thursday,7,3,2012,28,10765.97,420.0,3888.0,14323.867369863014,1855.0308186068564,-5412.92818846987,1.1295062828150577
2012-07-13,Friday,7,3,2012,28,16927.21,603.0,5728.0,14335.586219178082,2042.827154634516,548.7966261874014,1.1425004267981473
2012-07-14,Saturday,7,3,2012,28,12730.01,467.0,4263.0,14358.10202739726,1603.8288613340417,-3231.9208887313025,1.1117020103544126
2012-07-15,Sunday,7,3,2012,28,0.0,0.0,0.0,14324.559616438355,-12236.887236420609,-2087.672380017746,0.1457407722064983
2012-07-16,Monday,7,3,2012,29,15837.51,574.0,4954.0,14343.68098630137,2624.417047598506,-1130.5880338998754,1.1829667747145869
2012-07-17,Tuesday,7,3,2012,29,23209.87,855.0,7562.0,14338.24509589041,2919.066577741564,5952.5583263680255,1.203586042658611
2012-07-18,Wednesday,7,3,2012,29,10473.26,462.0,3772.0,14319.42690410959,1183.656192411869,-5029.823096521459,1.0826608634785633
2012-07-19,Thursday,7,3,2012,29,11836.99,551.0,4432.0,14295.124082191782,1851.3083822646713,-4309.442464456453,1.1295062828150577
2012-07-20,Friday,7,3,2012,29,12836.42,532.0,4494.0,14292.195726027396,2036.6439908415612,-3492.419716868957,1.1425004267981473
2012-07-21,Saturday,7,3,2012,29,14734.53,523.0,4540.0,14274.854301369864,1594.5299229793482,-1134.854224349211,1.1117020103544126
2012-07-22,Sunday,7,3,2012,29,0.0,0.0,0.0,14236.640191780822,-12161.781256604614,-2074.8589351762075,0.1457407722064983
2012-07-23,Monday,7,3,2012,30,12462.67,490.0,4500.0,14266.446191780822,2610.2856463493376,-4414.061838130159,1.1829667747145869
2012-07-24,Tuesday,7,3,2012,30,28111.55,1068.0,9287.0,14266.173726027399,2904.393852762168,10940.982421210432,1.203586042658611
2012-07-25,Wednesday,7,3,2012,30,19883.65,851.0,7195.0,14258.828219178082,1178.647052789765,4446.174728032154,1.0826608634785633
2012-07-26,Thursday,7,3,2012,30,15204.46,545.0,4975.0,14244.015342465755,1844.6894793633912,-884.2448218291468,1.1295062828150577
2012-07-27,Friday,7,3,2012,30,13636.58,479.0,3969.0,14270.944657534246,2033.6157045113707,-2667.980362045617,1.1425004267981473
2012-07-28,Saturday,7,3,2012,30,23940.74,821.0,7637.0,14257.39093150685,1592.579229458087,8090.769839035064,1.1117020103544126
2012-07-29,Sunday,7,3,2012,30,0.0,0.0,0.0,14205.442438356165,-12135.130287855176,-2070.3121505009894,0.1457407722064983
2012-07-30,Monday,7,3,2012,31,7617.11,241.0,1977.0,14229.669315068493,2603.556699833207,-9216.116014901701,1.1829667747145869
2012-07-31,Tuesday,7,3,2012,31,10802.7,431.0,3726.0,14215.623150684933,2894.1024611740795,-6307.025611859011,1.203586042658611
2012-08-01,Wednesday,8,3,2012,31,26136.74,955.0,8899.0,14198.678684931507,1173.6750403511096,10764.386274717384,1.0826608634785633
2012-08-02,Thursday,8,3,2012,31,15360.14,483.0,4586.0,14191.019315068492,1837.8261608512069,-668.7054759196992,1.1295062828150577
2012-08-03,Friday,8,3,2012,31,14634.38,565.0,5134.0,14199.31890410959,2023.4090040786184,-1588.3479081882094,1.1425004267981473
2012-08-04,Saturday,8,3,2012,31,26611.44,822.0,7691.0,14177.20210958904,1583.6219768419155,10850.615913569043,1.1117020103544126
2012-08-05,Sunday,8,3,2012,31,0.0,0.0,0.0,14127.984602739725,-12068.96121701492,-2059.023385724806,0.1457407722064983
2012-08-06,Monday,8,3,2012,32,22957.33,844.0,7634.0,14152.554712328767,2589.4472896865227,6215.327997984712,1.1829667747145869
2012-08-07,Tuesday,8,3,2012,32,21655.41,668.0,6521.0,14160.423561643836,2882.864595284821,4612.1218430713425,1.203586042658611
2012-08-08,Wednesday,8,3,2012,32,9101.21,347.0,3113.0,14170.96375342466,1171.3841001815044,-6241.137853606165,1.0826608634785633
2012-08-09,Thursday,8,3,2012,32,19762.9,725.0,6605.0,14197.472465753424,1838.6618844088578,3726.765649837719,1.1295062828150577
2012-08-10,Friday,8,3,2012,32,13487.94,502.0,4649.0,14190.5921369863,2022.1654360389816,-2724.817573025282,1.1425004267981473
2012-08-11,Saturday,8,3,2012,32,21248.58,754.0,6828.0,14224.760246575343,1588.9343163519961,5434.885437072663,1.1117020103544126
2012-08-12,Sunday,8,3,2012,32,0.0,0.0,0.0,14192.464821917809,-12124.044039257946,-2068.420782659863,0.1457407722064983
2012-08-13,Monday,8,3,2012,33,17698.33,701.0,6344.0,14224.27493150685,2602.56970687136,871.4853616217915,1.1829667747145869
2012-08-14,Tuesday,8,3,2012,33,14937.01,478.0,4318.0,14230.823698630136,2897.197080576486,-2191.010779206622,1.203586042658611
2012-08-15,Wednesday,8,3,2012,33,17002.48,626.0,5384.0,14230.15991780822,1176.2773062440683,1596.0427759477116,1.0826608634785633
2012-08-16,Thursday,8,3,2012,33,10729.32,448.0,3838.0,14243.907013698628,1844.6754501074388,-5359.262463806068,1.1295062828150577
2012-08-17,Friday,8,3,2012,33,20711.9,719.0,6547.0,14220.875753424658,2026.480864306439,4464.543382268905,1.1425004267981473
2012-08-18,Saturday,8,3,2012,33,12957.11,469.0,4484.0,14210.727452054796,1587.3668249931607,-2840.9842770479563,1.1117020103544126
2012-08-19,Sunday,8,3,2012,33,0.0,0.0,0.0,14178.65490410959,-12112.246789535204,-2066.4081145743858,0.1457407722064983
2012-08-20,Monday,8,3,2012,34,20309.83,790.0,7212.0,14224.494273972601,2602.609839254876,3482.7258867725245,1.1829667747145869
2012-08-21,Tuesday,8,3,2012,34,20719.51,754.0,6909.0,14232.29304109589,2897.4962181943993,3589.7207407097085,1.203586042658611
2012-08-22,Wednesday,8,3,2012,34,18053.47,609.0,5725.0,14243.829342465753,1177.4072326895152,2632.233424844733,1.0826608634785633
2012-08-23,Thursday,8,3,2012,34,16462.24,590.0,5324.0,14249.242493150685,1845.3664282183106,367.6310786310062,1.1295062828150577
2012-08-24,Friday,8,3,2012,34,18859.66,783.0,6821.0,14224.80410958904,2027.0406567364785,2607.815233674481,1.1425004267981473
2012-08-25,Saturday,8,3,2012,34,19293.56,509.0,4764.0,14225.606712328768,1589.0288682783498,3478.924419392883,1.1117020103544126
2012-08-26,Sunday,8,3,2012,34,0.0,0.0,0.0,14180.76520547945,-12114.049533953834,-2066.715671525617,0.1457407722064983
2012-08-27,Monday,8,3,2012,35,18819.92,732.0,6346.0,14212.145917808219,2600.350500354452,2007.4235818373277,1.1829667747145869
2012-08-28,Tuesday,8,3,2012,35,11263.45,510.0,4100.0,14230.183068493152,2897.0666572220894,-5863.79972571524,1.203586042658611
2012-08-29,Wednesday,8,3,2012,35,12292.05,485.0,4297.0,14228.359616438356,1176.128491778314,-3112.438108216671,1.0826608634785633
2012-08-30,Thursday,8,3,2012,35,23861.96,833.0,7445.0,14223.217863013697,1841.9960751076326,7796.74606187867,1.1295062828150577
2012-08-31,Friday,8,3,2012,35,20680.63,777.0,7019.0,14213.10402739726,2025.3733900305763,4442.152582572166,1.1425004267981473
2012-09-01,Saturday,9,3,2012,35,15180.43,539.0,4971.0,14222.361232876712,1588.6663416989913,-630.5975745757032,1.1117020103544126
2012-09-02,Sunday,9,3,2012,35,0.0,0.0,0.0,14175.257753424657,-12109.344742214396,-2065.913011210261,0.1457407722064983
2012-09-03,Monday,9,3,2012,36,10346.43,423.0,3776.0,14208.243342465754,2599.6364587309604,-6461.449801196713,1.1829667747145869
2012-09-04,Tuesday,9,3,2012,36,17406.51,601.0,5397.0,14263.95208219178,2903.9415570854776,238.61636072274132,1.203586042658611
2012-09-05,Wednesday,9,3,2012,36,15488.31,574.0,4942.0,14252.297835616439,1178.1072456457132,57.904918737847765,1.0826608634785633
2012-09-06,Thursday,9,3,2012,36,15740.77,528.0,4978.0,14268.73526027397,1847.890864030227,-375.8561243041968,1.1295062828150577
2012-09-07,Friday,9,3,2012,36,10544.33,413.0,3645.0,14266.345315068493,2032.96029624701,-5754.975611315503,1.1425004267981473
2012-09-08,Saturday,9,3,2012,36,8077.14,357.0,3315.0,14274.821835616438,1594.5262964894227,-7792.20813210586,1.1117020103544126
2012-09-09,Sunday,9,3,2012,36,0.0,0.0,0.0,14238.809123287669,-12163.63408635879,-2075.1750369288784,0.1457407722064983
2012-09-10,Monday,9,3,2012,37,10236.08,463.0,4184.0,14269.80205479452,2610.899657781338,-6644.621712575858,1.1829667747145869
2012-09-11,Tuesday,9,3,2012,37,11078.95,434.0,3439.0,14292.051561643837,2909.662218907889,-6122.763780551725,1.203586042658611
2012-09-12,Wednesday,9,3,2012,37,15458.81,624.0,5706.0,14263.333178082192,1179.019436582714,16.457385335093704,1.0826608634785633
2012-09-13,Thursday,9,3,2012,37,30570.58,737.0,6328.0,14260.059315068494,1846.7672746167586,14463.753410314748,1.1295062828150577
2012-09-14,Friday,9,3,2012,37,12496.7,444.0,3949.0,14240.22616438356,2029.2383061268022,-3772.764470510362,1.1425004267981473
2012-09-15,Saturday,9,3,2012,37,13502.57,481.0,4080.0,14226.615232876713,1589.141522051039,-2313.186754927752,1.1117020103544126
2012-09-16,Sunday,9,3,2012,37,0.0,0.0,0.0,14194.883041095893,-12126.10982530565,-2068.773215790243,0.1457407722064983
2012-09-17,Monday,9,3,2012,38,20576.18,645.0,5668.0,14216.182328767125,2601.089029449026,3758.9086417838494,1.1829667747145869
2012-09-18,Tuesday,9,3,2012,38,10299.26,426.0,3435.0,14239.03375342466,2898.8685331421134,-6838.642286566772,1.203586042658611
2012-09-19,Wednesday,9,3,2012,38,13215.48,448.0,3998.0,14249.567123287672,1177.8815226067059,-2211.9686458943784,1.0826608634785633
2012-09-20,Thursday,9,3,2012,38,16042.31,614.0,5889.0,14245.16287671233,1844.8380922580682,-47.69096897039799,1.1295062828150577
2012-09-21,Friday,9,3,2012,38,12086.21,478.0,4327.0,14272.49780821918,2033.8370291468555,-4220.1248373660355,1.1425004267981473
2012-09-22,Saturday,9,3,2012,38,10794.2,383.0,3428.0,14255.10504109589,1592.3238909037327,-5053.228931999623,1.1117020103544126
2012-09-23,Sunday,9,3,2012,38,0.0,0.0,0.0,14231.547589041094,-12157.430853720716,-2074.116735320378,0.1457407722064983
2012-09-24,Monday,9,3,2012,39,7624.98,323.0,2950.0,14307.553123287671,2617.806849025559,-9300.37997231323,1.1829667747145869
2012-09-25,Tuesday,9,3,2012,39,8299.29,267.0,2193.0,14316.458465753425,2914.631123929108,-8931.799589682532,1.203586042658611
2012-09-26,Wednesday,9,3,2012,39,17185.31,553.0,5225.0,14313.867342465754,1183.196634245827,1688.2460232884207,1.0826608634785633
2012-09-27,Thursday,9,3,2012,39,23994.25,663.0,5873.0,14312.955835616438,1853.617706366773,7827.676458016789,1.1295062828150577
2012-09-28,Friday,9,3,2012,39,11247.77,448.0,3974.0,14328.246164383563,2041.7811936935752,-5122.257358077138,1.1425004267981473
2012-09-29,Saturday,9,3,2012,39,11518.42,486.0,4409.0,14346.119808219177,1602.4904233633426,-4430.190231582519,1.1117020103544126
2012-09-30,Sunday,9,3,2012,39,0.0,0.0,0.0,14303.167479452055,-12218.612805997838,-2084.5546734542168,0.1457407722064983
2012-10-01,Monday,10,4,2012,40,17190.92,608.0,5502.0,14364.352493150685,2628.199246535216,198.36826031409691,1.1829667747145869
2012-10-02,Tuesday,10,4,2012,40,17804.28,618.0,5605.0,14373.074356164383,2926.1573290094684,505.04831482614736,1.203586042658611
2012-10-03,Wednesday,10,4,2012,40,31178.17,528.0,5009.0,14366.516876712329,1187.548690208393,15624.104433079276,1.0826608634785633
2012-10-04,Thursday,10,4,2012,40,17925.97,735.0,6502.0,14392.669342465755,1863.9411063289808,1669.3595512052652,1.1295062828150577
2012-10-05,Friday,10,4,2012,40,16125.79,590.0,5144.0,14392.457808219177,2050.9313803455607,-317.5991885647363,1.1425004267981473
2012-10-06,Saturday,10,4,2012,40,15297.32,562.0,4727.0,14383.597095890413,1606.6767117388504,-692.9538076292633,1.1117020103544126
2012-10-07,Sunday,10,4,2012,40,0.0,0.0,0.0,14336.506849315068,-12247.09327035214,-2089.413578962929,0.1457407722064983
2012-10-08,Monday,10,4,2012,41,26423.09,972.0,8764.0,14391.730931506849,2633.2085910979654,9398.150477395186,1.1829667747145869
2012-10-09,Tuesday,10,4,2012,41,11300.28,430.0,3948.0,14429.551835616438,2937.6553555504456,-6066.927191166882,1.203586042658611
2012-10-10,Wednesday,10,4,2012,41,13296.5,530.0,4603.0,14400.271342465754,1190.3388634938287,-2294.110205959583,1.0826608634785633
2012-10-11,Thursday,10,4,2012,41,8350.03,311.0,2775.0,14400.352410958903,1864.936111970142,-7915.258522929045,1.1295062828150577
2012-10-12,Friday,10,4,2012,41,14686.38,551.0,5192.0,14401.100520547943,2052.1629705411037,-1766.8834910890478,1.1425004267981473
2012-10-13,Saturday,10,4,2012,41,14842.42,561.0,5069.0,14388.153890410958,1607.1857148475672,-1152.9196052585255,1.1117020103544126
2012-10-14,Sunday,10,4,2012,41,0.0,0.0,0.0,14324.396273972601,-12236.747699611948,-2087.6485743606536,0.1457407722064983
2012-10-15,Monday,10,4,2012,42,13341.55,500.0,4767.0,14385.707726027398,2632.106544617947,-3676.2642706453457,1.1829667747145869
2012-10-16,Tuesday,10,4,2012,42,12686.23,458.0,3979.0,14369.443506849315,2925.418138765924,-4608.63164561524,1.203586042658611
2012-10-17,Wednesday,10,4,2012,42,13133.83,502.0,4340.0,14383.851315068494,1188.9815698508296,-2439.0028849193236,1.0826608634785633
2012-10-18,Thursday,10,4,2012,42,21626.23,848.0,7557.0,14393.700219178083,1864.074611340035,5368.455169481882,1.1295062828150577
2012-10-19,Friday,10,4,2012,42,12498.19,393.0,3655.0,14422.067397260273,2055.150759421235,-3979.028156681507,1.1425004267981473
2012-10-20,Saturday,10,4,2012,42,23860.54,797.0,7665.0,14411.841780821918,1609.8316998275266,7838.866519350556,1.1117020103544126
2012-10-21,Sunday,10,4,2012,42,0.0,0.0,0.0,14375.187013698629,-12280.136157709365,-2095.050855989264,0.1457407722064983
2012-10-22,Monday,10,4,2012,43,15319.33,516.0,4626.0,14408.181232876714,2636.2184496826926,-1725.0696825594064,1.1829667747145869
2012-10-23,Tuesday,10,4,2012,43,20987.72,815.0,7460.0,14423.822438356163,2936.488930235407,3627.408631408431,1.203586042658611
2012-10-24,Wednesday,10,4,2012,43,9856.79,400.0,3708.0,14431.818273972602,1192.9465600922838,-5767.974834064885,1.0826608634785633
2012-10-25,Thursday,10,4,2012,43,24950.63,890.0,8139.0,14429.767150684931,1868.7455055720322,8652.117343743037,1.1295062828150577
2012-10-26,Friday,10,4,2012,43,13310.25,465.0,4092.0,14428.674904109592,2056.0923319673343,-3174.517236076926,1.1425004267981473
2012-10-27,Saturday,10,4,2012,43,30450.15,1100.0,9723.0,14445.757917808218,1613.6202005123519,14390.771881679431,1.1117020103544126
2012-10-28,Sunday,10,4,2012,43,0.0,0.0,0.0,14412.234794520546,-12311.784566345757,-2100.450228174788,0.1457407722064983
2012-10-29,Monday,10,4,2012,44,25769.79,913.0,8149.0,14449.432958904108,2643.7661449453344,8676.59089615056,1.1829667747145869
2012-10-30,Tuesday,10,4,2012,44,8711.79,319.0,2837.0,14434.392328767124,2938.64081239551,-8661.243141162633,1.203586042658611
2012-10-31,Wednesday,10,4,2012,44,12815.29,547.0,4828.0,14471.460438356165,1196.2234156303884,-2852.393853986553,1.0826608634785633
2012-11-01,Thursday,11,4,2012,44,13203.71,546.0,4696.0,14471.222410958902,1874.114222233245,-3141.6266331921483,1.1295062828150577
2012-11-02,Friday,11,4,2012,44,19295.88,702.0,6436.0,14489.328821917807,2064.735541141985,2741.8156369402095,1.1425004267981473
2012-11-03,Saturday,11,4,2012,44,19066.24,730.0,6479.0,14481.581315068492,1617.621746004049,2967.036938927461,1.1117020103544126
2012-11-04,Sunday,11,4,2012,44,0.0,0.0,0.0,14448.405150684932,-12342.683426871763,-2105.721723813169,0.1457407722064983
2012-11-05,Monday,11,4,2012,45,15973.9,644.0,5605.0,14517.302465753426,2656.184009715024,-1199.5864754684503,1.1829667747145869
2012-11-06,Tuesday,11,4,2012,45,15065.95,677.0,5851.0,14512.540383561642,2954.550665612594,-2401.141049174235,1.203586042658611
2012-11-07,Wednesday,11,4,2012,45,19151.45,573.0,4911.0,14550.226109589043,1202.7342540269667,3398.4896363839916,1.0826608634785633
2012-11-08,Thursday,11,4,2012,45,28848.62,1040.0,9295.0,14524.130246575343,1880.9661193557204,12443.523634068935,1.1295062828150577
2012-11-09,Friday,11,4,2012,45,24293.61,858.0,7249.0,14545.785835616438,2072.7806896897887,7675.0434746937735,1.1425004267981473
2012-11-10,Saturday,11,4,2012,45,21291.76,653.0,6068.0,14528.411178082191,1622.8527358473011,5140.496086070506,1.1117020103544126
2012-11-11,Sunday,11,4,2012,45,0.0,0.0,0.0,14470.579589041095,-12361.626145458653,-2108.9534435824426,0.1457407722064983
2012-11-12,Monday,11,4,2012,46,15139.48,588.0,5504.0,14532.980383561644,2659.0525477706337,-2052.552931332278,1.1829667747145869
2012-11-13,Tuesday,11,4,2012,46,17804.11,592.0,5129.0,14535.082493150685,2959.139924497004,309.8875823523117,1.203586042658611
2012-11-14,Wednesday,11,4,2012,46,18556.49,743.0,6478.0,14514.785260273973,1199.8046828201693,2841.900056905859,1.0826608634785633
2012-11-15,Thursday,11,4,2012,46,16416.12,563.0,5456.0,14511.363698630137,1879.3127711869565,25.443530182905306,1.1295062828150577
2012-11-16,Friday,11,4,2012,46,18519.38,699.0,6119.0,14496.89898630137,2065.8142927975746,1956.6667209010561,1.1425004267981473
2012-11-17,Saturday,11,4,2012,46,15457.53,532.0,5110.0,14478.230547945206,1617.2474585801485,-637.948006525354,1.1117020103544126
2012-11-18,Sunday,11,4,2012,46,0.0,0.0,0.0,14448.775561643835,-12342.999853851481,-2105.7757077923543,0.1457407722064983
2012-11-19,Monday,11,4,2012,47,12874.0,475.0,4266.0,14498.616904109589,2652.7651727673206,-4277.382076876909,1.1829667747145869
2012-11-20,Tuesday,11,4,2012,47,10487.92,471.0,3983.0,14491.3281369863,2950.2321482764214,-6953.640285262722,1.203586042658611
2012-11-21,Wednesday,11,4,2012,47,11128.58,425.0,3514.0,14527.404493150683,1200.8477995061953,-4599.672292656878,1.0826608634785633
2012-11-22,Thursday,11,4,2012,47,10509.68,443.0,3972.0,14553.847452054795,1884.8146841730154,-5928.982136227811,1.1295062828150577
2012-11-23,Friday,11,4,2012,47,20789.64,784.0,7288.0,14549.133123287671,2073.2576796115554,4167.249197100773,1.1425004267981473
2012-11-24,Saturday,11,4,2012,47,17774.69,675.0,6185.0,14550.516109589042,1625.3219011353629,1598.8519892755942,1.1117020103544126
2012-11-25,Sunday,11,4,2012,47,0.0,0.0,0.0,14497.571698630138,-12384.684404152706,-2112.887294477432,0.1457407722064983
2012-11-26,Monday,11,4,2012,48,15902.38,593.0,4845.0,14549.106547945205,2662.0031000564113,-1308.7296480016166,1.1829667747145869
2012-11-27,Tuesday,11,4,2012,48,14131.64,566.0,4821.0,14572.59498630137,2966.7769445278104,-3407.7319308291812,1.203586042658611
2012-11-28,Wednesday,11,4,2012,48,17788.3,666.0,6276.0,14568.373232876711,1204.2343109075773,2015.692456215711,1.0826608634785633
2012-11-29,Thursday,11,4,2012,48,26103.93,844.0,7727.0,14564.71904109589,1886.2226232580206,9652.988335646089,1.1295062828150577
2012-11-30,Friday,11,4,2012,48,15174.49,595.0,5199.0,14573.328356164386,2076.7055106229677,-1475.5438667873536,1.1425004267981473
2012-12-01,Saturday,12,4,2012,48,19861.14,830.0,6954.0,14555.545698630138,1625.8837163425098,3679.710585027352,1.1117020103544126
2012-12-02,Sunday,12,4,2012,48,0.0,0.0,0.0,14496.783589041095,-12384.011154263755,-2112.77243477734,0.1457407722064983
2012-12-03,Monday,12,4,2012,49,13085.61,521.0,4790.0,14575.757917808218,2666.8794152419723,-4157.02733305019,1.1829667747145869
2012-12-04,Tuesday,12,4,2012,49,22009.9,753.0,7297.0,14579.714164383562,2968.226309820546,4461.959525795894,1.203586042658611
2012-12-05,Wednesday,12,4,2012,49,18660.01,682.0,6190.0,14537.290219178081,1201.6649621557326,2921.0548186661845,1.0826608634785633
2012-12-06,Thursday,12,4,2012,49,24779.73,905.0,8211.0,14533.081013698631,1882.1252999342005,8364.523686367167,1.1295062828150577
2012-12-07,Friday,12,4,2012,49,27618.53,1058.0,9840.0,14535.329424657531,2071.2906466653676,11011.9099286771,1.1425004267981473
2012-12-08,Saturday,12,4,2012,49,27539.97,737.0,7130.0,14528.483068493151,1622.8607661507306,11388.62616535612,1.1117020103544126
2012-12-09,Sunday,12,4,2012,49,0.0,0.0,0.0,14473.332465753427,-12363.97781579314,-2109.354649960287,0.1457407722064983
2012-12-10,Monday,12,4,2012,50,20536.08,776.0,6720.0,14516.183342465753,2655.97924733657,3363.917410197679,1.1829667747145869
2012-12-11,Tuesday,12,4,2012,50,14235.95,501.0,4781.0,14501.363397260275,2952.2751872026492,-3217.6885844629232,1.203586042658611
2012-12-12,Wednesday,12,4,2012,50,26738.83,924.0,8107.0,14509.748575342464,1199.3883460946613,11029.693078562876,1.0826608634785633
2012-12-13,Thursday,12,4,2012,50,23875.64,942.0,8284.0,14539.136767123287,1882.9095580498724,7453.59367482684,1.1295062828150577
2012-12-14,Friday,12,4,2012,50,16774.98,682.0,5807.0,14541.784931506849,2072.210559146594,160.98450934655693,1.1425004267981473
2012-12-15,Saturday,12,4,2012,50,19467.6,763.0,6779.0,14528.721835616438,1622.8874369184082,3315.9907274651528,1.1117020103544126
2012-12-16,Sunday,12,4,2012,50,0.0,0.0,0.0,14453.119479452056,-12346.71068572393,-2106.4087937281256,0.1457407722064983
2012-12-17,Monday,12,4,2012,51,20750.59,799.0,7016.0,14503.08487671233,2653.582663303957,3593.9224599837135,1.1829667747145869
2012-12-18,Tuesday,12,4,2012,51,22288.09,778.0,6787.0,14522.44115068493,2956.566323610509,4809.082525704562,1.203586042658611
2012-12-19,Wednesday,12,4,2012,51,29362.26,1038.0,8843.0,14517.350301369865,1200.0167113320138,13644.89298729812,1.0826608634785633
2012-12-20,Thursday,12,4,2012,51,19064.14,703.0,6501.0,14525.061643835616,1881.0867411527224,2657.9916150116615,1.1295062828150577
2012-12-21,Friday,12,4,2012,51,19181.76,785.0,6794.0,14484.932301369863,2064.109035087476,2632.718663542659,1.1425004267981473
2012-12-22,Saturday,12,4,2012,51,17554.99,661.0,5723.0,14495.61597260274,1619.1894454652604,1440.1845819320013,1.1117020103544126
2012-12-23,Sunday,12,4,2012,51,0.0,0.0,0.0,14420.784410958906,-12319.088155082323,-2101.6962558765827,0.1457407722064983
2012-12-24,Monday,12,4,2012,52,13873.94,619.0,4946.0,14499.090191780822,2652.851768686038,-3278.00196046686,1.1829667747145869
2012-12-25,Tuesday,12,4,2012,52,16874.84,638.0,5344.0,14504.865589041097,2952.9881845679383,-583.0137736090355,1.203586042658611
2012-12-26,Wednesday,12,4,2012,52,22955.48,842.0,7343.0,14503.134438356165,1198.8416158202083,7253.503945823627,1.0826608634785633
2012-12-27,Thursday,12,4,2012,52,16633.64,511.0,4642.0,14508.932438356167,1878.9979077063188,245.70965393751362,1.1295062828150577
2012-12-28,Friday,12,4,2012,52,25486.1,966.0,8713.0,14490.996219178083,2064.973145963216,8930.130634858699,1.1425004267981473
2012-12-29,Saturday,12,4,2012,52,26180.24,945.0,8400.0,14463.926383561644,1615.6496546620647,10100.663961776292,1.1117020103544126
2012-12-30,Sunday,12,4,2012,52,0.0,0.0,0.0,14418.901342465753,-12317.479526445479,-2101.4218160202745,0.1457407722064983
2012-12-31,Monday,12,4,2012,1,8118.96,290.0,2776.0,14487.169643835616,2650.670704475673,-9018.88034831129,1.1829667747145869
2013-01-01,Tuesday,1,1,2013,1,12260.92,466.0,4276.0,14482.895945205479,2948.5154717208256,-5170.491416926305,1.203586042658611
2013-01-02,Wednesday,1,1,2013,1,11854.14,437.0,4292.0,14484.159671232876,1197.2731451854927,-3827.2928164183686,1.0826608634785633
2013-01-03,Thursday,1,1,2013,1,13661.89,470.0,4262.0,14465.561150684933,1873.3810534591146,-2677.052204144048,1.1295062828150577
2013-01-04,Friday,1,1,2013,1,17147.07,667.0,5771.0,14471.866684931509,2062.24717916863,612.9561358998612,1.1425004267981473
2013-01-05,Saturday,1,1,2013,1,11726.12,456.0,4264.0,14483.040520547946,1617.7847421896242,-4374.705262737569,1.1117020103544126
2013-01-06,Sunday,1,1,2013,1,0.0,0.0,0.0,14432.75975342466,-12329.31820188968,-2103.441551534979,0.1457407722064983
2013-01-07,Monday,1,1,2013,2,16097.77,586.0,5010.0,14503.071369863015,2653.5801919993014,-1058.8815618623162,1.1829667747145869
2013-01-08,Tuesday,1,1,2013,2,8674.1,386.0,3274.0,14486.70873972603,2949.291703468735,-8761.900443194763,1.203586042658611
2013-01-09,Wednesday,1,1,2013,2,12944.72,449.0,4305.0,14475.22109589041,1196.5342748294163,-2727.0353707198274,1.0826608634785633
2013-01-10,Thursday,1,1,2013,2,17510.35,607.0,5259.0,14492.082657534247,1876.8157552258235,1141.451587239928,1.1295062828150577
2013-01-11,Friday,1,1,2013,2,15009.28,463.0,4079.0,14506.242438356165,2067.145738703151,-1564.108177059315,1.1425004267981473
2013-01-12,Saturday,1,1,2013,2,23258.63,739.0,6948.0,14540.522356164383,1624.2055787868424,7093.9020650487755,1.1117020103544126
2013-01-13,Sunday,1,1,2013,2,0.0,0.0,0.0,14505.645616438358,-12391.581622944825,-2114.0639934935334,0.1457407722064983
2013-01-14,Monday,1,1,2013,3,6979.3,296.0,2572.0,14573.82906849315,2666.526499903884,-10261.055568397034,1.1829667747145869
2013-01-15,Tuesday,1,1,2013,3,14381.55,542.0,4996.0,14575.895479452054,2967.4488788671797,-3161.7943583192346,1.203586042658611
2013-01-16,Wednesday,1,1,2013,3,14031.83,527.0,4869.0,14552.218821917806,1202.8989733487267,-1723.2877952665328,1.0826608634785633
2013-01-17,Thursday,1,1,2013,3,12132.12,413.0,3866.0,14569.507424657535,1886.842749013782,-4324.230173671316,1.1295062828150577
2013-01-18,Friday,1,1,2013,3,10988.53,435.0,3806.0,14598.749287671231,2080.3280042123,-5690.547291883531,1.1425004267981473
2013-01-19,Saturday,1,1,2013,3,9540.5,417.0,3740.0,14606.301917808218,1631.5532880626906,-6697.355205870908,1.1117020103544126
2013-01-20,Sunday,1,1,2013,3,0.0,0.0,0.0,14565.933342465753,-12443.082969226412,-2122.85037323934,0.1457407722064983
2013-01-21,Monday,1,1,2013,4,10879.19,384.0,3654.0,14633.734246575343,2677.4871571262856,-6432.031403701628,1.1829667747145869
2013-01-22,Tuesday,1,1,2013,4,18930.34,747.0,6553.0,14649.616246575344,2982.4573981075673,1298.2663553170887,1.203586042658611
2013-01-23,Wednesday,1,1,2013,4,13206.08,458.0,4107.0,14596.507808219178,1206.5599391989883,-2596.987747418166,1.0826608634785633
2013-01-24,Thursday,1,1,2013,4,15413.45,563.0,4974.0,14614.237369863014,1892.6355579478648,-1093.4229278108785,1.1295062828150577
2013-01-25,Friday,1,1,2013,4,18660.89,650.0,5989.0,14629.821397260275,2084.7557930902576,1946.3128096494665,1.1425004267981473
2013-01-26,Saturday,1,1,2013,4,13713.63,596.0,5208.0,14636.050246575342,1634.8762361906622,-2557.2964827660044,1.1117020103544126
2013-01-27,Sunday,1,1,2013,4,0.0,0.0,0.0,14570.45917808219,-12446.949206065232,-2123.5099720169583,0.1457407722064983
2013-01-28,Monday,1,1,2013,5,8842.81,387.0,3312.0,14624.10610958904,2675.7255279553915,-8457.021637544432,1.1829667747145869
2013-01-29,Tuesday,1,1,2013,5,14988.82,545.0,5024.0,14657.59312328767,2984.0813788702058,-2652.854502157876,1.203586042658611
2013-01-30,Wednesday,1,1,2013,5,13752.22,449.0,4086.0,14662.530164383563,1212.0174041684256,-2122.3275685519893,1.0826608634785633
2013-01-31,Thursday,1,1,2013,5,8814.4,373.0,3246.0,14645.585561643837,1896.6953457383727,-7727.880907382209,1.1295062828150577
2013-02-01,Friday,2,1,2013,5,13024.95,558.0,4688.0,14650.044575342465,2087.637604598184,-3712.732179940648,1.1425004267981473
2013-02-02,Saturday,2,1,2013,5,10386.8,391.0,3455.0,14645.465753424658,1635.9279672342368,-5894.593720658895,1.1117020103544126
2013-02-03,Sunday,2,1,2013,5,0.0,0.0,0.0,14572.557698630138,-12448.74188660803,-2123.8158120221087,0.1457407722064983
2013-02-04,Monday,2,1,2013,6,8968.09,380.0,3412.0,14620.206109589042,2675.011957534005,-8327.128067123047,1.1829667747145869
2013-02-05,Tuesday,2,1,2013,6,16960.6,627.0,5977.0,14596.549561643835,2971.6537617253503,-607.6033233691865,1.203586042658611
2013-02-06,Wednesday,2,1,2013,6,21320.22,812.0,6683.0,14594.954191780822,1206.4315159226794,5518.8342922965,1.0826608634785633
2013-02-07,Thursday,2,1,2013,6,18565.22,740.0,6487.0,14609.609726027396,1892.0362489965219,2063.574024976083,1.1295062828150577
2013-02-08,Friday,2,1,2013,6,12877.19,468.0,4210.0,14603.956904109587,2081.0700917773665,-3807.8369958869534,1.1425004267981473
2013-02-09,Saturday,2,1,2013,6,17133.51,644.0,5903.0,14615.209698630137,1632.5483050882954,885.7519962815663,1.1117020103544126
2013-02-10,Sunday,2,1,2013,6,0.0,0.0,0.0,14556.994410958903,-12435.446804500074,-2121.5476064588293,0.1457407722064983
2013-02-11,Monday,2,1,2013,7,11610.69,379.0,3452.0,14616.763835616437,2674.382135767554,-5680.45597138399,1.1829667747145869
2013-02-12,Tuesday,2,1,2013,7,16696.79,549.0,5253.0,14615.454328767124,2975.502508451363,-894.1668372184863,1.203586042658611
2013-02-13,Wednesday,2,1,2013,7,19851.01,711.0,6460.0,14618.015780821917,1208.337806786004,4024.656412392077,1.0826608634785633
2013-02-14,Thursday,2,1,2013,7,16795.03,642.0,5748.0,14634.322273972602,1895.2366792197945,265.47104680760185,1.1295062828150577
2013-02-15,Friday,2,1,2013,7,4219.1,187.0,1499.0,14660.968082191783,2089.1942089863446,-12531.062291178127,1.1425004267981473
2013-02-16,Saturday,2,1,2013,7,17486.24,664.0,6162.0,14656.284712328767,1637.1364666937675,1192.8188209774676,1.1117020103544126
2013-02-17,Sunday,2,1,2013,7,0.0,0.0,0.0,14620.785780821916,-12489.94117085914,-2130.8446099627763,0.1457407722064983
2013-02-18,Monday,2,1,2013,8,16731.37,690.0,6549.0,14658.174794520548,2681.958965356077,-608.763759876626,1.1829667747145869
2013-02-19,Tuesday,2,1,2013,8,12090.74,431.0,4262.0,14647.02008219178,2981.9288552746266,-5538.208937466407,1.203586042658611
2013-02-20,Wednesday,2,1,2013,8,12948.45,510.0,4726.0,14621.712328767124,1208.6433666310447,-2881.905695398168,1.0826608634785633
2013-02-21,Thursday,2,1,2013,8,17642.72,596.0,5314.0,14594.322246575342,1890.0564243590748,1158.341329065584,1.1295062828150577
2013-02-22,Friday,2,1,2013,8,8728.01,375.0,3223.0,14583.708301369863,2078.18465724489,-7933.882958614753,1.1425004267981473
2013-02-23,Saturday,2,1,2013,8,13376.55,569.0,4918.0,14558.229616438355,1626.1835153573138,-2807.8631317956697,1.1117020103544126
2013-02-24,Sunday,2,1,2013,8,0.0,0.0,0.0,14505.370547945206,-12391.346643146275,-2114.0239047989307,0.1457407722064983
2013-02-25,Monday,2,1,2013,9,11453.96,449.0,3950.0,14589.463616438356,2669.3871027155387,-5804.890719153895,1.1829667747145869
2013-02-26,Tuesday,2,1,2013,9,14352.75,585.0,5126.0,14576.166520547946,2967.5040590512904,-3190.920579599236,1.203586042658611
2013-02-27,Wednesday,2,1,2013,9,10211.69,410.0,3800.0,14593.690684931506,1206.3270733555037,-5588.327758287009,1.0826608634785633
2013-02-28,Thursday,2,1,2013,9,10811.83,466.0,4112.0,14601.529068493151,1890.9897530765604,-5680.688821569712,1.1295062828150577
2013-03-01,Friday,3,1,2013,9,5831.53,225.0,2040.0,14584.265315068493,2078.264031934677,-10830.999347003171,1.1425004267981473
2013-03-02,Saturday,3,1,2013,9,20136.83,702.0,6374.0,14576.678027397262,1628.244239949268,3931.907732653472,1.1117020103544126
2013-03-03,Sunday,3,1,2013,9,0.0,0.0,0.0,14535.087808219178,-12416.732886960055,-2118.3549212591224,0.1457407722064983
2013-03-04,Monday,3,1,2013,10,12039.74,438.0,3645.0,14599.367287671232,2671.1991454988515,-5230.826433170083,1.1829667747145869
2013-03-05,Tuesday,3,1,2013,10,28884.64,818.0,7872.0,14620.878575342465,2976.6068093460417,11287.154615311492,1.203586042658611
2013-03-06,Wednesday,3,1,2013,10,12941.92,438.0,3829.0,14624.707369863016,1208.8909393141848,-2891.6783091772004,1.0826608634785633
2013-03-07,Thursday,3,1,2013,10,14418.14,565.0,5271.0,14607.878383561641,1891.812029269502,-2081.550412831144,1.1295062828150577
2013-03-08,Friday,3,1,2013,10,8997.09,361.0,3086.0,14606.23978082192,2081.3954026832016,-7690.545183505121,1.1425004267981473
2013-03-09,Saturday,3,1,2013,10,12927.95,417.0,3527.0,14634.18,1634.6673258883382,-3340.897325888338,1.1117020103544126
2013-03-10,Sunday,3,1,2013,10,0.0,0.0,0.0,14612.05084931507,-12482.479275015272,-2129.571574299798,0.1457407722064983
2013-03-11,Monday,3,1,2013,11,11312.42,417.0,3744.0,14631.765150684932,2677.1268780021137,-5996.472028687046,1.1829667747145869
2013-03-12,Tuesday,3,1,2013,11,12057.6,397.0,3591.0,14647.013041095892,2981.9274218057785,-5571.3404629016695,1.203586042658611
2013-03-13,Wednesday,3,1,2013,11,11835.46,440.0,3721.0,14644.753424657534,1210.5479635128384,-4019.8413881703736,1.0826608634785633
2013-03-14,Thursday,3,1,2013,11,9295.88,395.0,3521.0,14658.70506849315,1898.3944043027939,-7261.219472795944,1.1295062828150577
2013-03-15,Friday,3,1,2013,11,13656.96,340.0,3388.0,14604.083424657532,2081.0881210094476,-3028.211545666981,1.1425004267981473
2013-03-16,Saturday,3,1,2013,11,11910.57,393.0,3385.0,14629.361589041097,1634.129099697515,-4352.920688738612,1.1117020103544126
2013-03-17,Sunday,3,1,2013,11,0.0,0.0,0.0,14592.368246575343,-12465.665229997867,-2126.703016577476,0.1457407722064983
2013-03-18,Monday,3,1,2013,12,7774.24,311.0,2839.0,14659.720684931506,2682.2418119386325,-9567.72249687014,1.1829667747145869
2013-03-19,Tuesday,3,1,2013,12,16438.09,559.0,4897.0,14641.109068493151,2980.725455387622,-1183.7445238807732,1.203586042658611
2013-03-20,Wednesday,3,1,2013,12,13621.44,378.0,3448.0,14653.18328767123,1211.2447832685566,-2242.9880709397867,1.0826608634785633
2013-03-21,Thursday,3,1,2013,12,13531.27,513.0,5073.0,14664.409260273973,1899.1331329767925,-3032.272393250765,1.1295062828150577
2013-03-22,Friday,3,1,2013,12,20856.05,624.0,5624.0,14670.19621917808,2090.509222445444,4095.344558376475,1.1425004267981473
2013-03-23,Saturday,3,1,2013,12,5640.31,229.0,1995.0,14672.748575342464,1638.975513290597,-10671.414088633062,1.1117020103544126
2013-03-24,Sunday,3,1,2013,12,0.0,0.0,0.0,14643.175424657535,-12509.067730712728,-2134.1076939448067,0.1457407722064983
2013-03-25,Monday,3,1,2013,13,27742.02,884.0,8171.0,14685.686465753426,2686.992687108565,10369.34084713801,1.1829667747145869
2013-03-26,Tuesday,3,1,2013,13,11223.94,423.0,3875.0,14705.810657534246,2993.897795854222,-6475.768453388468,1.203586042658611
2013-03-27,Wednesday,3,1,2013,13,8784.8,268.0,2604.0,14729.16495890411,1217.5254938212106,-7161.890452725322,1.0826608634785633
2013-03-28,Thursday,3,1,2013,13,14393.51,623.0,5409.0,14723.971671232877,1906.846839415583,-2237.30851064846,1.1295062828150577
2013-03-29,Friday,3,1,2013,13,19495.7,637.0,6065.0,14695.253616438356,2094.079912249484,2706.3664713121602,1.1425004267981473
2013-03-30,Saturday,3,1,2013,13,24423.6,883.0,8044.0,14693.111561643835,1641.2500997972795,8089.238338558885,1.1117020103544126
2013-03-31,Sunday,3,1,2013,13,0.0,0.0,0.0,14661.554246575342,-12524.768008931987,-2136.786237643355,0.1457407722064983
2013-04-01,Monday,4,2,2013,14,22332.53,891.0,8030.0,14712.600684931507,2691.9170949855397,4928.012220082952,1.1829667747145869
2013-04-02,Tuesday,4,2,2013,14,17318.47,676.0,6035.0,14713.679068493151,2995.499694503357,-390.7087629965072,1.203586042658611
2013-04-03,Wednesday,4,2,2013,14,19140.28,635.0,6014.0,14716.376136986302,1216.4683587586112,3207.435504255085,1.0826608634785633
2013-04-04,Thursday,4,2,2013,14,19366.17,656.0,6031.0,14667.341424657534,1899.5128666867101,2799.315708655754,1.1295062828150577
2013-04-05,Friday,4,2,2013,14,10373.93,436.0,3877.0,14657.958602739725,2088.7653568799865,-6372.793959619712,1.1425004267981473
2013-04-06,Saturday,4,2,2013,14,25693.65,840.0,7716.0,14671.586219178082,1638.8456757702877,9383.218105051632,1.1117020103544126
2013-04-07,Sunday,4,2,2013,14,0.0,0.0,0.0,14629.675753424655,-12497.535511989861,-2132.140241434794,0.1457407722064983
2013-04-08,Monday,4,2,2013,15,20156.79,743.0,6612.0,14661.521260273972,2682.571257401674,2812.697482324355,1.1829667747145869
2013-04-09,Tuesday,4,2,2013,15,24980.41,949.0,8833.0,14633.963863013698,2979.270791280077,7367.175345706225,1.203586042658611
2013-04-10,Wednesday,4,2,2013,15,12428.3,461.0,3939.0,14660.244712328766,1211.8284867281372,-3443.7731990569036,1.0826608634785633
2013-04-11,Thursday,4,2,2013,15,12940.57,464.0,4410.0,14651.432410958902,1897.4525494593465,-3608.314960418248,1.1295062828150577
2013-04-12,Friday,4,2,2013,15,15307.86,518.0,4526.0,14652.671671232878,2088.011966883808,-1432.8236381166853,1.1425004267981473
2013-04-13,Saturday,4,2,2013,15,11782.67,433.0,4070.0,14685.554410958905,1640.4059508732216,-4543.290361832126,1.1117020103544126
2013-04-14,Sunday,4,2,2013,15,0.0,0.0,0.0,14644.890246575344,-12510.532633160037,-2134.3576134153063,0.1457407722064983
2013-04-15,Monday,4,2,2013,16,22378.68,794.0,7694.0,14702.202493150686,2690.014571372539,4986.462935476775,1.1829667747145869
2013-04-16,Tuesday,4,2,2013,16,10989.62,430.0,3822.0,14739.828328767122,3000.823318920985,-6751.031647688106,1.203586042658611
2013-04-17,Wednesday,4,2,2013,16,16002.93,556.0,5408.0,14782.721835616438,1221.9525514954667,-1.7443871119039613,1.0826608634785633
2013-04-18,Thursday,4,2,2013,16,17554.76,625.0,5721.0,14778.619999999999,1913.9241413362681,862.2158586637313,1.1295062828150577
2013-04-19,Friday,4,2,2013,16,23125.68,753.0,6995.0,14769.72005479452,2104.691411497375,6251.268533708106,1.1425004267981473
2013-04-20,Saturday,4,2,2013,16,15045.09,626.0,5274.0,14768.912602739727,1649.7172284746482,-1373.539831214375,1.1117020103544126
2013-04-21,Sunday,4,2,2013,16,0.0,0.0,0.0,14703.541260273974,-12560.635802831537,-2142.905457442437,0.1457407722064983
2013-04-22,Monday,4,2,2013,17,12042.89,556.0,4808.0,14731.252273972603,2695.329716075691,-5383.691990048294,1.1829667747145869
2013-04-23,Tuesday,4,2,2013,17,15515.77,584.0,5363.0,14725.751753424656,2997.9575246528266,-2207.9392780774824,1.203586042658611
2013-04-24,Wednesday,4,2,2013,17,18884.05,795.0,7105.0,14727.912931506851,1217.4220001554545,2938.7150683376935,1.0826608634785633
2013-04-25,Thursday,4,2,2013,17,19306.77,563.0,5221.0,14753.03991780822,1910.6113599775072,2643.1187222142726,1.1295062828150577
2013-04-26,Friday,4,2,2013,17,12993.57,498.0,4435.0,14743.034465753424,2100.888703669659,-3850.3531694230837,1.1425004267981473
2013-04-27,Saturday,4,2,2013,17,24910.74,810.0,8002.0,14770.168438356166,1649.8575078376791,8490.714053806156,1.1117020103544126
2013-04-28,Sunday,4,2,2013,17,0.0,0.0,0.0,14686.743369863014,-12546.286049940509,-2140.457319922505,0.1457407722064983
2013-04-29,Monday,4,2,2013,18,13577.33,499.0,4659.0,14744.413506849314,2697.7377844064104,-3864.8212912557246,1.1829667747145869
2013-04-30,Tuesday,4,2,2013,18,21430.47,816.0,7214.0,14719.343452054796,2996.652883936773,3714.473664008432,1.203586042658611
2013-05-01,Wednesday,5,2,2013,18,31019.46,914.0,9106.0,14757.794520547945,1219.8920381077028,15041.773441344352,1.0826608634785633
2013-05-02,Thursday,5,2,2013,18,11124.93,436.0,3846.0,14761.37309589041,1911.6905588949676,-5548.133654785378,1.1295062828150577
2013-05-03,Friday,5,2,2013,18,16350.13,568.0,5112.0,14767.861260273974,2104.4265324848675,-522.1577927588423,1.1425004267981473
2013-05-04,Saturday,5,2,2013,18,26934.39,930.0,7890.0,14758.622849315068,1648.5678423310626,10527.19930835387,1.1117020103544126
2013-05-05,Sunday,5,2,2013,18,0.0,0.0,0.0,14706.386575342465,-12563.066439484775,-2143.32013585769,0.1457407722064983
2013-05-06,Monday,5,2,2013,19,25147.52,944.0,8642.0,14769.446849315067,2702.318054337695,7675.755096347239,1.1829667747145869
2013-05-07,Tuesday,5,2,2013,19,15226.64,522.0,5023.0,14773.392767123289,3007.656570099976,-2554.409337223265,1.203586042658611
2013-05-08,Wednesday,5,2,2013,19,31646.51,947.0,8241.0,14782.511287671234,1221.9351474205125,15642.063564908252,1.0826608634785633
2013-05-09,Thursday,5,2,2013,19,12303.9,434.0,3936.0,14778.643671232878,1913.927206909648,-4388.670878142526,1.1295062828150577
2013-05-10,Friday,5,2,2013,19,21456.55,855.0,7863.0,14752.686219178082,2102.2640826520233,4601.599698169894,1.1425004267981473
2013-05-11,Saturday,5,2,2013,19,12065.49,465.0,3811.0,14722.561835616436,1644.5397546055074,-4301.6115902219435,1.1117020103544126
2013-05-12,Sunday,5,2,2013,19,0.0,0.0,0.0,14664.228246575341,-12527.052298107106,-2137.175948468235,0.1457407722064983
2013-05-13,Monday,5,2,2013,20,22776.29,801.0,7464.0,14703.586383561644,2690.267777337591,5382.435839100766,1.1829667747145869
2013-05-14,Tuesday,5,2,2013,20,20538.52,755.0,6927.0,14694.822301369864,2991.6607199073924,2852.0369787227437,1.203586042658611
2013-05-15,Wednesday,5,2,2013,20,16705.88,709.0,6128.0,14695.522328767125,1214.7445649643976,795.6131062684783,1.0826608634785633
2013-05-16,Thursday,5,2,2013,20,16512.59,537.0,5051.0,14676.99405479452,1900.76294293514,-65.16699772966058,1.1295062828150577
2013-05-17,Friday,5,2,2013,20,11815.65,443.0,4056.0,14674.068904109588,2091.0610817010383,-4949.479985810627,1.1425004267981473
2013-05-18,Saturday,5,2,2013,20,9439.65,410.0,3397.0,14696.151397260273,1641.5896555467828,-6898.091052807056,1.1117020103544126
2013-05-19,Sunday,5,2,2013,20,0.0,0.0,0.0,14653.802000000001,-12518.145580758872,-2135.6564192411297,0.1457407722064983
2013-05-20,Monday,5,2,2013,21,18192.09,759.0,6996.0,14723.149589041097,2693.8471939472447,775.0932170116585,1.1829667747145869
2013-05-21,Tuesday,5,2,2013,21,14366.84,581.0,5223.0,14723.474657534247,2997.4939397117437,-3354.1285972459905,1.203586042658611
2013-05-22,Wednesday,5,2,2013,21,23610.41,919.0,8346.0,14757.08506849315,1219.8333941882568,7633.491537318593,1.0826608634785633
2013-05-23,Thursday,5,2,2013,21,30161.75,997.0,8782.0,14772.403369863016,1913.1190486755913,13476.227581461393,1.1295062828150577
2013-05-24,Friday,5,2,2013,21,16605.58,565.0,4897.0,14768.404410958903,2104.5039316892853,-267.32834264818666,1.1425004267981473
2013-05-25,Saturday,5,2,2013,21,21811.62,780.0,7061.0,14735.639643835615,1646.0005720746192,5429.9797840897645,1.1117020103544126
2013-05-26,Sunday,5,2,2013,21,0.0,0.0,0.0,14686.941863013697,-12546.455614546134,-2140.486248467563,0.1457407722064983
2013-05-27,Monday,5,2,2013,22,18810.22,713.0,6875.0,14740.038082191779,2696.9372270688145,1373.2446907394078,1.1829667747145869
2013-05-28,Tuesday,5,2,2013,22,21844.0,769.0,6780.0,14750.213150684931,3002.937523718946,4090.849325596123,1.203586042658611
2013-05-29,Wednesday,5,2,2013,22,18764.88,648.0,5715.0,14758.146520547947,1219.9211347316475,2786.812344720406,1.0826608634785633
2013-05-30,Thursday,5,2,2013,22,16631.22,566.0,5212.0,14755.867095890411,1910.977497301788,-35.62459319219806,1.1295062828150577
2013-05-31,Friday,5,2,2013,22,16837.08,523.0,4856.0,14747.945753424656,2101.5885642589383,-12.454317683592308,1.1425004267981473
2013-06-01,Saturday,6,2,2013,22,22139.55,755.0,7161.0,14745.634493150686,1647.117016836302,5746.79849001301,1.1117020103544126
2013-06-02,Sunday,6,2,2013,22,0.0,0.0,0.0,14691.220410958904,-12550.110603609884,-2141.1098073490193,0.1457407722064983
2013-06-03,Monday,6,2,2013,23,28825.63,1013.0,9074.0,14769.991397260272,2702.4176885189067,11353.220914220823,1.1829667747145869
2013-06-04,Tuesday,6,2,2013,23,23256.81,870.0,7622.0,14785.497972602741,3010.121020979107,5461.191006418153,1.203586042658611
2013-06-05,Wednesday,6,2,2013,23,23011.07,743.0,6783.0,14773.728219178081,1221.2091313948772,7016.1326494270415,1.0826608634785633
2013-06-06,Thursday,6,2,2013,23,16952.16,714.0,6404.0,14762.553561643836,1911.8434366266843,277.76300172948004,1.1295062828150577
2013-06-07,Friday,6,2,2013,23,22249.98,729.0,6730.0,14731.940712328766,2099.307839071852,5418.731448599382,1.1425004267981473
2013-06-08,Saturday,6,2,2013,23,18497.97,717.0,6479.0,14723.779452054794,1644.6757648095124,2129.5147831356944,1.1117020103544126
2013-06-09,Sunday,6,2,2013,23,0.0,0.0,0.0,14648.327479452055,-12513.468921063044,-2134.858558389011,0.1457407722064983
2013-06-10,Monday,6,2,2013,24,15640.57,568.0,5192.0,14715.100986301368,2692.374567062998,-1766.905553364366,1.1829667747145869
2013-06-11,Tuesday,6,2,2013,24,22211.26,749.0,6396.0,14716.60712328767,2996.095805591661,4498.557071120668,1.203586042658611
2013-06-12,Wednesday,6,2,2013,24,18760.36,750.0,6835.0,14726.67528767123,1217.319695447323,2816.3650168814465,1.0826608634785633
2013-06-13,Thursday,6,2,2013,24,30613.23,991.0,8552.0,14698.62375342466,1903.564124803139,14011.042121772201,1.1295062828150577
2013-06-14,Friday,6,2,2013,24,20890.66,741.0,7036.0,14704.80509589041,2095.4410021479553,4090.413901961635,1.1425004267981473
2013-06-15,Saturday,6,2,2013,24,11666.1,432.0,3554.0,14728.130356164384,1645.1617695454129,-4707.1921257097965,1.1117020103544126
2013-06-16,Sunday,6,2,2013,24,0.0,0.0,0.0,14674.794465753423,-12536.07858834287,-2138.715877410552,0.1457407722064983
2013-06-17,Monday,6,2,2013,25,18237.37,622.0,5764.0,14701.997452054793,2689.97705566454,845.3954922806661,1.1829667747145869
2013-06-18,Tuesday,6,2,2013,25,23191.44,870.0,7624.0,14681.919479452055,2989.033885454017,5520.486635093926,1.203586042658611
2013-06-19,Wednesday,6,2,2013,25,20692.44,724.0,6329.0,14689.101315068494,1214.213798427661,4789.124886503843,1.0826608634785633
2013-06-20,Thursday,6,2,2013,25,24350.9,785.0,7890.0,14666.309315068494,1899.3792020103758,7785.211482921131,1.1295062828150577
2013-06-21,Friday,6,2,2013,25,19074.71,795.0,7234.0,14657.117424657532,2088.6454886442607,2328.9470866982065,1.1425004267981473
2013-06-22,Saturday,6,2,2013,25,24661.63,826.0,7949.0,14657.205671232878,1637.2393396548105,8367.184989112313,1.1117020103544126
2013-06-23,Sunday,6,2,2013,25,0.0,0.0,0.0,14609.109808219178,-12479.966863519787,-2129.1429446993916,0.1457407722064983
2013-06-24,Monday,6,2,2013,26,28581.61,1046.0,9305.0,14684.647287671232,2686.8025520465117,11210.160160282256,1.1829667747145869
2013-06-25,Tuesday,6,2,2013,26,22950.81,825.0,7583.0,14692.030493150685,2991.092346720188,5267.687160129128,1.203586042658611
2013-06-26,Wednesday,6,2,2013,26,17641.29,634.0,5826.0,14693.66698630137,1214.5912007541299,1733.0318129445006,1.0826608634785633
2013-06-27,Thursday,6,2,2013,26,23551.99,936.0,8264.0,14681.436767123287,1901.338302094455,6969.21493078226,1.1295062828150577
2013-06-28,Friday,6,2,2013,26,8761.95,406.0,3309.0,14680.056219178083,2091.914276653674,-8010.020495831755,1.1425004267981473
2013-06-29,Saturday,6,2,2013,26,13493.64,532.0,4642.0,14691.937808219178,1641.118989180085,-2839.4167973992635,1.1117020103544126
2013-06-30,Sunday,6,2,2013,26,0.0,0.0,0.0,14620.211123287672,-12489.45026435769,-2130.7608589299816,0.1457407722064983
2013-07-01,Monday,7,3,2013,27,24917.93,913.0,8499.0,14680.062438356164,2685.9636769547815,7551.903884689054,1.1829667747145869
2013-07-02,Tuesday,7,3,2013,27,9955.26,417.0,3620.0,14695.970493150686,2991.894475728263,-7732.604968878948,1.203586042658611
2013-07-03,Wednesday,7,3,2013,27,23114.09,800.0,7432.0,14707.41304109589,1215.7274615128683,7190.949497391242,1.0826608634785633
2013-07-04,Thursday,7,3,2013,27,19170.07,728.0,6624.0,14705.176849315068,1904.4127918928366,2560.4803587920946,1.1295062828150577
2013-07-05,Friday,7,3,2013,27,15712.73,604.0,5192.0,14708.601671232878,2095.9820157546283,-1091.853686987507,1.1425004267981473
2013-07-06,Saturday,7,3,2013,27,19860.93,788.0,7151.0,14681.243150684932,1639.9243744334576,3539.762474881611,1.1117020103544126
2013-07-07,Sunday,7,3,2013,27,0.0,0.0,0.0,14649.116794520547,-12514.14320074394,-2134.9735937766072,0.1457407722064983
2013-07-08,Monday,7,3,2013,28,25663.74,848.0,7670.0,14710.531369863014,2691.5384790815892,8261.670151055398,1.1829667747145869
2013-07-09,Tuesday,7,3,2013,28,11931.67,486.0,4245.0,14700.65898630137,2992.8489874948427,-5761.837973796213,1.203586042658611
2013-07-10,Wednesday,7,3,2013,28,14990.08,525.0,4878.0,14711.020931506848,1216.0256928495742,-936.966624356422,1.0826608634785633
2013-07-11,Thursday,7,3,2013,28,16663.97,640.0,5327.0,14721.974520547945,1906.5881958541559,35.40728359790046,1.1295062828150577
2013-07-12,Friday,7,3,2013,28,15934.29,621.0,5757.0,14724.999589041097,2098.3187260409004,-889.0283150819969,1.1425004267981473
2013-07-13,Saturday,7,3,2013,28,29439.38,995.0,9455.0,14706.186054794522,1642.7105469665762,13090.483398238903,1.1117020103544126
2013-07-14,Sunday,7,3,2013,28,0.0,0.0,0.0,14642.463780821918,-12508.45980239925,-2134.0039784226683,0.1457407722064983
2013-07-15,Monday,7,3,2013,29,24886.96,915.0,8307.0,14673.979643835617,2684.8507276601053,7528.129628504277,1.1829667747145869
2013-07-16,Tuesday,7,3,2013,29,16591.75,594.0,5205.0,14697.932301369863,2992.2938725000604,-1098.4761738699235,1.203586042658611
2013-07-17,Wednesday,7,3,2013,29,14567.89,548.0,5076.0,14701.184575342464,1215.2126111555435,-1348.5071864980082,1.0826608634785633
2013-07-18,Thursday,7,3,2013,29,16783.6,708.0,6269.0,14685.369835616437,1901.84765917506,196.3825052085017,1.1295062828150577
2013-07-19,Friday,7,3,2013,29,22510.27,640.0,6341.0,14679.3057260274,2091.8073310593927,5739.156942913208,1.1425004267981473
2013-07-20,Saturday,7,3,2013,29,15593.13,482.0,4628.0,14674.845561643835,1639.2097508761458,-720.9253125199816,1.1117020103544126
2013-07-21,Sunday,7,3,2013,29,0.0,0.0,0.0,14648.707205479452,-12513.79330552598,-2134.9138999534716,0.1457407722064983
2013-07-22,Monday,7,3,2013,30,24747.33,912.0,8540.0,14702.516767123288,2690.072073067683,7354.74115980903,1.1829667747145869
2013-07-23,Tuesday,7,3,2013,30,18259.6,772.0,6758.0,14711.838493150684,2995.124979053169,552.636527796145,1.203586042658611
2013-07-24,Wednesday,7,3,2013,30,8726.97,360.0,3236.0,14687.838849315067,1214.1094419183705,-7174.978291233438,1.0826608634785633
2013-07-25,Thursday,7,3,2013,30,26354.94,716.0,6593.0,14701.482027397258,1903.9342892405973,9749.523683362144,1.1295062828150577
2013-07-26,Friday,7,3,2013,30,20892.63,822.0,7633.0,14704.050575342466,2095.3334826478454,4093.2459420096898,1.1425004267981473
2013-07-27,Saturday,7,3,2013,30,15910.11,504.0,4973.0,14695.085780821917,1641.4706240483515,-426.446404870268,1.1117020103544126
2013-07-28,Sunday,7,3,2013,30,0.0,0.0,0.0,14657.514191780821,-12521.316754842977,-2136.197436937844,0.1457407722064983
2013-07-29,Monday,7,3,2013,31,19581.13,630.0,5969.0,14697.644712328767,2689.1806489156966,2194.3046387555373,1.1829667747145869
2013-07-30,Tuesday,7,3,2013,31,19839.87,579.0,5395.0,14704.924000000003,2993.717284755632,2141.228715244364,1.203586042658611
2013-07-31,Wednesday,7,3,2013,31,12604.72,593.0,4835.0,14713.521917808219,1216.2324265367936,-3325.034344345013,1.0826608634785633
2013-08-01,Thursday,8,3,2013,31,19951.96,753.0,6577.0,14729.532164383561,1907.5669582141468,3314.860877402291,1.1295062828150577
2013-08-02,Friday,8,3,2013,31,16987.68,622.0,5558.0,14741.638849315068,2100.6898277315468,145.35132295338553,1.1425004267981473
2013-08-03,Saturday,8,3,2013,31,12963.11,533.0,4632.0,14749.307999999999,1647.5273549364208,-3433.7253549364195,1.1117020103544126
2013-08-04,Sunday,8,3,2013,31,0.0,0.0,0.0,14720.85101369863,-12575.42281942538,-2145.4281942732505,0.1457407722064983
2013-08-05,Monday,8,3,2013,32,17391.67,587.0,5238.0,14759.973232876713,2700.5846972930863,-68.88793016980117,1.1829667747145869
2013-08-06,Tuesday,8,3,2013,32,14322.69,619.0,5371.0,14770.801506849315,3007.129025675299,-3455.2405325246136,1.203586042658611
2013-08-07,Wednesday,8,3,2013,32,21073.1,726.0,6572.0,14753.397397260273,1219.528568099922,5100.174034639804,1.0826608634785633
2013-08-08,Thursday,8,3,2013,32,14450.48,571.0,5158.0,14749.418273972602,1910.1423343466763,-2209.080608319279,1.1295062828150577
2013-08-09,Friday,8,3,2013,32,17699.62,673.0,6413.0,14718.50695890411,2097.3935234753376,883.719517620551,1.1425004267981473
2013-08-10,Saturday,8,3,2013,32,17595.21,516.0,5245.0,14719.497479452055,1644.197459861504,1231.5150606864402,1.1117020103544126
2013-08-11,Sunday,8,3,2013,32,0.0,0.0,0.0,14672.556356164385,-12534.166662573623,-2138.3896935907615,0.1457407722064983
2013-08-12,Monday,8,3,2013,33,21815.84,698.0,6096.0,14736.69002739726,2696.324644281494,4382.825328321245,1.1829667747145869
2013-08-13,Tuesday,8,3,2013,33,17220.36,674.0,6011.0,14740.395287671232,3000.9387438406225,-520.9740315118538,1.203586042658611
2013-08-14,Wednesday,8,3,2013,33,15871.94,613.0,5297.0,14724.713534246577,1217.1575352153093,-69.93106946188595,1.0826608634785633
2013-08-15,Thursday,8,3,2013,33,22954.35,840.0,7694.0,14708.998794520547,1904.907757809521,6340.443447669931,1.1295062828150577
2013-08-16,Friday,8,3,2013,33,20455.04,849.0,7300.0,14697.986273972603,2094.469317114407,3662.5844089129905,1.1425004267981473
2013-08-17,Saturday,8,3,2013,33,19002.47,747.0,6696.0,14725.554794520547,1644.8740741320046,2632.0411313474497,1.1117020103544126
2013-08-18,Sunday,8,3,2013,33,0.0,0.0,0.0,14677.647287671232,-12538.515637791412,-2139.1316498798205,0.1457407722064983
2013-08-19,Monday,8,3,2013,34,13646.99,532.0,4545.0,14729.76791780822,2695.0581282157664,-3777.8360460239865,1.1829667747145869
2013-08-20,Tuesday,8,3,2013,34,16238.36,545.0,4972.0,14742.24095890411,3001.3144967429735,-1505.1954556470837,1.203586042658611
2013-08-21,Wednesday,8,3,2013,34,11482.18,440.0,4055.0,14755.660602739727,1219.7156466190831,-4493.196249358809,1.0826608634785633
2013-08-22,Thursday,8,3,2013,34,8056.09,345.0,3111.0,14769.693726027397,1912.7681327746877,-8626.371858802086,1.1295062828150577
2013-08-23,Friday,8,3,2013,34,12588.15,451.0,4328.0,14752.504301369863,2102.23815928671,-4266.592460656573,1.1425004267981473
2013-08-24,Saturday,8,3,2013,34,9559.94,409.0,3583.0,14751.473726027396,1647.769270887558,-6839.302996914954,1.1117020103544126
2013-08-25,Sunday,8,3,2013,34,0.0,0.0,0.0,14714.825643835615,-12570.275591619029,-2144.5500522165858,0.1457407722064983
2013-08-26,Monday,8,3,2013,35,30693.97,826.0,7525.0,14752.470191780822,2699.21189006322,13242.28791815596,1.1829667747145869
2013-08-27,Tuesday,8,3,2013,35,13966.48,421.0,3986.0,14754.166712328766,3003.7424136884215,-3791.429126017188,1.203586042658611
2013-08-28,Wednesday,8,3,2013,35,17659.77,713.0,6541.0,14738.938273972602,1218.3333644838203,1702.4983615435776,1.0826608634785633
2013-08-29,Thursday,8,3,2013,35,15153.06,618.0,5292.0,14756.48194520548,1911.0571241510738,-1514.4790693565542,1.1295062828150577
2013-08-30,Friday,8,3,2013,35,17560.69,609.0,5789.0,14741.587150684933,2100.6824606546875,718.4203886603786,1.1425004267981473
2013-08-31,Saturday,8,3,2013,35,17911.27,775.0,6489.0,14756.104,1648.2864817987895,1506.8795182012116,1.1117020103544126
2013-09-01,Sunday,9,3,2013,35,0.0,0.0,0.0,14700.934602739726,-12558.409041579207,-2142.525561160519,0.1457407722064983
2013-09-02,Monday,9,3,2013,36,23462.01,663.0,6186.0,14731.854794520548,2695.439957317048,6034.715248162402,1.1829667747145869
2013-09-03,Tuesday,9,3,2013,36,18198.05,653.0,6029.0,14736.689917808217,3000.184382253625,461.1756999381578,1.203586042658611
2013-09-04,Wednesday,9,3,2013,36,18804.02,609.0,5445.0,14685.488301369864,1213.9151435955723,2904.6165550345645,1.0826608634785633
2013-09-05,Thursday,9,3,2013,36,9345.73,367.0,3337.0,14678.53597260274,1900.9626309788887,-7233.76860358163,1.1295062828150577
2013-09-06,Friday,9,3,2013,36,15142.68,521.0,4618.0,14677.683479452056,2091.5761602300345,-1626.5796396820906,1.1425004267981473
2013-09-07,Saturday,9,3,2013,36,20742.51,746.0,6761.0,14717.416273972602,1643.9649850254884,4381.128741001909,1.1117020103544126
2013-09-08,Sunday,9,3,2013,36,0.0,0.0,0.0,14681.997232876713,-12542.23161862359,-2139.765614253123,0.1457407722064983
2013-09-09,Monday,9,3,2013,37,7195.72,271.0,2304.0,14725.430986301371,2694.2646138458,-10223.97560014717,1.1829667747145869
2013-09-10,Tuesday,9,3,2013,37,15801.56,504.0,4977.0,14751.42205479452,3003.183639722571,-1953.0456945170922,1.203586042658611
2013-09-11,Wednesday,9,3,2013,37,10254.19,373.0,3373.0,14743.655643835615,1218.7233063500446,-5708.1889501856585,1.0826608634785633
2013-09-12,Thursday,9,3,2013,37,20551.16,622.0,5510.0,14754.62098630137,1910.816118280931,3885.722895417699,1.1295062828150577
2013-09-13,Friday,9,3,2013,37,10633.68,399.0,3494.0,14770.186684931507,2104.757906491053,-6241.2645914225595,1.1425004267981473
2013-09-14,Saturday,9,3,2013,37,21723.23,805.0,7517.0,14751.01208219178,1647.717704343052,5324.500213465167,1.1117020103544126
2013-09-15,Sunday,9,3,2013,37,0.0,0.0,0.0,14718.380383561644,-12573.312260832394,-2145.06812272925,0.1457407722064983
2013-09-16,Monday,9,3,2013,38,24583.64,722.0,6735.0,14755.62016438356,2699.7882303907822,7128.231605225657,1.1829667747145869
2013-09-17,Tuesday,9,3,2013,38,13782.94,506.0,4552.0,14752.703342465753,3003.4444920090646,-3973.207834474817,1.203586042658611
2013-09-18,Wednesday,9,3,2013,38,14706.35,436.0,4374.0,14761.75501369863,1220.2194158913394,-1275.6244295899692,1.0826608634785633
2013-09-19,Thursday,9,3,2013,38,17312.96,607.0,5410.0,14769.217698630137,1912.7064842359503,631.0358171339124,1.1295062828150577
2013-09-20,Friday,9,3,2013,38,18154.55,653.0,5735.0,14774.771890410959,2105.411300228832,1274.3668093602087,1.1425004267981473
2013-09-21,Saturday,9,3,2013,38,13017.82,497.0,4460.0,14735.409287671231,1645.97484082796,-3363.5641284991916,1.1117020103544126
2013-09-22,Sunday,9,3,2013,38,0.0,0.0,0.0,14719.956383561645,-12574.658573375396,-2145.297810186248,0.1457407722064983
2013-09-23,Monday,9,3,2013,39,15516.53,642.0,5927.0,14751.993013698631,2699.124582328557,-1934.5875960271878,1.1829667747145869
2013-09-24,Tuesday,9,3,2013,39,14970.31,516.0,5106.0,14710.906027397261,2994.935142040515,-2735.5311694377765,1.203586042658611
2013-09-25,Wednesday,9,3,2013,39,16823.61,622.0,4954.0,14725.46997260274,1217.220063062998,880.9199643342633,1.0826608634785633
2013-09-26,Thursday,9,3,2013,39,15289.76,526.0,5024.0,14738.948383561641,1908.7864177580716,-1357.9748013197125,1.1295062828150577
2013-09-27,Friday,9,3,2013,39,13512.16,471.0,4056.0,14723.312082191782,2098.0782555946485,-3309.2303377864305,1.1425004267981473
2013-09-28,Saturday,9,3,2013,39,10465.92,401.0,3752.0,14702.748027397258,1642.3265123946483,-5879.154539791906,1.1117020103544126
2013-09-29,Sunday,9,3,2013,39,0.0,0.0,0.0,14635.834054794519,-12502.796297762601,-2133.037757031918,0.1457407722064983
2013-09-30,Monday,9,3,2013,40,18631.95,750.0,6761.0,14742.36315068493,2697.362637351997,1192.2242119630732,1.1829667747145869
2013-10-01,Tuesday,10,4,2013,40,17584.53,744.0,6348.0,14727.804684931507,2998.3754728541553,-141.6501577856634,1.203586042658611
2013-10-02,Wednesday,10,4,2013,40,18788.71,717.0,6128.0,14723.951095890412,1217.0945114024394,2847.6643927071477,1.0826608634785633
2013-10-03,Thursday,10,4,2013,40,13280.5,552.0,4781.0,14708.94706849315,1904.901058963988,-3333.3481274571373,1.1295062828150577
2013-10-04,Friday,10,4,2013,40,14501.24,568.0,5269.0,14695.352547945206,2094.0940100314338,-2288.2065579766395,1.1425004267981473
2013-10-05,Saturday,10,4,2013,40,21099.87,628.0,5831.0,14712.751342465754,1643.443902798008,4743.674754736237,1.1117020103544126
2013-10-06,Sunday,10,4,2013,40,0.0,0.0,0.0,14642.357780821918,-12508.369250921103,-2133.9885299008147,0.1457407722064983
2013-10-07,Monday,10,4,2013,41,11623.61,458.0,4187.0,14696.712630136984,2689.0101088432975,-5762.112738980281,1.1829667747145869
2013-10-08,Tuesday,10,4,2013,41,16364.64,510.0,5118.0,14687.717506849314,2990.214282907051,-1313.2917897563657,1.203586042658611
2013-10-09,Wednesday,10,4,2013,41,20892.79,876.0,7541.0,14663.333232876712,1212.0837865035016,5017.372980619787,1.0826608634785633
2013-10-10,Thursday,10,4,2013,41,10080.01,379.0,3306.0,14662.139150684932,1898.839139522333,-6480.968290207265,1.1295062828150577
2013-10-11,Friday,10,4,2013,41,8802.36,392.0,3409.0,14663.276410958906,2089.5231468208503,-7950.439557779756,1.1425004267981473
2013-10-12,Saturday,10,4,2013,41,26688.58,1047.0,9357.0,14667.879835616437,1638.4316652753075,10382.268499108257,1.1117020103544126
2013-10-13,Sunday,10,4,2013,41,0.0,0.0,0.0,14635.598547945205,-12502.595113863366,-2133.0034340818383,0.1457407722064983
2013-10-14,Monday,10,4,2013,42,20918.97,711.0,6478.0,14681.258547945206,2686.1825252684935,3551.5289267863013,1.1829667747145869
2013-10-15,Tuesday,10,4,2013,42,27074.98,786.0,6967.0,14650.50909589041,2982.639169766312,9441.83173434328,1.203586042658611
2013-10-16,Wednesday,10,4,2013,42,28342.36,962.0,8710.0,14666.648630136986,1212.3578401038105,12463.353529759204,1.0826608634785633
2013-10-17,Thursday,10,4,2013,42,11636.66,432.0,3876.0,14684.869452054794,1901.7828563600099,-4949.992308414804,1.1295062828150577
2013-10-18,Friday,10,4,2013,42,18377.75,598.0,5682.0,14677.436876712329,2091.5410192343734,1608.7721040532979,1.1425004267981473
2013-10-19,Saturday,10,4,2013,42,12203.47,462.0,4151.0,14654.643315068495,1636.9531193200048,-4088.1264343885005,1.1117020103544126
2013-10-20,Sunday,10,4,2013,42,0.0,0.0,0.0,14613.42389041096,-12483.652208041576,-2129.7716823693845,0.1457407722064983
2013-10-21,Monday,10,4,2013,43,10114.52,377.0,3337.0,14663.392109589042,2682.913560666829,-7231.785670255871,1.1829667747145869
2013-10-22,Tuesday,10,4,2013,43,13311.64,476.0,3963.0,14692.974657534247,2991.2845654106563,-4372.619222944904,1.203586042658611
2013-10-23,Wednesday,10,4,2013,43,21776.55,799.0,7603.0,14715.61002739726,1216.4050314784618,5844.534941124277,1.0826608634785633
2013-10-24,Thursday,10,4,2013,43,19028.14,714.0,5839.0,14711.348465753426,1905.2120549967287,2411.5794792498446,1.1295062828150577
2013-10-25,Friday,10,4,2013,43,21298.64,722.0,6762.0,14701.060849315068,2094.907445412932,4502.671705272,1.1425004267981473
2013-10-26,Saturday,10,4,2013,43,23214.15,804.0,7033.0,14697.523013698628,1641.7428678603821,6874.884118440991,1.1117020103544126
2013-10-27,Sunday,10,4,2013,43,0.0,0.0,0.0,14629.274410958904,-12497.192661484987,-2132.0817494739167,0.1457407722064983
2013-10-28,Monday,10,4,2013,44,21049.6,782.0,7114.0,14676.26287671233,2685.2684834154797,3688.068639872189,1.1829667747145869
2013-10-29,Tuesday,10,4,2013,44,16619.22,554.0,4949.0,14676.868520547947,2988.005580719098,-1045.6541012670436,1.203586042658611
2013-10-30,Wednesday,10,4,2013,44,22746.43,745.0,6941.0,14652.82205479452,1211.2149234470508,6882.393021758429,1.0826608634785633
2013-10-31,Thursday,10,4,2013,44,14121.47,549.0,4775.0,14648.903287671232,1897.1250121035794,-2424.5582997748115,1.1295062828150577
2013-11-01,Friday,11,4,2013,44,15571.89,530.0,5000.0,14654.692246575341,2088.2998997324867,-1171.1021463078287,1.1425004267981473
2013-11-02,Saturday,11,4,2013,44,15923.86,667.0,5836.0,14654.771178082194,1636.967401875685,-367.8785799578782,1.1117020103544126
2013-11-03,Sunday,11,4,2013,44,0.0,0.0,0.0,14580.978328767125,-12455.935287606388,-2125.0430411607376,0.1457407722064983
2013-11-04,Monday,11,4,2013,45,23017.0,819.0,7529.0,14633.008164383562,2677.354308209478,5706.63752740696,1.1829667747145869
2013-11-05,Tuesday,11,4,2013,45,17414.16,690.0,5997.0,14601.89405479452,2972.741825935914,-160.4758807304347,1.203586042658611
2013-11-06,Wednesday,11,4,2013,45,18394.21,742.0,6645.0,14610.874136986302,1207.7474723398957,2575.5883906738018,1.0826608634785633
2013-11-07,Thursday,11,4,2013,45,17739.77,693.0,6579.0,14593.010712328765,1889.886572434016,1256.8727152372192,1.1295062828150577
2013-11-08,Friday,11,4,2013,45,19374.15,642.0,6042.0,14603.080410958906,2080.945191129309,2690.124397911786,1.1425004267981473
2013-11-09,Saturday,11,4,2013,45,13298.21,563.0,4922.0,14580.511506849316,1628.6724473107147,-2910.9739541600316,1.1117020103544126
2013-11-10,Sunday,11,4,2013,45,0.0,0.0,0.0,14547.455369863013,-12427.297990619607,-2120.1573792434065,0.1457407722064983
2013-11-11,Monday,11,4,2013,46,14365.72,542.0,5050.0,14604.692684931508,2672.1735162596383,-2911.1462011911467,1.1829667747145869
2013-11-12,Tuesday,11,4,2013,46,11940.59,401.0,3539.0,14619.471479452055,2976.3203442620716,-5655.2018237141265,1.203586042658611
2013-11-13,Wednesday,11,4,2013,46,18059.62,685.0,5998.0,14623.864630136986,1208.8212777207436,2226.934092142269,1.0826608634785633
2013-11-14,Thursday,11,4,2013,46,11793.67,472.0,3918.0,14630.513452054793,1894.7434128513144,-4731.586864906107,1.1295062828150577
2013-11-15,Friday,11,4,2013,46,15348.44,565.0,5319.0,14632.359890410957,2085.117529447654,-1369.03741985861,1.1425004267981473
2013-11-16,Saturday,11,4,2013,46,26579.49,931.0,8314.0,14637.448082191782,1635.0323772391637,10307.009540569055,1.1117020103544126
2013-11-17,Sunday,11,4,2013,46,0.0,0.0,0.0,14611.586027397261,-12482.082196602703,-2129.503830794558,0.1457407722064983
2013-11-18,Monday,11,4,2013,47,25311.87,974.0,9132.0,14661.37394520548,2682.544303638725,7967.951751155794,1.1829667747145869
2013-11-19,Tuesday,11,4,2013,47,12992.65,510.0,4706.0,14636.825835616437,2979.8534489564663,-4624.029284572904,1.203586042658611
2013-11-20,Wednesday,11,4,2013,47,22755.72,769.0,6768.0,14632.511287671234,1209.536017898728,6913.672694430039,1.0826608634785633
2013-11-21,Thursday,11,4,2013,47,16719.76,593.0,5687.0,14607.138273972601,1891.7161804277498,220.9055455996472,1.1295062828150577
2013-11-22,Friday,11,4,2013,47,9050.06,322.0,2981.0,14598.71394520548,2080.3229678958464,-7628.976913101327,1.1425004267981473
2013-11-23,Saturday,11,4,2013,47,8830.5,404.0,3518.0,14600.43076712329,1630.8974687280904,-7400.82823585138,1.1117020103544126
2013-11-24,Sunday,11,4,2013,47,0.0,0.0,0.0,14540.67290410959,-12421.504006662552,-2119.168897447038,0.1457407722064983
2013-11-25,Monday,11,4,2013,48,19380.12,764.0,6773.0,14607.031753424657,2672.601488077666,2100.486758497676,1.1829667747145869
2013-11-26,Tuesday,11,4,2013,48,19616.28,616.0,5387.0,14604.657205479452,2973.304364849129,2038.3184296714176,1.203586042658611
2013-11-27,Wednesday,11,4,2013,48,17027.32,739.0,6336.0,14583.764191780823,1205.5065408603543,1238.0492673588221,1.0826608634785633
2013-11-28,Thursday,11,4,2013,48,16956.31,540.0,5153.0,14573.096109589042,1887.3075062594557,495.90638415150397,1.1295062828150577
2013-11-29,Friday,11,4,2013,48,23212.64,777.0,7487.0,14546.671506849314,2072.9068982184763,6593.061594932209,1.1425004267981473
2013-11-30,Saturday,11,4,2013,48,14330.88,532.0,4854.0,14534.492684931505,1623.5320523883536,-1827.1447373198596,1.1117020103544126
2013-12-01,Sunday,12,4,2013,48,0.0,0.0,0.0,14473.836383561642,-12364.408292230857,-2109.428091330785,0.1457407722064983
2013-12-02,Monday,12,4,2013,49,28751.41,1097.0,10158.0,14512.96115068493,2655.3896932989214,11583.059156016148,1.1829667747145869
2013-12-03,Tuesday,12,4,2013,49,18745.51,677.0,6242.0,14465.470383561642,2944.967870584653,1335.0717458537033,1.203586042658611
2013-12-04,Wednesday,12,4,2013,49,17713.94,684.0,5983.0,14450.928876712329,1194.5262590163456,2068.484864271324,1.0826608634785633
2013-12-05,Thursday,12,4,2013,49,14581.26,612.0,5494.0,14457.728794520548,1872.3667141265817,-1748.8355086471295,1.1295062828150577
2013-12-06,Friday,12,4,2013,49,13606.04,534.0,4798.0,14480.794383561644,2063.5193800337493,-2938.2737635953927,1.1425004267981473
2013-12-07,Saturday,12,4,2013,49,24639.67,858.0,7672.0,14483.190328767125,1617.8014760688743,8538.678195163999,1.1117020103544126
2013-12-08,Sunday,12,4,2013,49,0.0,0.0,0.0,14432.51095890411,-12329.105666874675,-2103.4052920294343,0.1457407722064983
2013-12-09,Monday,12,4,2013,50,24372.33,888.0,7899.0,14484.506849315068,2650.1835015505208,7237.639649134413,1.1829667747145869
2013-12-10,Tuesday,12,4,2013,50,21085.82,755.0,6779.0,14485.101698630137,2948.964532331632,3651.753769038231,1.203586042658611
2013-12-11,Wednesday,12,4,2013,50,17910.83,663.0,6019.0,14497.348684931505,1198.363360446252,2215.1179546222447,1.0826608634785633
2013-12-12,Thursday,12,4,2013,50,16500.02,617.0,5603.0,14477.226575342465,1874.8917992439708,147.90162541356426,1.1295062828150577
2013-12-13,Friday,12,4,2013,50,26131.83,957.0,8520.0,14616.643616438356,2082.8779536988814,9432.308429862765,1.1425004267981473
2013-12-14,Saturday,12,4,2013,50,25288.7,688.0,6062.0,14621.261041095888,1633.2242522070628,9034.21470669705,1.1117020103544126
2013-12-15,Sunday,12,4,2013,50,0.0,0.0,0.0,14589.29912328767,-12463.043403108137,-2126.2557201795335,0.1457407722064983
2013-12-16,Monday,12,4,2013,51,9929.09,484.0,3940.0,14634.57991780822,2677.641886864234,-7383.131804672454,1.1829667747145869
2013-12-17,Tuesday,12,4,2013,51,13422.13,511.0,4511.0,14629.426986301369,2978.347146504184,-4185.644132805553,1.203586042658611
2013-12-18,Wednesday,12,4,2013,51,24909.46,804.0,7274.0,14651.267068493153,1211.0863869366824,9047.106544570164,1.0826608634785633
2013-12-19,Thursday,12,4,2013,51,21043.18,843.0,7366.0,14641.48397260274,1896.1641641880253,4505.531863209235,1.1295062828150577
2013-12-20,Friday,12,4,2013,51,15709.1,522.0,4908.0,14677.26835616438,2091.517004984367,-1059.6853611487472,1.1425004267981473
2013-12-21,Saturday,12,4,2013,51,19213.97,759.0,6928.0,14675.653753424654,1639.3000275228153,2899.0162190525316,1.1117020103544126
2013-12-22,Sunday,12,4,2013,51,0.0,0.0,0.0,14608.087643835615,-12479.093670162807,-2128.9939736728084,0.1457407722064983
2013-12-23,Monday,12,4,2013,52,27571.18,994.0,9191.0,14657.046794520547,2681.752578834199,10232.380626645254,1.1829667747145869
2013-12-24,Tuesday,12,4,2013,52,16568.81,619.0,5547.0,14651.272246575343,2982.79453659421,-1065.256783169552,1.203586042658611
2013-12-25,Wednesday,12,4,2013,52,17472.16,678.0,6210.0,14624.413150684932,1208.8666189028725,1638.8802304121957,1.0826608634785633
2013-12-26,Thursday,12,4,2013,52,18491.45,668.0,6700.0,14638.420246575342,1895.7673924186531,1957.2623610060052,1.1295062828150577
2013-12-27,Friday,12,4,2013,52,16129.74,542.0,5454.0,14617.429808219178,2082.989986363194,-570.6797945823723,1.1425004267981473
2013-12-28,Saturday,12,4,2013,52,29822.88,934.0,8406.0,14622.497698630137,1633.3623893397585,13567.019912030106,1.1117020103544126
2013-12-29,Sunday,12,4,2013,52,0.0,0.0,0.0,14585.528821917807,-12459.82258837137,-2125.706233546438,0.1457407722064983
2013-12-30,Monday,12,4,2013,1,21845.73,731.0,6680.0,14650.55797260274,2680.5653400162005,4514.606687381058,1.1829667747145869
2013-12-31,Tuesday,12,4,2013,1,13925.4,549.0,4673.0,14646.55887671233,2981.8349602762128,-3702.993836988543,1.203586042658611
2014-01-01,Wednesday,1,1,2014,1,16437.45,491.0,4673.0,14672.365123287673,1212.8303703637155,552.2545063486125,1.0826608634785633
2014-01-02,Thursday,1,1,2014,1,11037.93,437.0,3800.0,14664.68690410959,1899.1690895978898,-5525.92599370748,1.1295062828150577
2014-01-03,Friday,1,1,2014,1,14911.95,481.0,4459.0,14650.126712328767,2087.6493091537886,-1825.826021482555,1.1425004267981473
2014-01-04,Saturday,1,1,2014,1,7161.21,302.0,2750.0,14658.261972602737,1637.357330641364,-9134.409303244101,1.1117020103544126
2014-01-05,Sunday,1,1,2014,1,0.0,0.0,0.0,14603.848465753423,-12475.472313167833,-2128.37615258559,0.1457407722064983
2014-01-06,Monday,1,1,2014,2,22416.32,762.0,7028.0,14651.302575342464,2680.7015775779314,5084.315847079604,1.1829667747145869
2014-01-07,Tuesday,1,1,2014,2,12494.35,506.0,4327.0,14638.489698630136,2980.192188242951,-5124.331886873086,1.203586042658611
2014-01-08,Wednesday,1,1,2014,2,12456.21,444.0,3912.0,14650.822712328767,1211.0496560724423,-3405.66236840121,1.0826608634785633
2014-01-09,Thursday,1,1,2014,2,16942.78,633.0,5765.0,14669.5361369863,1899.7970957222572,373.44676729144135,1.1295062828150577
2014-01-10,Friday,1,1,2014,2,18614.5,644.0,5632.0,14682.090438356165,2092.2041537547516,1840.2054078890837,1.1425004267981473
2014-01-11,Saturday,1,1,2014,2,8142.34,349.0,2868.0,14695.011205479452,1641.4622938326754,-8194.133499312127,1.1117020103544126
2014-01-12,Sunday,1,1,2014,2,0.0,0.0,0.0,14614.355369863013,-12484.447932958992,-2129.907436904021,0.1457407722064983
2014-01-13,Monday,1,1,2014,3,11503.29,439.0,3919.0,14658.857342465753,2682.0838489521993,-5837.651191417952,1.1829667747145869
2014-01-14,Tuesday,1,1,2014,3,15722.02,601.0,5629.0,14635.118493150685,2979.5058578604007,-1892.6043510110853,1.203586042658611
2014-01-15,Wednesday,1,1,2014,3,15568.63,506.0,4759.0,14631.347643835616,1209.4398300944943,-272.15747393011065,1.0826608634785633
2014-01-16,Thursday,1,1,2014,3,8259.45,315.0,2689.0,14618.595534246575,1893.1999676170767,-8252.34550186365,1.1295062828150577
2014-01-17,Friday,1,1,2014,3,9918.72,390.0,3292.0,14644.750547945207,2086.883203434594,-6812.913751379801,1.1425004267981473
2014-01-18,Saturday,1,1,2014,3,9360.57,297.0,2778.0,14617.812794520547,1632.8390761323994,-6890.081870652946,1.1117020103544126
2014-01-19,Sunday,1,1,2014,3,0.0,0.0,0.0,14575.091890410959,-12450.906743321795,-2124.1851470891634,0.1457407722064983
2014-01-20,Monday,1,1,2014,4,19640.49,670.0,5997.0,14610.83693150685,2673.29770923858,2356.3553592545713,1.1829667747145869
2014-01-21,Tuesday,1,1,2014,4,14281.62,595.0,5009.0,14590.862383561645,2970.4959316457025,-3279.738315207347,1.203586042658611
2014-01-22,Wednesday,1,1,2014,4,10170.47,376.0,3570.0,14574.124931506849,1204.709751282813,-5608.364682789663,1.0826608634785633
2014-01-23,Thursday,1,1,2014,4,18185.84,632.0,5702.0,14595.933178082192,1890.2650501103965,1699.6417718074115,1.1295062828150577
2014-01-24,Friday,1,1,2014,4,16350.97,640.0,5673.0,14588.81509589041,2078.912377643638,-316.7574735340486,1.1425004267981473
2014-01-25,Saturday,1,1,2014,4,15388.74,520.0,5110.0,14606.217643835615,1631.5438744905302,-849.021518326145,1.1117020103544126
2014-01-26,Sunday,1,1,2014,4,0.0,0.0,0.0,14562.628301369863,-12440.259607372012,-2122.3686939978506,0.1457407722064983
2014-01-27,Monday,1,1,2014,5,14647.64,398.0,3756.0,14622.08895890411,2675.356456400457,-2649.805415304568,1.1829667747145869
2014-01-28,Tuesday,1,1,2014,5,11499.75,369.0,3476.0,14611.193205479454,2974.635003223946,-6086.0782087034,1.203586042658611
2014-01-29,Wednesday,1,1,2014,5,18127.06,748.0,6236.0,14622.591397260276,1208.7160311917455,2295.75257154798,1.0826608634785633
2014-01-30,Thursday,1,1,2014,5,19595.96,813.0,6952.0,14630.608794520547,1894.7557602996487,3070.5954451798034,1.1295062828150577
2014-01-31,Friday,1,1,2014,5,13233.34,483.0,4603.0,14639.884465753425,2086.1897846454303,-3492.734250398855,1.1425004267981473
2014-02-01,Saturday,2,1,2014,5,15824.19,561.0,4814.0,14623.007150684933,1633.4192961584583,-432.23644684339047,1.1117020103544126
2014-02-02,Sunday,2,1,2014,5,0.0,0.0,0.0,14587.491780821918,-12461.499464128985,-2125.992316692933,0.1457407722064983
2014-02-03,Monday,2,1,2014,6,14279.61,539.0,4907.0,14643.348739726027,2679.246289928582,-3042.9850296546083,1.1829667747145869
2014-02-04,Tuesday,2,1,2014,6,12920.41,409.0,3798.0,14638.641424657535,2980.2230775444377,-4698.454502201973,1.203586042658611
2014-02-05,Wednesday,2,1,2014,6,10608.1,346.0,2927.0,14636.744246575343,1209.885917936811,-5238.5301645121535,1.0826608634785633
2014-02-06,Thursday,2,1,2014,6,19867.84,620.0,5626.0,14609.427397260273,1892.0126362756414,3366.3999664640855,1.1295062828150577
2014-02-07,Friday,2,1,2014,6,7282.59,295.0,2592.0,14619.035287671233,2083.2187678703276,-9419.664055541562,1.1425004267981473
2014-02-08,Saturday,2,1,2014,6,13238.73,412.0,3472.0,14622.397342465754,1633.3511793544453,-3017.0185218202,1.1117020103544126
2014-02-09,Sunday,2,1,2014,6,0.0,0.0,0.0,14574.191287671234,-12450.13739512081,-2124.0538925504243,0.1457407722064983
2014-02-10,Monday,2,1,2014,7,23408.79,798.0,7297.0,14621.99495890411,2675.3392575236335,6111.455783572257,1.1829667747145869
2014-02-11,Tuesday,2,1,2014,7,12963.11,413.0,4268.0,14583.990520547944,2969.096916249051,-4589.977436796995,1.203586042658611
2014-02-12,Wednesday,2,1,2014,7,10972.95,365.0,3267.0,14571.610109589043,1204.5018739315922,-4803.161983520634,1.0826608634785633
2014-02-13,Thursday,2,1,2014,7,14115.13,428.0,4360.0,14580.389780821919,1888.252082508901,-2353.5118633308207,1.1295062828150577
2014-02-14,Friday,2,1,2014,7,12775.46,414.0,4073.0,14573.777534246576,2076.7695186913884,-3875.087052937965,1.1425004267981473
2014-02-15,Saturday,2,1,2014,7,14281.61,511.0,4836.0,14572.005452054795,1627.722303889982,-1918.117755944776,1.1117020103544126
2014-02-16,Sunday,2,1,2014,7,0.0,0.0,0.0,14519.943890410961,-12403.796055427441,-2116.1478349835197,0.1457407722064983
2014-02-17,Monday,2,1,2014,8,19024.03,662.0,6125.0,14567.838630136988,2665.4304487187305,1790.76092114428,1.1829667747145869
2014-02-18,Tuesday,2,1,2014,8,21284.03,365.0,3504.0,14577.087972602742,2967.691653828626,3739.2503735686314,1.203586042658611
2014-02-19,Wednesday,2,1,2014,8,16988.91,704.0,6349.0,14576.109342465752,1204.8737844061723,1207.9268731280756,1.0826608634785633
2014-02-20,Thursday,2,1,2014,8,18070.54,690.0,6221.0,14594.692931506848,1890.1044303866497,1585.742638106503,1.1295062828150577
2014-02-21,Friday,2,1,2014,8,11368.58,397.0,3728.0,14638.679726027396,2086.0181087202905,-5356.117834747687,1.1425004267981473
2014-02-22,Saturday,2,1,2014,8,8351.85,302.0,2697.0,14667.408520547944,1638.3790184346465,-7953.93753898259,1.1117020103544126
2014-02-23,Sunday,2,1,2014,8,0.0,0.0,0.0,14641.21690410959,-12507.394646461822,-2133.8222576477674,0.1457407722064983
2014-02-24,Monday,2,1,2014,9,13740.26,567.0,5213.0,14681.049260273974,2686.1442325783005,-3626.9334928522744,1.1829667747145869
2014-02-25,Tuesday,2,1,2014,9,12073.19,340.0,3378.0,14699.635698630138,2992.640660407355,-5619.086359037492,1.203586042658611
2014-02-26,Wednesday,2,1,2014,9,8794.37,351.0,3165.0,14707.905506849314,1215.7681691572802,-7129.303676006593,1.0826608634785633
2014-02-27,Thursday,2,1,2014,9,16615.13,548.0,5184.0,14718.007424657537,1906.0744320118183,-8.951856669354129,1.1295062828150577
2014-02-28,Friday,2,1,2014,9,5375.23,235.0,1976.0,14748.723369863015,2101.6993749332896,-11475.192744796306,1.1425004267981473
2014-03-01,Saturday,3,1,2014,9,11130.18,460.0,3850.0,14750.611178082192,1647.6729225480517,-5268.104100630244,1.1117020103544126
2014-03-02,Sunday,3,1,2014,9,0.0,0.0,0.0,14701.53920547945,-12558.925529048765,-2142.613676430685,0.1457407722064983
2014-03-03,Monday,3,1,2014,10,11285.87,420.0,3797.0,14762.23298630137,2700.998157088846,-6177.361143390214,1.1829667747145869
2014-03-04,Tuesday,3,1,2014,10,13804.56,524.0,4858.0,14738.119369863014,3000.475398740631,-3934.0347686036457,1.203586042658611
2014-03-05,Wednesday,3,1,2014,10,10196.05,356.0,3453.0,14731.70778082192,1217.7356856766091,-5753.39346649853,1.0826608634785633
2014-03-06,Thursday,3,1,2014,10,10404.32,316.0,3075.0,14723.91791780822,1906.839878009367,-6226.437795817586,1.1295062828150577
2014-03-07,Friday,3,1,2014,10,14106.98,529.0,4593.0,14730.760410958907,2099.1396456228963,-2722.9200565818032,1.1425004267981473
2014-03-08,Saturday,3,1,2014,10,23499.56,661.0,6335.0,14749.180438356163,1647.5131060443603,7102.866455599478,1.1117020103544126
2014-03-09,Sunday,3,1,2014,10,0.0,0.0,0.0,14692.351643835615,-12551.076969733598,-2141.2746741020164,0.1457407722064983
2014-03-10,Monday,3,1,2014,11,15853.32,628.0,5061.0,14722.075205479452,2693.650617452164,-1562.4058229316165,1.1829667747145869
2014-03-11,Tuesday,3,1,2014,11,20799.16,680.0,6490.0,14746.934602739726,3002.2700571171154,3049.9553401431585,1.203586042658611
2014-03-12,Wednesday,3,1,2014,11,9222.86,400.0,3710.0,14724.980410958902,1217.1795954747924,-6719.300006433694,1.0826608634785633
2014-03-13,Thursday,3,1,2014,11,15837.81,581.0,4990.0,14732.211315068493,1907.9139250604535,-802.3152401289467,1.1295062828150577
2014-03-14,Friday,3,1,2014,11,14977.36,553.0,5044.0,14712.806767123287,2096.581243713739,-1832.0280108370257,1.1425004267981473
2014-03-15,Saturday,3,1,2014,11,6658.23,267.0,2504.0,14713.784630136988,1643.5593231081593,-9699.113953245149,1.1117020103544126
2014-03-16,Sunday,3,1,2014,11,0.0,0.0,0.0,14654.26893150685,-12518.544461307345,-2135.724470199504,0.1457407722064983
2014-03-17,Monday,3,1,2014,12,13592.52,351.0,3212.0,14720.758410958904,2693.409687805778,-3821.648098764682,1.1829667747145869
2014-03-18,Tuesday,3,1,2014,12,6709.6,218.0,1869.0,14703.186712328768,2993.3635972336856,-10986.950309562453,1.203586042658611
2014-03-19,Wednesday,3,1,2014,12,19741.95,497.0,4463.0,14705.877780821917,1215.6005555729575,3820.4716636051267,1.0826608634785633
2014-03-20,Thursday,3,1,2014,12,16345.32,593.0,5670.0,14711.564328767125,1905.24001061323,-271.48433938035487,1.1295062828150577
2014-03-21,Friday,3,1,2014,12,15558.55,600.0,5176.0,14708.591205479452,2095.9805243802984,-1246.0217298597508,1.1425004267981473
2014-03-22,Saturday,3,1,2014,12,6488.7,235.0,2077.0,14695.340602739727,1641.4990881688532,-9848.139690908582,1.1117020103544126
2014-03-23,Sunday,3,1,2014,12,0.0,0.0,0.0,14659.675342465753,-12523.162937758232,-2136.5124047075205,0.1457407722064983
2014-03-24,Monday,3,1,2014,13,11693.37,387.0,3407.0,14696.106876712329,2688.899276092916,-5691.636152805244,1.1829667747145869
2014-03-25,Tuesday,3,1,2014,13,12745.27,458.0,4226.0,14691.836657534246,2991.0528844941105,-4937.619542028357,1.203586042658611
2014-03-26,Wednesday,3,1,2014,13,16539.78,670.0,6107.0,14681.610164383561,1213.5945734435963,644.5752621728416,1.0826608634785633
2014-03-27,Thursday,3,1,2014,13,13704.42,520.0,4526.0,14666.05493150685,1899.346257740898,-2860.9811892477474,1.1295062828150577
2014-03-28,Friday,3,1,2014,13,8686.26,356.0,2905.0,14670.70693150685,2090.5819991702647,-8075.028930677114,1.1425004267981473
2014-03-29,Saturday,3,1,2014,13,11989.82,485.0,4224.0,14667.681726027398,1638.4095360359413,-4316.27126206334,1.1117020103544126
2014-03-30,Sunday,3,1,2014,13,0.0,0.0,0.0,14639.00797260274,-12505.507646338532,-2133.5003262642076,0.1457407722064983
2014-03-31,Monday,3,1,2014,14,38883.12,760.0,6766.0,14677.555150684932,2685.504926616294,21520.05992269878,1.1829667747145869
2014-04-01,Tuesday,4,2,2014,14,17018.69,710.0,5873.0,14675.357917808218,2987.6980430852873,-644.3659608935068,1.203586042658611
2014-04-02,Wednesday,4,2,2014,14,15911.91,584.0,5461.0,14669.379397260273,1212.5835676721802,29.947035067547176,1.0826608634785633
2014-04-03,Thursday,4,2,2014,14,13663.81,537.0,4763.0,14670.193890410957,1899.8822789232934,-2906.2661693342516,1.1295062828150577
2014-04-04,Friday,4,2,2014,14,14404.17,589.0,5344.0,14665.285178082191,2089.8093969932565,-2350.9245750754476,1.1425004267981473
2014-04-05,Saturday,4,2,2014,14,16724.49,664.0,5899.0,14667.231726027398,1638.3592701312818,418.89900384132216,1.1117020103544126
2014-04-06,Sunday,4,2,2014,14,0.0,0.0,0.0,14609.423863013699,-12480.23514772604,-2129.188715287659,0.1457407722064983
2014-04-07,Monday,4,2,2014,15,19839.52,656.0,6014.0,14648.266,2680.145985181343,2511.108014818658,1.1829667747145869
2014-04-08,Tuesday,4,2,2014,15,16873.57,622.0,5237.0,14660.404712328766,2984.6537791566643,-771.4884914854301,1.203586042658611
2014-04-09,Wednesday,4,2,2014,15,16080.15,581.0,5354.0,14660.781808219179,1211.8728835382096,207.49530824261115,1.0826608634785633
2014-04-10,Thursday,4,2,2014,15,11992.46,479.0,4886.0,14644.813205479453,1896.5953207625141,-4548.9485262419685,1.1295062828150577
2014-04-11,Friday,4,2,2014,15,13355.67,554.0,4916.0,14662.770246575345,2089.451018180163,-3396.5512647555074,1.1425004267981473
2014-04-12,Saturday,4,2,2014,15,16988.11,434.0,4330.0,14722.120493150685,1644.4904557648283,621.4990510844868,1.1117020103544126
2014-04-13,Sunday,4,2,2014,15,0.0,0.0,0.0,14649.001095890411,-12514.044364121502,-2134.956731768909,0.1457407722064983
2014-04-14,Monday,4,2,2014,16,16665.9,565.0,5027.0,14693.14189041096,2688.3567821122815,-715.5986725232397,1.1829667747145869
2014-04-15,Tuesday,4,2,2014,16,11155.13,445.0,4075.0,14656.056082191782,2983.7684587560902,-6484.694540947874,1.203586042658611
2014-04-16,Wednesday,4,2,2014,16,16880.55,414.0,4330.0,14602.108,1207.0228558872366,1071.4191441127625,1.0826608634785633
2014-04-17,Thursday,4,2,2014,16,22653.53,773.0,7074.0,14571.359753424658,1887.0826372269635,6195.087609348377,1.1295062828150577
2014-04-18,Friday,4,2,2014,16,14841.87,494.0,4717.0,14581.241534246576,2077.83314187701,-1817.2046761235847,1.1425004267981473
2014-04-19,Saturday,4,2,2014,16,14806.03,556.0,5156.0,14559.077123287672,1626.2781835761716,-1379.3253068638433,1.1117020103544126
2014-04-20,Sunday,4,2,2014,16,0.0,0.0,0.0,14525.642958904109,-12408.66453727754,-2116.978421626569,0.1457407722064983
2014-04-21,Monday,4,2,2014,17,18238.4,735.0,6642.0,14557.553452054794,2663.548602857666,1017.2979450875418,1.1829667747145869
2014-04-22,Tuesday,4,2,2014,17,22840.52,832.0,7319.0,14568.898082191781,2966.0243064500505,5305.597611358169,1.203586042658611
2014-04-23,Wednesday,4,2,2014,17,23777.68,667.0,6169.0,14567.078000000001,1204.1272458395827,8006.4747541604165,1.0826608634785633
2014-04-24,Thursday,4,2,2014,17,17328.58,662.0,5638.0,14530.226356164383,1881.75560384823,916.5980399873886,1.1295062828150577
2014-04-25,Friday,4,2,2014,17,15551.79,601.0,5494.0,14529.065123287672,2070.3979810465703,-1047.673104334241,1.1425004267981473
2014-04-26,Saturday,4,2,2014,17,11702.26,417.0,3674.0,14511.001698630138,1620.908061993283,-4429.649760623421,1.1117020103544126
2014-04-27,Sunday,4,2,2014,17,0.0,0.0,0.0,14447.401287671231,-12341.825867628868,-2105.5754200423635,0.1457407722064983
2014-04-28,Monday,4,2,2014,18,17150.79,589.0,5426.0,14483.084794520548,2649.9233127713,17.78189270815301,1.1829667747145869
2014-04-29,Tuesday,4,2,2014,18,13798.39,511.0,4560.0,14477.988465753424,2947.5163773997533,-3627.114843153178,1.203586042658611
2014-04-30,Wednesday,4,2,2014,18,12653.51,525.0,4565.0,14505.412520547943,1199.029924061256,-3050.9324446091987,1.0826608634785633
2014-05-01,Thursday,5,2,2014,18,29589.11,968.0,8473.0,14479.353479452053,1875.1672466891075,13234.58927385884,1.1295062828150577
2014-05-02,Friday,5,2,2014,18,13237.9,470.0,4338.0,14488.562383561644,2064.6263233491172,-3315.288706910762,1.1425004267981473
2014-05-03,Saturday,5,2,2014,18,16378.94,589.0,5176.0,14506.383287671231,1620.3921762045302,252.16453612423902,1.1117020103544126
2014-05-04,Sunday,5,2,2014,18,0.0,0.0,0.0,14462.756273972604,-12354.943006369458,-2107.8132676031455,0.1457407722064983
2014-05-05,Monday,5,2,2014,19,18990.89,705.0,6229.0,14531.032739726028,2658.6961936597386,1801.1610666142328,1.1829667747145869
2014-05-06,Tuesday,5,2,2014,19,13790.87,530.0,4674.0,14539.056109589043,2959.9488973427324,-3708.135006931774,1.203586042658611
2014-05-07,Wednesday,5,2,2014,19,18504.37,791.0,6643.0,14538.361232876712,1201.7534930728586,2764.255274050428,1.0826608634785633
2014-05-08,Thursday,5,2,2014,19,25126.36,783.0,7269.0,14567.048684931508,1886.5243267714543,8672.786988297039,1.1295062828150577
2014-05-09,Friday,5,2,2014,19,15979.34,565.0,5102.0,14561.469643835617,2075.015639054842,-657.1452828904585,1.1425004267981473
2014-05-10,Saturday,5,2,2014,19,13218.9,493.0,4096.0,14546.723479452055,1624.8982567245307,-2952.7217361765865,1.1117020103544126
2014-05-11,Sunday,5,2,2014,19,0.0,0.0,0.0,14510.290027397261,-12395.549153864133,-2114.7408735331283,0.1457407722064983
2014-05-12,Monday,5,2,2014,20,20891.62,676.0,5751.0,14581.029095890412,2667.8438656946173,3642.74703841497,1.1829667747145869
2014-05-13,Tuesday,5,2,2014,20,28170.55,921.0,8795.0,14626.199726027397,2977.690121356377,10566.660152616227,1.203586042658611
2014-05-14,Wednesday,5,2,2014,20,22142.02,771.0,6960.0,14637.737753424655,1209.9680420708469,6294.314204504499,1.0826608634785633
2014-05-15,Thursday,5,2,2014,20,19132.7,821.0,7509.0,14635.616328767122,1895.4042674459918,2601.6794037868867,1.1295062828150577
2014-05-16,Friday,5,2,2014,20,17186.54,671.0,5769.0,14651.916,2087.9042834106035,446.7197165893981,1.1425004267981473
2014-05-17,Saturday,5,2,2014,20,13672.84,447.0,4224.0,14648.331479452056,1636.248074592622,-2611.739554044678,1.1117020103544126
2014-05-18,Sunday,5,2,2014,20,0.0,0.0,0.0,14575.51095890411,-12451.264736449146,-2124.2462224549636,0.1457407722064983
2014-05-19,Monday,5,2,2014,21,18172.59,700.0,6359.0,14648.375369863013,2680.1659962324293,844.0486339045574,1.1829667747145869
2014-05-20,Tuesday,5,2,2014,21,9232.03,329.0,2603.0,14649.470301369864,2982.4276857007385,-8399.867987070602,1.203586042658611
2014-05-21,Wednesday,5,2,2014,21,12792.03,571.0,5239.0,14648.076164383563,1210.8226240477065,-3066.868788431269,1.0826608634785633
2014-05-22,Thursday,5,2,2014,21,14349.26,574.0,4692.0,14628.541753424655,1894.4880654908936,-2173.769818915549,1.1295062828150577
2014-05-23,Friday,5,2,2014,21,27086.87,989.0,9051.0,14628.513917808219,2084.5694767103096,10373.78660548147,1.1425004267981473
2014-05-24,Saturday,5,2,2014,21,17232.22,678.0,6130.0,14658.45882191781,1637.3793191055943,936.3818589765974,1.1117020103544126
2014-05-25,Sunday,5,2,2014,21,0.0,0.0,0.0,14634.265671232879,-12501.45649163235,-2132.8091796005283,0.1457407722064983
2014-05-26,Monday,5,2,2014,22,24220.98,903.0,7775.0,14714.71580821918,2692.304092271609,6813.9600995092105,1.1829667747145869
2014-05-27,Tuesday,5,2,2014,22,17943.51,719.0,6011.0,14758.842301369865,3004.6942983583967,179.97340027173686,1.203586042658611
2014-05-28,Wednesday,5,2,2014,22,14218.05,523.0,4819.0,14758.702821917808,1219.9671190832346,-1760.6199410010436,1.0826608634785633
2014-05-29,Thursday,5,2,2014,22,14871.03,595.0,5266.0,14766.856712328765,1912.4007216762825,-1808.2274340050467,1.1295062828150577
2014-05-30,Friday,5,2,2014,22,6986.24,295.0,2736.0,14765.57405479452,2104.10060472787,-9883.43465952239,1.1425004267981473
2014-05-31,Saturday,5,2,2014,22,12391.81,442.0,4061.0,14744.992438356165,1647.0452980249963,-4000.227736381162,1.1117020103544126
2014-06-01,Sunday,6,2,2014,22,0.0,0.0,0.0,14705.729753424655,-12562.505343300469,-2143.2244101241868,0.1457407722064983
2014-06-02,Monday,6,2,2014,23,14280.54,543.0,4795.0,14780.952,2704.4231146511224,-3204.835114651121,1.1829667747145869
2014-06-03,Tuesday,6,2,2014,23,11491.5,472.0,4123.0,14764.44583561644,3005.835099720559,-6278.7809353369985,1.203586042658611
2014-06-04,Wednesday,6,2,2014,23,17949.16,652.0,5800.0,14766.582575342465,1220.6184663053148,1961.95895835222,1.0826608634785633
2014-06-05,Thursday,6,2,2014,23,25493.04,648.0,6400.0,14783.54791780822,1914.5623376536291,8794.92974453815,1.1295062828150577
2014-06-06,Friday,6,2,2014,23,25371.1,851.0,7388.0,14788.349561643838,2107.346124174442,8475.404314181718,1.1425004267981473
2014-06-07,Saturday,6,2,2014,23,23124.5,733.0,6606.0,14798.863369863016,1653.0627893739763,6672.573840763007,1.1117020103544126
2014-06-08,Sunday,6,2,2014,23,0.0,0.0,0.0,14731.357424657534,-12584.398017938012,-2146.959406719521,0.1457407722064983
2014-06-09,Monday,6,2,2014,24,18978.5,754.0,6987.0,14774.417753424656,2703.227564630042,1500.8546819453027,1.1829667747145869
2014-06-10,Tuesday,6,2,2014,24,15857.69,613.0,5536.0,14780.494246575343,3009.102332198641,-1931.9065787739833,1.203586042658611
2014-06-11,Wednesday,6,2,2014,24,26681.41,907.0,8171.0,14767.605534246577,1220.7030249716317,10693.101440781791,1.0826608634785633
2014-06-12,Thursday,6,2,2014,24,11415.79,492.0,4518.0,14751.338849315067,1910.391060920145,-5245.939910235211,1.1295062828150577
2014-06-13,Friday,6,2,2014,24,81500.45,677.0,6575.0,14783.366082191778,2106.635976225584,64610.44794158264,1.1425004267981473
2014-06-14,Saturday,6,2,2014,24,22576.02,652.0,6149.0,14744.013753424659,1646.9359769506434,6185.070269624698,1.1117020103544126
2014-06-15,Sunday,6,2,2014,24,0.0,0.0,0.0,14674.729643835617,-12536.023213621424,-2138.7064302141935,0.1457407722064983
2014-06-16,Monday,6,2,2014,25,16527.49,657.0,6001.0,14714.87789041096,2692.333747927478,-879.7216383384366,1.1829667747145869
2014-06-17,Tuesday,6,2,2014,25,16356.55,586.0,5250.0,14748.002136986303,3002.4873921897783,-1393.9395291760816,1.203586042658611
2014-06-18,Wednesday,6,2,2014,25,31163.07,1161.0,10055.0,14800.25309589041,1223.4017006075806,15139.415203502009,1.0826608634785633
2014-06-19,Thursday,6,2,2014,25,17121.61,511.0,4551.0,14789.156657534246,1915.2887046868236,417.16463777893114,1.1295062828150577
2014-06-20,Friday,6,2,2014,25,37412.2,1118.0,10060.0,14792.473561643834,2107.933795934557,20511.792642421606,1.1425004267981473
2014-06-21,Saturday,6,2,2014,25,18485.38,620.0,5865.0,14820.868547945207,1655.520812003964,2008.99064005083,1.1117020103544126
2014-06-22,Sunday,6,2,2014,25,0.0,0.0,0.0,14768.227534246575,-12615.89464928421,-2152.332884962365,0.1457407722064983
2014-06-23,Monday,6,2,2014,26,17870.09,722.0,6459.0,14824.57326027397,2712.404355952436,333.11238377359405,1.1829667747145869
2014-06-24,Tuesday,6,2,2014,26,26473.9,715.0,6910.0,14804.864958904109,3014.063869078426,8654.971172017467,1.203586042658611
2014-06-25,Wednesday,6,2,2014,26,13147.24,458.0,4127.0,14810.854,1224.2779804949328,-2887.8919804949323,1.0826608634785633
2014-06-26,Thursday,6,2,2014,26,22753.88,798.0,7439.0,14836.179780821918,1921.3784945901643,5996.321724587919,1.1295062828150577
2014-06-27,Friday,6,2,2014,26,15890.48,561.0,5049.0,14853.161698630136,2116.5818813566893,-1079.2635799868258,1.1425004267981473
2014-06-28,Saturday,6,2,2014,26,10611.73,390.0,4023.0,14848.86493150685,1658.6480643304528,-5895.782995837304,1.1117020103544126
2014-06-29,Sunday,6,2,2014,26,0.0,0.0,0.0,14767.158410958906,-12614.981340850069,-2152.177070108837,0.1457407722064983
2014-06-30,Monday,6,2,2014,27,23735.64,771.0,7203.0,14814.179589041096,2710.5026594495134,6210.95775150939,1.1829667747145869
2014-07-01,Tuesday,7,3,2014,27,23458.26,863.0,7851.0,14805.393726027398,3014.171518684544,5638.6947552880565,1.203586042658611
2014-07-02,Wednesday,7,3,2014,27,19374.54,442.0,4015.0,14815.58493150685,1224.669043378347,3334.286025114804,1.0826608634785633
2014-07-03,Thursday,7,3,2014,27,20311.54,866.0,7313.0,14825.917452054795,1920.0494585385081,3565.573089406698,1.1295062828150577
2014-07-04,Friday,7,3,2014,27,13855.6,528.0,4813.0,14846.017945205478,2115.563893444735,-3105.981838650213,1.1425004267981473
2014-07-05,Saturday,7,3,2014,27,18682.1,687.0,6123.0,14881.931616438356,1662.341679513058,2137.8267040485844,1.1117020103544126
2014-07-06,Sunday,7,3,2014,27,0.0,0.0,0.0,14862.3118630137,-12696.267055324282,-2166.044807689417,0.1457407722064983
2014-07-07,Monday,7,3,2014,28,17320.75,618.0,5606.0,14918.995369863012,2729.6804648056905,-327.9258346687029,1.1829667747145869
2014-07-08,Tuesday,7,3,2014,28,20987.04,688.0,6590.0,14913.741589041096,3036.22963134602,3037.068779612885,1.203586042658611
2014-07-09,Wednesday,7,3,2014,28,16433.22,627.0,5624.0,14936.47602739726,1234.662005751518,262.08196685122243,1.0826608634785633
2014-07-10,Thursday,7,3,2014,28,21820.48,844.0,7058.0,14933.713150684931,1934.0096787715493,4952.757170543519,1.1295062828150577
2014-07-11,Friday,7,3,2014,28,21246.29,825.0,7098.0,14915.254986301368,2125.43020135114,4205.604812347492,1.1425004267981473
2014-07-12,Saturday,7,3,2014,28,20650.37,838.0,7320.0,14909.267863013698,1665.3951932110676,4075.7069437752334,1.1117020103544126
2014-07-13,Sunday,7,3,2014,28,0.0,0.0,0.0,14886.96008219178,-12717.323024005835,-2169.6370581859446,0.1457407722064983
2014-07-14,Monday,7,3,2014,29,16243.22,632.0,5718.0,14943.424794520548,2734.150237843413,-1434.3550323639615,1.1829667747145869
2014-07-15,Tuesday,7,3,2014,29,16222.28,571.0,5387.0,14945.423260273974,3042.679577417133,-1765.822837691106,1.203586042658611
2014-07-16,Wednesday,7,3,2014,29,15215.39,593.0,5253.0,14930.14701369863,1234.1388440142216,-948.8958577128521,1.0826608634785633
2014-07-17,Thursday,7,3,2014,29,9913.37,386.0,3305.0,14932.275287671235,1933.8234664774482,-6952.728754148682,1.1295062828150577
2014-07-18,Friday,7,3,2014,29,26330.18,909.0,8636.0,14949.427452054795,2130.2997923057487,9250.452755639457,1.1425004267981473
2014-07-19,Saturday,7,3,2014,29,12677.99,520.0,4776.0,14957.808986301368,1670.8173342671616,-3950.63632056853,1.1117020103544126
2014-07-20,Sunday,7,3,2014,29,0.0,0.0,0.0,14932.163589041096,-12755.93853686049,-2176.2250521806054,0.1457407722064983
2014-07-21,Monday,7,3,2014,30,13046.94,444.0,4288.0,14968.040246575343,2738.65404771402,-4659.754294289363,1.1829667747145869
2014-07-22,Tuesday,7,3,2014,30,17456.62,694.0,6470.0,14961.475342465754,3045.947557306988,-550.8028997727429,1.203586042658611
2014-07-23,Wednesday,7,3,2014,30,12150.43,460.0,4067.0,14959.25284931507,1236.5447575185417,-4045.367606833611,1.0826608634785633
2014-07-24,Thursday,7,3,2014,30,16686.98,662.0,5656.0,14996.577506849315,1942.1510078599606,-251.74851470927592,1.1295062828150577
2014-07-25,Friday,7,3,2014,30,23756.84,798.0,7383.0,14988.388191780823,2135.851714345079,6632.600093874098,1.1425004267981473
2014-07-26,Saturday,7,3,2014,30,27244.56,947.0,9179.0,14981.377561643834,1673.4499915141046,10589.732446842063,1.1117020103544126
2014-07-27,Sunday,7,3,2014,30,0.0,0.0,0.0,14939.216630136987,-12761.96366230066,-2177.252967836326,0.1457407722064983
2014-07-28,Monday,7,3,2014,31,21703.14,877.0,7741.0,14967.917589041095,2738.6316054605845,3996.5908054983197,1.1829667747145869
2014-07-29,Tuesday,7,3,2014,31,15604.18,566.0,4869.0,14980.35797260274,3049.7917972515634,-2425.969769854303,1.203586042658611
2014-07-30,Wednesday,7,3,2014,31,24000.21,623.0,5750.0,14996.202465753424,1239.5990447185377,7764.4084895280375,1.0826608634785633
2014-07-31,Thursday,7,3,2014,31,15531.07,543.0,5192.0,15002.526356164384,1942.921421221782,-1414.3777773861666,1.1295062828150577
2014-08-01,Friday,8,3,2014,31,23337.58,807.0,6864.0,14983.137561643836,2135.1034973095993,6219.338941046566,1.1425004267981473
2014-08-02,Saturday,8,3,2014,31,10827.46,404.0,3750.0,14986.558219178081,1674.0286813756377,-5833.12690055372,1.1117020103544126
2014-08-03,Sunday,8,3,2014,31,0.0,0.0,0.0,14943.204273972602,-12765.37014384439,-2177.8341301282126,0.1457407722064983
2014-08-04,Monday,8,3,2014,32,20387.79,723.0,6717.0,14972.657917808217,2739.498928126192,2675.6331540655915,1.1829667747145869
2014-08-05,Tuesday,8,3,2014,32,15673.5,522.0,5028.0,14963.71616438356,3046.4037573735372,-2336.619921757098,1.203586042658611
2014-08-06,Wednesday,8,3,2014,32,13630.22,501.0,4150.0,14971.742630136987,1237.5771735859394,-2579.099803722927,1.0826608634785633
2014-08-07,Thursday,8,3,2014,32,11102.45,407.0,3956.0,14965.578767123288,1938.1364763060913,-5801.265243429379,1.1295062828150577
2014-08-08,Friday,8,3,2014,32,17957.36,564.0,5114.0,14934.183589041095,2128.1275353202436,895.0488756386621,1.1425004267981473
2014-08-09,Saturday,8,3,2014,32,18926.77,622.0,5323.0,14960.49295890411,1671.1171394026242,2295.159901693267,1.1117020103544126
2014-08-10,Sunday,8,3,2014,32,0.0,0.0,0.0,14924.222465753423,-12749.154759012948,-2175.067706740474,0.1457407722064983
2014-08-11,Monday,8,3,2014,33,17448.34,713.0,6493.0,14982.364027397261,2741.2748236927255,-275.2988510899868,1.1829667747145869
2014-08-12,Tuesday,8,3,2014,33,7944.22,290.0,2894.0,14988.756191780822,3051.5015574594086,-10096.03774924023,1.203586042658611
2014-08-13,Wednesday,8,3,2014,33,12701.51,556.0,4704.0,15005.25704109589,1240.3475037347778,-3544.0945448306684,1.0826608634785633
2014-08-14,Thursday,8,3,2014,33,19076.52,684.0,6432.0,15026.28810958904,1945.9987175809772,2104.2331728299823,1.1295062828150577
2014-08-15,Friday,8,3,2014,33,20540.88,583.0,5115.0,15042.420410958905,2143.551328638807,3354.9082604022897,1.1425004267981473
2014-08-16,Saturday,8,3,2014,33,19808.23,644.0,5885.0,15048.320547945206,1680.9276576630957,3078.981794391698,1.1117020103544126
2014-08-17,Sunday,8,3,2014,33,0.0,0.0,0.0,15009.192849315068,-12821.741493259638,-2187.4513560554296,0.1457407722064983
2014-08-18,Monday,8,3,2014,34,17481.58,698.0,6392.0,15037.259534246574,2751.3188775272665,-306.9984117738386,1.1829667747145869
2014-08-19,Tuesday,8,3,2014,34,17023.0,659.0,5805.0,15026.241671232876,3059.133077878213,-1062.374749111089,1.203586042658611
2014-08-20,Wednesday,8,3,2014,34,15881.16,587.0,5310.0,14997.49493150685,1239.7058810537324,-356.04081256058225,1.0826608634785633
2014-08-21,Thursday,8,3,2014,34,18265.19,713.0,6013.0,14987.127835616438,1940.9272160647663,1337.134948318794,1.1295062828150577
2014-08-22,Friday,8,3,2014,34,24111.27,921.0,8070.0,14985.495260273974,2135.4394703706553,6990.335269355372,1.1425004267981473
2014-08-23,Saturday,8,3,2014,34,23074.16,957.0,8525.0,14982.503561643834,1673.5757679777637,6418.080670378402,1.1117020103544126
2014-08-24,Sunday,8,3,2014,34,0.0,0.0,0.0,14959.621780821919,-12779.394950567781,-2180.226830254138,0.1457407722064983
2014-08-25,Monday,8,3,2014,35,14538.81,609.0,5241.0,14990.488054794521,2742.761250783295,-3194.439305577817,1.1829667747145869
2014-08-26,Tuesday,8,3,2014,35,37478.02,1157.0,10552.0,14993.10624657534,3052.387167900373,19432.526585524283,1.203586042658611
2014-08-27,Wednesday,8,3,2014,35,16984.96,656.0,5338.0,14983.248575342466,1238.5282649517612,763.1831597057717,1.0826608634785633
2014-08-28,Thursday,8,3,2014,35,21346.97,756.0,6849.0,14987.271753424659,1940.9458543251399,4418.752392250202,1.1295062828150577
2014-08-29,Friday,8,3,2014,35,26364.38,830.0,7449.0,14991.69589041096,2136.3230628115934,9236.361046777449,1.1425004267981473
2014-08-30,Saturday,8,3,2014,35,18249.74,587.0,5404.0,15022.246602739726,1678.0151455657729,1549.478251694503,1.1117020103544126
2014-08-31,Sunday,8,3,2014,35,0.0,0.0,0.0,14991.75295890411,-12806.843305944369,-2184.909652959741,0.1457407722064983
2014-09-01,Monday,9,3,2014,36,22153.23,745.0,6699.0,15033.040547945206,2750.5469432111404,4369.642508843654,1.1829667747145869
2014-09-02,Tuesday,9,3,2014,36,14660.54,499.0,4816.0,15036.685315068493,3061.2592579976426,-3437.4045730661346,1.203586042658611
2014-09-03,Wednesday,9,3,2014,36,15857.82,525.0,4759.0,15046.224136986302,1243.7338792552882,-432.1380162415908,1.0826608634785633
2014-09-04,Thursday,9,3,2014,36,15960.72,611.0,5607.0,15047.941616438355,1948.8029827629423,-1036.0245992012976,1.1295062828150577
2014-09-05,Friday,9,3,2014,36,11843.24,435.0,3626.0,15051.808246575341,2144.88909922086,-5353.4573457962015,1.1425004267981473
2014-09-06,Saturday,9,3,2014,36,21865.99,738.0,6322.0,15041.989315068493,1680.2204462227448,5143.780238708764,1.1117020103544126
2014-09-07,Sunday,9,3,2014,36,0.0,0.0,0.0,14977.606958904109,-12794.758954908002,-2182.848003996107,0.1457407722064983
2014-09-08,Monday,9,3,2014,37,10849.1,471.0,4089.0,14995.74994520548,2743.72400190069,-6890.373947106169,1.1829667747145869
2014-09-09,Tuesday,9,3,2014,37,16269.4,620.0,5167.0,15001.721780821917,3054.141170423023,-1786.462951244941,1.203586042658611
2014-09-10,Wednesday,9,3,2014,37,7788.28,316.0,3193.0,14983.821835616438,1238.5756511410057,-8434.117486757445,1.0826608634785633
2014-09-11,Thursday,9,3,2014,37,12893.47,541.0,4613.0,14997.103479452056,1942.2191246166042,-4045.852604068661,1.1295062828150577
2014-09-12,Friday,9,3,2014,37,13468.5,582.0,5087.0,14970.972821917809,2133.370016706752,-3635.8428386245605,1.1425004267981473
2014-09-13,Saturday,9,3,2014,37,10990.6,449.0,3744.0,14950.538684931507,1670.0052269882658,-5629.943911919772,1.1117020103544126
2014-09-14,Sunday,9,3,2014,37,0.0,0.0,0.0,14932.29695890411,-12756.05246929668,-2176.2444896074303,0.1457407722064983
2014-09-15,Monday,9,3,2014,38,24268.66,867.0,7876.0,14955.84898630137,2736.4234521419853,6576.387561556645,1.1829667747145869
2014-09-16,Tuesday,9,3,2014,38,18169.97,621.0,5522.0,14971.949369863016,3048.079923095495,149.94070704149044,1.203586042658611
2014-09-17,Wednesday,9,3,2014,38,14765.18,493.0,4134.0,14965.388356164383,1237.0519238125846,-1437.2602799769677,1.0826608634785633
2014-09-18,Thursday,9,3,2014,38,16781.94,575.0,5566.0,14939.232821917807,1934.7245108752802,-92.0173327930886,1.1295062828150577
2014-09-19,Friday,9,3,2014,38,16227.77,528.0,5055.0,14912.139479452055,2124.9862402954204,-809.3557197474747,1.1425004267981473
2014-09-20,Saturday,9,3,2014,38,13318.08,445.0,3963.0,14910.180684931505,1665.4971572543823,-3257.5978421858877,1.1117020103544126
2014-09-21,Sunday,9,3,2014,38,0.0,0.0,0.0,14892.403424657534,-12721.973049537246,-2170.430375120288,0.1457407722064983
2014-09-22,Monday,9,3,2014,39,13297.51,555.0,4827.0,14935.631671232879,2732.724355210515,-4370.846026443394,1.1829667747145869
2014-09-23,Tuesday,9,3,2014,39,13957.9,523.0,4694.0,14938.041424657535,3041.176738716426,-4021.318163373961,1.203586042658611
2014-09-24,Wednesday,9,3,2014,39,11237.64,332.0,3282.0,14943.873616438357,1235.2734968493146,-4941.507113287673,1.0826608634785633
2014-09-25,Thursday,9,3,2014,39,11145.95,370.0,3279.0,14938.65898630137,1934.6501955576487,-5727.3591818590185,1.1295062828150577
2014-09-26,Friday,9,3,2014,39,16987.74,646.0,5600.0,14917.544109589042,2125.7564023966274,-55.560511985667745,1.1425004267981473
2014-09-27,Saturday,9,3,2014,39,12407.96,474.0,4288.0,14928.56419178082,1667.5506319268147,-4188.154823707637,1.1117020103544126
2014-09-28,Sunday,9,3,2014,39,0.0,0.0,0.0,14895.715369863015,-12724.802309290975,-2170.91306057204,0.1457407722064983
2014-09-29,Monday,9,3,2014,40,14069.72,516.0,4284.0,14919.786767123287,2729.825264209921,-3579.8920313332087,1.1829667747145869
2014-09-30,Tuesday,9,3,2014,40,17829.96,564.0,5236.0,14843.057369863014,3021.8393108851405,-34.936680748155595,1.203586042658611
2014-10-01,Wednesday,10,4,2014,40,15402.37,598.0,5248.0,14848.562684931507,1227.3950129520122,-673.5876978835181,1.0826608634785633
2014-10-02,Thursday,10,4,2014,40,19086.0,676.0,6332.0,14867.602219178081,1925.4478977786564,2292.949883043262,1.1295062828150577
2014-10-03,Friday,10,4,2014,40,11488.82,423.0,4345.0,14867.06983561644,2118.563796813205,-5496.813632429645,1.1425004267981473
2014-10-04,Saturday,10,4,2014,40,15211.73,590.0,5400.0,14882.177178082191,1662.3691092423403,-1332.8162873245317,1.1117020103544126
2014-10-05,Sunday,10,4,2014,40,0.0,0.0,0.0,14836.356657534247,-12674.094581534184,-2162.2620760000627,0.1457407722064983
2014-10-06,Monday,10,4,2014,41,14177.38,546.0,4735.0,14855.240273972604,2718.0154005390036,-3395.8756745116084,1.1829667747145869
2014-10-07,Tuesday,10,4,2014,41,16054.24,626.0,5727.0,14834.518767123289,3020.100970543526,-1800.379737666815,1.203586042658611
2014-10-08,Wednesday,10,4,2014,41,16502.28,599.0,5324.0,14843.521095890412,1226.9782708485711,431.78063326101596,1.0826608634785633
2014-10-09,Thursday,10,4,2014,41,15064.25,573.0,5499.0,14840.112849315066,1921.887851670769,-1697.7507009858352,1.1295062828150577
2014-10-10,Friday,10,4,2014,41,16634.33,682.0,5961.0,14831.395671232876,2113.48021316288,-310.54588439575446,1.1425004267981473
2014-10-11,Saturday,10,4,2014,41,30465.2,650.0,6026.0,14829.824493150683,1656.5212090880395,13978.854297761278,1.1117020103544126
2014-10-12,Sunday,10,4,2014,41,0.0,0.0,0.0,14783.281726027397,-12628.75483152995,-2154.526894497447,0.1457407722064983
2014-10-13,Monday,10,4,2014,42,16111.39,562.0,5303.0,14798.925671232877,2707.7116993063823,-1395.24737053926,1.1829667747145869
2014-10-14,Tuesday,10,4,2014,42,7382.65,321.0,2710.0,14803.413506849314,3013.7683736984814,-10434.531880547796,1.203586042658611
2014-10-15,Wednesday,10,4,2014,42,7383.93,302.0,2732.0,14821.464657534249,1225.1550666087892,-8662.689724143038,1.0826608634785633
2014-10-16,Thursday,10,4,2014,42,17119.25,569.0,5197.0,14842.998301369866,1922.2615358406272,353.99016278950717,1.1295062828150577
2014-10-17,Friday,10,4,2014,42,15243.51,553.0,5153.0,14829.250410958904,2113.174512658246,-1698.9149236171502,1.1425004267981473
2014-10-18,Saturday,10,4,2014,42,10287.74,450.0,3802.0,14841.432301369863,1657.8178246019304,-6211.510125971794,1.1117020103544126
2014-10-19,Sunday,10,4,2014,42,0.0,0.0,0.0,14800.867835616438,-12643.777927927376,-2157.089907689062,0.1457407722064983
2014-10-20,Monday,10,4,2014,43,11647.33,340.0,3182.0,14828.237232876712,2713.074741202203,-5893.981974078915,1.1829667747145869
2014-10-21,Tuesday,10,4,2014,43,14255.31,402.0,3678.0,14804.851150684932,3014.0610579177273,-3563.6022086026596,1.203586042658611
2014-10-22,Wednesday,10,4,2014,43,12647.31,495.0,4365.0,14793.86509589041,1222.8736630116796,-3369.428758902091,1.0826608634785633
2014-10-23,Thursday,10,4,2014,43,8325.7,243.0,2388.0,14786.99794520548,1915.0091378774582,-8376.307083082937,1.1295062828150577
2014-10-24,Friday,10,4,2014,43,18604.29,650.0,6015.0,14774.250547945207,2105.3370087049543,1724.70244334984,1.1425004267981473
2014-10-25,Saturday,10,4,2014,43,14705.49,575.0,5086.0,14780.28698630137,1650.9877699850258,-1725.7847562863953,1.1117020103544126
2014-10-26,Sunday,10,4,2014,43,0.0,0.0,0.0,14748.226,-12598.808154084045,-2149.4178459159557,0.1457407722064983
2014-10-27,Monday,10,4,2014,44,13024.48,515.0,4443.0,14778.181205479454,2703.9161513143013,-4457.617356793755,1.1829667747145869
2014-10-28,Tuesday,10,4,2014,44,19189.44,729.0,6472.0,14774.155726027397,3007.8118978839743,1407.4723760886277,1.203586042658611
2014-10-29,Wednesday,10,4,2014,44,26629.0,957.0,8612.0,14809.421150684931,1224.1595399333146,10595.419309381754,1.0826608634785633
2014-10-30,Thursday,10,4,2014,44,13234.88,510.0,5315.0,14830.127232876712,1920.5946516042206,-3515.841884480933,1.1295062828150577
2014-10-31,Friday,10,4,2014,44,17482.72,717.0,6492.0,14788.134356164384,2107.3154573017705,587.2701865338463,1.1425004267981473
2014-11-01,Saturday,11,4,2014,44,22076.52,828.0,7362.0,14817.928904109589,1655.1924478777994,5603.398648012612,1.1117020103544126
2014-11-02,Sunday,11,4,2014,44,0.0,0.0,0.0,14773.05509589041,-12620.018638366197,-2153.036457524213,0.1457407722064983
2014-11-03,Monday,11,4,2014,45,24920.91,859.0,7798.0,14828.472273972602,2713.117745913443,7379.319980113954,1.1829667747145869
2014-11-04,Tuesday,11,4,2014,45,25945.53,876.0,7907.0,14821.53104109589,3017.4568507984736,8106.542108105636,1.203586042658611
2014-11-05,Wednesday,11,4,2014,45,17160.53,690.0,6113.0,14833.91597260274,1226.1843030637942,1100.4297243334654,1.0826608634785633
2014-11-06,Thursday,11,4,2014,45,28865.13,759.0,6969.0,14810.449753424658,1918.0462943852156,12136.633952190126,1.1295062828150577
2014-11-07,Friday,11,4,2014,45,15703.42,584.0,5361.0,14799.728465753426,2108.9676228665535,-1205.276088619979,1.1425004267981473
2014-11-08,Saturday,11,4,2014,45,13991.8,606.0,5320.0,14817.311013698629,1655.1234282767166,-2480.634441975346,1.1117020103544126
2014-11-09,Sunday,11,4,2014,45,0.0,0.0,0.0,14781.094849315068,-12626.886671918395,-2154.208177396673,0.1457407722064983
2014-11-10,Monday,11,4,2014,46,25819.76,978.0,8872.0,14829.505315068494,2713.3067581109062,8276.947926820598,1.1829667747145869
2014-11-11,Tuesday,11,4,2014,46,30853.0,865.0,7678.0,14823.693643835615,3017.897126532097,13011.409229632289,1.203586042658611
2014-11-12,Wednesday,11,4,2014,46,16151.97,604.0,5515.0,14798.800657534248,1223.2816407989108,129.8877016668407,1.0826608634785633
2014-11-13,Thursday,11,4,2014,46,17285.3,695.0,6232.0,14793.415342465752,1915.8402311419836,576.0444263922632,1.1295062828150577
2014-11-14,Friday,11,4,2014,46,17743.05,579.0,5138.0,14810.460849315072,2110.4969921046495,822.092158580278,1.1425004267981473
2014-11-15,Saturday,11,4,2014,46,14040.09,595.0,4976.0,14810.067561643837,1654.3143201202904,-2424.2918817641266,1.1117020103544126
2014-11-16,Sunday,11,4,2014,46,0.0,0.0,0.0,14772.607726027396,-12619.63646853248,-2152.9712574949153,0.1457407722064983
2014-11-17,Monday,11,4,2014,47,26595.51,1090.0,9381.0,14821.550794520548,2711.8513451418476,9062.107860337603,1.1829667747145869
2014-11-18,Tuesday,11,4,2014,47,25711.52,979.0,8300.0,14796.112520547944,3012.2819947898806,7903.125484662176,1.203586042658611
2014-11-19,Wednesday,11,4,2014,47,12483.79,569.0,4909.0,14835.89608219178,1226.3479806322066,-3578.4540628239865,1.0826608634785633
2014-11-20,Thursday,11,4,2014,47,15625.66,579.0,5399.0,14834.67989041096,1921.1842493584113,-1130.2041397693715,1.1295062828150577
2014-11-21,Friday,11,4,2014,47,16709.6,624.0,5725.0,14841.021780821919,2114.851937887724,-246.27371870964407,1.1425004267981473
2014-11-22,Saturday,11,4,2014,47,19979.95,473.0,4364.0,14819.570164383562,1655.3757799499172,3505.0040556665217,1.1117020103544126
2014-11-23,Sunday,11,4,2014,47,0.0,0.0,0.0,14772.358602739725,-12619.42365266513,-2152.9349500745957,0.1457407722064983
2014-11-24,Monday,11,4,2014,48,29364.3,884.0,8250.0,14839.380958904108,2715.1136728117385,11809.805368284153,1.1829667747145869
2014-11-25,Tuesday,11,4,2014,48,35486.29,1036.0,9468.0,14816.169753424658,3016.365367457933,17653.754879117412,1.203586042658611
2014-11-26,Wednesday,11,4,2014,48,19565.37,706.0,6551.0,14800.420356164384,1223.415526486253,3541.5341173493616,1.0826608634785633
2014-11-27,Thursday,11,4,2014,48,20003.49,738.0,6506.0,14805.767835616438,1917.4399566134273,3280.2822077701367,1.1295062828150577
2014-11-28,Friday,11,4,2014,48,16488.14,483.0,4530.0,14804.565342465756,2109.6568798624307,-426.0822223281871,1.1425004267981473
2014-11-29,Saturday,11,4,2014,48,15700.35,592.0,5185.0,14806.748219178082,1653.943542893811,-760.3417620718924,1.1117020103544126
2014-11-30,Sunday,11,4,2014,48,0.0,0.0,0.0,14772.79805479452,-12619.799058638111,-2152.9989961564097,0.1457407722064983
2014-12-01,Monday,12,4,2014,49,27456.12,794.0,6918.0,14830.601342465754,2713.5072947087815,9912.011362825464,1.1829667747145869
2014-12-02,Tuesday,12,4,2014,49,22726.66,873.0,7925.0,14862.494602739727,3025.7964602067445,4838.3689370535285,1.203586042658611
2014-12-03,Wednesday,12,4,2014,49,19525.42,793.0,6754.0,14869.761698630138,1229.147341729235,3426.510959640625,1.0826608634785633
2014-12-04,Thursday,12,4,2014,49,23906.29,934.0,8347.0,14870.838602739726,1925.8670297834888,7109.584367476786,1.1295062828150577
2014-12-05,Friday,12,4,2014,49,16333.86,612.0,5521.0,14837.209643835618,2114.3087067401634,-617.6583505757812,1.1425004267981473
2014-12-06,Saturday,12,4,2014,49,17443.58,589.0,5460.0,14825.61115068493,1656.0505702643034,961.9182790507682,1.1117020103544126
2014-12-07,Sunday,12,4,2014,49,0.0,0.0,0.0,14762.256356164382,-12610.793715306698,-2151.462640857684,0.1457407722064983
2014-12-08,Monday,12,4,2014,50,15717.02,548.0,4756.0,14850.38008219178,2717.126146924372,-1850.4862291161508,1.1829667747145869
2014-12-09,Tuesday,12,4,2014,50,26590.25,845.0,7892.0,14855.641452054795,3024.401254379056,8710.207293566149,1.203586042658611
2014-12-10,Wednesday,12,4,2014,50,16381.44,603.0,5428.0,14849.050575342466,1227.435342394665,304.95408226286963,1.0826608634785633
2014-12-11,Thursday,12,4,2014,50,11973.49,428.0,3972.0,14843.671369863014,1922.3487024392546,-4792.530072302268,1.1295062828150577
2014-12-12,Friday,12,4,2014,50,28189.96,1147.0,10395.0,14869.040410958904,2118.844604640544,11202.074984400551,1.1425004267981473
2014-12-13,Saturday,12,4,2014,50,11768.23,467.0,4096.0,14710.022575342466,1643.1390940245476,-4584.9316693670135,1.1117020103544126
2014-12-14,Sunday,12,4,2014,50,0.0,0.0,0.0,14648.170465753426,-12513.3347906621,-2134.8356750913263,0.1457407722064983
2014-12-15,Monday,12,4,2014,51,14654.11,518.0,4806.0,14684.037287671234,2686.690942313936,-2716.618229985169,1.1829667747145869
2014-12-16,Tuesday,12,4,2014,51,22019.44,815.0,7307.0,14689.285178082191,2990.533438889542,4339.621383028265,1.203586042658611
2014-12-17,Wednesday,12,4,2014,51,32493.73,1017.0,9719.0,14711.479780821917,1216.0636217301644,16566.186597447915,1.0826608634785633
2014-12-18,Thursday,12,4,2014,51,20859.26,785.0,6826.0,14675.252328767123,1900.5373784716494,4283.470292761226,1.1295062828150577
2014-12-19,Friday,12,4,2014,51,22253.85,862.0,7580.0,14671.710712328764,2090.7250383657993,5491.414249305435,1.1425004267981473
2014-12-20,Saturday,12,4,2014,51,26073.27,982.0,8349.0,14631.979506849317,1634.4215263796357,9806.868966771048,1.1117020103544126
2014-12-21,Sunday,12,4,2014,51,0.0,0.0,0.0,14581.334630136987,-12456.239661339469,-2125.094968797519,0.1457407722064983
2014-12-22,Monday,12,4,2014,52,20566.19,716.0,6636.0,14648.346684931506,2680.1607478430287,3237.6825672254636,1.1829667747145869
2014-12-23,Tuesday,12,4,2014,52,20377.65,760.0,6788.0,14668.679726027396,2986.3384564485145,2722.631817524091,1.203586042658611
2014-12-24,Wednesday,12,4,2014,52,18754.81,666.0,6028.0,14641.486410958903,1210.2779093395134,2903.0456797015845,1.0826608634785633
2014-12-25,Thursday,12,4,2014,52,26716.07,931.0,8414.0,14652.230575342466,1897.5559167617373,10166.283507895796,1.1295062828150577
2014-12-26,Friday,12,4,2014,52,24689.85,1001.0,9004.0,14651.461342465753,2087.8394945179266,7950.54916301632,1.1425004267981473
2014-12-27,Saturday,12,4,2014,52,14561.42,604.0,5092.0,14677.10419178082,1639.462044403094,-1755.1462361839137,1.1117020103544126
2014-12-28,Sunday,12,4,2014,52,0.0,0.0,0.0,14648.03095890411,-12513.21561564873,-2134.815343255379,0.1457407722064983
2014-12-29,Monday,12,4,2014,1,17162.73,729.0,6413.0,14688.560027397261,2687.518453414481,-213.34848081174277,1.1829667747145869
2014-12-30,Tuesday,12,4,2014,1,18638.89,798.0,6889.0,14692.895479452054,2991.268445858237,954.7260746897082,1.203586042658611
2014-12-31,Wednesday,12,4,2014,1,17645.19,640.0,5508.0,14673.512410958901,1212.9252061532775,1758.7523828878197,1.0826608634785633
2015-01-01,Thursday,1,1,2015,1,20208.82,664.0,6458.0,14664.69098630137,1899.169618267373,3644.959395431257,1.1295062828150577
2015-01-02,Friday,1,1,2015,1,18374.61,670.0,5966.0,14643.713863013698,2086.7354753893987,1644.160661596904,1.1425004267981473
2015-01-03,Saturday,1,1,2015,1,28020.44,904.0,7949.0,14645.905945205479,1635.9771375410958,11738.556917253423,1.1117020103544126
2015-01-04,Sunday,1,1,2015,1,0.0,0.0,0.0,14594.722109589042,-12467.67603919828,-2127.046070390761,0.1457407722064983
2015-01-05,Monday,1,1,2015,2,20689.48,672.0,6260.0,14641.402246575344,2678.8901463547973,3369.187607069858,1.1829667747145869
2015-01-06,Tuesday,1,1,2015,2,20498.69,740.0,7031.0,14645.281972602743,2981.5750004216875,2871.8330269755684,1.203586042658611
2015-01-07,Wednesday,1,1,2015,2,20792.42,641.0,5981.0,14651.267424657535,1211.086416377538,4930.066158964925,1.0826608634785633
2015-01-08,Thursday,1,1,2015,2,11447.76,414.0,3898.0,14649.169753424658,1897.159521092803,-5098.56927451746,1.1295062828150577
2015-01-09,Friday,1,1,2015,2,10205.55,361.0,3629.0,14636.546328767125,2085.7140987001717,-6516.7104274672965,1.1425004267981473
2015-01-10,Saturday,1,1,2015,2,16429.2,486.0,4319.0,14622.079808219178,1633.3157101407464,173.80448164007657,1.1117020103544126
2015-01-11,Sunday,1,1,2015,2,0.0,0.0,0.0,14565.503452054794,-12442.715731375913,-2122.7877206788817,0.1457407722064983
2015-01-12,Monday,1,1,2015,3,20609.62,754.0,6549.0,14606.799808219177,2672.5590498115093,3330.2611419693126,1.1829667747145869
2015-01-13,Tuesday,1,1,2015,3,12232.73,396.0,3655.0,14622.672986301372,2976.9721263720685,-5366.9151126734405,1.203586042658611
2015-01-14,Wednesday,1,1,2015,3,10146.19,382.0,3301.0,14619.5138630137,1208.4616395535386,-5681.785502567239,1.0826608634785633
2015-01-15,Thursday,1,1,2015,3,16345.45,581.0,5195.0,14600.245506849316,1890.8235237793033,-145.61903062861893,1.1295062828150577
2015-01-16,Friday,1,1,2015,3,14519.99,560.0,5226.0,14611.987479452057,2082.214452191103,-2174.21193164316,1.1425004267981473
2015-01-17,Saturday,1,1,2015,3,12977.98,471.0,4163.0,14581.704109589042,1628.8056634342963,-3232.5297730233387,1.1117020103544126
2015-01-18,Sunday,1,1,2015,3,0.0,0.0,0.0,14546.969890410961,-12426.883265317787,-2120.086625093174,0.1457407722064983
2015-01-19,Monday,1,1,2015,4,13094.98,524.0,4552.0,14615.416383561645,2674.1355968110056,-4194.5719803726515,1.1829667747145869
2015-01-20,Tuesday,1,1,2015,4,17244.3,665.0,5571.0,14624.67008219178,2977.3787072212067,-357.74878941298766,1.203586042658611
2015-01-21,Wednesday,1,1,2015,4,13470.41,438.0,4375.0,14616.883506849314,1208.2442120417343,-2354.717718891048,1.0826608634785633
2015-01-22,Thursday,1,1,2015,4,23793.97,814.0,7384.0,14638.178191780822,1895.7360448019774,7260.055763417202,1.1295062828150577
2015-01-23,Friday,1,1,2015,4,15196.74,540.0,4687.0,14644.064767123287,2086.7854793747806,-1534.1102464980681,1.1425004267981473
2015-01-24,Saturday,1,1,2015,4,13792.09,523.0,4629.0,14622.875753424656,1633.4046188203304,-2464.190372244986,1.1117020103544126
2015-01-25,Sunday,1,1,2015,4,0.0,0.0,0.0,14548.233123287671,-12427.962393659569,-2120.2707296281023,0.1457407722064983
2015-01-26,Monday,1,1,2015,5,10475.85,452.0,3944.0,14570.390273972604,2665.8973147615534,-6760.437588734157,1.1829667747145869
2015-01-27,Tuesday,1,1,2015,5,19188.38,633.0,5775.0,14567.334082191779,2965.705897879332,1655.34001992889,1.203586042658611
2015-01-28,Wednesday,1,1,2015,5,17282.99,651.0,5891.0,14589.70106849315,1205.997288215761,1487.2916432910904,1.0826608634785633
2015-01-29,Thursday,1,1,2015,5,20435.28,745.0,6680.0,14577.64306849315,1887.8963660052395,3969.74056550161,1.1295062828150577
2015-01-30,Friday,1,1,2015,5,12519.05,456.0,4217.0,14565.675095890412,2075.6149177675293,-4122.240013657942,1.1425004267981473
2015-01-31,Saturday,1,1,2015,5,14481.88,453.0,4359.0,14541.532849315066,1624.318452903223,-1683.9713022182902,1.1117020103544126
2015-02-01,Sunday,2,1,2015,5,0.0,0.0,0.0,14511.868575342463,-12396.897643012837,-2114.9709323296265,0.1457407722064983
2015-02-02,Monday,2,1,2015,6,10750.58,484.0,4328.0,14547.095342465753,2661.6351162765477,-6458.1504587423005,1.1829667747145869
2015-02-03,Tuesday,2,1,2015,6,11015.87,393.0,3686.0,14544.800328767124,2961.1183401933617,-6490.048668960484,1.203586042658611
2015-02-04,Wednesday,2,1,2015,6,15850.07,546.0,4997.0,14549.06997260274,1202.6386867453793,98.36134065188071,1.0826608634785633
2015-02-05,Thursday,2,1,2015,6,8358.29,373.0,3608.0,14574.914520547945,1887.5430019033736,-8104.167522451318,1.1295062828150577
2015-02-06,Friday,2,1,2015,6,8408.6,345.0,2987.0,14581.71126027397,2077.9000780363917,-8251.011338310362,1.1425004267981473
2015-02-07,Saturday,2,1,2015,6,16885.51,505.0,4751.0,14588.322383561645,1629.5449379421123,667.6426784962416,1.1117020103544126
2015-02-08,Sunday,2,1,2015,6,0.0,0.0,0.0,14536.468219178081,-12417.912115759847,-2118.5561034182338,0.1457407722064983
2015-02-09,Monday,2,1,2015,7,21221.67,739.0,7150.0,14595.940575342465,2670.5721709961826,3955.1572536613503,1.1829667747145869
2015-02-10,Tuesday,2,1,2015,7,25741.93,1006.0,8692.0,14616.82298630137,2975.781148022515,8149.325865676115,1.203586042658611
2015-02-11,Wednesday,2,1,2015,7,18985.92,650.0,5848.0,14660.05410958904,1211.81273134109,3114.053159069868,1.0826608634785633
2015-02-12,Thursday,2,1,2015,7,18649.29,651.0,5572.0,14657.198328767123,1898.1992720417063,2093.8923991911715,1.1295062828150577
2015-02-13,Friday,2,1,2015,7,20003.42,750.0,6857.0,14642.588630136985,2086.57512922422,3274.2562406387938,1.1425004267981473
2015-02-14,Saturday,2,1,2015,7,14929.01,500.0,4726.0,14638.962712328766,1635.2015644704084,-1345.1542767991746,1.1117020103544126
2015-02-15,Sunday,2,1,2015,7,0.0,0.0,0.0,14584.693589041093,-12459.10908297908,-2125.584506062014,0.1457407722064983
2015-02-16,Monday,2,1,2015,8,10244.34,327.0,2790.0,14625.487589041095,2675.9782927950687,-7057.125881836164,1.1829667747145869
2015-02-17,Tuesday,2,1,2015,8,15002.51,645.0,5993.0,14646.591232876712,2981.8415475396746,-2625.922780416386,1.203586042658611
2015-02-18,Wednesday,2,1,2015,8,10791.47,428.0,3983.0,14628.478109589041,1209.202631915891,-5046.210741504933,1.0826608634785633
2015-02-19,Thursday,2,1,2015,8,13204.92,581.0,5164.0,14633.028438356167,1895.069119378536,-3323.1775577347025,1.1295062828150577
2015-02-20,Friday,2,1,2015,8,17474.65,607.0,5581.0,14631.802328767122,2085.038076675441,757.8095945574382,1.1425004267981473
2015-02-21,Saturday,2,1,2015,8,10276.61,455.0,3785.0,14589.031808219179,1629.624182102554,-5942.0459903217325,1.1117020103544126
2015-02-22,Sunday,2,1,2015,8,0.0,0.0,0.0,14525.81493150685,-12408.811446460359,-2117.003485046491,0.1457407722064983
2015-02-23,Monday,2,1,2015,9,11266.19,415.0,3790.0,14577.975698630136,2667.2851954459825,-5979.070894076118,1.1829667747145869
2015-02-24,Tuesday,2,1,2015,9,14695.9,558.0,4934.0,14584.490438356164,2969.198692537281,-2857.789130893446,1.203586042658611
2015-02-25,Wednesday,2,1,2015,9,8475.14,333.0,3090.0,14522.339095890413,1200.4290893947993,-7247.628185285213,1.0826608634785633
2015-02-26,Thursday,2,1,2015,9,10262.83,386.0,3848.0,14509.42791780822,1879.0620754083652,-6125.659993216585,1.1295062828150577
2015-02-27,Friday,2,1,2015,9,18229.94,613.0,5623.0,14529.80290410959,2070.5031151285775,1629.6339807618306,1.1425004267981473
2015-02-28,Saturday,2,1,2015,9,16526.24,658.0,6256.0,14513.410630136987,1621.177144485404,391.6522253776111,1.1117020103544126
2015-03-01,Sunday,3,1,2015,9,0.0,0.0,0.0,14463.411342465755,-12355.50260467457,-2107.9087377911856,0.1457407722064983
2015-03-02,Monday,3,1,2015,10,15069.97,569.0,5508.0,14512.824027397262,2655.3646042932387,-2098.2186316905018,1.1829667747145869
2015-03-03,Tuesday,3,1,2015,10,12616.21,432.0,3706.0,14485.543452054795,2949.0544671631897,-4818.387919217986,1.203586042658611
2015-03-04,Wednesday,3,1,2015,10,17286.23,505.0,4833.0,14501.013205479452,1198.6662728789802,1586.5505216415672,1.0826608634785633
2015-03-05,Thursday,3,1,2015,10,10822.93,397.0,3413.0,14503.77808219178,1878.3303861991642,-5559.1784683909445,1.1295062828150577
2015-03-06,Friday,3,1,2015,10,11815.64,357.0,3228.0,14528.593671232875,2070.3307989275468,-4783.284470160423,1.1425004267981473
2015-03-07,Saturday,3,1,2015,10,10523.07,359.0,3442.0,14540.375369863013,1624.1891601214847,-5641.4945299844985,1.1117020103544126
2015-03-08,Sunday,3,1,2015,10,0.0,0.0,0.0,14480.468547945207,-12370.073879855761,-2110.394668089446,0.1457407722064983
2015-03-09,Monday,3,1,2015,11,6622.19,265.0,2153.0,14525.5218630137,2657.687886321834,-10561.019749335535,1.1829667747145869
2015-03-10,Tuesday,3,1,2015,11,18033.04,518.0,4688.0,14533.857178082191,2958.8904674511996,540.29235446661,1.203586042658611
2015-03-11,Wednesday,3,1,2015,11,14265.68,511.0,4510.0,14530.70873972603,1201.1209313812594,-1466.1496711072884,1.0826608634785633
2015-03-12,Thursday,3,1,2015,11,14070.66,491.0,4436.0,14557.534356164384,1885.2921614193438,-2372.166517583728,1.1295062828150577
2015-03-13,Friday,3,1,2015,11,6300.12,210.0,2033.0,14555.466520547945,2074.160191424227,-10329.506711972172,1.1425004267981473
2015-03-14,Saturday,3,1,2015,11,7518.9,313.0,3109.0,14591.540438356167,1629.9044011320912,-8702.544839488259,1.1117020103544126
2015-03-15,Sunday,3,1,2015,11,0.0,0.0,0.0,14561.429205479453,-12439.23526864262,-2122.193936836833,0.1457407722064983
2015-03-16,Monday,3,1,2015,12,8596.49,301.0,2692.0,14598.95,2671.1227957195183,-8673.58279571952,1.1829667747145869
2015-03-17,Tuesday,3,1,2015,12,19469.16,585.0,5250.0,14586.130246575343,2969.532534603343,1913.4972188213137,1.203586042658611
2015-03-18,Wednesday,3,1,2015,12,4314.83,217.0,1777.0,14558.030082191779,1203.379337140872,-11446.579419332651,1.0826608634785633
2015-03-19,Thursday,3,1,2015,12,10195.18,388.0,3258.0,14541.091616438358,1883.1627233181307,-6229.074339756488,1.1295062828150577
2015-03-20,Friday,3,1,2015,12,6456.25,295.0,2541.0,14535.715643835616,2071.345683063082,-10150.811326898698,1.1425004267981473
2015-03-21,Saturday,3,1,2015,12,14843.59,516.0,4904.0,14515.816219178081,1621.4458536173809,-1293.6720727954619,1.1117020103544126
2015-03-22,Sunday,3,1,2015,12,0.0,0.0,0.0,14479.328328767122,-12369.099837101176,-2110.2284916659464,0.1457407722064983
2015-03-23,Monday,3,1,2015,13,15778.31,580.0,4896.0,14532.37690410959,2658.9421310816847,-1413.0090351912745,1.1829667747145869
2015-03-24,Tuesday,3,1,2015,13,12572.93,507.0,4546.0,14538.94991780822,2959.927278178312,-4925.947195986532,1.203586042658611
2015-03-25,Wednesday,3,1,2015,13,14874.02,472.0,4290.0,14555.461260273974,1203.1669961030236,-884.6082563769976,1.0826608634785633
2015-03-26,Thursday,3,1,2015,13,14636.44,500.0,4652.0,14557.83695890411,1885.3313503753354,-1806.7283092794453,1.1295062828150577
2015-03-27,Friday,3,1,2015,13,5997.49,237.0,2191.0,14556.555671232878,2074.315395861677,-10633.381067094555,1.1425004267981473
2015-03-28,Saturday,3,1,2015,13,12708.59,472.0,3958.0,14548.259506849314,1625.069834072764,-3464.7393409220776,1.1117020103544126
2015-03-29,Sunday,3,1,2015,13,0.0,0.0,0.0,14514.26509589041,-12398.944892805517,-2115.3202030848934,0.1457407722064983
2015-03-30,Monday,3,1,2015,14,8786.06,365.0,3239.0,14540.078246575342,2660.351220873616,-8414.369467448958,1.1829667747145869
2015-03-31,Tuesday,3,1,2015,14,10876.89,382.0,3342.0,14547.731726027398,2961.715131761041,-6632.556857788439,1.203586042658611
2015-04-01,Wednesday,4,2,2015,14,19028.13,650.0,5797.0,14529.32704109589,1201.0067189794252,3297.7962399246853,1.0826608634785633
2015-04-02,Thursday,4,2,2015,14,22861.34,919.0,7828.0,14527.420410958905,1881.392216314886,6452.52737272621,1.1295062828150577
2015-04-03,Friday,4,2,2015,14,13469.49,495.0,4470.0,14534.03876712329,2071.1067274158877,-3135.655494539177,1.1425004267981473
2015-04-04,Saturday,4,2,2015,14,19918.35,727.0,6558.0,14546.21706849315,1624.8416896023555,3747.2912419044933,1.1117020103544126
2015-04-05,Sunday,4,2,2015,14,0.0,0.0,0.0,14504.54109589041,-12390.638076074452,-2113.903019815958,0.1457407722064983
2015-04-06,Monday,4,2,2015,15,6892.52,310.0,2404.0,14556.118410958907,2663.2860380167685,-10326.884448975674,1.1829667747145869
2015-04-07,Tuesday,4,2,2015,15,12276.17,466.0,4044.0,14559.109287671234,2964.031444511214,-5246.970732182448,1.203586042658611
2015-04-08,Wednesday,4,2,2015,15,20159.42,700.0,6111.0,14571.284520547946,1204.474960460316,4383.660518991736,1.0826608634785633
2015-04-09,Thursday,4,2,2015,15,14836.14,556.0,5043.0,14575.203671232875,1887.5804487337523,-1626.6441199666283,1.1295062828150577
2015-04-10,Friday,4,2,2015,15,8810.69,325.0,2595.0,14582.790246575343,2078.0538340448466,-7850.154080620189,1.1425004267981473
2015-04-11,Saturday,4,2,2015,15,12782.19,553.0,4760.0,14591.934328767124,1629.9483994828543,-3439.6927282499773,1.1117020103544126
2015-04-12,Sunday,4,2,2015,15,0.0,0.0,0.0,14508.46802739726,-12393.992693551094,-2114.475333846167,0.1457407722064983
2015-04-13,Monday,4,2,2015,16,5710.04,210.0,2030.0,14552.331698630136,2662.593195475202,-11504.884894105337,1.1829667747145869
2015-04-14,Tuesday,4,2,2015,16,18303.96,638.0,5586.0,14550.682465753423,2962.3158611847784,790.9616730617972,1.203586042658611
2015-04-15,Wednesday,4,2,2015,16,17743.8,654.0,5799.0,14564.377863013699,1203.9040501847844,1975.5180868015163,1.0826608634785633
2015-04-16,Thursday,4,2,2015,16,24740.33,939.0,7989.0,14579.587698630135,1888.1482078257309,8272.594093544136,1.1295062828150577
2015-04-17,Friday,4,2,2015,16,17635.55,619.0,5662.0,14568.57608219178,2076.0283095536097,990.9456082546103,1.1425004267981473
2015-04-18,Saturday,4,2,2015,16,19288.26,515.0,4901.0,14553.589315068495,1625.66518436565,3109.0055005658533,1.1117020103544126
2015-04-19,Sunday,4,2,2015,16,0.0,0.0,0.0,14525.403726027398,-12408.460170385019,-2116.9435556423796,0.1457407722064983
2015-04-20,Monday,4,2,2015,17,9989.83,439.0,3594.0,14616.147479452055,2674.269363068081,-7300.586842520135,1.1829667747145869
2015-04-21,Tuesday,4,2,2015,17,9702.48,350.0,3494.0,14614.566136986301,2975.3216850015833,-7887.407821987885,1.203586042658611
2015-04-22,Wednesday,4,2,2015,17,18830.61,610.0,5538.0,14620.26191780822,1208.523474408783,3001.824607782997,1.0826608634785633
2015-04-23,Thursday,4,2,2015,17,21271.17,817.0,7488.0,14612.924191780821,1892.4654931357657,4765.780315083412,1.1295062828150577
2015-04-24,Friday,4,2,2015,17,12675.78,449.0,4102.0,14624.466547945203,2083.99272477742,-4032.6792727226225,1.1425004267981473
2015-04-25,Saturday,4,2,2015,17,17755.09,515.0,4969.0,14608.768630136985,1631.82882478878,1514.4925450742353,1.1117020103544126
2015-04-26,Sunday,4,2,2015,17,0.0,0.0,0.0,14568.479616438357,-12445.258147264001,-2123.2214691743557,0.1457407722064983
2015-04-27,Monday,4,2,2015,18,10933.65,444.0,3836.0,14605.919863013698,2672.398049075337,-6344.667912089035,1.1829667747145869
2015-04-28,Tuesday,4,2,2015,18,15681.49,618.0,5511.0,14612.323534246574,2974.8651223845472,-1905.6986566311216,1.203586042658611
2015-04-29,Wednesday,4,2,2015,18,26670.27,920.0,8265.0,14596.74008219178,1206.579139166127,10866.950778642093,1.0826608634785633
2015-04-30,Thursday,4,2,2015,18,20211.23,702.0,6623.0,14563.694657534248,1886.0899591507755,3761.445383314976,1.1295062828150577
2015-05-01,Friday,5,2,2015,18,14261.71,523.0,4756.0,14569.343945205479,2076.1377303607846,-2383.7716755662645,1.1425004267981473
2015-05-02,Saturday,5,2,2015,18,24112.91,953.0,8057.0,14549.462767123288,1625.2042406643466,7938.242992212365,1.1117020103544126
2015-05-03,Sunday,5,2,2015,18,0.0,0.0,0.0,14488.979150684932,-12377.344140780257,-2111.635009904676,0.1457407722064983
2015-05-04,Monday,5,2,2015,19,20227.27,714.0,6633.0,14528.288410958905,2658.1940726764615,3040.787516364634,1.1829667747145869
2015-05-05,Tuesday,5,2,2015,19,16457.34,511.0,4859.0,14518.01008219178,2955.664219911239,-1016.3343021030191,1.203586042658611
2015-05-06,Wednesday,5,2,2015,19,18311.37,706.0,6178.0,14488.565397260274,1197.6373263031674,2625.1672764365576,1.0826608634785633
2015-05-07,Thursday,5,2,2015,19,9939.2,391.0,3338.0,14494.756739726028,1877.1620656704229,-6432.71880539645,1.1295062828150577
2015-05-08,Friday,5,2,2015,19,21213.09,759.0,7176.0,14467.769260273972,2061.6632944061575,4683.657445319871,1.1425004267981473
2015-05-09,Saturday,5,2,2015,19,22396.97,795.0,7081.0,14462.484986301368,1615.4886476903725,6318.996366008261,1.1117020103544126
2015-05-10,Sunday,5,2,2015,19,0.0,0.0,0.0,14424.151287671231,-12321.96434058267,-2102.1869470885613,0.1457407722064983
2015-05-11,Monday,5,2,2015,20,17669.82,640.0,5609.0,14482.284602739726,2649.77690426201,537.7584929982636,1.1829667747145869
2015-05-12,Tuesday,5,2,2015,20,18770.36,658.0,6284.0,14462.62695890411,2944.388989011028,1363.344052084863,1.203586042658611
2015-05-13,Wednesday,5,2,2015,20,19084.61,692.0,6308.0,14422.41183561644,1192.1690157755056,3470.029148608055,1.0826608634785633
2015-05-14,Thursday,5,2,2015,20,20176.38,655.0,5820.0,14439.324246575345,1869.9832095353067,3867.0725438893496,1.1295062828150577
2015-05-15,Friday,5,2,2015,20,25354.31,657.0,5564.0,14430.388712328768,2056.336550370017,8867.584737301217,1.1425004267981473
2015-05-16,Saturday,5,2,2015,20,17042.99,685.0,6179.0,14454.146054794519,1614.5571722768498,974.2867729286329,1.1117020103544126
2015-05-17,Sunday,5,2,2015,20,0.0,0.0,0.0,14415.68005479452,-12314.727711726951,-2100.952343067569,0.1457407722064983
2015-05-18,Monday,5,2,2015,21,17864.22,605.0,5704.0,14470.976082191779,2647.7078207305585,745.5360970776637,1.1829667747145869
2015-05-19,Tuesday,5,2,2015,21,8887.62,395.0,3240.0,14471.386465753427,2946.172302346122,-8529.938768099548,1.203586042658611
2015-05-20,Wednesday,5,2,2015,21,23753.03,792.0,7468.0,14450.968657534246,1194.5295473334352,8107.531795132318,1.0826608634785633
2015-05-21,Thursday,5,2,2015,21,12348.12,348.0,3266.0,14468.664739726028,1873.7829877392123,-3994.327727465239,1.1295062828150577
2015-05-22,Friday,5,2,2015,21,16664.05,614.0,5492.0,14475.257095890413,2062.7303141772945,126.06258993229221,1.1425004267981473
2015-05-23,Saturday,5,2,2015,21,19257.03,778.0,6733.0,14498.637753424659,1619.526984457919,3138.8652621174215,1.1117020103544126
2015-05-24,Sunday,5,2,2015,21,0.0,0.0,0.0,14443.898164383561,-12338.833292234278,-2105.0648721492835,0.1457407722064983
2015-05-25,Monday,5,2,2015,22,24463.16,823.0,7397.0,14482.46915068493,2649.8106704043244,7330.880178910746,1.1829667747145869
2015-05-26,Tuesday,5,2,2015,22,15748.89,601.0,5199.0,14458.427671232876,2943.5340726520567,-1653.0717438849329,1.203586042658611
2015-05-27,Wednesday,5,2,2015,22,12194.98,418.0,4001.0,14412.234328767125,1191.3277342712822,-3408.5820630384073,1.0826608634785633
2015-05-28,Thursday,5,2,2015,22,16169.88,598.0,5677.0,14389.518630136985,1863.5330692870623,-83.17169942404803,1.1295062828150577
2015-05-29,Friday,5,2,2015,22,14432.12,517.0,4866.0,14381.189260273974,2049.325607453974,-1998.3948677279468,1.1425004267981473
2015-05-30,Saturday,5,2,2015,22,7782.99,305.0,2454.0,14386.968246575343,1607.0532760475646,-8211.031522622909,1.1117020103544126
2015-05-31,Sunday,5,2,2015,22,0.0,0.0,0.0,14343.953589041097,-12253.454716480075,-2090.498872561022,0.1457407722064983
2015-06-01,Monday,6,2,2015,23,21098.2,840.0,7774.0,14378.362684931506,2630.7626461384857,4089.074668930009,1.1829667747145869
2015-06-02,Tuesday,6,2,2015,23,25921.58,1023.0,8694.0,14347.608575342465,2920.9728514687226,8652.998573188814,1.203586042658611
2015-06-03,Wednesday,6,2,2015,23,14143.99,564.0,4731.0,14352.30416438356,1186.3738551349247,-1394.6880195184854,1.0826608634785633
2015-06-04,Thursday,6,2,2015,23,18342.23,712.0,6364.0,14337.436027397262,1856.7880450069074,2148.0059275958306,1.1295062828150577
2015-06-05,Friday,6,2,2015,23,13218.47,503.0,4408.0,14339.280301369861,2043.353562923472,-3164.163864293334,1.1425004267981473
2015-06-06,Saturday,6,2,2015,23,21137.65,732.0,6671.0,14370.953671232875,1605.2644157868388,5161.431912980287,1.1117020103544126
2015-06-07,Sunday,6,2,2015,23,0.0,0.0,0.0,14323.16304109589,-12235.694199046999,-2087.468842048891,0.1457407722064983
2015-06-08,Monday,6,2,2015,24,32165.16,1217.0,11270.0,14369.466438356165,2629.13492859553,15166.558633048306,1.1829667747145869
2015-06-09,Tuesday,6,2,2015,24,20898.9,759.0,7011.0,14382.683369863013,2928.113590082225,3588.103040054764,1.203586042658611
2015-06-10,Wednesday,6,2,2015,24,13452.02,546.0,4612.0,14351.325780821919,1186.2929811049062,-2085.5987619268244,1.0826608634785633
2015-06-11,Thursday,6,2,2015,24,24718.0,820.0,7203.0,14369.798383561641,1860.9791734568932,8487.222442981465,1.1295062828150577
2015-06-12,Friday,6,2,2015,24,20675.49,788.0,6993.0,14371.318328767124,2047.9189955013526,4256.252675731525,1.1425004267981473
2015-06-13,Saturday,6,2,2015,24,23458.94,752.0,6828.0,14347.607616438358,1602.6566145324468,7508.675769029194,1.1117020103544126
2015-06-14,Sunday,6,2,2015,24,0.0,0.0,0.0,14315.365890410958,-12229.033411123899,-2086.332479287059,0.1457407722064983
2015-06-15,Monday,6,2,2015,25,13091.39,533.0,4906.0,14375.990383561644,2630.328593808191,-3914.9289773698356,1.1829667747145869
2015-06-16,Tuesday,6,2,2015,25,18442.97,697.0,6295.0,14373.894438356163,2926.324286297548,1142.7512753462902,1.203586042658611
2015-06-17,Wednesday,6,2,2015,25,24457.58,873.0,8072.0,14354.355808219178,1186.5434457859271,8916.680745994898,1.0826608634785633
2015-06-18,Thursday,6,2,2015,25,17940.05,674.0,6038.0,14310.813342465754,1853.3402400428713,1775.8964174913745,1.1295062828150577
2015-06-19,Friday,6,2,2015,25,15828.92,576.0,5331.0,14316.788383561643,2040.148455036292,-528.016838597935,1.1425004267981473
2015-06-20,Saturday,6,2,2015,25,22910.31,831.0,7731.0,14312.75498630137,1598.7635056800066,6998.791508018625,1.1117020103544126
2015-06-21,Sunday,6,2,2015,25,0.0,0.0,0.0,14241.321369863013,-12165.780196178272,-2075.541173684742,0.1457407722064983
2015-06-22,Monday,6,2,2015,26,24459.4,912.0,8460.0,14300.877479452052,2616.585428003813,7541.937092544136,1.1829667747145869
2015-06-23,Tuesday,6,2,2015,26,25291.65,929.0,8848.0,14320.979589041099,2915.551561527617,8055.1188494312855,1.203586042658611
2015-06-24,Wednesday,6,2,2015,26,16548.34,555.0,5547.0,14311.692684931508,1183.016875176276,1053.6304398922164,1.0826608634785633
2015-06-25,Thursday,6,2,2015,26,17068.86,685.0,6323.0,14304.836301369864,1852.5661756683098,911.4575229618272,1.1295062828150577
2015-06-26,Friday,6,2,2015,26,22473.11,722.0,6406.0,14270.056383561645,2033.4891250911614,6169.564491347194,1.1425004267981473
2015-06-27,Saturday,6,2,2015,26,25250.12,972.0,8558.0,14245.586739726028,1591.2606775055601,9413.272582768412,1.1117020103544126
2015-06-28,Sunday,6,2,2015,26,0.0,0.0,0.0,14205.692438356162,-12135.343852662121,-2070.3485856940406,0.1457407722064983
2015-06-29,Monday,6,2,2015,27,14793.11,650.0,5756.0,14273.690301369863,2611.6110777165236,-2092.191379086386,1.1829667747145869
2015-06-30,Tuesday,6,2,2015,27,25318.08,927.0,8436.0,14291.6801369863,2909.5866020317153,8116.813260981986,1.203586042658611
2015-07-01,Wednesday,7,3,2015,27,16383.44,646.0,5882.0,14286.791150684932,1180.958492853513,915.6903564615552,1.0826608634785633
2015-07-02,Thursday,7,3,2015,27,16154.72,556.0,5099.0,14289.244164383563,1850.5468959660707,14.928939650365919,1.1295062828150577
2015-07-03,Friday,7,3,2015,27,12654.89,492.0,4616.0,14272.981593406594,2033.9059687425406,-3651.997562149135,1.1425004267981473
2015-07-04,Saturday,7,3,2015,27,14655.71,497.0,4262.0,14261.682341597798,1593.0585885925009,-1199.0309301902996,1.1117020103544126
2015-07-05,Sunday,7,3,2015,27,0.0,0.0,0.0,14223.674723756905,-12150.705385902524,-2072.9693378543816,0.1457407722064983
2015-07-06,Monday,7,3,2015,28,17038.25,431.0,3582.0,14263.075484764542,2609.668918958061,165.50559627739676,1.1829667747145869
2015-07-07,Tuesday,7,3,2015,28,18736.85,584.0,5386.0,14245.224361111112,2900.12885446265,1591.496784426237,1.203586042658611
2015-07-08,Wednesday,7,3,2015,28,23171.73,776.0,7366.0,14227.805236768803,1176.0826662761338,7767.8420969550625,1.0826608634785633
2015-07-09,Thursday,7,3,2015,28,15667.57,510.0,4620.0,14209.468324022348,1840.2154234224424,-382.1137474447903,1.1295062828150577
2015-07-10,Friday,7,3,2015,28,17212.93,567.0,5149.0,14217.204201680674,2025.9576666159096,969.7681317034171,1.1425004267981473
2015-07-11,Saturday,7,3,2015,28,15966.01,597.0,5687.0,14228.47289325843,1589.3490264502325,148.18808029133834,1.1117020103544126
2015-07-12,Sunday,7,3,2015,28,0.0,0.0,0.0,14222.273661971833,-12149.508515943915,-2072.7651460279176,0.1457407722064983
2015-07-13,Monday,7,3,2015,29,15073.17,541.0,4887.0,14262.449576271187,2609.5543984997653,-1798.833974770952,1.1829667747145869
2015-07-14,Tuesday,7,3,2015,29,22036.93,782.0,6847.0,14244.468923512748,2899.975057911524,4892.486018575728,1.203586042658611
2015-07-15,Wednesday,7,3,2015,29,15069.2,634.0,5341.0,14250.18409090909,1177.9325216830305,-358.91661259211946,1.0826608634785633
2015-07-16,Thursday,7,3,2015,29,8182.44,305.0,2779.0,14261.876381766382,1847.0025961704291,-7926.438977936812,1.1295062828150577
2015-07-17,Friday,7,3,2015,29,14199.19,591.0,4984.0,14255.923314285716,2031.4751566873736,-2088.208470973089,1.1425004267981473
2015-07-18,Saturday,7,3,2015,29,15276.75,645.0,5229.0,14255.166676217765,1592.3307756707545,-570.7474518885192,1.1117020103544126
2015-07-19,Sunday,7,3,2015,29,0.0,0.0,0.0,14258.836752873565,-12180.742873743373,-2078.0938791301924,0.1457407722064983
2015-07-20,Monday,7,3,2015,30,24982.97,903.0,8058.0,14299.928501440923,2616.4117965578416,8066.629702001236,1.1829667747145869
2015-07-21,Tuesday,7,3,2015,30,16424.54,506.0,4600.0,14303.411011560693,2911.97484436324,-790.845855923932,1.203586042658611
2015-07-22,Wednesday,7,3,2015,30,14614.52,607.0,5552.0,14294.886695652174,1181.6276775908348,-861.9943732430086,1.0826608634785633
2015-07-23,Thursday,7,3,2015,30,19922.99,765.0,6926.0,14297.283430232557,1851.588031402736,3774.118538364708,1.1295062828150577
2015-07-24,Friday,7,3,2015,30,18835.58,767.0,7113.0,14269.596297376094,2033.4235626133564,2532.560140010551,1.1425004267981473
2015-07-25,Saturday,7,3,2015,30,16022.85,533.0,4819.0,14266.885350877194,1593.6397751889021,162.32487393390466,1.1117020103544126
2015-07-26,Sunday,7,3,2015,30,0.0,0.0,0.0,14268.277712609972,-12188.807900717426,-2079.469811892546,0.1457407722064983
2015-07-27,Monday,7,3,2015,31,8087.36,378.0,3197.0,14310.243235294118,2618.299050143,-8841.182285437118,1.1829667747145869
2015-07-28,Tuesday,7,3,2015,31,20587.63,678.0,6082.0,14321.554129793512,2915.6685300057475,3350.407340200741,1.203586042658611
2015-07-29,Wednesday,7,3,2015,31,23768.13,833.0,7648.0,14307.155236686389,1182.6418057863452,8278.332957527267,1.0826608634785633
2015-07-30,Thursday,7,3,2015,31,19599.04,670.0,6141.0,14298.324866468844,1851.7229039384863,3448.992229592671,1.1295062828150577
2015-07-31,Friday,7,3,2015,31,11162.76,383.0,3429.0,14280.060119047619,2034.9146616674884,-5152.214780715107,1.1425004267981473
2015-08-01,Saturday,8,3,2015,31,14525.66,591.0,5027.0,14285.316865671643,1595.6986124453192,-1355.3554781169619,1.1117020103544126
2015-08-02,Sunday,8,3,2015,31,0.0,0.0,0.0,14284.728353293414,-12202.86101232437,-2081.8673409690437,0.1457407722064983
2015-08-03,Monday,8,3,2015,32,12857.77,534.0,4659.0,14327.625435435437,2621.4794152403006,-4091.334850675737,1.1829667747145869
2015-08-04,Tuesday,8,3,2015,32,19550.11,700.0,6257.0,14338.3996686747,2919.09804660302,2292.612284722281,1.203586042658611
2015-08-05,Wednesday,8,3,2015,32,17231.92,625.0,5683.0,14348.43752265861,1186.0542351911781,1697.4282421502094,1.0826608634785633
2015-08-06,Thursday,8,3,2015,32,23063.48,861.0,7582.0,14343.887121212121,1857.623502186961,6861.969376600917,1.1295062828150577
2015-08-07,Friday,8,3,2015,32,13583.26,475.0,4315.0,14362.080425531914,2046.6025903476154,-2825.42301587953,1.1425004267981473
2015-08-08,Saturday,8,3,2015,32,20370.42,828.0,7487.0,14380.231280487806,1606.3007433918972,4383.887976120295,1.1117020103544126
2015-08-09,Sunday,8,3,2015,32,0.0,0.0,0.0,14372.569877675842,-12277.900445111509,-2094.669432564333,0.1457407722064983
2015-08-10,Monday,8,3,2015,33,21707.41,833.0,7947.0,14416.657515337425,2637.7693277460985,4652.983156916476,1.1829667747145869
2015-08-11,Tuesday,8,3,2015,33,25070.42,895.0,7841.0,14395.719015384615,2930.7674655674687,7743.933519047914,1.203586042658611
2015-08-12,Wednesday,8,3,2015,33,23723.58,784.0,7530.0,14360.699845679012,1187.0678494002975,8175.812304920692,1.0826608634785633
2015-08-13,Thursday,8,3,2015,33,11659.15,453.0,4065.0,14346.380278637771,1857.9463817376297,-4545.176660375401,1.1295062828150577
2015-08-14,Friday,8,3,2015,33,13743.98,487.0,4579.0,14333.017204968944,2042.4610690132636,-2631.4982739822085,1.1425004267981473
2015-08-15,Saturday,8,3,2015,33,19217.42,651.0,6092.0,14315.352398753894,1599.053641872673,3303.013959373431,1.1117020103544126
2015-08-16,Sunday,8,3,2015,33,0.0,0.0,0.0,14313.43471875,-12227.383689912072,-2086.0510288379282,0.1457407722064983
2015-08-17,Monday,8,3,2015,34,14889.81,569.0,4964.0,14358.304420062697,2627.0926501090685,-2095.5870701717663,1.1829667747145869
2015-08-18,Tuesday,8,3,2015,34,25184.41,882.0,8122.0,14371.24141509434,2925.784167790592,7887.384417115067,1.203586042658611
2015-08-19,Wednesday,8,3,2015,34,10411.71,451.0,3847.0,14369.25003154574,1187.7746151469435,-5145.314646692685,1.0826608634785633
2015-08-20,Thursday,8,3,2015,34,17542.03,682.0,6120.0,14380.572120253164,1862.3744400478404,1299.0834396989944,1.1295062828150577
2015-08-21,Friday,8,3,2015,34,17817.66,545.0,5182.0,14384.30434920635,2049.7695089563517,1383.5861418372983,1.1425004267981473
2015-08-22,Saturday,8,3,2015,34,8500.03,321.0,3029.0,14374.462484076432,1605.6563572354214,-7480.088841311853,1.1117020103544126
2015-08-23,Sunday,8,3,2015,34,0.0,0.0,0.0,14387.554664536743,-12290.701337563953,-2096.8533269727905,0.1457407722064983
2015-08-24,Monday,8,3,2015,35,19038.68,717.0,6250.0,14433.668621794874,2640.8817950289445,1964.1295831761822,1.1829667747145869
2015-08-25,Tuesday,8,3,2015,35,16916.69,593.0,5647.0,14443.85344051447,2940.5669626953027,-467.73040320977316,1.203586042658611
2015-08-26,Wednesday,8,3,2015,35,14792.78,526.0,4715.0,14443.040387096777,1193.8741896531824,-844.1345767499583,1.0826608634785633
2015-08-27,Thursday,8,3,2015,35,12272.38,466.0,4081.0,14462.353980582524,1872.9657047807962,-4062.9396853633207,1.1295062828150577
2015-08-28,Friday,8,3,2015,35,28783.84,1050.0,9283.0,14475.988798701299,2062.8345821401354,12245.016619158567,1.1425004267981473
2015-08-29,Saturday,8,3,2015,35,20381.2,700.0,6379.0,14463.760944625408,1615.6311748002963,4301.807880574296,1.1117020103544126
2015-08-30,Sunday,8,3,2015,35,0.0,0.0,0.0,14457.020816993465,-12350.043439319417,-2106.9773776740476,0.1457407722064983
2015-08-31,Monday,8,3,2015,36,18035.63,682.0,6136.0,14504.420885245901,2653.827108476336,877.3820062777636,1.1829667747145869
2015-09-01,Tuesday,9,3,2015,36,12195.82,461.0,4196.0,14502.56052631579,2952.518905969613,-5259.259432285404,1.203586042658611
2015-09-02,Wednesday,9,3,2015,36,20307.0,796.0,7217.0,14508.786105610563,1199.3087875155504,4598.905106873886,1.0826608634785633
2015-09-03,Thursday,9,3,2015,36,16867.0,550.0,4959.0,14499.589271523178,1877.7879089000573,489.6228195767642,1.1295062828150577
2015-09-04,Friday,9,3,2015,36,25018.41,854.0,8157.0,14511.80408637874,2067.938275920069,8438.667637701192,1.1425004267981473
2015-09-05,Saturday,9,3,2015,36,16143.56,415.0,3797.0,14520.791300000003,1622.001580146865,0.7671198531318169,1.1117020103544126
2015-09-06,Sunday,9,3,2015,36,0.0,0.0,0.0,14534.161605351172,-12415.941669613254,-2118.2199357379177,0.1457407722064983
2015-09-07,Monday,9,3,2015,37,16444.46,596.0,5715.0,14582.933959731545,2668.1923924879,-806.6663522194458,1.1829667747145869
2015-09-08,Tuesday,9,3,2015,37,13891.49,558.0,5107.0,14609.73781144781,2974.338705312535,-3692.5865167603456,1.203586042658611
2015-09-09,Wednesday,9,3,2015,37,15120.22,532.0,4659.0,14598.17260135135,1206.697552436807,-684.6501537881584,1.0826608634785633
2015-09-10,Thursday,9,3,2015,37,17579.63,634.0,6007.0,14599.299694915255,1890.7010351914807,1089.6292698932655,1.1295062828150577
2015-09-11,Friday,9,3,2015,37,12138.71,461.0,4502.0,14601.097789115645,2080.662666670465,-4543.050455786111,1.1425004267981473
2015-09-12,Saturday,9,3,2015,37,26635.48,593.0,5470.0,14629.428771331057,1634.1366040943637,10371.91462457458,1.1117020103544126
2015-09-13,Sunday,9,3,2015,37,0.0,0.0,0.0,14653.779897260276,-12518.126699289502,-2135.6531979707743,0.1457407722064983
2015-09-14,Monday,9,3,2015,38,13695.09,519.0,4752.0,14704.136529209623,2690.368435712425,-3699.414964922048,1.1829667747145869
2015-09-15,Tuesday,9,3,2015,38,19589.45,724.0,6756.0,14725.197379310346,2997.8446618207417,1866.4079588689128,1.203586042658611
2015-09-16,Wednesday,9,3,2015,38,7913.41,279.0,2395.0,14708.782283737024,1215.8406442918963,-8011.212928028921,1.0826608634785633
2015-09-17,Thursday,9,3,2015,38,8582.64,324.0,3015.0,14744.872395833334,1909.5536145667295,-8071.786010400064,1.1295062828150577
2015-09-18,Friday,9,3,2015,38,14819.71,523.0,4929.0,14760.724982578398,2103.4096098674977,-2044.424592445897,1.1425004267981473
2015-09-19,Saturday,9,3,2015,38,8964.48,346.0,3269.0,14789.76160839161,1652.0461043198538,-7477.327712711463,1.1117020103544126
2015-09-20,Sunday,9,3,2015,38,0.0,0.0,0.0,14789.572736842107,-12634.128985570564,-2155.443751271543,0.1457407722064983
2015-09-21,Monday,9,3,2015,39,19362.73,746.0,6428.0,14841.6486971831,2715.5285935705424,1805.5527092463572,1.1829667747145869
2015-09-22,Tuesday,9,3,2015,39,15696.66,543.0,4953.0,14838.338939929328,3020.8787044073797,-2162.557644336708,1.203586042658611
2015-09-23,Wednesday,9,3,2015,39,19984.54,737.0,6936.0,14846.37230496454,1227.2139542525965,3910.9537407828648,1.0826608634785633
2015-09-24,Thursday,9,3,2015,39,12104.77,468.0,4417.0,14846.273914590747,1922.6857483328033,-4664.18966292355,1.1295062828150577
2015-09-25,Friday,9,3,2015,39,10678.28,387.0,3823.0,14847.023321428573,2115.7071599856185,-6284.450481414191,1.1425004267981473
2015-09-26,Saturday,9,3,2015,39,13959.64,479.0,4320.0,14878.742078853047,1661.985401752678,-2581.0874806057254,1.1117020103544126
2015-09-27,Sunday,9,3,2015,39,0.0,0.0,0.0,14886.548381294964,-12716.97132471564,-2169.5770565793246,0.1457407722064983
2015-09-28,Monday,9,3,2015,40,9421.8,316.0,3058.0,14940.290433212997,2733.57675386418,-8252.067187077177,1.1829667747145869
2015-09-29,Tuesday,9,3,2015,40,16863.24,622.0,5600.0,14962.588369565217,3046.17415408954,-1145.5225236547558,1.203586042658611
2015-09-30,Wednesday,9,3,2015,40,11112.25,375.0,3409.0,14977.445454545454,1238.0485739758099,-5103.244028521263,1.0826608634785633
2015-10-01,Thursday,10,4,2015,40,14706.45,580.0,5187.0,14962.66193430657,1937.7587281304052,-2193.9706624369746,1.1295062828150577
2015-10-02,Friday,10,4,2015,40,21501.7,770.0,6668.0,14933.729047619048,2128.0627629736045,4439.908189407348,1.1425004267981473
2015-10-03,Saturday,10,4,2015,40,15933.9,461.0,4497.0,14939.112279411765,1668.7288745205858,-673.9411539323517,1.1117020103544126
2015-10-04,Sunday,10,4,2015,40,0.0,0.0,0.0,14920.738708487084,-12746.178727220788,-2174.5599812662967,0.1457407722064983
2015-10-05,Monday,10,4,2015,41,18825.72,634.0,5826.0,14976.000703703703,2740.11054688005,1109.608749416248,1.1829667747145869
2015-10-06,Tuesday,10,4,2015,41,15269.05,529.0,4799.0,15006.050817843867,3055.0225019388445,-2792.023319782712,1.203586042658611
2015-10-07,Wednesday,10,4,2015,41,20498.2,524.0,4946.0,15016.236940298508,1241.2551116837735,4240.70794801772,1.0826608634785633
2015-10-08,Thursday,10,4,2015,41,17932.77,699.0,6350.0,14996.974082397004,1942.202366884997,993.5935507179993,1.1295062828150577
2015-10-09,Friday,10,4,2015,41,17833.35,593.0,5378.0,14997.578721804512,2137.161368795956,698.6099093995308,1.1425004267981473
2015-10-10,Saturday,10,4,2015,41,19971.92,652.0,6286.0,15020.925471698114,1677.8675725724831,3273.126955729401,1.1117020103544126
2015-10-11,Sunday,10,4,2015,41,0.0,0.0,0.0,15029.40553030303,-12839.008362512051,-2190.3971677909794,0.1457407722064983
2015-10-12,Monday,10,4,2015,42,16010.24,521.0,5062.0,15086.551558935362,2760.337680303726,-1836.6492392390878,1.1829667747145869
2015-10-13,Tuesday,10,4,2015,42,15509.42,535.0,5320.0,15122.339770992367,3078.6973097152604,-2691.617080707627,1.203586042658611
2015-10-14,Wednesday,10,4,2015,42,12381.47,434.0,4095.0,15110.149655172414,1249.0180177868667,-3977.6976729592816,1.0826608634785633
2015-10-15,Thursday,10,4,2015,42,12935.52,476.0,3969.0,15100.020230769233,1955.5474905190933,-4120.047721288325,1.1295062828150577
2015-10-16,Friday,10,4,2015,42,13100.01,502.0,4449.0,15062.798957528958,2146.4552802225653,-4109.244237751523,1.1425004267981473
2015-10-17,Saturday,10,4,2015,42,9773.34,363.0,3406.0,15052.827054263567,1681.4310434785316,-6960.918097742098,1.1117020103544126
2015-10-18,Sunday,10,4,2015,42,0.0,0.0,0.0,15036.346770428016,-12844.93798094115,-2191.408789486866,0.1457407722064983
2015-10-19,Monday,10,4,2015,43,33121.47,1029.0,10210.0,15095.0825,2761.8985590756033,15264.488940924397,1.1829667747145869
2015-10-20,Tuesday,10,4,2015,43,11070.14,456.0,4404.0,15115.103098039215,3077.2240241067134,-7122.18712214593,1.203586042658611
2015-10-21,Wednesday,10,4,2015,43,16334.27,608.0,5266.0,15136.412637795276,1251.1889386079952,-53.3315764032709,1.0826608634785633
2015-10-22,Thursday,10,4,2015,43,9969.04,460.0,3777.0,15121.811067193677,1958.369540743854,-7111.14060793753,1.1295062828150577
2015-10-23,Friday,10,4,2015,43,12538.66,468.0,4291.0,15097.408849206351,2151.3872045580315,-4710.136053764383,1.1425004267981473
2015-10-24,Saturday,10,4,2015,43,12874.55,473.0,4157.0,15107.056772908367,1687.4886120721098,-3919.9953849804774,1.1117020103544126
2015-10-25,Sunday,10,4,2015,43,0.0,0.0,0.0,15096.46464,-12896.294225778303,-2200.170414221697,0.1457407722064983
2015-10-26,Monday,10,4,2015,44,13665.69,479.0,4177.0,15157.093012048193,2773.244422463461,-4264.647434511654,1.1829667747145869
2015-10-27,Tuesday,10,4,2015,44,15361.82,547.0,4808.0,15174.12302419355,3089.239657310478,-2901.542681504028,1.203586042658611
2015-10-28,Wednesday,10,4,2015,44,13501.48,521.0,4514.0,15172.06890688259,1254.1363165991766,-2924.7252234817674,1.0826608634785633
2015-10-29,Thursday,10,4,2015,44,14567.42,572.0,4986.0,15125.328252032521,1958.8250382783062,-2516.733290310827,1.1295062828150577
2015-10-30,Friday,10,4,2015,44,15296.87,571.0,5231.0,15104.569469387756,2152.407595990021,-1960.107065377776,1.1425004267981473
2015-10-31,Saturday,10,4,2015,44,10226.09,383.0,3428.0,15108.02381147541,1687.5966322241388,-6569.530443699548,1.1117020103544126
2015-11-01,Sunday,11,4,2015,44,0.0,0.0,0.0,15070.966666666669,-12874.512346768273,-2196.4543198983956,0.1457407722064983
2015-11-02,Monday,11,4,2015,45,14347.88,547.0,4982.0,15133.243388429753,2768.8807337518383,-3554.2441221815925,1.1829667747145869
2015-11-03,Tuesday,11,4,2015,45,21169.32,809.0,7282.0,15112.106348547719,3076.6139277369007,2980.59972371538,1.203586042658611
2015-11-04,Wednesday,11,4,2015,45,15198.22,586.0,5155.0,15106.501208333333,1248.7164340207928,-1156.9976423541266,1.0826608634785633
2015-11-05,Thursday,11,4,2015,45,19420.37,709.0,6655.0,15093.09171548117,1954.650204258709,2372.6280802601195,1.1295062828150577
2015-11-06,Friday,11,4,2015,45,19014.7,630.0,5831.0,15114.746722689077,2153.8578589290923,1746.0954183818317,1.1425004267981473
2015-11-07,Saturday,11,4,2015,45,13774.66,537.0,4919.0,15089.015316455698,1685.473345116625,-2999.8286615723227,1.1117020103544126
2015-11-08,Sunday,11,4,2015,45,0.0,0.0,0.0,15058.04940677966,-12863.47765831199,-2194.5717484676716,0.1457407722064983
2015-11-09,Monday,11,4,2015,46,21218.66,654.0,6066.0,15122.126212765957,2766.846659976698,3329.6871272573444,1.1829667747145869
2015-11-10,Tuesday,11,4,2015,46,18644.72,771.0,6824.0,15111.238632478633,3076.4372728562444,457.0440946651238,1.203586042658611
2015-11-11,Wednesday,11,4,2015,46,16174.48,500.0,4405.0,15095.534248927039,1247.8098956865342,-168.86414461357344,1.0826608634785633
2015-11-12,Thursday,11,4,2015,46,22325.0,854.0,7541.0,15078.339956896552,1952.7397588394301,5293.920284264017,1.1295062828150577
2015-11-13,Friday,11,4,2015,46,14023.83,572.0,5249.0,15056.27051948052,2145.5249750143375,-3177.965494494858,1.1425004267981473
2015-11-14,Saturday,11,4,2015,46,26414.48,1003.0,9199.0,15011.49643478261,1676.8143301933153,9726.169235024074,1.1117020103544126
2015-11-15,Sunday,11,4,2015,46,0.0,0.0,0.0,15002.625283842795,-12816.13108985081,-2186.4941939919845,0.1457407722064983
2015-11-16,Monday,11,4,2015,47,20183.05,767.0,7004.0,15068.426271929824,2757.0213549995465,2357.602373070629,1.1829667747145869
2015-11-17,Tuesday,11,4,2015,47,26745.3,856.0,7672.0,15056.11,3065.2138527327384,8623.97614726726,1.203586042658611
2015-11-18,Wednesday,11,4,2015,47,18259.02,718.0,6461.0,15083.404203539823,1246.8072156607927,1928.8085807993843,1.0826608634785633
2015-11-19,Thursday,11,4,2015,47,18942.86,694.0,5867.0,15044.872533333335,1948.4055172183607,1949.5819494483048,1.1295062828150577
2015-11-20,Friday,11,4,2015,47,18031.87,684.0,6099.0,15056.911607142858,2145.616330279836,829.3420625773051,1.1425004267981473
2015-11-21,Saturday,11,4,2015,47,25243.54,865.0,8152.0,15049.704708520181,1681.0822711819737,8512.753020297845,1.1117020103544126
2015-11-22,Sunday,11,4,2015,47,0.0,0.0,0.0,15030.752792792793,-12840.15927392619,-2190.5935188666026,0.1457407722064983
2015-11-23,Monday,11,4,2015,48,14078.41,538.0,4631.0,15098.765248868778,2762.5723797582073,-3782.9276286269856,1.1829667747145869
2015-11-24,Tuesday,11,4,2015,48,20589.16,637.0,6028.0,15056.199818181818,3065.2321384609336,2467.728043357248,1.203586042658611
2015-11-25,Wednesday,11,4,2015,48,18625.72,580.0,5455.0,15053.036849315069,1244.2970239390152,2328.386126745917,1.0826608634785633
2015-11-26,Thursday,11,4,2015,48,11274.14,464.0,4327.0,15066.147201834863,1951.1607204541162,-5743.16792228898,1.1295062828150577
2015-11-27,Friday,11,4,2015,48,16963.27,636.0,5485.0,15061.060875576037,2146.207602802464,-243.9984783785003,1.1425004267981473
2015-11-28,Saturday,11,4,2015,48,18597.47,714.0,6305.0,15063.97263888889,1682.6760276877553,1850.8213334233556,1.1117020103544126
2015-11-29,Sunday,11,4,2015,48,0.0,0.0,0.0,15097.837674418604,-12897.467153100475,-2200.3705213181292,0.1457407722064983
2015-11-30,Monday,11,4,2015,49,12559.32,502.0,4402.0,15168.38831775701,2775.3110881184184,-5384.379405875428,1.1829667747145869
2015-12-01,Tuesday,12,4,2015,49,16230.87,570.0,5287.0,15140.548826291082,3082.4044192240776,-1992.083245515159,1.203586042658611
2015-12-02,Wednesday,12,4,2015,49,24440.55,863.0,8199.0,15089.694905660379,1247.3272105299643,8103.5278838096565,1.0826608634785633
2015-12-03,Thursday,12,4,2015,49,14098.55,545.0,5297.0,15094.17691943128,1954.790744988384,-2950.417664419665,1.1295062828150577
2015-12-04,Friday,12,4,2015,49,24579.45,756.0,7204.0,15078.710000000001,2148.7226105654922,7352.017389434508,1.1425004267981473
2015-12-05,Saturday,12,4,2015,49,27894.64,1100.0,10184.0,15087.610669856462,1685.3164432676529,11121.712886875885,1.1117020103544126
2015-12-06,Sunday,12,4,2015,49,0.0,0.0,0.0,15058.523942307693,-12863.883034665727,-2194.640907641966,0.1457407722064983
2015-12-07,Monday,12,4,2015,50,16900.74,732.0,6374.0,15131.27043478261,2768.519748786359,-999.0501835689665,1.1829667747145869
2015-12-08,Tuesday,12,4,2015,50,20541.2,758.0,6891.0,15048.58165048544,3063.681185847318,2428.9371636672436,1.203586042658611
2015-12-09,Wednesday,12,4,2015,50,15144.73,582.0,4612.0,15020.043512195121,1241.569766203641,-1116.8832783987627,1.0826608634785633
2015-12-10,Thursday,12,4,2015,50,23123.94,825.0,7746.0,15027.729901960785,1946.185438751633,6150.02465928758,1.1295062828150577
2015-12-11,Friday,12,4,2015,50,12528.27,517.0,4495.0,14979.99458128079,2134.655621266447,-4586.380202547236,1.1425004267981473
2015-12-12,Saturday,12,4,2015,50,19535.55,669.0,6002.0,14951.799059405941,1670.1460133508594,2913.6049272431987,1.1117020103544126
2015-12-13,Sunday,12,4,2015,50,0.0,0.0,0.0,14909.47497512438,-12736.55657905629,-2172.9183960680894,0.1457407722064983
2015-12-14,Monday,12,4,2015,51,22127.94,874.0,7606.0,14984.022350000001,2741.578241630785,4402.339408369213,1.1829667747145869
2015-12-15,Tuesday,12,4,2015,51,13889.09,558.0,4841.0,14993.533065326634,3052.4740622408813,-4156.917127567514,1.203586042658611
2015-12-16,Wednesday,12,4,2015,51,14887.84,609.0,5228.0,14976.111666666668,1237.938321918052,-1326.2099885847194,1.0826608634785633
2015-12-17,Thursday,12,4,2015,51,16600.73,691.0,6022.0,14927.982385786803,1933.2675087119057,-260.5198944987094,1.1295062828150577
2015-12-18,Friday,12,4,2015,51,23040.15,906.0,8185.0,14912.614693877551,2125.0539585538745,6002.481347568576,1.1425004267981473
2015-12-19,Saturday,12,4,2015,51,20781.66,752.0,6385.0,14907.915692307693,1665.2441530248645,4208.500154667442,1.1117020103544126
2015-12-20,Sunday,12,4,2015,51,0.0,0.0,0.0,14866.666237113403,-12699.98681958022,-2166.6794175331834,0.1457407722064983
2015-12-21,Monday,12,4,2015,52,21737.98,768.0,6990.0,14943.695595854922,2734.199785490152,4060.084618654925,1.1829667747145869
2015-12-22,Tuesday,12,4,2015,52,27903.46,1009.0,9806.0,14894.134635416667,3032.237929249032,9977.0874353343,1.203586042658611
2015-12-23,Wednesday,12,4,2015,52,16987.93,709.0,6281.0,14839.697382198954,1226.6621993731405,921.5704184279057,1.0826608634785633
2015-12-24,Thursday,12,4,2015,52,16252.23,640.0,5563.0,14830.70452631579,1920.6694147316093,-499.1439410474004,1.1295062828150577
2015-12-25,Friday,12,4,2015,52,14021.4,569.0,5012.0,14818.862433862434,2111.6942214884293,-2909.1566553508637,1.1425004267981473
2015-12-26,Saturday,12,4,2015,52,15758.43,573.0,5114.0,14778.14835106383,1650.7488801295779,-670.4672311934075,1.1117020103544126
2015-12-27,Sunday,12,4,2015,52,0.0,0.0,0.0,14722.148502673797,-12576.531211355375,-2145.617291318422,0.1457407722064983
2015-12-28,Monday,12,4,2015,53,24819.22,910.0,8324.0,14801.299838709678,2708.1460930722446,7309.774068218079,1.1829667747145869
2015-12-29,Tuesday,12,4,2015,53,23729.02,953.0,8210.0,14801.34410810811,3013.347072998077,5914.328818893815,1.203586042658611
2015-12-30,Wednesday,12,4,2015,53,16854.41,624.0,5371.0,14744.187934782609,1218.767305979345,891.4547592380459,1.0826608634785633
2015-12-31,Thursday,12,4,2015,53,18540.54,725.0,6522.0,14735.230273224044,1908.3048991091532,1897.0048276668035,1.1295062828150577
